,Depot,70017437,70017459,70017470,70017496,70017505,70017539,70017600,70018486,70019302,70019304,70019305,70019306,70019307,70019313,70019315,70019322,70019327,70019328,70019375,70019381,70019384,70019391,70019392,70019395,70019399,70019407,70019410,70019414,70019420,70019425,70019426,70019429,70019455,70019459,70019470,70019475,70019476,70019480,70019482,70019495,70019508,70019519,70019525,70019527,70019529,70019539,70019549,70019554,70019576,70029285,70029798,70030492,70030496,70030499,70030840,70031292,70033204,70033231,70034005,70042197,70042874,70043035,70043250,70043420,70081032,70081671,70082414,70083097,70083842,70084418,70084927,70084983,70126798,70130197,70130674,70130675,70132480,70132663,70132664,70132665,70133553,70133556,70137842,70138438,70152945,70155195,70155196,70155782,70157031,70224396,70224398,70225154,70225158,70238808,70238985,70246377,70248476,70248511,70286191,70286419,70288587,70337217,70337656,70337705,70343296,70343297,70343299,70347238,70351585,70351598,70361410,70362005,70362055,70373907,70374983,70375866,70382544,70382797,70390789,70390799,70391025,70391033,70395155,70396487,70396492,70398370,70398392,70398393,70400253,70401488,70405783,70405785,70408272,70408277,70408280,70412170,70419671,70422303,70423734,70423736,70428043,70430210,70430246,70433907,70435202,70450886,70464173,70464520,70464553,70465560,70484079,70490239,70490240,70494781,70494784,70494785,70494786,70494788,70494791,70521396,70521405,70525152,70535012,70544149,70548634,70574708,70584255,70587572
Depot,0.0,40053.9,31890.4,34030.3,33797.2,32302.3,38988.5,45799.9,43003.4,30232.2,59799.4,59801.9,24558.2,16064.7,48244.7,34248.5,46008.9,56750.0,27074.0,46088.6,48829.3,36208.1,35746.4,33171.0,31420.3,20871.4,17861.6,45866.1,32140.4,25890.1,40723.6,41549.9,26493.6,18044.8,28393.3,41745.8,39580.6,48697.9,42580.2,48644.7,40493.1,34364.4,41133.8,43553.3,15916.3,56889.3,55103.4,41171.6,49662.3,48090.7,25847.9,57443.5,45448.0,35677.1,61396.4,47467.5,29575.5,24707.6,38133.1,26530.5,42412.9,21555.0,16341.8,32755.9,35053.5,27585.6,40569.9,29186.2,37090.3,31920.7,40792.8,39189.3,41525.0,38465.1,30786.5,44700.8,35387.4,37302.7,54110.8,27824.4,49298.8,32972.8,46106.5,24123.2,44988.1,31554.0,16206.2,23884.4,29485.6,44648.5,40814.9,40550.9,23218.0,31527.0,24638.6,37828.7,40865.7,66448.4,33023.5,47032.8,46090.3,46064.2,49969.2,45805.5,45373.9,34561.9,28129.2,47870.2,42452.7,45406.8,31464.9,39416.5,50841.0,39929.0,35396.3,47075.2,48944.4,41860.8,32572.2,19805.9,36345.7,16328.4,52789.5,33553.5,47662.5,46631.7,37126.2,38251.2,51304.4,33444.8,32253.4,53599.3,29131.2,50339.2,48255.3,34636.9,47205.5,16334.7,49753.2,30633.5,32719.9,27569.9,30406.4,29183.1,29602.0,31556.2,61250.1,30636.1,33911.1,54885.4,39771.1,48250.6,26379.7,34631.9,51992.4,51362.1,41042.4,39330.4,51479.1,36571.1,56498.6,24148.0,44797.2,34700.0,25834.0,44620.2,31746.1,32461.2,38470.2
70017437,40244.0,0.0,9942.5,9609.8,12057.7,9866.2,4937.7,8849.1,5000.9,25693.6,19303.2,19305.7,52624.7,25915.3,8449.5,6314.2,9058.0,16253.9,18680.8,9137.7,10994.2,4802.6,3675.6,9715.4,10985.5,42722.5,33525.1,8915.2,12344.9,26137.4,12485.8,18163.9,46885.5,45300.8,30522.7,3743.3,14855.8,9605.5,36449.2,10809.6,6071.2,12625.0,3909.1,5550.8,51882.6,16393.2,14607.2,8266.8,11827.3,8295.5,29187.5,31899.8,18238.1,29546.1,23951.2,10259.1,12736.4,52774.1,5325.3,29031.9,11056.7,21762.6,52308.1,28217.3,5611.5,14464.0,6122.5,12944.3,69343.4,8780.1,12554.9,1912.6,18139.1,1773.7,50182.1,7750.0,5067.9,6081.4,16665.6,30285.0,25912.8,9624.5,9155.7,17099.3,11327.0,10232.3,26056.8,16963.1,13243.7,7697.7,8927.7,8663.7,23425.6,49475.9,21839.7,2491.4,12321.6,39238.5,61090.1,9587.6,18880.4,18854.3,12134.2,5404.7,18164.0,8244.6,32177.6,8075.0,11096.5,8456.0,9974.5,2583.2,13005.9,1930.4,5630.2,10124.4,11109.4,35729.8,9224.0,32597.1,5072.5,25179.6,15344.3,7793.0,7867.3,9680.9,3053.3,6037.0,13449.4,8356.0,8427.5,16154.1,65097.6,12504.1,24869.4,5780.0,9370.4,25185.9,12802.3,10283.5,14640.1,13661.8,13147.5,12941.2,13360.1,8379.7,23804.9,12524.2,9780.2,17440.2,33640.0,11299.8,22502.2,5775.0,11047.0,13916.9,8396.0,7443.2,13644.1,5029.4,19053.4,17344.9,17587.3,14350.0,33132.3,17410.3,11396.1,10630.6,44142.4
70017459,32878.5,6850.7,0.0,1992.9,3022.9,525.2,9954.0,16765.4,13968.9,17894.2,29027.8,29030.2,45259.2,18088.0,17473.1,5214.0,16974.4,25978.4,10881.5,17054.1,18910.5,7173.6,4830.4,6800.9,1463.4,34923.1,26159.6,16831.6,4545.5,18338.0,17502.1,23180.2,39086.2,37935.3,22723.3,12711.3,19872.1,17521.8,28649.8,18725.9,13987.6,3590.1,12099.3,14518.8,44517.1,26117.7,24331.7,14280.6,19743.6,17319.1,21388.1,36916.1,23254.4,21746.7,32361.9,16695.9,10527.0,45408.6,7361.5,21232.5,16073.0,14386.7,44942.6,20417.9,3016.1,8555.7,9798.3,5117.0,61977.9,2162.8,17571.2,10154.8,23155.4,6345.7,42382.7,15666.3,6352.9,11261.4,25076.3,22485.6,30929.1,9104.7,17072.0,9723.4,17849.3,393.8,18229.5,9587.2,5416.5,15614.0,13944.0,13679.9,16049.7,41676.5,14040.4,8794.2,17337.9,44254.8,53724.6,17998.3,23896.7,23870.6,20050.5,15033.9,23180.3,2524.5,24378.2,17098.6,16112.8,16372.3,1508.1,10382.0,20922.2,5921.4,2805.9,18040.7,19025.7,27930.4,8704.2,28103.9,7311.2,17352.4,23755.0,6148.3,16890.9,17597.2,8091.7,11053.3,20532.8,5704.7,2302.0,24564.8,57732.0,20420.4,29885.6,1873.0,17286.7,17358.7,20718.7,2484.1,6840.7,8539.9,10938.2,5114.0,5532.8,1937.7,32215.6,6545.8,1278.2,25850.9,25840.7,19216.1,14702.9,1868.0,21220.8,22327.6,14151.4,12459.5,21560.4,7536.6,27464.1,10579.0,22603.5,6188.6,25333.0,22426.6,3596.7,1686.8,36343.0
70017470,34177.6,6379.8,1569.2,0.0,2946.7,1522.7,8831.2,15642.7,12846.1,18329.3,28952.9,28955.4,46558.3,21156.0,15737.5,4091.3,15851.6,25903.6,12643.6,15931.3,17787.8,6050.9,3707.6,5678.1,3060.3,35358.2,27458.7,15708.8,6307.6,18773.1,16379.3,22057.5,39521.3,39234.3,23158.4,11588.5,18749.4,16399.0,29085.0,17603.2,12864.8,3513.9,10976.6,13396.0,45816.2,26042.9,24256.9,13157.9,18620.9,15583.5,21823.2,35793.3,22131.7,22181.8,31239.1,16621.0,9404.3,46707.7,7286.6,21667.6,14950.2,15685.8,46241.7,20853.0,1893.4,10317.8,9723.4,6879.1,63276.9,2777.4,16448.4,9032.1,22032.6,5222.9,42817.8,14543.6,5230.2,10138.6,23953.5,22920.7,29806.3,7982.0,15949.3,11022.5,16726.6,1858.9,21297.5,10886.3,7178.6,14491.3,12821.2,12557.2,17348.8,42111.6,15802.5,7671.5,16215.2,43132.1,55023.6,16875.6,22773.9,22747.8,18927.8,14959.1,22057.5,1401.7,24813.3,15363.0,14990.1,15249.6,3105.0,9259.2,19799.5,5450.5,1987.2,16918.0,17902.9,28365.5,7581.4,25232.9,6188.5,20420.3,22632.3,5025.5,15155.2,16474.5,6969.0,9930.5,20457.9,4581.9,2266.5,23442.0,59031.1,19297.7,28762.9,1227.8,16164.0,20426.6,19595.9,4246.2,7275.4,10302.0,9815.5,6876.1,7294.9,3541.3,31092.8,7587.1,502.0,24728.1,26275.8,18093.4,16316.7,1222.8,21146.0,21204.8,13028.7,11336.7,20437.6,6413.9,26341.4,11878.0,21480.8,6112.4,25768.1,21303.9,5193.8,1519.5,36778.1
70017496,34581.5,9615.1,3102.5,3840.2,0.0,3288.0,11801.3,18612.7,13384.8,15862.2,25390.6,25393.1,46962.3,21560.0,16564.4,7061.3,18821.7,22341.3,10545.5,18901.4,20757.9,9021.0,6677.7,8648.2,5415.7,32891.1,27862.7,18678.9,4779.6,16306.0,19349.4,25027.5,37054.2,39638.3,20691.3,12127.2,21719.4,19369.1,26617.8,20573.2,15834.9,1046.8,13946.6,13934.7,46220.2,22480.6,20694.6,16127.9,21590.9,16410.5,19356.1,38763.4,25101.7,19714.7,33208.8,15787.2,12374.4,47111.7,5919.3,19200.5,17920.3,16089.8,46645.7,18385.9,4863.4,10721.8,8919.5,6989.3,63680.9,4970.2,19418.5,12002.1,25002.7,8721.1,40350.7,17513.6,8200.3,13108.7,25923.1,20453.6,32776.4,10952.0,18919.4,11426.5,19696.6,3392.3,21701.5,11290.3,6511.8,17461.3,15791.3,15527.3,17752.8,39644.5,13704.4,9764.1,19185.2,46102.1,55427.6,18845.2,25744.0,25717.9,21897.8,14125.3,25027.6,4371.8,22346.2,16190.0,17960.1,18219.6,5460.4,12229.3,22769.6,8248.1,5206.2,19888.0,20873.0,25898.4,10551.5,22765.7,9158.6,20824.3,24601.9,7995.6,15982.2,19444.5,9939.1,12900.6,16895.7,7552.0,4459.3,25411.7,59435.1,22267.8,31733.0,4446.8,19134.0,20830.6,22566.0,4650.2,4808.2,10706.0,12785.5,6986.2,6476.0,5242.1,33062.4,8711.9,3721.0,26697.8,23808.7,21063.5,13849.6,4441.8,17583.7,23174.5,15998.8,14306.8,23407.7,9383.9,28311.0,12282.0,24450.9,3645.3,23300.9,24273.9,2726.7,2446.4,34311.0
70017505,32656.1,6933.6,189.3,2075.8,3227.9,0.0,10036.9,16848.3,14051.8,18111.3,29232.8,29235.3,45036.8,19634.5,16943.1,5296.9,17057.3,26183.5,11098.6,17137.0,18993.4,7256.5,4913.3,6883.8,1680.5,35140.2,25937.2,16914.5,4762.6,18555.1,17585.0,23263.1,39303.3,37712.9,22940.4,12794.2,19955.0,17604.7,28866.9,18808.8,14070.5,3795.2,12182.2,14601.7,44294.7,26322.8,24536.8,14363.5,19826.5,16789.1,21605.2,36999.0,23337.3,21963.8,32444.8,16900.9,10609.9,45186.2,7566.6,21449.6,16155.9,14164.3,44720.2,20635.0,3099.0,8772.7,10003.4,5334.1,61755.5,1940.4,17654.1,10237.7,23238.3,6428.6,42599.8,15749.2,6435.8,11344.3,25159.2,22702.7,31012.0,9187.6,17154.9,9501.0,17932.2,479.1,19776.0,9364.8,5633.5,15696.9,14026.9,13762.8,15827.3,41893.6,14257.5,8877.1,17420.8,44337.7,53502.2,18081.2,23979.6,23953.5,20133.4,15239.0,23263.2,2607.4,24595.3,16568.6,16195.7,16455.2,1725.2,10464.9,21005.1,6004.3,2888.8,18123.6,19108.6,28147.5,8787.1,27881.5,7394.1,18898.8,23837.9,6231.2,16360.9,17680.1,8174.6,11136.2,20737.9,5787.6,1975.5,24647.7,57509.7,20503.3,29968.5,1955.9,17369.6,18905.1,20801.6,2701.2,7057.8,8757.0,11021.1,5331.0,5749.9,1715.3,32298.5,6762.9,1361.1,25933.8,26057.8,19299.0,14920.0,1950.9,21425.9,22410.5,14234.3,12542.4,21643.3,7619.5,27547.0,10356.6,22686.4,6393.6,25550.0,22509.5,3813.8,1891.9,36560.1
70017539,39806.6,4664.5,9505.1,9172.3,11620.3,9428.8,0.0,9864.2,7067.7,25256.1,20812.7,20815.2,52187.3,25477.8,9959.0,5876.8,10073.2,17763.4,18243.4,10152.9,12009.4,4674.4,5826.3,7678.4,10548.1,42285.0,33087.7,9930.4,11907.4,25699.9,8833.4,14511.5,46448.1,44863.3,30085.2,5810.1,11203.4,10620.6,36011.8,11824.7,4938.0,12187.6,5198.1,7617.6,51445.2,17902.7,16116.7,5611.9,12842.4,9805.0,28750.0,28247.4,14585.7,29108.6,25460.7,11768.6,10699.4,52336.7,10559.8,28594.4,7404.3,21325.2,51870.7,27779.8,8298.8,12427.0,10994.2,12506.8,68906.0,8342.7,8902.5,3252.8,14486.7,5169.7,49744.6,8765.1,4938.4,2711.6,18175.1,29847.5,22260.4,7587.5,10170.8,16661.9,9180.6,9794.8,25619.3,16525.7,12806.2,8712.8,5275.3,5011.3,22988.2,49038.4,21402.3,4533.4,8669.2,35586.1,60652.6,11097.1,15228.0,15201.9,13149.3,8187.8,14511.6,7807.2,31740.1,9584.5,7444.1,9471.1,9537.1,3479.9,14021.1,5642.7,8510.2,11139.5,12124.5,35292.3,7186.9,32159.7,4635.0,24742.1,16853.8,7355.5,9376.8,10696.0,3830.9,2384.6,15950.9,7918.5,7990.0,17663.6,64660.1,13519.3,21217.0,10068.6,10385.5,24748.4,13817.5,9846.0,14202.6,11624.7,11110.5,12503.7,12922.6,7942.2,25314.4,10487.2,9342.8,18949.7,33202.6,12315.0,22064.8,10063.6,12556.6,15426.4,5482.8,3790.8,14659.2,3005.0,20563.0,16907.5,13934.9,13912.6,32694.9,13757.9,10958.6,10193.2,43704.9
70017600,46537.1,9167.7,16235.6,15902.9,18350.9,16159.4,8510.5,0.0,3700.6,31986.7,15493.4,15495.8,58917.9,32208.4,10393.5,12607.4,928.4,16558.0,24974.0,1008.1,4571.7,11404.9,12556.9,13600.6,17278.6,49015.6,39818.2,785.6,18638.0,32430.5,9917.5,15605.6,53178.7,51593.9,36815.8,5042.3,12287.5,1475.8,42742.3,5877.7,5262.6,18918.1,5469.5,4934.3,58175.7,17065.5,15394.6,3884.3,3311.9,10239.5,35480.6,30984.4,15669.9,35839.2,12902.1,12203.1,16621.5,59067.2,12200.7,35325.0,8488.4,28055.7,58601.2,34510.4,15029.4,18349.2,11428.5,19237.4,75636.5,15073.2,9986.6,8038.4,15580.7,11900.3,56475.2,4066.2,11669.0,8923.1,5440.9,36578.1,23354.5,13509.7,5205.2,23392.4,5894.5,16525.4,32349.9,23256.3,19536.8,2658.4,8630.3,8866.9,29718.8,55769.0,28132.8,11263.9,9753.4,38323.2,67383.2,10734.5,16312.1,16286.0,7166.0,8622.3,15595.7,14537.7,38470.7,10019.0,8528.2,4505.5,16267.6,7817.6,4967.2,12373.2,15240.8,1275.3,6141.1,42022.9,13109.1,38890.2,11365.6,31472.7,6172.3,12895.1,9811.3,831.8,10561.4,9082.2,13286.6,13132.1,14720.6,10848.6,71390.7,7535.9,22311.0,16799.1,2659.0,31479.0,8851.8,16576.6,20933.2,17546.9,17032.7,19234.3,19653.2,14672.8,12580.2,16409.4,16073.4,12134.7,39933.2,2450.7,28795.3,16794.1,12991.1,10592.8,4013.4,8647.3,5605.4,11631.7,7828.8,23638.1,15019.0,20643.1,39425.4,15952.9,17689.2,16923.7,50435.5
70018486,44115.4,5708.6,13813.9,13481.2,14036.3,13737.6,7533.9,3434.6,0.0,29565.0,17983.3,17985.8,56496.1,29786.7,7129.6,10185.6,3643.6,14934.0,22552.2,3723.3,7032.8,8983.2,10135.1,12624.0,14856.9,46593.9,37396.5,3500.8,16216.3,30008.8,11388.6,17076.7,50756.9,49172.2,34394.1,1778.4,13758.7,4191.0,40320.6,6848.2,4286.0,16496.4,2205.6,1670.4,55754.0,15073.3,13287.3,4305.4,7865.9,6975.6,33058.9,30802.6,17141.0,33417.5,16336.7,8939.2,15644.9,56645.5,8936.8,32903.3,9959.5,25634.0,56179.5,32088.7,12607.6,17372.6,8164.6,16815.6,73214.8,12651.5,11457.7,5617.8,17051.8,9478.5,54053.5,3788.6,9247.2,7946.5,8875.5,34156.4,24825.6,12533.1,5816.8,20970.7,7365.6,14103.7,29928.1,20834.5,17115.1,3270.0,9155.2,8891.1,27297.0,53347.3,25711.1,8842.2,11224.5,38141.4,64961.5,8267.7,17783.2,17757.1,8172.8,5358.4,17066.8,12116.0,36049.0,6755.1,9999.4,5117.0,13845.9,5395.9,9044.5,9123.2,12819.0,4709.9,7147.9,39601.2,12132.5,36468.5,8943.9,29051.0,12631.8,11918.5,6547.4,4266.4,8139.7,8105.6,13121.5,12155.5,12298.9,13441.5,68969.0,8542.7,23782.1,14377.4,5409.0,29057.3,9463.4,14154.9,18511.5,16570.3,16056.1,16812.6,17231.5,12251.0,16014.8,15432.8,13651.6,14727.6,37511.4,5885.3,26373.6,14372.4,9727.1,11204.3,4434.6,7670.7,9682.7,9210.0,11263.4,21216.3,16490.1,18221.4,37003.7,16959.8,15267.4,14502.0,48013.8
70019302,29997.5,26401.2,17606.9,18344.6,15708.8,17792.3,24788.7,31600.1,28803.6,0.0,40242.9,40245.3,27728.1,14342.3,31694.9,20048.7,31809.1,37193.5,7637.5,31888.8,33745.2,22008.4,21546.6,20290.6,17224.4,18417.5,12424.6,31666.3,14100.1,4855.0,33185.7,34012.0,22580.5,20738.7,6217.7,27546.0,32042.7,32356.5,13578.7,33560.6,27922.3,15551.2,26934.0,29353.5,41636.1,37332.8,35546.8,28600.8,34578.3,31540.9,4882.5,49905.6,37910.1,6682.9,47196.6,30436.5,19351.7,27877.5,21176.3,4726.9,30373.1,12885.9,42061.6,3912.3,19367.8,17705.1,24068.1,15384.9,44488.4,17720.9,33254.8,24989.5,33987.1,24265.3,26873.4,30501.0,21187.6,24731.9,39911.0,5980.0,41760.8,20402.0,31906.7,15672.1,30184.0,17358.1,14104.5,15618.4,14907.5,30448.7,28244.2,27980.1,14548.9,26605.4,8202.2,23628.9,33327.8,58910.5,36235.1,32833.0,38552.4,38526.2,34885.2,29382.2,37836.0,18876.2,7136.3,31320.4,30413.0,31207.0,17269.0,25216.7,35757.0,23505.1,19710.6,32875.4,33860.4,12866.6,20001.5,10191.0,22146.0,15276.5,38589.7,21367.4,31112.7,32431.9,22926.4,25888.0,31747.9,20564.4,18053.6,39399.5,38750.5,35255.2,40717.4,18951.2,32121.4,15282.8,35553.4,16097.5,11560.5,16902.9,19762.8,15381.8,14871.6,17356.5,47050.3,17755.7,18225.4,40685.6,10769.6,34050.9,4898.1,18946.2,32435.9,37162.3,28471.6,26759.7,36395.1,22371.3,42298.8,16610.1,37259.2,14548.2,8827.3,37082.3,13866.0,16950.8,21271.9
70019304,61270.5,20090.8,29795.8,30533.5,30197.0,29981.2,21767.6,18437.4,18986.5,40994.6,0.0,2.5,73651.2,48248.9,13097.1,24443.8,19365.7,4052.3,39735.0,19445.4,24562.7,23241.3,24393.3,27892.7,32103.2,58023.5,54551.6,19222.9,33399.1,41438.5,28918.5,34606.6,62186.6,66327.3,45823.7,17728.9,31288.6,19913.1,51750.3,24378.1,21642.9,30764.3,17894.7,16243.6,72909.1,4559.8,5810.1,21835.3,20842.1,12943.1,44488.5,48332.5,34670.9,44847.1,16208.5,15535.8,31175.1,73800.6,20907.8,44332.9,27489.4,42778.7,73334.6,43518.4,26865.8,37409.2,19776.2,33970.6,90369.9,26909.6,28987.6,19875.9,34581.7,24117.0,65483.1,21318.5,23505.4,22911.3,13703.4,45586.0,42355.5,28063.2,17196.4,38115.4,24895.5,30085.6,48390.4,37979.2,34561.0,18271.9,25757.6,25493.6,44441.7,64776.9,42893.9,25160.0,28754.4,55671.3,82116.6,12587.1,35313.2,35287.0,25702.7,15085.5,34596.7,26374.1,47478.6,12869.9,27529.3,16496.6,28104.1,19654.0,19415.4,23644.0,25172.3,17832.0,24677.9,51030.8,27662.7,56495.9,23202.0,47513.3,12382.1,25922.5,13589.3,17605.6,22397.8,22866.9,9659.0,26485.5,26557.0,6370.1,86124.1,26072.6,41312.0,28866.7,20189.2,47519.6,8345.1,31337.7,34525.7,32100.5,31586.3,33967.5,34701.7,26509.2,17331.9,30603.0,30414.3,6254.2,48941.1,16561.8,43556.4,28871.7,10676.1,10968.7,21964.5,24273.1,20897.1,23468.1,16091.3,38971.0,34020.0,33362.7,48433.4,34489.7,32450.3,28803.8,59443.4
70019305,61268.0,20088.3,29793.3,30531.0,30194.5,29978.8,21765.1,18434.9,18984.0,40992.2,1393.7,0.0,73648.8,48246.5,13094.6,24441.3,19363.2,4049.9,39732.6,19443.0,24560.2,23238.8,24390.8,27890.2,32100.7,58021.1,54549.1,19220.4,33396.6,41436.0,28916.0,34604.1,62184.1,66324.8,45821.3,17726.4,31286.1,19910.7,51747.8,24375.6,21640.4,30761.8,17892.2,16241.2,72906.6,4557.3,5807.7,21832.8,20839.6,12940.6,44486.1,48330.0,34668.4,44844.7,16206.1,15533.3,31172.6,73798.1,20905.3,44330.5,27487.0,42776.3,73332.1,43515.9,26863.3,37406.8,19773.7,33968.1,90367.4,26907.1,28985.2,19873.5,34579.3,24114.6,65480.7,21316.0,23502.9,22908.9,13700.9,45583.6,42353.0,28060.8,17193.9,38112.9,24893.0,30083.1,48388.0,37976.8,34558.5,18269.4,25755.1,25491.1,44439.3,64774.4,42891.5,25157.5,28751.9,55668.8,82114.1,12584.6,35310.7,35284.6,25700.2,15083.0,34594.3,26371.6,47476.2,12867.4,27526.8,16494.2,28101.6,19651.6,19413.0,23641.6,25169.8,17829.6,24675.4,51028.4,27660.2,56493.5,23199.5,47510.8,12379.7,25920.0,13586.8,17603.1,22395.4,22864.4,9656.5,26483.0,26554.5,6367.7,86121.6,26070.1,41309.5,28864.2,20186.7,47517.1,8342.6,31335.2,34523.2,32098.0,31583.8,33965.0,34699.2,26506.7,17329.4,30600.5,30411.8,6251.7,48938.6,16559.4,43554.0,28869.2,10673.6,10966.2,21962.0,24270.6,20894.7,23465.7,16088.8,38968.5,34017.5,33360.3,48430.9,34487.2,32447.8,28801.3,59441.0
70019306,24586.7,53295.0,45131.5,47271.5,47038.3,45543.5,52229.6,59041.0,56244.5,27905.4,73040.5,73043.0,0.0,29305.8,61485.9,47489.6,59250.0,69991.2,40315.1,59329.7,62070.4,49449.3,48987.5,46412.1,44661.4,10989.0,21987.2,59107.2,45381.5,27373.5,53964.8,54791.0,17204.1,10426.8,22627.2,54986.9,52821.8,61939.0,29898.2,61885.8,53734.2,47605.6,54374.9,56794.4,10681.9,70130.5,68344.5,54412.7,62903.5,61331.9,22982.7,70684.6,58689.2,30859.7,74637.5,60708.6,42816.7,149.4,51374.3,23665.3,55654.0,34796.1,11107.4,24600.5,48294.6,40826.8,53811.0,42427.3,17077.4,45161.8,54033.9,52430.4,54766.2,51706.2,22906.7,57941.9,48628.6,50543.8,67351.9,22058.3,62539.9,46213.9,59347.7,37364.3,58229.2,44795.2,29447.3,37125.5,42726.7,57889.6,54056.0,53792.0,36459.1,23647.2,34588.3,51069.8,54106.9,79689.6,8824.1,60273.9,59331.4,59305.3,63210.4,59046.7,58615.0,47803.0,25264.0,61111.4,55693.8,58647.9,44706.1,52657.6,64082.1,53170.1,48637.4,60316.3,62185.5,30590.6,45813.4,20890.2,49586.9,29569.5,66030.6,46794.7,60903.6,59872.8,50367.4,51492.4,64545.5,46685.9,45494.5,66840.4,11339.6,63580.3,61496.5,47878.0,60446.6,29575.8,62994.3,43874.6,37880.7,40811.0,43647.5,42424.2,42843.1,44797.4,74491.2,43877.2,47152.3,68126.5,24677.7,61491.8,31218.3,47873.0,65233.6,64603.2,54283.5,52571.5,64720.3,49812.2,69739.8,37389.2,58038.3,47941.2,20067.9,57861.4,44987.2,45702.3,30590.4
70019307,16478.2,27237.5,18527.6,19747.4,19514.3,18019.5,25624.9,31487.1,29639.8,14900.5,45516.5,45519.0,28859.0,0.0,33961.9,20885.0,31696.1,42467.2,13731.7,31775.8,35487.1,22844.6,22382.8,19828.8,18057.5,24361.6,9759.3,31553.3,18798.2,10558.5,27381.4,28207.7,29983.8,21535.0,19729.6,28382.2,26238.4,35355.6,27248.6,35302.4,27150.9,20081.6,27770.3,30189.7,28116.8,42606.5,40820.5,27829.4,36320.1,33807.9,18394.4,44101.3,32105.8,20345.5,48032.8,33184.6,16233.3,29008.3,23850.2,18238.8,29070.6,8212.8,28542.3,17424.3,20499.2,14243.4,26287.0,15843.9,45577.6,18557.1,27450.6,25825.8,28182.8,25101.5,34276.6,30388.1,22023.9,23960.4,40747.2,19491.9,35956.6,19630.6,32743.0,10781.0,31645.9,18191.2,768.8,10542.1,16143.4,30335.7,27472.7,27208.6,9875.8,35017.1,9306.9,24465.2,27523.5,53106.2,37324.3,33669.3,32748.1,32722.0,36627.0,31522.7,32031.7,20007.5,20648.2,33587.4,29110.5,32043.3,18102.1,26052.9,37498.8,25646.1,21113.4,32762.5,35602.2,26529.2,19230.0,11703.6,22982.2,2611.3,39426.0,20211.3,33379.6,32319.0,23762.7,24909.0,37021.5,20102.6,18889.9,40235.7,41331.8,36997.0,34913.1,20354.0,33863.2,2617.6,36389.6,17270.0,19070.5,14227.7,17064.1,15840.8,16259.7,18192.7,47886.5,17293.8,19628.2,41521.8,24439.4,33937.9,11048.1,20349.0,37709.6,37998.5,27700.2,25988.2,38136.9,23207.6,43135.1,10805.8,31454.9,21336.5,17731.7,31278.0,18382.5,18178.3,34941.8
70019313,48497.9,8537.2,17023.2,16185.7,17424.4,17208.6,10214.0,10792.3,7432.9,30577.0,12257.5,12260.0,60878.6,35476.3,0.0,12890.2,11001.2,9208.2,25256.8,11080.9,14390.5,11687.7,12839.7,16339.1,17561.4,47605.9,41779.0,10858.4,18920.8,31020.8,17762.1,23440.2,51768.9,53554.7,35406.1,6175.3,20132.1,11548.7,41332.6,14205.9,10089.3,17991.7,6341.1,4690.0,60136.5,9347.5,7561.5,11663.1,15223.6,435.5,34070.9,37176.1,23514.4,34429.5,19922.8,2853.9,19621.5,61028.0,10006.5,33915.3,16333.0,30006.1,60562.0,33100.7,15312.2,22958.8,7000.1,19520.2,77597.3,15356.0,17831.2,8322.3,23415.4,12183.1,55065.5,11146.3,11951.8,11357.7,12637.1,35168.4,31189.1,16509.6,8683.7,25342.8,14723.3,17313.0,35617.8,25206.6,19819.6,8273.8,14204.0,13940.0,31669.1,54359.3,28415.6,11546.7,17597.9,44514.8,69344.0,4183.5,24156.7,24130.6,15530.4,3531.9,23440.3,14820.5,37061.0,1318.7,16372.8,7984.0,16550.4,8100.4,16402.2,10859.1,14271.1,12067.6,14505.6,40613.2,16109.1,43723.3,11648.4,34740.6,11315.9,14368.9,2004.7,11624.1,10844.2,11313.3,7036.3,14931.9,15003.4,12125.7,73351.5,15900.4,30145.7,16094.1,12766.7,34746.9,9293.1,16859.4,21753.1,20546.9,20032.7,19517.1,19936.0,14955.6,19776.4,19049.4,16356.2,8971.5,38523.5,12433.7,29078.1,16099.1,3641.9,9888.5,11792.3,12719.5,17040.3,11914.5,15025.0,26198.4,22863.6,20590.1,38015.7,22686.6,17972.0,16031.2,49025.8
70019315,35645.8,7174.2,5344.3,5011.5,7459.5,5268.0,5561.7,12373.1,9576.6,21095.3,23321.6,23324.1,48026.5,21317.0,12467.9,0.0,12582.1,20272.3,14082.6,12661.8,14518.2,2781.3,4174.2,4545.6,6387.3,38124.2,28926.9,12439.3,7746.6,21539.2,13109.8,18787.9,42287.3,40702.5,25924.4,8319.0,15479.8,13129.5,31851.0,14333.6,9595.3,8026.8,7707.0,10126.5,47284.4,20411.6,18625.6,9888.3,15351.3,12313.9,24589.2,32523.8,18862.1,24947.8,27969.6,14277.4,8070.7,48175.9,11799.5,24433.6,11680.7,17164.4,47709.9,23619.1,2770.0,9798.3,12090.4,8346.0,64745.2,4181.9,13178.9,5762.5,18763.0,5038.2,45583.8,11274.0,1960.6,7113.6,20684.0,25686.7,26536.8,4957.0,12679.7,12501.1,13457.0,5634.0,21458.5,12364.9,8645.4,11221.7,9551.7,9287.6,18827.4,44877.6,17241.5,4401.9,12945.6,39862.5,56491.8,13606.0,19504.4,19478.3,15658.2,10696.7,18788.0,3646.4,27579.3,12093.4,11720.5,11980.0,5376.3,5989.6,16529.9,5511.2,4114.0,13648.4,14633.4,31131.5,4556.4,27998.9,2918.9,20581.3,19362.7,2575.4,11885.7,13204.9,3699.4,6661.0,18459.8,3138.4,3829.3,20172.5,60499.3,16028.1,25493.3,5907.8,12894.4,20587.6,16326.4,5685.2,10041.8,8996.1,8481.9,8342.9,8761.8,3781.4,27823.3,6554.1,5182.0,21458.6,29041.8,14823.8,17904.0,5902.8,15065.4,17935.3,9759.1,8067.2,17168.1,3079.8,23071.8,12746.7,18211.2,9751.8,28534.1,18034.3,6797.8,6032.4,39544.1
70019322,47249.6,9880.2,16948.1,16615.4,19063.4,16871.9,9243.1,905.0,4109.9,32699.2,16372.6,16375.1,59630.4,32920.9,10802.8,13319.9,0.0,17450.6,25686.5,380.8,4079.7,12117.4,13269.4,14333.1,17991.2,49728.1,40530.8,269.4,19350.5,33143.0,9189.5,14877.5,53891.2,52306.4,37528.3,5451.6,11559.5,747.7,43454.8,4649.0,5995.1,19630.6,5878.9,5343.6,58888.3,17589.9,15804.0,3156.2,2819.9,10648.8,36193.1,28603.5,14941.8,36551.7,13781.3,12612.4,17354.1,59779.8,12610.0,36037.5,7760.4,28768.3,59313.8,35222.9,15741.9,19081.7,11837.8,19949.9,76349.0,15785.7,9258.6,8750.9,14852.7,12612.8,57187.7,3338.1,12381.5,9655.6,6320.2,37290.6,22626.4,14242.2,5614.5,24104.9,5166.4,17237.9,33062.4,23968.8,20249.3,3067.7,7902.3,8138.8,30431.3,56481.5,28845.4,11976.4,9025.3,35942.2,68095.7,11143.8,15584.1,15558.0,5973.6,9031.6,14867.7,15250.2,39183.2,10428.3,7800.2,4914.8,16980.2,8530.1,4475.3,13085.8,15953.3,2154.5,4948.8,42735.4,13841.7,39602.8,12078.1,32185.2,7051.5,13627.7,10220.6,1711.0,11274.0,9814.7,13695.9,13864.6,15433.1,11727.8,72103.2,6343.6,21583.0,17511.6,1761.4,32191.5,9261.2,17289.1,21645.7,18279.5,17765.3,19946.8,20365.7,15385.3,13459.5,17142.0,16785.9,13013.9,40645.7,3330.0,29507.9,17506.6,13400.4,11002.1,3285.4,6919.8,5113.4,12344.2,8708.0,26025.1,14290.9,21355.6,40137.9,14760.6,18401.7,17636.2,51148.0
70019327,57240.8,16061.1,25766.1,26503.8,26167.3,25951.5,17737.9,18316.2,14956.8,36964.9,3072.0,3074.4,69621.5,44219.2,9067.4,20414.0,18525.1,0.0,35705.3,18604.8,21914.4,19211.6,20363.5,23863.0,28073.5,53993.8,50521.9,18382.3,29369.4,37408.7,25286.0,30964.1,58156.9,62297.6,41794.0,13699.2,27656.0,19072.5,47720.5,21729.8,17613.2,26734.6,13865.0,12213.9,68879.4,530.1,1780.4,19187.0,22747.4,8913.4,40458.8,44700.0,31038.3,40817.4,16181.3,11506.0,27145.4,69770.9,16878.1,40303.2,23856.9,38749.0,69304.9,39488.6,22836.0,33379.5,15746.4,29940.9,86340.2,22879.9,25355.1,15846.2,30939.2,20087.3,61453.4,18670.2,19475.6,18881.6,13676.1,41556.3,38713.0,24033.5,14429.6,34085.7,22247.1,26055.9,44360.7,33949.5,30531.2,15505.2,21727.9,21463.8,40412.0,60747.2,38864.2,21130.3,25121.8,52038.7,78086.9,8557.4,31680.6,31654.5,23054.3,11055.8,30964.2,22344.4,43448.9,8840.2,23896.7,13729.9,24074.3,15624.3,19388.2,19614.3,21142.6,17804.8,22029.5,47001.1,23633.0,52466.2,19172.3,43483.5,12354.9,21892.8,9559.6,17578.3,18368.1,18837.2,5629.3,22455.8,22527.3,6342.9,82094.3,23424.3,37669.5,24837.0,20290.5,43489.8,8317.8,27308.0,30496.0,28070.8,27556.6,29937.8,30672.0,22479.5,17304.6,26573.2,26384.6,6226.9,44911.4,16534.6,39526.7,24842.0,6646.4,10941.4,19316.1,20243.4,20869.9,19438.4,16064.0,34941.3,30387.4,29333.0,44403.6,30210.5,28420.5,24774.1,55413.7
70019328,26846.2,20145.4,11438.6,12792.6,11032.4,11501.2,18532.8,25344.3,22547.7,8511.4,35566.5,35569.0,39226.9,12517.4,25439.1,13792.9,25553.2,32517.1,0.0,25632.9,27489.4,15752.5,15290.8,13470.0,10968.5,25540.3,20127.3,25410.4,7844.2,8955.2,26044.6,26870.9,29703.3,31902.9,13340.5,21290.1,24901.6,26100.7,21214.6,27304.8,21101.7,10874.8,20678.2,23097.7,38484.8,32656.4,30870.5,21780.2,28322.5,25285.1,12005.3,42764.5,30769.0,14311.5,40940.8,25760.1,12531.1,39376.3,16499.9,11849.7,23552.6,5456.3,38910.3,11035.1,13407.1,10884.5,19391.7,9129.1,55945.6,11465.0,26113.7,18733.7,26846.0,18009.4,34947.5,24245.2,14931.8,17911.3,33655.1,13102.8,34619.8,13581.5,25650.9,8531.0,23363.4,11102.3,11617.1,8477.3,8651.7,24192.9,21423.6,21159.5,7119.3,34241.3,3366.8,17373.1,26186.7,51769.4,47692.2,26577.2,31411.3,31385.1,28629.4,24705.9,30694.9,12915.5,14259.1,25064.6,23592.4,24951.2,11013.2,18960.8,29501.1,18482.4,14158.5,26619.6,27604.5,20495.2,13180.9,15414.9,15890.1,11781.7,32333.9,14546.9,24856.8,26176.1,16670.6,19632.2,27071.5,13743.8,11797.8,33143.6,51699.7,28999.3,33576.3,13399.1,25865.6,11788.0,29297.5,9841.7,6980.0,10082.3,12942.2,9126.0,8615.8,11100.6,40794.4,10935.1,12673.4,34429.8,18405.4,27795.0,5155.5,13394.1,28036.6,30906.4,21651.1,19939.1,30139.3,16115.5,36043.0,9469.0,30118.1,10089.0,15950.1,29941.2,8469.4,11398.7,28907.8
70019375,47331.2,9961.8,17029.7,16697.0,19144.9,16953.4,9324.7,1188.7,4393.6,32780.8,16656.3,16658.7,59711.9,33002.5,11086.5,13401.4,334.0,17734.3,25768.0,0.0,4602.6,12199.0,13350.9,14414.7,18072.7,49809.7,40612.3,191.2,19432.1,33224.6,9271.0,14959.1,53972.7,52388.0,37609.9,5735.3,11641.1,829.3,43536.4,4730.6,6076.7,19712.2,6162.5,5627.3,58969.8,17873.6,16087.6,3237.8,3342.8,10932.5,36274.7,28685.0,15023.4,36633.3,14065.0,12896.1,17435.7,59861.3,12893.7,36119.1,7841.9,28849.8,59395.3,35304.5,15823.4,19163.3,12121.5,20031.5,76430.6,15867.3,9340.1,8832.5,14934.2,12694.3,57269.3,3419.7,12463.0,9737.2,6603.8,37372.2,22708.0,14323.8,5898.2,24186.5,5248.0,17319.5,33144.0,24050.3,20330.9,3351.4,7983.8,8220.4,30512.8,56563.1,28926.9,12058.0,9106.9,36023.8,68177.3,11427.5,15665.7,15639.5,6055.2,9315.3,14949.2,15331.8,39264.8,10712.0,7881.8,5198.5,17061.7,8611.7,4998.1,13167.3,16034.9,2438.2,5030.4,42817.0,13923.2,39684.3,12159.7,32266.8,7335.2,13709.2,10504.3,1994.7,11355.5,9896.3,13979.6,13946.2,15514.7,12011.5,72184.8,6425.1,21664.5,17593.2,1869.5,32273.1,9544.8,17370.7,21727.3,18361.0,17846.8,20028.4,20447.3,15466.9,13743.2,17223.5,16867.4,13297.6,40727.3,3613.6,29589.4,17588.2,13684.0,11285.8,3367.0,7001.4,5636.3,12425.8,8991.7,26106.7,14372.5,21437.2,40219.5,14842.2,18483.3,17717.8,51229.6
70019381,48370.7,11001.2,18069.2,17736.4,20184.4,17992.9,10364.1,4769.1,6901.3,33820.2,20675.5,20678.0,60751.4,34041.9,13594.2,14440.9,4043.5,20242.0,26807.5,4359.7,0.0,13238.4,14390.4,15454.2,19112.2,50849.1,41651.8,4312.8,20471.5,34264.0,10115.4,15803.5,55012.2,53427.4,38649.3,8243.0,12485.5,3812.1,44575.9,1377.2,7116.1,20751.7,8670.3,8135.0,60009.3,20381.3,18595.4,4277.2,2358.5,13440.2,37314.1,26483.8,12553.1,37672.7,17712.4,15403.8,18475.1,60900.8,15401.4,37158.5,8686.4,29889.3,60434.8,36343.9,16862.9,20202.8,14629.2,21070.9,77470.0,16906.7,10184.6,9871.9,15778.7,13733.8,58308.7,4459.1,13502.5,10776.6,10251.3,38411.6,23552.4,15363.3,8405.9,26931.3,6092.4,18358.9,34183.4,26692.5,21370.3,5859.1,8828.2,9064.8,31552.3,57602.5,29966.4,13097.4,9951.3,33822.6,69216.7,13935.2,13195.4,13169.2,2665.4,11823.0,12478.9,16371.3,40304.2,13219.7,8726.2,7706.2,18101.2,9651.2,3537.1,14206.8,17074.3,6044.5,1640.5,43856.4,14962.7,40723.8,13199.1,33306.2,10982.6,14748.7,13012.0,5600.9,12395.0,10935.7,16487.3,14985.7,16554.1,16030.7,73224.2,3035.3,22509.0,18632.7,2319.7,33312.5,12052.6,18410.1,22766.7,19400.5,18886.3,21067.8,21486.7,16506.3,17390.6,18263.0,17906.9,17316.8,41766.7,7261.1,30628.9,18627.6,16191.8,13793.5,4406.4,8040.9,4175.3,13465.3,12639.1,26951.1,11990.0,22476.7,41259.0,11452.3,19522.7,18757.3,52269.0
70019384,37971.9,4667.0,7670.4,7337.6,9785.6,7594.1,4102.0,10913.5,8116.9,23421.4,21862.0,21864.5,50352.6,23643.1,11008.3,4042.1,11122.4,18812.6,16408.7,11202.1,13058.6,0.0,3991.6,5743.7,8713.4,40450.3,31253.0,10979.6,10072.7,23865.2,11650.1,17328.3,44613.4,43028.6,28250.5,6859.3,14020.2,11669.8,34177.0,12874.0,8135.6,10352.8,6247.4,8666.8,49610.5,18951.9,17166.0,8428.7,13891.7,10854.3,26915.3,31064.1,17402.5,27273.9,26510.0,12817.8,8764.7,50502.0,8757.8,26759.7,10221.0,19490.5,50036.0,25945.1,6464.1,10492.3,10419.8,10672.1,67071.2,6507.9,11719.2,4302.9,17303.4,3367.7,47909.9,9814.4,1365.2,2752.8,19224.3,28012.8,25077.2,5652.8,11220.1,14827.2,11997.4,7960.1,23784.6,14691.0,10971.5,9762.1,8092.1,7828.0,21153.5,47203.7,19567.6,2731.4,11486.0,38402.9,58817.9,12146.4,18044.8,18018.6,14198.6,9237.1,17328.3,5972.5,29905.4,10633.8,10260.9,10520.4,7702.4,4530.0,15070.3,3840.7,6675.5,12188.8,13173.7,33457.6,5252.3,30325.0,2800.3,22907.4,17903.1,2910.7,10426.0,11745.3,2028.9,5201.3,17000.2,3433.3,6155.3,18712.8,62825.4,14568.5,24033.7,8233.9,11434.8,22913.7,14866.7,8011.3,12367.9,9690.1,9175.9,10669.0,11087.9,6107.5,26363.6,6849.0,7508.1,19998.9,31367.9,13364.2,20230.1,8228.8,13605.8,16475.6,8299.5,6607.6,15708.4,458.6,21612.2,15072.8,16751.6,12077.9,30860.2,16574.7,9123.9,8358.5,41870.2
70019391,36566.8,3646.3,4706.9,4105.1,6553.1,4630.7,6394.9,13206.3,10409.8,22016.4,24427.2,24429.6,48947.6,22238.1,13301.1,3806.7,13415.3,21377.8,15003.7,13495.0,15351.5,3537.6,0.0,7095.4,7308.4,39045.3,29848.0,13272.5,8667.7,22460.2,13943.0,19621.2,43208.4,41623.6,26845.5,9152.2,16313.0,13962.7,32772.0,15166.9,10428.5,7120.4,8540.3,10959.7,48205.5,21517.1,19731.1,10721.6,16184.5,13147.2,25510.3,33357.0,19695.4,25868.9,28802.8,12095.3,10780.7,49097.0,6943.2,25354.7,12513.9,18085.5,48631.0,24540.1,2526.4,12705.7,8605.3,9267.1,65666.2,5102.9,14012.1,4178.0,19596.3,1553.2,46504.9,12107.3,4301.7,6130.3,21517.2,26607.8,27370.0,7667.0,13513.0,13422.1,14290.3,4996.7,22379.6,13286.0,9566.5,12054.9,10384.9,10120.9,19748.5,45798.7,18162.6,2417.8,13778.9,40695.8,57412.9,14439.2,20337.6,20311.5,16491.4,10433.3,19621.2,2975.6,28500.4,12926.6,12553.8,12813.3,6297.4,6822.9,17363.2,2026.1,3870.5,14481.7,15466.6,32052.6,7266.4,28919.9,2454.6,21502.4,20196.0,5285.5,12718.9,14038.2,2979.7,7494.2,15932.2,5999.2,3892.8,21005.7,61420.4,16861.4,26326.6,5001.4,13727.7,21508.7,17159.6,6606.3,10962.9,11706.1,11191.9,9264.0,9682.9,4702.5,28656.5,9004.4,4275.6,22291.8,29962.9,15657.1,18825.1,4996.4,16620.2,18768.5,10592.4,8900.4,18001.3,3836.1,23905.1,13667.8,19044.5,9718.8,29455.1,18867.5,7718.9,5126.0,40465.2
70019392,33694.6,8601.1,6023.3,5690.6,8138.5,5947.0,6388.0,13011.2,12766.1,20621.7,26511.1,26513.6,46075.3,19365.8,15657.4,4011.2,13220.1,23461.8,13424.6,13299.8,15156.3,4094.3,5801.4,0.0,6309.2,37650.6,26975.7,13077.3,9238.7,21065.6,12554.8,18232.9,41813.7,38751.3,25450.9,11508.5,14924.8,13767.5,32461.2,14971.7,8674.9,8705.8,10896.5,13316.0,45333.2,23601.1,21815.1,9353.4,15989.4,15503.4,24115.7,31968.8,18307.1,25558.1,29637.9,17466.9,4172.3,46224.7,12478.5,23960.1,11125.7,15322.4,45758.7,23145.5,4817.0,5900.0,14915.3,6284.4,62793.9,4028.2,12623.9,8952.0,18208.1,7301.8,46194.1,11912.1,5150.1,5484.5,22352.3,25213.2,25981.8,1950.8,14216.0,10567.1,10936.5,6313.1,19507.3,10328.2,6583.8,11859.8,8996.7,8732.7,16985.4,45487.9,16583.5,6665.5,12390.6,39307.5,54540.6,16795.5,18949.4,18923.3,16296.3,13886.2,18233.0,4325.4,28189.6,15282.9,11165.5,13516.3,5298.2,9179.1,17168.0,7774.8,7346.2,14286.5,15271.4,31741.8,1550.2,28920.0,6108.4,18630.1,21031.1,1215.1,15075.2,13843.0,5963.0,6433.0,21649.3,1109.9,3775.8,21840.8,58548.1,16666.2,24938.4,6586.8,13532.5,18636.4,17862.7,5607.1,10652.1,5097.7,4583.5,6281.3,6700.2,3700.7,29491.6,3801.2,5861.0,23126.9,29652.0,15461.9,17265.9,6581.8,18254.9,19603.6,9224.2,7512.2,17806.1,4059.6,24740.2,10268.5,17656.3,11304.3,28060.5,17479.3,6719.7,6711.4,40154.4
70019395,32124.7,7217.2,472.9,2359.4,2740.9,535.4,9586.2,16397.6,13601.1,17602.1,28745.9,28748.3,44505.4,17796.0,17191.2,4846.2,16606.6,25696.5,10589.4,16686.3,18542.8,6805.9,4707.5,5197.5,0.0,34631.0,25405.8,16463.8,4253.4,18046.0,17134.3,22812.5,38794.1,37181.5,22431.2,12343.5,19504.3,17154.0,28357.8,18358.1,13619.8,3308.2,11731.6,14151.0,43763.3,25835.8,24049.8,13912.8,19375.8,17037.2,21096.0,36548.3,22886.6,21454.6,31994.1,16414.0,8715.8,44654.8,7079.6,20940.4,15705.2,14397.0,44188.8,20125.9,2893.2,8263.6,9516.4,4825.0,61224.1,1790.8,17203.4,9787.0,22787.6,9062.8,42090.6,15298.5,5985.2,10893.6,24708.5,22193.5,30561.3,8736.9,16704.3,9733.7,17481.6,136.6,17937.5,9597.5,5124.4,15246.2,13576.2,13312.2,16060.0,41384.4,13748.3,8426.4,16970.1,43887.1,52970.8,17630.5,23528.9,23502.8,19682.7,14752.0,22812.5,2401.6,24086.1,16816.7,15745.0,16004.5,1216.0,10014.2,20554.5,8875.4,3172.4,17672.9,18657.9,27638.3,8336.4,24505.7,6943.5,17060.3,23387.3,5780.5,16609.0,17229.4,7724.0,10685.5,20250.9,5336.9,1825.8,24197.0,56978.3,20052.7,29517.9,2239.5,16918.9,17066.6,20350.9,2192.0,6548.6,8247.9,9127.0,4821.9,5240.8,1565.7,31847.8,6253.7,1644.7,25483.1,25548.6,18848.4,14410.8,2234.5,20938.9,21959.8,13783.7,12091.7,21192.6,7168.8,27096.4,9225.6,22235.8,5906.7,25040.9,22058.8,3304.6,1404.9,36050.9
70019399,20847.9,43676.7,40104.8,35620.1,32984.2,40516.8,42064.1,48875.6,46079.0,18860.6,57518.3,57520.8,11521.9,24279.1,56459.2,37324.2,49084.5,54469.0,24912.9,49164.2,51020.7,39283.8,38822.1,37566.1,39634.7,0.0,16933.0,48941.7,31375.5,19335.1,48938.1,49764.4,7054.2,3219.8,13582.5,44821.4,47795.1,49632.0,20853.5,50836.1,48707.5,32826.7,44209.5,46629.0,21151.8,54608.3,52822.3,49386.0,51853.8,56305.2,13938.0,65658.0,53662.5,21815.0,64472.1,55681.9,37790.0,11671.2,38451.8,14620.6,50627.3,29769.4,21577.3,15555.8,36643.3,35800.1,41343.5,32660.4,28282.2,34996.3,49007.2,42265.0,49739.5,41540.7,11347.1,47776.5,38463.1,45517.1,57186.4,13013.6,57513.2,41187.2,49182.2,32337.6,53202.5,39768.5,24420.6,32098.8,32183.0,47724.2,49029.4,48765.3,31432.4,12087.6,25477.7,40904.4,49080.2,74662.9,20028.8,50108.5,54304.8,54278.6,52160.7,54020.0,53588.3,36151.6,16219.3,56084.7,50667.1,48482.5,39679.4,42492.1,53032.4,40780.6,36986.1,50150.9,51135.9,21545.9,40786.7,15836.0,39421.4,24542.8,55865.2,38642.9,55877.0,49707.4,40201.9,43163.5,49023.3,37839.9,35329.1,56675.0,22544.3,52530.6,56469.8,36226.7,49396.9,24549.1,52828.8,33373.0,28835.9,35784.3,38620.8,32657.3,32147.1,34631.9,64325.7,35031.1,35500.9,57961.0,15633.0,51326.3,22173.6,36221.6,49711.4,54437.8,49256.8,47544.9,53670.6,39646.8,59574.3,32362.5,53011.6,31823.7,11023.2,52834.7,31141.4,34226.3,19030.8
70019407,18088.1,34087.9,25924.4,28064.4,27831.2,26336.4,33022.5,39834.0,37037.4,12403.7,53833.5,53835.9,22050.0,10098.7,42278.8,28282.6,40042.9,50784.1,16562.2,40122.6,42863.3,30242.2,29780.4,27205.0,25454.4,16976.7,0.0,39900.1,23024.8,8748.4,34757.7,35584.0,20882.7,14150.1,10802.2,35779.8,33614.7,42731.9,19919.2,42678.7,34527.1,28398.5,35167.9,37587.3,29726.8,50923.4,49137.4,35205.6,43696.4,42124.8,8256.8,51477.6,39482.1,17586.1,55430.4,41501.6,23609.6,22199.3,32167.2,8939.4,36446.9,15589.0,30152.3,9874.5,29087.6,21619.7,34604.0,23220.2,38768.6,25954.7,34826.8,33223.4,35559.1,32499.1,25175.5,38734.9,29421.5,31336.7,48144.8,10233.3,43332.8,27006.9,40140.6,18157.3,39022.1,25588.1,10240.2,17918.4,23519.6,38682.6,34849.0,34584.9,17252.0,25916.0,13955.2,31862.8,34899.8,60482.5,30515.3,41066.9,40124.4,40098.2,44003.3,39839.6,39408.0,28595.9,10538.1,41904.3,36486.7,39440.9,25499.0,33450.5,44875.0,33963.0,29430.4,41109.3,42978.5,20611.6,26606.3,2214.8,30379.8,10362.4,46823.6,27587.6,41696.6,40665.8,31160.3,32285.3,45338.5,27478.8,26287.5,47633.3,33030.8,44373.2,42289.4,28670.9,41239.5,10368.7,43787.2,24667.6,20485.2,21604.0,24440.4,23217.1,23636.0,25590.3,55284.1,24670.1,27945.2,48919.4,15097.4,42284.7,12399.4,28665.9,46026.5,45396.1,35076.5,33364.5,45513.2,30605.2,50532.7,18182.1,38831.2,23473.0,8242.8,38654.3,25780.1,26495.2,19030.2
70019410,47192.1,9822.7,16890.6,16557.9,19005.9,16814.4,9185.6,1047.8,4252.7,32641.7,16515.4,16517.9,59572.9,32863.4,10945.6,13262.4,142.8,17593.4,25629.0,323.2,4222.5,12059.9,13211.9,14275.6,17933.6,49670.6,40473.2,0.0,19293.0,33085.5,9131.9,14820.0,53833.7,52248.9,37470.8,5594.4,11502.0,690.2,43397.3,4591.5,5937.6,19573.1,6021.7,5486.4,58830.7,17732.7,15946.8,3098.7,2962.7,10791.6,36135.6,28545.9,14884.3,36494.2,13924.1,12755.2,17296.6,59722.2,12752.8,35980.0,7702.9,28710.8,59256.2,35165.4,15684.4,19024.2,11980.6,19892.4,76291.5,15728.2,9201.1,8693.4,14795.2,12555.3,57130.2,3280.6,12324.0,9598.1,6463.0,37233.1,22568.9,14184.7,5757.3,24047.4,5108.9,17180.4,33004.9,23911.3,20191.8,3210.5,7844.7,8081.3,30373.8,56424.0,28787.9,11918.9,8967.8,35884.7,68038.2,11286.6,15526.6,15500.4,5916.1,9174.4,14810.2,15192.7,39125.7,10571.1,7742.7,5057.6,16922.6,8472.6,4618.1,13028.3,15895.8,2297.3,4891.3,42677.9,13784.2,39545.2,12020.6,32127.7,7194.3,13570.2,10363.4,1853.8,11216.4,9757.2,13838.7,13807.1,15375.6,11870.6,72045.7,6286.0,21525.4,17454.1,1730.4,32134.0,9404.0,17231.6,21588.2,18222.0,17707.8,19889.3,20308.2,15327.8,13602.3,17084.4,16728.4,13156.7,40588.2,3472.8,29450.4,17449.1,13543.2,11144.9,3227.9,6862.3,5256.2,12286.7,8850.8,25967.6,14233.4,21298.1,40080.4,14703.1,18344.2,17578.7,51090.5
70019414,32561.4,12840.3,4133.5,6275.7,4361.3,4196.1,11227.7,18039.2,15242.6,14964.2,32047.5,32050.0,44942.1,18232.7,18134.0,6487.8,18248.1,28998.2,7951.5,18327.8,20184.3,8447.4,7985.6,6894.4,3663.4,31993.1,25842.5,18105.3,0.0,15408.1,18775.8,27064.2,36156.2,37618.2,19793.3,13985.0,21145.9,18795.6,25719.9,19999.7,15261.3,3739.6,13373.1,15792.6,44200.0,29137.5,27351.5,15554.4,21017.4,17980.0,18458.1,38189.8,24528.2,18816.7,33635.7,19715.6,12030.6,45091.5,10381.2,18302.5,17346.7,13199.9,44625.5,17488.0,6102.0,9147.6,12818.0,3825.2,61660.8,4159.9,18845.0,11428.6,27039.4,10704.3,39452.7,16940.1,7626.7,12535.2,26350.0,19555.6,34813.1,10378.5,18345.8,9416.7,19123.1,3797.2,18374.1,9280.5,3347.8,16887.8,15217.8,14953.7,14862.9,38746.5,11110.4,10068.0,18611.7,45528.6,53407.5,19272.1,25170.5,25144.3,21324.3,18053.7,24454.1,5610.3,21448.2,17759.5,17386.6,17646.1,3708.1,11655.7,22196.0,11177.3,7641.7,19314.5,20299.4,25000.4,9977.9,21867.8,8585.0,17497.0,25028.8,7997.0,17551.7,18871.0,9365.5,12327.1,23552.5,6991.4,4492.7,25838.5,57415.0,21694.2,33769.6,5900.1,18560.5,17503.3,21992.4,2536.6,3910.7,9131.9,12441.7,3822.1,3311.9,3795.5,33489.3,7137.8,6156.5,27124.6,22910.7,20489.9,11772.9,5895.1,20731.5,23601.3,15425.2,13733.3,22834.2,8810.4,28737.9,9662.3,23877.3,5911.0,22403.0,23700.4,2104.7,4706.6,33413.0
70019420,26403.7,27052.8,18258.5,18996.2,16360.4,18443.9,25440.3,32251.7,29455.2,5478.8,40894.5,40896.9,27310.9,10748.5,32346.5,20700.3,32460.7,37845.1,8289.1,32540.4,34396.9,22660.0,22198.2,20942.2,17876.0,19576.4,8802.7,32317.9,14751.7,0.0,33837.3,34663.6,23739.4,19411.1,7376.6,28197.6,32694.3,33008.1,17423.5,34212.2,28573.9,16202.8,27585.6,30005.1,38042.3,37984.4,36198.4,29252.4,35229.9,32192.5,6041.4,50557.2,38561.7,10527.7,47848.2,31088.1,20003.3,27460.3,21827.9,5885.8,31024.7,11309.3,38467.8,5071.2,20019.4,18356.7,24719.7,16036.5,44029.6,18372.5,33906.4,25641.1,34638.7,24916.9,28032.3,31152.6,21839.3,25383.5,40562.6,7138.9,42412.4,21053.7,32558.3,16323.7,30835.6,18009.7,10510.6,16270.0,15559.1,31100.3,28895.8,28631.7,12972.3,28772.8,6023.1,24280.5,33979.4,59562.1,35776.3,33484.6,39204.0,39177.8,35536.8,30033.9,38487.6,19527.8,8295.2,31972.0,31064.6,31858.6,17920.6,25868.3,36408.6,24156.7,20362.2,33527.0,34512.0,16711.4,20653.1,6569.0,22797.6,11682.7,39241.3,22019.0,31764.3,33083.5,23578.1,26539.6,32399.5,21216.0,18705.2,40051.1,38291.7,35906.8,41369.0,19602.8,32773.0,11689.0,36205.0,16749.1,12212.1,17554.5,20414.4,16033.4,15523.2,18008.1,47701.9,18407.3,18877.0,41337.2,11755.0,34702.5,5549.7,19597.8,33087.5,37813.9,29123.3,27411.3,37046.7,23022.9,42950.5,17261.7,37910.8,15199.8,9986.2,37733.9,14517.6,17602.4,25116.7
70019425,41563.4,12034.8,16875.4,16542.7,18990.6,16799.1,7937.6,10099.4,12231.5,33485.5,26005.7,26008.2,53944.1,27234.7,17329.4,13638.4,9373.7,25133.7,26288.3,9689.9,9273.7,10901.3,13196.6,12979.4,17918.4,49446.8,34844.5,9643.0,19277.8,33929.4,0.0,6905.6,55069.0,46620.2,38314.6,13180.4,2688.9,9142.3,43382.1,9089.1,9139.8,19557.9,12568.5,13465.2,53202.0,25273.0,23487.0,7465.5,10106.8,17175.4,36979.4,19732.8,6071.2,36479.0,22383.9,19138.9,13975.6,54093.5,17930.1,36823.8,1707.7,23191.3,53627.5,36009.3,15669.1,16235.1,18364.5,18271.5,70662.8,15713.0,87.7,10623.1,6880.7,12540.0,57115.0,9789.3,12308.7,8301.9,14922.8,38076.9,14654.4,12888.5,13736.1,18438.1,5432.5,17165.2,27376.2,18199.3,18570.9,11189.3,4198.0,4434.6,24854.3,56408.8,27017.9,11903.7,160.6,27071.6,62409.5,18467.5,6713.4,6687.3,10413.7,15558.1,5997.0,15177.5,39233.2,16954.9,1747.6,13036.4,16907.4,10850.3,11285.4,13013.0,15880.5,11374.7,9388.9,42662.7,12488.0,36788.8,12005.4,26499.0,15654.1,12274.0,16747.1,10931.2,11201.2,8509.3,23321.3,12510.9,15360.4,21360.9,66417.0,10783.6,13611.0,17438.9,7649.9,26505.3,17382.8,17216.4,21573.0,16925.8,12567.2,18268.4,18687.3,15312.5,22062.1,15788.2,16713.1,22647.0,40572.9,11932.6,30129.7,17433.9,19926.9,19123.7,7336.3,7157.1,11923.6,10421.7,17310.6,18457.9,5420.3,21282.9,40924.3,5243.4,18328.9,17563.5,51075.3
70019426,42175.1,17625.2,22465.8,22133.0,24581.0,22389.5,13528.0,15704.0,17836.1,34097.2,31610.3,31612.8,54555.9,27846.4,22919.7,19228.7,14978.3,30724.1,26900.0,15294.5,14878.3,16491.7,18787.0,18569.8,26339.7,50058.5,35456.2,15247.6,27067.0,34541.1,6676.1,0.0,55680.7,47231.9,38926.3,18770.8,5533.1,14746.9,46800.4,14693.7,14730.1,25148.2,18158.8,19069.8,53813.7,30863.4,29077.4,13055.9,15711.4,22765.7,37591.1,15999.7,11400.5,39897.3,27988.5,24729.3,14587.3,54705.2,23520.5,37435.5,8365.3,23803.0,54239.2,36621.0,21259.5,16846.8,23954.9,24112.8,71274.5,21303.3,6745.2,16213.5,120.0,18130.4,59973.5,15393.9,17899.1,13892.3,20527.4,38688.6,7855.0,14424.5,19340.8,19049.8,11037.2,22755.5,27987.9,18811.0,24412.2,16793.9,9788.4,10024.9,25466.0,59827.1,27629.6,17494.0,6818.2,25156.7,63021.2,24057.8,12042.8,12016.6,16018.3,21148.5,11326.4,20767.8,39844.9,22545.2,8405.2,18641.0,22497.8,16440.6,16890.1,18603.4,21470.9,16979.3,14993.5,46081.0,14726.9,37400.6,17595.7,27110.7,21258.7,17864.3,22337.5,16535.8,16791.6,14099.6,28911.6,18101.3,20950.7,26965.5,67028.7,16388.3,6811.5,23029.3,13254.5,27117.0,22987.4,25552.2,28480.4,17882.0,13178.9,24109.7,24528.6,20902.9,27666.7,20121.2,22303.5,28251.6,43991.3,17537.2,30741.4,23024.2,25517.2,24728.3,12926.7,12747.4,17528.2,16012.1,22915.2,19069.6,10749.6,29618.7,41536.0,10572.7,26664.8,23153.8,54493.6
70019429,26887.1,47820.9,39026.6,39764.3,37128.4,39212.0,46208.4,53019.8,50223.3,23004.9,61662.6,61665.0,17402.4,30318.3,53114.6,41468.4,53228.8,58613.2,29057.2,53308.5,55164.9,43428.0,42966.3,41710.3,38644.1,6937.7,21101.9,53086.0,35519.8,23479.4,54977.2,55803.5,0.0,9258.9,17726.8,48965.7,53834.2,53776.2,20399.6,54980.3,49342.0,36970.9,48353.7,50773.2,25878.2,58752.5,56966.5,50020.5,55998.0,52960.6,18082.2,71697.1,59701.6,20723.2,68616.3,51856.2,40771.3,17551.8,42596.0,18764.9,56666.4,35808.6,26303.7,19700.0,40787.5,41839.2,45487.8,36804.6,25352.4,39140.6,55046.4,46409.2,55778.6,45685.0,4674.0,51920.7,42607.3,46151.6,61330.7,17157.8,63552.4,41821.7,53326.4,38376.8,51603.7,38777.8,30459.8,38137.9,36327.2,51868.4,49663.9,49399.8,37471.6,5414.5,29621.9,45048.6,55119.3,80702.0,15625.7,54252.7,60343.9,60317.8,56304.9,50801.9,59627.5,40295.9,20363.5,52740.1,56706.3,52626.7,38688.7,46636.4,57176.7,44924.8,41130.3,54295.1,55280.1,21092.0,41421.2,19026.7,43565.6,30581.9,60009.4,42787.1,52532.4,53851.6,44346.1,47307.7,53167.6,41984.1,39473.3,60819.2,25613.6,56674.9,62508.9,40370.9,53541.1,30588.3,56973.1,37517.2,32980.2,38322.6,41182.5,36801.5,36291.3,38776.1,68470.0,39175.4,39645.1,62105.3,17180.5,55470.5,26317.8,40365.9,53855.6,58582.0,49891.3,48179.4,57814.8,43791.0,63718.5,38401.6,59050.8,35967.9,15167.4,58873.8,35285.7,38370.5,12357.7
70019455,18062.7,45483.1,37319.6,39459.6,39226.4,37731.6,44417.7,51229.2,48432.6,20705.1,65228.7,65231.1,10471.3,21493.9,53674.0,39677.8,51438.1,62179.3,27348.1,51517.8,54258.5,41637.4,41175.6,38600.2,36849.6,3276.5,14147.8,51295.3,33810.7,19534.2,46152.9,46979.2,8898.7,0.0,15426.9,47175.0,45009.9,54127.1,22697.9,54073.9,45922.3,39793.7,46563.1,48982.5,19408.3,62318.6,60532.6,46600.8,55091.6,53520.0,15782.4,62872.8,50877.3,23659.4,66825.6,52896.8,35004.8,10620.7,43562.4,16465.1,47842.1,26984.2,19833.8,17400.2,40482.8,33014.9,45999.2,34615.4,27189.9,37349.9,46222.0,44618.6,46954.3,43894.3,13191.5,50130.1,40816.7,42731.9,59540.0,14858.0,54728.0,38402.1,51535.8,29552.5,50417.4,36983.3,21635.4,29313.6,34914.8,50077.8,46244.2,45980.1,28647.2,13932.0,26749.0,43258.0,46295.0,71877.7,18936.6,52462.1,51519.6,51493.4,55398.5,51234.8,50803.2,39991.1,18063.7,53299.5,47881.9,50836.1,36894.2,44845.7,56270.2,45358.2,40825.6,52504.5,54373.7,23390.3,38001.5,13050.8,41775.0,21757.6,58218.8,38982.8,53091.8,52061.0,42555.5,43680.5,56733.7,38874.0,37682.7,59028.5,21452.1,55768.4,53684.6,40066.1,52634.7,21763.9,55182.4,36062.8,31271.1,32999.2,35835.6,34612.3,35031.2,36985.5,66679.3,36065.3,39340.4,60314.6,17477.4,53679.9,23185.2,40061.1,57421.7,56791.3,46471.7,44759.7,56908.4,42000.4,61927.9,29577.3,50226.4,34258.8,12867.6,50049.5,37175.3,37890.4,20875.2
70019459,26659.7,30322.1,21527.8,22265.5,19629.6,21713.2,28709.5,35521.0,32724.4,5506.0,44163.7,44166.2,22696.2,18263.2,35615.8,23969.6,35729.9,41114.4,11558.3,35809.6,37666.1,25929.2,25467.4,24211.5,21145.2,13385.6,8819.7,35587.1,18020.9,5980.5,37106.6,37932.8,17548.7,15706.9,0.0,31466.8,35963.5,36277.4,13165.0,37481.5,31843.2,19472.1,30854.9,33274.4,32326.2,41253.7,39467.7,32521.7,38499.2,35461.8,583.4,53826.4,41831.0,8460.4,51117.5,34357.4,23272.5,22845.6,25097.1,1266.0,34294.0,16806.8,32751.7,2201.2,23288.7,21626.0,27988.9,19305.8,39456.5,21641.7,37175.7,28910.4,37908.0,28186.1,21841.5,34421.9,25108.5,28652.8,43831.8,948.1,45681.7,24322.9,35827.6,19593.0,34104.8,21279.0,18025.3,19539.2,18828.4,34369.6,32165.0,31901.0,18469.8,22582.0,12123.1,27549.8,37248.7,62831.4,31203.2,36753.9,42473.2,42447.1,38806.1,33303.1,41756.8,22797.0,2864.7,35241.3,34333.8,35127.9,21189.9,29137.5,39677.8,27426.0,23631.5,36796.3,37781.2,13857.5,23922.3,7288.3,26066.8,19197.4,42510.6,25288.3,35033.5,36352.8,26847.3,29808.9,35668.7,24485.3,21974.5,43320.3,33718.7,39176.0,44638.3,22872.0,36042.3,19203.7,39474.2,20018.4,15481.3,20823.7,23683.7,19302.7,18792.5,21277.3,50971.1,21676.5,22146.3,44606.4,6324.6,37971.7,8819.0,22867.0,36356.8,41083.1,32392.5,30680.5,40316.0,26292.2,46219.7,20531.0,41180.1,18469.1,3795.4,41003.1,17786.8,20871.7,15702.5
70019470,43232.3,4825.5,12930.8,12598.0,13153.2,12854.5,6626.3,4879.8,1520.4,28681.8,17100.2,17102.7,55613.0,28903.5,6246.5,9302.5,5088.8,14050.9,21669.1,5168.5,8478.0,8100.1,9252.0,12751.4,13973.8,45710.8,36513.4,4946.0,15333.2,29125.7,12833.8,18521.9,49873.8,48289.1,33511.0,0.0,15203.9,5636.2,39437.5,8293.4,4320.4,15613.3,1322.5,2070.4,54870.9,14190.2,12404.2,5750.6,9311.1,6092.5,32175.8,32247.8,18586.2,32534.4,21748.2,8056.0,16033.9,55762.4,8053.6,32020.2,11404.8,24750.9,55296.4,31205.6,11724.5,19371.2,7281.5,15932.5,72331.7,11768.4,12903.0,4323.0,18497.1,8595.4,53170.4,5233.8,8364.1,7770.1,14462.6,33273.3,26270.8,12922.0,7262.0,20087.6,8810.8,13220.6,29045.0,19951.4,16232.0,4715.2,9189.6,8925.5,26413.9,52464.1,24828.0,7959.1,12669.7,39586.6,64078.4,7384.6,19228.5,19202.4,9618.0,4475.3,18512.1,11232.9,35165.9,5872.0,11444.6,6562.3,12962.8,4512.8,10489.8,8240.1,11935.9,6155.1,8593.2,38718.1,12521.4,35585.4,8060.8,28167.9,13141.3,10781.3,5664.3,5711.6,7256.6,7725.7,12238.4,11344.2,11415.8,13951.1,68085.9,9987.9,25227.3,13494.3,6854.2,28174.2,10908.6,13271.8,17628.4,16959.2,16445.0,15929.5,16348.3,11367.9,21601.9,15461.7,12768.5,15237.2,36628.3,7330.6,25490.5,13489.3,8844.0,11713.9,5879.8,7705.1,11127.9,8326.9,16850.4,20333.2,17935.3,17338.3,36120.6,18405.0,14384.3,13618.9,47130.7
70019475,39292.9,14362.1,19202.6,18869.9,21317.9,19126.4,10264.9,12426.6,14558.7,31215.0,28332.9,28335.4,51673.7,24964.2,19656.6,15965.6,11700.9,27461.0,24017.8,12017.2,11601.0,13228.6,15523.9,15306.7,20245.6,47176.3,32574.0,11970.3,24184.8,31658.9,2345.8,4635.1,52798.5,44349.7,36044.1,15507.6,0.0,11469.6,43918.3,11416.3,11467.0,21885.1,14895.7,15792.4,50931.5,27600.2,25814.3,9792.7,12434.0,19502.6,34708.9,20528.7,7070.2,37015.1,24711.1,21466.1,11705.1,51823.0,20257.4,34553.3,4035.0,20920.8,51357.0,33738.8,17996.4,13964.6,20691.8,21230.6,68392.3,18040.2,2414.9,12950.3,4610.2,14867.3,57091.3,12116.6,14636.0,10629.2,17250.0,35806.4,12383.9,11542.3,16063.4,16167.6,7759.8,19492.4,25105.7,15928.8,21530.0,13516.6,6525.2,6761.8,22583.8,56944.9,24747.4,14230.9,2487.9,28070.6,60139.0,20794.7,7712.4,7686.3,12740.9,17885.4,6996.0,17504.7,36962.7,19282.1,4074.8,15363.7,19234.7,13177.5,13612.7,15340.3,18207.8,13701.9,11716.1,43198.8,11844.7,34518.3,14332.6,24228.5,17981.3,14601.2,19074.4,13258.4,13528.4,10836.5,25648.5,14838.2,17687.6,23688.2,64146.5,14147.7,11340.5,19766.1,9977.1,24234.8,19710.0,19543.6,25598.2,14999.8,10296.7,21227.5,21646.4,17639.8,24389.3,17239.0,19040.4,24974.3,41109.1,14259.8,27859.2,19761.1,22254.1,21451.0,9663.6,9484.3,14250.8,12749.0,19637.9,16187.4,6419.3,23610.1,38653.8,6242.3,20656.2,19890.7,51611.4
70019476,47462.4,10093.0,17160.9,16828.2,19276.2,17084.7,9455.9,1002.6,4207.4,32912.0,16470.2,16472.6,59843.2,33133.7,10900.4,13532.6,212.8,17548.2,25899.3,593.5,4177.3,12330.2,13482.2,14545.9,18203.9,49940.9,40743.5,482.1,19563.3,33355.8,9402.2,15090.3,54104.0,52519.2,37741.1,5549.2,11772.3,0.0,43667.6,5483.3,6207.9,19843.4,5976.4,5441.1,59101.0,17687.5,15901.5,3369.0,2917.5,10746.4,36405.9,28816.2,15154.6,36764.5,13878.9,12709.9,17566.9,59992.5,12707.5,36250.3,7973.1,28981.0,59526.5,35435.7,15954.7,19294.5,11935.4,20162.7,76561.8,15998.5,9471.4,8963.7,15065.5,12825.6,57400.5,3550.9,12594.2,9868.4,6417.7,37503.4,22839.2,14455.0,5712.1,24317.7,5379.2,17450.7,33275.2,24181.6,20462.1,3165.3,8115.0,8351.6,30644.1,56694.3,29058.1,12189.2,9238.1,36155.0,68308.5,11241.4,15796.9,15770.7,6186.4,9129.2,15080.5,15463.0,39396.0,10525.9,8013.0,5012.4,17192.9,8742.9,4572.8,13298.5,16166.1,2252.1,5161.6,42948.2,14054.5,39815.5,12290.9,32398.0,7149.1,13840.4,10318.2,1808.6,11486.7,10027.5,13793.5,14077.4,15645.9,11825.4,72316.0,6556.3,21795.7,17724.4,1859.0,32404.3,9358.7,17501.9,21858.5,18492.3,17978.1,20159.6,20578.5,15598.1,13557.0,17354.7,16998.7,13111.5,40858.5,3427.5,29720.6,17719.4,13497.9,11099.7,3498.2,7132.6,5211.0,12557.0,8805.6,26237.9,14503.7,21568.4,40350.7,14973.4,18614.5,17849.0,51360.8
70019480,41881.9,37103.4,28309.1,29046.8,26410.9,28494.5,35490.8,42302.2,39505.7,12869.3,50945.0,50947.5,38244.9,26226.7,42397.0,30750.8,42511.2,47895.6,19499.0,42590.9,44447.4,32710.5,32248.7,31934.5,27926.5,20514.1,19877.9,42368.4,24802.2,16793.2,45047.3,45873.5,20534.9,22835.3,12646.2,38248.1,43904.3,43058.6,0.0,44262.8,39524.4,26253.3,37636.2,40055.6,39454.6,48034.9,46249.0,39817.5,45280.4,42243.0,12067.3,61767.1,49771.7,7186.8,57898.7,41138.6,31213.2,38394.3,31878.4,12750.0,41609.8,24747.5,39880.1,11408.4,30070.0,31409.4,34770.2,26087.1,37778.1,28423.0,45116.4,35691.6,45848.7,34967.4,16025.1,41203.2,31889.8,36798.2,50613.1,12408.5,53622.4,33885.3,42608.9,27533.7,43386.2,28060.3,25988.8,27479.9,25609.6,41150.8,39480.8,39216.8,26410.5,15318.9,20063.8,34331.1,42874.8,70772.1,33184.6,43535.1,50413.9,50387.8,45587.3,40084.4,49697.5,29578.3,10168.1,42022.5,41649.6,41909.2,27971.2,35918.8,46459.1,34207.3,30412.7,43577.6,44562.5,1014.1,33484.8,17802.7,32848.1,27160.8,49291.9,32260.0,41814.8,43134.1,33628.6,36590.1,42450.0,32208.3,28755.8,50101.6,43621.9,45957.3,52579.0,29653.3,42823.6,27167.2,46255.5,26799.7,22262.6,28764.4,31624.4,26084.0,25573.7,28058.6,57752.4,29399.6,28927.6,51387.7,7618.3,44753.0,16759.7,29648.3,43138.0,47864.4,39688.3,37996.3,47097.2,33073.4,53001.0,28471.7,49120.8,25250.3,13882.2,48943.8,24568.1,27652.9,9985.4
70019482,47782.9,10413.5,17481.4,17148.7,19596.6,17405.1,9776.3,4181.4,6313.5,33232.5,20087.7,20090.2,60163.6,33454.2,13006.5,13853.1,3455.7,19654.3,26219.7,3772.0,2593.7,12650.7,13802.6,14866.4,18524.4,50261.4,41064.0,3725.1,19883.8,33676.3,9527.7,15215.8,54424.4,52839.7,38061.6,7655.2,11897.7,3224.3,43988.1,0.0,6528.4,20163.9,8082.5,7547.2,59421.5,19793.6,18007.6,3689.5,3426.8,12852.5,36726.4,27552.1,13621.4,37085.0,16465.9,14816.0,17887.4,60313.0,14813.6,36570.8,8098.6,29301.5,59847.0,35756.2,16275.1,19615.0,14041.5,20483.1,76882.3,16319.0,9596.8,9284.2,15190.9,13146.0,57721.0,3871.4,12914.7,10188.9,9004.8,37823.9,22964.6,14775.5,7818.2,26343.6,5504.6,17771.2,33595.6,26104.7,20782.6,5271.4,8240.5,8477.1,30964.5,57014.8,29378.6,12509.7,9363.5,34890.9,68629.0,13347.5,14263.6,14237.5,3733.6,11235.3,13547.2,15783.5,39716.5,12632.0,8138.4,7118.4,17513.4,9063.4,4605.4,13619.0,16486.5,5456.7,2708.8,43268.7,14374.9,40136.0,12611.4,32718.5,9736.1,14160.9,12424.2,5013.2,11807.2,10348.0,15899.6,14397.9,15966.4,15443.0,72636.5,4103.6,21921.2,18044.9,1731.9,32724.8,11464.8,17822.4,22179.0,18812.7,18298.5,20480.1,20899.0,15918.5,16144.1,17675.2,17319.1,16729.0,41178.9,6014.6,30041.1,18039.9,15604.0,13205.8,3818.7,7453.1,5243.5,12877.5,11392.7,26363.3,13058.3,21888.9,40671.2,12520.6,18934.9,18169.5,51681.3
70019495,41046.8,6438.1,13506.1,13173.3,15621.3,13429.8,4112.4,5391.5,4944.3,29257.1,18865.9,18868.4,53427.5,26718.1,9821.0,9877.8,5600.5,17625.3,22244.4,5680.2,7536.6,8675.3,9827.3,9202.4,14549.1,46286.0,34327.9,5457.7,15908.4,29700.9,9291.7,14969.8,50449.1,46103.6,34086.2,5672.0,11661.7,6147.9,40012.7,7352.0,0.0,16188.5,4240.5,5289.4,52685.4,17764.6,15978.7,2658.9,8369.7,9667.0,32751.0,28705.7,15044.0,33109.6,22018.3,11630.5,12223.4,53576.9,11628.3,32595.4,7862.6,25326.2,53110.9,31780.8,12299.8,13951.0,10856.1,14494.5,70146.2,12343.6,9360.8,5308.8,14945.0,9170.7,53745.6,4292.4,8939.4,4524.9,14732.6,33848.5,22718.7,9111.5,6596.4,18299.8,7869.4,13795.8,26859.5,18061.0,14793.9,4240.1,5733.6,5469.6,26989.2,53039.4,25403.3,8534.3,9127.5,36044.4,61892.9,10959.1,15686.3,15660.2,8676.6,8049.7,14969.9,11808.1,35741.1,9446.5,7902.4,5896.7,13538.1,5088.0,9548.3,9643.7,12511.2,6666.8,7651.8,39293.3,8711.0,36272.2,8636.0,25982.4,13411.4,8497.0,9238.7,6223.3,7831.9,4684.0,15812.9,8733.9,11991.0,14221.2,65900.4,9046.5,21675.2,14069.6,5912.8,25988.7,10243.0,13847.0,18203.6,13148.8,12634.6,14491.4,14910.3,11943.2,21872.0,12011.2,13343.8,15507.3,37203.6,7842.2,24608.0,14064.5,12418.5,11984.0,2529.8,4249.1,10186.5,6644.7,17120.5,18319.6,14393.2,17913.6,36695.8,14216.2,14959.6,14194.1,47705.9
70019508,34381.1,10058.9,2902.1,3639.8,895.6,3087.5,11600.8,18412.3,15615.8,15439.1,25834.4,25836.9,46761.8,21359.5,17008.3,6860.9,18621.2,22785.1,10076.1,18701.0,20557.4,8820.5,6477.3,8447.8,5215.3,32468.0,27662.2,18478.4,3740.2,15882.9,19148.9,24827.1,36631.0,39437.9,20268.2,14358.2,21519.0,19168.7,26194.7,20372.8,15634.4,0.0,13746.2,16165.7,46019.7,22924.4,21138.4,15927.5,21390.5,16854.3,18933.0,38562.9,24901.3,19291.6,34008.8,16231.0,12173.9,46911.2,6363.1,18777.4,17719.9,15889.3,46445.2,17962.8,4663.0,10521.3,9363.3,5949.9,63480.5,4769.7,19218.1,11801.7,24802.2,9164.9,39927.6,17313.2,7999.8,12908.3,26723.2,20030.5,32576.0,10751.6,18718.9,11226.0,19496.2,3191.9,21501.0,11089.8,5472.4,17260.9,15590.9,15326.8,17552.3,39221.4,13235.0,10441.1,18984.8,45901.7,55227.2,19645.2,25543.6,25517.5,21697.4,14569.1,24827.2,4171.4,21923.1,16633.8,17759.7,18019.2,5260.0,12028.8,22569.1,8692.0,5005.8,19687.6,20672.6,25475.3,10351.0,22342.6,8958.1,20623.9,25401.9,7795.2,16426.0,19244.1,9738.6,12700.2,17339.5,7351.5,4258.8,26211.7,59234.7,22067.3,31532.5,4246.4,18933.6,20630.2,22365.5,4449.8,4635.0,10505.6,12585.1,5946.8,5436.5,5041.7,33862.5,8511.5,3520.6,27497.8,23385.5,20863.0,13426.5,4241.3,18027.5,23974.5,15798.3,14106.4,23207.3,9183.5,29111.0,12081.6,24250.4,4453.8,22877.8,24073.5,1687.2,2246.0,33887.9
70019519,41507.4,3522.3,11205.9,10873.1,13321.1,11129.6,4901.4,5712.9,2353.5,26956.9,17024.2,17026.6,53888.1,27178.6,6170.4,7577.6,5921.9,13974.8,19944.2,6001.6,8851.7,6375.1,7527.1,11026.5,12248.9,43985.8,34788.5,5779.1,13608.2,27400.7,12449.5,18127.7,48148.9,46564.1,31786.0,1013.6,14819.5,6469.3,37712.5,8667.1,3928.8,13888.3,0.0,2903.4,53146.0,14114.1,12328.1,6124.3,9684.8,6016.4,30450.8,31863.5,18201.8,30809.4,21672.1,7980.0,14308.9,54037.5,7977.6,30295.2,11020.4,23026.0,53571.5,29480.6,9999.6,17646.2,7205.5,14207.6,70606.7,10043.4,12518.6,3009.8,18102.8,6870.5,51445.4,5607.5,6639.2,6045.2,14386.5,31548.3,25876.5,11197.1,7013.2,18362.7,9184.5,11495.6,27320.1,18226.5,14507.0,5555.2,8891.4,8627.4,24689.0,50739.2,23103.1,6234.1,12285.4,39202.3,62353.4,7308.5,18844.1,18818.0,9991.7,4399.2,18127.7,9507.9,33440.9,5795.9,11060.2,6313.5,11237.9,2787.8,10863.5,7343.5,10211.0,6988.2,8966.9,36993.1,10796.5,33860.5,6335.8,26442.9,13065.3,9056.3,5588.2,6544.7,5531.7,6000.7,12162.4,9619.3,9690.8,13875.0,66360.9,10361.7,24833.1,11769.4,7227.9,26449.2,10659.9,11546.8,15903.4,15234.3,14720.1,14204.5,14623.4,9643.0,21525.8,13736.8,11043.6,15161.1,34903.4,8163.6,23765.6,11764.3,8768.0,11637.8,6253.5,7406.9,11501.6,6601.9,16774.4,18608.3,17551.0,15613.3,34395.6,18778.7,12659.4,11893.9,45405.7
70019525,44902.0,6619.3,14600.5,14267.8,16715.7,14524.3,8296.1,4944.6,1585.2,30351.6,15269.8,15272.2,57282.8,30573.3,5109.1,10972.2,5153.5,12220.4,23338.8,5233.2,8542.8,9769.8,10921.7,14134.0,15643.5,47380.5,38183.1,5010.7,17002.9,30795.4,12898.6,18586.7,51543.5,49958.8,35180.7,2216.6,15268.6,5701.0,41107.2,8358.2,5795.9,17283.0,2643.8,0.0,56540.6,12359.7,10573.7,5815.4,9375.9,5324.9,33845.5,32312.6,18651.0,34204.1,19048.0,6918.6,17154.9,57432.1,9374.9,33689.9,11469.5,26420.6,56966.1,32875.3,13394.2,21040.9,8144.7,17602.3,74001.4,13438.1,12967.7,6404.4,18561.8,10265.1,54840.1,5298.6,10033.8,9439.8,11762.4,34943.0,26335.6,14043.1,4763.4,21757.3,8875.6,14890.3,30714.8,21621.1,17901.7,2129.8,10665.1,10401.1,28083.6,54133.9,26497.7,9628.8,12734.5,39651.4,65748.1,4684.4,19293.2,19267.1,9682.8,3591.0,18576.8,12902.6,36835.6,4734.6,11509.3,4063.7,14632.5,6182.5,10554.5,9561.4,13605.7,6219.9,8657.9,40387.8,13642.5,37255.1,9730.5,29837.6,10441.1,12451.0,4526.9,5776.4,8926.3,9395.4,8465.7,13014.0,13085.5,11250.9,69755.6,10052.7,25292.1,15164.0,6919.0,29843.9,8410.0,14941.5,19298.1,18080.3,17566.1,17599.2,18018.1,13037.7,18901.7,17131.4,14438.3,12537.0,38298.1,7395.3,27160.2,15159.0,7706.6,9013.7,5944.6,9180.6,11192.6,9996.6,14150.2,22003.0,18000.1,19008.0,37790.3,18469.7,16054.1,15288.6,48800.4
70019527,16612.4,53862.2,45698.7,47838.6,47605.5,46110.6,52796.8,59608.2,56811.7,44040.5,73607.7,73610.2,11388.8,29873.0,62053.0,48056.8,59817.2,70558.3,40882.3,59896.9,62637.6,50016.4,49554.7,46979.3,45228.6,21404.0,31669.9,59674.4,45948.7,39698.4,54532.0,55358.2,26514.0,20133.3,33042.2,55554.1,53388.9,62506.2,40313.2,62453.0,54301.4,48172.7,54942.1,57361.6,0.0,70697.6,68911.7,54979.9,63470.6,61899.0,33397.7,71251.8,59256.3,49485.4,75204.7,61275.8,43383.8,11538.2,51941.4,34080.4,56221.2,35363.3,425.5,35015.5,48861.8,41393.9,54378.2,42994.5,22029.1,45729.0,54601.1,52997.6,55333.4,52273.4,33936.7,58509.1,49195.7,51111.0,67919.1,32473.3,63107.1,46781.1,59914.8,37931.5,58796.4,45362.3,30014.5,37692.7,43293.9,58456.8,54623.2,54359.2,37026.3,34677.2,38446.9,51637.0,54674.0,80256.7,19854.1,60841.1,59898.6,59872.5,63777.5,59613.9,59182.2,48370.2,35679.0,61678.5,56261.0,59215.1,45273.3,53224.8,64649.3,53737.3,49204.6,60883.5,62752.7,41005.6,46380.5,33614.2,50154.0,30136.7,66597.8,47361.8,61470.8,60440.0,50934.5,52059.5,65112.7,47253.1,46061.7,67407.6,14070.0,64147.5,62063.6,48445.2,61013.8,30143.0,63561.5,44441.8,46528.2,41378.2,44214.7,42991.4,43410.3,45364.5,75058.4,44444.4,47719.4,68693.7,35092.7,62058.9,40188.0,48440.2,65800.7,65170.4,54850.7,53138.7,65287.4,50379.4,70306.9,37956.3,58605.5,48508.3,30482.9,58428.5,45554.4,46269.5,41620.4
70019529,57385.4,16205.7,25910.7,26648.4,26311.9,26096.1,17882.4,18460.8,15101.4,37109.5,4096.1,4098.6,69766.1,44363.8,9212.0,20558.6,18669.7,1046.8,35849.9,18749.4,22059.0,19356.2,20508.1,24007.5,28218.1,54138.4,50666.5,18526.9,29514.0,37553.3,25430.5,31108.7,58301.5,62442.1,41938.6,13843.8,27800.6,19217.1,47865.1,21874.3,17757.7,26879.1,14009.6,12358.5,69024.0,0.0,1925.0,19331.6,22892.0,9058.0,40603.4,44844.5,31182.9,40962.0,17205.4,11650.6,27290.0,69915.5,17022.6,40447.8,24001.5,38893.6,69449.5,39633.2,22980.6,33524.1,15891.0,30085.5,86484.8,23024.5,25499.7,15990.8,31083.8,20231.9,61598.0,18814.7,19620.2,19026.2,14700.3,41700.9,38857.6,24178.1,14574.2,34230.3,22391.7,26200.4,44505.3,34094.1,30675.8,15649.8,21872.5,21608.4,40556.6,60891.8,39008.8,21274.8,25266.4,52183.3,78231.4,8702.0,31825.2,31799.0,23198.9,11200.4,31108.8,22489.0,43593.5,8984.8,24041.3,13874.5,24218.9,15768.9,20412.3,19758.9,21287.2,18828.9,22174.1,47145.7,23777.5,52610.8,19316.9,43628.1,13379.0,22037.4,9704.2,18602.4,18512.7,18981.8,5773.9,22600.4,22671.9,7367.0,82238.9,23568.9,37814.1,24981.5,20435.1,43634.4,9342.0,27452.5,30640.6,28215.3,27701.1,30082.4,30816.6,22624.0,18328.7,26717.8,26529.2,7251.1,45056.0,17558.7,39671.3,24986.6,6791.0,11965.5,19460.7,20388.0,24708.8,19583.0,17088.1,35085.8,30532.0,29477.6,44548.2,30355.1,28565.1,24918.7,55558.3
70019539,55543.4,14363.7,24068.7,24806.4,24469.9,24254.1,16040.5,16618.8,13259.4,35267.5,5255.2,5257.7,67924.1,42521.8,7370.0,18716.6,16827.7,2205.9,34007.9,16907.4,20217.0,17514.2,18666.1,22165.6,26376.1,52296.4,48824.5,16684.9,27672.0,35711.3,23588.6,29266.7,56459.5,60600.1,40096.6,12001.8,25958.6,17375.1,46023.1,20032.3,15915.8,25037.2,12167.6,10516.5,67182.0,2345.2,0.0,17489.6,21050.0,7216.0,38761.4,43002.6,29340.9,39120.0,18364.5,9808.6,25448.0,68073.5,15180.6,38605.8,22159.5,37051.6,67607.5,37791.2,21138.6,31682.1,14049.0,28243.5,84642.8,21182.5,23657.7,14148.8,29241.8,18389.9,59756.0,16972.7,17778.2,17184.2,15859.4,39858.9,37015.6,22336.1,12732.2,32388.3,20549.7,24358.5,42663.3,32252.1,28833.8,13807.8,20030.5,19766.4,38714.6,59049.8,37166.8,19432.9,23424.4,50341.3,76389.4,6860.0,29983.2,29957.1,21356.9,9358.4,29266.8,20647.0,41751.5,7142.8,22199.3,12032.5,22376.9,13926.9,22228.7,17916.9,19445.2,17070.3,20332.1,45303.7,21935.6,50768.8,17474.9,41786.1,14538.1,20195.4,7862.2,17450.6,16670.7,17139.8,3931.9,20758.4,20829.9,8526.1,80396.9,21726.9,35972.1,23139.6,18593.1,41792.4,10501.1,25610.6,28798.6,26373.4,25859.2,28240.4,28974.6,20782.1,19487.8,24875.8,24687.2,8410.2,43214.0,18717.8,37829.3,23144.6,4949.0,13124.7,17618.7,18546.0,22866.8,17741.0,18247.3,33243.9,28690.0,27635.6,42706.2,28513.1,26723.1,23076.7,53716.3
70019549,41430.4,8641.4,13481.9,13149.2,15597.2,13405.7,4544.2,5167.6,5501.4,28347.4,19275.6,19278.1,53811.1,27101.6,12194.4,10244.9,4441.9,18842.2,22220.3,4758.2,4342.0,7507.9,9803.2,9586.0,14525.0,45376.3,34711.5,4711.3,15884.3,28791.2,8697.8,14385.8,49539.4,46487.1,33176.5,6843.1,11067.8,4210.5,39988.6,4157.3,3171.6,16164.4,7270.4,6735.1,53069.0,18981.5,17195.5,0.0,5175.0,12040.4,31841.3,28111.8,14450.1,33085.5,17452.1,14003.9,12606.9,53960.5,14001.5,31685.7,7268.7,23058.2,53494.5,30871.1,12275.7,14334.6,13229.4,14878.1,70529.8,12319.5,8766.9,7229.7,14361.0,9146.6,53721.5,3059.3,8915.3,4908.5,9991.0,32938.8,22134.7,9495.1,7006.1,18683.4,4674.7,13771.7,27243.1,18444.5,15177.5,4459.3,4435.3,4171.3,24721.3,53015.3,25379.2,8510.2,8533.6,35450.5,62276.4,12535.4,15092.4,15066.3,5481.9,10423.2,14376.0,11784.0,35717.0,11819.9,7308.5,6306.3,13514.0,8251.3,6353.7,9619.6,12487.1,6442.9,4457.1,39269.2,9094.5,36655.8,8611.9,26365.9,13821.1,8880.5,11612.1,5999.4,7807.8,5115.8,15087.5,9117.5,11966.9,14630.8,66283.9,5851.9,21091.3,14045.5,2718.1,26372.2,10652.7,13822.9,18179.5,13532.3,13018.1,14875.0,15293.9,11919.1,17130.3,12394.8,13319.7,15916.9,37179.5,7000.8,24991.5,14040.4,14791.9,12393.6,129.2,3763.6,6991.8,7028.3,12378.9,18703.1,13799.2,17889.4,35786.1,14268.9,14935.5,14170.0,47681.8
70019554,49559.4,12189.9,19257.9,18925.1,21373.1,19181.6,11552.8,3140.0,8090.0,35008.9,17945.2,17947.7,61940.1,35230.6,14782.9,15629.6,2819.9,21430.7,27996.2,3200.7,1259.8,14427.1,15579.1,16642.8,20300.9,52037.8,42840.5,3467.1,21660.2,35452.7,11304.1,16992.2,56200.9,54616.1,39838.0,9431.7,13674.2,3089.9,45764.5,2565.8,8304.8,21940.3,9858.9,9323.7,61198.0,21570.0,19784.1,5465.9,0.0,14628.9,38502.8,27672.5,13741.8,38861.4,15353.9,16592.5,19663.8,62089.5,16590.1,38347.2,9875.1,31078.0,61623.5,37532.6,18051.6,21391.5,15817.9,22259.6,78658.7,18095.4,11373.3,11060.6,16967.4,14922.5,59497.4,5647.8,14691.2,11965.3,7892.8,39600.3,24741.1,16551.9,9594.6,28120.0,7281.1,19547.6,35372.1,27881.2,22559.0,7047.8,10016.9,10253.5,32741.0,58791.2,31155.1,14286.1,11140.0,35011.3,70405.4,15123.9,14384.0,14357.9,3854.1,13011.7,13667.6,17559.9,41492.9,14408.4,9914.9,8894.9,19289.9,10839.9,1655.3,15395.5,18263.0,4415.3,2829.2,45045.1,16151.4,41912.5,14387.8,34494.9,8624.1,15937.4,14200.7,3971.8,13583.7,12124.4,17676.0,16174.3,17742.8,13300.4,74412.9,4224.0,23697.6,19821.4,3508.4,34501.2,13241.3,19598.8,23955.4,20589.2,20075.0,22256.5,22675.4,17695.0,15032.1,19451.7,19095.6,14586.5,42955.4,4902.6,31817.6,19816.3,17380.5,14982.2,5595.1,9229.6,2293.5,14654.0,10280.7,28139.8,13178.7,23665.4,42447.7,12641.0,20711.4,19945.9,53457.7
70019576,48062.4,8488.2,16587.7,16136.7,16988.9,16773.1,10165.0,10743.3,7383.9,30141.4,13086.6,13089.1,60443.1,35040.8,827.1,12841.1,10952.2,10037.3,26526.9,11031.9,14341.5,11638.7,12790.6,16290.1,18895.1,47170.3,41343.5,10809.4,20191.0,30585.3,17713.1,23391.2,51333.4,53119.1,34970.6,6126.3,20083.1,11499.6,40897.1,14156.9,10040.3,17556.1,6292.1,4832.4,59701.0,10176.5,8390.6,11614.1,15174.5,0.0,33635.4,37127.1,23465.4,33994.0,20065.1,2418.4,19572.5,60592.5,9571.0,33479.8,16284.0,29570.6,60126.5,32665.2,15263.1,24201.1,6564.6,20762.5,77161.8,15307.0,17782.2,8273.3,23366.4,10896.6,54630.0,11097.3,11902.7,11308.7,12779.5,34732.9,31140.1,16460.6,8826.1,24907.3,14674.2,16877.4,35182.3,24771.1,21352.8,8416.2,14155.0,13890.9,31233.6,53923.7,29685.8,11497.7,17548.9,44465.8,68908.4,5026.2,24107.7,24081.6,15481.4,3263.8,23391.3,14771.5,36625.5,1461.1,16323.8,8126.4,16501.4,8051.4,16353.2,10423.6,13835.5,12018.6,14456.6,40177.7,16060.1,43287.8,11599.4,34305.1,11458.3,14319.9,2147.1,11575.1,10795.2,11264.3,6600.8,14882.9,14954.4,12268.0,72915.9,15851.4,30096.6,15658.5,12717.7,34311.4,10135.8,18129.5,21317.6,20497.9,19983.7,20759.4,21493.6,14906.6,19918.8,19000.3,16307.2,9814.3,38087.9,12576.1,30348.3,15663.6,3206.4,10030.8,11743.3,12670.5,16991.3,11865.5,15167.4,25762.8,22814.5,20154.6,37580.2,22637.6,19242.1,15595.7,48590.3
70029285,29600.4,29738.7,20944.4,21682.1,19046.2,21129.8,28126.1,34937.6,32141.0,4922.6,43580.3,43582.8,23331.5,17679.8,35032.4,23386.2,35146.5,40531.0,10974.9,35226.2,37082.7,25345.8,24884.1,23628.1,20561.8,14020.9,11760.4,35003.7,17437.6,5397.1,36523.2,37349.4,18184.0,16342.2,1821.1,30883.4,35380.2,35694.0,13040.1,36898.1,31259.8,18888.7,30271.5,32691.0,32961.5,40670.3,38884.3,31938.3,37915.8,34878.4,0.0,53243.0,41247.6,7877.0,50534.1,33774.0,22689.1,23480.9,24513.8,682.6,33710.6,16223.4,33387.0,1617.8,22705.3,21042.6,27405.5,18722.4,40091.8,21058.3,36592.3,28327.0,37324.6,27602.7,22476.8,33838.5,24525.1,28069.4,43248.4,1583.4,45098.3,23739.5,35244.2,19009.6,33521.4,20695.6,17441.9,18955.8,18245.0,33786.2,31581.6,31317.6,17886.4,23217.3,11539.7,26966.4,36665.3,62248.0,31838.5,36170.5,41889.8,41863.7,38222.7,32719.7,41173.4,22213.7,2739.7,34657.9,33750.4,34544.5,20606.5,28554.1,39094.4,26842.6,23048.1,36212.9,37197.9,13732.5,23339.0,9685.2,25483.4,18614.0,41927.2,24704.9,34450.2,35769.4,26263.9,29225.5,35085.3,23901.9,21391.1,42737.0,34354.0,38592.6,44054.9,22288.7,35458.9,18620.3,38890.8,19435.0,14897.9,20240.3,23100.3,18719.3,18209.1,20693.9,50387.8,21093.1,21562.9,44023.1,6199.6,37388.3,8235.6,22283.6,35773.4,40499.8,31809.1,30097.1,39732.6,25708.8,45636.3,19947.6,40596.7,17885.7,4430.8,40419.8,17203.4,20288.3,16337.8
70029798,58073.1,31592.6,36433.2,36100.5,38548.4,36356.9,27495.4,29192.2,32534.1,49995.3,43997.4,43999.9,70453.9,43744.4,36887.2,33196.2,28872.1,44691.5,42798.1,29252.9,25703.9,30459.1,32754.4,32537.2,37476.2,65956.5,51354.2,29519.3,38835.6,50439.1,19576.3,15999.7,71578.7,63129.9,54824.4,33875.8,20997.1,29142.0,62698.5,27010.0,28697.6,39115.7,32126.3,33767.8,69711.7,44830.8,43044.8,29910.1,26052.2,36733.2,53489.2,0.0,14892.8,55795.4,41406.1,38696.7,30485.3,70603.3,37487.9,53333.6,21265.5,39701.0,70137.3,52519.0,35226.9,32744.8,37922.3,40010.8,87172.5,35270.8,19645.5,30180.9,16119.7,32097.8,75871.6,30091.9,31866.5,27859.7,33945.0,54586.7,8144.7,30322.6,34038.7,34947.9,24990.3,36723.0,43885.9,34709.0,40310.2,31491.9,23755.8,23992.4,41364.0,75725.1,43527.6,31461.5,19718.4,9157.0,78919.2,38025.3,15535.1,15508.9,24303.9,35115.9,14818.6,34735.3,55743.0,36512.7,21305.4,33339.0,36465.2,30408.1,27230.8,32570.8,35438.3,30467.5,25334.3,61979.0,30624.9,53298.6,31563.2,43008.7,34676.3,31831.8,36304.9,30024.0,30759.0,28067.1,42879.1,32068.7,34918.2,39352.6,82926.7,23682.5,9327.9,36996.7,27952.5,43015.0,37685.4,36774.2,44378.5,33780.0,29076.9,40007.7,40426.6,34870.3,41084.3,35346.0,36270.9,40638.7,59889.3,30954.8,46639.4,36991.7,39484.7,39426.3,26894.1,26714.9,27869.0,29979.5,36332.8,34967.6,14843.4,40840.7,57434.0,14734.0,37886.7,37121.3,70391.7
70030492,46171.0,17892.0,22732.6,22399.8,24847.8,22656.3,13794.8,15575.4,18917.3,38093.1,30380.6,30383.1,58551.8,31842.3,23186.5,19495.5,15255.4,30990.9,30895.9,15636.1,12087.1,16758.5,19053.8,18836.6,23775.6,54054.4,39452.1,15902.5,25134.9,38537.0,5875.7,11513.2,59676.6,51227.8,42922.2,19037.6,7296.5,15525.3,49239.3,13393.2,14996.9,25415.1,18425.6,20151.0,57809.6,31130.2,29344.2,13322.7,12435.4,23032.5,41587.1,14821.9,0.0,42336.1,27789.3,24996.1,18583.2,58701.1,23787.3,41431.5,7564.9,27798.9,58235.1,40616.9,21526.3,20842.7,24221.7,24128.7,75270.4,21570.1,5944.8,16480.3,11488.3,18397.2,63969.4,16475.2,18165.9,14159.1,20328.2,42684.6,13744.1,18420.4,20422.0,23045.8,11289.7,23022.3,31983.8,22806.9,24428.1,17875.2,10055.2,10291.7,29461.9,62265.9,31625.5,17760.8,6017.8,22160.6,67017.1,24324.6,873.5,847.4,10687.1,21415.3,74.1,21034.7,43840.9,22812.0,7604.7,19722.3,22764.6,16707.4,13614.1,18870.2,21737.7,16850.7,11717.5,48519.8,18345.1,41396.5,17862.5,31106.6,21059.5,18131.1,22604.3,16407.2,17058.4,14366.4,29178.4,18368.1,21217.5,25735.9,71024.6,10065.7,12700.6,23296.1,14335.7,31112.9,24068.6,23073.5,27430.1,21877.9,17174.8,24125.6,24544.5,21169.7,27467.5,21645.4,22570.3,27022.0,46430.1,17338.0,34737.3,23291.0,25784.1,25809.6,13193.5,13014.2,14252.2,16278.9,22716.1,23065.5,1142.8,27140.1,45531.9,1458.4,24186.1,23420.7,56932.4
70030496,35303.6,30525.1,21730.8,22468.5,19832.6,21916.2,28912.5,35723.9,32927.4,6291.0,44366.7,44369.2,30939.7,19648.4,35818.8,24172.6,35932.9,41317.3,12920.8,36012.6,37869.1,26132.2,25670.4,25356.2,21348.2,21629.1,17784.6,35790.1,18223.9,10214.9,38469.0,39295.3,20511.4,23950.4,9429.3,31669.8,37326.0,36480.3,7224.5,37684.5,32946.1,19675.0,31057.9,33477.3,46942.2,41456.6,39670.7,33239.2,38702.1,35664.8,8094.1,55188.9,43193.4,0.0,51320.4,34560.4,24634.9,31089.1,25300.1,7938.5,35031.5,18169.2,47367.7,6530.9,23491.7,24831.1,28191.9,19508.8,43586.6,21844.7,38538.1,29113.4,39270.4,28389.1,21833.6,34624.9,25311.5,30219.9,44034.8,9191.6,47044.1,27307.0,36030.6,20955.4,36807.9,21482.0,19410.5,20901.6,19031.3,34572.5,32902.5,32638.5,19832.2,21127.4,13485.5,27752.8,36296.5,64193.8,38993.1,36956.9,43835.6,43809.5,39009.0,33506.1,43119.2,23000.0,6001.7,35444.3,35071.4,35330.9,21392.9,29340.5,39880.8,27629.0,23834.4,36999.3,37984.2,6183.7,26906.5,15550.9,26269.8,20582.6,42713.6,25681.7,35236.5,36555.8,27050.3,30011.8,35871.7,25630.0,22177.5,43523.3,41962.1,39379.0,46000.7,23075.0,36245.3,20588.9,39677.2,20221.4,15684.3,22186.1,25046.1,19505.7,18995.4,21480.3,51174.1,22821.3,22349.3,44809.4,5974.4,38174.7,10181.4,23070.0,36559.7,41286.1,33110.0,31418.0,40518.9,26495.1,46422.7,21893.4,42542.5,18672.0,12038.9,42365.6,17989.8,21074.6,15793.9
70030499,65458.6,24330.4,32311.6,31978.9,34385.1,32235.4,21335.8,12825.2,16525.8,48062.7,16316.6,16319.1,77839.3,48284.4,20262.5,28683.3,13753.6,17381.3,41049.9,13833.3,16241.7,27480.9,28632.8,26425.8,33354.6,65091.6,58739.7,13610.8,34714.0,48506.5,22742.7,28430.8,69254.6,70515.3,52891.8,17867.5,25112.8,14301.0,58818.3,17547.8,18087.8,34952.3,18294.8,19437.3,77097.2,17888.7,19139.1,16709.5,15230.0,20108.5,51556.6,42654.4,28723.7,51915.2,0.0,22527.0,29446.8,77988.7,26967.2,51401.0,21313.6,46966.8,77522.7,50586.4,31105.3,31174.4,23960.8,35313.4,94558.0,31149.2,22811.8,24115.5,28405.9,27976.3,72551.2,16891.4,27744.9,21748.3,7517.4,52654.1,36179.7,26334.9,19450.9,42303.5,18719.7,32601.4,48425.9,42167.3,35612.8,15483.6,21455.5,21692.1,48629.8,71845.0,44208.8,27339.9,22578.6,49993.2,86304.6,18425.6,29366.0,29339.8,18836.0,19943.4,28649.6,30613.7,54546.7,20035.3,21353.5,18751.2,32343.6,23893.6,13803.3,28449.2,31316.8,12219.9,17811.2,58098.9,25934.3,54966.2,27441.6,47548.7,8799.9,25720.3,20343.0,11993.4,26637.4,21907.4,22987.9,25957.3,30796.6,11671.8,90312.1,19205.9,35136.2,32875.1,14577.1,47555.0,14587.2,32652.6,37009.2,30372.1,29857.9,35310.3,35729.2,30748.8,1187.3,29234.6,32149.4,12957.9,56009.2,10949.7,44871.3,32870.1,21398.4,13223.2,16838.7,21472.5,15285.0,27707.7,5360.1,43159.0,28160.6,37550.8,55501.4,27623.0,33765.2,32991.9,66511.5
70030840,48173.5,8599.4,16698.9,16247.8,17100.1,16884.3,10276.1,10854.4,7495.1,30252.6,13233.3,13235.8,60554.3,35152.0,3023.8,12952.3,11063.4,10184.0,26638.1,11143.1,14452.7,11749.9,12901.8,16401.2,19006.3,47281.5,41454.7,10920.6,20302.1,30696.4,17824.2,23502.4,51444.6,53230.3,35081.7,6237.5,20194.3,11610.8,41008.3,14268.0,10151.4,17667.3,6403.2,5669.8,59812.2,10323.3,8537.3,11725.3,15285.7,4237.6,33746.5,37238.2,23576.6,34105.1,21327.4,0.0,19683.7,60703.7,9682.2,33590.9,16395.1,29681.8,60237.7,32776.3,15374.3,24312.3,6675.8,20873.6,77272.9,15418.2,17893.4,8384.5,23477.5,11007.8,54741.1,11208.4,12013.9,11419.9,14041.8,34844.0,31251.3,16571.8,10088.3,25018.5,14785.4,16988.6,35293.5,24882.3,21464.0,7637.0,14266.2,14002.1,31344.8,54034.9,29797.0,11608.9,17660.1,44577.0,69019.6,5172.9,24218.9,24192.7,15592.6,3374.9,23502.5,14882.7,36736.6,4017.1,16435.0,9388.6,16612.6,8162.6,16464.4,10534.8,13946.7,12129.8,14567.8,40288.8,16171.2,43399.0,11710.6,34416.3,12720.5,14431.1,3809.4,11686.3,10906.4,11375.5,6747.5,14994.0,15065.6,13530.3,73027.1,15962.6,30207.8,15769.7,12828.8,34422.6,10282.6,18240.7,21428.7,20609.0,20094.8,20870.6,21604.8,15017.7,21181.1,19111.5,16418.3,9961.0,38199.1,13838.3,30459.5,15774.7,3353.1,11293.1,11854.4,12781.7,17102.5,11976.7,16429.6,25874.0,22925.7,20265.8,37691.4,22748.8,19353.3,15706.9,48701.4
70031292,30028.0,13919.5,10790.7,10457.9,12905.9,10714.4,10615.8,17238.9,16791.8,20698.8,30713.4,30715.8,42408.8,15699.3,20260.8,8778.6,17447.9,28065.1,13501.6,17527.6,19384.1,8842.3,10568.8,5561.7,11355.0,37911.4,23309.1,17305.1,12111.1,21142.7,13710.9,14537.2,43533.6,35084.8,25527.9,16111.8,12567.9,17995.3,35333.6,19199.4,12902.6,13473.2,15499.9,17136.8,41666.6,28204.4,26418.5,13581.1,20217.1,20106.8,24192.7,30430.8,18435.3,28430.5,33865.7,22070.3,0.0,42558.1,17245.9,24037.2,15400.1,11655.9,42092.1,23222.6,9584.4,3466.1,19682.7,9156.8,59127.4,8776.2,13780.1,13555.4,14512.3,12620.2,49066.5,16139.9,9917.5,9712.2,26580.1,25290.2,22286.1,4860.7,18443.8,6902.7,15164.3,11488.7,15840.8,6663.9,9456.2,16087.5,13224.5,12960.4,13318.9,48360.2,15482.5,11983.9,13853.0,39435.7,50874.1,21398.9,19077.6,19051.5,20524.0,18489.6,18361.2,9092.8,26446.5,19886.3,15440.0,17744.1,11399.6,13782.5,21395.8,13093.2,12113.6,18514.2,19499.2,34614.2,5042.8,25253.4,10875.8,14963.6,25258.8,5963.1,19678.5,18070.7,11281.4,10660.8,26252.7,5857.9,8523.8,26068.6,54881.6,20894.0,21242.6,11354.2,17760.2,14969.9,22090.4,10567.4,13524.5,3957.4,2827.3,9153.7,9572.6,8448.7,33719.4,6673.5,10628.4,27354.7,32524.4,19689.7,17343.0,11349.2,22858.3,23831.4,13452.0,11740.0,22033.9,9628.1,28968.0,6922.5,17784.4,14634.0,28137.6,17607.5,11680.0,11478.8,43026.8
70033204,24736.0,53444.4,45280.9,47420.8,47187.7,45692.9,52379.0,59190.4,56393.9,28054.7,73189.9,73192.4,149.4,29455.2,61635.2,47639.0,59399.4,70140.5,40464.5,59479.1,62219.8,49598.6,49136.9,46561.5,44810.8,11138.4,22136.5,59256.6,45530.9,27522.9,54114.2,54940.4,17353.5,10576.1,22776.6,55136.3,52971.1,62088.4,30047.6,62035.2,53883.6,47754.9,54524.3,56943.8,10831.3,70279.8,68493.9,54562.1,63052.8,61481.3,23132.1,70834.0,58838.5,31009.1,74786.9,60858.0,42966.0,0.0,51523.6,23814.7,55803.4,34945.5,11256.8,24749.9,48444.0,40976.1,53960.4,42576.7,17226.8,45311.2,54183.3,52579.8,54915.6,51855.6,23056.1,58091.3,48777.9,50693.2,67501.3,22207.7,62689.3,46363.3,59497.0,37513.7,58378.6,44944.5,29596.7,37274.9,42876.1,58039.0,54205.4,53941.4,36608.5,23796.6,34737.7,51219.2,54256.2,79838.9,8973.5,60423.3,59480.8,59454.7,63359.7,59196.1,58764.4,47952.4,25413.4,61260.7,55843.2,58797.3,44855.5,52807.0,64231.5,53319.5,48786.8,60465.7,62334.9,30740.0,45962.7,21039.5,49736.2,29718.9,66180.0,46944.0,61053.0,60022.2,50516.7,51641.8,64694.9,46835.3,45643.9,66989.8,11489.0,63729.7,61645.8,48027.4,60596.0,29725.2,63143.7,44024.0,38030.0,40960.4,43796.9,42573.6,42992.5,44946.7,74640.6,44026.6,47301.6,68275.9,24827.1,61641.1,31367.7,48022.4,65382.9,64752.6,54432.9,52720.9,64869.6,49961.6,69889.1,37538.5,58187.7,48090.5,20217.3,58010.7,45136.6,45851.7,30739.8
70033231,38483.8,5492.7,7009.1,7746.8,6357.6,7194.5,9840.5,12187.8,8828.4,21291.2,19677.7,19680.2,50864.6,25462.3,10165.0,10967.9,12396.8,16628.4,16948.4,12476.5,15786.0,8533.7,6127.3,12554.8,9316.5,38320.1,31764.9,12254.0,10612.4,21735.1,17388.6,23066.8,42483.2,43540.6,26120.3,7570.8,19758.7,12944.2,32046.9,15601.4,11467.0,7270.6,7736.6,9378.4,50122.4,16767.7,14981.7,13058.6,16619.1,10011.0,24785.1,36802.6,23141.0,25143.8,26809.3,9871.4,16281.0,51013.9,0.0,24629.6,15959.5,19992.0,50547.9,23815.0,8770.0,14622.5,3794.8,11183.9,67583.2,8876.7,17457.7,6815.4,23041.9,5179.5,45779.7,12541.8,8799.0,10984.3,19523.7,25882.6,30815.6,14858.6,14551.4,15328.7,16118.8,7298.9,25603.7,15192.5,11774.3,12023.2,13830.5,13566.5,21655.1,45073.5,20107.3,6222.5,17224.5,44141.4,59329.9,12445.7,23783.2,23757.1,16926.0,7725.8,23066.8,8278.4,27775.2,9790.5,15999.4,13851.7,9361.2,7486.1,17797.7,4706.6,5525.7,13463.1,15901.2,31327.4,14458.1,33709.3,8803.6,24726.6,18202.5,11902.2,9582.8,13019.6,6784.4,10939.8,11182.7,11458.6,8365.9,19012.2,63337.4,17295.9,29772.2,5204.8,14162.2,24732.9,18000.9,8551.0,10519.3,14606.8,16692.1,11180.8,11915.0,9148.7,26663.0,12612.7,7627.6,20298.3,29237.7,14638.6,19278.6,5209.8,11870.8,16775.0,13187.8,12346.0,18435.9,8760.5,21911.6,16184.3,22490.1,9869.1,28730.0,22313.2,9663.6,6017.1,39740.1
70034005,32975.6,29379.4,20585.1,21322.8,18686.9,20770.5,27766.8,34578.2,31781.7,4563.3,43221.0,43223.5,23566.8,17320.5,34673.0,23026.8,34787.2,40171.6,10615.6,34866.9,36723.4,24986.5,24524.7,23268.7,20202.5,14256.2,11995.7,34644.4,17078.2,5037.8,36163.8,36990.1,18419.3,16577.5,2056.4,30524.1,35020.8,35334.6,13275.4,36538.8,30900.4,18529.3,29912.2,32331.6,33196.8,40310.9,38525.0,31578.9,37556.4,34519.0,721.2,52883.7,40888.2,7517.7,50174.7,33414.6,22329.8,23716.2,24154.4,0.0,33351.3,15864.0,33622.3,1258.4,22345.9,20683.3,27046.2,18363.1,40327.1,20699.0,36233.0,27967.6,36965.2,27243.4,22712.1,33479.2,24165.8,27710.0,42889.1,1818.7,44739.0,23380.2,34884.9,18650.2,33162.1,20336.3,17082.6,18596.5,17885.6,33426.8,31222.3,30958.2,17527.0,23452.6,11180.3,26607.0,36305.9,61888.6,32073.8,35811.1,41530.5,41504.4,37863.3,32360.4,40814.1,21854.3,2975.0,34298.5,33391.1,34185.1,20247.2,28194.8,38735.1,26483.3,22688.7,35853.6,36838.5,13967.8,22979.6,9920.5,25124.1,18254.6,41567.9,24345.6,34090.8,35410.0,25904.6,28866.1,34726.0,23542.5,21031.7,42377.6,34589.2,38233.3,43695.5,21929.3,35099.6,18261.0,38531.5,19075.7,14538.6,19881.0,22741.0,18360.0,17849.7,20334.6,50028.4,20733.8,21203.6,43663.7,6434.9,37029.0,7876.2,21924.3,35414.0,40140.4,31449.8,29737.8,39373.2,25349.4,45277.0,19588.2,40237.4,17526.3,4666.0,40060.4,16844.1,19928.9,16573.1
70042197,42472.5,10355.2,15195.7,14863.0,17311.0,15119.5,6258.0,8419.7,10551.8,30061.2,24326.0,24328.5,54853.3,28143.8,15649.7,11958.7,7694.0,23454.1,23934.1,8010.3,7594.1,9221.7,11517.0,11299.8,16238.8,50355.9,35753.7,7963.4,17598.1,30505.0,2026.7,8613.4,55978.1,47529.3,34890.3,11500.8,4396.7,7462.7,41702.4,7409.5,7460.1,17878.2,10888.8,11785.5,54111.2,23593.4,21807.4,5785.8,8427.1,15495.7,33555.1,21440.7,7779.0,34799.3,20704.2,17459.2,14320.7,55002.7,16250.5,33399.5,0.0,24100.4,54536.7,32584.9,13989.5,16048.4,16684.9,16591.9,71571.9,14033.3,2095.8,8943.5,8588.6,10860.4,55435.3,8109.7,10629.1,6622.3,13243.1,34652.6,16362.3,11208.9,12056.5,19347.3,3752.9,15485.5,28285.3,19108.4,16891.3,9509.7,2518.3,2754.9,25763.4,54729.1,27093.0,10224.0,1862.5,28779.4,63318.6,16787.8,8421.3,8395.2,8734.0,13878.5,7704.9,13497.8,37430.8,15275.2,39.8,11356.8,15227.8,9170.6,9605.8,11333.4,14200.9,9695.0,7709.2,40983.0,10808.3,37698.0,10325.7,27408.1,13974.4,10594.3,15067.5,9251.5,9521.6,6829.6,21641.6,10831.3,13680.7,19681.3,67326.1,9104.0,15318.9,15759.2,5970.3,27414.4,15703.1,15536.7,19893.3,15246.1,13476.3,16588.8,17007.7,13632.9,20382.4,14108.6,15033.5,20967.4,38893.3,10252.9,26705.3,15754.2,18247.2,17444.1,5656.7,5477.4,10243.9,8742.1,15631.0,19367.0,7128.2,19603.2,37499.9,6951.2,16649.3,15883.8,49395.6
70042874,21389.9,21516.7,13353.2,15493.1,15260.0,13765.2,20451.3,27262.7,24466.2,13311.3,41262.2,41264.7,33770.6,7061.1,29707.6,15711.3,27471.7,38212.9,6134.1,27551.4,29407.9,17671.0,17209.2,14884.1,12883.1,29273.3,14671.0,27328.9,12644.2,13755.1,22436.8,23263.0,34895.4,26446.7,18140.4,23208.6,21293.7,28019.1,26014.5,29223.2,22206.2,15827.3,22596.6,25016.1,33028.5,38352.2,36566.2,22884.7,30240.9,29553.6,16805.2,39156.6,27161.1,19111.4,42859.2,28930.3,11288.6,33920.0,19595.9,16649.6,24126.0,0.0,33454.0,15835.0,16516.3,9298.7,22032.7,10600.8,50489.3,13383.5,22505.9,20652.1,23238.2,19927.9,39188.3,26163.6,16850.3,19015.8,35573.6,17902.7,31011.9,14685.9,27569.4,5537.9,26701.2,13016.9,7202.6,5299.0,10900.2,26111.3,22528.0,22264.0,2278.1,39041.2,6091.4,19291.5,22578.9,48161.5,42236.0,28495.6,27803.4,27777.3,30547.8,27268.4,27087.0,16024.7,19059.0,29333.1,24165.8,26869.6,12927.8,20879.3,31419.6,21391.8,16859.1,28538.0,29523.0,25295.1,14285.3,16615.3,17808.6,6325.4,34252.3,15266.7,29125.3,28094.5,18589.1,21550.6,32767.2,15157.9,13716.2,35062.1,46243.4,30917.8,29968.4,16099.7,27784.0,6331.8,31216.0,12096.3,11780.0,9283.0,12119.5,10597.7,11016.6,13019.1,42712.9,12349.2,15373.9,36348.2,23205.4,29713.5,9955.4,16094.7,33455.3,32824.9,22755.5,21043.5,32057.7,18033.9,37961.5,5861.1,26510.3,14889.0,20750.0,26333.3,13208.9,13924.0,33707.7
70043035,16218.6,53468.4,45304.9,47444.8,47211.7,45716.9,52403.0,59214.4,56417.9,43646.7,73213.9,73216.4,10995.0,29479.2,61659.3,47663.0,59423.4,70164.6,40488.5,59503.1,62243.8,49622.6,49160.9,46585.5,44834.8,21010.2,31276.1,59280.6,45554.9,39304.6,54138.2,54964.4,26120.2,19739.5,32648.4,55160.3,52995.1,62112.4,39919.4,62059.2,53907.6,47778.9,54548.3,56967.8,374.6,70303.9,68517.9,54586.1,63076.9,61505.3,33003.9,70858.0,58862.5,49091.6,74810.9,60882.0,42990.0,11144.4,51547.6,33686.6,55827.4,34969.5,0.0,34621.7,48468.0,41000.1,53984.4,42600.7,21635.3,45335.2,54207.3,52603.8,54939.6,51879.6,33542.9,58115.3,48801.9,50717.2,67525.3,32079.5,62713.3,46387.3,59521.0,37537.7,58402.6,44968.5,29620.7,37298.9,42900.1,58063.0,54229.4,53965.4,36632.5,34283.4,38053.1,51243.2,54280.3,79862.9,19460.3,60447.3,59504.8,59478.7,63383.7,59220.1,58788.4,47976.4,35285.2,61284.8,55867.2,58821.3,44879.5,52831.0,64255.5,53343.5,48810.8,60489.7,62358.9,40611.8,45986.8,33220.4,49760.3,29742.9,66204.0,46968.1,61077.0,60046.2,50540.7,51665.8,64718.9,46859.3,45667.9,67013.8,13676.2,63753.7,61669.8,48051.4,60620.0,29749.2,63167.7,44048.0,46134.4,40984.4,43820.9,42597.6,43016.5,44970.7,74664.6,44050.6,47325.6,68299.9,34699.0,61665.1,39794.2,48046.4,65406.9,64776.6,54456.9,52744.9,64893.6,49985.6,69913.1,37562.5,58211.7,48114.5,30089.1,58034.7,45160.6,45875.7,41226.6
70043250,31966.3,28370.0,19575.7,20313.4,17677.5,19761.1,26757.4,33568.9,30772.3,3553.9,42211.6,42214.1,24569.8,16311.1,33663.6,22017.5,33777.8,39162.2,9606.2,33857.5,35714.0,23977.1,23515.3,22259.3,19193.1,15259.2,10293.0,33635.0,16068.8,4028.4,35154.5,35980.7,19422.3,17580.5,3059.4,29514.7,34011.4,34325.2,11649.3,35529.4,29891.1,17519.9,28902.8,31322.2,34199.8,39301.5,37515.6,30569.6,36547.1,33509.7,1724.2,51874.3,39878.8,6508.3,49165.3,32405.3,21320.4,24719.2,23145.0,1568.6,32341.9,14854.6,34625.3,0.0,21336.6,19673.9,26036.8,17353.7,41330.1,19689.6,35223.6,26958.3,35955.8,26234.0,23715.1,32469.8,23156.4,26700.7,41879.7,2821.7,43729.6,22370.8,33875.5,17640.9,32152.7,19326.9,16073.2,17587.1,16876.2,32417.4,30212.9,29948.8,16517.7,24455.6,10170.9,25597.7,35296.5,60879.2,33076.8,34801.8,40521.1,40495.0,36853.9,31351.0,39804.7,20844.9,3978.0,33289.2,32381.7,33175.8,19237.8,27185.4,37725.7,25473.9,21679.3,34844.2,35829.1,12341.7,21970.2,8059.3,24114.7,17245.3,40558.5,23336.2,33081.4,34400.7,24895.2,27856.7,33716.6,22533.1,20022.4,41368.2,35592.3,37223.9,42686.1,20919.9,34090.2,17251.6,37522.1,18066.3,13529.2,18871.6,21731.6,17350.6,16840.3,19325.2,49019.0,19724.4,20194.2,42654.3,7437.9,36019.6,6866.9,20914.9,34404.6,39131.0,30440.4,28728.4,38363.8,24340.1,44267.6,18578.8,39228.0,16516.9,5669.0,39051.0,15834.7,18919.5,19342.5
70043420,35954.7,5843.0,2877.7,2275.9,4723.9,2801.4,7276.8,14088.3,11291.7,20106.5,25036.8,25039.3,48335.5,20665.0,14183.1,3679.3,14297.2,21987.5,13430.5,14376.9,16233.4,4496.5,2314.4,5266.2,5735.2,37135.4,29235.9,14154.4,7094.6,20550.3,14824.9,20503.1,41298.5,41011.5,24935.6,10034.1,17195.0,14844.7,30862.1,16048.8,11310.4,5291.1,9422.2,11841.7,47593.4,22126.7,20340.8,11603.5,17066.5,14029.1,23600.4,34238.9,20577.3,23959.0,29684.8,15992.6,8992.4,48484.9,9063.8,23444.8,13395.9,17463.0,48018.9,22630.2,0.0,11132.6,11500.6,7694.0,65054.1,2574.4,14894.1,7477.7,20478.2,3829.7,44595.0,12989.2,3675.8,9726.7,22399.1,24697.9,28252.0,7570.0,14394.9,12799.7,15172.2,3167.4,20806.5,12663.5,7993.4,12936.9,11266.9,11002.8,19126.0,43888.8,16589.4,4694.4,14660.8,41577.7,56800.8,15321.2,21219.6,21193.4,17373.4,12411.9,20503.2,1146.4,26590.5,13808.6,13435.7,13695.2,4724.2,7704.8,18245.1,4142.2,2624.4,15363.6,16348.6,30142.7,7169.5,27010.1,3647.5,19929.3,21077.9,4613.6,13600.9,14920.1,5414.6,8376.2,17429.3,4170.0,2063.6,21887.7,60808.3,17743.3,27208.5,3172.1,14609.6,19935.6,18041.5,5033.2,9052.5,9917.7,9403.5,7690.9,8109.8,3129.4,29538.5,7175.1,2446.4,23173.8,28053.0,16539.0,17251.9,3167.1,16780.6,19650.5,11474.3,9782.4,18883.3,4795.0,24787.0,13655.2,19926.4,7889.6,27545.2,19749.5,6145.8,3296.7,38555.3
70081032,28506.6,16930.5,8220.5,10362.8,10129.6,8283.1,11374.2,17997.3,19332.8,20046.5,36134.5,36137.0,40887.4,14177.9,22224.2,10578.0,18206.3,33085.2,12849.3,18286.0,20142.5,9600.7,12075.8,6320.2,7750.5,36390.0,21787.8,18063.5,8663.4,20490.3,15946.6,16772.8,42012.2,33563.4,24875.6,18075.2,14803.6,18753.7,31885.9,19957.9,13661.1,10696.9,17463.3,19882.7,40145.3,33224.5,31438.5,14339.6,20975.5,22070.2,23540.4,32666.4,20671.0,24982.8,34624.1,23802.6,3371.2,41036.8,14468.3,23384.8,16111.9,10134.5,40570.8,22570.2,10192.2,0.0,16905.0,5709.1,57606.0,8250.1,16015.7,15518.8,16748.0,14794.5,45618.8,16898.3,11716.9,10470.7,27338.5,24637.9,24521.7,6140.8,19202.2,5381.4,15922.7,7884.2,14319.4,5142.5,6008.6,16845.9,13982.9,13718.8,11797.5,44912.6,13961.1,14158.2,16088.7,41671.4,49352.7,23362.3,21313.2,21287.1,21282.4,22140.7,20596.8,9700.5,27614.3,21849.7,16151.7,18502.5,7795.1,15745.9,22154.2,15267.5,11728.7,19272.7,20257.6,31166.5,5740.2,23732.1,12675.2,13442.2,26017.2,6721.5,21641.9,18829.2,13455.7,11419.2,27639.5,6616.3,8582.9,26827.0,53360.2,21652.4,23478.3,9987.1,18518.7,13448.5,22848.8,6963.0,10076.8,1035.2,5501.6,5706.1,6124.9,7885.7,34477.8,5581.4,10243.6,28113.1,29076.8,20448.1,16690.6,9982.1,24821.7,24589.8,14210.4,12498.4,22792.3,10386.6,29726.4,5401.1,20020.1,11029.5,27485.2,19843.2,8075.5,8793.6,39579.1
70081671,40535.8,6295.9,9061.1,9798.8,8409.6,9246.5,10950.9,11547.1,8187.7,23883.6,17314.8,17317.2,52916.5,27514.2,7679.2,13019.9,11756.1,14265.4,19000.3,11835.8,15145.3,10529.6,8143.0,14606.8,11368.5,40912.5,33816.9,11613.3,12664.4,24327.4,18499.0,24177.2,45075.5,45592.6,28712.7,6930.1,20869.1,12303.5,34639.2,14960.7,10826.2,9322.6,7095.9,8737.6,52174.4,14404.7,12618.7,12417.9,15978.4,7525.2,27377.5,37913.0,24251.4,27736.1,24323.5,7508.4,18332.9,53065.9,3313.1,27221.9,17069.9,22044.0,52599.9,26407.3,10822.0,16674.5,0.0,13235.9,69635.2,10928.7,18568.2,6858.8,24152.3,7175.5,48372.1,11901.1,10794.9,12094.7,17037.9,28475.0,31926.1,16910.6,13084.5,17380.7,15478.1,9350.9,27655.7,17244.5,13826.3,11382.5,14941.0,14676.9,23707.0,47665.9,22159.2,8218.4,18334.9,45251.8,61381.9,9959.9,24893.7,24867.5,16285.3,5240.0,24177.3,10330.4,30367.6,7304.7,17109.8,12384.7,11413.2,7529.4,17157.0,6702.5,7577.7,12822.4,15260.5,33919.8,16510.1,35761.2,10799.5,26778.5,15716.7,13954.2,7097.0,12378.9,8780.3,12050.3,8819.8,13510.6,10417.8,16526.4,65389.4,16655.2,30882.6,7256.7,13521.5,26784.9,15515.1,10603.0,13111.7,16658.8,18744.1,13232.8,13967.0,11200.7,24177.2,14664.7,9679.6,17812.5,31830.1,13997.8,21871.0,7261.8,9507.8,14289.2,12547.1,13456.5,17795.2,10756.4,19425.8,18236.3,23600.5,11888.8,31322.3,23423.6,11715.6,8069.1,42332.4
70082414,29383.0,14005.4,5295.5,7437.7,7204.5,5358.0,12392.8,18694.7,16407.7,15598.1,33209.4,33211.9,41763.7,15054.2,19299.1,7652.9,18903.7,30160.1,8585.3,18983.4,20839.8,9612.5,9150.7,5931.6,4825.4,32627.0,22664.1,18760.9,3131.2,16041.9,18238.3,23885.8,36790.0,34439.7,20427.2,15150.1,21916.5,19451.1,26353.7,20655.2,14358.4,7330.6,14538.2,16957.6,41021.6,30299.4,28513.4,15036.9,21672.9,19145.1,19092.0,39779.4,23990.7,19450.6,34800.8,20877.6,8289.5,41913.1,11543.2,18936.4,16809.2,11010.8,41447.1,18121.8,7267.1,5406.5,13980.0,0.0,58482.3,5325.0,18307.4,12593.7,23860.9,11869.4,40086.6,17595.6,8791.8,11168.0,27515.1,20189.5,31634.6,7882.4,19510.9,6255.5,16620.1,4959.1,15195.7,6016.6,895.1,17543.3,14680.3,14416.2,12673.8,39380.4,11744.2,11233.1,18074.2,44991.1,50229.0,20437.2,24632.9,24606.8,21979.8,19215.6,23916.5,6775.4,22082.1,18924.6,16849.1,18811.2,4870.0,12820.8,22851.6,12342.4,8803.7,19970.0,20955.0,25634.3,7481.8,24608.4,9750.1,14318.5,26193.9,7008.4,18716.8,19526.5,10530.6,12116.6,24714.5,6205.4,5657.8,27003.6,54236.5,22349.7,30591.2,7062.0,19216.0,14324.8,23157.5,4037.9,4544.6,5390.8,8700.6,3.1,842.6,4960.6,34654.4,3396.6,7318.5,28289.7,23544.5,21145.4,12406.7,7057.0,21896.6,24766.4,14907.7,13195.8,23489.7,9975.5,29903.0,6483.9,23339.8,6544.8,23036.8,23162.9,5150.5,5868.5,34046.9
70083097,37123.8,70013.3,61849.8,63989.7,63756.6,62261.7,68947.8,75759.3,72962.8,44665.3,89758.8,89761.3,17077.0,46024.1,78204.1,64207.9,75968.3,86709.4,57033.4,76048.0,78788.7,66167.5,65705.8,63130.4,61379.7,27748.9,38705.4,75825.4,62099.8,44091.8,70683.0,71509.3,25154.1,27145.0,39387.1,71705.2,69540.0,78657.3,38074.3,78604.0,70452.5,64323.8,71093.2,73512.7,21366.4,86848.7,85062.8,71131.0,79621.7,78050.1,39742.6,87402.9,75407.4,43860.8,91355.8,77426.9,59534.9,17226.4,68092.5,40425.3,72372.2,51514.4,21791.9,41360.4,65012.9,57545.0,70529.3,59145.5,0.0,61880.0,70752.2,69148.7,71484.4,68424.4,22348.7,74660.2,65346.8,67262.1,84070.2,38818.2,79258.2,62932.2,76065.9,54082.6,74947.5,61513.4,46165.6,53843.7,59445.0,74607.9,70774.3,70510.3,53177.4,23089.1,51306.5,67788.1,70825.1,96407.8,10383.6,76992.2,76049.7,76023.6,79928.6,75764.9,75333.3,64521.3,42023.9,77829.6,72412.1,75366.2,61424.3,69375.8,80800.4,69888.4,65355.7,77034.6,78903.8,38766.7,62531.6,37608.4,66305.1,46287.7,82748.9,63512.9,77621.9,76591.1,67085.6,68210.6,81263.8,63404.2,62212.8,83558.7,5618.2,80298.6,78214.7,64596.3,77164.8,46294.0,79712.5,60592.9,54640.6,57529.3,60365.7,59142.5,59561.3,61515.6,91209.5,60595.4,63870.5,84844.8,43696.5,78210.0,47978.2,64591.3,81951.8,81321.5,71001.8,69289.8,81438.5,66530.5,86458.0,54107.4,74756.5,64659.4,36827.8,74579.6,61705.5,62420.6,30032.4
70083842,32110.6,9694.8,2029.4,2599.4,5231.2,1953.2,8082.3,14893.7,12097.2,17560.1,25842.2,25844.7,44491.3,17781.8,14988.5,3342.3,15102.7,22792.9,10547.4,15182.4,17038.8,5301.9,4840.2,3748.0,2852.1,34589.0,25391.7,14959.9,4211.4,18003.9,15630.4,21308.5,38752.1,37167.3,22389.2,10839.6,18000.4,15650.1,28315.7,16854.2,12115.9,5798.5,10227.6,12647.1,43749.2,22932.2,21146.2,12408.9,17871.9,14834.5,21054.0,35044.4,21382.7,21412.6,30490.2,16798.1,7266.3,44640.7,9569.9,20898.4,14201.3,13629.2,44174.7,20083.8,2387.8,8249.4,12006.7,4810.8,61209.9,0.0,15699.5,8283.1,21283.7,7558.9,42048.6,13794.6,4481.2,9389.7,23204.6,22151.5,29057.4,7233.0,15200.3,8965.9,15977.6,2985.8,17923.3,8829.7,5110.2,13742.3,12072.3,11808.3,15292.2,41342.4,13706.3,6922.5,15466.2,42383.1,52956.6,16126.6,22025.0,21998.9,18178.8,13217.3,21308.6,1896.2,24044.1,14614.0,14241.1,14500.6,1841.1,8510.3,19050.6,8031.9,3965.4,16169.0,17154.0,27596.3,6832.5,24463.7,5439.5,17046.1,21883.3,4851.5,14406.3,15725.5,6220.0,9181.6,22741.1,3846.0,867.6,22693.1,56964.1,18548.8,28014.0,3206.0,15415.0,17052.4,18847.0,2150.0,6506.6,8233.7,7677.5,4807.7,5226.6,142.0,30343.9,5252.9,2480.2,23979.2,25506.6,17344.4,14368.8,3201.0,17586.0,20455.9,12279.8,10587.8,19688.7,5664.9,25592.4,9211.5,20731.9,6216.6,24998.9,20554.9,3262.6,3895.2,36008.9
70084418,41492.8,11964.3,16804.8,16472.1,18920.1,16728.6,7867.1,10028.8,12160.9,33415.0,25935.1,25937.6,53873.6,27164.1,17258.8,13567.8,9303.1,25063.2,26217.8,9619.4,9203.2,10830.8,13126.1,12908.9,17847.8,49376.2,34774.0,9572.5,19207.2,33858.8,248.2,6835.0,54998.4,46549.6,38244.1,13109.8,2618.3,9071.8,43311.5,9018.5,9069.2,19487.3,12497.9,13394.6,53131.5,25202.4,23416.5,7394.9,10036.2,17104.8,36908.9,19662.2,6000.6,36408.4,22313.3,19068.3,13905.0,54023.0,17859.6,36753.3,1637.2,23120.7,53557.0,35938.7,15598.6,16164.5,18294.0,18201.0,70592.2,15642.4,0.0,10552.5,6810.1,12469.5,57044.4,9718.8,12238.2,8231.3,14852.2,38006.4,14583.9,12818.0,13665.6,18367.6,5362.0,17094.6,27305.6,18128.7,18500.4,11118.8,4127.4,4364.0,24783.7,56338.2,26947.3,11833.1,90.1,27001.0,62338.9,18396.9,6642.9,6616.7,10343.1,15487.6,5926.5,15106.9,39162.7,16884.3,1677.0,12965.9,16836.8,10779.7,11214.9,12942.5,15810.0,11304.1,9318.3,42592.1,12417.4,36718.3,11934.8,26428.4,15583.5,12203.4,16676.6,10860.6,11130.6,8438.7,23250.7,12440.4,15289.8,21290.4,66346.4,10713.1,13540.4,17368.3,7579.3,26434.7,17312.2,17145.8,21502.4,16855.2,12496.6,18197.9,18616.8,15242.0,21991.5,15717.7,16642.6,22576.5,40502.4,11862.0,30059.1,17363.3,19856.3,19053.2,7265.8,7086.5,11853.0,10351.2,17240.1,18387.3,5349.7,21212.3,40853.7,5172.8,18258.4,17492.9,51004.7
70084927,39754.5,1502.3,9453.0,9120.3,11568.3,9376.8,3151.4,8082.1,5241.2,25204.1,19022.5,19024.9,52135.3,25425.8,8168.7,5824.7,8291.1,15973.1,18191.4,8370.8,10227.3,4622.3,5774.3,9273.7,10496.0,42233.0,33035.6,8148.3,11855.4,25647.9,10699.5,16377.7,46396.1,44811.3,30033.2,3983.6,13069.6,8838.5,35959.7,10042.6,5304.3,12135.5,3407.9,5791.1,51393.1,16112.4,14326.4,7499.9,11060.3,8014.8,28698.0,30113.5,16451.9,29056.6,23670.4,9978.3,12556.1,52284.6,6750.3,28542.4,9270.4,21273.1,51818.6,27727.8,8246.8,15893.4,7292.1,12454.8,68853.9,8290.6,10768.6,0.0,16352.8,2486.1,49692.6,6983.1,4886.3,4295.2,16384.8,29795.5,24126.6,9444.2,8388.8,16609.8,11046.8,9742.8,25567.3,16473.7,12754.2,6930.7,7141.5,6877.4,22936.2,48986.4,21350.2,3203.8,10535.4,37452.3,60600.6,9306.8,17094.2,17068.0,11367.2,5663.9,16377.7,7755.1,31688.1,7794.2,9310.3,7689.0,9485.0,670.7,12239.0,2642.8,8458.2,9357.4,10342.4,35240.3,9043.7,32107.6,4583.0,24690.1,15063.6,7303.5,7586.5,8913.9,3778.8,4250.7,14874.4,7866.5,7938.0,15873.3,64608.1,11737.2,23083.1,10016.5,8603.4,24696.4,12035.4,9794.0,14150.6,13481.5,12967.3,12451.7,12870.6,7890.2,23524.1,11984.0,9290.8,17159.4,33150.6,10532.9,22012.7,10011.5,10766.3,13636.1,7348.9,5657.0,12877.1,4849.1,18772.7,16855.5,15801.0,13860.5,32642.8,15624.1,10906.6,10141.1,43652.9
70084983,42150.2,17600.3,22440.9,22108.1,24556.1,22364.6,13503.1,15679.1,17811.2,34072.4,31585.4,31587.9,54531.0,27821.5,22894.8,19203.8,14953.4,30699.2,26875.2,15269.7,14853.5,16466.8,18762.1,18544.9,26314.8,50033.6,35431.4,15222.8,27042.2,34516.2,6651.2,120.0,55655.8,47207.0,38901.5,18745.9,5508.2,14722.1,46775.6,14668.9,14705.2,25123.4,18134.0,19044.9,53788.9,30838.5,29052.5,13031.0,15686.5,22740.8,37566.3,16119.7,11375.6,39872.5,27963.6,24704.4,14562.4,54680.4,23495.6,37410.7,8340.4,23778.1,54214.4,36596.1,21234.6,16821.9,23930.0,24087.9,71249.6,21278.5,6720.4,16188.6,0.0,18105.5,59948.7,15369.1,17874.2,13867.4,20502.5,38663.8,7975.0,14399.7,19315.9,19025.0,11012.3,22730.6,27963.0,18786.1,24387.3,16769.1,9763.5,10000.1,25441.1,59802.2,27604.7,17469.2,6793.3,25276.8,62996.3,24032.9,12017.9,11991.8,15993.4,21123.6,11301.5,20743.0,39820.1,22520.3,8380.3,18616.2,22472.9,16415.8,16865.2,18578.5,21446.0,16954.4,14968.6,46056.2,14702.0,37375.7,17570.9,27085.8,21233.8,17839.4,22312.6,16510.9,16766.7,14074.7,28886.8,18076.4,20925.9,26940.7,67003.8,16363.4,6931.6,23004.4,13229.7,27092.1,22962.5,25527.3,28455.6,17857.1,13154.0,24084.8,24503.7,20878.0,27641.8,20096.3,22278.6,28226.8,43966.4,17512.3,30716.5,22999.4,25492.4,24703.5,12901.8,12722.6,17503.3,15987.2,22890.4,19044.7,10724.8,29593.9,41511.1,10547.8,26639.9,23129.0,54468.8
70126798,38795.5,2440.6,8494.0,8161.3,10609.3,8417.8,5020.0,11831.5,9034.9,24245.1,22874.0,22876.5,51176.3,24466.8,11319.3,4865.8,12040.4,19824.7,17232.4,12120.1,13976.6,3354.1,1983.6,8266.9,9537.1,41274.0,32076.7,11897.6,10896.4,24688.9,12568.1,18246.3,45437.1,43852.3,29074.2,7777.3,14938.2,12587.9,35000.7,13792.0,9053.6,11176.5,7165.4,9584.9,50434.2,19963.9,18178.0,9346.7,14809.7,11165.4,27739.0,31982.1,18320.5,28097.6,27428.0,10542.1,11287.9,51325.7,5390.1,27583.4,11139.0,20314.2,50859.7,26768.8,3837.8,13015.6,7052.1,11495.8,67894.9,7331.6,12637.3,2706.7,18221.4,0.0,48733.6,10732.4,3619.5,5276.1,20142.3,28836.5,25995.2,8176.0,12138.1,15650.8,12915.4,8783.8,24608.3,15514.7,11795.2,10680.1,9010.1,8746.0,21977.2,48027.4,20391.3,1042.9,12404.0,39320.9,59641.6,13064.4,18962.8,18936.6,15116.6,8880.2,18246.4,6796.1,30729.1,10944.9,11178.9,11438.4,8526.1,5448.0,15988.3,473.0,5182.1,13106.8,14091.7,34281.3,7775.5,31148.6,3624.0,23731.1,18821.1,6344.5,10737.1,12663.3,1604.8,6119.4,14379.0,6907.5,6979.0,19630.8,63649.1,15486.5,24951.7,5332.0,12352.8,23737.4,15784.7,8835.0,13191.6,12213.3,11699.1,11492.7,11911.6,6931.2,27281.6,11075.8,8331.8,20916.9,32191.6,14282.2,21053.8,5327.0,15067.0,17393.6,9217.5,7525.6,16626.5,3580.9,22530.2,15896.5,17669.6,12901.5,31683.8,17492.7,9947.6,9182.1,42693.9
70130197,31631.0,50833.0,42038.7,42776.4,40140.5,42224.1,49220.4,56031.8,53235.3,26598.9,64674.6,64677.1,23031.8,35062.1,56126.6,44480.4,56240.8,61625.2,33228.6,56320.5,58177.0,46440.1,45978.3,45664.1,41656.1,11681.5,25845.8,56098.0,38531.8,28223.2,58776.9,59603.1,5321.7,14002.8,22470.6,51977.7,57633.8,56788.2,15725.6,57992.3,53254.0,39982.9,51365.8,53785.2,33354.9,61764.5,59978.6,53547.0,59010.0,55972.6,22826.1,75496.7,63501.3,21512.1,71628.3,54868.2,44942.8,23181.1,45608.0,23508.7,55339.4,38477.1,33780.4,24443.9,43799.5,45139.0,48499.8,39816.6,22564.9,42152.6,58846.0,49421.2,59578.3,48697.0,0.0,54932.8,45619.4,50527.8,64342.7,21901.7,67352.0,47614.9,56338.5,41263.3,57115.8,41789.8,35203.6,41209.5,39339.2,54880.4,53210.4,52946.4,40140.1,740.5,33793.4,48060.6,56604.3,84501.7,17971.4,57264.7,64143.5,64117.4,59316.9,53814.0,63427.1,43307.9,23897.7,55752.1,55379.2,55638.7,41700.8,49648.4,60188.7,47936.9,44142.3,57307.1,58292.1,16418.1,47214.4,23770.6,46577.7,35325.8,63021.4,45989.6,55544.4,56863.6,47358.2,50319.7,56179.6,45937.9,42485.3,63831.2,28408.7,59686.9,66308.5,43382.9,56553.1,35332.1,59985.1,40529.3,35992.2,42494.0,45354.0,39813.6,39303.3,41788.2,71482.0,43129.2,42657.1,65117.3,21347.9,58482.6,30489.3,43377.9,56867.6,61594.0,53417.9,51725.9,60826.8,46803.0,66730.6,42201.3,62850.4,38979.9,19911.3,62673.4,38297.7,41382.5,7683.7
70130674,45500.1,8130.7,15198.6,14865.8,17313.8,15122.3,7032.6,3194.0,2663.5,30949.6,16437.7,16440.2,57880.8,31171.3,9356.5,11570.3,3403.0,16004.3,23936.9,3482.7,6561.8,10367.9,11519.8,12122.7,16241.6,47978.6,38781.2,3260.2,17601.0,31393.5,10917.6,16605.7,52141.6,50556.9,35778.8,4005.3,13287.7,3950.4,41705.3,6377.2,3784.7,17881.1,4432.5,3897.2,57138.7,16143.6,14357.6,3834.4,5756.5,9202.5,34443.6,30331.6,16670.0,34802.2,19590.1,11166.0,15143.6,58030.2,11163.6,34288.0,9488.5,27018.7,57564.2,33473.4,13992.3,16871.3,10391.5,18200.3,74599.5,14036.2,10986.8,7001.3,16580.9,10863.2,55438.2,0.0,10631.9,7445.2,12304.4,35541.1,24354.6,12031.8,4168.2,22355.4,6894.6,15488.4,31312.8,22219.2,18499.8,1621.4,8653.9,8389.8,28681.7,54731.9,27095.8,10226.9,10753.5,37670.4,66346.2,9697.5,17312.3,17286.1,7701.8,7585.3,16595.9,13500.7,37433.7,8982.0,9528.4,3468.5,15230.6,6780.6,8573.5,11336.2,14203.7,4469.3,6677.0,40985.9,11631.2,37853.2,10328.6,30435.6,10983.2,11417.2,8774.3,4025.8,9524.4,7604.3,12249.6,11654.2,13683.6,11793.0,70353.7,8071.7,23311.1,15762.1,4938.0,30442.0,7814.8,15539.5,19896.2,16069.0,15554.8,18197.2,18616.1,13635.7,19443.8,14931.5,15036.3,13079.1,38896.1,5644.7,27758.3,15757.1,11954.0,9555.8,3963.6,7169.4,9211.7,10594.7,14692.3,22601.0,16019.1,19606.1,38388.4,16488.8,16652.1,15886.7,49398.5
70130675,36747.5,5535.3,6446.0,6113.3,8561.2,6369.7,3922.7,10734.2,7937.6,22197.1,21682.7,21685.2,49128.2,22418.8,10829.0,2817.7,10943.1,18633.3,15184.3,11022.8,12879.3,1497.5,2368.6,4957.3,7489.0,39226.0,30028.6,10800.3,8848.4,22640.9,11470.8,17149.0,43389.0,41804.3,27026.2,6680.0,13840.9,11490.6,32952.7,12694.7,7956.3,9128.5,6068.1,8487.6,48386.1,18772.6,16986.7,8249.4,13712.4,10675.0,25691.0,30884.8,17223.2,26049.6,26330.7,12638.5,10179.9,49277.6,8789.4,25535.4,10041.8,18266.1,48811.6,24720.8,5239.7,11907.5,10451.4,9447.8,65846.9,5283.6,11540.0,4123.6,17124.1,3399.3,46685.6,9635.1,0.0,5066.5,19045.0,26788.5,24897.9,7068.0,11040.8,13602.8,11818.1,6735.8,22560.2,13466.6,9747.2,9582.8,7912.8,7648.7,19929.1,45979.4,18343.2,2763.0,11306.7,38223.6,57593.6,11967.1,17865.5,17839.3,14019.3,9057.8,17149.1,4748.1,28681.1,10454.5,10081.6,10341.1,6478.0,4350.7,14891.0,3872.3,5451.1,12009.5,12994.5,32233.3,6667.5,29100.6,1177.4,21683.1,17723.8,3338.5,10246.8,11566.0,2060.5,5022.1,16820.9,3861.1,4931.0,18533.6,61601.1,14389.2,23854.4,7009.5,11255.5,21689.4,14687.4,6787.0,11143.6,11105.3,10591.1,9444.7,9863.6,4883.1,26184.3,7276.8,6283.7,19819.7,30143.5,13184.9,19005.7,7004.5,13426.5,16296.4,8120.2,6428.3,15529.2,2472.9,21432.9,13848.4,16572.3,10853.5,29635.8,16395.4,7899.5,7134.1,40645.9
70132480,37639.6,5616.8,9813.9,9481.2,11929.2,9737.7,1519.6,8742.2,8020.0,24556.6,21765.1,21767.5,50020.3,23310.8,10911.3,6454.1,8951.2,18715.7,17359.4,9030.9,10887.4,2564.9,5701.2,5795.2,10859.5,41585.5,30920.7,8808.4,12218.8,25000.4,8285.8,13964.0,45748.6,42696.4,29385.7,6762.4,10655.9,9498.6,36323.2,10702.7,4405.9,12496.4,6150.5,8569.9,49278.2,18855.0,17069.0,5084.4,11720.4,10757.3,28050.5,27699.8,14038.2,29420.0,25369.0,12720.9,8816.2,50169.7,10467.4,27894.9,6856.8,19267.5,49703.7,27080.3,8607.7,10543.8,11946.5,11087.3,66739.0,8654.1,8355.0,4205.1,13939.1,5077.3,50056.0,7643.1,3769.9,0.0,18083.4,29148.0,21712.9,5704.3,9947.1,14892.6,6667.6,10103.7,23452.3,14653.8,11386.7,7590.8,4727.8,4463.7,20930.5,49349.8,20518.3,4441.0,8121.7,35038.6,58485.7,12049.4,14680.5,14654.3,12027.3,9140.1,13964.1,8116.0,32051.5,10536.8,6896.6,9247.4,9848.5,4432.3,12899.1,5550.3,11136.9,10017.5,11002.5,35603.7,5303.8,32865.0,4510.0,22575.2,16762.1,5089.7,10329.1,9574.0,3738.5,1564.7,16903.3,5326.7,8301.5,17571.9,62493.2,12397.3,20669.4,10377.4,9263.5,22581.5,13593.7,10157.4,14514.0,9741.6,9227.3,11084.2,11503.1,8253.6,25222.7,8604.0,9651.7,18858.0,33514.0,11193.0,21200.8,10372.4,13508.9,15334.7,4955.3,3243.3,13537.2,2085.3,20471.2,14912.4,13387.3,15094.9,31995.4,13210.4,11270.0,10502.0,44016.3
70132663,58117.7,16989.5,24970.7,24638.0,27044.2,24894.5,13994.8,5484.3,9184.9,40721.8,10780.1,10782.6,70498.4,40943.5,12921.6,21342.4,6412.7,11844.8,33709.0,6492.4,8900.8,20140.0,21291.9,19084.9,26013.7,57750.7,51398.8,6269.9,27373.1,41165.6,15401.8,21089.9,61913.7,63174.4,45550.9,10526.6,17771.9,6960.1,51477.4,10206.9,10746.9,27611.4,10953.9,12096.4,69756.3,12352.2,13602.6,9368.6,7889.1,12767.6,44215.7,35313.5,21382.8,44574.3,7480.3,15186.1,22105.9,70647.8,19626.3,44060.1,13972.7,39625.9,70181.8,43245.5,23764.4,23833.5,16619.9,27972.5,87217.0,23808.3,15470.9,16774.6,21065.0,20635.3,65210.3,9550.5,20404.0,14407.4,0.0,45313.2,28838.8,18994.0,12110.0,34962.6,11378.8,25260.5,41085.0,34826.4,28271.9,8142.7,14114.6,14351.2,41288.9,64504.1,36867.9,19999.0,15237.7,42652.3,78963.7,11084.7,22025.1,21998.9,11495.1,12602.5,21308.7,23272.8,47205.8,12694.4,14012.6,11410.3,25002.7,16552.7,6462.4,21108.3,23975.9,4879.0,10470.3,50758.0,18593.4,47625.3,20100.7,40207.8,1459.0,18379.4,13002.0,4652.5,19296.5,14566.5,13636.8,18616.4,23455.7,6135.4,82971.2,11865.0,27795.3,25534.2,7236.2,40214.1,7246.3,25311.7,29668.3,23031.2,22517.0,27969.4,28388.3,23407.9,7158.4,21893.7,24808.5,7421.4,48668.3,3608.8,37530.4,25529.2,14057.5,5882.3,9497.8,14131.6,7944.1,20366.8,2407.0,35818.1,20819.7,30209.9,48160.5,20282.1,26424.3,25651.0,59170.6
70132664,28095.7,31167.1,22372.8,23110.5,20474.6,22558.2,29554.5,36365.9,33569.4,6351.0,45008.7,45011.2,21826.7,19108.2,36460.8,24814.6,36574.9,41959.3,12403.3,36654.6,38511.1,26774.2,26312.4,25056.4,21990.2,12516.1,10255.7,36432.1,18865.9,6825.5,37951.5,38777.8,16679.2,14837.4,1072.9,32311.8,36808.5,37122.3,14010.0,38326.5,32688.2,20317.0,31699.9,34119.3,31456.7,42098.6,40312.7,33366.7,39344.1,36306.8,1428.4,54671.4,42675.9,9305.4,51962.4,35202.4,24117.5,21976.1,25942.1,2111.0,35139.0,17651.7,31882.2,3046.1,24133.7,22471.0,28833.9,20150.8,38587.0,22486.7,38020.7,29755.3,38752.9,29031.1,20972.1,35266.9,25953.5,29497.8,44676.8,0.0,46526.7,25167.9,36672.6,20437.9,34949.8,22124.0,18870.3,20384.2,19673.3,35214.5,33010.0,32745.9,19314.8,21712.6,12968.0,28394.8,38093.6,63676.3,30333.7,37598.9,43318.2,43292.1,39651.0,34148.1,42601.8,23642.0,3709.7,36086.3,35178.8,35972.9,22034.9,29982.5,40522.8,28271.0,24476.4,37641.3,38626.2,14702.4,24767.3,8180.5,26911.8,20042.4,43355.6,26133.3,35878.5,37197.8,27692.3,30653.8,36513.7,25330.2,22819.5,44165.3,32849.2,40021.0,45483.2,23717.0,36887.3,20048.7,40319.2,20863.4,16326.3,21668.7,24528.7,20147.7,19637.4,22122.3,51816.1,22521.5,22991.3,45451.4,7169.5,38816.7,9663.9,23712.0,37201.7,41928.1,33237.5,31525.5,41160.9,27137.1,47064.7,21375.9,42025.1,19314.0,2926.0,41848.1,18631.8,21716.6,14833.0
70132665,49928.4,25378.5,30219.0,29886.3,32334.3,30142.8,21281.3,23457.2,25589.4,41850.5,39363.6,39366.1,62309.1,35599.6,30673.0,26982.0,22731.6,38477.4,34653.3,23047.8,22631.6,24245.0,26540.3,26323.1,34093.0,57811.8,43209.5,23000.9,34820.3,42294.3,14429.4,7855.0,63434.0,54985.2,46679.6,26524.1,13286.4,22500.2,54553.7,22447.0,22483.4,32901.5,25912.1,26823.1,61567.0,38616.6,36830.7,20809.1,23464.7,30519.0,45344.4,8144.7,13744.1,47650.6,35741.8,32482.5,22340.5,62458.5,31273.8,45188.8,16118.6,31556.3,61992.5,44374.2,29012.8,24600.1,31708.2,31866.1,79027.8,29056.6,14498.5,23966.8,7975.0,25883.7,67726.8,23147.2,25652.4,21645.6,28280.7,46441.9,0.0,22177.8,27094.0,26803.1,18790.4,30508.8,35741.1,26564.3,32165.5,24547.2,17541.6,17778.2,33219.3,67580.4,35382.9,25247.3,14571.5,17301.7,70774.5,31811.1,12913.4,13102.5,23771.6,28901.8,13670.0,28521.1,47598.2,30298.5,16158.4,26394.3,30251.1,24193.9,24643.3,26356.7,29224.2,24732.6,22746.8,53834.3,22480.1,45153.8,25349.0,34864.0,29012.0,25617.6,30090.8,24289.1,24544.8,21852.9,36664.9,25854.6,28704.0,34718.8,74782.0,24141.5,1183.2,30782.5,21007.8,34870.3,30740.7,33305.5,36233.7,25635.3,20932.2,31863.0,32281.9,28656.2,35420.0,27874.5,30056.8,36004.9,51744.6,25290.4,38494.7,30777.5,33270.5,32481.6,20680.0,20500.7,25281.5,23765.4,30668.5,26822.9,18502.9,37372.0,49289.3,18326.0,34418.1,30907.1,62246.9
70133553,33540.8,9977.6,8799.6,8466.9,10914.8,8723.3,6673.9,13297.1,12849.9,21234.7,26771.5,26774.0,45921.5,19212.0,16318.9,5439.8,13506.0,24123.3,14037.5,13585.8,15442.2,5388.9,8572.1,4782.3,9845.1,38263.6,26821.9,13363.2,12646.9,21678.5,12840.7,15478.8,42426.6,38597.5,26063.8,12170.0,13509.5,14053.5,35869.4,15257.6,8960.8,11482.1,11558.0,13195.0,45179.4,24262.6,22476.6,9639.3,16275.3,16164.9,24728.6,31372.4,18593.1,28966.3,29923.9,18128.5,4389.3,46070.9,15254.8,24573.0,11411.6,15168.6,45604.9,23758.4,7593.3,7221.9,15730.5,9692.6,62640.1,7639.7,12909.8,9613.5,15453.9,8678.4,49602.3,12198.0,6170.6,5770.4,22638.2,25826.1,23227.7,0.0,14502.0,10415.5,11222.4,9089.4,19353.5,10176.6,9992.1,12145.7,9282.6,9018.6,16831.6,48896.1,17196.4,8042.0,12676.6,39593.5,54386.8,17457.0,19235.3,19209.2,16582.2,14547.7,18518.9,7101.7,26982.4,15944.4,11451.4,13802.2,8834.1,9840.7,17453.9,9151.4,10122.5,14572.4,15557.4,35150.0,874.3,28766.2,7128.9,18476.3,21317.0,4076.8,15736.7,14128.9,7339.5,6719.0,22310.8,4313.8,7287.1,22126.7,58394.3,16952.1,22184.2,9363.1,13818.4,18482.6,18148.6,9143.1,14060.3,6419.6,2968.6,9689.5,10108.4,7239.3,29777.5,7209.4,8637.3,23412.8,33060.3,15747.8,17878.8,9358.1,18916.5,19889.5,9510.1,7798.1,18092.1,5354.3,25026.1,10435.2,17942.2,14080.6,28673.4,17765.2,10255.7,9487.7,43562.6
70133556,47254.5,9885.1,16953.0,16620.3,19068.2,16876.8,10143.8,5985.2,4413.0,32704.1,13255.3,13257.8,59635.3,32925.8,9278.8,13324.7,6194.1,12821.9,25691.3,6273.8,9583.4,12122.3,13274.2,15233.8,17996.0,49733.0,40535.6,6051.3,19355.4,33147.9,13939.2,19627.3,53896.0,52311.3,37533.2,5754.7,16309.2,6741.5,43459.7,9398.8,6895.8,19635.5,6181.9,4557.8,58893.1,12961.2,11175.2,6856.0,10416.4,9124.8,36198.0,33353.2,19691.5,36556.6,16407.7,10401.2,18254.8,59784.6,12913.1,36042.4,12510.1,28773.1,59318.6,35227.8,15746.7,19982.4,12140.9,19954.8,76353.9,15790.6,14008.3,8755.8,19602.4,12617.7,57192.6,6339.2,12386.3,10556.3,9122.0,37295.5,27376.1,15142.9,0.0,24109.8,9916.1,17242.8,33067.3,23973.6,20254.2,3292.6,11765.0,11501.0,30436.1,56486.4,28850.2,11981.3,13775.0,40691.9,68100.6,6515.1,20333.8,20307.7,10723.3,9334.7,19617.4,15255.1,39188.1,9051.5,12549.9,1517.3,16985.0,8535.0,7764.3,13090.6,15958.2,5323.8,9698.5,42740.3,14742.4,39607.6,12083.0,32190.1,7800.8,14528.4,9771.0,5954.4,11278.8,10715.4,9067.2,14765.3,15438.0,8610.5,72108.1,11093.3,26332.7,17516.5,7959.6,32196.4,4632.4,17294.0,21650.6,19180.2,18666.0,19951.7,20370.6,15390.2,16261.3,18042.6,16790.8,9896.6,40650.6,4735.7,29512.7,17511.5,9487.8,6373.3,6985.2,10280.5,12233.2,12349.1,11509.9,24355.5,19040.7,21360.5,40142.8,19510.3,18406.6,17641.1,51152.9
70137842,37195.4,16941.0,8777.5,10917.5,10684.3,9189.5,15875.6,22687.0,19890.5,21067.4,36686.5,36689.0,49576.1,22866.7,25131.9,11135.6,22896.0,33637.2,14379.6,22975.7,24832.2,13095.3,12633.5,11542.3,8307.4,38096.3,30476.5,22753.2,9582.0,21511.2,23423.7,31698.2,42259.4,42252.2,25896.5,18632.9,25793.7,23443.4,31823.0,24647.6,19909.2,11251.6,18021.0,20440.4,48834.0,33776.5,31990.5,20202.3,25665.2,24977.9,24561.3,42837.7,29176.1,24919.9,38283.5,24354.6,16217.3,49725.5,15020.3,24405.7,21994.6,18714.0,49259.5,23591.1,11940.7,13334.3,17457.0,6840.6,66294.8,8807.8,23492.8,16076.4,31673.4,15352.2,45555.9,21588.0,12274.6,17183.0,30997.9,25658.8,39447.1,15026.4,22993.7,0.0,23771.0,8441.2,23008.1,13914.5,6496.1,21535.6,19865.6,19601.6,20377.0,44849.7,17538.5,14715.8,23259.6,50176.5,58041.5,23919.9,29818.3,29792.2,25972.1,22692.7,29101.9,11449.0,27551.4,24757.4,22034.4,22293.9,8352.1,16303.6,26843.9,16816.1,12283.4,23962.4,24947.3,31103.6,14625.8,27970.9,13232.9,22131.0,29676.7,12644.8,24549.6,23518.8,14013.4,16974.9,28191.5,11639.3,9140.5,30486.4,62049.0,26342.1,38403.6,11524.0,23208.4,22137.3,26640.3,7520.6,10338.8,13318.5,16628.4,6837.5,6636.8,8443.4,38137.2,11324.4,10798.3,31772.5,29013.9,25137.8,18201.0,11519.0,28879.6,28249.2,20073.1,18381.1,27482.0,13458.2,33385.8,14296.3,28525.2,11587.2,28506.1,28348.2,8633.2,9348.3,39516.2
70138438,45034.8,11643.2,16483.8,16151.1,18599.0,16407.5,7546.0,5317.3,7449.5,31349.3,21223.7,21226.2,57415.5,30706.0,14142.4,13246.8,4591.6,20790.2,25222.1,4907.9,4491.7,10509.8,12805.0,12587.8,17526.8,52918.2,38315.9,4861.0,18886.2,31793.1,5093.6,10781.7,52541.2,50091.6,36178.4,8791.2,7463.7,4360.3,42990.5,4307.1,7664.3,19166.3,9218.4,8683.2,56673.4,20929.5,19143.6,2872.4,5324.8,13988.4,34843.2,24507.6,10846.0,36087.4,17601.9,15952.0,15608.8,57564.9,15949.6,34687.6,3664.5,26662.7,57098.9,33873.0,15277.5,17336.4,15177.4,17879.9,74134.2,15321.4,5162.7,10231.5,10756.8,12148.4,56723.4,5007.3,11917.1,7910.3,10140.7,35940.7,18530.6,12496.9,8954.1,21909.5,0.0,16773.6,30847.5,21670.7,18179.3,6407.3,3806.4,4043.0,28325.7,56017.2,28381.0,11512.1,4929.5,31846.4,65880.9,14483.4,11488.2,11462.1,5631.7,12371.2,10771.8,14785.9,38718.9,13767.9,3704.4,8254.4,16515.8,10199.3,6503.4,12621.4,15489.0,6592.6,4606.8,42271.1,12096.4,40260.2,11613.8,29970.3,10872.1,11882.4,13560.2,6149.1,10809.6,8117.7,17035.5,12119.3,14968.8,16578.9,69888.3,6001.6,17487.1,17047.3,2867.9,29976.6,12600.8,16824.8,21181.4,16534.2,16038.6,17876.8,18295.7,14921.0,17280.0,15396.7,16321.5,17865.0,40181.4,7150.5,27993.4,17042.3,16740.0,14341.7,2743.2,6765.5,7141.6,10030.1,12528.6,21929.3,10195.1,20891.3,38788.0,10018.2,17937.4,17171.9,50683.7
70152945,32768.6,7097.0,352.7,2239.2,2765.2,415.2,10200.3,17011.7,14215.2,17648.6,28770.1,28772.6,45149.3,17842.4,17215.5,5460.3,17220.7,25720.8,10635.9,17300.4,19156.8,7419.9,5076.7,5244.0,1217.8,34677.5,26049.7,17077.9,4299.9,18092.4,17748.4,23426.5,38840.6,37825.3,22477.7,12957.6,20118.4,17768.1,28404.2,18972.2,14233.9,3332.5,12345.6,14765.1,44407.2,25860.1,24074.1,14526.9,19989.9,17061.5,21142.5,37162.4,23500.7,21501.1,32608.2,16438.2,8762.3,45298.7,7103.9,20986.9,16319.3,14276.8,44832.7,20172.3,3262.4,8310.0,9540.6,4871.4,61867.9,1837.2,17817.5,10401.1,23401.6,6592.0,42137.1,15912.6,6599.2,11507.7,25322.6,22240.0,31175.4,9351.0,17318.3,9613.5,18095.6,0.0,17983.9,9477.3,5170.8,15860.3,14190.3,13926.2,15939.8,41430.9,13794.7,9040.5,17584.2,44501.1,53614.6,18244.6,24143.0,24116.9,20296.8,14776.3,23426.6,2770.8,24132.6,16841.0,16359.1,16618.6,1262.4,10628.3,21168.5,8899.7,3052.2,18287.0,19272.0,27684.8,8950.5,24552.1,7557.5,17106.7,24001.3,6394.6,16633.3,17843.5,8338.0,11299.6,20275.1,5950.9,1872.3,24811.1,57622.1,20666.7,30131.9,2119.3,17533.0,17113.0,20965.0,2238.5,6595.1,8294.3,9173.5,4868.3,5287.2,1612.2,32461.9,6300.2,1524.5,26097.2,25595.1,19462.4,14457.2,2114.3,20963.2,22573.9,14397.7,12705.8,21806.7,7782.9,27710.4,10469.0,22849.8,5930.9,25087.3,22672.9,3351.1,1429.2,36097.4
70155195,16938.2,25025.4,16861.9,19001.9,18768.7,17273.9,23960.0,30771.4,27974.9,14533.6,44770.9,44773.4,29318.9,1050.2,33216.3,19220.0,30980.4,41721.6,12203.1,31060.1,32916.6,21179.7,20717.9,19049.4,16391.8,24821.5,10219.3,30837.6,17666.4,10191.6,26602.1,27428.3,30443.7,21994.9,19362.7,26717.3,25459.1,31527.8,26881.7,32731.9,26371.5,19336.0,26105.3,28524.8,28576.8,41860.9,40074.9,27050.0,33749.6,33062.3,18027.5,43321.9,31326.5,19978.6,46367.9,32439.0,15454.0,29468.3,23104.7,17871.9,28291.3,7433.4,29002.3,17057.4,20025.0,13464.0,25541.4,15064.6,46037.6,16892.2,26671.2,24160.8,27403.5,23436.6,34736.6,29672.3,20359.0,23181.1,39082.3,19125.0,35177.2,18851.2,31078.1,10001.6,30866.5,16525.6,0.0,9762.8,15364.0,29620.0,26693.3,26429.3,9096.4,35477.1,8940.0,22800.2,26744.2,52326.9,37784.2,32004.3,31968.7,31942.6,34056.5,30777.1,31252.3,19533.4,20281.3,32841.8,28331.1,30378.3,16436.5,24388.0,34928.3,24900.5,20367.8,32046.7,33031.7,26162.3,18450.7,12163.6,21317.3,2060.3,37761.0,20729.2,32634.0,31603.2,22097.8,25059.3,36275.9,19323.2,17224.9,38570.8,41791.7,34426.5,34133.8,19608.4,31292.7,2066.6,34724.7,15605.0,18703.6,13448.3,16284.8,15061.5,15480.4,16527.8,46221.6,16514.5,18882.6,39856.9,24072.5,33222.2,10681.2,19603.4,36964.0,36333.6,26920.8,25208.8,35566.4,21542.6,41470.2,10026.5,30675.6,19671.6,18191.7,30498.6,16717.6,17432.7,34574.9
70155196,23888.6,17436.8,8726.9,10869.1,10635.9,8789.4,15824.2,21686.5,19839.1,16014.3,37653.4,37655.9,36269.4,9559.9,22730.5,11084.3,21895.4,34604.1,8817.1,21975.1,25673.0,13043.9,12582.1,9854.6,8256.8,31772.0,17169.7,21752.6,8984.1,16458.1,17567.4,18393.6,37394.2,28945.4,20843.4,18581.5,16424.3,25541.6,28717.5,25488.4,17350.2,11203.2,17969.6,20389.0,35527.2,34743.4,32957.4,18028.7,26506.1,22576.5,19508.2,34287.2,22291.7,21814.4,38232.2,25321.6,6419.2,36418.7,15987.2,19352.6,19256.6,5516.5,35952.7,18538.0,10698.5,4429.3,18424.0,6029.9,52988.0,8756.4,17636.5,16025.1,18368.8,15300.8,41687.0,20587.4,12223.2,14159.8,30946.5,20605.7,26142.5,9829.9,22942.3,966.9,21831.8,8390.5,9701.4,0.0,6329.3,20535.0,17672.0,17408.0,7179.5,41744.2,9546.7,14664.5,17709.5,43292.1,44734.7,23868.6,22934.0,22907.9,26812.9,23659.6,22217.6,10206.8,21762.0,22356.0,19296.4,22242.6,8301.4,16252.2,27684.7,15773.8,12235.0,22961.8,25788.1,27998.1,9429.3,19114.0,13181.5,8824.2,29625.3,10931.4,22148.2,22518.3,13962.0,15108.3,29158.5,10128.4,9089.2,30435.0,48742.2,27182.9,25099.0,10493.4,24049.2,8830.5,26588.9,7469.3,10397.5,4413.6,7250.1,6026.8,6445.7,8392.0,38085.8,7319.6,10749.9,31721.1,25908.4,24137.2,12658.5,10488.4,25328.0,28197.8,17899.5,16187.5,28322.8,13406.9,33334.4,991.7,21640.9,11535.8,23453.0,21463.9,8581.8,9299.9,36410.7
70155782,30065.9,14795.3,5978.4,8120.7,6851.1,6041.0,13182.8,19377.7,17197.7,14961.1,33892.4,33894.9,42446.7,15737.2,20089.0,8442.8,19586.6,30843.1,7948.4,19666.3,21522.8,10402.5,9940.7,6614.6,5508.4,31990.0,23347.0,19443.8,2494.2,15404.9,18921.3,24568.8,36153.1,35122.7,19790.2,15940.1,22599.5,20134.1,25716.7,21338.2,15041.4,6693.6,15328.1,17747.6,41704.5,30982.4,29196.4,15719.9,22355.9,19935.0,18455.0,40462.4,24673.7,18813.6,35590.7,21560.5,8972.4,42596.1,12226.2,18299.4,17492.2,11693.8,42130.1,17484.8,8057.0,6089.5,14662.9,767.1,59165.3,6115.0,18990.4,13383.6,24543.9,12659.4,39449.6,18278.6,9581.8,11851.0,28305.1,19552.5,32317.6,8565.4,20300.8,6938.5,17303.0,5642.1,15878.7,6699.6,0.0,18226.3,15363.2,15099.2,13356.8,38743.4,11107.2,12023.0,18757.2,45674.1,50912.0,21227.1,25315.9,25289.8,22662.8,19898.6,24599.5,7565.4,21445.1,19714.5,17532.0,19601.1,5553.0,13610.8,23534.5,13132.4,9486.6,20653.0,21638.0,24997.3,8164.8,21864.6,10540.1,15001.5,26983.8,7691.4,19506.8,20209.5,11320.5,12799.6,25397.4,6888.4,6447.7,27793.6,54919.5,23032.7,31274.2,7745.0,19899.0,15007.8,23947.5,4491.6,3907.6,6073.7,9383.6,764.0,118.4,5750.6,35444.4,4079.6,8001.5,29079.7,22907.6,21828.4,11769.7,7740.0,22686.6,25556.4,15590.7,13878.7,24172.7,10765.4,30692.9,7166.9,24022.8,5907.8,22399.8,23845.8,4288.2,6551.5,33409.9
70157031,47509.9,10140.5,17208.4,16875.7,19323.7,17132.2,10399.2,6240.6,4668.4,32959.5,14963.9,14966.4,59890.7,33181.2,9249.4,13580.2,6449.5,14530.5,25946.8,6529.3,9838.8,12377.7,13529.7,15489.2,18251.5,49988.4,40791.1,6306.7,19610.8,33403.3,14194.6,19882.7,54151.5,52566.7,37788.6,6010.1,16564.6,6997.0,43715.1,9654.2,7151.2,19890.9,6437.4,4839.4,59148.6,14669.8,12883.8,7111.4,10671.9,9095.4,36453.4,33608.6,19947.0,36812.0,18116.3,12109.9,18510.2,60040.1,13168.5,36297.8,12765.5,29028.6,59574.1,35483.2,16002.2,20237.9,12396.3,20210.2,76609.3,16046.0,14263.7,9011.2,19857.8,12873.1,57448.0,6594.6,12641.8,10811.7,10830.7,37550.9,27631.6,15398.4,2694.4,24365.2,10171.6,17498.2,33322.7,24229.1,20509.6,0.0,12020.4,11756.4,30691.6,56741.8,29105.7,12236.7,14030.5,40947.4,68356.0,8223.7,20589.2,20563.1,10978.8,9590.1,19872.8,15510.5,39443.5,9022.2,12805.4,1994.7,17240.5,8790.4,11850.5,13346.1,16213.6,7032.4,9953.9,42995.7,14997.8,39863.0,12338.4,32445.5,9509.4,14783.8,9329.8,7072.4,11534.3,10970.8,10775.8,15020.7,15693.4,10319.2,72363.5,11348.7,26588.1,17771.9,8215.0,32451.8,6341.0,17549.4,21906.0,19435.6,18921.4,20207.1,20626.0,15645.6,17970.0,18298.1,17046.2,11605.3,40906.0,6444.4,29768.2,17766.9,11196.5,8082.0,7240.6,10535.9,12488.6,12604.5,13218.5,24610.9,19296.1,21615.9,40398.2,19765.7,18662.0,17896.5,51408.3
70224396,43731.2,8610.8,13451.4,13118.6,15566.6,13375.1,4513.6,8814.0,9604.9,28316.8,23526.5,23528.9,56111.9,29402.4,13905.3,10214.3,8088.3,21709.7,22189.7,8404.6,7988.4,7477.3,9772.6,9555.4,14494.4,51614.6,37012.3,8357.7,15853.8,28760.7,3799.9,9478.1,49508.8,48788.0,33145.9,9756.4,6170.0,7857.0,39958.1,7803.8,5715.7,16133.9,9144.5,9949.9,55369.8,21849.0,20063.0,4041.5,8821.4,13751.3,31810.7,23213.9,9552.3,33055.0,21098.5,15714.9,12576.4,56261.3,14506.1,31655.1,2370.8,25359.1,55795.3,30840.6,12245.1,14304.0,14940.5,14847.5,72830.6,12289.0,3869.1,7199.1,9453.2,9116.0,53691.0,8504.0,8884.7,4877.9,13637.4,32908.2,17227.0,9464.5,11256.9,20605.9,4147.2,13741.1,29543.9,20367.1,15146.9,9904.0,0.0,1010.6,27022.1,52984.7,25348.6,8479.7,3635.8,30552.7,64577.3,15043.4,10194.6,10168.4,9128.3,12134.1,9478.2,11753.5,35686.5,13530.8,2410.7,10557.2,13483.4,7426.3,10000.1,9589.0,12456.5,10089.3,8103.5,39238.7,9064.0,38956.6,8581.4,28666.7,18071.9,8849.9,13323.1,9645.8,7777.2,5085.2,19897.3,9086.9,11936.4,18881.7,68584.7,9498.3,16183.5,14014.9,6364.6,28673.0,14903.5,13792.3,18149.0,13501.8,12987.6,14844.4,15263.3,11888.5,20776.7,12364.2,13289.1,20167.8,37148.9,10647.2,24961.0,14009.9,16502.9,16644.5,3912.3,3733.1,10638.2,6997.7,16025.3,20625.6,8901.4,17858.9,35755.6,8724.5,14904.9,14139.5,47651.3
70224398,43753.4,8633.0,13473.6,13140.8,15588.8,13397.3,4535.8,8836.2,9627.1,28339.0,23548.6,23551.1,56134.1,29424.6,13927.5,10236.5,8110.5,21731.9,22211.9,8426.8,8010.6,7499.5,9794.8,9577.6,14516.6,51636.7,37034.5,8379.9,15875.9,28782.8,3822.1,9500.3,49531.0,48810.1,33168.1,9778.6,6192.2,7879.2,39980.3,7825.9,5737.9,16156.1,9166.6,9972.1,55392.0,21871.2,20085.2,4063.7,8843.6,13773.5,31832.9,23236.1,9574.5,33077.1,21120.7,15737.1,12598.6,56283.5,14528.3,31677.3,2393.0,25381.2,55817.5,30862.7,12267.3,14326.2,14962.7,14869.7,72852.8,12311.2,3891.2,7221.3,9475.4,9138.2,53713.1,8526.2,8906.9,4900.1,13659.6,32930.4,17249.1,9486.7,11279.1,20628.1,4169.4,13763.3,29566.1,20389.2,15169.1,9926.2,264.0,0.0,27044.2,53006.9,25370.8,8501.9,3658.0,30574.9,64599.4,15065.6,10216.7,10190.6,9150.5,12156.3,9500.3,11775.7,35708.6,13553.0,2432.9,10579.4,13505.6,7448.4,10022.3,9611.2,12478.7,10111.5,8125.7,39260.8,9086.1,38978.8,8603.5,28688.9,18094.1,8872.1,13345.3,9668.0,7799.4,5107.4,19919.4,9109.1,11958.5,18903.9,68606.9,9520.5,16205.7,14037.1,6386.7,28695.2,14925.7,13814.5,18171.1,13523.9,13009.7,14866.6,15285.5,11910.7,20798.9,12386.4,13311.3,20190.0,37171.1,10669.4,24983.2,14032.1,16525.1,16666.7,3934.5,3755.2,10660.4,7019.9,16047.5,20647.8,8923.6,17881.1,35777.8,8746.7,14927.1,14161.7,47673.4
70225154,23546.7,23673.6,15510.1,17650.0,17416.9,15922.0,22608.1,29419.6,26623.0,14903.4,43419.1,43421.6,35927.5,9218.0,31864.4,17868.2,29628.5,40369.7,7726.2,29708.2,31564.7,19827.8,19366.1,17041.0,15040.0,31430.1,16827.9,29485.7,14236.3,15347.3,24593.6,25419.9,37052.3,28603.5,19732.5,25365.4,23450.6,30176.0,27606.7,31380.1,24363.0,17984.1,24753.5,27173.0,35185.4,40509.0,38723.1,25041.5,32397.8,31710.4,18397.3,41313.5,29318.0,20703.5,45016.1,31087.2,13445.5,36076.9,21752.8,18241.8,26282.8,2156.9,35610.9,17427.2,18673.2,11455.6,24189.6,12757.7,52646.1,15540.3,24662.7,22809.0,25395.0,22084.7,41345.2,28320.5,19007.1,21172.6,37730.4,19494.9,33168.8,16842.8,29726.2,7694.7,28858.1,15173.7,9359.5,7455.9,13057.1,28268.2,24684.9,24420.8,0.0,40633.3,7683.6,21448.4,24735.7,50318.4,44392.8,30652.5,29960.3,29934.2,32704.7,29425.2,29243.9,18181.6,20651.1,31489.9,26322.7,29026.5,15084.6,23036.1,33576.4,23548.6,19016.0,30694.9,31679.9,26887.2,16442.2,18772.2,19965.4,8482.3,36409.2,17423.5,31282.2,30251.4,20745.9,23707.5,34924.1,17314.8,15873.1,37219.0,48400.3,33074.6,32125.3,18256.6,29940.9,8488.6,33372.8,14253.2,13372.1,11439.9,14276.3,12754.6,13173.5,15175.9,44869.8,14506.0,17530.8,38505.1,24797.5,31870.3,11547.6,18251.5,35612.1,34981.8,24912.4,23200.4,34214.6,20190.8,40118.3,8018.0,28667.1,16481.1,22342.2,28490.2,15365.8,16080.8,35299.8
70225158,31839.4,50422.9,41628.6,42366.3,39730.4,41814.0,48810.3,55621.8,52825.2,26188.8,64264.5,64267.0,23240.2,35270.6,55716.5,44070.4,55830.7,61215.1,32818.6,55910.4,57766.9,46030.0,45568.2,45254.0,41246.0,11890.0,26054.2,55687.9,38121.7,28431.7,58366.8,59193.0,5530.2,14211.3,22679.1,51567.6,57223.8,56378.1,15315.5,57582.3,52843.9,39572.8,50955.7,53375.1,33563.3,61354.4,59568.5,53137.0,58599.9,55562.6,23034.6,75086.6,63091.2,21102.0,71218.2,54458.2,44532.7,23389.6,45197.9,23717.2,54929.3,38067.0,33988.8,24652.3,43389.5,44728.9,48089.7,39406.6,22773.4,41742.5,58435.9,49011.2,59168.2,48286.9,1020.4,54522.7,45209.3,50117.7,63932.6,22110.2,66941.9,47204.8,55928.4,40853.2,56705.7,41379.8,39308.3,40799.4,38929.1,54470.3,52800.3,52536.3,39730.0,0.0,33383.3,47650.6,56194.3,84091.6,18179.9,56854.7,63733.4,63707.3,58906.8,53403.9,63017.0,42897.8,23487.6,55342.1,54969.2,55228.7,41290.7,49238.3,59778.6,47526.8,43732.2,56897.1,57882.0,16008.0,46804.3,23979.0,46167.6,35534.3,62611.4,45579.5,55134.3,56453.6,46948.1,49909.6,55769.5,45527.8,42075.3,63421.1,28617.2,59276.8,65898.5,42972.8,56143.1,35540.6,59575.0,40119.2,35582.1,42083.9,44943.9,39403.5,38893.2,41378.1,71071.9,42719.1,42247.1,64707.2,20937.8,58072.5,30079.2,42967.8,56457.5,61183.9,53007.8,51315.8,60416.7,46392.9,66320.5,41791.2,62440.3,38569.8,20119.7,62263.4,37887.6,40972.4,7273.6
70238808,24844.0,22775.0,14068.2,15422.1,13661.9,14130.7,21162.4,27973.8,25177.3,8539.5,38196.0,38198.5,34695.2,9188.9,28068.6,16422.4,28182.8,35146.7,3963.7,28262.5,30119.0,18382.1,17920.3,16099.6,13598.1,25568.4,15019.6,28040.0,10473.8,6243.0,26575.1,27401.4,29731.5,26795.3,13368.6,23919.7,25432.1,28730.2,21242.7,29934.4,23731.3,13504.4,23307.8,25727.2,36482.7,35286.0,33500.0,24409.8,30952.0,27914.6,12033.4,43295.0,31299.5,14339.6,43570.3,28389.7,15160.6,34844.5,19129.5,11877.8,28264.3,5986.8,36908.2,11063.2,16036.7,13437.1,22021.3,11758.7,51413.8,14094.6,26644.3,21363.2,27376.5,20639.0,34975.6,26874.8,17561.4,20540.9,36284.7,13130.9,35150.3,16211.0,28280.5,9061.5,25992.9,13731.9,8951.0,9007.8,11281.2,26822.4,24053.1,23789.1,7649.8,34269.4,0.0,20002.6,26717.2,52299.9,43160.5,29206.7,31941.8,31915.7,31258.9,27335.4,31225.4,15545.0,14287.2,27694.1,28304.2,27580.8,13642.8,21590.4,32130.7,21112.0,16788.1,29249.2,30234.1,20523.3,15810.5,11053.1,18519.7,10123.0,34963.5,17176.4,27486.4,28805.6,19300.2,22261.7,29701.1,16373.4,14427.3,35773.2,49697.6,31628.9,34106.8,16028.7,28495.2,10129.3,31927.1,12471.3,9609.6,12711.8,15571.8,11755.6,11245.3,13730.2,43424.0,13564.6,15302.9,37059.3,18433.6,30424.6,4203.0,16023.7,30666.2,33536.0,24280.6,22568.6,32768.8,18745.0,38672.6,9999.5,30648.6,12718.6,15978.2,30471.7,11099.0,14028.3,28935.9
70238985,37779.2,2568.0,7477.7,7144.9,9592.9,7401.4,4003.7,10815.1,8018.6,23228.7,21763.6,21766.1,50159.9,23450.4,10909.9,3849.4,11024.1,18714.3,16216.0,11103.8,12960.2,2337.8,3798.9,7250.6,8520.7,40257.6,31060.3,10881.3,9880.0,23672.6,11551.8,17229.9,44420.7,42835.9,28057.8,6761.0,13921.8,11571.5,33984.4,12775.6,8037.3,10160.2,6149.0,8568.5,49417.8,18853.6,17067.6,8330.3,13793.3,10755.9,26722.6,30965.8,17304.1,27081.3,26411.6,12719.5,10271.5,50309.3,6658.8,26567.1,10122.7,19297.8,49843.3,25752.5,6271.4,11999.2,8320.8,10479.4,66878.6,6315.3,11620.9,4204.5,17205.1,1268.7,47717.2,9716.0,2603.1,4259.7,19126.0,27820.1,24978.8,7159.7,11121.7,14634.5,11899.0,7767.4,23591.9,14498.3,10778.8,9663.7,7993.7,7729.7,20960.8,47011.0,19374.9,0.0,11387.6,38304.5,58625.3,12048.0,17946.4,17920.3,14100.2,9138.7,17230.0,5779.8,29712.7,10535.4,10162.5,10422.0,7509.7,4431.7,14972.0,1741.7,6482.8,12090.4,13075.4,33264.9,6759.1,30132.3,2607.7,22714.7,17804.7,5328.2,10327.7,11646.9,588.5,5103.0,15647.7,5891.1,5962.7,18614.5,62632.7,14470.2,23935.3,8041.2,11336.4,22721.0,14768.4,7818.6,12175.3,11196.9,10682.7,10476.3,10895.2,5914.8,26265.3,10059.4,7315.4,19900.6,31175.2,13265.8,20037.4,8036.2,13507.4,16377.3,8201.1,6509.2,15610.1,2564.6,21513.8,14880.1,16653.3,11885.2,30667.5,16476.3,8931.2,8165.8,41677.6
70246377,41334.8,11874.2,16714.8,16382.0,18830.0,16638.5,7777.0,9938.7,12070.9,33256.9,25845.1,25847.5,53715.5,27006.0,17168.7,13477.7,9213.0,24973.1,26059.7,9529.3,9113.1,10740.7,13036.0,12818.8,17757.8,49218.1,34615.9,9482.4,19117.1,33700.7,833.4,7420.2,54840.3,46391.5,38086.0,13019.8,3203.5,8981.7,43221.5,8928.5,8979.1,19397.3,12407.8,13304.6,52973.4,25112.4,23326.4,7304.9,9946.2,17014.7,36750.8,20247.4,6585.8,36318.3,22223.3,18978.3,13746.9,53864.9,17769.5,36595.2,1547.1,22962.7,53398.9,35780.6,15508.5,16006.5,18203.9,18110.9,70434.2,15552.4,902.6,10462.5,7395.3,12379.4,56954.3,9628.7,12148.1,8141.3,14762.1,37848.3,15169.1,12727.9,13575.5,18209.5,5271.9,17004.5,27147.5,17970.7,18410.3,11028.7,4037.4,4273.9,24625.7,56248.1,26789.3,11743.1,0.0,27586.2,62180.8,18306.8,7228.1,7201.9,10253.1,15397.5,6511.7,15016.9,38949.8,16794.2,1586.9,12875.8,16746.8,10689.6,11124.8,12852.4,15719.9,11214.0,9228.2,42502.0,12327.3,36560.2,11844.8,26270.3,15493.5,12113.3,16586.5,10770.5,11040.6,8348.6,23160.6,12350.3,15199.7,21200.3,66188.3,10623.0,14125.6,17278.3,7489.3,26276.6,17222.1,17055.7,21412.3,16765.1,12338.6,18107.8,18526.7,15151.9,21901.4,15627.6,16552.5,22486.4,40412.3,11771.9,29901.0,17273.3,19766.3,18963.1,7175.7,6996.4,11762.9,10261.1,17150.0,18229.2,5934.9,21122.3,40695.6,5758.0,18168.3,17402.9,50914.6
70248476,67037.5,38758.5,43599.1,43266.3,45714.3,43522.8,34661.3,36358.1,39700.0,58959.6,51163.3,51165.7,79418.3,52708.8,44053.0,40362.0,36038.0,51857.4,51762.5,36418.7,32869.8,37625.0,39920.3,39703.1,44642.1,74920.9,60318.6,36685.2,46001.4,59403.5,26742.2,25291.3,80543.1,72094.3,63788.8,41041.7,28163.0,36307.9,70105.8,34175.8,35863.4,46281.6,39292.1,40933.7,78676.1,51996.7,50210.7,37075.9,33218.0,43899.0,62453.6,9291.6,22058.6,63202.6,48572.0,45862.6,39449.7,79567.6,44653.8,62298.0,28431.4,48665.4,79101.6,61483.4,42392.8,41709.2,45088.2,44995.2,96136.9,42436.7,26811.3,37346.8,25411.3,39263.7,84836.0,37257.8,39032.4,35025.6,41110.8,63551.1,17436.3,39286.9,41204.6,43912.3,32156.2,43888.8,52850.3,43673.4,45294.6,38657.8,30921.7,31158.2,50328.4,83132.4,52492.0,38627.4,26884.3,0.0,87883.6,45191.1,22700.9,22674.8,31469.7,42281.8,21984.5,41901.2,64707.4,43678.5,28471.2,40504.9,43631.1,37573.9,34396.7,39736.7,42604.2,37633.4,32500.1,69386.3,39211.6,62263.0,38729.0,51973.1,41842.2,38997.6,43470.8,37189.9,37924.9,35232.9,50044.9,39234.6,42084.0,46518.5,91891.1,30848.3,18619.5,44162.6,35118.4,51979.4,44851.2,43940.0,48296.6,42744.4,38041.3,44992.1,45411.0,42036.2,48250.1,42511.9,43436.8,47804.6,67296.6,38120.6,55603.8,44157.6,46650.6,46592.2,34060.0,33880.7,35034.8,37145.4,43498.7,43932.0,22009.3,48006.6,66398.4,21899.9,45052.6,44287.2,77798.9
70248511,33096.5,61804.9,53641.4,55781.3,55548.2,54053.3,60739.4,67550.9,64754.3,36456.9,81550.4,81552.9,8868.6,37815.7,69995.7,55999.5,67759.8,78501.0,48824.9,67839.5,70580.3,57959.1,57497.4,54922.0,53171.3,19540.5,30497.0,67617.0,53891.4,35883.4,62474.6,63300.9,15471.9,18936.6,31178.7,63496.7,61331.6,70448.8,33398.8,70395.6,62244.1,56115.4,62884.8,65304.3,19191.7,78640.3,76854.4,62922.6,71413.3,69841.7,31534.2,79194.5,67199.0,39185.2,83147.4,69218.5,51326.5,9018.0,59884.1,32216.8,64163.8,43305.9,19617.2,33152.0,56804.5,49336.6,62320.9,50937.1,10339.6,53671.6,62543.8,60940.3,63276.0,60216.0,17673.1,66451.8,57138.4,59053.6,75861.8,30609.8,71049.8,54723.8,67857.5,45874.2,66739.1,53305.0,37957.2,45635.3,51236.6,66399.5,62565.9,62301.8,44969.0,18413.6,43098.1,59579.7,62616.7,88199.4,0.0,68783.8,67841.3,67815.2,71720.2,67556.5,67124.9,56312.9,33815.5,69621.2,64203.7,67157.8,53215.9,61167.4,72592.0,61679.9,57147.3,68826.2,70695.4,34091.2,54323.2,29400.0,58096.7,38079.3,74540.5,55304.5,69413.5,68382.7,58877.2,60002.2,73055.4,55195.8,54004.4,75350.3,9753.2,72090.2,70006.3,56387.9,68956.4,38085.6,71504.1,52384.5,46432.2,49320.9,52157.3,50934.0,51352.9,53307.2,83001.0,52387.0,55662.1,76636.4,31388.6,70001.6,39769.8,56382.8,73743.4,73113.1,62793.4,61081.4,73230.1,58322.1,78249.6,45899.0,66548.1,56451.0,28619.4,66371.2,53497.1,54212.1,25356.8
70286191,49723.6,8595.5,16576.7,16243.9,18650.1,16500.4,10272.2,10850.5,7491.1,32327.7,11485.9,11488.4,62104.4,32549.4,3427.1,12948.4,11059.5,8436.6,25315.0,11139.2,14448.7,11746.0,12897.9,16397.3,17619.7,49356.6,43004.7,10916.7,18979.0,32771.6,17820.3,23498.5,53519.7,54780.4,37156.8,6233.5,20190.4,11606.9,43083.4,14264.1,10147.5,19217.4,6399.3,4312.0,61362.2,8575.9,6789.9,11721.3,15281.8,3273.1,35821.6,37234.3,23572.7,36180.3,19544.7,5593.3,19679.7,62253.7,11232.3,35666.1,16391.2,31231.9,61787.7,34851.5,15370.4,23017.1,8225.8,19578.4,78823.0,15414.3,17889.4,8380.6,23473.6,12241.3,56816.2,11204.5,12010.0,11416.0,12259.1,36919.1,31247.4,16567.9,7498.9,26568.5,14781.5,16866.4,32690.9,26432.4,19877.8,8574.5,14262.3,13998.2,32894.9,56110.0,28473.9,11605.0,17656.2,44573.1,70569.7,0.0,24214.9,24188.8,15588.7,4208.5,23498.5,14878.8,38811.7,3199.9,16431.1,6799.2,16608.7,8158.7,16460.4,12714.3,15581.8,12125.8,14563.9,42363.9,16167.3,39231.3,11706.7,31813.7,10937.8,14427.2,3919.3,11682.3,10902.5,11371.5,4681.9,14990.1,15061.7,11747.6,74577.2,15958.6,30203.9,17140.2,12824.9,31820.0,6736.3,16917.6,21274.3,20605.1,20090.9,19575.3,19994.2,15013.8,19398.4,19107.6,16414.4,6414.7,40274.2,11248.9,29136.4,17135.2,4679.9,7418.1,11850.5,12777.8,17098.6,11972.8,14646.9,27424.1,22921.8,21815.9,39766.5,22744.9,18030.2,17256.9,50776.6
70286419,46853.9,18574.8,23415.4,23082.6,25530.6,23339.1,14477.6,16258.3,19600.2,38776.0,31063.5,31065.9,59234.6,32525.1,23869.3,20178.3,15938.2,31673.7,31578.8,16318.9,12770.0,17441.3,19736.6,19519.4,24458.4,54737.2,40135.0,16585.4,25817.8,39219.8,6558.5,12196.0,60359.4,51910.6,43605.1,19720.4,7979.3,16208.1,49922.1,14076.0,15679.7,26097.9,19108.5,20833.9,58492.5,31813.0,30027.0,14005.5,13118.2,23715.3,42269.9,15504.7,914.1,43019.0,28472.2,25678.9,19266.0,59384.0,24470.1,42114.3,8247.7,28481.7,58918.0,41299.7,22209.1,21525.6,24904.5,24811.5,75953.2,22253.0,6627.7,17163.1,12171.2,19080.0,64652.3,17158.0,18848.7,14841.9,21011.0,43367.4,12910.5,19103.3,21104.8,23728.6,11972.5,23705.2,32666.6,23489.7,25110.9,18558.0,10738.0,10974.6,30144.7,62948.7,32308.4,18443.7,6700.6,22843.5,67699.9,25007.4,0.0,272.5,11369.9,22098.1,840.0,21717.5,44523.7,23494.8,8287.6,20405.1,23447.4,17390.3,14296.9,19553.0,22420.5,17533.6,12400.3,49202.7,19028.0,42079.3,18545.4,31789.4,21742.4,18813.9,23287.1,17090.1,17741.2,15049.2,29861.3,19050.9,21900.4,26418.7,71707.4,10748.5,11867.0,23978.9,15018.6,31795.7,24751.4,23756.3,28113.0,22560.7,17857.6,24808.4,25227.3,21852.5,28150.3,22328.2,23253.1,27704.8,47112.9,18020.8,35420.1,23973.9,26466.9,26492.4,13876.3,13697.1,14935.0,16961.7,23398.9,23748.3,1825.6,27822.9,46214.7,2141.3,24868.9,24103.5,57615.3
70288587,46787.2,18508.1,23348.7,23016.0,25463.9,23272.4,14410.9,16191.6,19533.5,38709.3,30996.8,30999.3,59167.9,32458.4,23802.7,20111.7,15871.5,31607.0,31512.1,16252.3,12703.3,17374.6,19669.9,19452.7,24391.7,54670.5,40068.3,16518.7,25751.1,39153.1,6491.9,12129.3,60292.7,51843.9,43538.4,19653.7,7912.6,16141.4,49855.4,14009.4,15613.1,26031.2,19041.8,20767.2,58425.8,31746.3,29960.4,13938.8,13051.6,23648.7,42203.2,15438.0,847.4,42952.3,28405.5,25612.2,19199.3,59317.3,24403.4,42047.6,8181.1,28415.1,58851.3,41233.0,22142.4,21458.9,24837.8,24744.8,75886.6,22186.3,6561.0,17096.4,12104.5,19013.3,64585.6,17091.3,18782.0,14775.2,20944.3,43300.7,13102.5,19036.6,21038.1,23661.9,11905.9,23638.5,32599.9,23423.0,25044.2,18491.3,10671.3,10907.9,30078.1,62882.1,32241.7,18377.0,6633.9,22776.8,67633.2,24940.8,231.9,0.0,11303.2,22031.4,773.3,21650.8,44457.0,23428.2,8220.9,20338.4,23380.7,17323.6,14230.2,19486.3,22353.9,17466.9,12333.6,49136.0,18961.3,42012.6,18478.7,31722.7,21675.7,18747.3,23220.4,17023.4,17674.5,14982.6,29794.6,18984.2,21833.7,26352.0,71640.7,10681.8,12059.0,23912.2,14951.9,31729.0,24684.8,23689.7,28046.3,22494.0,17790.9,24741.7,25160.6,21785.9,28083.7,22261.6,23186.4,27638.1,47046.3,17954.1,35353.4,23907.2,26400.2,26425.7,13809.6,13630.4,14868.3,16895.0,23332.2,23681.6,1758.9,27756.2,46148.0,2074.6,24802.3,24036.8,57548.6
70337217,49765.4,12395.9,19463.9,19131.1,21579.1,19387.6,11758.8,4954.1,8296.0,35214.9,22070.2,22072.7,62146.1,35436.6,14988.9,15835.6,4634.0,21636.7,28202.2,5014.8,1465.8,14633.2,15785.1,16848.9,20506.9,52243.8,43046.5,5281.2,21866.2,35658.7,11510.1,18365.4,56406.9,54822.1,40044.0,9637.7,14148.6,5206.8,45970.6,2771.9,8510.8,22146.4,10065.0,9529.7,61404.0,21776.0,19990.1,5671.9,1814.1,14834.9,38708.8,24119.3,10188.5,39067.4,17168.0,16798.5,19869.8,62295.5,16796.1,38553.2,10081.1,31284.0,61829.5,37738.6,18257.6,21597.5,16023.9,22465.6,78864.8,18301.4,11579.3,11266.6,18340.5,15128.5,59703.4,5853.8,14897.2,12171.3,9706.9,39806.3,26114.2,16758.0,9800.6,28326.0,7487.1,19753.6,35578.1,28087.2,22765.0,7253.8,10222.9,10459.5,32947.0,58997.2,31361.1,14492.2,11346.0,31458.0,70611.4,15329.9,10830.8,10804.7,0.0,13217.7,10114.4,17766.0,41698.9,14614.4,10120.9,9100.9,19495.9,11045.9,2992.7,15601.5,18469.0,6229.4,1096.1,45251.1,16357.4,42118.5,14593.8,34700.9,10438.2,16143.4,14406.7,5785.9,13789.7,12330.4,17882.0,16380.4,17948.8,17425.4,74618.9,1284.6,25070.8,20027.4,3714.4,34707.2,13447.3,19804.8,24161.4,20795.2,20281.0,22462.5,22881.4,17901.0,16846.2,19657.7,19301.6,18711.5,43161.4,6716.6,32023.6,20022.3,17586.5,15188.2,5801.1,9435.6,3630.9,14860.0,12094.7,28345.8,9625.4,23871.4,42653.7,9087.8,20917.4,20152.0,53663.7
70337656,47254.2,6189.6,14170.9,13838.1,16180.7,14094.6,7866.4,8444.7,5085.3,29921.9,13715.5,13718.0,59634.9,30143.6,3554.8,10542.6,8653.7,10666.1,22909.2,8733.4,12042.9,9340.2,10492.1,13991.5,15213.9,46950.8,40535.3,8510.9,16573.2,30365.7,15414.5,21092.7,51113.9,52311.0,34751.0,3827.7,17784.5,9201.1,40677.6,11858.3,7741.7,16748.0,3993.5,3762.8,58892.8,10805.4,9019.5,9315.5,12876.0,3770.6,33415.8,34828.5,21166.9,33774.4,19420.4,5364.4,17273.9,59784.3,8762.8,33260.2,13985.4,28762.4,59318.3,32445.6,12964.6,20611.2,5756.4,17172.6,76353.6,13008.5,15483.6,5974.8,21067.8,9835.5,54410.4,8798.7,9604.2,9010.2,12134.8,34513.3,28841.5,14162.1,8181.4,24099.1,12375.7,14460.6,30285.1,23962.9,17472.0,5730.0,11856.4,11592.4,30425.4,53704.2,26068.1,9199.2,15250.4,42167.3,68100.3,5056.8,21809.1,21783.0,13182.9,0.0,21092.7,12473.0,36405.9,3180.3,14025.3,7481.6,14202.9,5752.9,14054.6,10308.5,13176.0,9720.0,12158.1,39958.1,13761.5,36825.5,9300.8,29407.9,10813.6,12021.3,2972.6,9276.5,8496.7,8965.7,6911.4,12584.3,12655.8,11623.3,72107.7,13552.8,27798.1,14734.4,10419.1,29414.2,10751.1,14511.8,18868.4,18199.3,17685.1,17169.5,17588.4,12608.0,19274.1,16701.8,14008.6,12909.4,37868.4,10895.5,26730.6,14729.4,6152.3,9386.1,9444.7,10371.9,14692.8,9567.0,14522.7,21573.3,20516.0,19346.4,37360.7,20339.1,15624.4,14787.5,48370.7
70337705,46096.9,17817.9,22658.4,22325.7,24773.7,22582.2,13720.7,15501.3,18843.2,38019.0,30306.5,30309.0,58477.6,31768.1,23112.4,19421.4,15181.2,30916.7,30821.8,15562.0,12013.0,16684.4,18979.7,18762.5,23701.4,53980.3,39378.0,15828.4,25060.8,38462.8,5801.6,11439.1,59602.4,51153.7,42848.1,18963.4,7222.3,15451.1,49165.1,13319.1,14922.8,25340.9,18351.5,20076.9,57735.5,31056.0,29270.1,13248.5,12361.3,22958.4,41512.9,14747.7,74.1,42262.0,27715.2,24921.9,18509.0,58627.0,23713.1,41357.3,7490.8,27724.8,58161.0,40542.7,21452.2,20768.6,24147.6,24054.5,75196.3,21496.0,5870.7,16406.1,11414.2,18323.1,63895.3,16401.0,18091.7,14084.9,20254.1,42610.4,13670.0,18346.3,20347.8,22971.6,11215.6,22948.2,31909.6,22732.8,24354.0,17801.0,9981.0,10217.6,29387.8,62191.8,31551.4,17686.7,5943.7,22086.5,66943.0,24250.5,799.4,773.3,10613.0,21341.2,0.0,20960.5,43766.7,22737.9,7530.6,19648.1,22690.4,16633.3,13539.9,18796.0,21663.6,16776.6,11643.4,48445.7,18271.0,41322.3,17788.4,31032.4,20985.4,18057.0,22530.1,16333.1,16984.2,14292.3,29104.3,18294.0,21143.4,25661.7,70950.5,9991.6,12626.5,23221.9,14261.6,31038.8,23994.5,22999.4,27356.0,21803.7,17100.7,24051.5,24470.3,21095.6,27393.4,21571.3,22496.2,26947.8,46356.0,17263.9,34663.2,23216.9,25709.9,25735.4,13119.3,12940.1,14178.1,16204.7,22641.9,22991.4,1068.6,27065.9,45457.7,1384.3,24112.0,23346.5,56858.3
70343296,35348.3,5834.5,2271.2,1669.4,4117.4,2194.9,7812.8,14624.2,11827.7,19500.0,25572.7,25575.2,47729.0,20058.5,14719.0,3072.8,14833.2,22523.4,12824.1,14912.9,16769.4,5032.5,2305.9,4659.7,5128.7,36528.9,28629.4,14690.4,6488.1,19943.8,15360.9,21039.1,40692.0,40405.0,24329.1,10570.1,17730.9,15380.6,30255.7,16584.7,11846.4,4684.6,9958.2,12377.6,46986.9,22662.7,20876.7,12139.4,17602.4,14565.0,22993.9,34774.9,21113.3,23352.5,30220.7,16528.6,8385.9,47878.4,8457.3,22838.3,13931.8,16856.5,47412.4,22023.8,491.6,10526.1,10894.1,7087.5,64447.6,1968.0,15430.0,8013.6,21014.2,3821.2,43988.5,13525.2,4211.8,9120.2,22935.1,24091.4,28787.9,6963.6,14930.9,12193.2,15708.2,2560.9,20200.0,12057.0,7386.9,13472.8,11802.8,11538.8,18519.5,43282.3,15983.0,4685.9,15196.8,42113.7,56194.3,15857.1,21755.5,21729.4,17909.3,12947.8,21039.1,0.0,25984.0,14344.5,13971.6,14231.1,4117.8,8240.8,18781.1,4133.7,2615.9,15899.5,16884.5,29536.2,6563.0,26403.6,3639.0,19322.8,21613.8,4007.1,14136.8,15456.0,5950.6,8912.1,17420.8,3563.5,1457.1,22423.6,60201.8,18279.3,27744.5,2565.6,15145.5,19329.1,18577.5,4426.7,8446.1,9311.3,8797.1,7084.4,7503.3,2522.9,30074.4,6568.7,1839.9,23709.7,27446.5,17075.0,16645.5,2560.6,17316.6,20186.4,12010.3,10318.3,19419.2,5395.4,25323.0,13048.7,20462.4,7283.1,26938.8,20285.4,5539.3,2690.2,37948.8
70343297,31718.7,33064.8,24270.5,25008.2,22372.4,24455.9,31452.3,38263.7,35467.2,8283.1,46906.5,46908.9,25449.7,21040.2,38358.5,26712.3,38472.7,43857.1,14335.4,38552.4,40408.9,28672.0,28210.2,27896.0,23888.0,16139.1,13878.6,38329.9,20763.7,8757.6,39883.6,40709.9,20302.2,18460.4,3939.3,34209.6,38740.6,39020.1,10370.4,40224.2,35485.9,22214.8,33597.6,36017.1,35079.7,43996.4,42210.4,35778.9,41241.9,38204.5,3360.4,56603.5,44608.0,5919.9,53860.2,37100.1,26049.5,25599.1,27839.9,4043.1,37571.3,19583.8,35505.2,4978.2,26031.4,27370.9,30731.7,22048.5,42210.0,24384.5,39952.7,31653.1,40685.0,30928.9,24103.3,37164.6,27851.3,32759.7,46574.6,3701.6,48458.7,27099.9,38570.3,22370.0,39347.6,24021.7,20802.4,22316.2,21571.1,37112.3,35442.3,35178.3,21246.8,23397.1,14900.1,30292.5,40025.7,65608.4,33956.7,39496.6,45250.3,45224.1,41548.8,36045.8,44533.9,25539.8,0.0,37984.0,37611.1,37870.6,23932.6,31880.3,42420.6,30168.7,26374.2,39539.0,40524.0,11062.8,26699.4,11803.5,28809.6,21974.4,45253.3,28221.5,37776.3,39095.5,29590.1,32551.6,38411.5,28169.8,24717.2,46063.1,36472.2,41918.8,47415.3,25614.8,38785.0,21980.7,42217.0,22761.1,18224.1,23600.8,26460.7,22045.4,21535.2,24020.1,53713.9,25361.1,24889.0,47349.2,3529.9,40714.5,11596.0,25609.8,39099.5,43825.9,35649.8,33957.8,43058.7,29034.9,48962.5,23308.0,43957.1,21211.8,5114.2,43780.2,20529.6,23614.4,18063.6
70343299,48246.4,7736.6,15717.8,15385.0,17172.9,15641.5,9413.3,9991.6,6632.2,31468.8,12403.7,12406.2,60627.1,35224.8,2612.8,12089.5,10200.6,9354.4,24456.1,10280.3,13589.8,10887.1,12039.0,15538.4,16760.8,48497.7,41527.5,10057.8,18120.1,31912.6,16961.4,22639.6,52660.8,53303.2,36297.9,5374.6,19331.5,10748.0,42224.5,13405.2,9288.6,17740.2,5540.4,3889.4,59885.0,9493.6,7707.7,10862.4,14422.9,2458.8,34962.7,36375.4,22713.8,35321.3,19122.1,3586.9,18820.8,60776.5,9755.1,34807.1,15532.3,29754.6,60310.5,33992.6,14511.5,22158.1,6748.6,18719.5,77345.8,14555.4,17030.5,7521.7,22614.7,11382.4,55957.3,10345.6,11151.1,10557.1,11836.5,36060.2,30388.4,15709.0,7883.0,25091.3,13922.6,16007.5,35366.3,24955.1,19018.9,7473.2,13403.3,13139.3,31417.6,55251.1,27615.0,10746.1,16797.3,43714.2,69092.5,4329.7,23356.0,23329.9,14729.8,2731.2,22639.6,14019.9,37952.8,0.0,15572.2,7183.3,15749.8,7299.8,15601.5,10607.6,14722.9,11266.9,13705.0,41505.0,15308.4,43471.8,10847.8,34489.1,10515.2,13568.3,1195.1,10823.4,10043.6,10512.6,5599.7,14131.2,14202.7,11325.0,73100.0,15099.7,29345.0,16281.3,11966.0,34495.5,9439.3,16058.7,20415.3,19746.2,19232.0,18716.4,19135.3,14154.9,18975.8,18248.7,15555.5,12611.1,39415.3,11633.0,28277.5,16276.3,5466.4,9087.8,10991.6,11918.8,16239.7,11113.9,14224.4,25946.9,22062.9,20338.6,38907.6,21886.0,17171.3,15779.7,49917.6
70347238,42512.4,10395.0,15235.6,14902.8,17350.8,15159.3,6297.8,8459.5,10591.7,30101.0,24365.9,24368.3,54893.1,28183.6,15689.5,11998.5,7733.8,23493.9,23973.9,8050.1,7633.9,9261.5,11556.8,11339.6,16278.6,50395.8,35793.5,8003.2,17637.9,30544.8,2066.5,8653.3,56017.9,47569.2,34930.1,11540.6,4436.5,7502.5,41742.3,7449.3,7499.9,17918.1,10928.6,11825.4,54151.0,23633.2,21847.2,5825.7,8467.0,15535.5,33594.9,21480.5,7818.9,34839.2,20744.1,17499.1,14360.6,55042.5,16290.3,33439.3,39.8,24140.3,54576.5,32624.7,14029.3,16088.2,16724.7,16631.7,71611.8,14073.2,2135.6,8983.3,8628.4,10900.2,55475.1,8149.5,10668.9,6662.1,13282.9,34692.4,16402.1,11248.7,12096.3,19387.1,3792.7,15525.3,28325.1,19148.3,16931.1,9549.5,2558.2,2794.8,25803.3,54768.9,27132.8,10263.9,1902.4,28819.3,63358.5,16827.6,8461.1,8435.0,8773.9,13918.3,7744.7,13537.7,37470.6,15315.0,0.0,11396.6,15267.6,9210.4,9645.6,11373.2,14240.7,9734.8,7749.0,41022.8,10848.2,37737.8,10365.6,27447.9,14014.3,10634.1,15107.3,9291.3,9561.4,6869.4,21681.4,10871.1,13720.6,19721.1,67365.9,9143.8,15358.7,15799.1,6010.1,27454.3,15742.9,15576.5,19933.2,15286.0,13516.2,16628.6,17047.5,13672.7,20422.2,14148.4,15073.3,21007.2,38933.1,10292.7,26745.2,15794.1,18287.1,17483.9,5696.5,5517.3,10283.8,8781.9,15670.8,19406.9,7168.0,19643.1,37539.8,6991.0,16689.1,15923.7,49435.5
70351585,46968.5,9599.1,16667.0,16334.2,18782.2,16590.7,9857.7,5699.1,4126.9,32418.0,12969.3,12971.7,59349.2,32639.7,8992.7,13038.7,5908.1,12535.8,25405.3,5987.8,9297.3,11836.3,12988.2,14947.8,17710.0,49446.9,40249.6,5765.3,19069.3,32861.9,13653.1,19341.2,53610.0,52025.3,37247.1,5468.7,16023.2,6455.5,43173.7,9112.7,6609.8,19349.5,5895.9,4271.8,58607.1,12675.1,10889.2,6569.9,10130.4,8838.7,35912.0,33067.1,19405.5,36270.6,16121.6,10115.2,17968.8,59498.6,12627.0,35756.4,12224.1,28487.1,59032.6,34941.8,15460.7,19696.4,11854.9,19668.7,76067.9,15504.6,13722.3,8469.7,19316.4,12331.6,56906.6,6053.1,12100.3,10270.3,8836.0,37009.5,27090.1,14856.9,699.7,23823.8,9630.1,16956.7,32781.2,23687.6,19968.2,3006.5,11479.0,11214.9,30150.1,56200.3,28564.2,11695.3,13489.0,40405.9,67814.6,6229.0,20047.8,20021.7,10437.3,9048.7,19331.4,14969.1,38902.0,8765.5,12263.9,0.0,16699.0,8249.0,7478.2,12804.6,15672.1,5037.7,9412.5,42454.3,14456.3,39321.6,11797.0,31904.0,7514.7,14242.3,9484.9,5668.4,10992.8,10429.4,8781.1,14479.3,15152.0,8324.5,71822.0,10807.3,26046.7,17230.5,7673.5,31910.4,4346.3,17007.9,21364.6,18894.1,18379.9,19665.6,20084.5,15104.1,15975.3,17756.6,16504.7,9610.6,40364.5,4449.7,29226.7,17225.5,9201.8,6087.3,6699.1,9994.5,11947.2,12063.1,11223.9,24069.4,18754.6,21074.5,39856.8,19224.3,18120.5,17355.1,50866.9
70351598,31534.8,11095.7,1189.2,3075.7,3457.2,1251.7,9483.1,16294.6,13498.0,18318.4,29462.1,29464.6,43915.5,17206.1,16389.4,4743.2,16503.5,26412.8,11305.7,16583.2,18439.7,6702.8,6241.0,5149.8,719.1,35347.3,24815.9,16360.7,4969.7,18762.2,17031.2,22709.4,39510.4,36591.6,23147.5,12240.4,19401.3,17050.9,29074.0,18255.1,13516.7,4024.5,11628.5,14047.9,43173.4,26552.1,24766.1,13809.8,19272.8,16235.4,21812.3,36445.2,22783.6,22170.9,31891.1,17130.2,8668.1,44064.9,7795.9,21656.7,15602.1,15113.3,43598.9,20842.1,3609.5,7057.4,10232.6,4124.7,60634.2,2415.3,17100.3,9684.0,22684.5,8959.7,42806.9,15195.5,5882.1,10790.5,24605.4,22909.8,30458.3,8633.9,16601.2,8407.3,17378.5,852.9,17347.6,8168.5,4424.1,15143.2,13473.2,13209.1,16776.3,42100.7,14464.6,8323.4,16867.1,43784.0,52380.9,17527.5,23425.8,23399.7,19579.7,15468.3,22709.4,3117.8,24802.4,16014.9,15642.0,15901.5,0.0,9911.1,20451.4,9432.7,3888.7,17569.9,18554.8,28354.6,8233.3,26760.2,6840.4,16470.4,23284.2,6252.4,15807.1,17126.4,7620.9,10582.4,20967.1,5246.8,2748.1,24093.9,56388.4,19949.6,29414.8,2955.8,16815.9,16476.7,20247.8,2908.3,7264.9,7041.7,9079.2,4121.6,4540.5,2050.9,31744.7,4764.7,2361.0,25380.0,26264.9,18745.3,15127.1,2950.7,21655.2,21856.7,13680.6,11988.7,21089.5,7065.8,26993.3,8625.3,22132.7,6622.9,25757.1,21955.8,4020.9,2121.2,36767.2
70361410,40311.0,2058.7,10009.5,9676.8,12124.7,9933.2,3707.9,7996.4,5191.7,25760.6,18936.7,18939.2,52691.7,25982.3,8083.0,6381.2,8205.4,15887.4,18747.8,8285.1,10141.5,5178.8,6330.7,9830.1,11052.5,42789.5,33592.1,8062.6,12411.9,26204.4,11256.0,16934.2,46952.5,45367.8,30589.7,3934.1,13626.0,8752.8,36516.2,9956.9,5218.6,12692.0,3322.1,5741.6,51949.6,16026.7,14240.7,7414.1,10974.6,7929.0,29254.5,30670.0,17008.4,29613.1,23584.7,9892.6,13112.6,52841.1,7306.7,29098.9,9826.9,21829.6,52375.1,28284.3,8803.2,16449.9,7848.6,13011.3,69410.4,8847.1,11325.1,556.5,16909.3,3042.6,50249.1,6897.3,5442.8,4851.7,16299.1,30352.0,24683.0,10000.7,8303.0,17166.3,10474.3,10299.3,26123.8,17030.1,13310.7,6845.0,7697.9,7433.9,23492.6,49542.9,21906.7,3760.3,11091.9,38008.8,61157.1,9221.1,17650.6,17624.5,11281.5,6311.8,16934.2,8311.6,32244.6,7708.5,9866.7,7603.3,10041.5,0.0,12153.3,3199.3,9014.6,9271.7,10256.7,35796.8,9600.2,32664.1,5139.5,25246.6,14977.8,7860.0,7500.8,8828.2,4335.3,4807.2,14074.9,8423.0,8494.5,15787.6,65164.6,11651.5,23639.6,10573.0,8517.7,25252.9,11949.7,10350.5,14707.1,14038.0,13523.8,13008.2,13427.1,8446.7,23438.4,12540.4,9847.2,17073.7,33707.0,10447.1,22569.2,10568.0,10680.6,13550.4,7543.3,6213.4,12791.4,5405.6,18687.0,17411.9,16357.5,14417.0,33199.3,16180.5,11463.0,10697.6,44209.4
70362005,50738.0,13368.6,20436.5,20103.8,22551.7,20360.2,12731.4,4795.4,9268.6,36187.6,16483.4,16485.9,63118.7,36409.3,15961.6,16808.2,4475.3,17548.1,29174.8,4856.0,2438.4,15605.8,16757.7,17821.5,21479.5,53216.5,44019.1,5122.5,22838.9,36631.4,12482.8,18170.9,57379.5,55794.8,41016.7,10610.3,14852.8,4745.2,46943.2,3744.5,9483.5,23119.0,11037.6,10502.3,62376.6,18055.5,19305.9,6644.6,1655.3,15807.6,39681.5,28851.2,14920.4,40040.1,13892.1,17771.1,20842.5,63268.1,17768.7,39525.9,11053.7,32256.6,62802.1,38711.3,19230.2,22570.1,16996.6,23438.3,79837.4,19274.1,12551.9,12239.3,18146.0,16101.1,60676.1,6826.5,15869.8,13144.0,6431.0,40779.0,25919.7,17730.6,10773.3,29298.7,8459.7,20726.3,36550.7,29059.8,23737.7,8226.5,11195.6,11432.2,33919.6,59969.9,32333.7,15464.8,12318.6,36189.9,71584.1,16302.6,15562.7,15536.6,5032.7,14190.4,14846.3,18738.6,42671.6,15587.1,11093.5,10073.5,20468.5,12018.5,0.0,16574.1,19441.6,4173.2,4007.9,46223.8,17330.0,43091.1,15566.5,35673.6,7162.4,17116.0,15379.3,3946.7,14762.3,13303.1,18854.7,17353.0,18921.5,11838.7,75591.6,5402.7,24876.3,21000.0,4687.0,35679.9,14419.9,20777.5,25134.1,21767.8,21253.6,23435.2,23854.1,18873.6,13570.3,20630.3,20274.2,13124.8,44134.0,3440.8,32996.2,20995.0,18559.1,11585.6,6773.8,10408.2,1481.7,15832.6,8818.9,29318.4,14357.4,24844.0,43626.3,13819.7,21890.0,21124.6,54636.4
70362055,39268.5,1967.6,8967.0,8634.3,11082.3,8890.8,5493.0,12304.5,8808.8,24718.1,22401.0,22403.5,51649.3,24939.8,10846.4,5338.8,12513.4,19351.7,17705.4,12593.1,14449.6,3827.1,2203.7,8739.9,10010.0,41747.0,32549.6,12370.6,11369.4,25161.9,13041.1,18719.3,45910.1,44325.3,29547.2,7551.2,15411.2,13060.8,35473.7,14265.0,9526.6,11649.5,7638.4,9358.7,50907.1,19491.0,17705.0,9819.7,15282.7,10692.4,28212.0,32455.1,18793.5,28570.6,27901.0,10069.1,11760.9,51798.6,4917.1,28056.4,11612.0,20787.1,51332.6,27241.8,3761.2,13488.5,6579.1,11968.8,68367.9,7804.6,13110.2,2670.7,18694.4,473.0,49206.6,11205.4,4092.5,5749.1,20615.3,29309.5,26468.2,8649.0,12611.1,16123.8,13388.4,9256.8,25081.3,15987.7,12268.2,11153.1,9483.1,9219.0,22450.2,48500.4,20864.3,1515.9,12877.0,39793.9,60114.6,13537.4,19435.8,19409.6,15589.6,8407.2,18719.3,7269.1,31202.1,10471.9,11651.9,11911.4,8999.0,3394.6,16461.3,0.0,4709.1,13579.8,14564.7,34754.3,8248.5,31621.6,4097.0,24204.1,19294.1,6817.5,10264.1,13136.3,2077.8,6592.3,13906.0,7380.5,7452.0,20103.8,64122.1,15959.5,25424.7,4859.0,12825.8,24210.4,16257.7,9308.0,13664.6,12686.3,12172.1,11965.7,12384.6,7404.2,27754.6,11548.7,8804.8,21389.9,32664.6,14755.2,21526.8,4854.0,14594.1,17866.6,9690.5,7998.6,17099.4,4053.9,23003.2,16369.5,18142.6,13374.5,32156.8,17965.7,10420.6,9655.1,43166.9
70373907,35410.4,4780.8,2711.1,2886.9,4179.5,2665.9,10207.1,14629.2,11269.8,19562.1,23856.8,23859.3,47791.1,22388.8,14344.1,5467.1,14838.2,20807.5,13876.4,14917.9,19163.6,7426.7,4237.0,7054.0,4202.2,36591.1,28691.5,14695.4,7540.5,20006.0,17755.2,23433.3,40754.1,40467.2,24391.3,10012.2,20125.2,15385.6,30317.8,18979.0,14240.7,4746.8,10178.0,11819.7,47049.0,20946.8,19160.8,14533.7,19996.7,14190.1,23056.1,37169.2,23507.5,23414.7,30988.5,14050.5,10780.1,47940.5,5537.1,22900.5,16326.1,16918.6,47474.5,22085.9,2205.1,11550.6,7973.9,8112.0,64509.8,3920.6,17824.3,6564.2,23408.5,4324.5,44050.7,15919.4,6606.0,11514.5,23702.8,24153.6,31182.2,9357.8,17325.1,12255.3,18102.4,3000.8,22530.3,12119.1,8411.4,15867.1,14197.1,13933.1,18581.6,43344.4,17035.3,5367.5,17591.0,44507.9,56256.5,16624.9,24149.8,24123.7,20303.6,11904.9,23433.4,2777.6,26046.2,13969.6,16365.9,16625.4,4246.9,7234.9,21175.4,3851.5,0.0,15904.5,19278.8,29598.4,8957.3,26465.7,5570.1,21653.1,22381.6,6401.4,13761.9,15461.0,5929.3,11306.4,15361.8,5957.8,3409.7,23191.3,60263.9,20673.6,30138.8,1474.2,17539.8,21659.4,20971.8,5479.0,8508.2,11534.9,11191.3,8108.9,8527.8,4192.6,30842.1,8962.9,1739.1,24477.4,27508.6,17079.9,17549.5,1469.2,16049.9,20954.1,14404.5,12712.6,21813.5,7789.7,26090.7,13110.9,22856.7,7345.2,27000.9,22679.7,6426.6,2752.4,38011.0
70374983,47812.4,10443.0,17510.9,17178.2,19626.2,17434.7,9785.8,1275.3,4975.9,33262.0,14888.0,14890.5,60193.2,33483.7,11668.8,13882.7,2203.7,15952.7,26249.3,2283.4,5847.0,12680.2,13832.2,14875.9,18554.0,50290.9,41093.6,2060.9,19913.3,33705.8,11192.8,16880.9,54454.0,52869.2,38091.1,6317.6,13562.9,2751.1,44017.6,7153.1,6537.9,20193.4,6744.9,6209.6,59451.1,16460.2,15234.2,5159.6,4587.2,11514.8,36755.9,32259.7,16945.2,37114.5,12296.8,13478.4,17896.9,60342.6,13476.0,36600.3,9763.7,29331.1,59876.6,35785.7,16304.7,19624.5,12703.8,20512.7,76911.8,16348.5,11261.9,9313.7,16856.0,13175.6,57750.5,5341.5,12944.3,10198.4,4835.6,37853.4,24629.8,14785.0,6480.5,24667.7,7169.8,17800.7,33625.2,24531.6,20812.1,3933.7,9905.6,10142.2,30994.1,57044.3,29408.2,12539.2,11028.7,39598.5,68658.5,10574.1,17587.4,17561.3,8441.3,9897.6,16871.0,15813.0,39746.0,11294.3,9803.6,5780.8,17543.0,9092.9,4161.2,13648.6,16516.1,0.0,7416.5,43298.2,14384.4,40165.5,12640.9,32748.0,5567.0,14170.4,11086.6,892.8,11836.8,10357.5,13126.2,14407.4,15995.9,10243.3,72666.0,8811.2,23586.3,18074.4,3934.3,32754.3,8691.4,17851.9,22208.5,18822.2,18308.0,20509.6,20928.5,15948.1,11974.9,17684.7,17348.7,11529.4,41208.5,1845.4,30070.7,18069.4,13546.9,9990.3,5288.8,9922.6,5642.9,12907.0,7223.5,24913.4,16294.3,21918.4,40700.7,17228.3,18964.5,18199.0,51710.8
70375866,49017.8,11648.3,18716.3,18383.5,20831.5,18640.0,11011.2,4206.5,7548.4,34467.3,21322.6,21325.1,61398.5,34689.0,14241.3,15088.0,3886.4,20889.1,27454.6,4267.2,718.2,13885.6,15037.5,16101.3,19759.3,51496.2,42298.9,4533.6,21118.6,34911.1,10762.6,16450.6,55659.3,54074.5,39296.4,8890.1,13132.6,4459.2,45223.0,2024.3,7763.2,21398.8,9317.4,8782.1,60656.4,21028.4,19242.5,4924.3,1066.5,14087.3,37961.2,27130.9,13200.2,38319.8,16420.4,16050.9,19122.2,61547.9,16048.5,37805.6,9333.5,30536.4,61081.9,36991.0,17510.0,20849.9,15276.3,21718.0,78117.1,17553.9,10831.7,10519.0,16425.8,14380.9,58955.8,5106.2,14149.6,11423.7,8959.3,39058.7,24199.5,16010.4,9053.0,27578.4,6739.5,19006.0,34830.5,27339.6,22017.4,6506.2,9475.3,9711.9,32199.4,58249.6,30613.5,13744.6,10598.4,34469.7,69863.8,14582.3,13842.5,13816.3,3312.5,12470.1,13126.0,17018.4,40951.3,13866.8,9373.3,8353.3,18748.3,10298.3,2245.1,14853.9,17721.4,5481.8,0.0,44503.5,15609.8,41370.9,13846.2,33953.3,9690.6,15395.8,13659.1,5038.3,13042.1,11582.8,17134.4,15632.8,17201.2,16677.8,73871.3,3682.4,23156.1,19279.8,2966.8,33959.6,12699.7,19057.2,23413.8,20047.6,19533.4,21714.9,22133.8,17153.4,16098.6,18910.1,18554.0,17963.9,42413.8,5969.0,31276.0,19274.8,16838.9,14440.6,5053.5,8688.0,2883.3,14112.4,11347.1,27598.2,12637.1,23123.8,41906.1,12099.5,20169.8,19404.4,52916.1
70382544,42593.6,37815.1,29020.8,29758.5,27122.7,29206.3,36202.6,43014.0,40217.5,13581.1,51656.8,51659.2,38956.7,26938.4,43108.8,31462.6,43223.0,48607.4,20210.8,43302.7,45159.2,33422.3,32960.5,32646.3,28638.3,21225.9,20589.6,43080.2,25514.0,17505.0,45759.1,46585.3,21246.7,23547.1,13358.0,38959.9,44616.0,43770.4,1051.8,44974.5,40236.2,26965.1,38347.9,40767.4,40166.4,48746.7,46960.7,40529.2,45992.2,42954.8,12779.1,62478.9,50483.4,6335.6,58610.5,41850.4,31925.0,39106.1,32590.2,13461.7,42321.6,25459.2,40591.9,12120.2,30781.7,32121.2,35482.0,26798.8,38489.9,29134.8,45828.2,36403.4,46560.5,35679.2,16736.9,41914.9,32601.6,37510.0,51324.9,13120.3,54334.2,34597.1,43320.7,28245.5,44097.9,28772.0,26700.6,28191.7,26321.4,41862.6,40192.6,39928.6,27122.3,16030.6,20775.5,35042.8,43586.5,71483.8,33896.4,44246.9,51125.7,51099.6,46299.1,40796.2,50409.3,30290.1,10879.9,42734.3,42361.4,42620.9,28682.9,36630.6,47170.9,34919.0,31124.5,44289.3,45274.3,0.0,34196.6,18514.5,33559.9,27872.6,50003.6,32971.8,42526.6,43845.8,34340.4,37301.9,43161.8,32920.1,29467.5,50813.4,44333.7,46669.1,53290.7,30365.1,43535.3,27878.9,46967.3,27511.4,22974.4,29476.2,32336.2,26795.7,26285.5,28770.4,58464.2,30111.4,29639.3,52099.5,8330.1,45464.8,17471.5,30360.1,43849.8,48576.2,40400.1,38708.1,47809.0,33785.2,53712.8,29183.4,49832.6,25962.1,14594.0,49655.6,25279.9,28364.7,10697.2
70382797,33823.7,9103.3,7925.3,7592.5,10040.5,7849.0,5799.6,12422.8,11975.6,21517.6,25897.2,25899.7,46204.4,19494.9,15444.6,4565.5,12631.7,23249.0,14320.4,12711.4,14567.9,4514.6,7697.8,3907.9,8970.8,38546.5,27104.8,12488.9,10330.2,21961.4,11966.4,15761.7,42709.6,38880.5,26346.7,11295.7,14336.4,13179.1,34434.5,14383.3,8086.5,10607.8,10683.7,12320.6,45462.3,23388.3,21602.3,8765.0,15400.9,15290.6,25011.5,31380.4,17718.7,27531.4,29049.5,17254.1,4672.2,46353.8,14380.5,24855.9,10537.3,15451.6,45887.8,24041.3,6719.0,7504.8,14856.1,9200.0,62923.1,6765.4,12035.5,8739.2,15736.9,7804.0,48167.4,11323.7,5296.3,4896.1,21763.9,26109.0,23510.6,400.6,13627.6,10698.4,10348.1,8215.0,19636.4,10459.6,9499.4,11271.3,8408.3,8144.3,17114.6,47461.1,17479.3,7167.7,11802.2,38719.1,54669.8,16582.7,18361.0,18334.9,15707.8,13673.4,17644.6,6227.4,27265.3,15070.1,10577.1,12927.9,7959.8,8966.3,16579.6,8277.0,9248.2,13698.1,14683.0,33715.1,0.0,29049.1,6254.6,18759.3,20442.7,3202.5,14862.4,13254.6,6465.2,5844.6,21436.5,3439.4,6412.8,21252.4,58677.3,16077.8,22467.2,8488.8,12944.1,18765.6,17274.3,8268.8,12625.4,6702.5,3251.6,9196.9,9615.8,6364.9,28903.2,6716.7,7763.0,22538.5,31625.3,14873.5,18161.8,8483.8,18042.1,19015.2,8635.8,6923.8,17217.7,4479.9,24151.8,10718.2,17067.9,13206.2,28956.3,16890.9,9381.3,8613.4,42127.7
70390789,20089.8,36089.6,27926.1,30066.1,22860.3,28338.1,35024.2,41835.7,39039.1,10630.5,55835.1,55837.6,21281.7,12100.4,44280.5,30284.3,42044.6,52785.8,14789.1,42124.3,44865.0,32243.9,31782.1,29206.7,27456.0,14946.4,2249.8,41901.8,21251.7,6975.2,36759.4,37585.7,19109.5,13381.8,9029.0,37781.5,35616.4,44733.6,18146.0,44680.4,36528.8,22702.8,37169.6,39589.0,31728.4,52925.1,51139.1,37207.3,45698.1,44126.5,6483.6,53479.3,41483.8,15812.9,57432.1,43503.3,25611.3,21431.1,34168.9,7166.2,38448.6,17590.7,32154.0,8101.4,31089.3,23621.4,36605.7,22536.5,38000.4,27956.4,36828.5,35225.1,37560.8,34500.8,23402.4,40736.6,31423.2,33338.4,50146.5,8460.1,45334.5,29008.6,42142.3,20159.0,41023.8,27589.8,12241.9,19920.1,22059.1,40684.3,36850.7,36586.6,19253.7,24142.8,11336.4,33864.5,36901.5,62484.2,29747.0,43068.6,42126.1,42099.9,46005.0,41841.3,41409.7,30597.6,8764.9,43906.0,38488.4,41442.6,27500.7,35452.2,46876.7,35964.7,31432.0,43111.0,44980.2,18838.4,28608.0,0.0,32381.5,12364.1,48825.3,29589.3,43698.3,42667.5,33162.0,34287.0,47340.2,29480.5,28289.2,49635.0,32262.5,46374.9,44291.1,30672.6,43241.2,12370.4,45788.9,26669.3,18712.1,23605.6,26442.1,22533.4,22023.2,27592.0,57285.8,26671.8,29946.9,50921.1,13324.2,44286.4,10626.2,30667.6,48028.2,47397.8,37078.2,35366.2,47514.9,32606.9,52534.4,20183.8,40832.9,21699.8,6469.6,40656.0,21017.6,28496.9,17257.1
70390799,36123.9,4228.3,5822.4,5489.7,7937.6,5746.1,4836.5,11648.0,8851.4,21573.5,22596.5,22599.0,48504.6,21795.1,11742.8,2194.1,11856.9,19547.1,14560.7,11936.6,13793.1,2087.8,1917.4,5643.0,6865.4,38602.4,29405.0,11714.1,8224.8,22017.3,12384.6,18062.8,42765.4,41180.7,26402.6,7593.8,14754.7,12404.4,32329.1,13608.5,8870.1,8504.9,6981.9,9401.4,47762.5,19686.4,17900.5,9163.2,14626.2,11588.8,25067.4,31798.6,18137.0,25426.0,27244.5,13552.3,9168.1,48654.0,8008.7,24911.8,10955.5,17642.5,48188.0,24097.2,4616.1,12262.8,9670.7,8824.1,65223.3,4660.0,12453.8,5037.4,18037.9,2618.6,46062.0,10548.9,2689.1,4680.5,19958.8,26164.9,25811.7,6054.4,11954.6,12979.2,12731.9,6112.2,21936.6,12843.0,9123.6,10496.6,8826.6,8562.5,19305.5,45355.8,17719.6,2292.7,12220.5,39137.4,56970.0,12880.9,18779.3,18753.1,14933.1,9971.6,18062.9,4124.5,28057.5,11368.3,10995.4,11254.9,5854.4,5264.5,15804.8,3091.6,4827.5,12923.3,13908.3,31609.7,5653.8,28477.0,0.0,21059.5,18637.6,3672.9,11160.6,12479.8,2358.8,5935.9,16997.6,4235.9,4307.4,19447.4,60977.5,15303.0,24768.2,6385.9,12169.3,21065.8,15601.2,6163.4,10520.0,10093.5,9579.3,8821.1,9239.9,4259.5,27098.1,8353.3,5660.1,20733.5,29519.9,14098.7,18382.1,6380.9,14340.3,17210.2,9034.0,7342.1,16443.0,2386.3,22346.7,13224.8,17486.1,10229.9,29012.2,17309.2,7275.9,6510.5,40022.3
70391025,17002.4,25051.2,16341.2,18483.4,18250.3,16403.8,23438.6,29300.8,27453.5,15602.5,45697.7,45700.2,29383.2,2396.8,30344.8,18698.6,29509.8,42648.4,11545.4,29589.5,33300.7,20658.3,20196.5,17642.4,15871.1,24885.8,10283.6,29367.0,16611.9,11260.5,25195.1,26021.4,30508.0,22059.2,20431.6,26195.9,24052.1,33169.3,27950.6,33116.1,24964.5,18817.6,25584.0,28003.4,28641.1,42787.7,41001.7,25643.0,34133.8,30190.8,19096.4,41915.0,29919.5,21047.5,45846.5,33365.8,14047.0,29532.6,24031.4,18940.8,26884.3,6026.4,29066.6,18126.2,18312.8,12057.1,26468.2,13657.6,46101.8,16370.8,25264.2,23639.4,25996.5,22915.2,34800.9,28201.7,19837.6,21774.1,38560.9,20193.9,33770.2,17444.3,30556.7,8594.7,29459.6,16004.9,2098.4,8355.8,13957.0,28149.4,25286.4,25022.3,7689.4,35541.3,11502.8,22278.8,25337.2,50919.9,37848.5,31482.9,30561.8,30535.6,34440.7,31703.9,29845.4,17821.2,21350.2,29970.3,26924.1,29856.9,15915.8,23866.6,35312.4,23388.2,19849.4,30576.1,33415.9,27231.2,17043.7,12227.9,20795.9,0.0,37239.6,18025.0,29762.6,30132.6,21576.4,22722.7,37202.7,17916.2,16703.5,38049.4,41856.0,34810.6,32726.8,18107.8,31676.9,6.3,34203.3,15083.6,17191.3,12041.4,14877.8,13654.5,14073.4,16006.4,45700.2,15107.5,18364.2,39335.5,25141.4,31751.6,11750.1,18102.8,37890.8,35812.2,25513.9,23801.9,35950.6,21021.2,40948.8,8619.5,29268.6,19150.2,18255.9,29091.7,16196.2,16914.3,35643.8
70391033,56757.7,15629.5,23610.8,23278.0,25684.2,23534.5,17306.3,6172.4,9873.0,39361.8,9420.2,9422.6,69138.5,39583.5,11561.7,19982.5,7100.8,10484.8,32349.1,7180.5,9588.9,18780.1,19932.0,23431.4,24653.8,56390.7,50038.8,6958.0,26013.1,39805.6,16089.9,21778.0,60553.8,61814.5,44190.9,13267.6,18460.0,7648.2,50117.5,10895.0,11435.0,26251.5,13433.4,10736.5,68396.3,10992.3,12242.6,10056.7,8577.2,11407.7,42855.7,36001.7,22070.9,43214.3,8899.6,13826.1,22794.0,69287.8,18266.4,42700.1,14660.8,38265.9,68821.8,41885.5,22404.5,30051.1,15259.9,26612.5,85857.1,22448.4,16159.1,15414.7,21753.2,19275.4,63850.3,10238.6,19044.1,18450.1,1438.5,43953.2,29526.9,19682.1,10750.1,33602.6,12066.9,23900.5,39725.0,33466.4,26911.9,8830.8,14802.7,15039.3,39929.0,63144.1,35508.0,18639.1,15925.8,43340.4,77603.8,9724.8,22713.2,22687.1,12183.2,11242.6,21996.8,21912.9,45845.8,11334.5,14700.7,10050.4,23642.8,15192.8,7150.5,19748.4,22615.9,5567.1,11158.4,49398.0,19281.6,46265.4,18740.7,38847.8,0.0,21461.2,11642.1,5340.6,17936.6,18405.6,12276.9,22024.2,22095.7,4775.4,81611.3,12553.2,28483.4,24174.3,7924.3,38854.1,5886.4,23951.7,28308.3,23719.4,23205.2,26609.4,27028.3,22047.9,8577.8,26141.7,23448.5,6061.5,47308.3,4296.9,36170.5,24169.3,12697.6,4522.4,10185.9,14819.7,8632.2,19006.9,3826.3,34458.2,21507.9,28849.9,46800.6,20970.2,25064.3,24291.0,57810.6
70395155,34486.2,7176.1,5476.1,5143.3,7591.3,5399.8,6362.7,12985.8,11067.8,21413.4,24812.8,24815.3,46867.0,20157.5,13959.1,2721.0,13194.8,21763.5,14216.2,13274.5,15131.0,2669.2,5254.2,1799.6,6527.2,38442.3,27767.4,13052.0,7886.6,21857.3,12529.5,18207.6,42605.4,39543.0,26242.5,9810.2,14899.5,13742.2,31990.9,14946.3,8649.5,8158.6,9198.2,11617.7,46124.9,21902.8,20116.8,9328.1,15964.0,13805.1,24907.3,31943.5,18281.8,25087.8,29460.8,15768.7,5203.1,47016.4,11931.3,24751.7,11100.4,16114.1,46550.4,23937.2,4269.8,6930.7,14368.1,7076.1,63585.6,4321.8,12598.6,7253.7,18182.7,5876.8,45723.8,11886.8,3451.8,5459.1,22175.2,26004.8,25956.5,3005.4,14190.7,11358.8,10911.2,5765.8,20299.0,11119.9,7375.5,11834.4,8971.4,8707.3,17777.1,45017.6,17375.1,5240.4,12365.3,39282.2,55332.3,15097.2,18924.1,18898.0,16270.9,12187.9,18207.7,3778.2,27719.3,13584.6,11140.2,13491.0,5516.2,7480.9,17142.7,6349.8,6799.0,14261.1,15246.1,31271.5,2604.8,29711.7,4410.2,19421.8,20853.9,0.0,13376.9,13817.6,4538.0,6407.7,19951.0,904.9,3969.2,21663.7,59339.8,16640.9,24913.0,6039.6,13507.1,19428.1,17837.3,5825.2,10181.8,6128.5,5614.3,7073.0,7491.9,3921.4,29314.5,4592.8,5313.8,22949.8,29181.8,15436.6,18057.6,6034.6,16556.7,19426.5,9198.9,7486.9,17780.8,2634.6,24563.0,11576.7,17630.9,10757.0,28852.2,17454.0,6937.8,6164.2,39684.1
70396487,48035.7,8461.6,16561.0,16110.0,16962.2,16746.5,10138.3,10716.6,7357.2,30114.8,13060.0,13062.4,60416.5,35014.2,800.4,12814.5,10925.6,10010.6,26500.3,11005.3,14314.8,11612.1,12764.0,16263.4,18868.4,47143.7,41316.8,10782.8,20164.3,30558.6,17686.4,23364.6,51306.8,53092.5,34943.9,6099.6,20056.5,11473.0,40870.4,14130.2,10013.6,17529.5,6265.4,4805.8,59674.3,10149.9,8363.9,11587.4,15147.9,551.3,33608.7,37100.4,23438.8,33967.3,20038.5,2391.8,19545.8,60565.8,9544.4,33453.1,16257.3,29544.0,60099.8,32638.5,15236.5,24174.5,6538.0,20735.8,77135.1,15280.4,17755.5,8246.7,23339.7,10870.0,54603.3,11070.6,11876.1,11282.1,12752.9,34706.2,31113.5,16434.0,8799.4,24880.6,14647.6,16850.8,35155.7,24744.5,21326.2,8389.6,14128.4,13864.3,31207.0,53897.1,29659.2,11471.1,17522.3,44439.2,68881.8,4999.6,24081.1,24054.9,15454.8,3237.1,23364.6,14744.9,36598.8,1434.5,16297.2,8099.7,16474.8,8024.8,16326.5,10397.0,13808.9,11991.9,14430.0,40151.0,16033.4,43261.2,11572.8,34278.5,11431.6,14293.3,0.0,11548.4,10768.6,11237.6,6574.1,14856.2,14927.8,12241.4,72889.3,15824.7,30070.0,15631.9,12691.0,34284.8,10109.2,18102.9,21290.9,20471.2,19957.0,20732.7,21466.9,14879.9,19892.2,18973.7,16280.5,9787.6,38061.3,12549.4,30321.7,15636.9,3179.8,10004.2,11716.6,12643.9,16964.7,11838.9,15140.8,25736.2,22787.9,20128.0,37553.6,22611.0,19215.5,15569.0,48563.6
70396492,47368.9,9999.5,17067.4,16734.7,19182.7,16991.2,9342.3,831.8,4532.4,32818.5,14661.6,14664.0,59749.7,33040.2,11225.3,13439.2,1760.2,15726.2,25805.8,1839.9,5158.7,12236.7,13388.7,14432.4,18110.4,49847.4,40650.0,1617.4,19469.8,33262.3,10749.3,16437.4,54010.5,52425.7,37647.6,5874.1,13119.4,2307.6,43574.1,6464.7,6094.4,19749.9,6301.4,5766.1,59007.5,16233.7,17484.0,4716.1,3898.9,11071.3,36312.4,31571.4,17640.7,36671.0,12070.3,13034.9,17453.4,59899.1,13032.5,36156.8,9320.2,28887.6,59433.1,35342.2,15861.2,19181.0,12260.3,20069.2,76468.3,15905.0,10818.4,8870.2,16412.5,12732.1,57307.0,4898.0,12500.8,9754.9,4609.1,37409.9,24186.3,14341.5,6037.0,24224.2,6726.3,17357.2,33181.7,24088.1,20368.6,3490.2,9462.1,9698.7,30550.6,56600.8,28964.7,12095.7,10585.2,38910.2,68215.0,11566.3,18282.9,18256.8,7753.0,9454.1,17566.5,15369.5,39302.5,10850.8,9360.1,5337.3,17099.5,8649.4,3934.7,13205.1,16072.6,892.8,6728.1,42854.7,13940.9,39722.0,12197.4,32304.5,5340.5,13726.9,10643.1,0.0,11393.3,9914.0,14118.4,13963.9,15552.4,10016.8,72222.5,8122.9,23142.8,17630.9,3246.0,32310.8,9683.7,17408.4,21765.0,18378.7,17864.5,20066.1,20485.0,15504.6,11748.4,17241.2,16905.2,11302.9,40765.0,1618.9,29627.2,17625.9,13822.9,9763.8,4845.3,9479.1,6192.4,12463.5,6997.0,24469.9,15850.8,21474.9,40257.2,16539.9,18521.0,17755.5,51267.3
70398370,38017.6,2678.9,7716.1,7383.4,9831.3,7639.8,4242.1,11053.5,8257.0,23467.2,22002.0,22004.5,50398.3,23688.9,11148.3,4087.8,11262.5,18952.7,16454.4,11342.2,13198.7,2576.2,3185.0,7489.0,8759.1,40496.1,31298.7,11119.7,10118.5,23911.0,11790.2,17468.4,44659.1,43074.4,28296.3,6999.4,14160.2,11809.9,34222.8,13014.0,8275.7,10398.6,6387.5,8806.9,49656.2,19092.0,17306.0,8568.8,14031.7,10994.3,26961.1,31204.2,17542.5,27319.7,26650.0,12957.9,10510.0,50547.7,6769.7,26805.5,10361.1,19536.2,50081.7,25990.9,6509.8,12237.6,8431.7,10717.9,67117.0,6553.7,11859.3,3108.4,17443.5,1379.6,47955.7,9954.5,2841.5,4498.1,19364.4,28058.6,25217.2,7398.1,11360.2,14872.9,12137.5,8005.9,23830.3,14736.7,11017.3,9902.1,8232.1,7968.1,21199.2,47249.5,19613.3,743.3,11626.1,38543.0,58863.7,12286.4,18184.8,18158.7,14338.6,9377.1,17468.4,6018.2,29951.2,10773.8,10400.9,10660.4,7748.1,4670.1,15210.4,1852.6,6721.2,12328.8,13313.8,33503.4,6997.5,30370.7,2846.1,22953.2,18043.2,5566.6,10566.1,11885.3,0.0,5341.4,15758.6,6129.6,6201.1,18852.9,62871.2,14708.6,24173.8,8279.6,11574.8,22959.5,15006.8,8057.1,12413.7,11435.3,10921.1,10714.8,11133.7,6153.3,26503.7,10297.8,7553.8,20139.0,31413.6,13504.3,20275.8,8274.6,13745.9,16615.7,8439.6,6747.6,15848.5,2803.0,21752.3,15118.5,16891.7,12123.6,30905.9,16714.7,9169.6,8404.2,41916.0
70398392,38751.6,5652.3,10492.8,10160.1,12608.1,10416.6,1555.1,8978.5,8055.5,26243.9,21800.5,21803.0,51132.3,24422.8,10946.8,6864.6,9187.4,18751.2,19231.2,9267.1,11123.6,3676.9,6814.1,6907.2,11535.9,43272.8,32032.7,9044.6,12895.2,26687.7,8537.5,14215.7,47435.9,43808.3,31073.0,6797.9,10907.6,9734.8,36999.5,10939.0,4642.2,13175.3,6185.9,8605.4,50390.2,18890.5,17104.5,5316.1,11956.7,10792.8,29737.8,27951.5,14289.9,30096.4,25605.2,12756.4,9928.2,51281.7,11547.6,29582.2,7108.5,22313.0,50815.7,28767.6,9286.6,11655.8,11982.0,12199.3,67851.0,9330.4,8606.7,4240.6,14190.8,6157.5,50732.4,7879.4,5926.2,1664.0,18319.6,30835.3,21964.6,6816.3,10183.3,16004.6,8884.8,10782.6,24564.3,17513.5,12498.7,7827.1,4979.5,4715.4,23976.0,50026.2,22390.1,5521.1,8373.4,35290.3,59597.6,12084.9,14932.2,14906.0,12263.6,9175.6,14215.8,8794.9,32727.9,10572.3,7148.3,9483.6,10524.9,4467.7,13135.3,6630.5,9498.0,10253.8,11238.7,36280.1,6415.7,33147.5,5622.8,23687.1,16998.4,6201.7,10364.6,9810.3,4818.7,0.0,16938.7,6438.7,8977.8,17808.1,63605.1,12633.5,20921.1,11056.4,9499.8,23693.4,13830.0,10833.8,15190.4,10853.5,10339.3,12196.2,12615.1,8930.0,25458.9,9716.0,10330.6,19094.2,34190.4,11429.2,23052.6,11051.3,13544.3,15570.9,5186.9,3495.0,13773.4,3197.2,20707.5,16024.3,13639.0,14900.3,33682.6,13462.1,11946.4,11180.9,44692.7
70398393,51795.7,13762.6,20321.0,21058.7,20722.2,20506.4,13375.7,13954.0,10594.6,31519.8,8682.9,8685.4,64176.5,38774.2,4705.2,16051.9,14163.0,5633.6,30260.3,14242.7,17552.2,14849.4,16139.5,19500.8,22628.4,48548.8,45076.8,14020.2,23924.3,31963.7,20923.8,26601.9,52711.8,56852.5,36349.0,9337.0,23293.8,14710.4,42275.5,17367.6,13251.0,21289.5,9502.8,7851.8,63434.3,5772.9,3986.9,14824.8,18385.3,4551.2,35013.8,40337.8,26676.1,35372.4,21792.2,6061.0,22783.2,64325.8,11433.0,34858.2,19494.7,33303.9,63859.8,34043.6,22081.9,27934.5,10301.4,24495.8,80895.1,22188.6,20992.9,11484.0,26577.1,14642.3,56008.4,14308.0,15113.5,14519.4,15798.9,36111.3,34350.8,19671.4,10067.5,28640.6,17885.0,20610.8,38915.6,28504.5,25086.2,11143.0,17365.7,17101.7,34967.0,55302.1,33419.2,15685.2,20759.6,47676.5,72641.8,4195.2,27318.4,27292.3,18692.2,6693.6,26602.0,21590.3,38003.9,4478.0,19534.5,9367.8,22673.1,11262.1,19563.9,14169.3,15697.5,14405.5,17667.3,41556.1,19270.8,47021.2,14810.1,38038.5,14477.6,17530.6,5197.4,14785.8,14006.0,14475.0,0.0,18093.6,21677.8,11953.8,76649.3,19062.1,33307.4,19391.9,15928.4,38044.8,9304.8,21862.9,25050.9,27918.7,23194.4,24492.7,25226.9,18117.3,22938.2,25924.6,20939.5,11837.9,39466.3,13817.5,34081.7,19396.9,1201.3,9986.7,14954.0,15881.2,20202.1,15076.2,18186.7,29496.2,26025.3,23888.0,38958.6,25848.3,22975.5,19329.0,49968.7
70400253,33942.9,9273.2,4932.8,4600.0,7048.0,4856.5,6195.5,12818.7,11675.5,20870.1,25420.6,25423.0,46323.7,19614.2,14566.9,2920.7,13027.6,22371.2,13672.9,13107.3,14963.8,2864.0,4710.9,1632.4,5983.9,37899.0,27224.0,12884.8,7343.3,21313.9,12362.3,18040.5,42062.1,38999.7,25699.2,10417.9,14732.3,13575.1,31447.6,14779.2,8482.4,7615.3,9806.0,12225.4,45581.5,22510.5,20724.5,9160.9,15796.9,14412.9,24364.0,31776.3,18114.6,24544.5,30068.5,16376.4,5035.9,46473.0,11388.0,24208.4,10933.2,15570.8,46007.0,23393.8,3726.5,6763.6,13824.8,6532.8,63042.3,3778.5,12431.4,7861.5,18015.6,7137.2,45180.5,11719.6,4059.6,5292.0,22782.9,25461.5,25789.3,2838.2,14023.6,10815.5,10744.0,5222.5,19755.7,10576.6,6832.2,11667.3,8804.2,8540.2,17233.8,44474.3,16831.8,6500.9,12198.2,39115.1,54789.0,15705.0,18756.9,18730.8,16103.8,12795.6,18040.5,3234.9,27176.0,14192.4,10973.0,13323.8,4972.9,8088.6,16975.5,7610.2,6255.7,14094.0,15079.0,30728.2,2437.6,29168.4,5017.9,18878.5,21461.7,657.2,13984.6,13650.5,5798.4,6240.6,20558.8,0.0,3425.9,22271.4,58796.5,16473.7,24745.9,5496.3,13340.0,18884.8,17670.2,5281.9,9638.5,5961.3,5447.1,6529.7,6948.6,3378.1,29922.2,4049.5,4770.5,23557.5,28638.4,15269.4,17514.3,5491.3,17164.4,20034.2,9031.7,7319.7,17613.7,2829.4,25170.8,11033.4,17463.8,10213.7,28308.9,17286.8,6394.4,5620.9,39140.8
70401488,33739.7,6952.2,1681.6,1821.0,4390.0,1605.4,8302.3,15113.7,12317.2,18523.1,26062.3,26064.7,46120.4,18744.8,15208.5,3562.4,15322.7,23012.9,11510.4,15402.4,17258.9,5522.0,3423.6,5149.2,3815.1,35552.0,27020.8,15179.9,5174.5,18967.0,15850.4,21528.6,39715.1,38796.5,23352.3,11059.6,18220.5,15870.1,29278.8,17074.3,12335.9,4957.2,10447.7,12867.1,45378.3,23152.2,21366.2,12629.0,18091.9,15054.6,22017.1,35264.4,21602.8,22375.7,30710.2,17018.1,8875.4,46269.8,8729.9,21861.5,14421.3,15247.9,45803.8,21046.9,1609.3,9212.5,11166.7,5773.8,62839.1,1458.6,15919.5,8503.2,21503.7,7778.9,43011.7,14014.7,4701.3,9609.7,23424.6,23114.6,29277.4,7453.1,15420.4,10584.6,16197.7,1971.4,18886.3,10448.4,6073.3,13962.3,12292.3,12028.3,16911.0,42305.4,14669.3,7142.6,15686.3,42603.2,54585.8,16346.7,22245.0,22218.9,18398.8,13437.3,21528.6,1117.7,25007.2,14834.1,14461.2,14720.7,2804.1,8730.3,19270.6,5251.4,3186.9,16389.1,17374.0,28559.4,7052.5,25426.7,5659.6,18009.2,22103.4,4496.6,14626.3,15945.6,6440.1,9401.6,21901.2,4053.0,0.0,22913.1,58593.3,18768.8,28234.0,2427.5,15635.1,18015.5,19067.0,3113.0,7469.7,9196.7,9286.6,5770.7,6189.6,1077.5,30563.9,7058.2,1701.8,24199.2,26469.6,17564.5,15331.8,2422.5,17806.1,20675.9,12499.8,10807.8,19908.7,5884.9,25812.5,10174.5,20951.9,7555.7,25961.9,20775.0,4225.6,2962.8,36972.0
70405783,57940.7,16812.6,24793.8,24461.1,26867.3,24717.5,18489.3,13174.1,14129.1,40544.9,4848.3,4850.8,70321.5,40766.6,12744.7,21165.5,14102.5,5913.0,33532.1,14182.2,19299.5,19963.1,21115.0,24614.4,25836.8,57573.8,51221.9,13959.7,27196.2,40988.7,23655.3,29343.4,61736.8,62997.5,45374.0,14450.7,26025.3,14649.9,51300.5,19114.8,16611.9,27434.5,14616.5,11919.5,69579.4,6420.4,7670.8,16572.1,15578.9,12590.7,44038.8,43069.3,29407.6,44397.4,10945.3,15009.1,27896.9,70470.9,19449.4,43883.2,22226.2,39449.0,70004.9,43068.6,23587.5,31234.2,16443.0,27795.5,87040.1,23631.4,23724.4,16597.7,29318.5,20458.4,65033.4,16055.2,20227.1,19633.1,8440.1,45136.3,37092.2,24785.0,11933.1,34785.7,19632.2,25083.6,40908.0,34649.5,28095.0,13008.7,21481.1,21217.0,41112.0,64327.1,36691.0,19822.1,23491.1,50408.0,78786.8,10907.8,30049.9,30023.8,20439.4,12425.6,29333.5,23095.9,47028.9,12517.5,22266.0,11233.4,24825.8,16375.8,14152.2,20931.4,23798.9,12568.8,19414.6,50581.1,24384.4,47448.4,19923.8,40030.9,7118.9,22644.3,12825.1,12342.3,19119.6,19588.7,11519.6,23207.3,23278.8,0.0,82794.3,20809.4,36048.8,25357.3,14926.0,40037.2,3580.5,25134.8,29491.4,28822.2,28308.0,27792.5,28211.3,23230.9,12068.6,27324.7,24631.5,1489.6,48491.3,11298.6,37353.5,25352.3,12536.7,5705.4,16701.2,19996.6,15633.9,20189.9,10828.0,35641.2,28756.8,30033.0,47983.6,29226.4,26247.3,25474.1,58993.7
70405785,29209.2,66459.0,58295.5,60435.4,60202.3,58707.5,65393.6,72205.0,69408.5,38935.7,86204.5,86207.0,11347.4,42469.8,74649.9,60653.6,72414.0,83155.2,53479.1,72493.7,75234.4,62613.3,62151.5,59576.1,57825.4,22019.3,32975.8,72271.2,58545.5,38362.2,67128.8,67955.0,25423.1,21415.4,33657.5,68150.9,65985.8,75103.0,43946.6,75049.8,66898.2,60769.6,67538.9,69958.4,13451.9,83294.5,81508.5,67576.7,76067.5,74495.9,34013.0,83848.6,71853.1,41890.0,87801.5,73872.6,55980.7,11496.8,64538.2,34695.7,68818.0,47960.1,13877.4,35630.8,61458.6,53990.7,66975.0,55591.3,5576.5,58325.8,67197.9,65594.4,67930.2,64870.2,28221.0,71105.9,61792.6,63707.8,80515.9,33088.6,75703.9,59377.9,72511.6,50528.3,71393.2,57959.2,42611.3,50289.5,55890.7,71053.6,67220.0,66956.0,49623.1,28961.5,51043.7,64233.8,67270.9,92853.6,9825.8,73437.9,72495.4,72469.3,76374.4,72210.7,71779.0,60967.0,36294.3,74275.4,68857.8,71811.9,57870.1,65821.6,77246.1,66334.1,61801.4,73480.3,75349.5,44639.1,58977.4,31878.8,62750.9,42733.5,79194.6,59958.7,74067.6,73036.8,63531.4,64656.4,77709.5,59849.9,58658.5,80004.4,0.0,76744.3,74660.5,61042.0,73610.6,42739.8,76158.3,57038.6,48911.0,53975.0,56811.5,55588.2,56007.1,57961.4,87655.2,57041.2,60316.2,81290.5,35708.0,74655.8,42248.6,61037.0,78397.6,77767.2,67447.5,65735.5,77884.2,62976.2,82903.8,50553.1,71202.3,61105.2,31098.2,71025.3,58151.2,58866.3,35904.7
70408272,52660.7,12951.6,20019.5,19686.8,22134.8,19943.3,12314.5,5509.7,8851.6,35770.6,20314.9,20317.4,65041.4,38331.9,15544.6,16391.2,5189.7,22192.4,28757.8,5570.4,2021.4,15188.8,16340.8,17404.5,21062.5,52799.5,45941.8,5836.8,22421.9,36214.4,12365.4,18002.9,56962.5,57717.5,40599.7,10193.4,13786.1,5459.6,46526.2,3327.5,9066.5,22702.0,10620.6,10085.3,64299.3,22331.7,20545.7,6227.6,2369.7,15390.6,39264.5,23756.7,9826.0,39623.1,17723.6,17354.1,20425.5,65190.8,17351.7,39108.9,10636.7,34288.6,64724.8,38294.3,18813.3,22153.1,16579.6,23021.3,81760.1,18857.1,12434.5,11822.3,17978.0,15684.2,60259.1,6409.5,15452.8,12727.0,10262.5,40362.0,25751.7,17313.6,10356.3,29535.4,8042.8,20309.3,38473.4,29296.6,23320.7,7809.5,10778.6,11015.2,35951.6,59552.9,31916.7,15047.8,12507.5,31095.5,73506.8,15885.6,10468.3,10442.2,2676.6,13773.4,9751.9,18321.6,42254.6,15170.1,10676.6,9656.6,20051.5,11601.5,3548.4,16157.1,19024.7,6785.1,1651.8,45806.8,16913.1,47886.1,15149.5,37596.3,10993.9,16699.0,14962.4,6341.5,14345.3,12886.1,18437.7,16936.0,18504.5,15670.2,77514.3,0.0,24708.3,20583.0,4270.1,37602.6,14002.9,20360.5,24717.1,21350.9,23664.5,23018.2,23437.1,18456.7,17401.8,20213.3,19857.3,16956.3,43717.1,7272.3,32579.2,20578.0,18142.1,15743.9,6356.8,9991.2,4186.5,15415.6,12650.4,29555.2,9262.9,24427.0,43209.3,8725.3,21473.1,20707.6,54219.4
70408277,48884.9,24335.0,29175.6,28842.8,31290.8,29099.3,20237.8,22413.8,24545.9,40807.1,38320.1,38322.6,61265.7,34556.2,29629.5,25938.5,21688.1,37433.9,33609.9,22004.4,21588.2,23201.5,25496.8,25279.6,33049.5,56768.3,42166.1,21957.5,33776.9,41250.9,13385.9,6811.5,62390.5,53941.7,45636.2,25480.6,12242.9,21456.8,53510.3,21403.6,21439.9,31858.1,24868.7,25779.6,60523.6,37573.2,35787.2,19765.7,22421.2,29475.5,44301.0,9333.7,12700.6,46607.2,34698.3,31439.1,21297.1,61415.1,30230.3,44145.4,15075.1,30512.8,60949.1,43330.8,27969.3,23556.6,30664.7,30822.6,77984.3,28013.2,13455.1,22923.3,6931.6,24840.2,66683.4,22103.8,24608.9,20602.1,27237.2,45398.5,1189.0,21134.4,26050.6,25759.7,17747.0,29465.4,34697.7,25520.8,31122.0,23503.8,16498.2,16734.8,32175.8,66536.9,34339.4,24203.9,13528.0,18490.7,69731.0,30767.6,11869.9,12059.0,22728.1,27858.3,12626.5,27477.7,46554.8,29255.0,15115.0,25350.9,29207.6,23150.5,23599.9,25313.2,28180.7,23689.1,21703.3,52790.9,21436.7,44110.4,24305.6,33820.5,27968.5,24574.1,29047.3,23245.6,23501.4,20809.4,35621.5,24811.1,27660.6,33675.4,73738.5,23098.1,0.0,29739.1,19964.4,33826.8,29697.2,32262.0,35190.3,24591.8,19888.7,30819.5,31238.4,27612.7,34376.5,26831.0,29013.3,34961.5,50701.1,24247.0,37451.2,29734.1,32227.1,31438.2,19636.5,19457.3,24238.0,22721.9,29625.1,25779.4,17459.5,36328.6,48245.8,17282.5,33374.6,29863.7,61203.5
70408280,34682.3,5634.6,1827.0,2948.8,3295.4,1880.2,10909.8,16118.8,12759.4,18678.1,24177.0,24179.5,47063.1,21660.8,14664.3,6169.8,16327.7,21127.7,13140.5,16407.5,19866.4,8129.5,4443.7,5995.7,3318.2,35707.0,27963.4,16184.9,6804.5,19121.9,18457.9,24136.1,39870.1,39739.1,23507.2,11501.8,20827.9,16875.2,29433.7,19681.8,14943.4,3862.7,11667.6,13309.3,46320.9,21267.0,19481.0,15236.5,20699.4,14510.3,22172.0,37871.9,24210.3,22530.6,31308.6,14370.7,9514.0,47212.4,5857.3,22016.4,17028.8,16190.6,46746.4,21201.8,2411.9,10814.7,8294.1,7376.1,63781.7,3134.9,18527.0,11110.6,24111.2,5178.2,43166.6,16622.2,7308.8,12217.2,24023.0,23269.5,31884.9,10060.6,18027.9,11527.2,18805.2,2116.8,21802.3,11391.1,7675.5,16569.8,14899.8,14635.8,17853.6,42460.4,16299.4,6221.2,18293.8,45210.7,55528.4,16945.0,24852.5,24826.4,21006.3,12225.1,24136.1,3480.3,25162.1,14289.8,17068.6,17328.2,3362.8,11337.8,21878.1,4705.3,1589.8,17394.1,19981.5,28714.3,9660.0,29907.8,5776.8,20925.1,22701.8,7104.1,14082.1,16950.6,9047.6,12009.1,15682.0,6660.5,2624.0,23511.5,59535.9,21376.3,30841.5,0.0,18242.6,20931.4,21674.5,4743.1,7624.1,10799.0,9925.2,7373.0,7791.9,3406.8,31162.3,8804.9,953.4,24797.6,26624.6,18569.5,16961.9,5.0,16370.1,21274.3,15107.3,13415.3,22516.2,8492.4,26410.9,12382.8,23559.4,6461.2,26116.8,23382.4,5855.7,1868.3,37126.9
70412170,46514.0,9144.6,16212.5,15879.7,18327.7,16136.2,8507.4,2487.1,5044.6,31963.5,18818.8,18821.3,58894.7,32185.2,11737.6,12584.2,1761.4,18385.4,24950.8,2077.7,3903.0,11381.8,12533.7,13597.5,17255.5,48992.4,39795.1,2030.8,18614.8,32407.4,8258.8,13946.9,53155.5,51570.8,36792.6,6386.3,10628.8,1530.1,42719.2,3718.3,5259.5,18895.0,6813.6,6278.3,58152.6,18524.7,16738.7,2420.6,3381.6,11583.6,35457.4,27672.8,14011.1,35816.1,14771.6,13547.1,16618.4,59044.1,13544.7,35301.9,6829.7,28032.6,58578.1,34487.3,15006.2,18346.1,12772.6,19214.2,75613.4,15050.1,8327.9,8015.2,13922.0,11877.1,56452.0,2602.4,11645.8,8920.0,7310.5,36554.9,21695.7,13506.6,6549.2,25074.7,4235.7,16502.2,32326.7,24835.8,19513.6,4002.4,6971.6,7208.1,29695.6,55745.8,28109.7,11240.8,8094.6,35011.5,67360.0,12078.5,14653.4,14627.3,5042.9,9966.3,13937.0,14514.6,38447.5,11363.1,6869.5,5849.5,16244.5,7794.5,5914.7,12350.1,15217.6,3762.4,4018.1,41999.7,13106.0,38867.1,11342.5,31449.5,8041.9,12892.0,11155.3,3318.9,10538.3,9079.1,14630.7,13129.0,14697.5,14174.0,71367.5,5412.9,20652.3,16776.0,0.0,31455.8,10195.9,16553.4,20910.1,17543.8,17029.6,19211.1,19630.0,14649.6,14449.8,16406.3,16050.2,15460.1,39910.0,4320.3,28772.2,16771.0,14335.1,11936.8,2549.7,6184.2,6552.8,11608.6,9698.4,25094.4,13360.3,20620.0,39402.3,13829.9,17666.0,16900.6,50412.4
70419671,17008.8,25057.5,16347.5,18489.8,18256.6,16410.1,23444.9,29307.1,27459.8,15608.8,45704.0,45706.5,29389.5,2403.1,30351.1,18704.9,29516.1,42654.7,11551.7,29595.8,33307.0,20664.6,20202.8,17648.8,15877.5,24892.1,10289.9,29373.3,16618.2,11266.8,25201.4,26027.7,30514.3,22065.5,20437.9,26202.2,24058.4,33175.6,27956.9,33122.4,24970.8,18823.9,25590.3,28009.7,28647.4,42794.0,41008.0,25649.3,34140.1,30197.1,19102.7,41921.3,29925.8,21053.8,45852.8,33372.1,14053.3,29538.9,24037.8,18947.1,26890.6,6032.7,29072.9,18132.6,18319.2,12063.4,26474.5,13663.9,46108.1,16377.1,25270.5,23645.7,26002.8,22921.5,34807.2,28208.0,19843.9,21780.4,38567.2,20200.2,33776.6,17450.6,30563.0,8601.0,29465.9,16011.2,2104.7,8362.1,13963.3,28155.7,25292.7,25028.6,7695.7,35547.6,11509.1,22285.2,25343.5,50926.2,37854.8,31489.2,30568.1,30541.9,34447.0,31710.2,29851.7,17827.5,21356.5,29976.6,26930.5,29863.3,15922.1,23872.9,35318.8,23394.5,19855.7,30582.4,33422.2,27237.5,17050.0,12234.2,20802.2,6.3,37246.0,18031.3,29768.9,30138.9,21582.7,22729.0,37209.0,17922.6,16709.8,38055.7,41862.3,34817.0,32733.1,18114.1,31683.2,0.0,34209.6,15089.9,17197.6,12047.7,14884.1,13660.8,14079.7,16012.7,45706.5,15113.8,18370.6,39341.8,25147.7,31757.9,11756.4,18109.1,37897.1,35818.5,25520.2,23808.2,35956.9,21027.5,40955.1,8625.8,29274.9,19156.5,18262.3,29098.0,16202.5,16920.6,35650.1
70422303,54110.5,12982.3,20963.5,20630.8,23037.0,20887.3,13907.8,9749.2,8177.0,36714.6,7267.4,7269.9,66491.2,36936.3,7719.4,17335.3,9958.1,8332.0,29701.9,10037.8,13347.4,16132.8,17284.8,18997.8,22006.5,53743.5,47391.6,9815.3,23365.9,37158.4,17703.2,23391.3,57906.6,59167.3,41543.7,9518.7,20073.2,10505.5,47470.2,13162.7,10659.8,23604.3,9945.9,8089.3,65749.1,8839.5,9615.8,10620.0,14180.4,7565.4,40208.5,37117.2,23455.5,40567.1,14573.8,8841.9,22018.8,66640.6,15619.1,40052.9,16274.1,35618.7,66174.6,39238.3,19757.3,23746.4,12612.7,23965.3,83209.9,19801.1,17772.3,12767.4,23366.4,16628.2,61203.1,10103.1,16396.9,14320.3,8327.2,41306.0,31140.1,18906.9,5981.0,30955.4,13680.1,21253.3,37077.8,30819.2,24264.7,7056.6,15529.0,15264.9,37281.7,60496.9,32860.8,15991.8,17539.0,44455.9,74956.6,4955.7,24097.8,24071.7,14487.3,8595.4,23381.4,19265.6,43198.6,7492.2,16313.9,5281.3,20995.6,12545.5,15359.1,17101.2,19968.7,10319.0,13462.5,46750.8,18506.4,43618.1,16093.5,36200.6,7005.9,18292.3,8211.6,10581.0,15289.3,14479.4,7507.8,18529.3,19448.5,3974.6,78964.0,14857.3,30096.7,21527.0,11723.5,36206.9,0.0,21304.5,25661.1,22944.2,22430.0,23962.2,24381.1,19400.7,15466.5,21806.6,20801.3,2518.7,44661.1,9731.0,33523.3,21522.0,7928.5,1494.9,10749.1,14044.5,15997.2,16359.6,10715.0,31811.0,22804.7,26202.7,44153.3,23274.3,22417.1,21643.8,55163.4
70423734,31092.5,10517.8,2349.4,4491.6,4154.1,2411.9,12452.6,19264.1,16467.6,15580.2,30263.4,30265.8,43473.3,16763.8,18708.7,7712.7,19473.0,27214.0,8567.5,19552.8,21409.2,9672.3,7329.1,7756.5,1879.3,32609.1,24373.6,19330.2,2231.5,16024.0,20000.8,25595.4,36772.2,36149.3,20409.3,15210.0,23626.1,20020.5,26335.8,21224.6,16486.3,3532.4,14598.0,17017.5,42731.1,27353.3,25567.3,16779.3,22242.3,18554.7,19074.1,41489.0,25753.1,19432.7,35353.0,17931.5,10114.4,43622.6,8597.1,18918.5,18571.7,12611.2,43156.6,18103.9,5514.8,7231.4,11033.9,4441.2,60191.9,3667.3,20069.9,12653.5,25570.5,10865.9,40068.7,18165.0,8851.6,12992.9,28067.4,20171.6,33344.2,9707.3,19570.7,7947.8,20348.0,2013.0,16905.3,7811.7,3963.8,18112.7,16442.7,16178.6,14274.2,39362.5,11726.4,11292.9,19836.6,46753.5,51938.6,20989.5,26395.4,26369.3,22549.2,16269.5,25679.0,5023.2,22064.2,18334.2,18611.5,18871.0,1924.0,12880.6,23420.9,10392.9,5857.6,20539.4,21524.4,25616.4,9306.7,22483.8,9809.9,16028.1,26746.2,8647.0,18126.5,20095.9,10590.4,13552.0,21768.4,8203.3,3702.3,27555.9,55946.1,22919.1,32300.8,4116.0,19785.4,16034.4,23217.3,0.0,4526.7,7215.7,10525.6,4438.1,3927.9,3442.2,35206.7,5221.6,4372.4,28842.0,23526.7,21714.8,12388.9,4110.9,22456.4,25318.7,16650.1,14958.2,24059.1,10035.3,30455.3,8193.5,25102.2,4236.7,23018.9,24925.3,1282.7,2922.4,34029.0
70423736,33207.4,15598.8,7157.7,7895.4,5259.5,7343.1,13986.2,20797.7,18001.1,11859.5,30287.2,30289.6,38199.0,19313.9,20892.5,9246.3,21006.6,27237.8,6569.1,21086.3,22942.8,11205.9,10744.1,11840.9,6421.9,28888.4,20996.7,20863.8,4708.6,12303.3,21534.3,29795.1,33051.5,31605.1,16688.6,16743.5,23904.4,21554.0,22615.1,22758.2,18019.8,5102.0,16131.6,18551.0,44846.0,27377.1,25591.1,18312.9,23775.9,20738.5,15353.4,40948.3,27286.7,15712.0,36394.2,20480.8,14198.8,38348.4,10727.1,15197.8,20105.2,11817.5,45271.5,14383.2,8918.6,11315.8,13727.3,5993.4,54959.3,6918.4,21603.5,14187.1,29770.2,13462.8,36348.0,19698.6,10385.2,15293.7,29108.5,16450.9,37544.0,13137.0,21104.3,10851.3,21881.6,6555.7,19076.0,10797.6,5516.0,19646.3,17976.3,17712.2,13480.5,35641.8,9728.0,12826.5,21370.2,48287.1,46706.0,22030.6,27929.0,27902.8,24082.8,18933.0,27212.5,8427.0,18343.5,20518.0,20145.1,20404.6,6466.6,14414.2,24954.5,13055.9,9261.4,22073.0,23057.9,21895.7,12736.4,18763.1,11343.5,18142.9,27787.3,10755.5,20310.2,21629.5,12124.0,15085.6,21792.2,9749.9,7251.2,28597.0,58060.9,24452.7,36500.5,8502.0,21319.0,18149.2,24750.9,5295.1,0.0,11300.1,14610.0,5990.3,5480.1,6554.0,36247.8,9306.0,7776.2,29883.1,19806.0,23248.4,9846.9,8497.0,22480.2,26359.8,18183.7,16491.8,25592.7,11568.9,31496.4,12393.2,26635.8,3229.1,19298.3,26458.9,3778.3,6501.6,30308.3
70428043,28135.4,13875.6,7849.3,9991.5,9758.4,7911.8,10571.9,17195.1,16747.9,17233.5,30669.5,30672.0,40516.2,13806.7,20216.9,8734.7,17404.0,32713.9,10036.3,17483.7,19340.2,8798.4,11704.6,5517.9,7379.2,36018.8,21416.5,17261.2,8292.2,17677.3,16738.7,17808.0,38425.4,33192.2,22062.6,16068.0,15838.7,17951.5,31514.7,19155.6,12858.8,10325.6,15456.0,17093.0,39774.0,32853.2,31067.3,13537.3,20173.3,20062.9,20727.4,33701.6,21706.1,24611.6,33821.9,23431.4,4288.1,40665.5,14097.0,20571.8,15309.6,9763.3,40199.5,19757.2,9820.9,1035.2,16533.8,5337.9,57234.8,7878.9,16807.8,13511.5,17783.1,12576.4,45247.6,16096.0,9873.7,9668.4,26536.2,21824.9,25556.9,5338.5,18400.0,5010.1,15120.4,7513.0,13948.2,4771.3,5637.3,16043.7,13180.6,12916.6,11426.3,44541.3,13195.2,11940.0,16574.6,42706.5,48981.5,21355.0,22348.4,22322.3,20480.2,21769.5,21632.0,9329.3,22981.2,19842.4,15349.4,17700.2,7423.9,13738.7,21351.9,13049.3,11357.5,18470.4,19455.4,30795.3,4938.0,23360.9,10832.0,13071.0,25215.0,5919.3,19634.7,18026.9,11237.5,10617.0,27268.3,5814.0,8211.6,26024.7,52989.0,20850.1,24513.4,9615.9,17716.4,13077.3,22046.6,6591.7,9705.6,0.0,4699.3,5334.8,5753.7,7514.5,33675.5,3201.9,9872.3,27310.8,28705.5,19645.8,13877.6,9610.9,22814.5,23787.5,13408.1,11696.1,21990.1,9584.3,28924.1,5029.9,21055.3,10658.3,24672.2,20878.3,7704.3,8422.4,39207.9
70430210,30940.7,14179.9,11051.2,10718.4,13166.4,10974.9,10876.2,17499.4,17052.2,20959.3,30973.8,30976.3,43321.5,16612.0,20521.2,9039.0,17708.4,28325.6,13762.1,17788.1,19644.5,7988.2,10829.3,5822.2,11615.4,38824.1,24221.8,17565.6,12371.5,21403.1,13586.1,14412.4,44446.3,35997.5,25788.4,16372.3,12443.1,18255.8,35594.0,19459.9,13163.1,13733.6,15760.4,17397.3,42579.3,28464.9,26678.9,13841.6,20477.6,20367.2,24453.2,30306.0,18310.5,28690.9,34126.2,22330.8,2451.1,43470.8,17506.4,24297.6,15275.3,12568.6,43004.8,23483.0,9844.9,4830.2,19943.2,9417.3,60040.1,9036.6,13655.2,13815.8,14387.5,12880.7,49326.9,16400.3,10178.0,9972.7,26840.5,25550.7,22161.2,3104.5,18704.3,7815.5,17850.5,11749.2,16753.5,7576.6,9716.7,16348.0,13484.9,13220.9,14231.6,48620.7,16395.2,12244.3,13728.2,39310.9,51786.8,21659.3,18952.8,18926.6,20784.5,18750.0,18236.3,9353.2,26707.0,20146.7,15315.1,18004.6,11660.1,14043.0,21656.2,13353.7,12374.1,18774.7,19759.7,34874.6,3286.6,26166.2,11136.3,15876.3,25519.3,6223.6,19939.0,18331.2,11541.9,10921.3,26513.2,6118.3,8784.2,26329.1,55794.3,21154.4,21117.8,11614.7,18020.7,15882.6,22350.9,10827.9,13784.9,6144.2,0.0,9414.2,9833.1,8709.1,33979.9,6934.0,10888.9,27615.2,32784.9,19950.1,17603.4,11609.6,23118.8,24091.9,13712.4,7726.6,22294.4,9888.6,29228.4,7835.2,17659.6,14894.4,28398.0,17482.7,11940.5,11739.2,43287.2
70430246,29379.9,14002.3,5292.4,7434.6,7201.4,5354.9,12389.7,18691.6,16404.6,15595.0,33206.4,33208.8,41760.6,15051.1,19296.0,7649.8,18900.6,30157.0,8582.2,18980.3,20836.7,9609.4,9147.7,5928.5,4822.3,32623.9,22661.0,18757.8,3128.1,16038.8,18235.2,23882.7,36786.9,34436.6,20424.1,15147.0,21913.4,19448.0,26350.6,20652.1,14355.3,7327.5,14535.1,16954.6,41018.5,30296.3,28510.3,15033.8,21669.8,19142.0,19088.9,39776.3,23987.6,19447.5,34797.7,20874.5,8286.4,41910.0,11540.1,18933.3,16806.1,11007.7,41444.0,18118.7,7264.0,5403.4,13976.9,3.1,58479.3,5321.9,18304.4,12590.6,23857.8,11866.3,40083.5,17592.5,8788.7,11164.9,27512.0,20186.4,31631.6,7879.3,19507.8,6252.4,16617.0,4956.0,15192.6,6013.6,892.1,17540.2,14677.2,14413.1,12670.8,39377.3,11741.1,11230.0,18071.1,44988.0,50225.9,20434.1,24629.9,24603.7,21976.7,19212.5,23913.4,6772.4,22079.0,18921.5,16846.0,18808.1,4866.9,12817.7,22848.5,12339.3,8800.6,19966.9,20951.9,25631.2,7478.7,24605.3,9747.0,14315.4,26190.8,7005.3,18713.8,19523.4,10527.5,12113.5,24711.4,6202.3,5654.7,27000.6,54233.4,22346.7,30588.1,7058.9,19212.9,14321.7,23154.4,4034.8,4541.5,5387.7,8697.5,0.0,839.5,4957.5,34651.3,3393.6,7315.4,28286.7,23541.5,21142.4,12403.6,7053.9,21893.5,24763.4,14904.7,13192.7,23486.6,9972.4,29899.9,6480.8,23336.7,6541.7,23033.7,23159.8,5147.4,5865.4,34043.8
70433907,30182.3,14676.9,5970.2,8112.4,6732.8,6032.7,13064.4,19875.8,17079.3,14842.7,33884.2,33886.6,42563.1,15853.6,19970.6,8324.4,20084.8,30834.8,7830.0,20164.5,22021.0,10284.1,9822.3,6730.9,5500.1,31871.6,23463.4,19942.0,2375.8,15286.5,19037.7,24685.1,36034.7,35239.1,19671.8,15821.7,22715.9,20632.2,25598.3,21836.3,15157.8,6575.2,15209.7,17629.2,41820.9,30974.1,29188.1,15836.3,22854.0,19816.6,18336.6,40578.7,24790.0,18695.2,35472.3,21552.3,9088.8,42712.4,12200.3,18181.0,17608.6,11810.2,42246.4,17366.4,7938.6,6205.8,14654.7,883.5,59281.7,5996.6,19106.8,13265.2,24660.3,12541.0,39331.2,18776.7,9463.4,11967.4,28186.7,19434.1,32434.0,8681.7,20182.5,7054.9,17419.4,5633.8,15995.1,6816.0,118.4,18724.4,15479.6,15215.6,13473.2,38625.0,10988.9,11904.6,18873.5,45790.4,51028.4,21108.7,25432.3,25406.2,23160.9,19890.3,24715.9,7447.0,21326.7,19596.1,17648.4,19482.7,5544.8,13492.4,24032.7,13014.0,9478.4,21151.1,22136.1,24878.9,8281.2,21746.2,10421.7,15117.9,26865.4,7807.8,19388.4,20707.6,11202.2,12916.0,25389.2,7004.7,6329.3,27675.2,55035.9,23530.9,31390.6,7736.7,20397.1,15124.2,23829.1,4373.2,3789.2,6190.1,9500.0,880.4,0.0,5632.2,35326.0,4196.0,7993.2,28961.3,22789.2,22326.6,11651.4,7731.7,22568.2,25438.0,15707.1,13995.1,24670.8,10647.0,30574.6,7283.3,24139.2,5789.4,22281.4,23962.2,4169.8,6543.2,33291.5
70435202,32079.8,9664.1,1902.0,2472.0,5200.5,1825.7,8051.5,14863.0,12066.4,17529.4,25811.5,25814.0,44460.6,17751.1,14957.8,3311.6,15071.9,22762.1,10516.6,15151.6,17008.1,5271.2,4074.6,3601.6,2821.3,34558.3,25360.9,14929.1,4180.7,17973.2,15599.6,21277.8,38721.3,37136.6,22358.5,10808.8,17969.7,15619.3,28285.0,16823.5,12085.1,5767.7,10196.9,12616.3,43718.4,22901.4,21115.5,12378.2,17841.2,14803.8,21023.3,35013.6,21352.0,21381.9,30459.5,16767.3,7119.9,44609.9,9539.1,20867.7,14170.5,13598.4,44143.9,20053.1,2260.3,8218.7,11975.9,4780.1,61179.2,415.0,15668.7,8252.4,21252.9,7528.1,42017.9,13763.9,4450.5,9359.0,23173.8,22120.8,29026.7,7202.3,15169.6,8935.1,15946.9,2955.1,17892.6,8798.9,5079.5,13711.6,12041.6,11777.5,15261.4,41311.7,13675.5,6891.8,15435.5,42352.4,52925.9,16095.9,21994.3,21968.1,18148.1,13186.6,21277.8,1768.7,24013.4,14583.3,14210.4,14469.9,1810.3,8479.5,19019.8,8001.1,3838.0,16138.3,17123.2,27565.6,6801.7,24432.9,5408.8,17015.4,21852.6,4820.8,14375.5,15694.8,6189.3,9150.8,22710.4,3815.2,740.2,22662.3,56933.4,18518.0,27983.2,3078.6,15384.3,17021.7,18816.2,2119.3,6475.9,8203.0,7531.1,4777.0,5195.9,0.0,30313.1,5106.6,2352.8,23948.4,25475.9,17313.7,14338.0,3073.5,17555.3,20425.1,12249.0,10557.1,19657.9,5634.2,25561.7,9180.8,20701.1,6185.8,24968.1,20524.2,3231.9,3864.5,35978.2
70450886,65640.0,24511.9,32493.1,32160.3,34566.5,32416.8,21517.2,13006.7,16707.3,48244.1,17168.6,17171.1,78020.8,48465.8,20444.0,28864.8,13935.0,18233.3,41231.4,14014.7,16423.2,27662.4,28814.3,26607.3,33536.1,65273.0,58921.1,13792.2,34895.4,48688.0,22924.2,28612.3,69436.1,70696.8,53073.3,18049.0,25294.2,14482.5,58999.8,17729.2,18269.3,35133.8,18476.2,19618.8,77278.6,18740.7,19991.1,16890.9,15411.4,20290.0,51738.1,42835.9,28905.2,52096.7,1245.6,22708.4,29628.2,78170.1,27148.7,51582.5,21495.1,47148.3,77704.1,50767.9,31286.8,31355.9,24142.3,35494.8,94739.4,31330.7,22993.3,24297.0,28587.4,28157.7,72732.7,17072.8,27926.4,21929.8,7698.9,52835.6,36361.1,26516.4,19632.4,42484.9,18901.1,32782.8,48607.3,42348.8,35794.3,15665.1,21637.0,21873.6,48811.3,72026.4,44390.3,27521.4,22760.0,50174.7,86486.1,18607.1,29547.4,29521.3,19017.5,20124.9,28831.0,30795.2,54728.1,20216.8,21534.9,18932.7,32525.1,24075.1,13984.7,28630.7,31498.2,12401.4,17992.6,58280.4,26115.8,55147.7,27623.1,47730.1,8981.4,25901.8,20524.4,12174.9,26818.9,22088.8,23839.9,26138.8,30978.1,12523.8,90493.6,19387.4,35317.7,33056.6,14758.5,47736.5,14768.7,32834.0,37190.7,30553.6,30039.4,35491.7,35910.6,30930.2,0.0,29416.1,32330.8,13809.9,56190.6,11131.2,45052.8,33051.6,21579.9,13404.7,17020.1,21653.9,15466.5,27889.2,5541.6,43340.5,28342.1,37732.3,55682.9,27804.4,33946.6,33173.4,66693.0
70464173,30902.2,12499.0,6160.3,7825.9,8069.4,6222.8,9746.7,16369.8,14901.4,17829.4,28646.4,28648.9,43283.0,16573.5,17792.7,6146.5,16578.8,25597.1,10632.2,16658.5,18515.0,6890.4,7936.8,3606.7,5690.2,34858.3,24183.3,16436.0,6446.3,18273.2,15913.4,20355.7,39021.4,35959.0,22658.5,13643.8,18283.5,17126.2,29668.9,18330.3,12033.5,8636.6,13031.8,15451.3,42540.8,25736.4,23950.4,12712.0,19348.0,17638.7,21323.3,35327.4,21665.8,22765.7,33294.4,19602.3,5900.7,43432.3,12408.0,21167.7,14484.4,12530.1,42966.3,20353.1,6952.4,3563.3,14844.8,3492.1,60001.6,6189.9,15982.6,11087.3,20330.8,10363.1,43401.7,15270.7,7285.5,8843.1,26008.8,22420.8,28104.6,5557.5,17574.7,6962.9,14295.2,5824.0,16715.0,6724.0,3791.5,15218.4,12355.4,12091.3,14193.1,42695.5,13791.1,9726.7,15749.3,42666.2,51748.3,18930.8,22308.1,22281.9,19654.9,16021.5,21591.7,6460.7,25397.2,17418.2,14524.2,16875.0,5734.9,11314.5,20526.7,10836.1,9481.6,17645.1,18630.1,28949.4,5156.9,26127.7,8243.8,15837.8,24687.5,4683.5,17210.5,17201.6,9024.3,9791.7,25579.3,3880.5,5754.7,25497.3,55755.8,20024.9,27061.1,8722.1,16891.1,15844.1,21221.3,4902.7,7859.7,2761.0,6311.9,3489.0,3907.9,5825.5,33148.1,0.0,7996.4,26783.4,26859.7,18820.6,14473.6,8717.1,20390.3,23260.1,12582.9,10870.9,21164.8,6855.7,28396.7,6982.6,21014.9,8969.3,25268.2,20838.0,6015.3,6733.4,37362.0
70464520,34084.6,6437.8,1245.3,2367.1,2853.7,1477.2,10009.0,16820.5,14023.9,18236.4,28860.0,28862.4,46465.3,21063.0,17305.3,5269.1,17029.4,25810.6,12550.6,17109.1,18965.6,7228.7,5130.3,5592.7,2736.5,35265.3,27365.7,16886.6,6214.7,18680.2,17557.1,23235.3,39428.3,39141.4,23065.5,12766.3,19927.2,17576.8,28992.0,18781.0,14042.6,3421.0,12154.4,14573.8,45723.2,25949.9,24163.9,14335.7,19798.7,17151.3,21730.3,36971.1,23309.5,22088.9,32416.9,16528.1,9111.0,46614.7,7193.7,21574.7,16128.0,15592.8,46148.7,20760.1,3316.0,10224.8,9630.5,6786.2,63184.0,2731.9,17626.2,10209.9,23210.4,5981.5,42724.9,15721.4,6408.0,11316.4,25131.3,22827.8,30984.2,9159.8,17127.1,10929.5,17904.4,1535.1,21204.5,10793.3,7085.6,15669.1,13999.1,13735.0,17255.8,42018.7,15709.5,8849.3,17393.0,44309.9,54930.7,18053.4,23951.7,23925.6,20105.6,14866.1,23235.3,2824.4,24720.4,16930.8,16167.9,16427.4,2781.1,10437.0,20977.3,5508.5,2393.0,18095.8,19080.7,28272.6,8759.2,25139.9,7366.3,20327.4,23810.1,6203.3,16723.1,17652.3,8146.8,11108.3,20365.0,5759.7,2221.0,24619.8,58938.2,20475.5,29940.7,1460.0,17341.8,20333.7,20773.7,4153.3,7182.4,10209.1,9522.2,6783.1,7202.0,3003.9,32270.6,7097.6,0.0,25905.9,26182.9,19271.2,16223.8,1455.0,21053.0,22382.6,14206.5,12514.6,21615.4,7591.7,27519.2,11785.1,22658.6,6019.4,25675.1,22481.7,5100.8,1426.6,36685.2
70464553,58872.0,17743.8,25725.0,25392.3,27798.5,25648.8,15932.6,14105.4,10201.7,41476.1,5330.9,5333.4,71252.7,41697.8,9744.2,22096.8,11982.9,6395.6,34463.4,12062.6,15372.2,20894.3,22046.3,21022.6,26768.1,58505.0,52153.1,11840.1,28127.4,41919.9,19728.0,25416.0,62668.1,63928.8,46305.2,11543.5,22098.0,12530.3,52231.7,15187.5,12684.6,28365.8,11970.7,12850.8,70510.6,6903.0,4203.9,12644.8,16205.2,9590.2,44970.0,39142.0,25480.3,45328.6,11876.5,10866.7,24043.6,71402.1,20380.6,44814.4,18298.9,40380.2,70936.1,43999.8,24518.8,25771.2,17374.2,28726.8,87971.4,24562.6,19797.1,17528.9,25391.2,21389.7,65964.6,12127.9,21158.4,16345.1,9371.4,46067.5,33164.9,20931.7,8005.8,35716.9,15704.9,26014.8,41839.3,35580.7,29026.2,9081.4,17553.8,17289.7,42043.2,65258.4,37622.3,20753.3,19563.8,46480.7,79718.1,6980.5,26122.6,26096.5,16512.1,13356.9,25406.2,24027.1,47960.1,9517.0,18338.7,7306.1,25757.1,17307.0,15083.4,21862.7,24730.2,13500.0,15487.3,51512.3,20531.1,48379.6,20855.0,40962.1,8050.1,20317.1,10236.4,13273.5,20050.9,16504.2,8052.8,20554.1,24210.0,2038.1,83725.6,16882.1,32121.5,26288.5,13748.3,40968.4,2348.0,26066.0,30422.6,24968.9,24454.7,28723.7,29142.6,24162.2,12999.9,23831.4,25562.8,0.0,49422.6,12229.8,38284.8,26283.5,9069.9,3005.7,12773.9,16069.3,16565.1,21121.1,11759.3,36572.5,24829.4,30964.2,48914.8,25299.1,27178.6,26405.3,59924.9
70465560,40196.7,35418.2,26623.9,27361.6,24725.7,26809.3,33805.6,40617.1,37820.5,11184.1,49259.8,49262.3,25145.9,24541.5,40711.9,29065.7,40826.0,46210.5,17813.9,40905.7,42762.2,31025.3,30563.5,30249.4,26241.3,15835.3,14451.9,40683.2,23117.0,11557.0,43362.1,44188.4,15915.5,18156.5,6738.8,36562.9,42219.1,41373.4,7842.1,42577.6,37839.2,24568.1,35951.0,38370.4,34775.8,46349.8,44563.8,38132.3,43595.3,40557.9,6159.9,60082.0,48086.5,6780.8,56213.6,39453.5,29528.0,25295.2,30193.2,6842.5,39924.6,23062.3,35201.3,7777.7,28384.8,29724.3,33085.0,24401.9,43327.9,26737.8,43431.2,34006.5,44163.5,33282.2,21574.9,39518.0,30204.6,35113.1,48927.9,6501.1,51937.2,32200.2,40923.7,25848.5,41701.0,26375.1,24303.6,25794.7,23924.5,39465.7,37795.7,37531.6,24725.3,20868.7,18378.6,32645.9,41189.6,69086.9,30277.3,41850.0,48728.8,48702.6,43902.2,38399.2,48012.4,27893.1,4260.7,40337.4,39964.5,40224.0,26286.0,34233.6,44773.9,32522.1,28727.6,41892.4,42877.3,8534.5,31799.6,12376.7,31162.9,25475.7,47606.7,30574.9,40129.6,41448.9,31943.4,34905.0,40764.8,30523.2,27070.6,48416.4,36168.3,44272.1,50893.8,27968.1,41138.4,25482.0,44570.3,25114.5,20577.4,27079.3,29939.2,24398.8,23888.6,26373.4,56067.2,27714.4,27242.4,49702.5,0.0,43067.8,15074.5,27963.1,41452.9,46179.2,38003.1,36311.2,45412.1,31388.3,51315.8,26786.5,47435.6,23565.2,6609.2,47258.7,22882.9,25967.8,15535.3
70484079,48987.9,11618.4,18686.4,18353.6,20801.6,18610.1,10961.3,2450.7,6151.3,34437.4,13629.5,13632.0,61368.6,34659.1,12768.3,15058.1,3379.1,14694.2,27424.7,3458.8,5867.2,13855.7,15007.6,16051.3,19729.4,51466.3,42269.0,3236.3,21088.7,34881.2,12368.2,18056.3,55629.4,54044.6,39266.5,7493.0,14738.3,3926.5,45193.1,7173.3,7713.3,21368.9,7920.3,7385.0,60626.5,15201.6,16452.0,6335.0,4855.5,12614.4,37931.3,32280.0,18349.2,38289.9,11038.2,13890.8,19072.3,61518.0,14651.4,37775.7,10939.1,30506.5,61052.0,36961.1,17480.1,20799.9,13879.3,21688.1,78087.3,17524.0,12437.4,10489.1,18031.5,14351.0,58925.9,6516.9,14119.7,11373.8,3577.1,39028.8,25805.2,15960.4,5706.6,25843.2,8345.2,18976.1,34800.6,25707.0,21987.5,5109.2,11081.0,11317.6,32169.5,58219.7,30583.6,13714.7,12204.1,39618.7,69833.9,10004.6,18991.5,18965.4,8461.5,11073.0,18275.1,16988.5,40921.4,12541.1,10979.0,5006.9,18718.4,10268.4,3428.8,14824.0,17691.5,1845.4,7436.7,44473.6,15559.9,41341.0,13816.3,33923.4,4308.4,15345.8,12262.0,1618.9,13012.2,11532.9,12556.8,15582.8,17171.3,8984.7,73841.4,8831.5,24761.7,19249.9,4202.6,33929.7,8122.0,19027.3,23383.9,19997.7,19483.5,21685.0,22103.9,17123.5,10716.4,18860.1,18524.1,10270.8,42383.9,0.0,31246.1,19244.9,12977.4,8731.7,6464.2,11098.0,4910.5,14082.5,5964.9,26088.8,17786.2,23093.9,41876.2,17248.5,20139.9,19374.5,52886.2
70490239,27065.5,23724.2,14929.9,15667.6,13031.8,15115.4,22111.7,28923.1,26126.6,4880.0,37565.9,37568.3,31219.5,11410.3,29017.9,17371.7,29132.1,34516.5,3938.1,29211.8,31068.3,19331.4,18869.6,16591.2,14547.4,21908.9,17241.1,28989.3,11423.1,5323.8,29486.3,30312.6,26072.0,24625.6,9709.1,24869.0,28343.3,29679.5,17375.4,30883.6,24222.9,12874.2,24257.0,26676.5,38704.1,34655.8,32869.8,24901.4,31901.3,28863.9,8373.9,46206.2,34210.7,10472.3,44519.6,27759.5,15652.3,31368.9,18499.3,8218.3,26673.7,9186.5,39129.6,7403.7,16690.8,14005.7,21391.1,12707.9,47979.8,15043.9,29555.4,22312.5,30287.7,21588.3,31108.3,27824.0,18510.7,21032.5,37234.0,9471.4,38061.5,16702.7,29229.8,11972.7,26484.6,14681.1,11172.4,11919.0,12230.5,27771.7,24544.8,24280.7,10849.5,30402.1,4203.0,20951.9,29628.4,55211.1,39726.5,30156.0,34853.0,34826.9,32208.2,26705.3,34136.6,16199.2,10627.7,28643.4,26713.6,28530.0,14592.1,22539.7,33080.0,20828.1,17033.6,30198.4,31183.4,16656.0,16302.1,11783.6,19469.0,12344.5,35912.7,17668.0,28435.7,29754.9,20249.5,23211.0,29070.9,16865.0,15376.6,36722.5,42242.0,32578.2,37018.0,16274.2,29444.4,12350.8,32876.4,13420.5,8883.5,13203.5,16063.4,12704.8,12194.6,14679.5,44373.3,14056.3,15548.4,38008.6,14566.3,31373.9,0.0,16269.2,29758.9,34485.3,24772.3,23060.3,33718.1,19694.3,39621.9,12910.7,33559.8,11871.2,12318.8,33382.9,11189.0,14273.8,25068.6
70490240,34677.3,5639.6,1832.0,2953.8,3300.5,1875.2,10407.0,16113.8,12754.4,18683.1,24172.0,24174.5,47058.0,21655.7,14659.3,5667.0,16322.7,21122.6,13135.5,16402.4,19363.6,7626.7,4448.8,5990.7,3323.2,35712.0,27958.4,16179.9,6799.5,19126.9,17955.1,23633.2,39875.1,39734.1,23512.2,11496.8,20325.1,16870.2,29438.7,19178.9,14440.6,3867.7,11662.6,13304.3,46315.9,21261.9,19476.0,14733.6,20196.6,14505.3,22177.0,37369.1,23707.4,22535.6,31303.6,14365.7,9509.0,47207.4,5852.3,22021.4,16526.0,16185.5,46741.4,21206.8,2416.9,10809.7,8289.1,7371.0,63776.7,3129.9,18024.2,10607.8,23608.4,5183.3,43171.6,16119.3,6806.0,11714.4,24018.0,23274.5,31382.1,9557.7,17525.1,11522.2,18302.3,2121.8,21797.2,11386.0,7670.5,16067.0,14397.0,14133.0,17848.6,42465.4,16294.4,6226.2,17790.9,44707.8,55523.4,16940.0,24349.7,24323.6,20503.5,12220.1,23633.3,3485.3,25167.1,14284.8,16565.8,16825.3,3367.8,10835.0,21375.3,4710.3,1594.8,17389.1,19478.7,28719.3,9157.2,29902.7,5781.8,20920.1,22696.7,6601.3,14077.1,16945.6,8544.8,11506.3,15677.0,6157.7,2619.0,23506.5,59530.9,20873.5,30338.7,5.0,17739.7,20926.4,21171.7,4738.1,7629.1,10793.9,9920.2,7368.0,7786.8,3401.8,31157.3,8799.8,948.4,24792.6,26629.6,18564.5,16956.9,0.0,16365.0,21269.3,14604.5,12912.5,22013.4,7989.6,26405.9,12377.8,23056.6,6466.2,26121.8,22879.6,5850.7,1873.3,37131.9
70494781,52483.8,11730.8,21009.1,19379.3,21410.3,21194.5,13407.6,13985.9,10626.5,32207.9,9696.3,9698.8,64864.5,39462.2,4737.1,16083.8,14194.8,6647.0,30948.3,14274.6,17584.1,14881.3,16033.3,19532.7,23316.5,49236.8,45764.9,14052.0,24612.3,32651.7,20955.7,26633.8,53399.8,57540.5,37037.0,9368.9,23325.7,14742.3,42963.5,17399.5,13282.9,21977.5,9534.7,7883.6,64122.4,6786.3,5000.3,14856.7,18417.2,4583.1,35701.8,40369.7,26708.0,36060.4,23116.4,3172.4,22815.1,65013.9,12121.0,35546.2,19526.6,33992.0,64547.9,34731.6,18505.8,28622.5,9848.1,25183.9,81583.1,18549.6,21024.8,11515.9,26609.0,15330.3,56696.4,14339.9,15145.4,14551.3,15830.8,36799.3,34382.7,19703.2,10119.3,29328.7,17916.9,21298.8,39603.7,29192.5,25774.2,11194.9,17397.6,17133.6,35655.0,55990.2,34107.2,14740.3,20791.5,47708.4,73329.8,4247.1,27350.3,27324.2,18724.1,6725.5,26633.9,18014.1,38691.9,4509.9,19566.4,9419.6,19744.1,11294.0,19595.8,14857.3,16385.6,14457.3,17699.2,42244.1,19302.7,47709.2,14842.0,38726.5,14509.5,17562.5,5229.3,14817.7,14037.8,14506.9,1201.3,18125.5,18197.0,12967.2,77337.3,19094.0,33339.3,20079.9,15960.3,38732.8,9356.7,22550.9,25739.0,23740.5,23226.3,25180.8,25915.0,18149.2,22970.1,22243.0,21627.6,12851.3,40154.4,13869.3,34769.7,20084.9,0.0,10038.5,14985.9,15913.1,20233.9,15108.1,18218.6,30184.2,26057.2,24576.0,39646.6,25880.2,23663.5,20017.1,50656.7
70494784,54047.9,12919.7,20900.9,20568.2,22974.4,20824.7,14596.5,10431.0,8858.8,36652.0,7908.7,7911.2,66428.6,36873.7,8851.9,17272.7,10639.9,8973.4,29639.3,10719.6,14029.2,16070.2,17222.2,20721.6,21944.0,53680.9,47329.0,10497.1,23303.3,37095.8,18385.0,24073.1,57844.0,59104.7,41481.1,10557.8,20755.0,11187.3,47407.6,13844.6,11341.6,23541.7,10723.6,8026.7,65686.5,9480.8,10297.6,11301.8,14862.2,8697.9,40145.9,37799.0,24137.3,40504.5,17520.5,11116.3,24004.0,66578.0,15556.5,39990.3,16955.9,35556.1,66112.0,39175.7,19694.7,27341.3,12550.1,23902.7,83147.3,19738.5,18454.1,12704.8,24048.2,16565.6,61140.5,10785.0,16334.3,15740.2,10234.9,41243.4,31821.9,20892.2,6662.8,30892.8,14361.9,21190.7,37015.2,30756.6,24202.1,7738.4,16210.8,15946.8,37219.1,60434.3,32798.2,15929.2,18220.8,45137.7,74894.0,5637.5,24779.6,24753.5,15169.1,8532.8,24063.2,19203.0,43136.0,8624.6,16995.7,5963.1,20933.0,12482.9,16040.9,17038.6,19906.1,11000.8,14144.3,46688.2,20491.6,43555.5,16030.9,36138.0,8913.7,18751.4,8932.3,11262.8,15226.8,15695.8,8189.6,19314.4,19385.9,4615.9,78901.5,15539.1,30778.5,21464.4,12405.4,36144.3,1528.8,21241.9,25598.5,24929.4,24415.2,23899.6,24318.5,19338.1,17374.2,23431.9,20738.7,3160.1,44598.5,13093.4,33460.7,21459.4,8610.3,0.0,11431.0,14726.3,16679.0,16297.0,12622.8,31748.4,23486.5,26140.1,44090.7,23956.1,22354.5,21581.2,55100.8
70494785,41301.2,8512.2,13352.8,13020.0,15468.0,13276.5,4415.0,5296.8,5630.6,28218.2,19404.8,19407.3,53681.9,26972.4,12323.5,10115.7,4571.1,18971.3,22091.1,4887.3,4471.1,7378.7,9674.0,9456.8,14395.8,45247.1,34582.3,4840.4,15755.1,28662.0,8826.9,14515.0,49410.2,46358.0,33047.3,6972.3,11197.0,4339.7,39859.5,4286.5,3042.4,16035.3,7399.6,6864.3,52939.8,19110.6,17324.7,129.2,5304.2,12169.5,31712.1,28240.9,14579.3,32956.3,17581.3,14133.1,12477.8,53831.3,14130.7,31556.5,7397.8,22929.1,53365.3,30741.9,12146.5,14205.4,13358.6,14748.9,70400.6,12190.4,8896.1,7100.5,14490.2,9017.4,53592.3,3188.4,8786.1,4779.3,10120.2,32809.6,22263.9,9365.9,7135.2,18554.2,4803.9,13642.5,27113.9,18315.4,15048.3,4588.4,4306.1,4042.1,24592.1,52886.1,25250.0,8381.1,8662.8,35579.7,62147.3,12664.5,15221.6,15195.4,5611.1,10552.3,14505.2,11654.9,35587.8,11949.0,7437.7,6435.5,13384.8,7327.6,6482.8,9490.4,12357.9,6572.1,4586.3,39140.0,8965.3,36526.6,8482.8,26236.7,13950.3,8751.3,11741.3,6128.6,7678.6,4986.6,15216.6,8988.3,11837.8,14760.0,66154.8,5981.0,21220.4,13916.3,2847.3,26243.1,10781.9,13693.7,18050.3,13403.1,12888.9,14745.8,15164.7,11789.9,17259.5,12265.6,13190.5,16046.1,37050.3,7130.0,24862.4,13911.3,14921.1,12522.8,0.0,3634.4,7121.0,6899.1,12508.0,18574.0,13928.4,17760.3,35657.0,14398.1,14806.3,14040.9,47552.6
70494786,39030.6,7688.0,11205.0,10872.2,13320.2,11128.7,3590.8,9129.2,8682.0,25947.6,22603.6,22606.1,51411.3,24701.9,12982.5,7845.2,10292.3,20786.8,18750.4,9417.8,10192.4,6531.9,8849.8,7186.2,12250.5,42976.5,32311.7,9195.3,13609.9,26391.5,6003.9,11682.1,47139.6,44087.4,30776.7,8833.5,8374.0,10061.0,37714.2,10007.8,4792.9,13887.5,8221.6,9027.1,50669.2,20926.1,19140.2,3288.8,11025.5,12828.5,29441.6,25417.9,11756.3,30811.1,25755.9,14792.0,10207.2,51560.7,13583.2,29286.0,4574.8,20658.5,51094.7,28471.4,9998.7,11934.8,14017.7,12478.3,68130.0,10045.1,6073.1,6276.2,11657.2,8193.2,51447.1,8030.1,7961.8,3955.0,18470.3,30539.1,19431.0,7095.3,10334.0,16283.6,6351.2,11494.7,24843.4,16044.8,12777.7,7977.8,2445.9,2181.8,22321.5,50740.8,21909.3,7556.8,5839.8,32756.7,59876.7,14120.6,12398.6,12372.4,11332.3,11211.3,11682.2,9507.1,33442.6,12608.0,4614.7,9634.3,11239.5,6503.4,12204.1,8666.1,12527.9,10404.5,10307.5,36994.8,6694.8,34256.0,7658.5,23966.2,17149.1,6480.8,12400.2,9961.0,6854.3,4162.4,18974.4,6717.7,9692.5,17958.8,63884.2,11702.3,18387.5,11768.5,8568.6,23972.5,13980.7,11548.4,15905.1,11132.6,10618.4,12475.2,12894.1,9644.6,25609.6,9995.0,11042.7,19244.9,34905.0,11579.9,22591.8,11763.5,15580.0,15721.6,3159.6,0.0,12842.2,6052.3,20858.2,16303.4,11105.4,16485.9,33386.4,10928.5,12661.0,11893.1,45407.4
70494788,51734.2,14364.8,21432.7,21099.9,23547.9,21356.4,13727.6,5791.5,10264.8,37183.7,17848.7,17851.2,64114.9,37405.4,16957.8,17804.4,5471.5,18913.3,30171.0,5852.2,3434.6,16602.0,17753.9,18817.7,22475.7,54212.6,45015.3,6118.6,23835.0,37627.6,13479.0,19167.1,58375.7,56791.0,42012.8,11606.5,15849.0,5741.4,47939.4,4740.7,10479.7,24115.2,12033.8,11498.5,63372.8,19420.8,21958.9,7640.8,2651.5,16803.8,40677.6,29847.3,15916.6,41036.3,15257.4,18767.3,21838.6,64264.3,18764.9,40522.1,12049.9,33252.8,63798.3,39707.5,20226.4,23566.3,17992.8,24434.4,80833.6,20270.3,13548.1,13235.4,19142.2,17097.3,61672.2,7822.6,16866.0,14140.2,7796.3,41775.1,26915.9,18726.8,11769.4,30294.9,9455.9,21722.4,37546.9,30056.0,24733.8,9222.6,12191.8,12428.3,34915.8,60966.0,33329.9,16461.0,13314.8,37186.1,72580.3,17298.7,16558.9,16532.7,6028.9,15186.5,15842.5,19734.8,43667.7,16583.3,12089.7,11069.7,21464.7,13014.7,1365.3,17570.3,20437.8,5538.4,5004.1,47219.9,18326.2,44087.3,16562.7,36669.7,8527.6,18112.2,16375.5,5311.9,15758.5,14299.3,19850.9,18349.2,19917.7,13203.9,76587.7,6398.8,25872.5,21996.2,5683.2,36676.0,15416.1,21773.6,26130.3,22764.0,22249.8,24431.3,24850.2,19869.8,14935.6,21626.5,21270.4,14490.0,45130.2,4806.1,33992.4,21991.2,19555.3,12950.9,7769.9,11404.4,0.0,16828.8,10184.1,30314.6,15353.5,25840.2,44622.5,14815.9,22886.2,22120.8,55632.6
70494791,36369.6,4762.2,6668.9,6336.1,8784.1,6592.6,2820.7,11008.7,8212.1,22422.4,21957.2,21959.6,48750.3,22040.8,11103.5,3309.0,11217.6,18907.8,15409.7,11297.3,13153.8,458.6,4086.8,5241.7,7714.4,39451.3,29650.7,11074.8,9073.8,22866.3,9978.2,15656.4,43614.4,41426.3,27251.6,6954.5,12348.3,11765.0,33178.1,12969.2,6098.3,9351.4,6342.6,8762.0,48008.2,19047.1,17261.1,6776.8,13986.8,10949.5,25916.4,29392.2,15730.6,26275.0,26605.1,12913.0,8262.6,48899.7,8853.0,25760.8,8549.1,18491.5,48433.7,24946.2,5462.6,9990.3,10515.0,8959.4,65469.0,5509.0,10047.4,4398.1,15631.5,3462.9,46911.0,9909.6,1663.7,2261.9,19319.5,27013.9,23405.3,5150.8,11315.3,13828.2,8360.0,6958.6,22182.3,13692.0,9258.9,9857.2,6420.2,6156.1,20154.5,46204.7,18568.6,2826.5,9814.1,36731.0,57215.6,12241.6,16372.9,16346.7,14293.7,9332.2,15656.5,4971.0,28906.5,10729.0,8589.0,10615.6,6703.4,4625.2,15165.5,3935.9,7991.8,12284.0,13268.9,32458.7,4750.2,29326.0,2895.5,21305.1,17998.3,2537.9,10521.2,11840.5,2124.1,3210.4,17095.4,3060.5,5156.4,18808.0,61223.1,14663.7,22361.8,7232.4,11530.0,21311.4,14961.9,7012.3,11369.0,9188.0,8673.8,8956.4,9375.2,5108.5,26458.8,6476.2,6506.6,20094.1,30368.9,13459.4,19231.1,7227.3,13701.0,16570.8,6647.7,4935.7,15803.6,0.0,21707.4,14358.8,15079.7,11949.8,29861.2,14902.8,8124.9,7357.0,40871.3
70521396,60497.9,19369.7,27351.0,27018.2,29424.4,27274.7,16375.1,7864.6,11565.1,43102.0,13160.4,13162.8,72878.6,43323.7,15301.9,23722.7,8792.9,14225.0,36089.3,8872.6,11281.0,22520.2,23672.2,21465.1,28394.0,60130.9,53779.0,8650.1,29753.3,43545.8,17782.1,23470.1,64294.0,65554.7,47931.1,12906.8,20152.1,9340.3,53857.6,12587.1,13127.1,29991.7,13334.1,14476.7,72136.5,14732.5,15982.8,11748.8,10269.3,15147.9,46595.9,37693.8,23763.0,46954.5,5296.3,17566.3,24486.1,73028.0,22006.6,46440.3,16353.0,42006.1,72562.0,45625.7,26144.7,26213.7,19000.1,30352.7,89597.3,26188.5,17851.2,19154.9,23445.3,23015.6,67590.5,11930.7,22784.3,16787.6,2556.8,47693.4,31219.0,21374.2,14490.3,37342.8,13759.0,27640.7,43465.2,37206.6,30652.1,10523.0,16494.9,16731.4,43669.1,66884.3,39248.2,22379.2,17617.9,45032.5,81344.0,13465.0,24405.3,24379.2,13875.3,14982.8,23688.9,25653.0,49586.0,15074.7,16392.8,13790.5,27383.0,18932.9,8842.6,23488.6,26356.1,7259.2,12850.5,53138.2,20973.7,50005.6,22480.9,42588.0,3839.3,20759.7,15382.3,7032.7,21676.8,16946.7,16017.1,20996.6,25835.9,8515.6,85351.5,14245.3,30175.6,27914.5,9616.4,42594.3,9626.6,27691.9,32048.5,25411.5,24897.3,30349.6,30768.5,25788.1,4974.5,24273.9,27188.7,9801.7,51048.5,5989.0,39910.7,27909.4,16437.8,8262.6,11878.0,16511.8,10324.3,22747.1,0.0,38198.4,23200.0,32590.1,50540.8,22662.3,28804.5,28031.2,61550.8
70521405,24679.2,18023.8,9313.9,11456.1,11222.9,9376.4,16411.2,22273.5,20426.1,16601.3,38240.5,38242.9,37059.9,10350.5,23317.5,11671.3,22482.4,35191.1,9404.1,22562.1,26232.7,13630.9,13169.2,10441.6,8843.8,32562.6,17960.3,22339.6,9571.1,17045.1,18127.1,18953.4,38184.8,29736.0,21430.4,19168.5,16984.1,26101.3,29304.5,26048.1,17937.2,11790.2,18556.6,20976.1,36317.8,35330.4,33544.4,18615.7,27065.8,23163.5,20095.2,34847.0,22851.5,22401.4,38819.2,25908.6,6979.0,37209.3,16574.2,19939.6,19816.3,6307.1,36743.3,19125.0,11285.5,4989.1,19011.0,6616.9,53778.6,9343.4,18196.2,16612.1,18928.5,15887.8,42477.6,21174.4,12810.2,14746.8,31533.5,21192.7,26702.2,10416.9,23529.3,1553.9,22391.5,8977.5,10491.9,1315.1,6916.3,21122.1,18259.0,17995.0,7970.1,42331.2,10133.7,15251.5,18269.2,43851.9,45525.3,24455.6,23493.8,23467.6,27372.7,24246.6,22777.4,10793.8,22349.0,22943.0,19856.1,22829.6,8888.4,16839.2,28244.4,16360.8,12822.1,23548.8,26347.9,28585.1,10016.3,19904.6,13768.5,9614.8,30212.3,11518.4,22735.2,23105.3,14549.0,15695.3,29745.5,10715.4,9676.2,31022.0,49532.8,27742.6,25658.8,11080.4,24608.9,9621.1,27175.9,8056.3,10984.5,4973.4,7809.8,6613.8,7032.7,8979.0,38672.8,7906.6,11336.9,32308.1,26495.4,24724.2,13245.5,11075.4,30433.5,28784.8,18486.5,16774.5,28882.6,13993.9,33921.4,0.0,22200.6,12122.8,24040.1,22023.7,9168.9,9886.9,36997.7
70525152,45298.8,17019.8,21860.4,21527.6,23975.6,21784.1,12922.6,15533.6,18875.5,37220.9,30338.8,30341.3,57679.6,30970.1,22314.3,18623.3,15213.6,30118.7,30023.7,15594.3,12045.3,15886.3,18181.6,17964.4,22903.4,53182.2,38579.9,15860.7,24262.7,37664.8,5003.5,10641.0,58804.4,50355.6,42050.0,18165.4,6424.3,15483.5,48367.0,13351.4,14124.7,24542.8,17553.4,20109.2,56937.4,30258.0,28472.0,12450.5,12393.6,22160.3,40714.9,14537.5,875.8,41463.9,27747.5,24123.9,17711.0,57828.9,22915.1,40559.3,6692.7,26926.7,57362.9,39744.7,20654.1,19970.5,23349.5,23256.5,74398.2,20697.9,5072.6,15608.1,10616.1,17525.0,63097.2,16433.4,17293.7,13286.9,20286.4,41812.4,18389.9,17548.2,20380.2,22173.5,10417.5,22150.1,31111.6,21934.7,23555.9,17833.4,9183.0,9419.5,28589.7,61393.7,30753.3,16888.6,5145.6,21876.3,66144.9,23452.4,1518.1,1492.0,10645.3,20543.1,801.7,20162.4,42968.6,21939.8,6732.5,19680.5,21892.4,15835.2,13572.3,17998.0,20865.5,16808.9,11675.7,47647.6,17472.9,40524.3,16990.3,30234.4,21017.8,17258.9,21732.1,16365.4,16186.2,13494.2,28306.2,17495.9,20345.3,25694.1,70152.4,10023.9,17346.4,22423.9,14294.0,30240.7,24026.8,22201.3,26557.9,21005.7,16302.6,23253.4,23672.3,20297.5,27425.7,20773.2,21698.1,26980.2,45557.9,17296.2,33865.1,22418.8,24911.8,25767.8,12321.3,12142.0,14210.4,15406.7,22674.3,22193.3,0.0,26267.9,44659.7,1158.2,23313.9,22548.4,56060.2
70535012,35404.4,15503.5,6928.7,7666.4,5030.5,7114.1,13890.9,20702.4,17905.8,14056.5,29689.1,29691.6,40396.0,21510.9,21143.2,9151.0,20911.3,26639.8,8766.1,20991.0,22847.5,11110.6,10503.9,9557.6,6326.6,31085.4,23193.8,20768.5,4488.9,14500.4,21439.0,29727.4,35248.5,33802.1,18885.6,16648.2,23809.1,21458.8,24812.2,22662.9,17924.5,4873.0,16036.3,18455.8,47043.0,26779.1,24993.1,18217.6,23680.6,20989.2,17550.5,40853.0,27191.4,17909.1,36298.9,20366.0,14904.0,40545.4,10498.1,17394.9,20009.9,14014.5,47468.5,16580.3,8689.6,12021.0,13498.3,6698.6,57156.3,6823.1,21508.2,14091.8,29702.6,13367.5,38545.1,19603.3,10289.9,15198.4,29013.2,18648.0,37476.3,13041.7,21009.0,12079.9,21786.3,6460.4,21273.1,11943.7,6221.2,19551.0,17881.0,17616.9,15677.5,37838.8,11925.0,12731.2,21274.9,48191.8,48903.0,21935.3,27833.7,27807.5,23987.5,18704.0,27117.3,8198.0,20540.5,20768.7,20049.8,20309.3,6371.3,14318.9,24859.2,12826.9,9032.4,21977.7,22962.7,24092.7,12641.1,20960.1,11248.2,20340.0,27692.0,10660.2,20561.0,21534.2,12028.7,14990.3,21194.1,9654.6,7155.9,28501.8,60258.0,24357.4,36432.8,8273.0,21223.7,20346.3,24655.6,5199.8,2672.3,12005.3,15315.1,6695.5,6185.3,6458.7,36152.5,10011.1,7547.2,29787.8,22003.0,23153.1,12043.9,8267.9,21882.2,26264.6,18088.4,16396.5,25497.4,11473.6,31401.1,12325.5,26540.5,0.0,21495.3,26363.6,3683.0,6272.6,32505.4
70544149,26061.1,34120.7,25326.4,26064.1,23428.2,25511.8,32508.1,39319.6,36523.0,9304.6,47962.3,47964.8,19792.1,18071.6,39414.4,27768.2,39528.5,44912.9,15356.9,39608.2,41464.7,29727.8,29266.0,28010.0,24943.8,10481.5,8221.0,39385.7,21819.5,9779.1,40905.2,41731.4,14644.6,12802.8,4026.5,35265.4,39762.1,40075.9,12389.8,41280.1,35641.8,23270.6,34653.5,37072.9,29422.1,45052.2,43266.3,36320.3,42297.8,39260.4,4382.0,57625.0,45629.5,12062.4,54916.0,38156.0,27071.1,19941.5,28895.7,5064.6,38092.6,20605.3,29847.6,5999.8,27087.3,25424.6,31787.5,23104.4,36552.4,25440.3,40974.3,32709.0,41706.6,31984.7,18937.5,38220.5,28907.1,32451.4,47630.4,3457.6,49480.3,28121.5,39626.2,23391.6,37903.4,25077.6,18213.1,23337.8,22626.9,38168.1,35963.6,35699.6,22268.4,19677.9,15921.6,31348.4,41047.2,66629.9,28299.1,40552.5,46271.8,46245.7,42604.6,37101.7,45555.4,26595.6,4527.5,39039.9,38132.4,38926.5,24988.5,32936.1,43476.4,31224.6,27430.0,40594.9,41579.8,13082.2,27720.9,6145.9,29865.4,18335.3,46309.2,29086.9,38832.1,40151.4,30645.9,33607.4,39467.3,28283.8,25773.1,47118.9,30814.6,42974.6,48436.8,26670.6,39840.9,18341.6,43272.8,23817.0,19279.9,24622.3,27482.3,23101.3,22591.0,25075.9,54769.7,25475.1,25944.9,48405.0,7181.5,41770.3,12617.6,26665.6,40155.3,44881.7,36191.1,34479.1,44114.5,30090.8,50018.3,24329.5,44978.7,22267.6,0.0,44801.7,21585.4,24670.2,12063.4
70548634,45457.9,17178.9,22019.5,21686.7,24134.7,21943.2,13081.7,14605.5,17947.4,37380.1,29410.7,29413.2,57838.7,31129.2,22473.4,18782.4,14285.4,30277.8,30182.9,14666.2,11117.2,16045.4,18340.7,18123.5,23062.5,53341.3,38739.1,14932.6,24421.8,37823.9,5162.6,10800.1,58963.5,50514.7,42209.2,19289.1,6583.4,14555.3,48526.2,12423.3,14283.8,24702.0,17712.6,19181.1,57096.6,30417.1,28631.1,15323.3,11465.5,22319.4,40874.0,14628.4,1070.0,41623.1,26819.4,24283.0,17870.1,57988.1,23074.2,40718.4,6851.8,27085.8,57522.1,39903.8,20813.2,20129.7,23508.6,23415.6,74557.3,20857.1,5231.8,15767.2,10775.2,17684.1,63256.4,15505.2,17452.8,13446.0,19358.3,41971.5,18549.0,17707.4,19452.0,22332.7,10576.6,22309.2,31270.7,22093.8,23715.0,16905.2,9342.1,9578.7,28748.8,61552.8,30912.4,17047.8,5304.7,21967.2,66304.0,23611.5,1712.2,1686.1,9717.2,20702.2,995.8,20321.6,43127.8,22098.9,6891.7,18752.3,22051.5,15994.4,12644.1,18157.1,21024.6,15880.8,10747.5,47806.8,17632.1,40683.4,17149.5,30393.5,20089.6,17418.0,21891.2,15437.3,16345.3,13653.3,28465.4,17655.0,20504.5,24765.9,70311.5,9095.8,17505.5,22583.0,13365.8,30399.8,23098.7,22360.4,26717.1,21164.8,16461.7,23412.5,23831.4,20456.6,26497.6,20932.3,21857.2,26052.0,45717.0,16368.1,34024.2,22578.0,25071.0,24839.6,12480.4,12301.2,13282.3,15565.8,21746.1,22352.4,1006.7,26427.0,44818.8,0.0,23473.0,22707.6,56219.4
70574708,33446.5,12059.6,4225.1,4962.8,2896.3,4410.6,12923.9,19735.3,16938.8,13964.1,30911.3,30913.7,40303.6,19117.7,19356.6,8183.9,19944.3,27861.9,8647.4,20024.0,21880.5,10143.6,7800.3,7779.5,4548.5,30993.0,23101.3,19801.5,2710.8,14407.9,20472.0,27949.3,35156.1,33709.7,18793.2,15681.2,22842.0,20491.7,24719.7,21695.8,16957.5,2274.6,15069.2,17488.7,45085.1,28001.2,26215.2,17250.5,22713.5,19202.6,17458.0,39886.0,26224.3,17816.6,35331.8,18579.4,13125.8,40453.0,8363.9,17302.4,19042.9,13895.8,45510.6,16487.8,5986.0,10242.9,11364.0,4920.5,57063.9,5045.0,20541.1,13124.7,27924.4,9315.6,38452.6,18636.2,9322.9,14231.3,28046.2,18555.5,35698.2,12074.6,20042.0,10301.8,20819.2,4514.9,19259.2,10165.6,4443.1,18583.9,16913.9,16649.9,15558.8,37746.4,11806.3,11764.1,20307.8,47224.7,48810.6,20968.2,26866.6,26840.5,23020.4,16917.4,26150.2,5494.4,20448.1,18982.1,19082.7,19342.2,4593.2,13351.9,23892.2,10692.7,6328.8,21010.6,21995.6,24000.3,11674.1,20867.7,10281.2,18382.1,26724.9,9118.2,18774.4,20567.1,11061.7,14023.2,22416.3,8674.6,5581.9,27534.7,58300.1,23390.4,34654.7,5569.4,20256.6,18388.4,23688.6,3421.7,3160.0,10227.1,13537.0,4917.4,4407.2,4680.6,35185.5,8233.0,4843.6,28820.8,21910.6,22186.1,11951.5,5564.4,23104.3,25297.5,17121.4,15429.4,24530.3,10506.5,30434.1,10547.4,25573.5,2978.8,21402.8,25396.5,0.0,3569.0,32412.9
70584255,33705.4,6434.0,1006.1,2127.8,2474.5,1191.5,10088.9,16900.3,14103.8,17857.2,28480.8,28483.3,46086.2,20683.9,16926.1,5348.9,17109.3,25431.4,12171.4,17189.0,19045.5,7308.6,4965.3,6935.8,2497.3,34886.1,26986.5,16966.5,5835.5,18301.0,17637.0,23315.2,39049.1,38762.2,22686.3,12846.2,20007.0,17656.7,28612.8,18860.8,14122.5,3041.8,12234.2,14653.7,45344.0,25570.7,23784.8,14415.5,19878.5,16772.1,21351.1,37051.0,23389.3,21709.7,33570.4,16148.9,10662.0,46235.5,6814.5,21195.5,16207.9,15213.6,45769.5,20380.9,3151.0,9845.6,9251.3,6407.0,62804.8,2913.0,17706.1,10289.7,23290.3,5977.7,42345.7,15801.2,6487.9,11396.3,26284.8,22448.6,31064.0,9239.6,17207.0,10550.3,17984.3,1295.8,20825.3,10414.2,6706.4,15748.9,14078.9,13814.9,16876.7,41639.5,15330.3,8929.1,17472.8,44389.8,54551.5,19206.9,24031.6,24005.5,20185.4,14486.9,23315.2,2659.4,24341.2,16551.6,16247.7,16507.2,2541.9,10516.9,21057.2,5504.7,2389.2,18175.6,19160.6,27893.4,8839.1,24760.7,7446.2,19948.2,24963.6,6283.2,16343.9,17732.1,8226.7,11188.2,19985.8,5839.6,2402.1,25773.3,58559.0,20555.4,30020.6,1456.2,17421.6,19954.5,20853.6,3774.1,6803.2,9829.9,11073.1,6403.9,6822.8,3184.9,33424.1,7835.8,861.5,27059.4,25803.7,19351.1,15844.6,1451.2,20673.8,23536.1,14286.4,12594.4,21695.3,7671.5,28672.7,11405.9,22738.5,5640.2,25295.9,22561.5,4721.7,0.0,36306.0
70587572,38791.0,45098.8,36304.5,37042.2,34406.3,36489.9,43486.3,50297.7,47501.2,20864.7,58940.4,58942.9,30191.8,34222.1,50392.5,38746.3,50506.7,55891.1,27494.5,50586.4,52442.8,40705.9,40244.2,39930.0,35922.0,18841.6,20190.0,50363.9,32797.7,24788.7,53042.7,53869.0,12481.8,21162.9,16812.6,46243.6,51899.7,51054.1,9991.5,52258.2,47519.9,34248.8,45631.6,48051.1,40514.9,56030.4,54244.4,47812.9,53275.9,50238.5,20062.8,69762.6,57767.1,15778.0,65894.2,49134.1,39208.7,30341.2,39873.9,20745.4,49605.3,32742.9,40940.4,19403.8,38065.4,39404.9,42765.6,34082.5,29725.0,36418.5,53111.9,43687.1,53844.1,42962.9,7972.0,49198.6,39885.2,44793.7,58608.6,20404.0,61617.9,41880.8,50604.3,35529.1,51381.6,36055.7,33984.3,35475.4,33605.1,49146.3,47476.3,47212.2,34405.9,7265.8,28059.2,42326.5,50870.2,78767.5,25131.5,51530.6,58409.4,58383.3,53582.8,48079.8,57693.0,37573.8,18163.5,50018.0,49645.1,49904.6,35966.6,43914.3,54454.5,42202.7,38408.2,51573.0,52558.0,10683.9,41480.2,18114.8,40843.5,35156.3,57287.3,40255.5,49810.3,51129.5,41624.0,44585.6,50445.5,40203.8,36751.2,58097.1,35568.8,53952.7,60574.4,37648.8,50819.0,35162.6,54251.0,34795.1,30258.1,36759.9,39619.9,34079.4,33569.2,36054.0,65747.9,37395.1,36923.0,59383.2,15613.8,52748.4,24755.1,37643.8,51133.5,55859.9,47683.7,45991.8,55092.7,41068.9,60996.4,36467.1,57116.2,33245.8,13325.5,56939.3,32563.6,35648.4,0.0
