,Depot,70017437,70017459,70017470,70017496,70017505,70017539,70017600,70018486,70019302,70019304,70019305,70019306,70019307,70019313,70019315,70019322,70019327,70019328,70019375,70019381,70019384,70019391,70019392,70019395,70019399,70019407,70019410,70019414,70019420,70019425,70019426,70019429,70019455,70019459,70019470,70019475,70019476,70019480,70019482,70019495,70019508,70019519,70019525,70019527,70019529,70019539,70019549,70019554,70019576,70029285,70029798,70030492,70030496,70030499,70030840,70031292,70033204,70033231,70034005,70042197,70042874,70043035,70043250,70043420,70081032,70081671,70082414,70083097,70083842,70084418,70084927,70084983,70126798,70130197,70130674,70130675,70132480,70132663,70132664,70132665,70133553,70133556,70137842,70138438,70152945,70155195,70155196,70155782,70157031,70224396,70224398,70225154,70225158,70238808,70238985,70246377,70248476,70248511,70286191,70286419,70288587,70337217,70337656,70337705,70343296,70343297,70343299,70347238,70351585,70351598,70361410,70362005,70362055,70373907,70374983,70375866,70382544,70382797,70390789,70390799,70391025,70391033,70395155,70396487,70396492,70398370,70398392,70398393,70400253,70401488,70405783,70405785,70408272,70408277,70408280,70412170,70419671,70422303,70423734,70423736,70428043,70430210,70430246,70433907,70435202,70450886,70464173,70464520,70464553,70465560,70484079,70490239,70490240,70494781,70494784,70494785,70494786,70494788,70494791,70521396,70521405,70525152,70535012,70544149,70548634,70574708,70584255,70587572
Depot,0.0,60.080850000000005,47.83560000000001,51.04545000000001,50.6958,48.453450000000004,58.48275,68.69985000000001,64.5051,45.3483,89.6991,89.70285000000001,36.837300000000006,24.097050000000003,72.36705,51.37275,69.01335,85.125,40.611000000000004,69.1329,73.24395000000001,54.31215,53.619600000000005,49.7565,47.13045,31.307100000000005,26.7924,68.79915,48.21060000000001,38.83515,61.0854,62.324850000000005,39.7404,27.0672,42.58995,62.61870000000001,59.3709,73.04685,63.8703,72.96705,60.739650000000005,51.546600000000005,61.700700000000005,65.32995000000001,23.87445,85.33395000000002,82.6551,61.757400000000004,74.49345000000001,72.13605,38.77185000000001,86.16525,68.172,53.51565,92.09460000000001,71.20125,44.36325,37.0614,57.19965,39.795750000000005,63.619350000000004,32.3325,24.5127,49.13385,52.58025,41.3784,60.854850000000006,43.779300000000006,55.635450000000006,47.88105,61.18920000000001,58.783950000000004,62.2875,57.69765,46.179750000000006,67.05120000000001,53.081100000000006,55.95405,81.1662,41.7366,73.94820000000001,49.45920000000001,69.15975,36.1848,67.48215,47.331,24.309300000000004,35.826600000000006,44.2284,66.97275,61.222350000000006,60.826350000000005,34.827000000000005,47.2905,36.9579,56.74305,61.29855,99.6726,49.535250000000005,70.54920000000001,69.13545,69.0963,74.9538,68.70825,68.06085,51.842850000000006,42.1938,71.8053,63.67905,68.1102,47.19735000000001,59.124750000000006,76.2615,59.8935,53.09445000000001,70.6128,73.4166,62.79120000000001,48.85830000000001,29.708850000000005,54.51855,24.4926,79.18425,50.33025,71.49375,69.94754999999999,55.689299999999996,57.376799999999996,76.95660000000001,50.16720000000001,48.380100000000006,80.39895000000001,43.6968,75.5088,72.38295000000001,51.95535,70.80825,24.502050000000004,74.6298,45.950250000000004,49.07985000000001,41.354850000000006,45.60960000000001,43.77465,44.403000000000006,47.334300000000006,91.87515,45.95415,50.86665,82.3281,59.65665,72.3759,39.56955000000001,51.94785,77.9886,77.04315,61.56360000000001,58.9956,77.21865,54.85665,84.7479,36.222,67.1958,52.050000000000004,38.751000000000005,66.9303,47.61915,48.6918,57.7053
70017437,60.36600000000001,0.0,14.91375,14.4147,18.086550000000003,14.799300000000002,7.40655,13.273650000000002,7.5013499999999995,38.5404,28.954800000000002,28.958550000000002,78.93705,38.87295,12.67425,9.4713,13.587000000000002,24.380850000000002,28.0212,13.706550000000002,16.491300000000003,7.203900000000001,5.5134,14.5731,16.47825,64.08375000000001,50.28765,13.372800000000002,18.51735,39.206100000000006,18.7287,27.245850000000004,70.32825,67.95120000000001,45.78405,5.61495,22.2837,14.40825,54.6738,16.2144,9.1068,18.9375,5.86365,8.3262,77.82390000000001,24.589800000000004,21.910800000000002,12.4002,17.74095,12.44325,43.78125,47.8497,27.35715,44.31915,35.9268,15.388650000000002,19.1046,79.16115,7.9879500000000005,43.547850000000004,16.585050000000003,32.6439,78.46215000000001,42.32595,8.417250000000001,21.696,9.18375,19.41645,104.0151,13.170150000000001,18.83235,2.8689,27.20865,2.66055,75.27315,11.625,7.60185,9.1221,24.9984,45.4275,38.8692,14.43675,13.733550000000001,25.64895,16.9905,15.34845,39.0852,25.44465,19.865550000000002,11.54655,13.391550000000002,12.995550000000001,35.1384,74.21385000000001,32.759550000000004,3.7371000000000003,18.482400000000002,58.85775,91.63515000000001,14.381400000000001,28.320600000000002,28.28145,18.201300000000003,8.107050000000001,27.246000000000002,12.366900000000001,48.2664,12.1125,16.644750000000002,12.684000000000001,14.96175,3.8748,19.50885,2.8956000000000004,8.4453,15.1866,16.6641,53.59470000000001,13.836,48.89565,7.608750000000001,37.7694,23.01645,11.6895,11.80095,14.52135,4.57995,9.0555,20.1741,12.534,12.641250000000001,24.231150000000003,97.6464,18.75615,37.304100000000005,8.67,14.0556,37.778850000000006,19.20345,15.42525,21.960150000000002,20.4927,19.72125,19.411800000000003,20.04015,12.569550000000001,35.707350000000005,18.7863,14.670300000000003,26.160300000000003,50.46,16.9497,33.7533,8.6625,16.570500000000003,20.87535,12.594000000000001,11.1648,20.466150000000003,7.5441,28.580100000000005,26.017350000000004,26.380950000000002,21.525000000000002,49.69845000000001,26.11545,17.094150000000003,15.945900000000002,66.2136
70017459,49.317750000000004,10.27605,0.0,2.9893500000000004,4.534350000000001,0.7878000000000002,14.931000000000001,25.148100000000003,20.95335,26.841300000000004,43.5417,43.545300000000005,67.8888,27.132,26.20965,7.821000000000001,25.461600000000004,38.967600000000004,16.32225,25.58115,28.365750000000002,10.7604,7.2456,10.20135,2.1951,52.38465,39.2394,25.2474,6.818250000000001,27.507,26.253149999999998,34.770300000000006,58.6293,56.902950000000004,34.08495,19.06695,29.80815,26.282700000000002,42.9747,28.088850000000004,20.9814,5.38515,18.14895,21.778200000000002,66.77565,39.176550000000006,36.497550000000004,21.420900000000003,29.6154,25.97865,32.08215,55.37415,34.881600000000006,32.620050000000006,48.54285000000001,25.043850000000003,15.790500000000002,68.1129,11.042250000000001,31.848750000000003,24.1095,21.580050000000004,67.4139,30.626850000000005,4.524150000000001,12.833550000000002,14.69745,7.6755,92.96685000000001,3.2442000000000006,26.356800000000003,15.2322,34.73310000000001,9.51855,63.57405,23.49945,9.52935,16.8921,37.61445,33.7284,46.39365,13.657050000000002,25.608,14.5851,26.77395,0.5907,27.344250000000002,14.380800000000002,8.12475,23.421000000000003,20.916,20.51985,24.074550000000002,62.51475000000001,21.0606,13.191300000000002,26.006850000000004,66.38220000000001,80.5869,26.99745,35.84505,35.8059,30.075750000000003,22.55085,34.770450000000004,3.78675,36.5673,25.6479,24.1692,24.55845,2.26215,15.573,31.383300000000002,8.8821,4.20885,27.06105,28.538550000000004,41.8956,13.056300000000002,42.15585000000001,10.966800000000001,26.028600000000004,35.6325,9.22245,25.336350000000003,26.3958,12.137550000000001,16.57995,30.7992,8.55705,3.4530000000000003,36.8472,86.598,30.630600000000005,44.8284,2.8095000000000003,25.93005,26.038050000000002,31.078050000000005,3.72615,10.261050000000001,12.80985,16.407300000000003,7.671,8.2992,2.90655,48.3234,9.818700000000002,1.9173000000000002,38.77635000000001,38.761050000000004,28.82415,22.05435,2.802,31.8312,33.4914,21.2271,18.68925,32.3406,11.304900000000002,41.19615,15.868500000000001,33.90525,9.282900000000001,37.999500000000005,33.6399,5.39505,2.5302000000000002,54.514500000000005
70017470,51.2664,9.569700000000001,2.3538,0.0,4.42005,2.28405,13.246800000000002,23.464050000000004,19.269150000000003,27.49395,43.42935000000001,43.4331,69.83745,31.734,23.606250000000003,6.136950000000001,23.777400000000004,38.8554,18.965400000000002,23.89695,26.6817,9.07635,5.5614,8.51715,4.590450000000001,53.0373,41.188050000000004,23.563200000000002,9.461400000000001,28.15965,24.56895,33.08625,59.28195000000001,58.85145000000001,34.73760000000001,17.38275,28.124100000000002,24.5985,43.627500000000005,26.4048,19.2972,5.27085,16.4649,20.094,68.7243,39.064350000000005,36.38535,19.73685,27.931350000000005,23.37525,32.7348,53.68995000000001,33.19755,33.2727,46.85865,24.9315,14.106449999999999,70.06155,10.929900000000002,32.5014,22.425300000000004,23.5287,69.36255,31.279500000000002,2.8401000000000005,15.4767,14.5851,10.318650000000002,94.91535,4.1661,24.672600000000003,13.548150000000001,33.048899999999996,7.83435,64.22670000000001,21.8154,7.8453,15.207900000000002,35.93025,34.38105,44.709450000000004,11.973,23.92395,16.53375,25.0899,2.7883500000000003,31.946250000000003,16.32945,10.767900000000001,21.73695,19.231800000000003,18.835800000000003,26.0232,63.1674,23.703750000000003,11.50725,24.3228,64.69815,82.5354,25.313399999999998,34.16085,34.121700000000004,28.3917,22.438650000000003,33.08625,2.1025500000000004,37.219950000000004,23.044500000000003,22.48515,22.8744,4.657500000000001,13.888800000000002,29.699250000000003,8.17575,2.9808000000000003,25.377000000000002,26.854350000000004,42.54825,11.3721,37.84935,9.28275,30.63045,33.94845,7.538250000000001,22.7328,24.711750000000002,10.4535,14.895750000000001,30.686850000000003,6.87285,3.39975,35.163000000000004,88.54665,28.946550000000002,43.14435,1.8417000000000001,24.246000000000002,30.6399,29.393850000000004,6.3693,10.9131,15.453000000000001,14.72325,10.314150000000001,10.94235,5.31195,46.6392,11.380650000000001,0.753,37.09215,39.4137,27.140100000000004,24.475050000000003,1.8342,31.719,31.8072,19.54305,17.00505,30.656399999999998,9.62085,39.512100000000004,17.817,32.2212,9.1686,38.65215,31.955850000000005,7.790700000000001,2.27925,55.16715
70017496,51.87225,14.42265,4.6537500000000005,5.7603,0.0,4.932,17.70195,27.919050000000002,20.0772,23.793300000000002,38.0859,38.08965,70.44345000000001,32.34,24.846600000000002,10.59195,28.232550000000003,33.51195,15.81825,28.352100000000004,31.136850000000003,13.531500000000001,10.01655,12.972300000000002,8.12355,49.33665,41.794050000000006,28.018350000000005,7.169400000000001,24.459,29.024100000000004,37.541250000000005,55.5813,59.45745000000001,31.03695,18.190800000000003,32.579100000000004,29.05365,39.926700000000004,30.859800000000003,23.75235,1.5702,20.919900000000002,20.902050000000003,69.3303,33.7209,31.0419,24.191850000000002,32.38635000000001,24.615750000000002,29.03415,58.145100000000006,37.652550000000005,29.572050000000004,49.81320000000001,23.6808,18.561600000000002,70.66755,8.878950000000001,28.80075,26.88045,24.1347,69.96855,27.578850000000003,7.2951,16.0827,13.37925,10.48395,95.52135000000001,7.4553,29.127750000000002,18.00315,37.50405000000001,13.081650000000002,60.52605,26.2704,12.30045,19.663050000000002,38.88465,30.6804,49.16460000000001,16.428,28.379100000000005,17.13975,29.5449,5.088450000000001,32.55225,16.93545,9.767700000000001,26.191950000000002,23.68695,23.29095,26.6292,59.466750000000005,20.5566,14.646150000000002,28.777800000000003,69.15315,83.1414,28.2678,38.616,38.57685000000001,32.8467,21.18795,37.5414,6.5577000000000005,33.5193,24.285,26.94015,27.3294,8.1906,18.34395,34.1544,12.372150000000001,7.8093,29.832,31.309500000000003,38.84760000000001,15.827250000000001,34.14855,13.737900000000002,31.23645,36.90285,11.993400000000001,23.973300000000002,29.16675,14.908650000000002,19.350900000000003,25.343550000000004,11.328000000000001,6.688950000000001,38.11755,89.15265000000001,33.4017,47.599500000000006,6.6702,28.701,31.2459,33.849000000000004,6.9753,7.2123,16.059,19.178250000000002,10.4793,9.714,7.863150000000001,49.5936,13.06785,5.5815,40.0467,35.71305,31.59525,20.7744,6.662700000000001,26.375550000000004,34.76175,23.9982,21.4602,35.11155,14.07585,42.4665,18.423000000000002,36.676350000000006,5.467950000000001,34.951350000000005,36.41085,4.09005,3.6696000000000004,51.4665
70017505,48.98415,10.400400000000001,0.28395000000000004,3.1137000000000006,4.84185,0.0,15.05535,25.27245,21.0777,27.16695,43.8492,43.85295,67.55520000000001,29.45175,25.414649999999998,7.9453499999999995,25.58595,39.27525,16.6479,25.7055,28.490100000000005,10.88475,7.369950000000001,10.325700000000001,2.52075,52.7103,38.905800000000006,25.371750000000002,7.143900000000001,27.83265,26.3775,34.89465,58.95495000000001,56.56935000000001,34.4106,19.191300000000002,29.9325,26.40705,43.30035,28.2132,21.10575,5.6928,18.273300000000003,21.90255,66.44205,39.4842,36.8052,21.545250000000003,29.73975,25.18365,32.4078,55.4985,35.00595,32.9457,48.6672,25.351350000000004,15.91485,67.7793,11.349900000000002,32.1744,24.23385,21.24645,67.0803,30.9525,4.6485,13.159050000000002,15.0051,8.00115,92.63325,2.9106000000000005,26.48115,15.356550000000002,34.85745,9.642900000000001,63.89970000000001,23.623800000000003,9.6537,17.01645,37.738800000000005,34.054050000000004,46.518,13.781400000000001,25.732350000000004,14.2515,26.898300000000003,0.7186500000000001,29.664,14.0472,8.45025,23.54535,21.04035,20.6442,23.74095,62.8404,21.38625,13.315650000000002,26.1312,66.50655,80.2533,27.121800000000004,35.9694,35.93025,30.200100000000003,22.858500000000003,34.894800000000004,3.9111000000000002,36.89295,24.852899999999998,24.293550000000003,24.682800000000004,2.5878,15.69735,31.507649999999998,9.006450000000001,4.333200000000001,27.185399999999998,28.6629,42.221250000000005,13.180650000000002,41.822250000000004,11.09115,28.348200000000002,35.75685000000001,9.3468,24.54135,26.52015,12.2619,16.704300000000003,31.106850000000005,8.681400000000002,2.9632500000000004,36.97155,86.26455,30.75495,44.95275,2.9338500000000005,26.054399999999998,28.35765,31.2024,4.0518,10.5867,13.1355,16.531650000000003,7.9965,8.62485,2.57295,48.44775,10.14435,2.04165,38.9007,39.0867,28.948500000000003,22.380000000000003,2.9263500000000002,32.138850000000005,33.61575,21.35145,18.8136,32.46495,11.429250000000001,41.3205,15.534900000000002,34.0296,9.5904,38.325,33.764250000000004,5.720700000000001,2.8378500000000004,54.84015
70017539,59.709900000000005,6.9967500000000005,14.257650000000002,13.75845,17.43045,14.1432,0.0,14.796300000000002,10.60155,37.88415,31.219050000000003,31.222800000000003,78.28095,38.2167,14.938500000000001,8.8152,15.109800000000002,26.645100000000003,27.365100000000005,15.22935,18.0141,7.0116,8.739450000000001,11.5176,15.82215,63.4275,49.63155,14.8956,17.8611,38.549850000000006,13.2501,21.76725,69.67215,67.29495000000001,45.1278,8.715150000000001,16.8051,15.930900000000001,54.017700000000005,17.737050000000004,7.407,18.2814,7.797150000000001,11.426400000000001,77.1678,26.85405,24.175050000000002,8.41785,19.2636,14.707500000000001,43.125,42.371100000000006,21.87855,43.6629,38.191050000000004,17.652900000000002,16.0491,78.50505,15.8397,42.891600000000004,11.10645,31.987800000000004,77.80605,41.6697,12.4482,18.6405,16.491300000000003,18.7602,103.35900000000001,12.514050000000001,13.353750000000002,4.879200000000001,21.730050000000002,7.75455,74.6169,13.14765,7.4075999999999995,4.0674,27.26265,44.77125,33.390600000000006,11.381250000000001,15.2562,24.992850000000004,13.770900000000001,14.6922,38.42895,24.78855,19.209300000000002,13.0692,7.91295,7.5169500000000005,34.4823,73.55760000000001,32.10345,6.8001,13.003800000000002,53.37915,90.9789,16.64565,22.842000000000002,22.80285,19.72395,12.2817,21.767400000000002,11.7108,47.61015,14.376750000000001,11.166150000000002,14.206650000000002,14.305650000000002,5.21985,21.031650000000003,8.46405,12.765300000000002,16.70925,18.18675,52.93845000000001,10.78035,48.23955,6.952500000000001,37.11315,25.2807,11.03325,14.065199999999999,16.044,5.7463500000000005,3.5769,23.92635,11.87775,11.985000000000001,26.4954,96.99015,20.278950000000002,31.8255,15.102900000000002,15.57825,37.122600000000006,20.72625,14.769,21.303900000000002,17.437050000000003,16.66575,18.755550000000003,19.3839,11.9133,37.9716,15.730800000000002,14.014199999999999,28.424550000000004,49.8039,18.4725,33.0972,15.095400000000001,18.8349,23.1396,8.224200000000002,5.6862,21.9888,4.5075,30.8445,25.361250000000002,20.902350000000002,20.8689,49.042350000000006,20.63685,16.437900000000003,15.289800000000001,65.55735
70017600,69.80565,13.751550000000002,24.3534,23.85435,27.526350000000004,24.2391,12.76575,0.0,5.5509,47.980050000000006,23.2401,23.2437,88.37685,48.3126,15.590250000000001,18.9111,1.3926,24.837,37.461000000000006,1.51215,6.85755,17.10735,18.835350000000002,20.4009,25.9179,73.5234,59.7273,1.1784000000000001,27.957,48.64575,14.87625,23.4084,79.76805,77.39085,55.22370000000001,7.5634500000000005,18.431250000000002,2.2137000000000002,64.11345000000001,8.81655,7.893900000000001,28.37715,8.20425,7.4014500000000005,87.26355,25.59825,23.091900000000003,5.82645,4.96785,15.359250000000001,53.2209,46.476600000000005,23.50485,53.7588,19.353150000000003,18.304650000000002,24.93225,88.6008,18.301050000000004,52.987500000000004,12.7326,42.08355,87.9018,51.765600000000006,22.5441,27.5238,17.14275,28.856100000000005,113.45475,22.609800000000003,14.9799,12.0576,23.371050000000004,17.85045,84.7128,6.0993,17.503500000000003,13.38465,8.16135,54.86715,35.03175,20.264550000000003,7.8078,35.08860000000001,8.841750000000001,24.788100000000004,48.52485000000001,34.88445,29.3052,3.9876000000000005,12.94545,13.30035,44.5782,83.65350000000001,42.199200000000005,16.89585,14.6301,57.4848,101.0748,16.101750000000003,24.46815,24.429000000000002,10.749,12.933449999999999,23.39355,21.80655,57.70605,15.028500000000001,12.792300000000003,6.75825,24.401400000000002,11.726400000000002,7.4508,18.559800000000003,22.8612,1.9129500000000002,9.21165,63.03435,19.66365,58.3353,17.0484,47.209050000000005,9.258450000000002,19.342650000000003,14.716949999999999,1.2477,15.8421,13.623300000000002,19.9299,19.698150000000002,22.080900000000003,16.2729,107.08605,11.30385,33.4665,25.19865,3.9885,47.218500000000006,13.2777,24.8649,31.399800000000003,26.320350000000005,25.54905,28.85145,29.479800000000004,22.0092,18.870300000000004,24.614100000000004,24.1101,18.202050000000003,59.8998,3.67605,43.19295,25.19115,19.48665,15.8892,6.0201,12.97095,8.4081,17.447550000000003,11.743200000000002,35.45715,22.5285,30.96465,59.13810000000001,23.92935,26.533800000000003,25.385550000000002,75.65325
70018486,66.1731,8.5629,20.720850000000002,20.2218,21.05445,20.6064,11.30085,5.1519,0.0,44.347500000000004,26.97495,26.9787,84.74415,44.68005,10.694400000000002,15.278400000000001,5.4654,22.401,33.828300000000006,5.584950000000001,10.5492,13.474800000000002,15.202650000000002,18.936,22.28535,69.89085,56.094750000000005,5.251200000000001,24.32445,45.013200000000005,17.082900000000002,25.615050000000004,76.13535,73.7583,51.59115,2.6676,20.638050000000003,6.2865,60.4809,10.2723,6.429,24.744600000000002,3.3084000000000002,2.5056000000000003,83.631,22.60995,19.93095,6.4581,11.79885,10.463400000000002,49.588350000000005,46.2039,25.7115,50.126250000000006,24.505050000000004,13.408800000000001,23.46735,84.96825000000001,13.405199999999999,49.35495000000001,14.939250000000001,38.451,84.26925,48.133050000000004,18.9114,26.058899999999998,12.246900000000002,25.223399999999998,109.82220000000001,18.97725,17.18655,8.4267,25.5777,14.21775,81.08025,5.6829,13.870800000000003,11.91975,13.31325,51.23460000000001,37.2384,18.799650000000003,8.725200000000001,31.45605,11.0484,21.15555,44.89215,31.25175,25.67265,4.905,13.732800000000001,13.33665,40.9455,80.02095000000001,38.56665,13.263300000000001,16.836750000000002,57.21210000000001,97.44225,12.401550000000002,26.6748,26.63565,12.259200000000002,8.0376,25.6002,18.174,54.0735,10.132650000000002,14.9991,7.6755,20.76885,8.09385,13.56675,13.684800000000003,19.2285,7.06485,10.72185,59.4018,18.19875,54.70275,13.41585,43.5765,18.9477,17.877750000000002,9.8211,6.3995999999999995,12.20955,12.158400000000002,19.68225,18.23325,18.44835,20.16225,103.4535,12.814050000000002,35.67315,21.566100000000002,8.1135,43.585950000000004,14.1951,21.23235,27.76725,24.85545,24.08415,25.218899999999998,25.847250000000003,18.3765,24.0222,23.1492,20.477400000000003,22.0914,56.267100000000006,8.827950000000001,39.5604,21.558600000000002,14.590650000000002,16.806449999999998,6.651900000000001,11.50605,14.524050000000003,13.815000000000001,16.8951,31.824450000000002,24.73515,27.332100000000004,55.50555,25.439700000000002,22.9011,21.753,72.0207
70019302,44.99625,39.601800000000004,26.410350000000005,27.5169,23.563200000000002,26.68845,37.18305,47.400150000000004,43.2054,0.0,60.36435000000001,60.36795000000001,41.592150000000004,21.51345,47.542350000000006,30.073050000000002,47.71365,55.79025,11.45625,47.833200000000005,50.617799999999995,33.012600000000006,32.3199,30.4359,25.836600000000004,27.626250000000002,18.6369,47.49945,21.15015,7.282500000000001,49.778549999999996,51.018,33.87075,31.108050000000002,9.326550000000001,41.319,48.06405,48.53475,20.368050000000004,50.3409,41.88345,23.326800000000002,40.401,44.03025,62.45415,55.99920000000001,53.32020000000001,42.9012,51.867450000000005,47.311350000000004,7.32375,74.8584,56.86515,10.02435,70.7949,45.65475,29.02755,41.816250000000004,31.76445,7.09035,45.55965,19.32885,63.092400000000005,5.86845,29.0517,26.55765,36.10215,23.07735,66.7326,26.581350000000004,49.882200000000005,37.48425,50.980650000000004,36.39795,40.310100000000006,45.7515,31.781399999999998,37.09785,59.8665,8.97,62.641200000000005,30.603,47.86005,23.50815,45.276,26.03715,21.156750000000002,23.4276,22.361250000000002,45.67305,42.3663,41.97015,21.82335,39.908100000000005,12.303300000000002,35.44335,49.99170000000001,88.36575,54.352650000000004,49.249500000000005,57.82860000000001,57.7893,52.327799999999996,44.0733,56.754000000000005,28.314300000000003,10.704450000000001,46.9806,45.6195,46.810500000000005,25.9035,37.825050000000005,53.6355,35.25765,29.5659,49.313100000000006,50.790600000000005,19.2999,30.00225,15.2865,33.219,22.91475,57.88455,32.051100000000005,46.669050000000006,48.647850000000005,34.3896,38.832,47.62185,30.846600000000002,27.0804,59.099250000000005,58.125750000000004,52.882799999999996,61.076100000000004,28.426800000000004,48.182100000000005,22.9242,53.33010000000001,24.146250000000002,17.34075,25.354350000000004,29.6442,23.0727,22.3074,26.034750000000003,70.57545,26.633550000000003,27.338100000000004,61.0284,16.154400000000003,51.076350000000005,7.347150000000001,28.419300000000003,48.653850000000006,55.74345000000001,42.7074,40.13955,54.59265,33.55695,63.44820000000001,24.91515,55.888799999999996,21.822300000000002,13.24095,55.623450000000005,20.799,25.4262,31.907850000000003
70019304,91.90575000000001,30.136200000000002,44.6937,45.800250000000005,45.295500000000004,44.9718,32.6514,27.656100000000002,28.479750000000003,61.4919,0.0,0.0037500000000000003,110.4768,72.37335,19.645650000000003,36.6657,29.048550000000002,6.078450000000001,59.602500000000006,29.168100000000003,36.84405,34.86195,36.58995,41.83905,48.1548,87.03525,81.8274,28.834350000000004,50.09865,62.15775,43.37775,51.9099,93.2799,99.49095000000001,68.73555,26.593350000000004,46.932900000000004,29.86965,77.62545000000001,36.56715,32.46435,46.14645,26.842050000000004,24.3654,109.36365000000002,6.839700000000001,8.715150000000001,32.75295,31.26315,19.41465,66.73275000000001,72.49875,52.006350000000005,67.27065,24.31275,23.3037,46.76265,110.70090000000002,31.3617,66.49935,41.234100000000005,64.16805,110.00190000000002,65.2776,40.298700000000004,56.1138,29.664300000000004,50.9559,135.55485,40.3644,43.4814,29.813850000000002,51.87255,36.1755,98.22465,31.97775,35.258100000000006,34.36695,20.5551,68.379,63.53325,42.094800000000006,25.794600000000003,57.173100000000005,37.343250000000005,45.1284,72.5856,56.9688,51.8415,27.407850000000003,38.6364,38.2404,66.66255,97.16535,64.34085,37.74,43.131600000000006,83.50695,123.17490000000002,18.880650000000003,52.9698,52.9305,38.554050000000004,22.62825,51.89505,39.56115,71.2179,19.304850000000002,41.29395,24.744899999999998,42.15615,29.481,29.123100000000004,35.466,37.75845,26.748,37.016850000000005,76.54620000000001,41.49405,84.74385000000001,34.803000000000004,71.26995000000001,18.573150000000002,38.88375,20.38395,26.4084,33.5967,34.30035,14.4885,39.72825,39.8355,9.555150000000001,129.18615000000003,39.1089,61.968,43.300050000000006,30.283800000000003,71.2794,12.517650000000001,47.006550000000004,51.78855,48.15075,47.37945,50.95125,52.05255,39.7638,25.997850000000003,45.904500000000006,45.62145,9.3813,73.41165000000001,24.8427,65.33460000000001,43.307550000000006,16.01415,16.45305,32.94675,36.40965,31.34565,35.20215,24.13695,58.456500000000005,51.03,50.04405,72.65010000000001,51.73455,48.675450000000005,43.2057,89.16510000000001
70019305,91.902,30.132450000000002,44.68995,45.7965,45.29175,44.9682,32.64765,27.652350000000002,28.476000000000003,61.4883,2.0905500000000004,0.0,110.4732,72.36975000000001,19.641900000000003,36.661950000000004,29.044800000000002,6.0748500000000005,59.5989,29.1645,36.840300000000006,34.858200000000004,36.5862,41.835300000000004,48.151050000000005,87.03165,81.82365,28.830600000000004,50.0949,62.154,43.374,51.906150000000004,93.27615,99.48720000000002,68.73195000000001,26.589600000000004,46.92915,29.86605,77.6217,36.5634,32.46060000000001,46.142700000000005,26.838300000000004,24.361800000000002,109.35990000000001,6.83595,8.71155,32.7492,31.2594,19.4109,66.72915,72.495,52.00260000000001,67.26705,24.309150000000002,23.29995,46.7589,110.69715000000002,31.357950000000002,66.49575,41.2305,64.16445,109.99815000000001,65.27385000000001,40.29495,56.110200000000006,29.660550000000004,50.95215,135.5511,40.36065,43.4778,29.810250000000003,51.868950000000005,36.1719,98.22105,31.974,35.25435,34.363350000000004,20.55135,68.3754,63.529500000000006,42.0912,25.790850000000002,57.16935000000001,37.3395,45.12465,72.58200000000001,56.96520000000001,51.83775,27.404100000000003,38.63265,38.23665,66.65895,97.1616,64.33725,37.736250000000005,43.12785,83.5032,123.17115000000001,18.876900000000003,52.966049999999996,52.9269,38.5503,22.6245,51.891450000000006,39.5574,71.2143,19.3011,41.2902,24.741300000000003,42.1524,29.4774,29.119500000000002,35.4624,37.7547,26.7444,37.0131,76.54260000000001,41.490300000000005,84.74025,34.79925,71.26620000000001,18.569550000000003,38.88,20.3802,26.40465,33.59310000000001,34.296600000000005,14.48475,39.7245,39.83175,9.55155,129.18240000000003,39.10515,61.96425000000001,43.2963,30.280050000000003,71.27565,12.513900000000001,47.0028,51.7848,48.147000000000006,47.3757,50.947500000000005,52.0488,39.76005000000001,25.994100000000003,45.90075,45.6177,9.37755,73.4079,24.839100000000002,65.331,43.3038,16.0104,16.4493,32.943000000000005,36.4059,31.342050000000004,35.198550000000004,24.1332,58.45275,51.026250000000005,50.04045000000001,72.64635000000001,51.7308,48.6717,43.201950000000004,89.1615
70019306,36.880050000000004,79.94250000000001,67.69725,70.90725,70.55745,68.31525,78.34440000000001,88.56150000000001,84.36675000000001,41.85810000000001,109.56075000000001,109.56450000000001,0.0,43.9587,92.22885000000001,71.23440000000001,88.875,104.9868,60.47265,88.99455,93.10560000000001,74.17395,73.48125,69.61815,66.99210000000001,16.4835,32.9808,88.6608,68.07225,41.06025,80.94720000000001,82.18650000000001,25.80615,15.6402,33.9408,82.48035,79.23270000000001,92.9085,44.847300000000004,92.82870000000001,80.6013,71.4084,81.56235000000001,85.19160000000001,16.022850000000002,105.19575,102.51675,81.61905,94.35525000000001,91.99785000000001,34.474050000000005,106.02690000000001,88.0338,46.289550000000006,111.95625000000001,91.0629,64.22505,0.22410000000000002,77.06145000000001,35.49795,83.48100000000001,52.19415,16.6611,36.90075,72.4419,61.24020000000001,80.71650000000001,63.64095000000001,25.616100000000003,67.74270000000001,81.05085000000001,78.6456,82.1493,77.5593,34.36005,86.91285,72.94290000000001,75.8157,101.02785,33.087450000000004,93.80985000000001,69.32085000000001,89.02155,56.04645000000001,87.3438,67.1928,44.170950000000005,55.688250000000004,64.09005,86.8344,81.084,80.688,54.68865,35.470800000000004,51.882450000000006,76.60470000000001,81.16035000000001,119.53440000000002,13.236150000000002,90.41085000000001,88.9971,88.95795000000001,94.8156,88.57005,87.9225,71.70450000000001,37.896,91.6671,83.54070000000002,87.97185,67.05915,78.9864,96.12315000000001,79.75515,72.9561,90.47445,93.27825,45.8859,68.7201,31.335300000000004,74.38035,44.35425,99.04590000000002,70.19205,91.3554,89.8092,75.5511,77.2386,96.81825,70.02885,68.24175000000001,100.2606,17.009400000000003,95.37045,92.24475000000001,71.81700000000001,90.6699,44.3637,94.49145000000001,65.81190000000001,56.82105,61.2165,65.47125,63.6363,64.26465,67.1961,111.7368,65.8158,70.72845000000001,102.18975,37.01655,92.2377,46.82745,71.8095,97.85040000000001,96.9048,81.42525,78.85725000000001,97.08045000000001,74.7183,104.6097,56.0838,87.05745,71.9118,30.101850000000002,86.7921,67.4808,68.55345000000001,45.885600000000004
70019307,24.7173,40.85625,27.7914,29.621100000000006,29.27145,27.02925,38.43735,47.23065,44.4597,22.35075,68.27475,68.27850000000001,43.2885,0.0,50.94285000000001,31.3275,47.54415,63.7008,20.597550000000002,47.6637,53.230650000000004,34.2669,33.5742,29.7432,27.086250000000003,36.5424,14.63895,47.329950000000004,28.197300000000002,15.837750000000002,41.072100000000006,42.311550000000004,44.9757,32.3025,29.5944,42.5733,39.357600000000005,53.0334,40.8729,52.95360000000001,40.726350000000004,30.1224,41.65545,45.28455,42.175200000000004,63.90975,61.23075,41.7441,54.48015,50.711850000000005,27.591600000000003,66.15195000000001,48.1587,30.518250000000002,72.04920000000001,49.7769,24.34995,43.51245,35.7753,27.3582,43.6059,12.3192,42.81345,26.13645,30.748800000000003,21.3651,39.4305,23.76585,68.3664,27.83565,41.1759,38.7387,42.2742,37.65225,51.4149,45.58215,33.03585,35.9406,61.120799999999996,29.237850000000005,53.9349,29.445899999999998,49.1145,16.1715,47.46885,27.286800000000003,1.1532,15.813150000000002,24.2151,45.503550000000004,41.209050000000005,40.8129,14.813699999999999,52.52565,13.96035,36.6978,41.285250000000005,79.6593,55.986450000000005,50.50395000000001,49.12215,49.083000000000006,54.9405,47.28405,48.04755,30.01125,30.972300000000004,50.3811,43.66575,48.06495,27.15315,39.079350000000005,56.248200000000004,38.46915,31.670100000000005,49.143750000000004,53.4033,39.793800000000005,28.845000000000002,17.555400000000002,34.4733,3.9169500000000004,59.139,30.316950000000002,50.0694,48.478500000000004,35.64405,37.3635,55.532250000000005,30.1539,28.334850000000003,60.35355,61.99770000000001,55.4955,52.36965,30.531000000000002,50.794799999999995,3.9264,54.5844,25.905,28.60575,21.34155,25.596149999999998,23.7612,24.389550000000003,27.289050000000003,71.82975,25.9407,29.442300000000003,62.282700000000006,36.6591,50.906850000000006,16.57215,30.523500000000002,56.5644,56.99775,41.5503,38.9823,57.20535,34.8114,64.70265,16.2087,47.18235000000001,32.00475,26.597550000000002,46.917,27.57375,27.26745,52.41270000000001
70019313,72.74685000000001,12.805800000000001,25.534800000000004,24.278550000000003,26.136600000000005,25.8129,15.321000000000002,16.18845,11.14935,45.865500000000004,18.38625,18.39,91.31790000000001,53.21445000000001,0.0,19.335300000000004,16.501800000000003,13.812300000000002,37.8852,16.62135,21.58575,17.531550000000003,19.25955,24.508650000000003,26.342100000000002,71.40885,62.6685,16.2876,28.3812,46.5312,26.64315,35.16030000000001,77.65335,80.33205,53.10915,9.26295,30.19815,17.323050000000002,61.9989,21.30885,15.13395,26.987550000000002,9.511650000000001,7.035,90.20475,14.02125,11.34225,17.49465,22.835400000000003,0.65325,51.106350000000006,55.76415,35.27160000000001,51.64425,29.8842,4.28085,29.432250000000003,91.542,15.00975,50.87295000000001,24.4995,45.00915,90.843,49.65105,22.968300000000003,34.4382,10.500150000000001,29.280300000000004,116.39595000000001,23.034000000000002,26.746800000000004,12.48345,35.1231,18.27465,82.59825000000001,16.71945,17.9277,17.036550000000002,18.955650000000002,52.75260000000001,46.78365,24.7644,13.025550000000003,38.0142,22.08495,25.9695,53.426700000000004,37.8099,29.7294,12.4107,21.306,20.91,47.50365,81.53895000000001,42.623400000000004,17.320050000000002,26.396850000000004,66.77220000000001,104.016,6.275250000000001,36.23505,36.1959,23.2956,5.29785,35.160450000000004,22.23075,55.5915,1.97805,24.5592,11.976,24.825600000000005,12.1506,24.6033,16.28865,21.406650000000003,18.1014,21.7584,60.9198,24.16365,65.58495,17.4726,52.1109,16.97385,21.553350000000002,3.0070500000000004,17.43615,16.2663,16.96995,10.554450000000001,22.397850000000002,22.505100000000002,18.188550000000003,110.02725000000001,23.8506,45.21855,24.141150000000003,19.150050000000004,52.12035,13.939650000000002,25.289100000000005,32.62965,30.820350000000005,30.04905,29.27565,29.904000000000003,22.433400000000002,29.664600000000004,28.574100000000005,24.5343,13.45725,57.785250000000005,18.650550000000003,43.61715,24.148650000000004,5.46285,14.83275,17.68845,19.079250000000002,25.56045,17.871750000000002,22.5375,39.2976,34.2954,30.88515,57.02355,34.0299,26.958000000000002,24.0468,73.5387
70019315,53.468700000000005,10.7613,8.01645,7.517250000000001,11.189250000000001,7.902,8.342550000000001,18.55965,14.364900000000002,31.64295,34.9824,34.98615,72.03975,31.9755,18.70185,0.0,18.873150000000003,30.408450000000002,21.123900000000003,18.9927,21.777300000000004,4.171950000000001,6.2613,6.818400000000001,9.580950000000001,57.186299999999996,43.390350000000005,18.65895,11.619900000000001,32.308800000000005,19.6647,28.181850000000004,63.43095000000001,61.05375,38.8866,12.4785,23.2197,19.69425,47.776500000000006,21.500400000000003,14.392949999999999,12.0402,11.560500000000001,15.18975,70.92660000000001,30.6174,27.938399999999998,14.83245,23.02695,18.470850000000002,36.8838,48.7857,28.29315,37.4217,41.9544,21.4161,12.10605,72.26385,17.69925,36.6504,17.521050000000002,25.746600000000004,71.56485,35.42865,4.155,14.69745,18.1356,12.519,97.1178,6.27285,19.76835,8.64375,28.1445,7.557300000000001,68.37570000000001,16.911,2.9409,10.6704,31.026000000000003,38.53005,39.8052,7.4355,19.019550000000002,18.75165,20.1855,8.451,32.18775,18.54735,12.9681,16.83255,14.327550000000002,13.931400000000002,28.241100000000003,67.3164,25.862250000000003,6.60285,19.418400000000002,59.79375,84.7377,20.409000000000002,29.256600000000002,29.21745,23.4873,16.045050000000003,28.182000000000002,5.469600000000001,41.36895,18.1401,17.580750000000002,17.970000000000002,8.06445,8.9844,24.794850000000004,8.2668,6.171,20.4726,21.9501,46.697250000000004,6.8346,41.99835,4.37835,30.871950000000002,29.044050000000002,3.8631,17.828550000000003,19.80735,5.5491,9.9915,27.689700000000002,4.7076,5.743950000000001,30.258750000000003,90.74895000000001,24.042150000000003,38.23995,8.8617,19.3416,30.8814,24.4896,8.527800000000001,15.0627,13.494150000000001,12.72285,12.51435,13.1427,5.6721,41.73495,9.831150000000001,7.773000000000001,32.1879,43.5627,22.2357,26.856,8.8542,22.598100000000002,26.90295,14.638650000000002,12.1008,25.75215,4.619700000000001,34.6077,19.120050000000003,27.316800000000004,14.627699999999999,42.80115,27.05145,10.196700000000002,9.0486,59.31615
70019322,70.87440000000001,14.820300000000001,25.42215,24.923100000000005,28.595100000000002,25.307850000000002,13.864650000000001,1.3575000000000002,6.1648499999999995,49.04880000000001,24.5589,24.56265,89.44560000000001,49.381350000000005,16.2042,19.97985,0.0,26.1759,38.52975,0.5712,6.11955,18.1761,19.9041,21.499650000000003,26.986800000000002,74.59215,60.796200000000006,0.4041,29.025750000000002,49.7145,13.78425,22.31625,80.8368,78.45960000000001,56.29245000000001,8.1774,17.33925,1.12155,65.18220000000001,6.9735000000000005,8.992650000000001,29.445899999999998,8.81835,8.015400000000001,88.33245000000001,26.384850000000004,23.706000000000003,4.7343,4.229850000000001,15.9732,54.28965,42.90525,22.4127,54.82755,20.67195,18.9186,26.03115,89.6697,18.915000000000003,54.056250000000006,11.640600000000001,43.15245,88.97070000000001,52.83435000000001,23.61285,28.622550000000004,17.7567,29.924850000000003,114.52350000000001,23.67855,13.887900000000002,13.12635,22.27905,18.9192,85.78155,5.00715,18.57225,14.483400000000001,9.4803,55.935900000000004,33.939600000000006,21.363300000000002,8.421750000000001,36.15735,7.7496,25.856850000000005,49.5936,35.9532,30.37395,4.60155,11.85345,12.208200000000001,45.646950000000004,84.72225,43.268100000000004,17.9646,13.53795,53.9133,102.14355,16.7157,23.376150000000003,23.337,8.960400000000002,13.547400000000001,22.301550000000002,22.875300000000003,58.7748,15.64245,11.7003,7.3722,25.4703,12.795150000000001,6.712950000000001,19.6287,23.92995,3.2317500000000003,7.4232000000000005,64.10310000000001,20.76255,59.40420000000001,18.117150000000002,48.277800000000006,10.577250000000001,20.441550000000003,15.330900000000002,2.5665,16.911,14.722050000000001,20.54385,20.7969,23.14965,17.5917,108.15480000000001,9.515400000000001,32.374500000000005,26.2674,2.6421,48.28725,13.891800000000002,25.93365,32.46855,27.41925,26.64795,29.9202,30.548550000000002,23.07795,20.18925,25.713,25.178850000000004,19.52085,60.96855,4.995,44.26185,26.2599,20.1006,16.50315,4.928100000000001,10.379700000000001,7.6701,18.5163,13.062000000000001,39.03765,21.43635,32.0334,60.20685,22.140900000000002,27.602550000000004,26.454300000000003,76.72200000000001
70019327,85.86120000000001,24.09165,38.64915,39.755700000000004,39.25095,38.92725,26.606850000000005,27.474300000000003,22.435200000000002,55.44735000000001,4.6080000000000005,4.6116,104.43225000000001,66.3288,13.6011,30.621000000000002,27.78765,0.0,53.557950000000005,27.9072,32.8716,28.8174,30.545250000000003,35.7945,42.11025,80.9907,75.78285000000001,27.57345,44.054100000000005,56.11305,37.929,46.44615,87.23535000000001,93.4464,62.691,20.548800000000004,41.484,28.60875,71.58075000000001,32.5947,26.419800000000002,40.1019,20.7975,18.32085,103.31909999999999,0.7951500000000001,2.6706000000000003,28.7805,34.121100000000006,13.3701,60.68820000000001,67.05,46.55745,61.2261,24.27195,17.259,40.71810000000001,104.65635,25.317149999999998,60.4548,35.78535,58.1235,103.95734999999999,59.2329,34.254000000000005,50.069250000000004,23.619600000000002,44.911350000000006,129.5103,34.31985,38.03265,23.7693,46.40880000000001,30.130950000000002,92.18010000000001,28.005300000000002,29.2134,28.3224,20.51415,62.33445000000001,58.069500000000005,36.050250000000005,21.6444,51.12855,33.37065,39.083850000000005,66.54105,50.92425,45.796800000000005,23.257800000000003,32.59185,32.1957,60.618,91.1208,58.2963,31.69545,37.682700000000004,78.05805,117.13034999999999,12.8361,47.5209,47.481750000000005,34.581450000000004,16.5837,46.4463,33.516600000000004,65.17335,13.260300000000003,35.84505,20.59485,36.11145,23.43645,29.082300000000004,29.42145,31.7139,26.7072,33.044250000000005,70.50165,35.4495,78.6993,28.75845,65.22525,18.53235,32.8392,14.339400000000001,26.36745,27.55215,28.255800000000004,8.443950000000001,33.6837,33.79095,9.51435,123.14145,35.13645,56.504250000000006,37.255500000000005,30.435750000000002,65.2347,12.4767,40.962,45.744,42.1062,41.3349,44.9067,46.008,33.71925,25.9569,39.8598,39.5769,9.34035,67.36710000000001,24.8019,59.29005,37.263000000000005,9.9696,16.4121,28.974149999999998,30.365100000000005,31.304850000000005,29.157600000000002,24.096,52.411950000000004,45.581100000000006,43.999500000000005,66.6054,45.31575,42.63075,37.16115,83.12055
70019328,40.2693,30.218100000000003,17.1579,19.1889,16.5486,17.251800000000003,27.7992,38.01645,33.82155,12.767100000000001,53.34975,53.353500000000004,58.84035000000001,18.7761,38.15865,20.68935,38.329800000000006,48.77565,0.0,38.44935,41.234100000000005,23.62875,22.9362,20.205000000000002,16.45275,38.31045,30.19095,38.11560000000001,11.766300000000001,13.432800000000002,39.0669,40.30635,44.55495,47.854350000000004,20.01075,31.93515,37.3524,39.151050000000005,31.8219,40.9572,31.65255,16.3122,31.017300000000002,34.646550000000005,57.72720000000001,48.98460000000001,46.30575,32.670300000000005,42.48375,37.92765,18.00795,64.14675,46.1535,21.46725,61.41120000000001,38.64015,18.796650000000003,59.06445000000001,24.749850000000002,17.77455,35.3289,8.18445,58.36545000000001,16.55265,20.110650000000003,16.32675,29.087550000000004,13.693650000000002,83.9184,17.1975,39.170550000000006,28.100550000000002,40.269000000000005,27.014100000000003,52.42125,36.3678,22.3977,26.86695,50.48265,19.6542,51.929700000000004,20.37225,38.476350000000004,12.7965,35.045100000000005,16.65345,17.42565,12.71595,12.977550000000003,36.289350000000006,32.1354,31.739250000000002,10.67895,51.36195000000001,5.0502,26.059649999999998,39.28005,77.6541,71.5383,39.8658,47.11695,47.07765,42.944100000000006,37.05885000000001,46.042350000000006,19.373250000000002,21.388650000000002,37.5969,35.388600000000004,37.4268,16.519800000000004,28.441200000000002,44.25165,27.723600000000005,21.237750000000002,39.9294,41.40675,30.742800000000003,19.77135,23.12235,23.835150000000002,17.67255,48.50085000000001,21.82035,37.2852,39.26415,25.0059,29.448300000000003,40.60725,20.6157,17.6967,49.7154,77.54955,43.49895,50.364450000000005,20.098650000000003,38.7984,17.682000000000002,43.94625,14.762550000000003,10.47,15.12345,19.413300000000003,13.689,12.9237,16.6509,61.19160000000001,16.40265,19.0101,51.64470000000001,27.608100000000004,41.6925,7.733250000000001,20.091150000000003,42.0549,46.35960000000001,32.47665,29.908649999999998,45.20895,24.173250000000003,54.0645,14.2035,45.17715,15.133500000000002,23.925150000000002,44.91180000000001,12.7041,17.09805,43.3617
70019375,70.9968,14.9427,25.54455,25.0455,28.717350000000003,25.430100000000003,13.987050000000002,1.7830500000000002,6.590400000000001,49.171200000000006,24.98445,24.98805,89.56785,49.503750000000004,16.62975,20.1021,0.501,26.60145,38.652,0.0,6.903900000000001,18.2985,20.02635,21.62205,27.109050000000003,74.71455,60.91845000000001,0.2868,29.14815,49.8369,13.906500000000001,22.438650000000003,80.95905,78.58200000000001,56.41485000000001,8.60295,17.461650000000002,1.2439500000000001,65.30460000000001,7.095900000000001,9.11505,29.568300000000004,9.24375,8.44095,88.4547,26.810399999999998,24.131400000000003,4.856700000000001,5.014200000000001,16.39875,54.41205,43.0275,22.5351,54.94995000000001,21.0975,19.344150000000003,26.153550000000003,89.79195000000001,19.340550000000004,54.17865,11.76285,43.2747,89.09295000000002,52.95675,23.7351,28.74495,18.18225,30.047250000000002,114.64590000000001,23.80095,14.010150000000001,13.248750000000001,22.401300000000003,19.04145,85.90395000000001,5.12955,18.6945,14.605800000000002,9.905700000000001,56.058299999999996,34.062000000000005,21.4857,8.8473,36.27975,7.872000000000001,25.97925,49.716,36.075450000000004,30.496350000000003,5.027100000000001,11.975700000000002,12.3306,45.769200000000005,84.84465,43.390350000000005,18.087,13.660350000000001,54.035700000000006,102.26595,17.14125,23.49855,23.45925,9.0828,13.972949999999999,22.423800000000004,22.997700000000002,58.897200000000005,16.068,11.822700000000001,7.797750000000001,25.592550000000003,12.917550000000002,7.497150000000001,19.75095,24.05235,3.6572999999999998,7.5456,64.2255,20.884800000000002,59.52645000000001,18.23955,48.4002,11.0028,20.5638,15.75645,2.9920500000000003,17.033250000000002,14.84445,20.9694,20.919300000000003,23.272050000000004,18.01725,108.27720000000001,9.63765,32.49675,26.3898,2.80425,48.40965,14.3172,26.056050000000003,32.59095,27.541500000000003,26.7702,30.042600000000004,30.67095,23.20035,20.614800000000002,25.835250000000002,25.301100000000005,19.9464,61.09095000000001,5.4204,44.384100000000004,26.382300000000004,20.526,16.9287,5.0505,10.5021,8.454450000000001,18.6387,13.487550000000002,39.160050000000005,21.55875,32.155800000000006,60.32925,22.2633,27.72495,26.5767,76.84440000000001
70019381,72.55605,16.501800000000003,27.103800000000003,26.604600000000005,30.276600000000006,26.989350000000005,15.54615,7.153650000000001,10.35195,50.7303,31.013250000000003,31.017000000000003,91.12710000000001,51.062850000000005,20.3913,21.661350000000002,6.065250000000001,30.363000000000003,40.21125,6.53955,0.0,19.8576,21.5856,23.181300000000004,28.668300000000002,76.27365,62.477700000000006,6.469200000000001,30.707250000000002,51.396,15.1731,23.705250000000003,82.5183,80.14110000000001,57.97395000000001,12.364500000000001,18.728250000000003,5.7181500000000005,66.86385,2.0658000000000003,10.674150000000001,31.127550000000003,13.00545,12.2025,90.01395000000001,30.57195,27.893100000000004,6.4158,3.5377500000000004,20.160300000000003,55.97115,39.7257,18.82965,56.50905,26.568600000000004,23.1057,27.71265,91.3512,23.1021,55.737750000000005,13.0296,44.83395,90.65220000000001,54.51585000000001,25.294350000000005,30.3042,21.943800000000003,31.606350000000003,116.20500000000001,25.36005,15.276900000000001,14.80785,23.66805,20.6007,87.46305,6.688650000000001,20.25375,16.164900000000003,15.376949999999999,57.6174,35.3286,23.04495,12.60885,40.396950000000004,9.1386,27.538350000000005,51.2751,40.03875,32.05545,8.78865,13.242300000000002,13.597199999999999,47.328450000000004,86.40375,44.949600000000004,19.6461,14.92695,50.7339,103.82505,20.902800000000003,19.7931,19.753800000000002,3.9981000000000004,17.7345,18.71835,24.55695,60.4563,19.82955,13.089300000000001,11.5593,27.1518,14.476800000000003,5.30565,21.310200000000002,25.61145,9.06675,2.46075,65.78460000000001,22.44405,61.08570000000001,19.798650000000002,49.9593,16.4739,22.123050000000003,19.518,8.40135,18.5925,16.403550000000003,24.73095,22.478550000000002,24.83115,24.04605,109.83630000000001,4.552950000000001,33.7635,27.949050000000003,3.47955,49.96875,18.0789,27.61515,34.15005,29.10075,28.32945,31.6017,32.230050000000006,24.75945,26.0859,27.3945,26.860350000000004,25.9752,62.65005,10.891650000000002,45.94335,27.941399999999998,24.2877,20.690250000000002,6.6095999999999995,12.061350000000001,6.262950000000001,20.19795,18.958650000000002,40.42665,17.985,33.715050000000005,61.8885,17.17845,29.284050000000004,28.13595,78.40350000000001
70019384,56.95785000000001,7.000500000000001,11.5056,11.006400000000001,14.678400000000002,11.391150000000001,6.1530000000000005,16.370250000000002,12.17535,35.1321,32.793,32.79675,75.52890000000001,35.46465,16.51245,6.06315,16.683600000000002,28.218899999999998,24.61305,16.803150000000002,19.5879,0.0,5.9874,8.61555,13.0701,60.675450000000005,46.8795,16.4694,15.109050000000002,35.7978,17.475150000000003,25.99245,66.9201,64.5429,42.375750000000004,10.288950000000002,21.030300000000004,17.5047,51.2655,19.311,12.203400000000002,15.5292,9.3711,13.0002,74.41575,28.427850000000003,25.749000000000002,12.643050000000002,20.837550000000004,16.28145,40.37295,46.59615,26.10375,40.91085,39.765,19.2267,13.147050000000002,75.753,13.1367,40.13955,15.3315,29.235750000000003,75.054,38.91765,9.696150000000001,15.73845,15.6297,16.00815,100.6068,9.76185,17.5788,6.45435,25.955100000000005,5.05155,71.86485,14.7216,2.0478,4.129200000000001,28.83645,42.0192,37.6158,8.4792,16.830150000000003,22.240800000000004,17.996100000000002,11.940150000000001,35.6769,22.0365,16.457250000000002,14.643150000000002,12.138150000000001,11.742,31.73025,70.80555,29.351399999999998,4.0971,17.229,57.604350000000004,88.22685000000001,18.2196,27.0672,27.0279,21.297900000000002,13.85565,25.99245,8.95875,44.85810000000001,15.9507,15.391350000000001,15.7806,11.5536,6.795000000000001,22.60545,5.76105,10.013250000000001,18.2832,19.760550000000002,50.1864,7.878450000000001,45.487500000000004,4.200450000000001,34.36110000000001,26.85465,4.3660499999999995,15.639000000000001,17.61795,3.04335,7.801950000000001,25.500300000000003,5.1499500000000005,9.23295,28.069200000000002,94.2381,21.85275,36.05055,12.35085,17.1522,34.37055,22.300050000000002,12.016950000000001,18.55185,14.535150000000002,13.76385,16.003500000000003,16.63185,9.16125,39.5454,10.2735,11.262150000000002,29.998350000000006,47.05185,20.046300000000002,30.34515,12.3432,20.4087,24.7134,12.449250000000001,9.9114,23.5626,0.6879000000000001,32.4183,22.6092,25.127399999999998,18.11685,46.2903,24.862050000000004,13.68585,12.53775,62.8053
70019391,54.85020000000001,5.46945,7.06035,6.157650000000001,9.82965,6.9460500000000005,9.59235,19.809450000000002,15.6147,33.02460000000001,36.640800000000006,36.6444,73.4214,33.35715,19.95165,5.71005,20.12295,32.0667,22.505550000000003,20.2425,23.027250000000002,5.3064,0.0,10.6431,10.9626,58.56795000000001,44.772000000000006,19.90875,13.001550000000002,33.6903,20.9145,29.431800000000003,64.8126,62.4354,40.26825,13.728300000000003,24.4695,20.94405,49.158,22.75035,15.642750000000001,10.6806,12.81045,16.43955,72.30825,32.27565,29.59665,16.0824,24.27675,19.7208,38.26545,50.035500000000006,29.543100000000003,38.80335,43.2042,18.14295,16.17105,73.6455,10.4148,38.032050000000005,18.77085,27.12825,72.9465,36.81015,3.7896000000000005,19.058550000000004,12.90795,13.90065,98.4993,7.65435,21.018150000000002,6.267,29.39445,2.3298,69.75735,18.16095,6.4525500000000005,9.195450000000001,32.275800000000004,39.9117,41.055,11.5005,20.2695,20.13315,21.43545,7.49505,33.5694,19.929000000000002,14.34975,18.08235,15.577350000000001,15.18135,29.62275,68.69805,27.2439,3.6267000000000005,20.66835,61.04370000000001,86.11935000000001,21.658800000000003,30.5064,30.467250000000003,24.737100000000005,15.64995,29.431800000000003,4.4634,42.750600000000006,19.3899,18.8307,19.21995,9.4461,10.23435,26.044800000000002,3.0391500000000002,5.805750000000001,21.722550000000002,23.199900000000003,48.0789,10.8996,43.379850000000005,3.6819,32.253600000000006,30.294,7.92825,19.07835,21.0573,4.46955,11.2413,23.898300000000003,8.998800000000001,5.839200000000001,31.508550000000003,92.1306,25.292100000000005,39.4899,7.5020999999999995,20.59155,32.26305,25.7394,9.909450000000001,16.44435,17.559150000000002,16.78785,13.896,14.52435,7.05375,42.984750000000005,13.5066,6.413400000000001,33.4377,44.94435000000001,23.485650000000003,28.23765,7.4946,24.930300000000003,28.15275,15.8886,13.3506,27.00195,5.75415,35.85765,20.5017,28.566750000000003,14.578199999999999,44.18265,28.301250000000003,11.57835,7.689,60.6978
70019392,50.5419,12.901650000000002,9.03495,8.535900000000002,12.20775,8.9205,9.582,19.516800000000003,19.149150000000002,30.932550000000003,39.76665,39.7704,69.11295000000001,29.0487,23.4861,6.0168,19.830150000000003,35.1927,20.1369,19.9497,22.73445,6.141450000000001,8.7021,0.0,9.4638,56.4759,40.463550000000005,19.61595,13.858050000000002,31.598399999999998,18.8322,27.349350000000005,62.720549999999996,58.12695000000001,38.176350000000006,17.26275,22.3872,20.65125,48.6918,22.45755,13.01235,13.0587,16.34475,19.974,67.9998,35.40165,32.72265,14.030100000000001,23.9841,23.255100000000002,36.173550000000006,47.9532,27.46065,38.33715,44.45685,26.200350000000004,6.258450000000001,69.33705,18.717750000000002,35.94015,16.688550000000003,22.9836,68.63804999999999,34.718250000000005,7.2255,8.85,22.37295,9.4266,94.19085000000001,6.0423,18.935850000000002,13.428,27.31215,10.9527,69.29115,17.86815,7.725150000000001,8.226750000000001,33.52845,37.8198,38.9727,2.9262,21.324,15.850650000000002,16.40475,9.469650000000001,29.26095,15.492300000000002,9.8757,17.7897,13.495050000000003,13.099050000000002,25.478100000000005,68.23185000000001,24.87525,9.99825,18.585900000000002,58.96125000000001,81.8109,25.193250000000003,28.424100000000003,28.38495,24.44445,20.829300000000003,27.349500000000003,6.4881,42.2844,22.92435,16.748250000000002,20.27445,7.9473,13.768650000000001,25.752000000000002,11.6622,11.019300000000001,21.429750000000002,22.9071,47.612700000000004,2.3253000000000004,43.38,9.1626,27.945149999999998,31.54665,1.8226499999999999,22.612800000000004,20.7645,8.9445,9.6495,32.47395,1.6648500000000002,5.6637,32.7612,87.82215000000001,24.9993,37.4076,9.8802,20.298750000000002,27.954600000000003,26.794050000000002,8.41065,15.978150000000001,7.64655,6.87525,9.42195,10.0503,5.55105,44.2374,5.7018,8.791500000000001,34.69035,44.478,23.19285,25.898850000000003,9.8727,27.382350000000002,29.4054,13.836300000000001,11.2683,26.70915,6.0894,37.1103,15.402750000000001,26.48445,16.95645,42.09075,26.21895,10.079550000000001,10.0671,60.23160000000001
70019395,48.187050000000006,10.825800000000001,0.70935,3.5391000000000004,4.111350000000001,0.8031,14.379300000000002,24.5964,20.40165,26.40315,43.11885,43.12245,66.7581,26.694000000000003,25.786800000000003,7.2693,24.9099,38.54475,15.8841,25.02945,27.8142,10.20885,7.06125,7.796250000000001,0.0,51.9465,38.1087,24.6957,6.3801,27.069000000000003,25.70145,34.21875,58.19115,55.77225,33.646800000000006,18.51525,29.25645,25.731,42.5367,27.53715,20.4297,4.9623,17.5974,21.2265,65.64495000000001,38.7537,36.0747,20.8692,29.0637,25.5558,31.644000000000002,54.82245000000001,34.3299,32.1819,47.99115,24.621000000000002,13.073699999999999,66.9822,10.6194,31.410600000000002,23.557800000000004,21.5955,66.28320000000001,30.188850000000002,4.3398,12.3954,14.2746,7.237500000000001,91.83615,2.6862,25.805100000000003,14.6805,34.1814,13.594199999999999,63.1359,22.947750000000003,8.9778,16.340400000000002,37.06275,33.29025,45.841950000000004,13.10535,25.05645,14.600550000000002,26.2224,0.2049,26.90625,14.39625,7.6866,22.869300000000003,20.364300000000004,19.968300000000003,24.09,62.076600000000006,20.62245,12.6396,25.45515,65.83065,79.45620000000001,26.44575,35.293350000000004,35.254200000000004,29.524050000000003,22.128,34.21875,3.6024000000000003,36.12915,25.225050000000003,23.6175,24.00675,1.824,15.021300000000002,30.831750000000003,13.3131,4.7586,26.509350000000005,27.986850000000004,41.45745,12.5046,36.75855000000001,10.41525,25.59045,35.08095,8.67075,24.913500000000003,25.844100000000005,11.586,16.02825,30.376350000000002,8.00535,2.7387,36.295500000000004,85.46745000000001,30.079050000000002,44.27685,3.3592500000000003,25.378350000000005,25.599899999999998,30.526350000000004,3.2880000000000003,9.8229,12.37185,13.6905,7.23285,7.861200000000001,2.3485500000000004,47.7717,9.38055,2.4670500000000004,38.22465,38.3229,28.272600000000004,21.6162,3.35175,31.408350000000002,32.9397,20.67555,18.13755,31.788899999999998,10.753200000000001,40.644600000000004,13.838400000000002,33.3537,8.860050000000001,37.561350000000004,33.0882,4.9569,2.1073500000000003,54.076350000000005
70019399,31.271850000000004,65.51505,60.15720000000001,53.43015,49.4763,60.775200000000005,63.09615,73.3134,69.1185,28.2909,86.27745000000002,86.28120000000001,17.28285,36.41865,84.6888,55.9863,73.62675,81.7035,37.369350000000004,73.7463,76.53105,58.925700000000006,58.23315,56.34915,59.45205,0.0,25.3995,73.41255,47.063250000000004,29.00265,73.40715,74.6466,10.5813,4.829700000000001,20.37375,67.2321,71.69265,74.44800000000001,31.280250000000002,76.25415,73.06125,49.24005,66.31425,69.9435,31.727700000000002,81.91245,79.23345,74.07900000000001,77.78070000000001,84.4578,20.907,98.48700000000001,80.49375,32.722500000000004,96.70815,83.52285,56.685,17.506800000000002,57.67770000000001,21.9309,75.94095000000002,44.65410000000001,32.36595,23.3337,54.96495000000001,53.70015,62.01525,48.99060000000001,42.423300000000005,52.49445000000001,73.5108,63.3975,74.60925,62.31105,17.02065,71.66475,57.69465,68.27565,85.7796,19.520400000000002,86.2698,61.7808,73.7733,48.5064,79.80375000000001,59.652750000000005,36.6309,48.1482,48.2745,71.5863,73.5441,73.14795000000001,47.1486,18.131400000000003,38.216550000000005,61.35660000000001,73.6203,111.99435,30.043200000000002,75.16275,81.45720000000001,81.4179,78.24105,81.03,80.38245,54.2274,24.32895,84.12705,76.00065000000001,72.72375000000001,59.51910000000001,63.738150000000005,79.54860000000001,61.1709,55.479150000000004,75.22635000000001,76.70385,32.318850000000005,61.18005,23.754,59.13210000000001,36.8142,83.7978,57.96435,83.8155,74.56110000000001,60.30285000000001,64.74525,73.53495000000001,56.75985000000001,52.99365,85.0125,33.81645,78.7959,84.7047,54.34005,74.09535000000001,36.82365,79.24320000000002,50.0595,43.25385000000001,53.67645000000001,57.93120000000001,48.98595,48.22065,51.94785,96.48855,52.54665,53.25135,86.9415,23.4495,76.98945,33.2604,54.3324,74.56710000000001,81.65670000000001,73.88520000000001,71.31735,80.5059,59.470200000000006,89.36145,48.54375,79.51740000000001,47.73555,16.5348,79.25205,46.71210000000001,51.33945000000001,28.5462
70019407,27.13215,51.13185000000001,38.8866,42.0966,41.7468,39.5046,49.533750000000005,59.751000000000005,55.55610000000001,18.60555,80.75025000000001,80.75385,33.075,15.148050000000001,63.418200000000006,42.4239,60.064350000000005,76.17615,24.843300000000003,60.1839,64.29495000000001,45.3633,44.67060000000001,40.807500000000005,38.1816,25.46505,0.0,59.85015,34.5372,13.1226,52.13655,53.376000000000005,31.324050000000003,21.225150000000003,16.203300000000002,53.669700000000006,50.42205,64.09785000000001,29.878800000000002,64.01805,51.79065,42.597750000000005,52.751850000000005,56.380950000000006,44.5902,76.38510000000001,73.7061,52.8084,65.5446,63.18720000000001,12.3852,77.21640000000001,59.223150000000004,26.37915,83.1456,62.2524,35.4144,33.29895,48.250800000000005,13.4091,54.670350000000006,23.3835,45.22845,14.81175,43.6314,32.429550000000006,51.906000000000006,34.8303,58.1529,38.932050000000004,52.24020000000001,49.835100000000004,53.33865,48.74865,37.76325,58.10235000000001,44.13225,47.005050000000004,72.2172,15.34995,64.9992,40.51035,60.2109,27.23595,58.53315,38.38215,15.360300000000002,26.877600000000005,35.2794,58.0239,52.273500000000006,51.87735000000001,25.878,38.874,20.932800000000004,47.794200000000004,52.349700000000006,90.72375000000001,45.77295,61.600350000000006,60.186600000000006,60.1473,66.00495000000001,59.7594,59.112,42.89385000000001,15.807150000000002,62.85645000000001,54.73005,59.161350000000006,38.2485,50.17575,67.3125,50.944500000000005,44.1456,61.66395000000001,64.46775000000001,30.9174,39.90945,3.3222000000000005,45.569700000000005,15.5436,70.2354,41.3814,62.5449,60.99870000000001,46.74045,48.42795,68.00775,41.2182,39.431250000000006,71.44995000000002,49.546200000000006,66.5598,63.43410000000001,43.006350000000005,61.85925,15.553050000000002,65.6808,37.0014,30.727800000000002,32.406,36.6606,34.82565,35.454,38.38545,82.92615,37.00515,41.91780000000001,73.37910000000001,22.6461,63.42705,18.5991,42.998850000000004,69.03975,68.09415,52.61475,50.04675,68.2698,45.9078,75.79905,27.27315,58.2468,35.2095,12.3642,57.98145000000001,38.67015,39.7428,28.5453
70019410,70.78815,14.734050000000002,25.3359,24.836850000000002,28.508850000000002,25.221600000000002,13.778400000000001,1.5717,6.37905,48.96255000000001,24.773100000000003,24.776850000000003,89.35935,49.295100000000005,16.418400000000002,19.8936,0.21420000000000003,26.390100000000004,38.4435,0.4848,6.33375,18.089850000000002,19.81785,21.413400000000003,26.900399999999998,74.5059,60.7098,0.0,28.939500000000002,49.62825,13.69785,22.23,80.75055,78.37335,56.20620000000001,8.3916,17.253,1.0353,65.09595,6.887250000000001,8.906400000000001,29.35965,9.03255,8.2296,88.24605,26.599050000000002,23.9202,4.64805,4.44405,16.1874,54.2034,42.818850000000005,22.32645,54.741299999999995,20.88615,19.132800000000003,25.9449,89.5833,19.1292,53.970000000000006,11.55435,43.0662,88.8843,52.74810000000001,23.526600000000002,28.536300000000004,17.9709,29.838600000000003,114.43725,23.5923,13.801650000000002,13.0401,22.192800000000002,18.83295,85.6953,4.9209000000000005,18.486,14.397150000000002,9.6945,55.849650000000004,33.853350000000006,21.277050000000003,8.635950000000001,36.0711,7.66335,25.770600000000005,49.50735,35.86695,30.2877,4.81575,11.767050000000001,12.121950000000002,45.560700000000004,84.63600000000001,43.181850000000004,17.87835,13.451699999999999,53.82705,102.0573,16.9299,23.289900000000003,23.250600000000002,8.87415,13.7616,22.215300000000003,22.789050000000003,58.68855,15.856650000000002,11.61405,7.586400000000001,25.3839,12.708900000000002,6.927150000000001,19.54245,23.843700000000002,3.4459500000000003,7.336950000000001,64.01685,20.6763,59.3178,18.030900000000003,48.19155000000001,10.791450000000001,20.355300000000003,15.5451,2.7807,16.8246,14.635800000000001,20.75805,20.71065,23.0634,17.8059,108.06855,9.429,32.28810000000001,26.18115,2.5956,48.201,14.106000000000002,25.8474,32.3823,27.333000000000002,26.561700000000002,29.83395,30.462300000000003,22.9917,20.40345,25.626600000000003,25.092600000000004,19.73505,60.8823,5.209200000000001,44.1756,26.17365,20.3148,16.71735,4.84185,10.29345,7.8843000000000005,18.43005,13.2762,38.9514,21.3501,31.94715,60.1206,22.054650000000002,27.5163,26.368050000000004,76.63575
70019414,48.8421,19.26045,6.2002500000000005,9.41355,6.541950000000001,6.294150000000001,16.84155,27.0588,22.8639,22.4463,48.071250000000006,48.075,67.41315,27.349050000000002,27.201,9.7317,27.372149999999998,43.4973,11.92725,27.4917,30.27645,12.671100000000001,11.9784,10.3416,5.495100000000001,47.98965,38.76375,27.15795,0.0,23.112150000000003,28.163700000000002,40.59630000000001,54.2343,56.427299999999995,29.68995,20.977500000000003,31.718850000000003,28.1934,38.57985000000001,29.999550000000003,22.89195,5.6094,20.05965,23.6889,66.3,43.706250000000004,41.02725,23.3316,31.526100000000003,26.970000000000002,27.68715,57.28470000000001,36.792300000000004,28.225050000000003,50.45355,29.5734,18.045900000000003,67.63725000000001,15.571800000000001,27.453750000000003,26.02005,19.79985,66.93825000000001,26.232000000000003,9.153,13.721400000000001,19.227,5.7378,92.4912,6.23985,28.267500000000002,17.1429,40.55910000000001,16.056449999999998,59.17905,25.410149999999998,11.440050000000001,18.8028,39.525000000000006,29.3334,52.21965,15.56775,27.5187,14.125050000000002,28.684649999999998,5.6958,27.561149999999998,13.92075,5.021700000000001,25.3317,22.8267,22.430550000000004,22.29435,58.11975,16.6656,15.102,27.917550000000002,68.2929,80.11125,28.90815,37.75575,37.71645,31.98645,27.080550000000002,36.68115,8.41545,32.1723,26.63925,26.0799,26.46915,5.56215,17.48355,33.294000000000004,16.76595,11.46255,28.97175,30.449100000000005,37.500600000000006,14.96685,32.801700000000004,12.877500000000001,26.2455,37.5432,11.9955,26.327550000000002,28.306500000000003,14.048250000000001,18.490650000000002,35.32875,10.4871,6.73905,38.75775,86.1225,32.5413,50.6544,8.850150000000001,27.84075,26.25495,32.988600000000005,3.8049,5.86605,13.69785,18.662550000000003,5.73315,4.96785,5.69325,50.23395000000001,10.706700000000001,9.23475,40.6869,34.36605,30.734850000000005,17.65935,8.84265,31.097250000000003,35.40195,23.137800000000002,20.59995,34.2513,13.2156,43.10685,14.49345,35.81595,8.8665,33.6045,35.5506,3.15705,7.059900000000001,50.1195
70019420,39.60555,40.5792,27.38775,28.494300000000003,24.5406,27.665850000000002,38.160450000000004,48.37755000000001,44.1828,8.218200000000001,61.341750000000005,61.34535,40.966350000000006,16.12275,48.51975,31.05045,48.691050000000004,56.76765,12.433650000000002,48.81060000000001,51.59535,33.99,33.2973,31.413300000000003,26.814,29.364600000000003,13.204050000000002,48.476850000000006,22.127550000000003,0.0,50.755950000000006,51.995400000000004,35.609100000000005,29.11665,11.064900000000002,42.2964,49.041450000000005,49.51215,26.135250000000003,51.3183,42.860850000000006,24.3042,41.3784,45.00765,57.06345000000001,56.976600000000005,54.2976,43.878600000000006,52.84485000000001,48.28875,9.0621,75.8358,57.842549999999996,15.791550000000003,71.7723,46.63215,30.00495,41.19045,32.74185000000001,8.828700000000001,46.53705,16.96395,57.70170000000001,7.6068,30.029100000000003,27.535050000000002,37.079550000000005,24.054750000000002,66.0444,27.55875,50.85960000000001,38.46165,51.95805,37.375350000000005,42.04845,46.7289,32.75895,38.075250000000004,60.8439,10.70835,63.61860000000001,31.580550000000002,48.837450000000004,24.485550000000003,46.2534,27.014550000000003,15.765900000000002,24.405,23.33865,46.65045,43.3437,42.94755000000001,19.45845,43.1592,9.034650000000001,36.420750000000005,50.969100000000005,89.34315000000001,53.66445000000001,50.2269,58.806000000000004,58.76670000000001,53.305200000000006,45.050850000000004,57.7314,29.291700000000002,12.442800000000002,47.958000000000006,46.5969,47.7879,26.8809,38.80245,54.6129,36.23505,30.543300000000002,50.2905,51.768,25.067100000000003,30.97965,9.8535,34.1964,17.524050000000003,58.86195000000001,33.0285,47.64645,49.62525,35.36715,39.8094,48.599250000000005,31.824,28.057800000000004,60.07665,57.43755,53.860200000000006,62.05350000000001,29.4042,49.1595,17.5335,54.307500000000005,25.123649999999998,18.318150000000003,26.331750000000003,30.621600000000004,24.0501,23.284800000000004,27.01215,71.55285,27.61095,28.3155,62.0058,17.6325,52.05375,8.32455,29.3967,49.63125,56.720850000000006,43.68495,41.11695,55.57005,34.53435,64.42575000000001,25.892550000000004,56.866200000000006,22.7997,14.979300000000002,56.60085000000001,21.776400000000002,26.403600000000004,37.675050000000006
70019425,62.3451,18.0522,25.313100000000002,24.81405,28.4859,25.19865,11.906400000000001,15.1491,18.347250000000003,50.22825,39.00855000000001,39.0123,80.91615,40.852050000000006,25.994100000000003,20.4576,14.060550000000003,37.70055,39.43245,14.53485,13.910550000000002,16.35195,19.794900000000002,19.4691,26.877600000000005,74.17020000000001,52.26675,14.464500000000001,28.916700000000002,50.8941,0.0,10.358400000000001,82.60350000000001,69.9303,57.4719,19.7706,4.03335,13.71345,65.07315,13.633650000000001,13.7097,29.336850000000005,18.85275,20.1978,79.80300000000001,37.9095,35.2305,11.19825,15.1602,25.763100000000005,55.469100000000005,29.5992,9.1068,54.718500000000006,33.57585,28.708350000000003,20.9634,81.14025000000001,26.89515,55.23570000000001,2.56155,34.78695,80.44125000000001,54.01395000000001,23.50365,24.35265,27.546750000000003,27.40725,105.9942,23.5695,0.13155,15.934650000000001,10.32105,18.810000000000002,85.6725,14.68395,18.463050000000003,12.45285,22.3842,57.11535000000001,21.9816,19.33275,20.60415,27.657149999999998,8.14875,25.7478,41.0643,27.29895,27.856350000000003,16.78395,6.297000000000001,6.651900000000001,37.28145,84.6132,40.52685,17.85555,0.2409,40.6074,93.61425,27.70125,10.0701,10.03095,15.620550000000001,23.33715,8.9955,22.766250000000003,58.8498,25.432350000000003,2.6214,19.5546,25.361100000000004,16.27545,16.9281,19.5195,23.82075,17.062050000000003,14.08335,63.99405,18.732,55.18320000000001,18.0081,39.7485,23.481150000000003,18.411,25.120649999999998,16.396800000000002,16.801800000000004,12.76395,34.98195,18.76635,23.0406,32.04135,99.6255,16.1754,20.416500000000003,26.158350000000002,11.47485,39.75795,26.0742,25.824600000000004,32.359500000000004,25.3887,18.850800000000003,27.402600000000003,28.03095,22.96875,33.09315,23.6823,25.06965,33.9705,60.859350000000006,17.8989,45.19455000000001,26.150850000000002,29.890350000000005,28.685550000000003,11.00445,10.735650000000001,17.8854,15.632550000000002,25.965899999999998,27.686850000000003,8.130450000000002,31.924350000000004,61.38645000000001,7.8651,27.493350000000003,26.34525,76.61295000000001
70019426,63.26265,26.437800000000003,33.6987,33.1995,36.871500000000005,33.584250000000004,20.292,23.556,26.75415,51.1458,47.41545,47.419200000000004,81.83385000000001,41.769600000000004,34.37955,28.84305,22.46745,46.08615,40.35,22.941750000000003,22.31745,24.737550000000002,28.180500000000002,27.8547,39.509550000000004,75.08775,53.1843,22.8714,40.600500000000004,51.81165,10.01415,0.0,83.52105,70.84785000000001,58.38945000000001,28.156200000000002,8.299650000000002,22.120350000000002,70.20060000000001,22.040550000000003,22.09515,37.722300000000004,27.2382,28.6047,80.72055,46.295100000000005,43.6161,19.58385,23.5671,34.14855,56.38665,23.999550000000003,17.10075,59.84595000000001,41.98275,37.09395,21.88095,82.0578,35.280750000000005,56.15325,12.54795,35.7045,81.3588,54.9315,31.88925,25.2702,35.93235000000001,36.169200000000004,106.91175000000001,31.95495,10.1178,24.32025,0.18000000000000002,27.195600000000002,89.96025,23.09085,26.84865,20.83845,30.791100000000004,58.0329,11.7825,21.636750000000003,29.011200000000002,28.5747,16.5558,34.133250000000004,41.98185,28.2165,36.618300000000005,25.190850000000005,14.6826,15.03735,38.199000000000005,89.74065,41.4444,26.241000000000003,10.2273,37.73505,94.5318,36.0867,18.0642,18.024900000000002,24.02745,31.72275,16.9896,31.1517,59.76735000000001,33.817800000000005,12.607800000000001,27.9615,33.746700000000004,24.660899999999998,25.33515,27.905100000000004,32.20635,25.46895,22.49025,69.1215,22.09035,56.1009,26.39355,40.666050000000006,31.888050000000003,26.79645,33.50625,24.8037,25.1874,21.1494,43.3674,27.15195,31.426050000000004,40.44825,100.54305000000001,24.58245,10.21725,34.54395,19.88175,40.6755,34.481100000000005,38.328300000000006,42.720600000000005,26.823,19.76835,36.164550000000006,36.7929,31.354350000000004,41.50005,30.181800000000003,33.45525,42.3774,65.98695000000001,26.3058,46.112100000000005,34.536300000000004,38.275800000000004,37.09245,19.390050000000002,19.121100000000002,26.2923,24.018150000000002,34.372800000000005,28.6044,16.1244,44.428050000000006,62.304,15.859050000000002,39.9972,34.7307,81.74040000000001
70019429,40.33065,71.73135,58.5399,59.64645000000001,55.692600000000006,58.818000000000005,69.3126,79.5297,75.33495,34.50735,92.4939,92.4975,26.103600000000004,45.477450000000005,79.67190000000001,62.202600000000004,79.84320000000001,87.9198,43.585800000000006,79.96275,82.74735000000001,65.14200000000001,64.44945000000001,62.565450000000006,57.96615,10.406550000000001,31.652850000000004,79.629,53.279700000000005,35.219100000000005,82.4658,83.70525,0.0,13.88835,26.5902,73.44855,80.7513,80.6643,30.5994,82.47045000000001,74.013,55.45635000000001,72.53055,76.1598,38.8173,88.12875000000001,85.44975000000001,75.03075,83.997,79.4409,27.123300000000004,107.54565000000001,89.5524,31.0848,102.92445000000001,77.7843,61.15695000000001,26.3277,63.894000000000005,28.147350000000003,84.9996,53.7129,39.45555,29.55,61.181250000000006,62.7588,68.2317,55.2069,38.028600000000004,58.7109,82.56960000000001,69.6138,83.6679,68.5275,7.011,77.88105,63.91095000000001,69.2274,91.99605,25.7367,95.32860000000001,62.732549999999996,79.98960000000001,57.565200000000004,77.40555,58.166700000000006,45.6897,57.20685,54.4908,77.80260000000001,74.49585,74.09970000000001,56.2074,8.12175,44.43285,67.5729,82.67895000000001,121.05300000000001,23.438550000000003,81.37905,90.51585,90.47670000000001,84.45735,76.20285000000001,89.44125000000001,60.443850000000005,30.545250000000003,79.11015,85.05945000000001,78.94005,58.033049999999996,69.9546,85.76505,67.3872,61.69545000000001,81.44265,82.92015,31.638,62.1318,28.540050000000004,65.3484,45.87285000000001,90.01410000000001,64.18065,78.79860000000001,80.7774,66.51915,70.96155,79.7514,62.976150000000004,59.209950000000006,91.2288,38.4204,85.01235000000001,93.76335,60.55635000000001,80.31165,45.88245,85.45965,56.2758,49.4703,57.4839,61.77375000000001,55.20225000000001,54.43695000000001,58.16415,102.70500000000001,58.76310000000001,59.46765,93.15795000000001,25.770750000000003,83.20575000000001,39.4767,60.54885000000001,80.7834,87.873,74.83695,72.26910000000001,86.72220000000002,65.68650000000001,95.57775000000001,57.6024,88.57620000000001,53.95185000000001,22.7511,88.31070000000001,52.92855,57.55575,18.536550000000002
70019455,27.094050000000003,68.22465,55.9794,59.1894,58.839600000000004,56.5974,66.62655,76.8438,72.6489,31.05765,97.84305,97.84665,15.706949999999999,32.24085,80.51100000000001,59.51670000000001,77.15715,93.26895,41.02215,77.2767,81.38775000000001,62.456100000000006,61.763400000000004,57.9003,55.2744,4.914750000000001,21.2217,76.94295000000001,50.716049999999996,29.3013,69.22935000000001,70.4688,13.348050000000002,0.0,23.14035,70.7625,67.51485000000001,81.19065,34.046850000000006,81.11085000000001,68.88345000000001,59.69055,69.84465,73.47375000000001,29.11245,93.4779,90.7989,69.9012,82.6374,80.28,23.6736,94.3092,76.31595000000002,35.48910000000001,100.23840000000001,79.3452,52.507200000000005,15.931050000000003,65.34360000000001,24.69765,71.76315,40.4763,29.750700000000002,26.100300000000004,60.72420000000001,49.52235,68.9988,51.923100000000005,40.784850000000006,56.02485000000001,69.333,66.92790000000001,70.43145000000001,65.84145000000001,19.78725,75.19515,61.225049999999996,64.09785000000001,89.31,22.287000000000003,82.092,57.60315,77.3037,44.32875,75.62610000000001,55.47495000000001,32.453100000000006,43.9704,52.37220000000001,75.11670000000001,69.3663,68.97015,42.970800000000004,20.898,40.1235,64.887,69.44250000000001,107.81655,28.404899999999998,78.69315,77.2794,77.24010000000001,83.09775,76.85220000000001,76.2048,59.986650000000004,27.095550000000003,79.94925,71.82285,76.25415,55.3413,67.26855,84.4053,68.0373,61.2384,78.75675000000001,81.56055,35.08545,57.002250000000004,19.5762,62.6625,32.6364,87.32820000000001,58.47420000000001,79.63770000000001,78.09150000000001,63.83325000000001,65.52075,85.10055,58.311,56.524049999999995,88.54275,32.17815,83.6526,80.5269,60.09915,78.95205,32.64585,82.7736,54.09420000000001,46.90665,49.498799999999996,53.7534,51.91845000000001,52.5468,55.47825,100.01895,54.097950000000004,59.010600000000004,90.4719,26.216100000000004,80.51985,34.777800000000006,60.09165,86.13255,85.18695000000001,69.70755,67.13955,85.3626,63.000600000000006,92.89185,44.36595,75.3396,51.388200000000005,19.3014,75.07425,55.76295000000001,56.83560000000001,31.312800000000003
70019459,39.98955,45.48315,32.2917,33.398250000000004,29.444399999999998,32.5698,43.06425,53.2815,49.086600000000004,8.259,66.24555,66.2493,34.0443,27.394800000000004,53.42370000000001,35.9544,53.59485000000001,61.671600000000005,17.33745,53.7144,56.49915,38.893800000000006,38.201100000000004,36.31725,31.717800000000004,20.078400000000002,13.229550000000001,53.38065,27.031350000000003,8.97075,55.6599,56.89920000000001,26.323050000000002,23.56035,0.0,47.2002,53.94525,54.41610000000001,19.747500000000002,56.22225,47.7648,29.20815,46.28235000000001,49.91160000000001,48.48930000000001,61.88055,59.20155,48.78255,57.748799999999996,53.19270000000001,0.8751,80.73960000000001,62.746500000000005,12.6906,76.67625000000001,51.536100000000005,34.908750000000005,34.2684,37.64565,1.899,51.441,25.2102,49.12755000000001,3.3018,34.93305,32.439,41.98335,28.9587,59.18475,32.46255,55.76355,43.36560000000001,56.862,42.27915,32.76225,51.632850000000005,37.66275,42.9792,65.74770000000001,1.42215,68.52255,36.484350000000006,53.7414,29.3895,51.15720000000001,31.9185,27.037950000000002,29.3088,28.242600000000003,51.5544,48.2475,47.8515,27.7047,33.873000000000005,18.18465,41.3247,55.87305,94.2471,46.80480000000001,55.13085,63.7098,63.67065,58.20915,49.95465,62.635200000000005,34.1955,4.29705,52.86195000000001,51.50070000000001,52.69185,31.784850000000002,43.706250000000004,59.51670000000001,41.139,35.447250000000004,55.19445000000001,56.6718,20.786250000000003,35.88345,10.932450000000001,39.1002,28.796100000000003,63.7659,37.93245,52.550250000000005,54.52920000000001,40.27095,44.713350000000005,53.50305,36.72795,32.96175,64.98045,50.57805,58.764,66.95745000000001,34.308,54.06345000000001,28.805550000000004,59.2113,30.027600000000003,23.22195,31.235550000000003,35.52555,28.954050000000002,28.188750000000002,31.915950000000002,76.45665,32.51475,33.21945,66.90960000000001,9.4869,56.95755,13.2285,34.3005,54.53520000000001,61.62465,48.588750000000005,46.02075,60.474000000000004,39.438300000000005,69.32955,30.7965,61.77015,27.70365,5.6931,61.50465,26.6802,31.307550000000003,23.55375
70019470,64.84845000000001,7.238250000000001,19.3962,18.897000000000002,19.7298,19.281750000000002,9.93945,7.319700000000001,2.2806,43.0227,25.6503,25.65405,83.4195,43.355250000000005,9.36975,13.953750000000001,7.6332,21.07635,32.50365,7.752750000000001,12.717,12.150150000000002,13.878,19.127100000000002,20.9607,68.56620000000001,54.770100000000006,7.4190000000000005,22.999800000000004,43.688550000000006,19.2507,27.782850000000003,74.81070000000001,72.43365,50.2665,0.0,22.80585,8.4543,59.15625,12.440100000000001,6.4806,23.41995,1.9837500000000001,3.1056000000000004,82.30635000000001,21.285300000000003,18.6063,8.625900000000001,13.966650000000001,9.13875,48.2637,48.371700000000004,27.879300000000004,48.80160000000001,32.6223,12.084000000000001,24.05085,83.6436,12.080400000000001,48.030300000000004,17.1072,37.12635,82.94460000000001,46.8084,17.586750000000002,29.056800000000003,10.92225,23.89875,108.49755,17.6526,19.3545,6.484500000000001,27.745649999999998,12.8931,79.7556,7.850700000000001,12.54615,11.65515,21.693900000000003,49.90995000000001,39.4062,19.383000000000003,10.893,30.1314,13.216199999999999,19.830900000000003,43.5675,29.927100000000003,24.348000000000003,7.0728,13.784400000000002,13.388250000000001,39.620850000000004,78.69615,37.242000000000004,11.93865,19.004550000000002,59.3799,96.11760000000001,11.076900000000002,28.842750000000002,28.803600000000003,14.427000000000001,6.712950000000001,27.76815,16.84935,52.748850000000004,8.808,17.166900000000002,9.84345,19.4442,6.7692000000000005,15.7347,12.36015,17.903850000000002,9.232650000000001,12.889800000000001,58.07715,18.7821,53.3781,12.0912,42.251850000000005,19.71195,16.17195,8.496450000000001,8.567400000000001,10.884900000000002,11.58855,18.3576,17.0163,17.1237,20.926650000000002,102.12885,14.98185,37.84095,20.24145,10.2813,42.261300000000006,16.3629,19.9077,26.442600000000002,25.438800000000004,24.6675,23.894250000000003,24.52245,17.05185,32.40285,23.19255,19.15275,22.855800000000002,54.94245000000001,10.9959,38.23575,20.23395,13.266,17.57085,8.819700000000001,11.55765,16.69185,12.49035,25.275600000000004,30.499800000000004,26.90295,26.00745,54.1809,27.6075,21.57645,20.428350000000002,70.69605
70019475,58.939350000000005,21.54315,28.8039,28.304850000000005,31.976850000000002,28.689600000000002,15.397350000000001,18.6399,21.838050000000003,46.822500000000005,42.49935000000001,42.5031,77.51055,37.4463,29.4849,23.948400000000003,17.55135,41.191500000000005,36.0267,18.025800000000004,17.401500000000002,19.8429,23.28585,22.960050000000003,30.3684,70.76445000000001,48.861000000000004,17.95545,36.2772,47.488350000000004,3.5187000000000004,6.952650000000001,79.19775,66.52455,54.06615,23.261400000000002,0.0,17.204400000000003,65.87745000000001,17.12445,17.2005,32.82765,22.343550000000004,23.6886,76.39725,41.4003,38.721450000000004,14.689050000000002,18.651,29.253899999999998,52.06335000000001,30.793050000000004,10.6053,55.52265,37.06665,32.19915,17.557650000000002,77.73450000000001,30.386100000000003,51.82995000000001,6.0525,31.3812,77.0355,50.60820000000001,26.994600000000005,20.946900000000003,31.0377,31.8459,102.58845000000001,27.0603,3.6223500000000004,19.42545,6.9153,22.30095,85.63695000000001,18.1749,21.954,15.943800000000001,25.875,53.7096,18.57585,17.31345,24.095100000000002,24.2514,11.639700000000001,29.238600000000005,37.658550000000005,23.8932,32.295,20.274900000000002,9.7878,10.142700000000001,33.8757,85.41735000000001,37.121100000000006,21.34635,3.7318500000000006,42.1059,90.2085,31.192050000000002,11.5686,11.52945,19.11135,26.828100000000003,10.494,26.257050000000003,55.44405,28.92315,6.1122000000000005,23.045550000000002,28.852050000000002,19.76625,20.419050000000002,23.01045,27.311700000000002,20.55285,17.574150000000003,64.79820000000001,17.76705,51.77745000000001,21.498900000000003,36.34275,26.97195,21.9018,28.611600000000003,19.8876,20.2926,16.25475,38.472750000000005,22.2573,26.531399999999998,35.532300000000006,96.21975,21.22155,17.01075,29.64915,14.965650000000002,36.3522,29.565,29.3154,38.3973,22.4997,15.445050000000002,31.841250000000002,32.46960000000001,26.4597,36.58395,25.858500000000003,28.560600000000004,37.46145,61.663650000000004,21.3897,41.7888,29.64165,33.38115,32.176500000000004,14.495400000000002,14.22645,21.3762,19.1235,29.456850000000003,24.281100000000002,9.628950000000001,35.41515,57.980700000000006,9.36345,30.984300000000005,29.836050000000004,77.4171
70019476,71.1936,15.139500000000002,25.741350000000004,25.242300000000004,28.914300000000004,25.627050000000004,14.18385,1.5039,6.3111,49.368,24.7053,24.7089,89.7648,49.70055,16.3506,20.298900000000003,0.31920000000000004,26.322300000000002,38.84895,0.8902500000000001,6.265950000000001,18.495300000000004,20.223300000000002,21.81885,27.305850000000003,74.91135000000001,61.11525,0.7231500000000001,29.34495,50.03370000000001,14.103300000000003,22.63545,81.156,78.7788,56.611650000000004,8.3238,17.65845,0.0,65.5014,8.224950000000002,9.31185,29.765100000000004,8.9646,8.161650000000002,88.6515,26.53125,23.85225,5.0535000000000005,4.376250000000001,16.119600000000002,54.608850000000004,43.22430000000001,22.731900000000003,55.146750000000004,20.818350000000002,19.06485,26.350350000000002,89.98875000000001,19.06125,54.37545000000001,11.959650000000002,43.4715,89.28975000000001,53.153549999999996,23.932050000000004,28.941750000000003,17.903100000000002,30.24405,114.84270000000001,23.99775,14.2071,13.445550000000003,22.59825,19.238400000000002,86.10075,5.326350000000001,18.8913,14.8026,9.62655,56.255100000000006,34.2588,21.6825,8.568150000000001,36.47655,8.0688,26.176050000000004,49.9128,36.2724,30.69315,4.74795,12.172500000000001,12.527400000000002,45.96615,85.04145000000001,43.58715,18.283800000000003,13.85715,54.2325,102.46275,16.8621,23.69535,23.656050000000004,9.2796,13.693800000000001,22.62075,23.1945,59.094,15.78885,12.0195,7.5186,25.789350000000002,13.11435,6.8592,19.947750000000003,24.24915,3.37815,7.742400000000001,64.42229999999999,21.08175,59.72325,18.43635,48.597,10.723650000000001,20.7606,15.477300000000001,2.7129,17.230050000000002,15.041250000000002,20.690250000000002,21.1161,23.46885,17.7381,108.474,9.83445,32.69355,26.586600000000004,2.7885,48.60645,14.038050000000002,26.252850000000002,32.78775,27.73845,26.96715,30.2394,30.86775,23.397150000000003,20.3355,26.03205,25.498050000000003,19.667250000000003,61.28775,5.14125,44.5809,26.579100000000004,20.246850000000002,16.64955,5.2473,10.698900000000002,7.8165000000000004,18.8355,13.208400000000001,39.35685,21.755550000000003,32.3526,60.52605,22.4601,27.921750000000003,26.773500000000002,77.0412
70019480,62.82285,55.655100000000004,42.46365,43.5702,39.616350000000004,42.74175,53.23620000000001,63.4533,59.25855,19.30395,76.4175,76.42125,57.36735000000001,39.340050000000005,63.5955,46.126200000000004,63.766799999999996,71.8434,29.2485,63.88635000000001,66.67110000000001,49.06575,48.373050000000006,47.90175,41.88975,30.77115,29.816850000000002,63.552600000000005,37.203300000000006,25.1898,67.57095000000001,68.81025000000001,30.802350000000004,34.25295,18.9693,57.37215,65.85645000000001,64.5879,0.0,66.39420000000001,59.28660000000001,39.37995,56.454299999999996,60.083400000000005,59.1819,72.05235,69.3735,59.72625,67.92060000000001,63.36450000000001,18.10095,92.65065,74.65755,10.7802,86.84805,61.7079,46.8198,57.59145000000001,47.817600000000006,19.125,62.41470000000001,37.12125,59.82015,17.1126,45.105000000000004,47.11410000000001,52.1553,39.13065,56.66715,42.6345,67.67460000000001,53.5374,68.77305,52.451100000000004,24.037650000000003,61.8048,47.834700000000005,55.1973,75.91965,18.612750000000002,80.43360000000001,50.82795000000001,63.91335000000001,41.30055,65.0793,42.090450000000004,38.983200000000004,41.21985,38.4144,61.726200000000006,59.22120000000001,58.82520000000001,39.615750000000006,22.978350000000002,30.0957,51.49665,64.3122,106.15815000000002,49.7769,65.30265,75.62085,75.58170000000001,68.38095000000001,60.1266,74.54625,44.36745,15.252150000000002,63.033750000000005,62.4744,62.8638,41.9568,53.87820000000001,69.68865,51.310950000000005,45.61905,65.3664,66.84375,1.5211500000000002,50.22720000000001,26.704050000000002,49.27215,40.7412,73.93785000000001,48.39,62.72220000000001,64.70115,50.4429,54.88515,63.675000000000004,48.31245,43.133700000000005,75.1524,65.43285,68.93595,78.8685,44.47995,64.2354,40.750800000000005,69.38325,40.19955,33.3939,43.14660000000001,47.436600000000006,39.126000000000005,38.36055,42.0879,86.6286,44.0994,43.3914,77.08155000000001,11.42745,67.12950000000001,25.139550000000003,44.47245,64.70700000000001,71.79660000000001,59.532450000000004,56.99445000000001,70.6458,49.6101,79.50150000000001,42.707550000000005,73.6812,37.87545,20.823300000000003,73.41570000000002,36.85215,41.479350000000004,14.9781
70019482,71.67435,15.62025,26.222100000000005,25.723050000000004,29.3949,26.10765,14.66445,6.2721,9.47025,49.84875,30.131550000000004,30.135300000000004,90.2454,50.1813,19.50975,20.77965,5.18355,29.48145,39.329550000000005,5.658,3.8905499999999997,18.97605,20.7039,22.2996,27.786600000000004,75.39210000000001,61.596000000000004,5.58765,29.8257,50.51445000000001,14.291550000000003,22.8237,81.6366,79.25955,57.0924,11.482800000000001,17.84655,4.83645,65.98215,0.0,9.7926,30.245850000000004,12.123750000000001,11.3208,89.13225,29.6904,27.0114,5.53425,5.140200000000001,19.278750000000002,55.089600000000004,41.32815,20.432100000000002,55.627500000000005,24.698850000000004,22.224,26.831100000000003,90.46950000000001,22.2204,54.85620000000001,12.147900000000002,43.95225,89.7705,53.634299999999996,24.412650000000003,29.422500000000003,21.062250000000002,30.72465,115.32345000000001,24.4785,14.395199999999999,13.926300000000001,22.786350000000002,19.719,86.5815,5.8071,19.37205,15.28335,13.5072,56.735850000000006,34.4469,22.16325,11.7273,39.5154,8.256900000000002,26.656800000000004,50.3934,39.157050000000005,31.1739,7.9071,12.360750000000001,12.715650000000002,46.44675,85.52220000000001,44.0679,18.764550000000003,14.045250000000001,52.33635,102.9435,20.021250000000002,21.395400000000002,21.356250000000003,5.6004000000000005,16.85295,20.320800000000002,23.675250000000002,59.57475,18.948,12.2076,10.6776,26.270100000000003,13.5951,6.9081,20.4285,24.729750000000003,8.18505,4.0632,64.90305,21.562350000000002,60.204,18.9171,49.07775,14.60415,21.24135,18.636300000000002,7.5198,17.710800000000003,15.522,23.849400000000003,21.59685,23.9496,23.1645,108.95475,6.155400000000001,32.881800000000005,27.067350000000005,2.59785,49.0872,17.1972,26.733600000000003,33.2685,28.219050000000003,27.447750000000003,30.72015,31.3485,23.877750000000002,24.216150000000003,26.512800000000002,25.97865,25.093500000000002,61.768350000000005,9.0219,45.06165,27.059850000000004,23.406000000000002,19.8087,5.72805,11.17965,7.8652500000000005,19.31625,17.08905,39.54495,19.58745,32.83335,61.0068,18.780900000000003,28.402350000000006,27.254250000000003,77.52195
70019495,61.57020000000001,9.657150000000001,20.25915,19.75995,23.43195,20.1447,6.1686,8.087250000000001,7.416450000000001,43.88565,28.298850000000005,28.302600000000005,80.14125,40.07715,14.7315,14.816699999999999,8.40075,26.43795,33.366600000000005,8.5203,11.304900000000002,13.01295,14.74095,13.8036,21.82365,69.429,51.49185000000001,8.18655,23.8626,44.551350000000006,13.937550000000002,22.4547,75.67365000000001,69.1554,51.1293,8.508000000000001,17.49255,9.22185,60.01905,11.028,0.0,24.28275,6.36075,7.9341,79.02810000000001,26.6469,23.96805,3.9883500000000005,12.554550000000003,14.5005,49.1265,43.058550000000004,22.566000000000003,49.6644,33.02745,17.44575,18.3351,80.36535,17.44245,48.893100000000004,11.7939,37.9893,79.66635000000001,47.6712,18.4497,20.9265,16.28415,21.74175,105.2193,18.515400000000003,14.0412,7.9632000000000005,22.4175,13.756050000000002,80.61840000000001,6.4386,13.4091,6.78735,22.0989,50.77275,34.078050000000005,13.667250000000001,9.8946,27.4497,11.8041,20.6937,40.28925,27.0915,22.19085,6.360150000000001,8.6004,8.204400000000001,40.4838,79.5591,38.10495,12.801449999999999,13.69125,54.06660000000001,92.83935000000001,16.438650000000003,23.52945,23.4903,13.0149,12.07455,22.45485,17.71215,53.61165,14.16975,11.8536,8.84505,20.30715,7.632000000000001,14.32245,14.465550000000002,18.766800000000003,10.000200000000001,11.4777,58.93995000000001,13.066500000000001,54.4083,12.954,38.973600000000005,20.1171,12.745500000000002,13.858050000000002,9.334950000000001,11.74785,7.026000000000001,23.719350000000002,13.10085,17.9865,21.3318,98.8506,13.56975,32.512800000000006,21.104400000000002,8.869200000000001,38.983050000000006,15.364500000000001,20.770500000000002,27.3054,19.7232,18.951900000000002,21.7371,22.36545,17.914800000000003,32.808,18.016800000000003,20.0157,23.26095,55.8054,11.763300000000001,36.912,21.09675,18.627750000000002,17.976000000000003,3.7947000000000006,6.3736500000000005,15.279750000000002,9.96705,25.68075,27.4794,21.589800000000004,26.8704,55.04370000000001,21.3243,22.439400000000003,21.291150000000002,71.55885
70019508,51.57165,15.08835,4.35315,5.459700000000001,1.3434000000000001,4.6312500000000005,17.4012,27.61845,23.4237,23.15865,38.7516,38.75535000000001,70.1427,32.03925,25.51245,10.29135,27.931800000000003,34.17765,15.114150000000002,28.0515,30.836100000000005,13.23075,9.715950000000001,12.6717,7.8229500000000005,48.702000000000005,41.493300000000005,27.717600000000004,5.6103,23.824350000000003,28.723350000000003,37.24065,54.9465,59.156850000000006,30.402300000000004,21.537300000000002,32.2785,28.75305,39.29205,30.5592,23.4516,0.0,20.619300000000003,24.24855,69.02955,34.3866,31.707600000000003,23.891250000000003,32.085750000000004,25.28145,28.399500000000003,57.844350000000006,37.35195,28.9374,51.013200000000005,24.346500000000002,18.26085,70.3668,9.54465,28.166100000000004,26.579850000000004,23.83395,69.6678,26.944200000000002,6.9945,15.78195,14.04495,8.92485,95.22075000000001,7.15455,28.82715,17.702550000000002,37.203300000000006,13.74735,59.891400000000004,25.969800000000003,11.9997,19.36245,40.0848,30.04575,48.864000000000004,16.1274,28.078350000000004,16.839000000000002,29.244300000000003,4.787850000000001,32.2515,16.6347,8.2086,25.891350000000003,23.38635,22.9902,26.32845,58.832100000000004,19.852500000000003,15.661650000000002,28.4772,68.85255,82.8408,29.467800000000004,38.3154,38.276250000000005,32.5461,21.853650000000002,37.2408,6.257099999999999,32.88465,24.9507,26.639550000000003,27.028800000000004,7.890000000000001,18.0432,33.85365,13.038,7.508700000000001,29.531399999999998,31.0089,38.21295,15.5265,33.5139,13.43715,30.935850000000006,38.102850000000004,11.6928,24.639000000000003,28.86615,14.6079,19.050300000000004,26.00925,11.02725,6.3882,39.317550000000004,88.85205,33.10095,47.298750000000005,6.3696,28.4004,30.945300000000003,33.54825,6.6747000000000005,6.952500000000001,15.758400000000002,18.877650000000003,8.920200000000001,8.15475,7.56255,50.79375,12.76725,5.2809,41.246700000000004,35.078250000000004,31.294500000000003,20.13975,6.36195,27.04125,35.96175,23.69745,21.1596,34.81095,13.775250000000002,43.6665,18.122400000000003,36.375600000000006,6.680700000000001,34.3167,36.11025,2.5308,3.369,50.83185
70019519,62.261100000000006,5.28345,16.80885,16.30965,19.981650000000002,16.6944,7.3521,8.56935,3.53025,40.43535000000001,25.536300000000004,25.5399,80.83215,40.7679,9.2556,11.3664,8.88285,20.9622,29.916300000000003,9.002400000000002,13.277550000000002,9.562650000000001,11.290650000000001,16.53975,18.373350000000002,65.9787,52.182750000000006,8.668650000000001,20.412300000000002,41.10105,18.67425,27.191550000000003,72.22335000000001,69.84615000000001,47.679,1.5204000000000002,22.22925,9.70395,56.56875,13.000650000000002,5.8932,20.83245,0.0,4.3551,79.71900000000001,21.17115,18.492150000000002,9.18645,14.5272,9.0246,45.6762,47.79525,27.3027,46.2141,32.50815,11.97,21.463350000000002,81.05625,11.966400000000002,45.442800000000005,16.5306,34.539,80.35725000000001,44.2209,14.999400000000001,26.469300000000004,10.808250000000001,21.311400000000003,105.91005,15.065100000000001,18.777900000000002,4.5147,27.1542,10.30575,77.16810000000001,8.41125,9.9588,9.0678,21.57975,47.32245,38.814750000000004,16.795650000000002,10.5198,27.544050000000002,13.776750000000002,17.2434,40.98015,27.339750000000002,21.7605,8.3328,13.3371,12.9411,37.033500000000004,76.1088,34.65465,9.35115,18.4281,58.803450000000005,93.5301,10.96275,28.26615,28.227,14.987550000000002,6.5988,27.191550000000003,14.26185,50.161350000000006,8.69385,16.590300000000003,9.47025,16.85685,4.1817,16.29525,11.01525,15.316500000000001,10.4823,13.45035,55.48965,16.194750000000003,50.79075,9.5037,39.664350000000006,19.59795,13.58445,8.3823,9.81705,8.29755,9.001050000000001,18.2436,14.42895,14.5362,20.8125,99.54135,15.542550000000002,37.24965,17.6541,10.84185,39.6738,15.98985,17.3202,23.8551,22.85145,22.080150000000003,21.30675,21.935100000000002,14.464500000000001,32.2887,20.6052,16.5654,22.741650000000003,52.35510000000001,12.245400000000002,35.6484,17.64645,13.152000000000001,17.4567,9.38025,11.11035,17.2524,9.90285,25.161600000000004,27.91245,26.326500000000003,23.41995,51.5934,28.16805,18.9891,17.84085,68.10855
70019525,67.35300000000001,9.92895,21.900750000000002,21.4017,25.07355,21.78645,12.44415,7.416900000000001,2.3778,45.5274,22.904700000000002,22.908300000000004,85.92420000000001,45.859950000000005,7.663650000000001,16.4583,7.730250000000001,18.3306,35.0082,7.8498,12.8142,14.6547,16.382550000000002,21.201,23.46525,71.07075,57.27465,7.51605,25.504350000000002,46.19310000000001,19.347900000000003,27.880050000000004,77.31525,74.93820000000001,52.771049999999995,3.3249,22.902900000000002,8.5515,61.6608,12.537300000000002,8.69385,25.924500000000002,3.9657000000000004,0.0,84.8109,18.539550000000002,15.860550000000002,8.7231,14.06385,7.98735,50.76825,48.4689,27.9765,51.30615,28.572000000000003,10.3779,25.732350000000004,86.14815,14.06235,50.534850000000006,17.204250000000002,39.6309,85.44915,49.31295000000001,20.091300000000004,31.561350000000004,12.21705,26.40345,111.0021,20.15715,19.45155,9.6066,27.8427,15.397650000000002,82.26015,7.947900000000001,15.050699999999999,14.159699999999999,17.6436,52.414500000000004,39.5034,21.06465,7.1451,32.63595,13.313400000000001,22.33545,46.0722,32.43165,26.852550000000004,3.1947000000000005,15.997650000000002,15.601650000000001,42.1254,81.20085,39.746550000000006,14.4432,19.101750000000003,59.47710000000001,98.62215000000002,7.0266,28.9398,28.90065,14.5242,5.386500000000001,27.8652,19.353900000000003,55.2534,7.1019000000000005,17.26395,6.09555,21.94875,9.27375,15.831750000000001,14.3421,20.40855,9.32985,12.98685,60.581700000000005,20.46375,55.88265,14.59575,44.7564,15.661650000000002,18.6765,6.79035,8.6646,13.38945,14.0931,12.698550000000003,19.521,19.62825,16.876350000000002,104.63340000000001,15.079050000000002,37.93815,22.746000000000002,10.3785,44.76585000000001,12.615,22.41225,28.94715,27.12045,26.349149999999998,26.3988,27.02715,19.55655,28.352550000000004,25.697100000000002,21.65745,18.805500000000002,57.44715,11.09295,40.740300000000005,22.738500000000002,11.5599,13.520550000000002,8.916900000000002,13.770900000000001,16.7889,14.994900000000001,21.2253,33.0045,27.000149999999998,28.512,56.68545000000001,27.70455,24.08115,22.932900000000004,73.20060000000001
70019527,24.918600000000005,80.7933,68.54805,71.7579,71.40825000000001,69.16590000000001,79.19520000000001,89.4123,85.21755,66.06075,110.41155,110.4153,17.0832,44.8095,93.07950000000001,72.08520000000001,89.7258,105.83745,61.32345000000001,89.84535000000001,93.9564,75.0246,74.33205,70.46895,67.8429,32.106,47.504850000000005,89.5116,68.92305,59.5476,81.798,83.0373,39.771,30.19995,49.5633,83.33115000000001,80.08335000000001,93.7593,60.4698,93.6795,81.4521,72.25905,82.41315,86.0424,0.0,106.04640000000002,103.36755000000001,82.46985000000001,95.2059,92.8485,50.09655,106.8777,88.88445000000002,74.22810000000001,112.80705,91.9137,65.07570000000001,17.3073,77.91210000000001,51.1206,84.3318,53.04495000000001,0.63825,52.523250000000004,73.29270000000001,62.09085,81.5673,64.49175000000001,33.04365,68.5935,81.90165,79.49640000000001,83.0001,78.4101,50.905049999999996,87.76365,73.79355,76.6665,101.87865000000001,48.70995,94.66065,70.17165,89.8722,56.89725000000001,88.19460000000001,68.04345,45.021750000000004,56.539049999999996,64.94085000000001,87.68520000000001,81.9348,81.5388,55.53945000000001,52.0158,57.670350000000006,77.4555,82.01100000000001,120.38505,29.78115,91.26165,89.84790000000001,89.80875,95.66625,89.42085,88.7733,72.5553,53.5185,92.51775,84.39150000000001,88.82265,67.90995000000001,79.83720000000001,96.97395000000002,80.60595,73.8069,91.32525000000001,94.12905,61.5084,69.57075,50.421299999999995,75.23100000000001,45.20505000000001,99.89670000000001,71.04270000000001,92.20620000000001,90.66000000000001,76.40175,78.08925,97.66905,70.87965,69.09255,101.11140000000002,21.105,96.22125000000001,93.0954,72.6678,91.5207,45.2145,95.34225,66.66270000000002,69.7923,62.067299999999996,66.32205,64.48710000000001,65.11545000000001,68.04675,112.5876,66.6666,71.57910000000001,103.04055,52.63905,93.08835,60.282000000000004,72.6603,98.70105,97.7556,82.27605,79.70805,97.9311,75.5691,105.46034999999999,56.934450000000005,87.90825000000001,72.76245000000002,45.72435000000001,87.64275,68.33160000000001,69.40425,62.430600000000005
70019529,86.0781,24.308550000000004,38.86605,39.97260000000001,39.467850000000006,39.14415,26.823600000000003,27.691200000000002,22.6521,55.66425,6.144150000000001,6.147900000000001,104.64915000000002,66.54570000000001,13.818000000000001,30.8379,28.004550000000002,1.5702,53.77485000000001,28.124100000000002,33.0885,29.0343,30.76215,36.011250000000004,42.32715,81.20760000000001,75.99975,27.790350000000004,44.271,56.32995000000001,38.14575,46.663050000000005,87.45225,93.66315,62.9079,20.7657,41.7009,28.82565,71.79765,32.81145,26.636550000000003,40.31865,21.014400000000002,18.537750000000003,103.536,0.0,2.8875,28.9974,34.338,13.587000000000002,60.905100000000004,67.26675,46.774350000000005,61.443000000000005,25.808100000000003,17.475900000000003,40.935,104.87325000000001,25.5339,60.67170000000001,36.002250000000004,58.3404,104.17425,59.449799999999996,34.4709,50.28615,23.8365,45.12825,129.7272,34.536750000000005,38.249550000000006,23.9862,46.6257,30.347850000000005,92.397,28.222050000000003,29.430300000000003,28.539300000000004,22.05045,62.551350000000006,58.2864,36.26715,21.861300000000004,51.34545000000001,33.58755,39.3006,66.75795000000001,51.14115,46.0137,23.4747,32.80875,32.412600000000005,60.834900000000005,91.33770000000001,58.513200000000005,31.912200000000002,37.89960000000001,78.27495,117.3471,13.053,47.73780000000001,47.6985,34.798350000000006,16.8006,46.6632,33.7335,65.39025000000001,13.4772,36.06195,20.81175,36.32835000000001,23.65335,30.61845,29.638350000000003,31.9308,28.243350000000003,33.26115,70.71855,35.666250000000005,78.9162,28.975350000000002,65.44215,20.0685,33.0561,14.556300000000002,27.903600000000004,27.769050000000004,28.4727,8.66085,33.900600000000004,34.007850000000005,11.050500000000001,123.35835,35.353350000000006,56.72115,37.47225,30.65265,65.4516,14.013000000000002,41.17875,45.9609,42.32295,41.55165,45.1236,46.2249,33.936,27.493050000000004,40.0767,39.793800000000005,10.876650000000001,67.584,26.338050000000003,59.50695000000001,37.4799,10.1865,17.94825,29.191050000000004,30.582,37.0632,29.3745,25.63215,52.62870000000001,45.798,44.2164,66.8223,45.532650000000004,42.84765,37.37805,83.33745
70019539,83.3151,21.545550000000002,36.10305,37.2096,36.70485000000001,36.38115,24.060750000000002,24.9282,19.8891,52.901250000000005,7.8828000000000005,7.886550000000001,101.88615000000001,63.782700000000006,11.055000000000001,28.0749,25.241550000000004,3.3088500000000005,51.01185,25.361100000000004,30.3255,26.271300000000004,27.99915,33.2484,39.56415,78.44460000000001,73.23675,25.027350000000002,41.508,53.566950000000006,35.3829,43.90005,84.68925,90.90015,60.1449,18.0027,38.9379,26.062649999999998,69.03465,30.04845,23.8737,37.555800000000005,18.2514,15.774750000000001,100.77300000000001,3.5178,0.0,26.2344,31.575000000000003,10.824,58.142100000000006,64.5039,44.01135000000001,58.68000000000001,27.546750000000003,14.712900000000001,38.172000000000004,102.11025000000001,22.7709,57.90870000000001,33.23925,55.577400000000004,101.41125000000001,56.6868,31.7079,47.52315,21.073500000000003,42.36525,126.9642,31.773750000000003,35.48655,21.2232,43.862700000000004,27.584850000000003,89.634,25.45905,26.6673,25.776300000000003,23.7891,59.78835000000001,55.5234,33.50415,19.098300000000002,48.58245,30.824550000000002,36.53775,63.99495000000001,48.37815,43.2507,20.7117,30.04575,29.649600000000003,58.0719,88.5747,55.75020000000001,29.149350000000005,35.1366,75.51195000000001,114.58409999999999,10.290000000000001,44.9748,44.93565,32.03535,14.0376,43.9002,30.9705,62.627250000000004,10.714200000000002,33.29895,18.048750000000002,33.56535,20.89035,33.343050000000005,26.875350000000005,29.167800000000003,25.60545,30.49815,67.95555,32.9034,76.15320000000001,26.212350000000004,62.67915,21.80715,30.293100000000003,11.7933,26.1759,25.006050000000002,25.7097,5.89785,31.137600000000003,31.244850000000003,12.789150000000001,120.59535,32.59035,53.95815,34.7094,27.88965,62.68860000000001,15.751650000000001,38.4159,43.1979,39.560100000000006,38.7888,42.360600000000005,43.4619,31.17315,29.2317,37.313700000000004,37.030800000000006,12.615300000000001,64.821,28.0767,56.743950000000005,34.7169,7.423500000000001,19.687050000000003,26.428050000000002,27.819000000000003,34.300200000000004,26.611500000000003,27.37095,49.86585,43.035000000000004,41.4534,64.0593,42.76965,40.08465,34.615050000000004,80.57445000000001
70019549,62.14560000000001,12.9621,20.22285,19.7238,23.3958,20.10855,6.8163,7.751400000000001,8.2521,42.521100000000004,28.9134,28.91715,80.71665,40.6524,18.2916,15.36735,6.66285,28.2633,33.33045,7.1373,6.513000000000001,11.26185,14.704800000000002,14.379000000000001,21.7875,68.06445000000001,52.06725,7.06695,23.82645,43.186800000000005,13.0467,21.5787,74.3091,69.73065,49.76475,10.264650000000001,16.6017,6.31575,59.9829,6.235950000000001,4.7574000000000005,24.2466,10.9056,10.10265,79.60350000000001,28.472250000000003,25.79325,0.0,7.7625,18.0606,47.76195,42.1677,21.675150000000002,49.62825,26.17815,21.005850000000002,18.91035,80.94075000000001,21.00225,47.52855,10.90305,34.587300000000006,80.24175000000001,46.30665,18.41355,21.501900000000003,19.8441,22.31715,105.7947,18.47925,13.15035,10.84455,21.541500000000003,13.7199,80.58225,4.5889500000000005,13.37295,7.36275,14.986500000000001,49.40820000000001,33.20205,14.242650000000001,10.509150000000002,28.025100000000005,7.01205,20.65755,40.86465,27.66675,22.766250000000003,6.688950000000001,6.652950000000001,6.256950000000001,37.08195,79.52295000000001,38.0688,12.765300000000002,12.800400000000002,53.17575,93.41460000000001,18.8031,22.6386,22.59945,8.22285,15.634800000000002,21.564,17.676000000000002,53.575500000000005,17.72985,10.96275,9.45945,20.271,12.376949999999999,9.53055,14.429400000000001,18.73065,9.66435,6.685650000000001,58.9038,13.64175,54.983700000000006,12.91785,39.54885,20.731650000000002,13.32075,17.41815,8.9991,11.7117,7.673700000000001,22.63125,13.676250000000001,17.95035,21.9462,99.42585,8.77785,31.636950000000002,21.068250000000003,4.0771500000000005,39.5583,15.979050000000003,20.73435,27.269250000000003,20.29845,19.527150000000002,22.3125,22.94085,17.87865,25.69545,18.5922,19.979550000000003,23.87535,55.76925000000001,10.5012,37.48725,21.0606,22.18785,18.590400000000002,0.1938,5.6454,10.4877,10.54245,18.56835,28.05465,20.698800000000002,26.834100000000003,53.67915,21.40335,22.40325,21.255000000000003,71.52270000000001
70019554,74.3391,18.284850000000002,28.886850000000003,28.38765,32.05965,28.7724,17.3292,4.71,12.135000000000002,52.51335,26.917800000000003,26.921550000000003,92.91015,52.8459,22.17435,23.4444,4.229850000000001,32.14605,41.9943,4.80105,1.8897,21.64065,23.368650000000002,24.9642,30.451350000000005,78.0567,64.26075,5.20065,32.490300000000005,53.17905,16.95615,25.488300000000002,84.30135000000001,81.92415,59.757000000000005,14.147550000000003,20.511300000000002,4.63485,68.64675,3.8487000000000005,12.4572,32.91045,14.78835,13.985550000000002,91.79700000000001,32.355000000000004,29.67615,8.19885,0.0,21.943350000000002,57.754200000000004,41.50875,20.6127,58.292100000000005,23.03085,24.88875,29.4957,93.13425000000001,24.88515,57.5208,14.812650000000001,46.617000000000004,92.43525000000001,56.2989,27.0774,32.087250000000004,23.726850000000002,33.3894,117.98805,27.143100000000004,17.05995,16.5909,25.451100000000004,22.383750000000003,89.24610000000001,8.4717,22.036800000000003,17.94795,11.839200000000002,59.400450000000006,37.11165,24.827850000000005,14.391900000000001,42.18,10.921650000000001,29.3214,53.05815,41.8218,33.8385,10.571700000000002,15.02535,15.38025,49.1115,88.1868,46.73265,21.429150000000003,16.71,52.51695000000001,105.6081,22.685850000000002,21.576,21.53685,5.78115,19.517550000000004,20.5014,26.339850000000002,62.23935000000001,21.6126,14.87235,13.34235,28.934850000000004,16.25985,2.48295,23.09325,27.3945,6.62295,4.2438,67.56765,24.2271,62.868750000000006,21.5817,51.74235,12.936150000000001,23.906100000000002,21.301050000000004,5.957700000000001,20.37555,18.186600000000002,26.514000000000003,24.26145,26.6142,19.9506,111.61935,6.336,35.5464,29.732100000000003,5.262600000000001,51.751799999999996,19.86195,29.3982,35.9331,30.883800000000004,30.1125,33.384750000000004,34.0131,26.5425,22.548150000000003,29.177550000000004,28.6434,21.87975,64.43310000000001,7.353900000000001,47.7264,29.72445,26.07075,22.473300000000002,8.392650000000001,13.844400000000002,3.4402500000000003,21.981,15.421050000000003,42.2097,19.768050000000002,35.4981,63.671549999999996,18.9615,31.067100000000003,29.918850000000003,80.18655
70019576,72.09360000000001,12.732300000000002,24.881550000000004,24.205050000000004,25.483350000000005,25.15965,15.2475,16.11495,11.07585,45.21210000000001,19.629900000000003,19.633650000000003,90.66465000000001,52.56120000000001,1.24065,19.261650000000003,16.428300000000004,15.05595,39.790350000000004,16.54785,21.51225,17.458050000000004,19.1859,24.435150000000004,28.34265,70.75545000000001,62.01525,16.214100000000002,30.2865,45.87795,26.56965,35.086800000000004,77.0001,79.67865,52.4559,9.18945,30.12465,17.2494,61.34565,21.23535,15.06045,26.33415,9.43815,7.2486,89.5515,15.264750000000001,12.5859,17.42115,22.761750000000003,0.0,50.453100000000006,55.69065,35.198100000000004,50.991,30.097649999999998,3.6276,29.35875,90.88875,14.3565,50.21970000000001,24.426000000000002,44.3559,90.18975,48.997800000000005,22.894650000000002,36.30165,9.846900000000002,31.14375,115.74270000000001,22.9605,26.6733,12.40995,35.049600000000005,16.344900000000003,81.94500000000001,16.64595,17.85405,16.963050000000003,19.16925,52.09935000000001,46.71015,24.6909,13.23915,37.36095,22.011300000000002,25.316100000000002,52.773450000000004,37.15665,32.0292,12.624300000000002,21.2325,20.83635,46.8504,80.88555,44.5287,17.246550000000003,26.323350000000005,66.6987,103.3626,7.5393,36.161550000000005,36.1224,23.2221,4.895700000000001,35.08695,22.15725,54.938250000000004,2.19165,24.4857,12.1896,24.752100000000002,12.0771,24.5298,15.6354,20.75325,18.027900000000002,21.684900000000003,60.26655,24.09015,64.9317,17.3991,51.45765,17.18745,21.47985,3.22065,17.362650000000002,16.192800000000002,16.89645,9.901200000000001,22.32435,22.4316,18.402,109.37385,23.7771,45.1449,23.487750000000002,19.07655,51.4671,15.2037,27.19425,31.976399999999998,30.746850000000006,29.975550000000002,31.139100000000003,32.2404,22.359900000000003,29.8782,28.50045,24.460800000000003,14.721449999999999,57.13185000000001,18.864150000000002,45.52245,23.495400000000004,4.8096000000000005,15.046199999999999,17.61495,19.005750000000003,25.48695,17.79825,22.7511,38.6442,34.22175,30.2319,56.3703,33.9564,28.86315,23.39355,72.88545
70029285,44.400600000000004,44.608050000000006,31.416600000000003,32.52315,28.569300000000002,31.6947,42.18915,52.4064,48.2115,7.383900000000001,65.37045,65.3742,34.99725,26.5197,52.54860000000001,35.0793,52.719750000000005,60.7965,16.46235,52.8393,55.62405,38.0187,37.32615,35.44215,30.8427,21.03135,17.6406,52.50555,26.156399999999998,8.095650000000001,54.7848,56.024100000000004,27.276,24.5133,2.73165,46.325100000000006,53.070299999999996,53.541000000000004,19.56015,55.34715,46.889700000000005,28.333050000000004,45.407250000000005,49.036500000000004,49.44225,61.00545000000001,58.32645000000001,47.907450000000004,56.87370000000001,52.317600000000006,0.0,79.8645,61.8714,11.8155,75.80115,50.661,34.03365,35.22135,36.7707,1.0239,50.5659,24.3351,50.0805,2.4267,34.05795,31.5639,41.108250000000005,28.083600000000004,60.13770000000001,31.58745,54.888450000000006,42.490500000000004,55.9869,41.404050000000005,33.7152,50.75775,36.78765,42.1041,64.8726,2.3751,67.64745,35.60925,52.866299999999995,28.5144,50.28210000000001,31.0434,26.162850000000002,28.4337,27.367500000000003,50.6793,47.3724,46.9764,26.829600000000003,34.82595,17.30955,40.449600000000004,54.99795000000001,93.372,47.75775,54.255750000000006,62.834700000000005,62.79555,57.33405,49.079550000000005,61.76010000000001,33.320550000000004,4.10955,51.986850000000004,50.625600000000006,51.816750000000006,30.909750000000003,42.83115,58.641600000000004,40.2639,34.57215,54.31935000000001,55.796850000000006,20.598750000000003,35.008500000000005,14.527800000000003,38.225100000000005,27.921000000000003,62.8908,37.05735000000001,51.6753,53.65410000000001,39.39585,43.83825,52.627950000000006,35.852850000000004,32.08665,64.1055,51.531000000000006,57.8889,66.08235,33.43305,53.18835000000001,27.93045,58.336200000000005,29.152500000000003,22.34685,30.36045,34.65045,28.07895,27.31365,31.040850000000002,75.58170000000001,31.63965,32.344350000000006,66.03465,9.2994,56.08245000000001,12.3534,33.425399999999996,53.66010000000001,60.74970000000001,47.71365,45.14565,59.5989,38.5632,68.45445000000001,29.9214,60.89505,26.828550000000003,6.6462,60.62970000000001,25.805100000000003,30.43245,24.5067
70029798,87.10965,47.3889,54.6498,54.15075,57.82260000000001,54.53535000000001,41.243100000000005,43.78830000000001,48.80115,74.99295000000001,65.99610000000001,65.99985000000001,105.68084999999999,65.6166,55.330799999999996,49.7943,43.30815,67.03725,64.19715000000001,43.87935,38.55585000000001,45.68865,49.131600000000006,48.805800000000005,56.2143,98.93475000000001,77.0313,44.27895,58.2534,75.65865000000001,29.36445,23.999550000000003,107.36805,94.69485,82.23660000000001,50.813700000000004,31.49565,43.713,94.04775000000001,40.515,43.0464,58.67355,48.18945,50.651700000000005,104.56755,67.2462,64.56720000000001,44.86515,39.078300000000006,55.0998,80.2338,0.0,22.3392,83.6931,62.10915,58.045049999999996,45.72795,105.90495000000001,56.23185000000001,80.0004,31.89825,59.551500000000004,105.20595000000002,78.77850000000001,52.84035000000001,49.117200000000004,56.88345000000001,60.016200000000005,130.75875000000002,52.906200000000005,29.46825,45.271350000000005,24.179550000000003,48.1467,113.80740000000002,45.13785000000001,47.79975,41.789550000000006,50.917500000000004,81.88005,12.21705,45.4839,51.05805,52.421850000000006,37.48545,55.084500000000006,65.82885,52.063500000000005,60.4653,47.23785,35.6337,35.988600000000005,62.04600000000001,113.58765000000001,65.2914,47.19225,29.577600000000004,13.7355,118.3788,57.03795000000001,23.302650000000003,23.26335,36.455850000000005,52.67385000000001,22.2279,52.10295000000001,83.6145,54.76905,31.958100000000005,50.008500000000005,54.6978,45.61215,40.8462,48.8562,53.157450000000004,45.70125,38.00145,92.9685,45.93735,79.9479,47.344800000000006,64.51304999999999,52.01445000000001,47.7477,54.457350000000005,45.036,46.1385,42.10065,64.31865,48.10305,52.3773,59.0289,124.39005,35.52375,13.99185,55.49505,41.92875,64.52250000000001,56.5281,55.1613,66.56775,50.67,43.61535000000001,60.01155,60.639900000000004,52.30545000000001,61.626450000000006,53.019000000000005,54.40635,60.95805,89.83395000000002,46.4322,69.9591,55.48755,59.22705,59.13945000000001,40.34115,40.07235000000001,41.8035,44.96925,54.49920000000001,52.4514,22.2651,61.26105,86.15100000000001,22.101000000000003,56.83005,55.68195000000001,105.58755000000001
70030492,69.2565,26.838,34.0989,33.5997,37.2717,33.98445,20.6922,23.3631,28.37595,57.13965,45.5709,45.57465,87.82770000000001,47.76345,34.77975,29.243250000000003,22.883100000000002,46.48635,46.34385,23.454150000000002,18.130650000000003,25.13775,28.5807,28.2549,35.6634,81.08160000000001,59.17815,23.85375,37.70235,57.8055,8.813550000000001,17.269800000000004,89.5149,76.8417,64.3833,28.5564,10.94475,23.28795,73.85895000000001,20.089800000000004,22.495350000000002,38.12265,27.6384,30.2265,86.7144,46.6953,44.0163,19.984050000000003,18.653100000000002,34.548750000000005,62.38065,22.23285,0.0,63.50415,41.68395,37.49415,27.874800000000004,88.05165000000001,35.68095,62.14725000000001,11.34735,41.698350000000005,87.35265,60.92535000000001,32.28945,31.264050000000005,36.332550000000005,36.19305000000001,112.90559999999999,32.35515,8.917200000000001,24.72045,17.23245,27.595800000000004,95.95410000000001,24.7128,27.248850000000004,21.238650000000003,30.492300000000004,64.0269,20.61615,27.630600000000005,30.633000000000003,34.5687,16.93455,34.53345,47.9757,34.210350000000005,36.64215,26.812800000000003,15.082800000000002,15.437550000000002,44.19285000000001,93.39885000000001,47.438250000000004,26.6412,9.0267,33.240899999999996,100.52565000000001,36.4869,1.3102500000000001,1.2711000000000001,16.03065,32.12295,0.11115,31.55205,65.76135000000001,34.218,11.40705,29.58345,34.1469,25.061100000000003,20.42115,28.305300000000003,32.606550000000006,25.27605,17.57625,72.7797,27.51765,62.094750000000005,26.793750000000003,46.6599,31.589250000000003,27.196649999999998,33.90645,24.6108,25.587600000000002,21.5496,43.7676,27.55215,31.82625,38.60385,106.53690000000002,15.098550000000001,19.050900000000002,34.94415,21.50355,46.66935,36.1029,34.61025,41.14515,32.81685,25.7622,36.1884,36.81675,31.754550000000002,41.20125,32.46810000000001,33.85545,40.533,69.64515,26.007,52.10595000000001,34.9365,38.67615,38.7144,19.79025,19.521300000000004,21.378300000000003,24.41835,34.07415,34.59825,1.7142,40.71015,68.29785000000001,2.1876,36.27915,35.13105,85.3986
70030496,52.9554,45.78765,32.5962,33.70275,29.7489,32.874300000000005,43.368750000000006,53.58585000000001,49.3911,9.4365,66.55005,66.5538,46.40955,29.472600000000003,53.72820000000001,36.2589,53.899350000000005,61.975950000000005,19.3812,54.0189,56.80365,39.1983,38.5056,38.0343,32.0223,32.44365,26.6769,53.68515,27.335850000000004,15.32235,57.703500000000005,58.94295000000001,30.767100000000003,35.9256,14.14395,47.5047,55.989000000000004,54.72045000000001,10.83675,56.52675,49.41915,29.512500000000003,46.586850000000005,50.21595000000001,70.4133,62.1849,59.50605,49.858799999999995,58.05315,53.49720000000001,12.141150000000001,82.78335000000001,64.79010000000001,0.0,76.98060000000001,51.8406,36.95235,46.63365,37.95015,11.90775,52.547250000000005,27.253800000000002,71.05155,9.79635,35.237550000000006,37.24665,42.287850000000006,29.2632,65.3799,32.767050000000005,57.80715,43.670100000000005,58.90560000000001,42.58365,32.7504,51.93735,37.96725,45.32985000000001,66.05220000000001,13.787400000000002,70.56615000000001,40.9605,54.0459,31.433100000000003,55.211850000000005,32.223,29.115750000000002,31.3524,28.54695,51.85875,49.353750000000005,48.957750000000004,29.748300000000004,31.691100000000002,20.228250000000003,41.629200000000004,54.444750000000006,96.29070000000002,58.489650000000005,55.43535000000001,65.7534,65.71425,58.5135,50.25915,64.6788,34.5,9.00255,53.166450000000005,52.6071,52.99635000000001,32.08935,44.01075,59.821200000000005,41.4435,35.7516,55.49895000000001,56.9763,9.27555,40.359750000000005,23.32635,39.4047,30.8739,64.0704,38.52255,52.85475,54.83370000000001,40.575450000000004,45.017700000000005,53.80755,38.445,33.26625,65.28495000000001,62.94315,59.0685,69.00105,34.612500000000004,54.36795000000001,30.883350000000004,59.5158,30.332100000000004,23.52645,33.27915,37.56915,29.258550000000003,28.493100000000005,32.22045,76.76115,34.23195,33.52395,67.2141,8.9616,57.26205,15.2721,34.605000000000004,54.839549999999996,61.92915,49.665000000000006,47.127,60.77835,39.74265,69.63405,32.84010000000001,63.813750000000006,28.008000000000003,18.05835,63.5484,26.9847,31.6119,23.69085
70030499,98.1879,36.4956,48.4674,47.96835000000001,51.57765,48.353100000000005,32.0037,19.237800000000004,24.7887,72.09405,24.4749,24.478650000000002,116.75895000000001,72.42660000000001,30.39375,43.024950000000004,20.6304,26.07195,61.574850000000005,20.74995,24.362550000000002,41.22135,42.949200000000005,39.6387,50.0319,97.6374,88.10955,20.4162,52.071000000000005,72.75975000000001,34.114050000000006,42.6462,103.88190000000002,105.77295000000001,79.33770000000001,26.801250000000003,37.669200000000004,21.451500000000003,88.22745,26.3217,27.131700000000002,52.428450000000005,27.4422,29.15595,115.64580000000001,26.833050000000004,28.70865,25.06425,22.845000000000002,30.162750000000003,77.3349,63.98160000000001,43.085550000000005,77.8728,0.0,33.7905,44.1702,116.98305,40.4508,77.1015,31.970399999999998,70.45020000000001,116.28405000000001,75.87960000000001,46.65795,46.7616,35.9412,52.9701,141.83700000000002,46.723800000000004,34.2177,36.17325,42.608850000000004,41.96445,108.8268,25.337100000000003,41.61735,32.62245,11.2761,78.98115,54.269549999999995,39.50235000000001,29.176350000000003,63.45525000000001,28.07955,48.902100000000004,72.63885,63.25095000000001,53.41920000000001,23.2254,32.18325,32.53815,72.94470000000001,107.76750000000001,66.31320000000001,41.00985000000001,33.8679,74.9898,129.45690000000002,27.6384,44.049,44.0097,28.254,29.915100000000002,42.9744,45.920550000000006,81.82005,30.05295,32.03025,28.126800000000003,48.5154,35.8404,20.70495,42.67380000000001,46.9752,18.32985,26.716800000000003,87.14835000000001,38.901450000000004,82.4493,41.1624,71.32305,13.19985,38.58045,30.5145,17.9901,39.956100000000006,32.86110000000001,34.48185,38.93595,46.1949,17.5077,135.46815,28.808850000000003,52.704299999999996,49.31265,21.865650000000002,71.33250000000001,21.8808,48.9789,55.513799999999996,45.55815,44.78685000000001,52.965450000000004,53.5938,46.123200000000004,1.78095,43.8519,48.22410000000001,19.43685,84.0138,16.424550000000004,67.30695000000001,49.30515,32.09760000000001,19.8348,25.25805,32.20875,22.927500000000002,41.561550000000004,8.04015,64.7385,42.2409,56.32620000000001,83.25210000000001,41.4345,50.6478,49.48785,99.76725
70030840,72.26025,12.8991,25.048350000000003,24.3717,25.65015,25.32645,15.414150000000001,16.2816,11.242650000000001,45.3789,19.84995,19.8537,90.83145,52.728,4.5357,19.42845,16.5951,15.276000000000002,39.95715,16.714650000000002,21.679050000000004,17.624850000000002,19.3527,24.6018,28.50945,70.92225,62.18205,16.3809,30.45315,46.0446,26.736300000000004,35.253600000000006,77.1669,79.84545000000001,52.62255,9.356250000000001,30.29145,17.4162,61.51245000000001,21.402,15.2271,26.50095,9.604800000000001,8.504700000000001,89.7183,15.48495,12.80595,17.58795,22.92855,6.356400000000001,50.61975,55.8573,35.3649,51.157650000000004,31.991100000000003,0.0,29.525550000000003,91.05555,14.523300000000003,50.38635000000001,24.59265,44.5227,90.35655,49.16445000000001,23.06145,36.468450000000004,10.0137,31.3104,115.90935,23.1273,26.840100000000003,12.57675,35.21625,16.5117,82.11165,16.8126,18.02085,17.12985,21.0627,52.266000000000005,46.87695,24.8577,15.13245,37.527750000000005,22.1781,25.4829,52.940250000000006,37.32345,32.196000000000005,11.4555,21.399300000000004,21.00315,47.0172,81.05235,44.6955,17.41335,26.49015,66.8655,103.52940000000001,7.7593499999999995,36.32835000000001,36.28905,23.388900000000003,5.06235,35.253750000000004,22.324050000000003,55.1049,6.025650000000001,24.6525,14.082900000000002,24.9189,12.243900000000002,24.696600000000004,15.8022,20.920050000000003,18.1947,21.8517,60.43320000000001,24.256800000000002,65.0985,17.565900000000003,51.62445000000001,19.080750000000002,21.64665,5.7141,17.52945,16.3596,17.06325,10.12125,22.491,22.5984,20.29545,109.54065000000001,23.943900000000003,45.3117,23.654550000000004,19.2432,51.633900000000004,15.423900000000001,27.361050000000002,32.14305,30.913500000000003,30.1422,31.3059,32.4072,22.526550000000004,31.77165,28.667250000000003,24.62745,14.941500000000001,57.29865,20.75745,45.68925,23.66205,5.02965,16.93965,17.7816,19.17255,25.653750000000002,17.96505,24.6444,38.811,34.38855,30.3987,56.5371,34.123200000000004,29.02995,23.56035,73.05210000000001
70031292,45.042,20.879250000000003,16.18605,15.68685,19.35885,16.0716,15.9237,25.858350000000005,25.1877,31.0482,46.070100000000004,46.0737,63.613200000000006,23.54895,30.3912,13.167900000000001,26.171850000000003,42.09765,20.2524,26.2914,29.07615,13.263449999999999,15.8532,8.342550000000001,17.032500000000002,56.86710000000001,34.96365,25.95765,18.16665,31.714050000000004,20.56635,21.8058,65.3004,52.62720000000001,38.291850000000004,24.1677,18.85185,26.99295,53.0004,28.799100000000003,19.353900000000003,20.2098,23.249850000000002,25.7052,62.499900000000004,42.3066,39.62775,20.371650000000002,30.32565,30.1602,36.28905,45.6462,27.65295,42.64575,50.79855,33.10545,0.0,63.83715,25.868850000000002,36.055800000000005,23.100150000000003,17.48385,63.13815,34.8339,14.3766,5.19915,29.524050000000003,13.735199999999999,88.6911,13.164300000000003,20.670150000000003,20.3331,21.76845,18.930300000000003,73.59975,24.20985,14.87625,14.568300000000002,39.87015,37.935300000000005,33.42915,7.29105,27.6657,10.35405,22.74645,17.233050000000002,23.7612,9.99585,14.184300000000002,24.13125,19.836750000000002,19.4406,19.97835,72.5403,23.223750000000003,17.97585,20.779500000000002,59.153549999999996,76.31115,32.09835,28.6164,28.577250000000003,30.786,27.7344,27.541800000000002,13.639199999999999,39.66975,29.82945,23.16,26.61615,17.099400000000003,20.673750000000002,32.0937,19.6398,18.1704,27.771300000000004,29.248800000000003,51.921299999999995,7.5642000000000005,37.880100000000006,16.3137,22.445400000000003,37.8882,8.944650000000001,29.517750000000003,27.106050000000003,16.9221,15.9912,39.37905000000001,8.78685,12.7857,39.1029,82.3224,31.341,31.8639,17.0313,26.640300000000003,22.45485,33.135600000000004,15.8511,20.28675,5.936100000000001,4.240950000000001,13.730550000000003,14.358900000000002,12.673050000000002,50.579100000000004,10.010250000000001,15.9426,41.032050000000005,48.78660000000001,29.534550000000003,26.0145,17.0238,34.28745,35.7471,20.178,17.61,33.050850000000004,14.442150000000002,43.452000000000005,10.383750000000001,26.676600000000004,21.951,42.2064,26.411250000000003,17.52,17.2182,64.54020000000001
70033204,37.104,80.1666,67.92135,71.1312,70.78155,68.53935000000001,78.5685,88.7856,84.59085,42.08205,109.78484999999999,109.7886,0.22410000000000002,44.1828,92.4528,71.4585,89.0991,105.21075,60.69675,89.21865,93.32970000000002,74.3979,73.70535000000001,69.84225,67.21620000000001,16.7076,33.204750000000004,88.8849,68.29635,41.28435,81.1713,82.4106,26.030250000000002,15.864150000000002,34.1649,82.70445000000001,79.45665,93.13260000000001,45.0714,93.0528,80.8254,71.63235,81.78645,85.41570000000002,16.24695,105.4197,102.74085,81.84315000000001,94.57920000000001,92.22195,34.69815,106.251,88.25775,46.51365,112.18035,91.287,64.449,0.0,77.2854,35.72205,83.7051,52.41825,16.8852,37.12485,72.66600000000001,61.464150000000004,80.9406,63.86505,25.8402,67.9668,81.27495,78.86970000000001,82.3734,77.7834,34.58415,87.13695000000001,73.16685000000001,76.0398,101.25195000000001,33.311550000000004,94.03395,69.54495000000001,89.2455,56.27055,87.56790000000001,67.41675000000001,44.395050000000005,55.91235,64.31415,87.05850000000001,81.30810000000001,80.91210000000001,54.91275,35.6949,52.10655,76.8288,81.3843,119.75835,13.46025,90.63495,89.22120000000001,89.18205,95.03955,88.79415,88.1466,71.9286,38.12010000000001,91.89105,83.7648,88.19595000000001,67.28325000000001,79.21050000000001,96.34725,79.97925000000001,73.18020000000001,90.69855,93.50235,46.11,68.94405,31.559250000000002,74.6043,44.57835000000001,99.27000000000001,70.41600000000001,91.57950000000001,90.0333,75.77505,77.46270000000001,97.04235000000001,70.25295000000001,68.46585,100.4847,17.2335,95.59455,92.46870000000001,72.0411,90.894,44.5878,94.71555000000001,66.036,57.045,61.4406,65.69535,63.8604,64.48875000000001,67.42005,111.96090000000001,66.0399,70.9524,102.41385,37.24065,92.46165,47.051550000000006,72.0336,98.07435000000001,97.1289,81.64935000000001,79.08135,97.3044,74.9424,104.83365000000002,56.307750000000006,87.28155,72.13575,30.325950000000002,87.01605,67.7049,68.77755,46.109700000000004
70033231,57.72570000000001,8.23905,10.513650000000002,11.6202,9.5364,10.79175,14.760750000000002,18.2817,13.2426,31.9368,29.516550000000002,29.520300000000002,76.29690000000001,38.19345,15.2475,16.45185,18.5952,24.942600000000002,25.422600000000003,18.714750000000002,23.679000000000002,12.800550000000001,9.19095,18.8322,13.97475,57.48015,47.64735,18.381,15.9186,32.60265,26.0829,34.6002,63.7248,65.3109,39.18045,11.356200000000001,29.638050000000003,19.416300000000003,48.070350000000005,23.4021,17.2005,10.9059,11.6049,14.0676,75.18360000000001,25.151550000000004,22.472550000000002,19.5879,24.928649999999998,15.0165,37.17765,55.203900000000004,34.7115,37.7157,40.213950000000004,14.8071,24.4215,76.52085000000001,0.0,36.9444,23.93925,29.988000000000003,75.82185000000001,35.722500000000004,13.155000000000001,21.93375,5.692200000000001,16.775850000000002,101.37480000000001,13.315050000000001,26.186550000000004,10.2231,34.562850000000005,7.76925,68.66955,18.8127,13.198500000000001,16.47645,29.285550000000004,38.8239,46.2234,22.2879,21.8271,22.993050000000004,24.1782,10.94835,38.405550000000005,22.78875,17.66145,18.0348,20.74575,20.34975,32.48265,67.61025000000001,30.16095,9.33375,25.836750000000002,66.2121,88.99485000000001,18.668550000000003,35.674800000000005,35.63565,25.389000000000003,11.588700000000001,34.6002,12.4176,41.662800000000004,14.68575,23.999100000000002,20.77755,14.041800000000002,11.22915,26.696550000000002,7.059900000000001,8.28855,20.194650000000003,23.8518,46.9911,21.687150000000003,50.563950000000006,13.205400000000001,37.0899,27.30375,17.8533,14.3742,19.529400000000003,10.1766,16.4097,16.774050000000003,17.187900000000003,12.54885,28.518300000000004,95.0061,25.943850000000005,44.658300000000004,7.807200000000001,21.2433,37.09935,27.001350000000002,12.826500000000001,15.77895,21.9102,25.038149999999998,16.7712,17.872500000000002,13.723050000000002,39.9945,18.919050000000002,11.441400000000002,30.44745,43.856550000000006,21.957900000000002,28.9179,7.814700000000001,17.8062,25.1625,19.7817,18.519000000000002,27.653850000000002,13.14075,32.867399999999996,24.27645,33.73515,14.803650000000001,43.095000000000006,33.469800000000006,14.495400000000002,9.02565,59.610150000000004
70034005,49.4634,44.069100000000006,30.87765,31.9842,28.030350000000002,31.15575,41.6502,51.8673,47.67255,6.844950000000001,64.8315,64.83525,35.3502,25.98075,52.0095,34.5402,52.1808,60.257400000000004,15.9234,52.30035,55.085100000000004,37.47975,36.78705,34.90305,30.30375,21.384300000000003,17.993550000000003,51.96660000000001,25.617300000000004,7.556700000000001,54.24570000000001,55.485150000000004,27.62895,24.86625,3.0846000000000005,45.78615,52.531200000000005,53.0019,19.9131,54.80820000000001,46.35060000000001,27.79395,44.868300000000005,48.4974,49.79520000000001,60.466350000000006,57.7875,47.36835000000001,56.33460000000001,51.7785,1.0818,79.32555,61.3323,11.27655,75.26205,50.121900000000004,33.4947,35.5743,36.23160000000001,0.0,50.02695000000001,23.796000000000003,50.43345000000001,1.8876000000000002,33.51885000000001,31.02495,40.569300000000005,27.54465,60.49065,31.0485,54.349500000000006,41.9514,55.4478,40.865100000000005,34.06815,50.2188,36.2487,41.565000000000005,64.33365,2.72805,67.1085,35.0703,52.32735,27.975300000000004,49.74315,30.504450000000002,25.6239,27.894750000000002,26.8284,50.14020000000001,46.83345,46.4373,26.2905,35.1789,16.77045,39.9105,54.458850000000005,92.83290000000001,48.1107,53.71665,62.295750000000005,62.256600000000006,56.79495000000001,48.540600000000005,61.22115,32.78145,4.4625,51.447750000000006,50.08665,51.27765,30.370800000000003,42.2922,58.102650000000004,39.72495,34.03305,53.7804,55.25775,20.9517,34.4694,14.88075,37.68615,27.381899999999998,62.351850000000006,36.5184,51.13620000000001,53.115,38.8569,43.29915,52.089000000000006,35.31375,31.547550000000005,63.5664,51.8838,57.34995000000001,65.54325,32.893950000000004,52.6494,27.3915,57.797250000000005,28.613550000000004,21.8079,29.8215,34.1115,27.540000000000003,26.77455,30.5019,75.04260000000001,31.1007,31.8054,65.49555,9.65235,55.5435,11.814300000000001,32.88645,53.121,60.21060000000001,47.1747,44.606700000000004,59.059799999999996,38.024100000000004,67.91550000000001,29.382300000000004,60.356100000000005,26.28945,6.9990000000000006,60.09060000000001,25.26615,29.893350000000005,24.85965
70042197,63.70875,15.532800000000002,22.793550000000003,22.294500000000003,25.9665,22.67925,9.387,12.629550000000002,15.8277,45.091800000000006,36.489000000000004,36.49275,82.27995000000001,42.2157,23.47455,17.93805,11.541,35.18115,35.90115,12.015450000000001,11.391150000000001,13.832550000000001,17.2755,16.9497,24.3582,75.53385,53.63055,11.9451,26.39715,45.7575,3.0400500000000004,12.9201,83.96715,71.29395000000001,52.33545000000001,17.2512,6.5950500000000005,11.19405,62.5536,11.11425,11.190150000000001,26.817300000000003,16.3332,17.678250000000002,81.1668,35.390100000000004,32.7111,8.678700000000001,12.64065,23.243550000000003,50.33265,32.16105,11.6685,52.19895000000001,31.056300000000004,26.188800000000004,21.481050000000003,82.50405,24.37575,50.099250000000005,0.0,36.150600000000004,81.80505,48.87735000000001,20.984250000000003,24.0726,25.027350000000002,24.887850000000004,107.35785,21.04995,3.1437000000000004,13.41525,12.882900000000001,16.2906,83.15295,12.16455,15.943650000000002,9.93345,19.86465,51.9789,24.54345,16.81335,18.08475,29.02095,5.6293500000000005,23.228250000000003,42.42795,28.662600000000005,25.33695,14.264550000000002,3.7774500000000004,4.132350000000001,38.645100000000006,82.09365,40.639500000000005,15.336,2.79375,43.16910000000001,94.9779,25.1817,12.63195,12.592800000000002,13.101,20.81775,11.55735,20.2467,56.14620000000001,22.9128,0.059699999999999996,17.0352,22.8417,13.7559,14.4087,17.0001,21.30135,14.5425,11.5638,61.474500000000006,16.21245,56.547000000000004,15.488550000000002,41.11215,20.9616,15.891449999999999,22.60125,13.87725,14.2824,10.2444,32.4624,16.24695,20.521050000000002,29.52195,100.98915000000001,13.656,22.978350000000002,23.638800000000003,8.95545,41.12160000000001,23.554650000000002,23.30505,29.83995,22.86915,20.21445,24.8832,25.511550000000003,20.44935,30.573600000000003,21.1629,22.550250000000002,31.451100000000004,58.33995000000001,15.37935,40.05795,23.631300000000003,27.370800000000003,26.16615,8.485050000000001,8.216099999999999,15.36585,13.113150000000001,23.4465,29.050500000000003,10.6923,29.4048,56.24985,10.4268,24.973950000000002,23.8257,74.0934
70042874,32.08485,32.27505,20.0298,23.23965,22.89,20.647800000000004,30.67695,40.89405,36.6993,19.96695,61.893299999999996,61.89705,50.6559,10.591650000000001,44.5614,23.56695,41.207550000000005,57.31935000000001,9.201150000000002,41.3271,44.111850000000004,26.506500000000003,25.813800000000004,22.326150000000002,19.324650000000002,43.90995,22.006500000000003,40.99335000000001,18.966300000000004,20.63265,33.6552,34.8945,52.34310000000001,39.67005,27.210600000000003,34.8129,31.94055,42.02865,39.021750000000004,43.8348,33.3093,23.74095,33.8949,37.52415,49.542750000000005,57.5283,54.8493,34.32705,45.36135,44.3304,25.207800000000002,58.7349,40.74165,28.667100000000005,64.2888,43.395450000000004,16.9329,50.88,29.393850000000004,24.9744,36.189,0.0,50.181000000000004,23.7525,24.77445,13.948050000000002,33.04905,15.9012,75.73395000000001,20.07525,33.75885,30.97815,34.8573,29.891850000000005,58.782450000000004,39.2454,25.27545,28.5237,53.3604,26.85405,46.51785,22.028850000000002,41.3541,8.30685,40.0518,19.52535,10.8039,7.9485,16.3503,39.16695,33.792,33.396,3.41715,58.5618,9.1371,28.937250000000002,33.86835000000001,72.24225,63.354000000000006,42.7434,41.7051,41.66595,45.8217,40.90260000000001,40.630500000000005,24.03705,28.588500000000003,43.99965,36.2487,40.3044,19.3917,31.31895,47.129400000000004,32.0877,25.28865,42.807,44.2845,37.94265,21.42795,24.92295,26.712899999999998,9.4881,51.37845000000001,22.900050000000004,43.68795,42.14175,27.88365,32.3259,49.150800000000004,22.73685,20.5743,52.59315,69.36510000000001,46.3767,44.952600000000004,24.14955,41.676,9.4977,46.824000000000005,18.14445,17.67,13.9245,18.17925,15.896550000000001,16.524900000000002,19.528650000000003,64.06935,18.5238,23.060850000000002,54.5223,34.8081,44.57025,14.9331,24.14205,50.182950000000005,49.237350000000006,34.133250000000004,31.565250000000002,48.08655,27.050850000000004,56.94225,8.79165,39.76545,22.3335,31.125,39.49995,19.81335,20.886000000000003,50.56155
70043035,24.327900000000003,80.2026,67.95735,71.16720000000001,70.81755,68.57535,78.6045,88.8216,84.62685,65.47005,109.82085,109.8246,16.4925,44.2188,92.48895,71.4945,89.13510000000001,105.24690000000001,60.73275,89.25465,93.3657,74.43390000000001,73.74135000000001,69.87825000000001,67.2522,31.515300000000003,46.91415,88.9209,68.33235,58.956900000000005,81.2073,82.4466,39.1803,29.609250000000003,48.97260000000001,82.74045000000001,79.49265,93.16860000000001,59.87910000000001,93.0888,80.8614,71.66835,81.82245,85.4517,0.5619000000000001,105.45585,102.77685,81.87915,94.61535,92.25795000000001,49.50585,106.287,88.29375,73.6374,112.21634999999999,91.32300000000001,64.485,16.7166,77.3214,50.5299,83.7411,52.45425,0.0,51.93255,72.702,61.50015,80.9766,63.90105,32.45295,68.0028,81.31095,78.90570000000001,82.4094,77.8194,50.314350000000005,87.17295000000001,73.20285000000001,76.0758,101.28795000000001,48.11925,94.06995,69.58095,89.28150000000001,56.30655,87.6039,67.45275000000001,44.431050000000006,55.948350000000005,64.35015,87.09450000000001,81.34410000000001,80.94810000000001,54.948750000000004,51.42510000000001,57.07965,76.8648,81.42045,119.79435,29.190450000000002,90.67095,89.25720000000001,89.21805,95.07555,88.83015,88.18260000000001,71.9646,52.9278,91.92720000000001,83.8008,88.23195000000001,67.31925000000001,79.2465,96.38325,80.01525000000001,73.21620000000001,90.73455,93.53835000000001,60.91770000000001,68.98020000000001,49.830600000000004,74.64045000000002,44.61435,99.30600000000001,70.45215,91.61550000000001,90.0693,75.81105,77.49870000000001,97.07835000000001,70.28895000000001,68.50185,100.5207,20.514300000000002,95.63055,92.50470000000001,72.0771,90.93,44.6238,94.75155,66.072,69.2016,61.476600000000005,65.73135,63.8964,64.52475,67.45605,111.99690000000001,66.0759,70.9884,102.44985,52.048500000000004,92.49765000000001,59.6913,72.06960000000001,98.11035000000001,97.1649,81.68535000000001,79.11735,97.3404,74.97840000000001,104.86965000000002,56.34375,87.31755,72.17175,45.13365,87.05205,67.7409,68.81355,61.8399
70043250,47.94945,42.555,29.363550000000004,30.470100000000002,26.516250000000003,29.64165,40.136100000000006,50.353350000000006,46.15845,5.330850000000001,63.3174,63.32115,36.8547,24.46665,50.495400000000004,33.026250000000005,50.666700000000006,58.7433,14.409300000000002,50.78625,53.571000000000005,35.96565,35.27295,33.38895,28.789649999999998,22.888800000000003,15.4395,50.4525,24.1032,6.0426,52.731750000000005,53.97105,29.13345,26.37075,4.5891,44.27205,51.017100000000006,51.4878,17.47395,53.29410000000001,44.83665,26.279850000000003,43.3542,46.98330000000001,51.29970000000001,58.95225000000001,56.2734,45.8544,54.82065,50.26455,2.5863,77.81145000000001,59.818200000000004,9.762450000000001,73.74795,48.60795,31.980600000000003,37.0788,34.7175,2.3529,48.51285000000001,22.2819,51.93795000000001,0.0,32.0049,29.510850000000005,39.0552,26.03055,61.99515,29.534399999999998,52.8354,40.43745,53.93370000000001,39.351,35.57265,48.7047,34.73460000000001,40.051050000000004,62.81955,4.23255,65.59440000000001,33.556200000000004,50.813250000000004,26.461350000000003,48.22905,28.990350000000003,24.109800000000003,26.38065,25.314300000000003,48.62610000000001,45.31935000000001,44.9232,24.776550000000004,36.6834,15.256350000000001,38.396550000000005,52.944750000000006,91.3188,49.61520000000001,52.20270000000001,60.78165,60.74250000000001,55.28085000000001,47.026500000000006,59.70705,31.267350000000004,5.9670000000000005,49.9338,48.57255000000001,49.76370000000001,28.8567,40.7781,56.58855,38.21085000000001,32.518950000000004,52.2663,53.74365,18.51255,32.9553,12.08895,36.172050000000006,25.86795,60.83775000000001,35.0043,49.6221,51.60105,37.342800000000004,41.785050000000005,50.5749,33.79965,30.033600000000003,62.0523,53.388450000000006,55.83585000000001,64.02915,31.379850000000005,51.1353,25.877399999999998,56.28315,27.09945,20.2938,28.307399999999998,32.5974,26.0259,25.26045,28.987800000000004,73.52850000000001,29.586600000000004,30.291300000000003,63.98145000000001,11.15685,54.0294,10.30035,31.372350000000004,51.6069,58.6965,45.6606,43.092600000000004,57.54570000000001,36.51015,66.4014,27.8682,58.842000000000006,24.775350000000003,8.5035,58.5765,23.752050000000004,28.379250000000003,29.01375
70043420,53.93205,8.7645,4.31655,3.4138500000000005,7.08585,4.202100000000001,10.9152,21.13245,16.93755,30.159750000000003,37.5552,37.55895,72.50325000000001,30.997500000000002,21.27465,5.51895,21.445800000000002,32.98125,20.14575,21.565350000000002,24.3501,6.744750000000001,3.4716000000000005,7.8993,8.6028,55.703100000000006,43.85385,21.2316,10.641900000000001,30.82545,22.23735,30.754649999999998,61.947750000000006,61.517250000000004,37.4034,15.051150000000002,25.7925,22.26705,46.29315,24.0732,16.965600000000002,7.936650000000001,14.133300000000002,17.76255,71.3901,33.19005000000001,30.511200000000002,17.405250000000002,25.59975,21.043650000000003,35.400600000000004,51.35835000000001,30.86595,35.938500000000005,44.5272,23.9889,13.4886,72.72735,13.595699999999999,35.1672,20.09385,26.1945,72.02835,33.9453,0.0,16.698900000000002,17.2509,11.541,97.58115000000001,3.8616,22.341150000000003,11.21655,30.7173,5.74455,66.8925,19.483800000000002,5.513700000000001,14.590050000000002,33.59865,37.046850000000006,42.378,11.355,21.59235,19.199550000000002,22.758300000000002,4.7511,31.209750000000003,18.995250000000002,11.9901,19.405350000000002,16.90035,16.5042,28.689,65.8332,24.884100000000004,7.0416,21.9912,62.36655,85.20120000000001,22.981800000000003,31.8294,31.790100000000002,26.060100000000002,18.61785,30.754800000000003,1.7196000000000002,39.88575,20.7129,20.153550000000003,20.542800000000003,7.0863000000000005,11.557200000000002,27.36765,6.2133,3.9366000000000003,23.0454,24.522900000000003,45.21405,10.75425,40.51515,5.47125,29.89395,31.616850000000003,6.920400000000001,20.40135,22.38015,8.1219,12.564300000000001,26.14395,6.255000000000001,3.0954,32.83155,91.21245,26.61495,40.81275,4.7581500000000005,21.9144,29.903399999999998,27.062250000000002,7.5498,13.578750000000001,14.876550000000002,14.105250000000002,11.53635,12.164700000000002,4.694100000000001,44.307750000000006,10.76265,3.6696000000000004,34.7607,42.0795,24.808500000000002,25.877850000000002,4.75065,25.1709,29.47575,17.21145,14.6736,28.32495,7.192500000000001,37.1805,20.4828,29.889600000000005,11.8344,41.317800000000005,29.62425,9.2187,4.94505,57.83295000000001
70081032,42.7599,25.395750000000003,12.33075,15.5442,15.194400000000002,12.424650000000002,17.061300000000003,26.99595,28.999200000000002,30.069750000000003,54.201750000000004,54.2055,61.331100000000006,21.26685,33.3363,15.867,27.309450000000002,49.6278,19.27395,27.429000000000002,30.21375,14.401050000000001,18.1137,9.4803,11.62575,54.585,32.6817,27.09525,12.9951,30.73545,23.919900000000002,25.159200000000002,63.018299999999996,50.3451,37.3134,27.112800000000004,22.2054,28.130550000000003,47.82885,29.936850000000003,20.491650000000003,16.04535,26.19495,29.824050000000003,60.21795000000001,49.83675,47.15775,21.509400000000003,31.463250000000002,33.1053,35.3106,48.99960000000001,31.006500000000003,37.4742,51.93615,35.7039,5.0568,61.555200000000006,21.70245,35.0772,24.16785,15.20175,60.85620000000001,33.8553,15.288300000000001,0.0,25.3575,8.56365,86.409,12.375150000000001,24.023550000000004,23.278200000000002,25.122,22.191750000000003,68.4282,25.347450000000002,17.57535,15.706050000000001,41.00775,36.95685,36.78255,9.211200000000002,28.803300000000004,8.0721,23.884050000000002,11.8263,21.4791,7.71375,9.012900000000002,25.268850000000004,20.97435,20.5782,17.696250000000003,67.3689,20.941650000000003,21.2373,24.13305,62.50710000000001,74.02905,35.04345,31.969800000000003,31.93065,31.923600000000004,33.21105,30.8952,14.55075,41.42145,32.774550000000005,24.22755,27.75375,11.69265,23.618850000000002,33.231300000000005,22.90125,17.59305,28.909050000000004,30.3864,46.749750000000006,8.6103,35.59815,19.012800000000002,20.163300000000003,39.025800000000004,10.08225,32.46285,28.243800000000004,20.183550000000004,17.128800000000002,41.459250000000004,9.92445,12.87435,40.240500000000004,80.0403,32.47860000000001,35.21745,14.98065,27.778050000000004,20.17275,34.2732,10.444500000000001,15.1152,1.5528000000000002,8.252400000000002,8.55915,9.18735,11.82855,51.71670000000001,8.3721,15.365400000000001,42.16965,43.6152,30.67215,25.035899999999998,14.973150000000002,37.23255,36.8847,21.3156,18.747600000000002,34.18845,15.579900000000002,44.589600000000004,8.101650000000001,30.03015,16.54425,41.2278,29.7648,12.11325,13.190400000000002,59.36865
70081671,60.803700000000006,9.44385,13.591650000000001,14.6982,12.614400000000002,13.869750000000002,16.42635,17.32065,12.281550000000001,35.8254,25.9722,25.975800000000003,79.37475,41.271300000000004,11.5188,19.52985,17.63415,21.3981,28.50045,17.7537,22.717950000000002,15.794400000000001,12.214500000000001,21.9102,17.05275,61.368750000000006,50.725350000000006,17.41995,18.9966,36.4911,27.7485,36.265800000000006,67.61325000000001,68.3889,43.069050000000004,10.395150000000001,31.30365,18.45525,51.9588,22.44105,16.239300000000004,13.983900000000002,10.64385,13.1064,78.2616,21.60705,18.928050000000002,18.62685,23.9676,11.2878,41.066250000000004,56.8695,36.377100000000006,41.60415,36.48525,11.2626,27.499350000000003,79.59885000000001,4.969650000000001,40.83285000000001,25.604850000000003,33.066,78.89985,39.61095,16.233,25.011750000000003,0.0,19.85385,104.4528,16.393050000000002,27.852300000000003,10.288200000000002,36.22845,10.763250000000001,72.55815,17.851650000000003,16.19235,18.14205,25.556850000000004,42.712500000000006,47.88915,25.3659,19.62675,26.071050000000003,23.21715,14.02635,41.48355,25.866750000000003,20.73945,17.07375,22.4115,22.01535,35.560500000000005,71.49885,33.238800000000005,12.3276,27.502350000000003,67.8777,92.07285,14.93985,37.34055,37.30125,24.42795,7.86,36.265950000000004,15.4956,45.5514,10.95705,25.6647,18.577050000000003,17.1198,11.2941,25.735500000000002,10.05375,11.36655,19.2336,22.89075,50.87970000000001,24.76515,53.641799999999996,16.19925,40.167750000000005,23.57505,20.931300000000004,10.6455,18.56835,13.170449999999999,18.07545,13.2297,20.265900000000002,15.6267,24.789600000000004,98.0841,24.9828,46.3239,10.88505,20.28225,40.177350000000004,23.272650000000002,15.9045,19.667550000000002,24.9882,28.11615,19.8492,20.9505,16.801050000000004,36.265800000000006,21.99705,14.519400000000001,26.71875,47.74515,20.9967,32.8065,10.892700000000001,14.2617,21.4338,18.82065,20.18475,26.692800000000002,16.1346,29.1387,27.35445,35.40075,17.8332,46.983450000000005,35.1354,17.573400000000003,12.103650000000002,63.4986
70082414,44.0745,21.0081,7.943250000000001,11.156550000000001,10.806750000000001,8.037,18.5892,28.042050000000003,24.61155,23.397150000000003,49.8141,49.81785000000001,62.64555,22.581300000000002,28.94865,11.47935,28.355550000000004,45.24015,12.87795,28.475100000000005,31.259700000000002,14.418750000000001,13.726050000000003,8.897400000000001,7.2381,48.9405,33.99615,28.141350000000003,4.6968,24.06285,27.35745,35.8287,55.185,51.659549999999996,30.640800000000002,22.725150000000003,32.87475,29.17665,39.530550000000005,30.982800000000005,21.5376,10.9959,21.8073,25.4364,61.5324,45.4491,42.770100000000006,22.55535,32.509350000000005,28.71765,28.638,59.66910000000001,35.986050000000006,29.1759,52.20120000000001,31.316399999999998,12.43425,62.86965,17.3148,28.404600000000002,25.213800000000003,16.5162,62.17065,27.1827,10.90065,8.10975,20.970000000000002,0.0,87.72345000000001,7.987500000000001,27.461100000000005,18.89055,35.79135,17.804100000000002,60.1299,26.3934,13.1877,16.752000000000002,41.27265,30.28425,47.4519,11.8236,29.266350000000003,9.38325,24.930149999999998,7.438650000000001,22.793550000000003,9.0249,1.3426500000000001,26.31495,22.02045,21.6243,19.0107,59.070600000000006,17.616300000000003,16.84965,27.111300000000004,67.48665,75.3435,30.655800000000003,36.94935,36.9102,32.9697,28.8234,35.87475,10.1631,33.12315,28.3869,25.27365,28.216800000000003,7.305000000000001,19.2312,34.2774,18.5136,13.205550000000002,29.955000000000002,31.4325,38.45145,11.222700000000001,36.912600000000005,14.625150000000001,21.47775,39.290850000000006,10.5126,28.0752,29.28975,15.795900000000001,18.1749,37.07175,9.3081,8.4867,40.5054,81.35475000000001,33.524550000000005,45.8868,10.593,28.824,21.4872,34.736250000000005,6.056850000000001,6.816900000000001,8.086200000000002,13.050900000000002,0.0046500000000000005,1.2639,7.440900000000001,51.98160000000001,5.0949,10.97775,42.43455,35.31675,31.718100000000003,18.61005,10.585500000000001,32.8449,37.14960000000001,22.36155,19.7937,35.234550000000006,14.96325,44.8545,9.72585,35.0097,9.817200000000001,34.5552,34.744350000000004,7.725750000000001,8.80275,51.070350000000005
70083097,55.685700000000004,105.01995000000001,92.77470000000001,95.98455,95.6349,93.39255,103.42170000000002,113.63895000000001,109.44420000000001,66.99795,134.6382,134.64195,25.6155,69.03615,117.30615000000002,96.31185,113.95245000000001,130.0641,85.5501,114.072,118.18305000000001,99.25125,98.55870000000002,94.69560000000001,92.06955,41.62335,58.0581,113.7381,93.14970000000001,66.13770000000001,106.0245,107.26395000000001,37.73115,40.7175,59.08065,107.5578,104.31,117.98595000000002,57.111450000000005,117.906,105.67875000000001,96.48570000000001,106.63980000000001,110.26905000000001,32.049600000000005,130.27305,127.59420000000001,106.6965,119.43255,117.07515000000002,59.6139,131.10435,113.1111,65.7912,137.0337,116.14035,89.30235,25.839600000000004,102.13875,60.63795000000001,108.5583,77.2716,32.687850000000005,62.040600000000005,97.51935,86.31750000000001,105.79395000000001,88.71825000000001,0.0,92.82000000000001,106.1283,103.72305,107.22659999999999,102.6366,33.523050000000005,111.9903,98.02020000000002,100.89315000000002,126.1053,58.2273,118.8873,94.3983,114.09885,81.1239,112.42125,92.27010000000001,69.2484,80.76555,89.1675,111.91185,106.16145000000002,105.76545000000002,79.76610000000001,34.63365,76.95975,101.68215000000002,106.23765000000002,144.6117,15.575400000000002,115.4883,114.07455,114.03540000000001,119.89290000000001,113.64735,112.99995000000001,96.78195000000001,63.03585,116.74440000000001,108.61815000000001,113.0493,92.13645000000001,104.06370000000001,121.2006,104.8326,98.03355,115.55190000000002,118.35570000000001,58.15005,93.7974,56.412600000000005,99.45765000000002,69.43155,124.12335,95.26935,116.43285,114.88665000000002,100.62840000000001,102.31590000000001,121.8957,95.1063,93.31920000000001,125.33805000000001,8.4273,120.44790000000002,117.32205,96.89445,115.7472,69.441,119.56875000000001,90.88935000000001,81.96090000000001,86.29395000000001,90.54855,88.71375,89.34195000000001,92.27340000000001,136.81425000000002,90.8931,95.80575,127.26720000000002,65.54475000000001,117.31500000000001,71.9673,96.88695000000001,122.92770000000002,121.98225000000001,106.5027,103.9347,122.15775000000001,99.79575000000001,129.687,81.1611,112.13475000000001,96.98910000000001,55.24170000000001,111.86940000000001,92.55825,93.6309,45.04860000000001
70083842,48.1659,14.5422,3.0441000000000003,3.8991000000000002,7.8468,2.9298,12.123450000000002,22.340550000000004,18.1458,26.340149999999998,38.7633,38.767050000000005,66.73695000000001,26.6727,22.482750000000003,5.013450000000001,22.65405,34.189350000000005,15.8211,22.773600000000002,25.5582,7.95285,7.2603,5.622,4.27815,51.883500000000005,38.08755,22.43985,6.3171,27.005850000000002,23.445600000000002,31.962750000000003,58.12815,55.75095000000001,33.583800000000004,16.259400000000003,27.000600000000002,23.475150000000003,42.47355,25.2813,18.17385,8.697750000000001,15.341400000000002,18.970650000000003,65.6238,34.398300000000006,31.719300000000004,18.61335,26.807850000000002,22.25175,31.581000000000003,52.56660000000001,32.07405,32.1189,45.7353,25.19715,10.899450000000002,66.96105,14.35485,31.347600000000003,21.30195,20.443800000000003,66.26205,30.125700000000002,3.5817000000000005,12.3741,18.010050000000003,7.216200000000001,91.81485,0.0,23.54925,12.424650000000002,31.92555,11.33835,63.072900000000004,20.6919,6.7218,14.084550000000002,34.8069,33.227250000000005,43.5861,10.8495,22.80045,13.44885,23.9664,4.478700000000001,26.88495,13.244550000000002,7.6653,20.61345,18.10845,17.71245,22.9383,62.013600000000004,20.559450000000002,10.383750000000001,23.1993,63.57465,79.4349,24.1899,33.0375,32.99835,27.2682,19.82595,31.9629,2.8443,36.06615,21.921000000000003,21.36165,21.7509,2.76165,12.76545,28.5759,12.04785,5.9481,24.253500000000003,25.731,41.39445,10.248750000000001,36.695550000000004,8.15925,25.56915,32.82495,7.27725,21.60945,23.588250000000002,9.33,13.772400000000001,34.11165,5.769,1.3014000000000001,34.03965,85.44615,27.8232,42.021,4.809,23.122500000000002,25.578600000000005,28.270500000000002,3.225,9.759900000000002,12.350550000000002,11.516250000000001,7.21155,7.839900000000001,0.21300000000000002,45.51585000000001,7.87935,3.7203,35.9688,38.2599,26.016600000000004,21.5532,4.8015,26.379,30.683850000000003,18.4197,15.8817,29.533050000000003,8.497349999999999,38.388600000000004,13.817250000000001,31.097850000000005,9.324900000000001,37.49835,30.832350000000005,4.8939,5.8428,54.01335
70084418,62.23920000000001,17.94645,25.2072,24.70815,28.38015,25.0929,11.800650000000001,15.0432,18.24135,50.1225,38.90265,38.9064,80.8104,40.74615,25.8882,20.3517,13.95465,37.594800000000006,39.3267,14.4291,13.804800000000002,16.246199999999998,19.68915,19.36335,26.7717,74.0643,52.161,14.35875,28.810800000000004,50.78820000000001,0.3723,10.252500000000001,82.4976,69.8244,57.36615,19.6647,3.9274500000000003,13.6077,64.96725,13.527750000000001,13.603800000000001,29.23095,18.746850000000002,20.091900000000003,79.69725000000001,37.8036,35.12475,11.09235,15.054300000000001,25.6572,55.363350000000004,29.4933,9.000900000000001,54.61260000000001,33.469950000000004,28.60245,20.8575,81.03450000000001,26.7894,55.12995000000001,2.4558000000000004,34.681050000000006,80.33550000000001,53.908049999999996,23.397900000000003,24.246750000000002,27.441000000000003,27.3015,105.8883,23.4636,0.0,15.828750000000001,10.215150000000001,18.704250000000002,85.56660000000001,14.578199999999999,18.357300000000002,12.34695,22.2783,57.009600000000006,21.87585,19.227,20.4984,27.5514,8.043000000000001,25.6419,40.9584,27.193050000000003,27.750600000000002,16.6782,6.1911,6.546,37.17555,84.5073,40.42095,17.749650000000003,0.13515,40.5015,93.50835000000001,27.595350000000003,9.96435,9.92505,15.514650000000001,23.2314,8.889750000000001,22.66035,58.74405,25.32645,2.5155000000000003,19.44885,25.255200000000002,16.16955,16.82235,19.41375,23.715,16.95615,13.97745,63.88815,18.6261,55.077450000000006,17.9022,39.6426,23.37525,18.3051,25.0149,16.2909,16.6959,12.658050000000001,34.876050000000006,18.6606,22.9347,31.935600000000004,99.5196,16.069650000000003,20.3106,26.05245,11.368950000000002,39.65205,25.968300000000003,25.718700000000002,32.253600000000006,25.2828,18.7449,27.296850000000003,27.9252,22.863,32.98725,23.57655,24.9639,33.86475,60.753600000000006,17.793,45.08865,26.04495,29.78445,28.579800000000002,10.898700000000002,10.629750000000001,17.779500000000002,15.526800000000001,25.86015,27.58095,8.02455,31.818450000000002,61.28055,7.759200000000001,27.387600000000003,26.239350000000005,76.50705
70084927,59.631750000000004,2.25345,14.1795,13.68045,17.35245,14.065199999999999,4.7271,12.12315,7.861800000000001,37.80615,28.53375,28.537350000000004,78.20295000000002,38.1387,12.25305,8.73705,12.436650000000002,23.959650000000003,27.287100000000002,12.5562,15.34095,6.933450000000001,8.66145,13.910550000000002,15.744000000000002,63.349500000000006,49.5534,12.22245,17.7831,38.47185,16.04925,24.566550000000003,69.59415,67.21695000000001,45.049800000000005,5.9754000000000005,19.604400000000002,13.257750000000001,53.93955,15.063900000000002,7.956450000000001,18.20325,5.1118500000000004,8.68665,77.08965,24.1686,21.4896,11.24985,16.59045,12.022200000000002,43.047000000000004,45.17025,24.677850000000003,43.5849,35.5056,14.96745,18.83415,78.4269,10.12545,42.81360000000001,13.9056,31.90965,77.7279,41.5917,12.370199999999999,23.8401,10.938150000000002,18.6822,103.28085,12.435900000000002,16.152900000000002,0.0,24.5292,3.72915,74.5389,10.47465,7.3294500000000005,6.4428,24.5772,44.69325,36.1899,14.166300000000001,12.5832,24.9147,16.5702,14.6142,38.350950000000005,24.71055,19.131300000000003,10.39605,10.712250000000001,10.3161,34.404300000000006,73.4796,32.0253,4.805700000000001,15.8031,56.178450000000005,90.90090000000001,13.9602,25.6413,25.602,17.050800000000002,8.49585,24.566550000000003,11.632650000000002,47.53215,11.6913,13.96545,11.5335,14.227500000000001,1.00605,18.3585,3.9642000000000004,12.687300000000002,14.036100000000001,15.5136,52.86045000000001,13.565550000000002,48.1614,6.8745,37.03515,22.5954,10.955250000000001,11.379750000000001,13.37085,5.668200000000001,6.37605,22.311600000000002,11.799750000000001,11.907,23.80995,96.91215,17.605800000000002,34.62465,15.024750000000001,12.905100000000001,37.0446,18.0531,14.691,21.225900000000003,20.222250000000003,19.45095,18.677550000000004,19.3059,11.8353,35.28615,17.976000000000003,13.9362,25.739100000000004,49.7259,15.79935,33.01905,15.01725,16.149449999999998,20.454150000000002,11.02335,8.4855,19.31565,7.273650000000001,28.159050000000004,25.283250000000002,23.701500000000003,20.790750000000003,48.9642,23.43615,16.359900000000003,15.21165,65.47935000000001
70084983,63.2253,26.40045,33.661350000000006,33.16215,36.83415,33.5469,20.25465,23.51865,26.716800000000003,51.1086,47.3781,47.38185000000001,81.79650000000001,41.73225,34.3422,28.8057,22.4301,46.04880000000001,40.3128,22.904550000000004,22.280250000000002,24.7002,28.14315,27.817350000000005,39.4722,75.0504,53.1471,22.8342,40.563300000000005,51.7743,9.9768,0.18000000000000002,83.48370000000001,70.8105,58.352250000000005,28.118850000000005,8.2623,22.083150000000003,70.1634,22.00335,22.057800000000004,37.685100000000006,27.201,28.567350000000005,80.68335,46.25775,43.57875,19.5465,23.52975,34.111200000000004,56.349450000000004,24.179550000000003,17.0634,59.80875,41.9454,37.0566,21.843600000000002,82.0206,35.2434,56.11605,12.5106,35.66715,81.3216,54.89415,31.8519,25.232850000000003,35.895,36.13185000000001,106.87440000000001,31.91775,10.0806,24.2829,0.0,27.158250000000002,89.92305,23.05365,26.811300000000003,20.8011,30.75375,57.99570000000001,11.9625,21.59955,28.973850000000002,28.5375,16.51845,34.0959,41.944500000000005,28.17915,36.58095,25.15365,14.64525,15.000150000000001,38.16165,89.7033,41.407050000000005,26.2038,10.189950000000001,37.9152,94.49445000000001,36.049350000000004,18.02685,17.9877,23.9901,31.6854,16.95225,31.114500000000003,59.73015,33.78045,12.57045,27.924300000000002,33.70935,24.6237,25.297800000000002,27.86775,32.169000000000004,25.431600000000003,22.452900000000003,69.0843,22.053,56.06355,26.356350000000003,40.6287,31.8507,26.759100000000004,33.4689,24.766350000000003,25.150050000000004,21.112050000000004,43.3302,27.114600000000003,31.388850000000005,40.41105,100.5057,24.5451,10.397400000000001,34.506600000000006,19.84455,40.63815,34.44375,38.29095,42.6834,26.78565,19.731,36.1272,36.75555000000001,31.317,41.4627,30.14445,33.4179,42.3402,65.9496,26.26845,46.07475,34.499100000000006,38.238600000000005,37.05525,19.3527,19.0839,26.25495,23.980800000000002,34.33560000000001,28.567050000000002,16.0872,44.39085000000001,62.26665,15.8217,39.95985,34.6935,81.70320000000001
70126798,58.193250000000006,3.6609000000000003,12.741000000000001,12.241950000000001,15.91395,12.6267,7.53,17.74725,13.55235,36.36765,34.311,34.314750000000004,76.76445000000001,36.7002,16.97895,7.298700000000001,18.0606,29.737050000000004,25.848600000000005,18.18015,20.9649,5.03115,2.9754,12.40035,14.305650000000002,61.911,48.115050000000004,17.846400000000003,16.3446,37.033350000000006,18.85215,27.36945,68.15565000000001,65.77845,43.61130000000001,11.66595,22.407300000000003,18.88185,52.50105,20.688000000000002,13.580400000000001,16.76475,10.7481,14.37735,75.6513,29.945850000000004,27.267000000000003,14.020050000000001,22.214550000000003,16.7481,41.6085,47.973150000000004,27.48075,42.1464,41.142,15.813150000000002,16.93185,76.98855,8.08515,41.3751,16.7085,30.471300000000003,76.28955,40.1532,5.7567,19.523400000000002,10.57815,17.2437,101.84235,10.9974,18.95595,4.06005,27.332100000000004,0.0,73.10040000000001,16.0986,5.429250000000001,7.914150000000001,30.21345,43.25475,38.9928,12.264000000000001,18.207150000000002,23.4762,19.3731,13.175699999999999,36.91245,23.272050000000004,17.692800000000002,16.02015,13.515150000000002,13.119000000000002,32.9658,72.0411,30.58695,1.5643500000000001,18.606,58.981350000000006,89.4624,19.596600000000002,28.444200000000002,28.404899999999998,22.6749,13.320300000000001,27.369600000000005,10.19415,46.093650000000004,16.41735,16.76835,17.157600000000002,12.789150000000001,8.172,23.98245,0.7095,7.773150000000001,19.6602,21.13755,51.42195000000001,11.663250000000001,46.7229,5.436,35.59665,28.23165,9.51675,16.10565,18.99495,2.4072,9.1791,21.5685,10.36125,10.4685,29.4462,95.47365,23.229750000000003,37.427550000000004,7.998,18.5292,35.606100000000005,23.67705,13.252500000000001,19.7874,18.31995,17.548650000000002,17.239050000000002,17.8674,10.3968,40.9224,16.6137,12.4977,31.375350000000005,48.2874,21.4233,31.5807,7.990500000000001,22.6005,26.0904,13.82625,11.288400000000001,24.93975,5.3713500000000005,33.795300000000005,23.84475,26.5044,19.35225,47.5257,26.239050000000002,14.921400000000002,13.773150000000001,64.04085
70130197,47.4465,76.2495,63.05805,64.16460000000001,60.210750000000004,63.33615,73.8306,84.0477,79.85295,39.89835000000001,97.0119,97.01565000000001,34.5477,52.59315,84.18990000000001,66.7206,84.36120000000001,92.4378,49.8429,84.48075,87.2655,69.66015,68.96745000000001,68.49615,62.48415,17.52225,38.7687,84.147,57.797700000000006,42.3348,88.16535,89.40465,7.98255,21.0042,33.7059,77.96655,86.45070000000001,85.1823,23.588400000000004,86.98845000000001,79.881,59.97435000000001,77.04870000000001,80.6778,50.03235000000001,92.64675000000001,89.9679,80.32050000000001,88.515,83.9589,34.23915,113.24505,95.25195000000001,32.26815,107.44245000000001,82.3023,67.41420000000001,34.77165,68.412,35.26305,83.0091,57.715650000000004,50.67060000000001,36.665850000000006,65.69925,67.7085,72.7497,59.7249,33.847350000000006,63.2289,88.269,74.1318,89.36745,73.0455,0.0,82.39920000000001,68.4291,75.7917,96.51405,32.85255,101.028,71.42235000000001,84.50775,61.89495000000001,85.67370000000001,62.68470000000001,52.8054,61.81425,59.0088,82.32060000000001,79.8156,79.4196,60.21015,1.1107500000000001,50.69010000000001,72.0909,84.90645,126.75255,26.957100000000004,85.89705000000001,96.21525000000001,96.1761,88.97535,80.721,95.14065000000001,64.96185000000001,35.84655,83.62815,83.0688,83.45805,62.55120000000001,74.4726,90.28305,71.90535000000001,66.21345000000001,85.96065,87.43815000000001,24.62715,70.8216,35.6559,69.86655,52.98870000000001,94.53210000000001,68.98440000000001,83.31660000000001,85.2954,71.0373,75.47955,84.2694,68.90685,63.72795000000001,95.74680000000001,42.61305,89.53035000000001,99.46275,65.07435000000001,84.82965,52.99815,89.97765,60.79395000000001,53.988299999999995,63.74100000000001,68.031,59.7204,58.95495000000001,62.6823,107.22300000000001,64.6938,63.98565,97.67595000000001,32.02185,87.7239,45.73395,65.06685,85.3014,92.391,80.12685,77.58885000000001,91.24020000000002,70.20450000000001,100.09590000000001,63.301950000000005,94.27560000000001,58.46985000000001,29.86695,94.01010000000001,57.44655,62.073750000000004,11.52555
70130674,68.25015,12.19605,22.797900000000002,22.2987,25.9707,22.68345,10.548900000000001,4.791,3.9952500000000004,46.4244,24.656550000000003,24.660300000000003,86.8212,46.75695,14.03475,17.35545,5.104500000000001,24.00645,35.905350000000006,5.22405,9.8427,15.55185,17.2797,18.184050000000003,24.3624,71.9679,58.1718,4.8903,26.401500000000002,47.090250000000005,16.3764,24.90855,78.2124,75.83535,53.668200000000006,6.007950000000001,19.93155,5.9256,62.557950000000005,9.5658,5.67705,26.821649999999998,6.648750000000001,5.8458,85.70805,24.215400000000002,21.5364,5.751600000000001,8.63475,13.80375,51.6654,45.4974,25.005000000000003,52.2033,29.38515,16.749000000000002,22.715400000000002,87.0453,16.7454,51.432,14.232750000000001,40.52805,86.3463,50.210100000000004,20.98845,25.30695,15.587250000000001,27.30045,111.89925000000001,21.0543,16.4802,10.50195,24.871350000000003,16.294800000000002,83.1573,0.0,15.94785,11.1678,18.4566,53.31165,36.5319,18.0477,6.2523,33.533100000000005,10.3419,23.2326,46.9692,33.3288,27.7497,2.4321,12.98085,12.5847,43.02255,82.09785000000001,40.6437,15.34035,16.13025,56.50560000000001,99.5193,14.54625,25.96845,25.92915,11.552700000000002,11.37795,24.893850000000004,20.251050000000003,56.150549999999996,13.473,14.2926,5.20275,22.8459,10.170900000000001,12.86025,17.0043,21.305550000000004,6.703950000000001,10.015500000000001,61.47885000000001,17.446800000000003,56.7798,15.4929,45.6534,16.474800000000002,17.1258,13.16145,6.0387,14.2866,11.406450000000001,18.3744,17.4813,20.5254,17.689500000000002,105.53055,12.10755,34.96665,23.643150000000002,7.407,45.663000000000004,11.7222,23.309250000000002,29.844300000000004,24.1035,23.3322,27.295800000000003,27.92415,20.453550000000003,29.1657,22.39725,22.55445,19.618650000000002,58.34415,8.46705,41.63745,23.635650000000002,17.931,14.3337,5.9454,10.7541,13.817550000000002,15.892050000000001,22.03845,33.9015,24.028650000000003,29.40915,57.582600000000006,24.7332,24.97815,23.830050000000004,74.09775
70130675,55.12125,8.302950000000001,9.669,9.16995,12.841800000000001,9.55455,5.88405,16.101300000000002,11.906400000000001,33.29565,32.52405,32.527800000000006,73.6923,33.6282,16.2435,4.22655,16.41465,27.94995,22.77645,16.5342,19.31895,2.2462500000000003,3.5529,7.435950000000001,11.233500000000001,58.839000000000006,45.0429,16.20045,13.2726,33.96135,17.2062,25.7235,65.0835,62.70645000000001,40.539300000000004,10.020000000000001,20.76135,17.2359,49.42905,19.042050000000003,11.934450000000002,13.69275,9.102150000000002,12.7314,72.57915,28.1589,25.480050000000002,12.3741,20.5686,16.0125,38.536500000000004,46.327200000000005,25.8348,39.0744,39.496050000000004,18.95775,15.26985,73.9164,13.1841,38.30310000000001,15.0627,27.39915,73.2174,37.0812,7.8595500000000005,17.861250000000002,15.677100000000001,14.1717,98.77035,7.925400000000001,17.310000000000002,6.1854000000000005,25.686149999999998,5.09895,70.0284,14.452650000000002,0.0,7.59975,28.567500000000003,40.182750000000006,37.34685,10.602,16.5612,20.4042,17.72715,10.103700000000002,33.840300000000006,20.199900000000003,14.620800000000003,14.3742,11.869200000000001,11.47305,29.89365,68.96910000000001,27.5148,4.1445,16.960050000000003,57.3354,86.3904,17.950650000000003,26.798250000000003,26.75895,21.028950000000002,13.5867,25.72365,7.122150000000001,43.02165,15.681750000000001,15.1224,15.511650000000001,9.717,6.52605,22.3365,5.808450000000001,8.17665,18.01425,19.49175,48.34995,10.00125,43.6509,1.7661000000000002,32.52465,26.5857,5.007750000000001,15.3702,17.349,3.0907500000000003,7.533150000000001,25.231350000000003,5.791650000000001,7.3965000000000005,27.8004,92.40165,21.583800000000004,35.781600000000005,10.51425,16.88325,32.5341,22.031100000000002,10.1805,16.715400000000002,16.65795,15.886650000000001,14.167050000000001,14.7954,7.324650000000001,39.276450000000004,10.9152,9.42555,29.729550000000003,45.215250000000005,19.777350000000002,28.508550000000003,10.50675,20.13975,24.4446,12.1803,9.64245,23.2938,3.70935,32.149350000000005,20.7726,24.85845,16.280250000000002,44.453700000000005,24.593100000000003,11.849250000000001,10.701150000000002,60.96885
70132480,56.4594,8.4252,14.72085,14.221800000000002,17.893800000000002,14.606550000000002,2.2794,13.113300000000002,12.030000000000001,36.8349,32.64765,32.651250000000005,75.03045,34.9662,16.36695,9.68115,13.426800000000002,28.073550000000004,26.039100000000005,13.54635,16.3311,3.8473500000000005,8.5518,8.6928,16.289250000000003,62.37825,46.38105,13.2126,18.3282,37.500600000000006,12.4287,20.946,68.6229,64.0446,44.07855000000001,10.1436,15.98385,14.247900000000001,54.4848,16.054050000000004,6.6088499999999994,18.744600000000002,9.22575,12.85485,73.9173,28.282500000000002,25.6035,7.6266,17.5806,16.13595,42.07575,41.5497,21.0573,44.13,38.0535,19.08135,13.224300000000001,75.25455,15.7011,41.84235,10.285200000000001,28.90125,74.55555,40.62045,12.911550000000002,15.8157,17.91975,16.63095,100.1085,12.981150000000001,12.5325,6.307650000000001,20.90865,7.615950000000001,75.084,11.46465,5.654850000000001,0.0,27.125100000000003,43.722,32.56935000000001,8.55645,14.920650000000002,22.338900000000002,10.0014,15.155550000000002,35.17845,21.9807,17.080050000000004,11.3862,7.0917,6.69555,31.395750000000003,74.02470000000001,30.77745,6.6615,12.18255,52.557900000000004,87.72855,18.0741,22.02075,21.98145,18.04095,13.71015,20.946150000000003,12.174000000000001,48.07725,15.8052,10.3449,13.8711,14.77275,6.64845,19.348650000000003,8.32545,16.70535,15.026250000000001,16.50375,53.40555,7.955700000000001,49.2975,6.765000000000001,33.8628,25.14315,7.63455,15.49365,14.361,5.60775,2.3470500000000003,25.35495,7.99005,12.452250000000001,26.357850000000003,93.7398,18.59595,31.004100000000005,15.5661,13.89525,33.87225,20.39055,15.2361,21.771,14.612400000000001,13.84095,16.6263,17.25465,12.380400000000002,37.834050000000005,12.906,14.477550000000003,28.287000000000003,50.271,16.7895,31.8012,15.5586,20.26335,23.002050000000004,7.432950000000001,4.86495,20.3058,3.1279500000000002,30.7068,22.3686,20.08095,22.64235,47.993100000000005,19.8156,16.905,15.753,66.02445
70132663,87.17655,25.484250000000003,37.456050000000005,36.957,40.566300000000005,37.341750000000005,20.9922,8.226450000000002,13.77735,61.08270000000001,16.170150000000003,16.1739,105.74759999999999,61.41525,19.3824,32.013600000000004,9.61905,17.7672,50.563500000000005,9.7386,13.3512,30.21,31.937850000000005,28.627350000000003,39.02055,86.62605,77.0982,9.40485,41.05965,61.748400000000004,23.1027,31.634850000000004,92.87055,94.7616,68.32635,15.789900000000001,26.657850000000003,10.440150000000001,77.21610000000001,15.31035,16.120350000000002,41.417100000000005,16.43085,18.1446,104.63445000000002,18.5283,20.4039,14.052900000000001,11.83365,19.151400000000002,66.32355,52.97025,32.0742,66.86145,11.220450000000001,22.77915,33.15885,105.97170000000001,29.43945,66.09015000000001,20.95905,59.43885,105.27270000000001,64.86825,35.64660000000001,35.75025,24.929850000000002,41.95875,130.8255,35.712450000000004,23.20635,25.1619,31.5975,30.95295,97.81545000000001,14.325750000000001,30.606,21.6111,0.0,67.9698,43.2582,28.491000000000003,18.165000000000003,52.4439,17.0682,37.890750000000004,61.627500000000005,52.2396,42.40785,12.21405,21.1719,21.5268,61.933350000000004,96.75615,55.30185000000001,29.9985,22.856550000000002,63.97845000000001,118.44555,16.62705,33.03765,32.99835,17.24265,18.903750000000002,31.963050000000003,34.9092,70.8087,19.0416,21.018900000000002,17.11545,37.50405000000001,24.829050000000002,9.6936,31.66245,35.96385,7.3185,15.705449999999999,76.137,27.890100000000004,71.43795000000001,30.15105,60.31170000000001,2.1885000000000003,27.569100000000002,19.503,6.978750000000001,28.944750000000003,21.84975,20.4552,27.924600000000005,35.183550000000004,9.2031,124.4568,17.7975,41.69295,38.301300000000005,10.8543,60.32115,10.86945,37.96755,44.50245,34.546800000000005,33.7755,41.954100000000004,42.58245,35.111850000000004,10.7376,32.84055,37.21275,11.1321,73.00245000000001,5.413200000000001,56.29560000000001,38.293800000000005,21.08625,8.823450000000001,14.2467,21.197400000000002,11.916150000000002,30.5502,3.6105,53.72715,31.229550000000003,45.31485000000001,72.24075,30.42315,39.63645,38.4765,88.7559
70132664,42.143550000000005,46.75065,33.559200000000004,34.66575,30.7119,33.837300000000006,44.33175,54.54885000000001,50.3541,9.5265,67.51304999999999,67.5168,32.740050000000004,28.662300000000002,54.69120000000001,37.2219,54.862350000000006,62.938950000000006,18.60495,54.9819,57.76665,40.161300000000004,39.4686,37.5846,32.9853,18.774150000000002,15.383550000000001,54.64815,28.298850000000005,10.23825,56.92725,58.166700000000006,25.018800000000002,22.2561,1.6093500000000003,48.4677,55.21275,55.68345000000001,21.015,57.48975,49.032300000000006,30.4755,47.549850000000006,51.17895000000001,47.185050000000004,63.1479,60.469049999999996,50.05005,59.01615,54.46020000000001,2.1426000000000003,82.00710000000001,64.01385,13.9581,77.9436,52.8036,36.17625,32.96415,38.91315,3.1665,52.7085,26.477550000000004,47.8233,4.5691500000000005,36.20055,33.706500000000005,43.25085000000001,30.226200000000002,57.880500000000005,33.730050000000006,57.03105,44.63295,58.12935,43.54665,31.45815,52.90035,38.93025,44.246700000000004,67.01520000000001,0.0,69.79005,37.751850000000005,55.008900000000004,30.656850000000002,52.42470000000001,33.186,28.30545,30.576300000000003,29.50995,52.82175,49.515,49.11885,28.9722,32.5689,19.452,42.5922,57.1404,95.51445000000001,45.500550000000004,56.39835000000001,64.9773,64.93815000000001,59.4765,51.22215,63.90270000000001,35.463,5.56455,54.129450000000006,52.76820000000001,53.95935000000001,33.052350000000004,44.97375,60.784200000000006,42.4065,36.714600000000004,56.46195000000001,57.939299999999996,22.0536,37.15095,12.270750000000001,40.3677,30.063600000000005,65.0334,39.19995,53.817750000000004,55.79670000000001,41.538450000000005,45.9807,54.77055,37.9953,34.22925,66.24795,49.2738,60.0315,68.2248,35.575500000000005,55.33095000000001,30.073050000000002,60.4788,31.295100000000005,24.48945,32.50305,36.79305,30.221550000000004,29.456100000000003,33.18345,77.72415000000001,33.782250000000005,34.48695,68.17710000000001,10.75425,58.225049999999996,14.49585,35.568000000000005,55.80255,62.89215,49.85625,47.288250000000005,61.741350000000004,40.70565,70.59705,32.06385,63.03765,28.971,4.389,62.77215,27.9477,32.5749,22.2495
70132665,74.8926,38.067750000000004,45.328500000000005,44.82945,48.50145,45.2142,31.921950000000002,35.1858,38.384100000000004,62.77575,59.0454,59.049150000000004,93.46365,53.3994,46.0095,40.473,34.0974,57.716100000000004,51.97995000000001,34.5717,33.9474,36.3675,39.81045,39.48465,51.139500000000005,86.71770000000001,64.81425,34.50135,52.230450000000005,63.44145000000001,21.6441,11.7825,95.15100000000001,82.4778,70.0194,39.78615,19.9296,33.7503,81.83055,33.670500000000004,33.725100000000005,49.352250000000005,38.86815,40.23465,92.35050000000001,57.9249,55.24605,31.21365,35.197050000000004,45.7785,68.01660000000001,12.21705,20.61615,71.4759,53.61270000000001,48.72375,33.51075,93.68775000000001,46.9107,67.78320000000001,24.1779,47.334450000000004,92.98875000000001,66.5613,43.5192,36.90015,47.5623,47.79915,118.5417,43.5849,21.74775,35.9502,11.9625,38.82555,101.59020000000001,34.720800000000004,38.47860000000001,32.4684,42.42105,69.66285,0.0,33.2667,40.641000000000005,40.20465,28.185600000000004,45.763200000000005,53.61165,39.846450000000004,48.248250000000006,36.820800000000006,26.3124,26.6673,49.828950000000006,101.3706,53.07435,37.87095,21.85725,25.952550000000002,106.16175000000001,47.71665,19.3701,19.653750000000002,35.6574,43.3527,20.505000000000003,42.78165,71.3973,45.44775,24.2376,39.59145,45.37665,36.290850000000006,36.96495,39.535050000000005,43.8363,37.0989,34.120200000000004,80.75145,33.72015,67.73070000000001,38.023500000000006,52.29600000000001,43.518,38.4264,45.1362,36.43365,36.8172,32.77935,54.997350000000004,38.7819,43.056000000000004,52.07820000000001,112.173,36.212250000000004,1.7748000000000002,46.173750000000005,31.5117,52.30545000000001,46.111050000000006,49.95825,54.35055,38.45295,31.398300000000003,47.7945,48.422850000000004,42.984300000000005,53.13,41.81175,45.0852,54.00735,77.6169,37.9356,57.74205,46.166250000000005,49.905750000000005,48.7224,31.020000000000003,30.751050000000003,37.922250000000005,35.64810000000001,46.002750000000006,40.234350000000006,27.754350000000002,56.058,73.93395000000001,27.489,51.62715,46.36065,93.37035
70133553,50.31120000000001,14.966400000000002,13.1994,12.70035,16.3722,13.08495,10.01085,19.94565,19.27485,31.852050000000002,40.157250000000005,40.161,68.88225,28.818,24.478350000000002,8.1597,20.259,36.18495,21.056250000000002,20.3787,23.163300000000003,8.08335,12.858150000000002,7.173450000000001,14.767650000000001,57.3954,40.232850000000006,20.044800000000002,18.97035,32.51775,19.26105,23.2182,63.639900000000004,57.89625,39.0957,18.255000000000003,20.26425,21.08025,53.804100000000005,22.886400000000002,13.4412,17.22315,17.337,19.7925,67.76910000000001,36.3939,33.7149,14.45895,24.41295,24.24735,37.0929,47.058600000000006,27.88965,43.44945,44.885850000000005,27.19275,6.583950000000001,69.10635,22.8822,36.859500000000004,17.1174,22.7529,68.40735000000001,35.637600000000006,11.38995,10.83285,23.595750000000002,14.538900000000002,93.96015,11.45955,19.3647,14.420250000000001,23.18085,13.0176,74.40345,18.297,9.2559,8.6556,33.957300000000004,38.73915,34.841550000000005,0.0,21.753,15.62325,16.8336,13.6341,29.030250000000002,15.2649,14.988150000000001,18.21855,13.923900000000001,13.5279,25.2474,73.34415,25.794600000000003,12.063,19.0149,59.39025,81.5802,26.1855,28.85295,28.813800000000004,24.873300000000004,21.821550000000002,27.778350000000003,10.65255,40.473600000000005,23.916600000000003,17.1771,20.703300000000002,13.25115,14.761050000000003,26.180850000000003,13.7271,15.183750000000002,21.8586,23.336100000000002,52.725,1.31145,43.149300000000004,10.69335,27.71445,31.9755,6.115200000000001,23.605050000000002,21.193350000000002,11.00925,10.0785,33.4662,6.470700000000001,10.930650000000002,33.19005000000001,87.59145000000001,25.42815,33.276300000000006,14.04465,20.7276,27.7239,27.2229,13.71465,21.09045,9.6294,4.4529000000000005,14.53425,15.162600000000001,10.85895,44.666250000000005,10.8141,12.95595,35.1192,49.590450000000004,23.6217,26.8182,14.03715,28.374750000000002,29.83425,14.265150000000002,11.69715,27.13815,8.031450000000001,37.53915,15.652800000000003,26.913300000000003,21.120900000000002,43.0101,26.647800000000004,15.383550000000001,14.231550000000002,65.3439
70133556,70.88175000000001,14.827650000000002,25.4295,24.93045,28.602300000000003,25.3152,15.2157,8.9778,6.6195,49.05615,19.88295,19.8867,89.45295000000002,49.38870000000001,13.9182,19.987050000000004,9.291150000000002,19.23285,38.536950000000004,9.4107,14.3751,18.18345,19.9113,22.8507,26.994,74.5995,60.8034,9.07695,29.033100000000005,49.72185,20.908800000000003,29.44095,80.84400000000001,78.46695000000001,56.2998,8.63205,24.463800000000003,10.112250000000001,65.18955,14.0982,10.3437,29.45325,9.27285,6.8367,88.33965,19.4418,16.762800000000002,10.284,15.624600000000001,13.687199999999999,54.297000000000004,50.0298,29.53725,54.8349,24.61155,15.601800000000003,27.3822,89.6769,19.36965,54.06360000000001,18.765150000000002,43.15965,88.9779,52.84170000000001,23.620050000000003,29.973600000000005,18.21135,29.9322,114.53085,23.6859,21.01245,13.1337,29.403600000000004,18.926550000000002,85.7889,9.5088,18.57945,15.83445,13.683000000000002,55.943250000000006,41.06415,22.71435,0.0,36.1647,14.874150000000002,25.8642,49.600950000000005,35.9604,30.381300000000003,4.9389,17.6475,17.2515,45.65415,84.7296,43.2753,17.97195,20.6625,61.037850000000006,102.15090000000002,9.77265,30.500700000000002,30.461550000000003,16.08495,14.002050000000002,29.426100000000005,22.88265,58.78215,13.577250000000001,18.82485,2.27595,25.477500000000003,12.8025,11.646450000000002,19.635900000000003,23.937300000000004,7.9857000000000005,14.54775,64.11045000000001,22.1136,59.4114,18.1245,48.28515,11.701200000000002,21.7926,14.656500000000001,8.9316,16.9182,16.0731,13.600800000000001,22.14795,23.157,12.915750000000001,108.16215000000001,16.63995,39.499050000000004,26.27475,11.939400000000001,48.2946,6.9486,25.941000000000003,32.4759,28.770300000000002,27.999000000000002,29.927550000000004,30.5559,23.085300000000004,24.39195,27.0639,25.1862,14.8449,60.9759,7.10355,44.26905000000001,26.26725,14.2317,9.55995,10.4778,15.420750000000002,18.349800000000002,18.52365,17.26485,36.53325,28.56105,32.04075,60.214200000000005,29.26545,27.6099,26.46165,76.72935000000001
70137842,55.7931,25.4115,13.166250000000002,16.376250000000002,16.02645,13.78425,23.8134,34.0305,29.83575,31.601100000000002,55.02975,55.033500000000004,74.36415,34.300050000000006,37.69785,16.703400000000002,34.344,50.455799999999996,21.5694,34.463550000000005,37.2483,19.64295,18.95025,17.31345,12.4611,57.144450000000006,45.71475,34.1298,14.373000000000001,32.2668,35.13555,47.54730000000001,63.389100000000006,63.378299999999996,38.844750000000005,27.949350000000003,38.69055,35.1651,47.734500000000004,36.9714,29.8638,16.8774,27.0315,30.660600000000002,73.251,50.664750000000005,47.98575,30.30345,38.497800000000005,37.46685,36.841950000000004,64.25655,43.76415,37.379850000000005,57.425250000000005,36.5319,24.32595,74.58825,22.530450000000002,36.60855,32.9919,28.071,73.88925,35.38665,17.911050000000003,20.00145,26.1855,10.260900000000001,99.44220000000001,13.2117,35.239200000000004,24.1146,47.51010000000001,23.0283,68.33385000000001,32.382000000000005,18.411900000000003,25.7745,46.49685,38.4882,59.17065,22.5396,34.490550000000006,0.0,35.6565,12.661800000000001,34.51215,20.871750000000002,9.744150000000001,32.303399999999996,29.7984,29.4024,30.5655,67.27455,26.307750000000002,22.0737,34.8894,75.26475,87.06225,35.879850000000005,44.727450000000005,44.688300000000005,38.95815,34.03905,43.65285000000001,17.1735,41.3271,37.136100000000006,33.0516,33.440850000000005,12.528150000000002,24.4554,40.26585000000001,25.224149999999998,18.4251,35.9436,37.42095,46.6554,21.9387,41.95635000000001,19.84935,33.1965,44.51505,18.9672,36.8244,35.2782,21.0201,25.462350000000004,42.28725,17.45895,13.71075,45.729600000000005,93.07350000000001,39.51315,57.6054,17.286,34.8126,33.20595,39.96045,11.2809,15.5082,19.97775,24.942600000000002,10.256250000000001,9.955200000000001,12.6651,57.205799999999996,16.9866,16.19745,47.658750000000005,43.52085,37.7067,27.3015,17.2785,43.3194,42.3738,30.10965,27.571649999999998,41.223,20.1873,50.078700000000005,21.44445,42.787800000000004,17.3808,42.75915,42.5223,12.949800000000002,14.02245,59.2743
70138438,67.55220000000001,17.4648,24.7257,24.226650000000003,27.898500000000002,24.611250000000002,11.319,7.975950000000001,11.17425,47.02395,31.83555,31.8393,86.12325,46.059000000000005,21.2136,19.8702,6.887400000000001,31.1853,37.83315,7.36185,6.73755,15.7647,19.2075,18.8817,26.2902,79.3773,57.473850000000006,7.2915,28.329300000000003,47.68965,7.640400000000001,16.17255,78.8118,75.1374,54.26760000000001,13.186800000000002,11.19555,6.540450000000001,64.48575000000001,6.460650000000001,11.496450000000001,28.74945,13.8276,13.024800000000003,85.01010000000001,31.394250000000003,28.7154,4.3086,7.9872000000000005,20.9826,52.2648,36.7614,16.269000000000002,54.1311,26.402850000000004,23.928,23.4132,86.34735,23.924400000000002,52.0314,5.4967500000000005,39.99405,85.64835000000001,50.8095,22.91625,26.004600000000003,22.7661,26.819850000000002,111.2013,22.9821,7.7440500000000005,15.34725,16.1352,18.2226,85.08510000000001,7.510950000000001,17.87565,11.865450000000001,15.211050000000002,53.911049999999996,27.7959,18.745350000000002,13.43115,32.86425,0.0,25.1604,46.27125,32.50605,27.26895,9.61095,5.709600000000001,6.064500000000001,42.488550000000004,84.0258,42.5715,17.268150000000002,7.39425,47.769600000000004,98.82135,21.7251,17.232300000000002,17.193150000000003,8.44755,18.556800000000003,16.1577,22.17885,58.07835000000001,20.65185,5.5566,12.3816,24.7737,15.29895,9.7551,18.932100000000002,23.233500000000003,9.888900000000001,6.910200000000001,63.40665,18.1446,60.390299999999996,17.4207,44.95545,16.30815,17.8236,20.340300000000003,9.223650000000001,16.2144,12.17655,25.553250000000002,18.17895,22.4532,24.868350000000003,104.83245000000001,9.002400000000002,26.23065,25.57095,4.30185,44.9649,18.9012,25.2372,31.772100000000005,24.8013,24.057900000000004,26.8152,27.443550000000002,22.381500000000003,25.92,23.095050000000004,24.48225,26.797500000000003,60.27210000000001,10.725750000000001,41.990100000000005,25.56345,25.110000000000003,21.51255,4.1148,10.14825,10.7124,15.045150000000001,18.792900000000003,32.893950000000004,15.292650000000002,31.33695,58.182,15.027300000000002,26.906100000000002,25.757850000000005,76.02555
70152945,49.1529,10.6455,0.52905,3.3588,4.1478,0.6228,15.30045,25.517550000000004,21.3228,26.4729,43.15515,43.1589,67.72395,26.763600000000004,25.82325,8.19045,25.83105,38.5812,15.953850000000001,25.950600000000005,28.7352,11.12985,7.61505,7.8660000000000005,1.8267,52.01625,39.07455,25.616850000000003,6.44985,27.138600000000004,26.622600000000002,35.13975,58.2609,56.737950000000005,33.716550000000005,19.436400000000003,30.177600000000005,26.65215,42.606300000000005,28.4583,21.35085,4.99875,18.518400000000003,22.147650000000002,66.6108,38.79015,36.11115,21.79035,29.984850000000005,25.59225,31.71375,55.74360000000001,35.251050000000006,32.25165,48.9123,24.657300000000003,13.14345,67.94805,10.655850000000001,31.480350000000005,24.47895,21.4152,67.24905,30.25845,4.8936,12.465,14.310900000000002,7.3071,92.80185,2.7558000000000002,26.72625,15.601650000000001,35.1024,9.888,63.20565,23.868900000000004,9.8988,17.261550000000003,37.9839,33.36,46.7631,14.0265,25.97745,14.420250000000001,27.1434,0.0,26.975850000000005,14.21595,7.756200000000001,23.79045,21.28545,20.889300000000002,23.9097,62.146350000000005,20.692050000000002,13.56075,26.376300000000004,66.75165,80.42190000000001,27.3669,36.2145,36.17535,30.4452,22.16445,35.1399,4.1562,36.1989,25.2615,24.53865,24.927899999999998,1.8936000000000002,15.94245,31.752750000000002,13.349550000000002,4.5783,27.430500000000002,28.908,41.5272,13.42575,36.82815,11.336250000000001,25.660050000000002,36.00195,9.5919,24.94995,26.76525,12.507000000000001,16.9494,30.41265,8.92635,2.80845,37.21665,86.43315,31.00005,45.19785,3.1789500000000004,26.299500000000002,25.669500000000003,31.4475,3.3577500000000002,9.892650000000001,12.44145,13.760250000000001,7.30245,7.9308000000000005,2.4183000000000003,48.69285000000001,9.4503,2.28675,39.1458,38.39265,29.193600000000004,21.685800000000004,3.1714500000000005,31.444800000000004,33.860850000000006,21.59655,19.0587,32.71005,11.67435,41.5656,15.7035,34.2747,8.89635,37.63095,34.009350000000005,5.02665,2.1438,54.146100000000004
70155195,25.407300000000003,37.53810000000001,25.292850000000005,28.502850000000002,28.153050000000004,25.910850000000003,35.940000000000005,46.15710000000001,41.96235000000001,21.800400000000003,67.15635,67.1601,43.978350000000006,1.5753000000000001,49.824450000000006,28.830000000000002,46.470600000000005,62.5824,18.304650000000002,46.59015,49.374900000000004,31.769550000000002,31.076850000000004,28.574100000000005,24.5877,37.23225,15.328949999999999,46.2564,26.499600000000004,15.287400000000002,39.90315,41.142450000000004,45.66555,32.99235,29.044050000000002,40.07595,38.18865,47.2917,40.32255000000001,49.09785000000001,39.55725,29.004,39.15795,42.7872,42.8652,62.79135000000001,60.112350000000006,40.575,50.6244,49.593450000000004,27.04125,64.98285,46.98975,29.9679,69.55185,48.658500000000004,23.181,44.20245,34.657050000000005,26.807850000000002,42.43695,11.1501,43.50345,25.586100000000005,30.0375,20.196,38.3121,22.5969,69.0564,25.338300000000004,40.006800000000005,36.2412,41.105250000000005,35.1549,52.1049,44.50845,30.538500000000003,34.77165,58.623450000000005,28.6875,52.7658,28.2768,46.61715,15.002400000000002,46.29975,24.7884,0.0,14.6442,23.046000000000003,44.43,40.039950000000005,39.643950000000004,13.6446,53.215650000000004,13.41,34.200300000000006,40.1163,78.49035,56.6763,48.00645,47.953050000000005,47.9139,51.08475,46.16565,46.87845,29.300100000000004,30.42195,49.26270000000001,42.49665,45.56745,24.65475,36.582,52.39245000000001,37.350750000000005,30.5517,48.07005,49.54755,39.24345,27.676050000000004,18.2454,31.97595,3.0904500000000006,56.6415,31.0938,48.951,47.4048,33.1467,37.588950000000004,54.413850000000004,28.984800000000003,25.837350000000004,57.85620000000001,62.68755,51.63975000000001,51.200700000000005,29.412600000000005,46.93905,3.0999,52.08705,23.407500000000002,28.0554,20.17245,24.4272,22.59225,23.2206,24.7917,69.3324,24.77175,28.3239,59.78535000000001,36.10875,49.8333,16.021800000000002,29.405100000000004,55.446000000000005,54.5004,40.3812,37.8132,53.3496,32.3139,62.2053,15.039750000000002,46.0134,29.5074,27.287550000000003,45.7479,25.0764,26.149050000000003,51.862350000000006
70155196,35.8329,26.1552,13.09035,16.30365,15.953850000000001,13.1841,23.736300000000004,32.52975,29.75865,24.02145,56.48010000000001,56.483850000000004,54.40410000000001,14.33985,34.09575,16.62645,32.84310000000001,51.906150000000004,13.225650000000002,32.96265,38.5095,19.56585,18.873150000000003,14.781900000000002,12.3852,47.658,25.754550000000002,32.6289,13.47615,24.68715,26.351100000000002,27.5904,56.0913,43.4181,31.265100000000004,27.87225,24.63645,38.3124,43.07625,38.232600000000005,26.0253,16.804800000000004,26.9544,30.5835,53.2908,52.115100000000005,49.4361,27.04305,39.75915,33.86475,29.262300000000003,51.4308,33.43755,32.7216,57.3483,37.9824,9.6288,54.62805,23.980800000000002,29.0289,28.8849,8.274750000000001,53.92905,27.807000000000002,16.04775,6.64395,27.636000000000003,9.04485,79.482,13.1346,26.45475,24.037650000000003,27.5532,22.9512,62.5305,30.881100000000004,18.3348,21.2397,46.41975,30.90855,39.213750000000005,14.74485,34.41345,1.45035,32.7477,12.58575,14.552100000000001,0.0,9.493950000000002,30.802500000000002,26.508000000000003,26.112000000000002,10.769250000000001,62.6163,14.320050000000002,21.996750000000002,26.56425,64.93815000000001,67.10205,35.8029,34.401,34.361850000000004,40.219350000000006,35.489399999999996,33.3264,15.3102,32.643,33.534,28.944600000000005,33.3639,12.4521,24.378300000000003,41.52705,23.6607,18.352500000000003,34.4427,38.68215,41.99715,14.14395,28.671000000000003,19.77225,13.236300000000002,44.43795,16.397100000000002,33.222300000000004,33.77745,20.943,22.66245,43.737750000000005,15.1926,13.633800000000003,45.6525,73.1133,40.774350000000005,37.648500000000006,15.7401,36.073800000000006,13.245750000000001,39.88335000000001,11.20395,15.596250000000001,6.620400000000001,10.875150000000001,9.0402,9.66855,12.588000000000001,57.12870000000001,10.979400000000002,16.124850000000002,47.58165,38.86260000000001,36.2058,18.987750000000002,15.7326,37.992000000000004,42.2967,26.84925,24.28125,42.4842,20.11035,50.0016,1.4875500000000001,32.46135,17.3037,35.179500000000004,32.19585000000001,12.8727,13.94985,54.61605
70155782,45.098850000000006,22.19295,8.9676,12.18105,10.276650000000002,9.0615,19.7742,29.066550000000003,25.796550000000003,22.441650000000003,50.83860000000001,50.84235,63.670049999999996,23.605800000000002,30.1335,12.6642,29.3799,46.26465,11.922600000000001,29.49945,32.2842,15.603750000000002,14.911050000000001,9.9219,8.262599999999999,47.985,35.020500000000006,29.1657,3.7413,23.10735,28.38195,36.8532,54.22965,52.68405,29.6853,23.91015,33.89925,30.20115,38.575050000000005,32.0073,22.5621,10.040400000000002,22.992150000000002,26.621399999999998,62.55675,46.473600000000005,43.7946,23.57985,33.53385,29.902500000000003,27.6825,60.6936,37.01055,28.220399999999998,53.38605,32.34075,13.4586,63.89415,18.3393,27.449100000000005,26.238300000000002,17.5407,63.19515,26.2272,12.085500000000001,9.13425,21.99435,1.1506500000000002,88.74795,9.172500000000001,28.485600000000005,20.075400000000002,36.815850000000005,18.9891,59.1744,27.4179,14.3727,17.776500000000002,42.45765,29.328750000000003,48.4764,12.8481,30.4512,10.40775,25.954500000000003,8.46315,23.818050000000003,10.0494,0.0,27.33945,23.044800000000002,22.6488,20.0352,58.115100000000005,16.660800000000002,18.0345,28.135800000000003,68.51115,76.36800000000001,31.84065,37.973850000000006,37.9347,33.9942,29.8479,36.89925,11.3481,32.16765,29.57175,26.298000000000002,29.40165,8.329500000000001,20.4162,35.301750000000006,19.6986,14.2299,30.9795,32.457,37.49595,12.247200000000001,32.7969,15.810150000000002,22.50225,40.4757,11.5371,29.2602,30.31425,16.98075,19.1994,38.09610000000001,10.3326,9.67155,41.6904,82.37925,34.54905,46.911300000000004,11.617500000000001,29.8485,22.5117,35.92125,6.737400000000001,5.861400000000001,9.11055,14.075400000000002,1.1460000000000001,0.1776,8.625900000000001,53.1666,6.119400000000001,12.00225,43.619550000000004,34.3614,32.7426,17.65455,11.610000000000001,34.0299,38.3346,23.38605,20.818050000000003,36.25905,16.1481,46.039350000000006,10.75035,36.0342,8.8617,33.5997,35.7687,6.4323,9.827250000000001,50.114850000000004
70157031,71.26485000000001,15.21075,25.812600000000003,25.313550000000003,28.985550000000003,25.698300000000003,15.598800000000002,9.3609,7.0026,49.43925,22.44585,22.4496,89.83605,49.7718,13.8741,20.370300000000004,9.67425,21.79575,38.9202,9.79395,14.7582,18.566550000000003,20.29455,23.233800000000002,27.37725,74.9826,61.18665,9.46005,29.4162,50.10495000000001,21.291900000000002,29.824050000000003,81.22725,78.85005,56.682900000000004,9.01515,24.846899999999998,10.4955,65.57265,14.481300000000003,10.7268,29.836350000000003,9.6561,7.2591,88.72290000000001,22.0047,19.3257,10.6671,16.00785,13.6431,54.6801,50.4129,29.9205,55.218,27.17445,18.16485,27.765300000000003,90.06015000000001,19.752750000000002,54.44670000000001,19.14825,43.5429,89.36115000000001,53.2248,24.003300000000003,30.356850000000005,18.59445,30.315300000000004,114.91395000000001,24.069000000000003,21.395550000000004,13.516800000000002,29.7867,19.30965,86.17200000000001,9.891900000000001,18.9627,16.217550000000003,16.24605,56.326350000000005,41.4474,23.0976,4.041600000000001,36.5478,15.257400000000002,26.247300000000003,49.984049999999996,36.34365,30.7644,0.0,18.0306,17.6346,46.0374,85.1127,43.658550000000005,18.355050000000002,21.04575,61.4211,102.534,12.335550000000001,30.883800000000004,30.844649999999998,16.4682,14.385150000000001,29.8092,23.26575,59.16525,13.533300000000002,19.2081,2.9920500000000003,25.860750000000003,13.1856,17.775750000000002,20.019150000000003,24.320400000000003,10.5486,14.93085,64.49355,22.4967,59.794500000000006,18.5076,48.66825,14.264100000000001,22.1757,13.9947,10.608600000000001,17.30145,16.4562,16.1637,22.531050000000004,23.540100000000002,15.478800000000001,108.54525000000001,17.02305,39.88215,26.657850000000003,12.322500000000002,48.6777,9.5115,26.324100000000005,32.859,29.153399999999998,28.382100000000005,30.31065,30.939,23.468400000000003,26.955000000000002,27.44715,25.569300000000002,17.40795,61.359,9.6666,44.652300000000004,26.650350000000003,16.79475,12.123000000000001,10.8609,15.80385,18.7329,18.906750000000002,19.82775,36.91635,28.94415,32.42385,60.5973,29.648550000000004,27.993000000000002,26.84475,77.11245000000001
70224396,65.5968,12.9162,20.1771,19.6779,23.3499,20.06265,6.770400000000001,13.221,14.407350000000001,42.4752,35.289750000000005,35.293350000000004,84.16785,44.10360000000001,20.85795,15.32145,12.13245,32.564550000000004,33.28455,12.606900000000001,11.9826,11.215950000000001,14.658900000000001,14.3331,21.741600000000002,77.42190000000001,55.51845000000001,12.536550000000002,23.7807,43.14105000000001,5.6998500000000005,14.217150000000002,74.26320000000001,73.182,49.71885,14.6346,9.255,11.7855,59.93715,11.7057,8.573550000000001,24.20085,13.716750000000001,14.924850000000001,83.05470000000001,32.7735,30.0945,6.062250000000001,13.2321,20.62695,47.71605,34.82085000000001,14.32845,49.5825,31.647750000000002,23.57235,18.8646,84.39195000000001,21.75915,47.48265,3.5562000000000005,38.03865,83.69295000000001,46.2609,18.36765,21.456,22.41075,22.271250000000002,109.24590000000002,18.433500000000002,5.80365,10.79865,14.179800000000002,13.674000000000001,80.5365,12.756,13.327050000000002,7.31685,20.4561,49.3623,25.840500000000002,14.196750000000002,16.88535,30.908850000000005,6.2208,20.61165,44.315850000000005,30.55065,22.72035,14.856000000000002,0.0,1.5159,40.53315,79.47705,38.0229,12.719550000000002,5.4537,45.82905,96.86595000000001,22.5651,15.291900000000002,15.252600000000001,13.69245,18.201150000000002,14.217300000000002,17.63025,53.52975,20.2962,3.61605,15.835800000000003,20.2251,11.13945,15.000150000000001,14.383500000000002,18.68475,15.13395,12.15525,58.85805,13.596,58.4349,12.8721,43.00005,27.107850000000003,13.27485,19.984650000000002,14.4687,11.6658,7.627800000000001,29.845950000000002,13.63035,17.904600000000002,28.322550000000003,102.87705,14.247449999999999,24.27525,21.02235,9.5469,43.0095,22.35525,20.68845,27.2235,20.2527,19.4814,22.2666,22.89495,17.83275,31.165050000000004,18.546300000000002,19.93365,30.2517,55.72335,15.970800000000002,37.441500000000005,21.01485,24.754350000000002,24.96675,5.86845,5.5996500000000005,15.957300000000002,10.496550000000001,24.03795,30.938399999999998,13.3521,26.788350000000005,53.6334,13.08675,22.35735,21.20925,71.47695
70224398,65.63010000000001,12.9495,20.2104,19.7112,23.3832,20.09595,6.803700000000001,13.254300000000002,14.440650000000002,42.508500000000005,35.3229,35.32665,84.20115,44.1369,20.89125,15.354750000000001,12.165750000000001,32.59785,33.31785000000001,12.6402,12.015900000000002,11.24925,14.6922,14.3664,21.774900000000002,77.45505,55.551750000000006,12.56985,23.813850000000002,43.1742,5.73315,14.250449999999999,74.29650000000001,73.21515000000001,49.75215,14.667900000000001,9.2883,11.8188,59.97045000000001,11.73885,8.60685,24.234150000000003,13.749900000000002,14.958150000000002,83.08800000000001,32.8068,30.127800000000004,6.09555,13.265400000000001,20.66025,47.74935000000001,34.85415,14.36175,49.61565,31.681050000000003,23.60565,18.8979,84.42525,21.79245,47.515950000000004,3.5895,38.0718,83.72625000000001,46.294050000000006,18.40095,21.489300000000004,22.44405,22.304550000000003,109.27920000000002,18.466800000000003,5.8368,10.83195,14.2131,13.707300000000002,80.56965,12.789300000000003,13.36035,7.350150000000001,20.489400000000003,49.3956,25.873649999999998,14.230050000000002,16.918650000000003,30.942149999999998,6.2541,20.64495,44.34915,30.583800000000004,22.75365,14.889300000000002,0.396,0.0,40.566300000000005,79.51035,38.056200000000004,12.75285,5.487,45.862350000000006,96.8991,22.5984,15.325050000000003,15.285900000000002,13.725750000000001,18.23445,14.250449999999999,17.66355,53.5629,20.3295,3.6493500000000005,15.8691,20.2584,11.172600000000001,15.03345,14.416800000000002,18.71805,15.167250000000001,12.188550000000001,58.891200000000005,13.629150000000001,58.46820000000001,12.90525,43.033350000000006,27.14115,13.308150000000001,20.01795,14.502,11.6991,7.6611,29.879100000000005,13.66365,17.93775,28.355850000000004,102.91035,14.280750000000001,24.308550000000004,21.05565,9.58005,43.04280000000001,22.388550000000002,20.72175,27.25665,20.28585,19.514550000000003,22.2999,22.928250000000002,17.86605,31.198350000000005,18.5796,19.96695,30.285,55.75665,16.0041,37.4748,21.048150000000003,24.78765,25.00005,5.901750000000001,5.6328000000000005,15.9906,10.52985,24.071250000000003,30.971700000000002,13.3854,26.821649999999998,53.666700000000006,13.120050000000003,22.39065,21.24255,71.51010000000001
70225154,35.32005,35.5104,23.265150000000002,26.475,26.125350000000005,23.883000000000003,33.91215,44.1294,39.9345,22.3551,65.12865000000001,65.1324,53.89125000000001,13.827,47.796600000000005,26.802300000000002,44.442750000000004,60.55455,11.5893,44.5623,47.34705,29.7417,29.04915,25.561500000000002,22.560000000000002,47.14515,25.241850000000003,44.228550000000006,21.35445,23.02095,36.8904,38.129850000000005,55.57845000000001,42.90525,29.598750000000003,38.048100000000005,35.1759,45.264,41.410050000000005,47.07015,36.5445,26.97615,37.130250000000004,40.7595,52.7781,60.7635,58.08465,37.56225,48.5967,47.5656,27.595950000000002,61.97025,43.977000000000004,31.05525,67.52415,46.6308,20.16825,54.11535000000001,32.6292,27.3627,39.4242,3.2353500000000004,53.41635000000001,26.140800000000002,28.009800000000002,17.183400000000002,36.2844,19.136550000000003,78.96915,23.31045,36.99405,34.2135,38.0925,33.127050000000004,62.0178,42.48075,28.51065,31.7589,56.595600000000005,29.242350000000005,49.75320000000001,25.2642,44.5893,11.54205,43.28715,22.760550000000002,14.039250000000001,11.18385,19.58565,42.402300000000004,37.027350000000006,36.6312,0.0,60.94995000000001,11.525400000000001,32.1726,37.103550000000006,75.47760000000001,66.5892,45.978750000000005,44.94045,44.901300000000006,49.057050000000004,44.137800000000006,43.86585,27.2724,30.97665,47.23485,39.48405,43.539750000000005,22.626900000000003,34.55415,50.3646,35.3229,28.524,46.042350000000006,47.519850000000005,40.3308,24.663300000000003,28.158300000000004,29.948100000000004,12.72345,54.6138,26.135250000000003,46.923300000000005,45.377100000000006,31.118850000000005,35.56125,52.38615,25.9722,23.80965,55.828500000000005,72.60045000000001,49.6119,48.18795,27.3849,44.911350000000006,12.7329,50.059200000000004,21.379800000000003,20.05815,17.15985,21.41445,19.1319,19.760250000000003,22.76385,67.30470000000001,21.759,26.2962,57.75765,37.19625,47.80545,17.3214,27.37725,53.418150000000004,52.47270000000001,37.36860000000001,34.8006,51.3219,30.2862,60.17745000000001,12.027000000000001,43.00065,24.72165,33.5133,42.7353,23.0487,24.1212,52.94970000000001
70225158,47.759100000000004,75.63435000000001,62.4429,63.54945000000001,59.595600000000005,62.721000000000004,73.21545,83.43270000000001,79.23780000000001,39.2832,96.39675000000001,96.40050000000001,34.8603,52.9059,83.57475000000001,66.10560000000001,83.74605,91.82265000000001,49.2279,83.8656,86.65035,69.045,68.3523,67.881,61.86900000000001,17.835,39.081300000000006,83.53185,57.18255,42.64755,87.5502,88.7895,8.295300000000001,21.31695,34.01865,77.3514,85.8357,84.56715,22.97325,86.37345,79.26585,59.35920000000001,76.43355,80.06265,50.344950000000004,92.03160000000001,89.35275,79.7055,87.89985,83.3439,34.551899999999996,112.62990000000002,94.63680000000001,31.653000000000002,106.82730000000001,81.6873,66.79905,35.0844,67.79685,35.5758,82.39395,57.100500000000004,50.98320000000001,36.97845,65.08425,67.09335,72.13455,59.1099,34.16010000000001,62.61375,87.65385,73.5168,88.7523,72.43035,1.5306,81.78405,67.81395,75.17655,95.8989,33.1653,100.41284999999999,70.80720000000001,83.8926,61.2798,85.05855,62.069700000000005,58.96245000000001,61.19910000000001,58.39365,81.70545000000001,79.20045,78.80445,59.595000000000006,0.0,50.07495000000001,71.4759,84.29145000000001,126.13740000000001,27.269850000000005,85.28205,95.60010000000001,95.56095,88.3602,80.10585,94.52550000000001,64.34670000000001,35.2314,83.01315,82.4538,82.84305,61.93605,73.85745000000001,89.6679,71.29020000000001,65.5983,85.34565,86.82300000000001,24.012,70.20645,35.9685,69.2514,53.30145000000001,93.9171,68.36925000000001,82.70145000000001,84.6804,70.42215,74.8644,83.65425,68.2917,63.112950000000005,95.13165000000001,42.9258,88.91520000000001,98.84775,64.45920000000001,84.21465,53.310900000000004,89.36250000000001,60.1788,53.37315,63.12585000000001,67.41585,59.105250000000005,58.3398,62.06715,106.60785,64.07865,63.370650000000005,97.0608,31.4067,87.10875,45.1188,64.4517,84.68625,91.77585,79.5117,76.97370000000001,90.62505,69.58935000000001,99.48075,62.6868,93.66045000000001,57.85470000000001,30.179550000000003,93.39510000000001,56.8314,61.458600000000004,10.910400000000001
70238808,37.266000000000005,34.1625,21.102300000000003,23.13315,20.49285,21.196050000000003,31.743600000000004,41.9607,37.765950000000004,12.80925,57.294000000000004,57.29775,52.0428,13.78335,42.1029,24.633600000000005,42.2742,52.72005,5.94555,42.393750000000004,45.1785,27.57315,26.88045,24.149400000000004,20.397150000000003,38.3526,22.529400000000003,42.06,15.7107,9.364500000000001,39.86265,41.10210000000001,44.59725,40.19295,20.0529,35.87955,38.14815,43.0953,31.864050000000002,44.9016,35.59695,20.256600000000002,34.9617,38.5908,54.72405,52.929,50.25,36.6147,46.428000000000004,41.871900000000004,18.0501,64.94250000000001,46.94925,21.509400000000003,65.35545,42.58455,22.740900000000003,52.26675,28.69425,17.8167,42.39645,8.9802,55.3623,16.594800000000003,24.05505,20.15565,33.03195,17.638050000000003,77.12070000000001,21.141900000000003,39.96645,32.0448,41.064750000000004,30.9585,52.4634,40.312200000000004,26.342100000000002,30.811350000000004,54.42705,19.69635,52.72545000000001,24.3165,42.420750000000005,13.59225,38.98935,20.59785,13.4265,13.5117,16.9218,40.2336,36.07965,35.68365,11.4747,51.40410000000001,0.0,30.003899999999998,40.0758,78.44985000000001,64.74075,43.810050000000004,47.9127,47.87355,46.88835,41.0031,46.838100000000004,23.317500000000003,21.4308,41.54115,42.456300000000006,41.3712,20.4642,32.385600000000004,48.19605000000001,31.668000000000003,25.18215,43.8738,45.35115,30.784950000000002,23.71575,16.57965,27.779550000000004,15.184500000000002,52.44525,25.764600000000005,41.229600000000005,43.2084,28.950300000000002,33.39255,44.55165,24.560100000000002,21.64095,53.6598,74.5464,47.44335,51.16020000000001,24.04305,42.7428,15.19395,47.89065,18.70695,14.4144,19.0677,23.3577,17.6334,16.86795,20.5953,65.13600000000001,20.3469,22.95435,55.588950000000004,27.650399999999998,45.6369,6.3045,24.035550000000004,45.999300000000005,50.304,36.4209,33.8529,49.153200000000005,28.117500000000003,58.008900000000004,14.99925,45.9729,19.077900000000003,23.9673,45.707550000000005,16.648500000000002,21.04245,43.403850000000006
70238985,56.6688,3.8520000000000003,11.21655,10.71735,14.38935,11.1021,6.00555,16.22265,12.0279,34.843050000000005,32.6454,32.64915,75.23985,35.1756,16.36485,5.774100000000001,16.536150000000003,28.071450000000002,24.324,16.6557,19.4403,3.5067000000000004,5.6983500000000005,10.875900000000001,12.781050000000002,60.3864,46.590450000000004,16.32195,14.82,35.5089,17.3277,25.844850000000005,66.63105,64.25385,42.0867,10.1415,20.8827,17.35725,50.976600000000005,19.163400000000003,12.055950000000001,15.240300000000001,9.223500000000001,12.85275,74.12670000000001,28.2804,25.601399999999998,12.49545,20.68995,16.13385,40.0839,46.4487,25.95615,40.62195,39.6174,19.079250000000002,15.407250000000001,75.46395000000001,9.9882,39.85065,15.184050000000003,28.9467,74.76495000000001,38.628750000000004,9.4071,17.998800000000003,12.4812,15.719100000000001,100.31790000000001,9.47295,17.431350000000002,6.30675,25.80765,1.9030500000000001,71.5758,14.574000000000002,3.90465,6.38955,28.689,41.73015,37.4682,10.73955,16.682550000000003,21.95175,17.8485,11.6511,35.38785000000001,21.74745,16.1682,14.495550000000001,11.99055,11.59455,31.441200000000002,70.51650000000001,29.062350000000002,0.0,17.081400000000002,57.45675000000001,87.93795000000001,18.072000000000003,26.919600000000003,26.88045,21.1503,13.708050000000002,25.845000000000002,8.6697,44.569050000000004,15.8031,15.24375,15.633000000000001,11.26455,6.64755,22.458000000000002,2.61255,9.724200000000002,18.1356,19.6131,49.89735,10.138650000000002,45.19845,3.91155,34.072050000000004,26.707050000000002,7.9923,15.491550000000002,17.47035,0.88275,7.6545000000000005,23.471550000000004,8.83665,8.94405,27.921750000000003,93.94905,21.7053,35.902950000000004,12.0618,17.0046,34.081500000000005,22.1526,11.727900000000002,18.26295,16.79535,16.024050000000003,15.71445,16.3428,8.872200000000001,39.39795,15.0891,10.9731,29.8509,46.762800000000006,19.8987,30.056100000000004,12.0543,20.2611,24.56595,12.30165,9.7638,23.41515,3.8469,32.2707,22.32015,24.97995,17.827800000000003,46.001250000000006,24.71445,13.396800000000002,12.248700000000001,62.516400000000004
70246377,62.00220000000001,17.811300000000003,25.0722,24.573,28.245,24.95775,11.665500000000002,14.908050000000001,18.10635,49.88535,38.76765,38.77125,80.57325,40.509,25.75305,20.21655,13.819500000000001,37.45965,39.08955,14.29395,13.66965,16.111050000000002,19.554000000000002,19.2282,26.6367,73.82715,51.92385,14.223600000000001,28.67565,50.55105,1.2501,11.1303,82.26045,69.58725,57.129000000000005,19.5297,4.80525,13.472550000000002,64.83225,13.392750000000001,13.468650000000002,29.095950000000002,18.6117,19.9569,79.46010000000001,37.668600000000005,34.9896,10.95735,14.919300000000002,25.522050000000004,55.126200000000004,30.371100000000006,9.8787,54.477450000000005,33.33495,28.46745,20.620350000000002,80.79735000000001,26.65425,54.8928,2.32065,34.444050000000004,80.09835000000001,53.6709,23.26275,24.00975,27.305850000000003,27.166350000000005,105.6513,23.3286,1.3539,15.693750000000001,11.09295,18.5691,85.43145000000001,14.443050000000001,18.222150000000003,12.211950000000002,22.143150000000002,56.772450000000006,22.75365,19.09185,20.36325,27.31425,7.90785,25.50675,40.721250000000005,26.95605,27.61545,16.54305,6.056100000000001,6.41085,36.938550000000006,84.37215,40.18395,17.61465,0.0,41.3793,93.27120000000001,27.4602,10.842150000000002,10.80285,15.379650000000002,23.09625,9.76755,22.52535,58.42470000000001,25.191300000000002,2.3803500000000004,19.3137,25.1202,16.0344,16.6872,19.2786,23.57985,16.821,13.842300000000002,63.753,18.49095,54.8403,17.7672,39.40545,23.24025,18.16995,24.87975,16.15575,16.5609,12.522900000000002,34.740899999999996,18.52545,22.799550000000004,31.80045,99.28245000000001,15.934500000000002,21.1884,25.91745,11.23395,39.4149,25.83315,25.583550000000002,32.11845,25.14765,18.507900000000003,27.1617,27.790050000000004,22.72785,32.85210000000001,23.4414,24.828750000000003,33.729600000000005,60.61845000000001,17.65785,44.8515,25.909950000000002,29.64945,28.44465,10.76355,10.4946,17.64435,15.391650000000002,25.725,27.3438,8.90235,31.68345,61.0434,8.637,27.25245,26.104350000000004,76.3719
70248476,100.55625,58.137750000000004,65.39865,64.89945,68.57145000000001,65.28420000000001,51.99195000000001,54.537150000000004,59.550000000000004,88.4394,76.74495,76.74855,119.12745000000001,79.06320000000001,66.07950000000001,60.543000000000006,54.057,77.7861,77.64375000000001,54.62805,49.304700000000004,56.4375,59.88045000000001,59.55465,66.96315,112.38135,90.4779,55.0278,69.00210000000001,89.10525,40.1133,37.93695,120.81465000000001,108.14145,95.68320000000001,61.56255,42.2445,54.461850000000005,105.15870000000001,51.26370000000001,53.795100000000005,69.4224,58.93815,61.40055,118.01415000000001,77.99505,75.31605,55.613850000000006,49.827000000000005,65.8485,93.6804,13.937400000000002,33.0879,94.8039,72.858,68.79390000000001,59.174549999999996,119.35140000000001,66.98070000000001,93.447,42.6471,72.99810000000001,118.65240000000001,92.22510000000001,63.589200000000005,62.5638,67.6323,67.4928,144.20535,63.65505,40.216950000000004,56.02020000000001,38.11695,58.89555,127.254,55.886700000000005,58.54860000000001,52.5384,61.66620000000001,95.32665,26.15445,58.930350000000004,61.8069,65.86845000000001,48.234300000000005,65.8332,79.27545,65.51010000000001,67.9419,57.986700000000006,46.38255,46.737300000000005,75.49260000000001,124.6986,78.738,57.941100000000006,40.32645,0.0,131.82540000000003,67.78665000000001,34.051350000000006,34.0122,47.204550000000005,63.422700000000006,32.97675,62.8518,97.06110000000001,65.51775,42.7068,60.75735,65.44665,56.360850000000006,51.59505,59.60505,63.9063,56.450100000000006,48.75015,104.07945000000001,58.8174,93.39450000000001,58.093500000000006,77.95965,62.7633,58.4964,65.20620000000001,55.784850000000006,56.887350000000005,52.84935000000001,75.06735,58.8519,63.126000000000005,69.77775,137.83665000000002,46.27245,27.929250000000003,66.2439,52.677600000000005,77.96910000000001,67.2768,65.91000000000001,72.4449,64.1166,57.06195000000001,67.48815,68.1165,63.0543,72.37515,63.76785,65.15520000000001,71.7069,100.94490000000002,57.1809,83.40570000000001,66.2364,69.9759,69.8883,51.09,50.82105,52.552200000000006,55.71810000000001,65.24805,65.89800000000001,33.01395,72.0099,99.5976,32.84985,67.5789,66.4308,116.69835
70248511,49.64475,92.70735,80.4621,83.67195000000001,83.3223,81.07995000000001,91.10910000000001,101.32634999999999,97.13145000000002,54.68535000000001,122.3256,122.32935,13.302900000000001,56.723549999999996,104.99355,83.99925,101.6397,117.75150000000001,73.23735,101.75925000000001,105.87045,86.93865000000001,86.24610000000001,82.38300000000001,79.75695,29.310750000000002,45.7455,101.4255,80.8371,53.825100000000006,93.7119,94.95135,23.20785,28.404899999999998,46.76805,95.24505,91.9974,105.67320000000001,50.098200000000006,105.59340000000002,93.36615,84.1731,94.3272,97.95645,28.787550000000003,117.96045000000001,115.2816,94.3839,107.11995000000002,104.76255,47.301300000000005,118.79175000000001,100.7985,58.7778,124.72109999999999,103.82775000000001,76.98975,13.527000000000001,89.82615,48.3252,96.24570000000001,64.95885000000001,29.425800000000002,49.728,85.20675,74.0049,93.48135,76.40565000000001,15.509400000000001,80.5074,93.8157,91.41045000000001,94.914,90.324,26.50965,99.67770000000002,85.70760000000001,88.5804,113.79270000000001,45.9147,106.5747,82.0857,101.78625000000001,68.8113,100.10865000000001,79.95750000000001,56.9358,68.45295,76.8549,99.59925000000001,93.84885000000001,93.45270000000001,67.4535,27.6204,64.64715,89.36955,93.92505,132.2991,0.0,103.1757,101.76195000000001,101.7228,107.58030000000001,101.33475,100.68735,84.46935,50.72325,104.4318,96.30555,100.73670000000001,79.82385000000001,91.75110000000001,108.888,92.51985,85.72095000000002,103.2393,106.0431,51.1368,81.4848,44.1,87.14505,57.118950000000005,111.81075000000001,82.95675,104.12025000000001,102.57405,88.3158,90.0033,109.5831,82.79370000000002,81.0066,113.02545,14.629800000000001,108.1353,105.00945000000002,84.58185,103.4346,57.1284,107.25615000000002,78.57675,69.6483,73.98135,78.23595,76.40100000000001,77.02935000000001,79.9608,124.50150000000001,78.5805,83.49315,114.9546,47.0829,105.00240000000001,59.654700000000005,84.5742,110.6151,109.66965000000002,94.1901,91.6221,109.84515000000002,87.48315000000001,117.37440000000001,68.8485,99.82215000000001,84.6765,42.929100000000005,99.5568,80.24565,81.31815,38.0352
70286191,74.5854,12.89325,24.865050000000004,24.365850000000002,27.97515,24.750600000000002,15.408300000000002,16.275750000000002,11.236650000000001,48.491550000000004,17.22885,17.2326,93.15660000000001,48.82410000000001,5.14065,19.4226,16.58925,12.654900000000001,37.972500000000004,16.708800000000004,21.673050000000003,17.619,19.34685,24.595950000000002,26.429550000000003,74.03490000000001,64.50704999999999,16.37505,28.468500000000002,49.1574,26.73045,35.24775,80.27955,82.17060000000001,55.735200000000006,9.35025,30.285600000000002,17.41035,64.6251,21.396150000000002,15.221250000000001,28.826100000000004,9.59895,6.468,92.0433,12.86385,10.18485,17.58195,22.9227,4.90965,53.7324,55.85145000000001,35.35905,54.27045000000001,29.317050000000002,8.38995,29.519550000000002,93.38055,16.84845,53.49915,24.586800000000004,46.84785000000001,92.68155,52.27725,23.055600000000002,34.52565,12.3387,29.367600000000003,118.23450000000001,23.12145,26.834100000000003,12.570900000000002,35.2104,18.36195,85.2243,16.80675,18.015,17.124000000000002,18.388650000000002,55.37865,46.871100000000006,24.851850000000002,11.24835,39.85275,22.172250000000002,25.299600000000005,49.036350000000006,39.6486,29.8167,12.86175,21.39345,20.997300000000003,49.34235,84.165,42.71085000000001,17.407500000000002,26.4843,66.85965,105.85455,0.0,36.32235000000001,36.2832,23.38305,6.31275,35.24775,22.3182,58.217549999999996,4.79985,24.646649999999998,10.1988,24.913050000000002,12.238050000000001,24.690600000000003,19.07145,23.372700000000002,18.1887,21.845850000000002,63.54585000000001,24.25095,58.84695000000001,17.56005,47.72055,16.4067,21.640800000000002,5.878950000000001,17.52345,16.35375,17.05725,7.02285,22.48515,22.592550000000003,17.6214,111.86580000000001,23.937900000000003,45.30585000000001,25.710300000000004,19.23735,47.730000000000004,10.104450000000002,25.3764,31.911450000000002,30.90765,30.136350000000004,29.36295,29.991300000000003,22.5207,29.097600000000003,28.6614,24.621600000000004,9.62205,60.4113,16.873350000000002,43.704600000000006,25.702800000000003,7.01985,11.12715,17.775750000000002,19.1667,25.6479,17.9592,21.97035,41.13615,34.3827,32.723850000000006,59.649750000000004,34.11735,27.0453,25.885350000000003,76.1649
70286419,70.28085,27.8622,35.1231,34.6239,38.2959,35.00865,21.7164,24.38745,29.4003,58.164,46.59525,46.598850000000006,88.8519,48.78765,35.80395,30.26745,23.907300000000003,47.51055,47.3682,24.478350000000002,19.155,26.16195,29.6049,29.279100000000003,36.6876,82.1058,60.2025,24.878100000000003,38.7267,58.82970000000001,9.83775,18.294,90.5391,77.8659,65.40765,29.580600000000004,11.968950000000001,24.312150000000003,74.88315,21.114,23.519550000000002,39.14685000000001,28.662750000000003,31.250850000000003,87.73875000000001,47.719500000000004,45.0405,21.00825,19.677300000000002,35.57295,63.40485,23.257050000000003,1.37115,64.52850000000001,42.7083,38.518350000000005,28.899,89.07600000000001,36.70515,63.17145000000001,12.371550000000001,42.722550000000005,88.37700000000001,61.94955,33.31365,32.2884,37.356750000000005,37.21725,113.9298,33.3795,9.94155,25.74465,18.256800000000002,28.62,96.97845000000001,25.737000000000002,28.27305,22.26285,31.5165,65.0511,19.365750000000002,28.65495,31.6572,35.5929,17.958750000000002,35.5578,48.999900000000004,35.234550000000006,37.66635,27.837000000000003,16.107,16.4619,45.21705,94.42305,48.4626,27.665550000000003,10.0509,34.26525,101.54984999999999,37.511100000000006,0.0,0.40875,17.054850000000002,33.147149999999996,1.26,32.57625,66.78555,35.242200000000004,12.431400000000002,30.60765,35.1711,26.08545,21.44535,29.329500000000003,33.63075,26.3004,18.60045,73.80405,28.542,63.118950000000005,27.818100000000005,47.68410000000001,32.613600000000005,28.220850000000002,34.93065,25.63515,26.611800000000002,22.573800000000002,44.79195,28.576350000000005,32.85060000000001,39.62805,107.5611,16.12275,17.8005,35.96835,22.527900000000002,47.69355,37.127100000000006,35.63445,42.1695,33.84105,26.7864,37.2126,37.84095,32.77875,42.22545,33.4923,34.87965,41.5572,70.66935000000001,27.031200000000002,53.13015,35.96085000000001,39.70035000000001,39.738600000000005,20.81445,20.545650000000002,22.4025,25.442550000000004,35.09835,35.62245,2.7384,41.734350000000006,69.32205,3.2119500000000003,37.30335,36.15525,86.42295000000001
70288587,70.1808,27.76215,35.023050000000005,34.524,38.19585000000001,34.90860000000001,21.61635,24.2874,29.300250000000002,58.063950000000006,46.495200000000004,46.49895,88.75185,48.6876,35.70405,30.167550000000002,23.80725,47.410500000000006,47.26815,24.37845,19.05495,26.061899999999998,29.504850000000005,29.179050000000004,36.58755,82.00575,60.102450000000005,24.778050000000004,38.62665,58.72965,9.73785,18.19395,90.43905,77.76585,65.30760000000001,29.480550000000004,11.868900000000002,24.2121,74.7831,21.0141,23.41965,39.046800000000005,28.5627,31.150800000000004,87.63870000000001,47.61945,44.9406,20.9082,19.5774,35.47305,63.3048,23.157,1.2711000000000001,64.42845000000001,42.608250000000005,38.4183,28.79895,88.97595000000001,36.60510000000001,63.071400000000004,12.271650000000001,42.62265,88.27695000000001,61.849500000000006,33.21360000000001,32.18835000000001,37.2567,37.117200000000004,113.82990000000001,33.279450000000004,9.8415,25.644600000000004,18.156750000000002,28.51995,96.8784,25.63695,28.173000000000002,22.1628,31.41645,64.95105,19.653750000000002,28.5549,31.55715,35.492850000000004,17.85885,35.457750000000004,48.89985000000001,35.1345,37.566300000000005,27.73695,16.00695,16.36185,45.11715,94.32315,48.362550000000006,27.5655,9.95085,34.1652,101.4498,37.4112,0.34785000000000005,0.0,16.954800000000002,33.04710000000001,1.15995,32.4762,66.6855,35.142300000000006,12.33135,30.507600000000004,35.07105,25.9854,21.3453,29.22945,33.53085,26.200350000000004,18.500400000000003,73.70400000000001,28.441950000000002,63.0189,27.71805,47.584050000000005,32.51355,28.12095,34.830600000000004,25.535100000000003,26.511750000000003,22.4739,44.6919,28.476300000000002,32.750550000000004,39.528000000000006,107.46105,16.0227,18.0885,35.868300000000005,22.42785,47.593500000000006,37.0272,35.53455,42.06945,33.741,26.686350000000004,37.112550000000006,37.7409,32.678850000000004,42.125550000000004,33.3924,34.7796,41.45715,70.56945,26.93115,53.030100000000004,35.860800000000005,39.600300000000004,39.63855,20.7144,20.4456,22.30245,25.3425,34.9983,35.5224,2.6383500000000004,41.6343,69.22200000000001,3.1119,37.203450000000004,36.0552,86.3229
70337217,74.6481,18.59385,29.195850000000004,28.696649999999998,32.36865,29.0814,17.6382,7.431150000000001,12.444,52.82235000000001,33.1053,33.10905,93.21915,53.1549,22.48335,23.753400000000003,6.9510000000000005,32.45505,42.3033,7.522200000000001,2.1987,21.949800000000003,23.677650000000003,25.273350000000004,30.760350000000003,78.3657,64.56975,7.9218,32.7993,53.48805,17.265150000000002,27.548100000000005,84.61035000000001,82.23315000000001,60.066,14.456550000000002,21.222900000000003,7.810200000000001,68.9559,4.157850000000001,12.7662,33.21960000000001,15.0975,14.294550000000003,92.10600000000001,32.664,29.98515,8.50785,2.72115,22.25235,58.06320000000001,36.17895,15.28275,58.6011,25.752000000000002,25.197750000000003,29.8047,93.44325,25.19415,57.8298,15.12165,46.926,92.74425000000001,56.6079,27.3864,32.39625,24.03585,33.6984,118.29720000000002,27.452100000000005,17.36895,16.899900000000002,27.51075,22.69275,89.55510000000001,8.780700000000001,22.345800000000004,18.25695,14.56035,59.70945000000001,39.1713,25.137,14.7009,42.489000000000004,11.23065,29.630399999999998,53.36715,42.1308,34.1475,10.880700000000001,15.33435,15.689250000000001,49.420500000000004,88.4958,47.04165,21.738300000000002,17.019000000000002,47.187000000000005,105.91709999999999,22.99485,16.246199999999998,16.207050000000002,0.0,19.82655,15.1716,26.649,62.548350000000006,21.9216,15.18135,13.65135,29.243850000000005,16.56885,4.48905,23.402250000000002,27.703500000000002,9.3441,1.64415,67.87665,24.5361,63.17775,21.8907,52.051350000000006,15.657300000000001,24.2151,21.61005,8.67885,20.68455,18.4956,26.823,24.570600000000002,26.9232,26.138100000000005,111.92835,1.9269,37.6062,30.041100000000004,5.5716,52.0608,20.17095,29.7072,36.24210000000001,31.192800000000002,30.4215,33.69375,34.322100000000006,26.8515,25.2693,29.48655,28.9524,28.06725,64.74210000000001,10.074900000000001,48.0354,30.033450000000002,26.37975,22.782300000000003,8.70165,14.153400000000001,5.446350000000001,22.290000000000003,18.14205,42.5187,14.4381,35.807100000000005,63.98055,13.6317,31.376100000000005,30.228,80.49555
70337656,70.8813,9.284400000000002,21.25635,20.757150000000003,24.271050000000002,21.141900000000003,11.7996,12.667050000000001,7.627950000000001,44.882850000000005,20.57325,20.577,89.45235000000001,45.2154,5.3322,15.813900000000002,12.980550000000003,15.999150000000002,34.363800000000005,13.1001,18.06435,14.010300000000003,15.738150000000001,20.98725,22.82085,70.42620000000001,60.80295000000001,12.766350000000001,24.859800000000003,45.548550000000006,23.121750000000002,31.639050000000005,76.67085,78.46650000000001,52.1265,5.74155,26.676750000000002,13.801650000000002,61.016400000000004,17.78745,11.61255,25.122,5.9902500000000005,5.6442000000000005,88.3392,16.2081,13.529250000000001,13.97325,19.314,5.6559,50.12370000000001,52.24275,31.750350000000005,50.66160000000001,29.130600000000005,8.0466,25.910850000000003,89.67645,13.1442,49.890299999999996,20.9781,43.143600000000006,88.97745,48.6684,19.446900000000003,30.916800000000002,8.6346,25.7589,114.53040000000001,19.51275,23.2254,8.962200000000001,31.6017,14.753250000000001,81.6156,13.198050000000002,14.406300000000002,13.515300000000002,18.2022,51.76995000000001,43.26225,21.24315,12.2721,36.148649999999996,18.563550000000003,21.690900000000003,45.42765,35.94435000000001,26.208000000000002,8.595,17.7846,17.3886,45.6381,80.5563,39.10215,13.798800000000002,22.875600000000002,63.25095000000001,102.15045,7.5852,32.71365,32.6745,19.774350000000002,0.0,31.639050000000005,18.709500000000002,54.608850000000004,4.77045,21.03795,11.2224,21.30435,8.62935,21.0819,15.462750000000002,19.764000000000003,14.58,18.237150000000003,59.93715,20.64225,55.23825,13.9512,44.111850000000004,16.2204,18.03195,4.4589,13.914750000000002,12.745050000000003,13.448550000000003,10.3671,18.87645,18.9837,17.43495,108.16155,20.3292,41.69715,22.1016,15.628650000000002,44.121300000000005,16.12665,21.7677,28.302600000000005,27.29895,26.527649999999998,25.754250000000003,26.382600000000004,18.912000000000003,28.91115,25.0527,21.012900000000002,19.3641,56.802600000000005,16.34325,40.0959,22.0941,9.22845,14.079150000000002,14.167050000000001,15.55785,22.0392,14.3505,21.78405,32.35995,30.774,29.019600000000004,56.04105,30.50865,23.436600000000002,22.181250000000002,72.55605
70337705,69.14535000000001,26.726850000000002,33.98760000000001,33.488550000000004,37.16055,33.8733,20.58105,23.25195,28.2648,57.0285,45.45975,45.4635,87.71640000000001,47.65215,34.668600000000005,29.132100000000005,22.771800000000002,46.37505,46.2327,23.343,18.0195,25.026600000000002,28.46955,28.14375,35.5521,80.97045000000001,59.067,23.7426,37.5912,57.69420000000001,8.7024,17.15865,89.40360000000001,76.73055,64.27215,28.445100000000004,10.833450000000001,23.176650000000002,73.74765000000001,19.978650000000002,22.3842,38.01135000000001,27.527250000000002,30.115350000000003,86.60325,46.584,43.90515,19.87275,18.54195,34.4376,62.26935,22.121550000000003,0.11115,63.393,41.5728,37.382850000000005,27.7635,87.9405,35.56965,62.03595000000001,11.2362,41.5872,87.2415,60.81405,32.1783,31.1529,36.2214,36.08175,112.79445000000001,32.244,8.80605,24.60915,17.1213,27.48465,95.84295000000002,24.6015,27.13755,21.12735,30.381149999999998,63.915600000000005,20.505000000000003,27.51945,30.5217,34.4574,16.823400000000003,34.4223,47.8644,34.0992,36.531,26.701500000000003,14.9715,15.326400000000001,44.0817,93.28770000000002,47.3271,26.530050000000003,8.91555,33.12975,100.4145,36.375750000000004,1.1991,1.15995,15.919500000000001,32.0118,0.0,31.44075,65.65005,34.10685,11.295900000000001,29.47215,34.0356,24.94995,20.30985,28.194000000000003,32.4954,25.1649,17.4651,72.66855,27.4065,61.983450000000005,26.682600000000004,46.54860000000001,31.478100000000005,27.085500000000003,33.79515,24.499650000000003,25.476300000000002,21.43845,43.65645,27.441000000000003,31.715100000000003,38.49255,106.42575000000001,14.987400000000001,18.93975,34.83285000000001,21.392400000000002,46.5582,35.99175,34.499100000000006,41.034,32.70555,25.65105,36.07725,36.70545,31.6434,41.09010000000001,32.35695,33.7443,40.4217,69.534,25.895850000000003,51.9948,34.82535000000001,38.56485000000001,38.603100000000005,19.67895,19.41015,21.26715,24.307050000000004,33.96285,34.487100000000005,1.6029,40.598850000000006,68.18655,2.07645,36.168,35.01975,85.28745
70343296,53.022450000000006,8.751750000000001,3.4068,2.5041,6.1761,3.2923500000000003,11.7192,21.936300000000003,17.741550000000004,29.25,38.35905,38.3628,71.5935,30.087750000000003,22.078500000000002,4.6092,22.249800000000004,33.78510000000001,19.236150000000002,22.36935,25.154100000000003,7.54875,3.4588500000000004,6.98955,7.69305,54.793350000000004,42.944100000000006,22.035600000000002,9.73215,29.9157,23.04135,31.55865,61.038000000000004,60.6075,36.49365,15.855150000000002,26.596350000000005,23.0709,45.38355000000001,24.877050000000004,17.7696,7.026900000000001,14.937300000000002,18.5664,70.48035,33.99405,31.315050000000003,18.2091,26.403600000000004,21.8475,34.49085,52.16235,31.66995,35.02875,45.331050000000005,24.7929,12.578850000000001,71.81760000000001,12.68595,34.25745,20.8977,25.284750000000003,71.1186,33.0357,0.7374,15.789150000000001,16.341150000000003,10.631250000000001,96.6714,2.952,23.145,12.0204,31.521300000000004,5.7318,65.98275000000001,20.2878,6.3177,13.680300000000003,34.40265,36.137100000000004,43.181850000000004,10.445400000000001,22.39635,18.289800000000003,23.562300000000004,3.8413500000000003,30.3,18.0855,11.08035,20.2092,17.7042,17.3082,27.77925,64.92345,23.974500000000003,7.02885,22.7952,63.17055,84.29145000000001,23.78565,32.633250000000004,32.594100000000005,26.86395,19.4217,31.55865,0.0,38.976,21.516750000000002,20.957400000000003,21.34665,6.1767,12.3612,28.17165,6.20055,3.9238500000000003,23.84925,25.32675,44.304300000000005,9.8445,39.6054,5.4585,28.9842,32.420700000000004,6.01065,21.2052,23.184,8.9259,13.368150000000002,26.1312,5.34525,2.18565,33.6354,90.30270000000002,27.41895,41.61675,3.8484000000000003,22.71825,28.99365,27.86625,6.6400500000000005,12.669150000000002,13.966949999999999,13.19565,10.6266,11.254950000000001,3.7843500000000003,45.1116,9.85305,2.75985,35.564550000000004,41.16975,25.6125,24.96825,3.8409,25.974899999999998,30.279600000000006,18.01545,15.47745,29.128800000000002,8.0931,37.984500000000004,19.573050000000002,30.693600000000004,10.924650000000002,40.4082,30.428100000000004,8.308950000000001,4.0353,56.92320000000001
70343297,47.578050000000005,49.59720000000001,36.405750000000005,37.5123,33.558600000000006,36.68385000000001,47.178450000000005,57.39555,53.2008,12.424650000000002,70.35975,70.36335000000001,38.17455,31.5603,57.53775,40.06845,57.70905,65.78565,21.5031,57.82860000000001,60.613350000000004,43.008,42.3153,41.844,35.832,24.208650000000002,20.8179,57.49485000000001,31.145550000000004,13.136400000000002,59.8254,61.06485000000001,30.453300000000002,27.690600000000003,5.908950000000001,51.3144,58.1109,58.53015,15.5556,60.3363,53.22885000000001,33.3222,50.3964,54.02565,52.61955,65.9946,63.3156,53.668350000000004,61.86285000000001,57.30675,5.0406,84.90525000000001,66.912,8.87985,80.7903,55.650150000000004,39.07425,38.39865,41.75985000000001,6.06465,56.356950000000005,29.375700000000002,53.257799999999996,7.4673,39.04710000000001,41.05635,46.097550000000005,33.07275,63.315000000000005,36.576750000000004,59.92905,47.47965,61.0275,46.393350000000005,36.15495,55.746900000000004,41.77695,49.13955000000001,69.8619,5.5524000000000004,72.68805,40.64985000000001,57.855450000000005,33.555,59.0214,36.03255,31.203600000000005,33.4743,32.35665,55.66845000000001,53.163450000000005,52.76745000000001,31.8702,35.09565,22.350150000000003,45.438750000000006,60.03855,98.4126,50.93505,59.2449,67.87545000000001,67.83615,62.32320000000001,54.06870000000001,66.80085000000001,38.3097,0.0,56.976000000000006,56.416650000000004,56.8059,35.8989,47.82045,63.630900000000004,45.25305,39.5613,59.3085,60.786,16.5942,40.0491,17.70525,43.2144,32.961600000000004,67.87995000000001,42.33225,56.66445000000001,58.64325,44.38515,48.8274,57.617250000000006,42.2547,37.0758,69.09465,54.7083,62.87820000000001,71.12295,38.422200000000004,58.1775,32.971050000000005,63.325500000000005,34.14165,27.33615,35.4012,39.691050000000004,33.0681,32.302800000000005,36.03015,80.57085000000001,38.04165,37.3335,71.0238,5.29485,61.07175,17.394000000000002,38.4147,58.64925,65.73885,53.474700000000006,50.93670000000001,64.58805,43.552350000000004,73.44375000000001,34.962,65.93565,31.817700000000002,7.6713000000000005,65.6703,30.7944,35.421600000000005,27.095399999999998
70343299,72.3696,11.6049,23.5767,23.0775,25.759350000000005,23.46225,14.11995,14.987400000000001,9.9483,47.2032,18.60555,18.6093,90.94065,52.83720000000001,3.9192000000000005,18.13425,15.300900000000002,14.031600000000001,36.68415,15.42045,20.3847,16.330650000000002,18.058500000000002,23.3076,25.1412,72.74655,62.291250000000005,15.0867,27.180149999999998,47.868900000000004,25.442100000000003,33.9594,78.9912,79.9548,54.446850000000005,8.061900000000001,28.99725,16.122,63.33675,20.1078,13.932900000000002,26.610300000000002,8.310599999999999,5.8341,89.8275,14.240400000000001,11.56155,16.2936,21.63435,3.6882000000000006,52.44405,54.563100000000006,34.0707,52.981950000000005,28.683149999999998,5.380350000000001,28.2312,91.16475000000001,14.632650000000002,52.21065,23.29845,44.6319,90.46575,50.9889,21.76725,33.23715,10.122900000000001,28.079250000000002,116.01870000000001,21.8331,25.54575,11.28255,33.922050000000006,17.0736,83.93595,15.518400000000002,16.726650000000003,15.835650000000001,17.75475,54.0903,45.582600000000006,23.5635,11.8245,37.63695,20.8839,24.01125,53.04945000000001,37.43265,28.528350000000003,11.2098,20.10495,19.70895,47.126400000000004,82.87665,41.4225,16.11915,25.19595,65.5713,103.63875,6.49455,35.034,34.99485000000001,22.0947,4.0968,33.9594,21.02985,56.92920000000001,0.0,23.358300000000003,10.77495,23.6247,10.949700000000002,23.402250000000002,15.911400000000002,22.08435,16.90035,20.5575,62.2575,22.962600000000002,65.2077,16.2717,51.73365,15.772800000000002,20.35245,1.7926499999999999,16.2351,15.065400000000002,15.768900000000002,8.39955,21.196800000000003,21.304050000000004,16.9875,109.65,22.64955,44.017500000000005,24.42195,17.949,51.74325,14.158949999999999,24.088050000000003,30.62295,29.619300000000003,28.848000000000003,28.074600000000004,28.70295,21.23235,28.4637,27.373050000000003,23.33325,18.91665,59.12295000000001,17.4495,42.416250000000005,24.41445,8.1996,13.6317,16.4874,17.8782,24.359550000000002,16.67085,21.3366,38.920350000000006,33.094350000000006,30.5079,58.3614,32.829,25.75695,23.66955,74.8764
70347238,63.768600000000006,15.592500000000001,22.8534,22.3542,26.0262,22.73895,9.446700000000002,12.689250000000001,15.887550000000003,45.151500000000006,36.54885,36.55245,82.33965,42.2754,23.53425,17.99775,11.600700000000002,35.24085,35.96085000000001,12.07515,11.45085,13.89225,17.3352,17.009400000000003,24.417900000000003,75.59370000000001,53.690250000000006,12.004800000000001,26.456850000000003,45.8172,3.0997500000000002,12.979949999999999,84.02685000000001,71.3538,52.39515,17.3109,6.65475,11.25375,62.61345000000001,11.173950000000001,11.24985,26.87715,16.3929,17.7381,81.2265,35.4498,32.7708,8.73855,12.7005,23.303250000000002,50.39235000000001,32.22075,11.72835,52.2588,31.11615,26.248649999999998,21.5409,82.56375,24.43545,50.158950000000004,0.059699999999999996,36.21045,81.86475,48.937050000000006,21.04395,24.1323,25.08705,24.947550000000003,107.41770000000001,21.109800000000003,3.2034000000000002,13.47495,12.9426,16.3503,83.21265,12.224250000000001,16.00335,9.993150000000002,19.92435,52.0386,24.60315,16.873050000000003,18.14445,29.08065,5.68905,23.28795,42.48765,28.722450000000002,25.396649999999998,14.324250000000001,3.8373,4.192200000000001,38.704950000000004,82.15335,40.699200000000005,15.395850000000001,2.8536,43.228950000000005,95.03775,25.2414,12.691650000000001,12.6525,13.16085,20.87745,11.61705,20.30655,56.2059,22.9725,0.0,17.094900000000003,22.901400000000002,13.8156,14.4684,17.059800000000003,21.361050000000002,14.6022,11.6235,61.534200000000006,16.2723,56.60670000000001,15.5484,41.171850000000006,21.02145,15.951150000000002,22.66095,13.93695,14.3421,10.3041,32.5221,16.30665,20.580900000000003,29.58165,101.04885,13.7157,23.038050000000002,23.69865,9.01515,41.18145,23.61435,23.36475,29.899800000000003,22.929000000000002,20.274300000000004,24.942899999999998,25.571250000000003,20.509050000000002,30.633300000000002,21.2226,22.60995,31.510800000000003,58.39965,15.439050000000002,40.1178,23.69115,27.43065,26.225850000000005,8.54475,8.27595,15.425699999999999,13.17285,23.5062,29.110350000000004,10.752,29.46465,56.30970000000001,10.486500000000001,25.033649999999998,23.885550000000002,74.15325
70351585,70.45275000000001,14.398650000000002,25.000500000000002,24.501300000000004,28.1733,24.88605,14.786550000000002,8.54865,6.19035,48.627,19.45395,19.45755,89.0238,48.95955000000001,13.489050000000002,19.55805,8.862150000000002,18.8037,38.10795,8.9817,13.94595,17.75445,19.482300000000002,22.4217,26.565,74.17035000000001,60.3744,8.647950000000002,28.60395,49.29285000000001,20.479650000000003,29.011800000000004,80.415,78.03795000000001,55.87065,8.203050000000001,24.034800000000004,9.683250000000001,64.76055,13.669050000000002,9.914700000000002,29.024250000000002,8.84385,6.407700000000001,87.91065,19.01265,16.333800000000004,9.85485,15.1956,13.258050000000003,53.868,49.60065,29.10825,54.4059,24.1824,15.172800000000002,26.9532,89.2479,18.9405,53.634600000000006,18.33615,42.73065,88.5489,52.41270000000001,23.191050000000004,29.544600000000003,17.78235,29.50305,114.10185,23.2569,20.58345,12.704550000000001,28.974600000000002,18.497400000000003,85.3599,9.07965,18.15045,15.40545,13.254000000000001,55.514250000000004,40.63515,22.28535,1.0495500000000002,35.7357,14.445150000000002,25.435050000000004,49.1718,35.5314,29.9523,4.50975,17.218500000000002,16.82235,45.22515,84.30045000000001,42.84630000000001,17.54295,20.2335,60.608850000000004,101.72190000000002,9.3435,30.0717,30.032550000000004,15.655949999999999,13.573050000000002,28.997100000000003,22.453650000000003,58.353,13.14825,18.39585,0.0,25.0485,12.3735,11.2173,19.2069,23.50815,7.5565500000000005,14.11875,63.681450000000005,21.684450000000002,58.9824,17.695500000000003,47.856,11.27205,21.36345,14.22735,8.5026,16.4892,15.6441,13.171650000000001,21.71895,22.728,12.48675,107.733,16.21095,39.07005,25.845750000000002,11.510250000000001,47.86560000000001,6.519450000000001,25.511850000000003,32.0469,28.34115,27.569850000000002,29.4984,30.12675,22.65615,23.96295,26.6349,24.757050000000003,14.4159,60.54675,6.67455,43.840050000000005,25.838250000000002,13.8027,9.13095,10.04865,14.991750000000001,17.920800000000003,18.09465,16.83585,36.1041,28.131899999999998,31.61175,59.78520000000001,28.83645,27.180750000000003,26.03265,76.30035000000001
70351598,47.3022,16.64355,1.7838000000000003,4.61355,5.1858,1.8775500000000003,14.224650000000002,24.4419,20.247,27.477600000000002,44.19315,44.1969,65.87325,25.80915,24.584100000000003,7.1148,24.75525,39.6192,16.958550000000002,24.874800000000004,27.659550000000003,10.054200000000002,9.361500000000001,7.7247,1.07865,53.020950000000006,37.223850000000006,24.541050000000002,7.45455,28.143300000000004,25.5468,34.0641,59.265600000000006,54.8874,34.721250000000005,18.3606,29.101950000000002,25.576350000000005,43.611000000000004,27.382649999999998,20.275050000000004,6.0367500000000005,17.44275,21.07185,64.76010000000001,39.82815,37.14915,20.7147,28.909200000000002,24.3531,32.718450000000004,54.6678,34.175399999999996,33.256350000000005,47.83665,25.695300000000003,13.002150000000002,66.09735,11.69385,32.48505,23.40315,22.66995,65.39835000000001,31.26315,5.41425,10.5861,15.348900000000002,6.18705,90.9513,3.6229500000000003,25.65045,14.526000000000002,34.02675,13.439550000000002,64.21035,22.79325,8.823150000000002,16.185750000000002,36.908100000000005,34.3647,45.68745,12.95085,24.9018,12.610949999999999,26.06775,1.27935,26.0214,12.25275,6.636150000000001,22.714800000000004,20.2098,19.813650000000003,25.16445,63.15105,21.696900000000003,12.485100000000001,25.30065,65.676,78.57135000000001,26.29125,35.1387,35.09955,29.369550000000004,23.20245,34.0641,4.6767,37.2036,24.02235,23.463,23.85225,0.0,14.866650000000002,30.677100000000003,14.149050000000003,5.83305,26.354850000000003,27.8322,42.5319,12.34995,40.1403,10.2606,24.705600000000004,34.926300000000005,9.3786,23.71065,25.689600000000002,11.43135,15.8736,31.45065,7.8702000000000005,4.12215,36.14085000000001,84.58260000000001,29.9244,44.1222,4.433700000000001,25.223850000000002,24.71505,30.3717,4.362450000000001,10.89735,10.56255,13.618800000000002,6.182400000000001,6.8107500000000005,3.07635,47.617050000000006,7.14705,3.5415,38.07,39.39735,28.11795,22.69065,4.42605,32.482800000000005,32.785050000000005,20.5209,17.983050000000002,31.63425,10.598700000000001,40.48995,12.937949999999999,33.19905,9.93435,38.63565,32.9337,6.031350000000001,3.1818,55.1508
70361410,60.4665,3.08805,15.01425,14.5152,18.187050000000003,14.899800000000003,5.561850000000001,11.9946,7.78755,38.6409,28.405050000000003,28.408800000000003,79.03755,38.97345,12.124500000000001,9.5718,12.3081,23.8311,28.1217,12.427650000000002,15.212250000000001,7.768200000000001,9.49605,14.74515,16.57875,64.18425,50.38815,12.093900000000001,18.61785,39.3066,16.884,25.401300000000003,70.42875000000001,68.05170000000001,45.884550000000004,5.90115,20.439,13.129199999999999,54.7743,14.93535,7.827900000000001,19.038,4.98315,8.612400000000001,77.9244,24.04005,21.361050000000002,11.121150000000002,16.4619,11.893500000000001,43.881750000000004,46.005,25.512600000000003,44.41965,35.377050000000004,14.8389,19.6689,79.26165,10.96005,43.64835000000001,14.740350000000001,32.7444,78.56265,42.42645,13.204800000000002,24.674850000000003,11.772900000000002,19.51695,104.1156,13.270650000000002,16.987650000000002,0.83475,25.36395,4.5639,75.37365,10.34595,8.164200000000001,7.27755,24.44865,45.528000000000006,37.0245,15.001050000000001,12.454500000000001,25.74945,15.71145,15.44895,39.185700000000004,25.54515,19.966050000000003,10.2675,11.546850000000001,11.15085,35.2389,74.31435,32.86005,5.64045,16.63785,57.013200000000005,91.73565,13.831650000000002,26.4759,26.43675,16.922250000000002,9.4677,25.401300000000003,12.467400000000001,48.3669,11.562750000000001,14.800050000000002,11.404950000000001,15.06225,0.0,18.22995,4.7989500000000005,13.5219,13.907550000000002,15.385050000000001,53.69520000000001,14.400300000000001,48.99615,7.709250000000001,37.8699,22.4667,11.790000000000001,11.2512,13.242300000000002,6.50295,7.2108,21.11235,12.634500000000001,12.741750000000001,23.681400000000004,97.7469,17.47725,35.4594,15.8595,12.776550000000002,37.87935,17.924550000000004,15.52575,22.060650000000003,21.057000000000002,20.2857,19.512300000000003,20.14065,12.670050000000002,35.1576,18.8106,14.770800000000001,25.610550000000003,50.560500000000005,15.670650000000002,33.8538,15.852,16.0209,20.3256,11.314950000000001,9.3201,19.1871,8.108400000000001,28.0305,26.117850000000004,24.536250000000003,21.625500000000002,49.798950000000005,24.270750000000003,17.1945,16.046400000000002,66.31410000000001
70362005,76.107,20.0529,30.654750000000003,30.1557,33.82755,30.540300000000002,19.0971,7.1931,13.9029,54.2814,24.725100000000005,24.728850000000005,94.67805,54.61395000000001,23.942400000000003,25.212300000000003,6.712950000000001,26.32215,43.7622,7.284000000000001,3.6576000000000004,23.4087,25.136550000000003,26.73225,32.21925,79.82475000000001,66.02865,7.683750000000001,34.25835000000001,54.947100000000006,18.7242,27.256350000000005,86.06925000000001,83.69220000000001,61.52505,15.91545,22.2792,7.1178,70.4148,5.616750000000001,14.22525,34.6785,16.5564,15.753449999999999,93.56490000000001,27.083250000000003,28.958850000000005,9.9669,2.48295,23.7114,59.52225000000001,43.2768,22.3806,60.06015,20.838150000000002,26.65665,31.26375,94.90215,26.653050000000004,59.288850000000004,16.580550000000002,48.3849,94.20315000000001,58.066950000000006,28.8453,33.85515,25.494899999999998,35.157450000000004,119.7561,28.91115,18.82785,18.35895,27.219,24.151650000000004,91.01415,10.23975,23.8047,19.716,9.646500000000001,61.1685,38.87955,26.5959,16.15995,43.94805,12.689550000000002,31.08945,54.82605,43.5897,35.606550000000006,12.33975,16.793400000000002,17.148300000000003,50.879400000000004,89.95485000000001,48.500550000000004,23.1972,18.4779,54.284850000000006,107.37615000000001,24.4539,23.344050000000003,23.304900000000004,7.54905,21.285600000000002,22.26945,28.1079,64.0074,23.380650000000003,16.64025,15.11025,30.70275,18.02775,0.0,24.86115,29.162399999999998,6.2598,6.011850000000001,69.3357,25.995,64.63665,23.34975,53.510400000000004,10.7436,25.674000000000003,23.06895,5.92005,22.14345,19.95465,28.28205,26.029500000000002,28.382250000000003,17.75805,113.38740000000001,8.10405,37.31445,31.500000000000004,7.0305,53.519850000000005,21.62985,31.16625,37.70115,32.6517,31.880399999999998,35.152800000000006,35.78115,28.310399999999998,20.35545,30.94545,30.411300000000004,19.6872,66.20100000000001,5.161200000000001,49.494299999999996,31.492500000000003,27.838649999999998,17.378400000000003,10.1607,15.612300000000001,2.22255,23.748900000000003,13.22835,43.9776,21.5361,37.266000000000005,65.43945000000001,20.729550000000003,32.835,31.686899999999998,81.95460000000001
70362055,58.902750000000005,2.9514,13.4505,12.95145,16.62345,13.3362,8.2395,18.45675,13.2132,37.07715,33.6015,33.605250000000005,77.47395,37.4097,16.2696,8.0082,18.7701,29.02755,26.558100000000003,18.889650000000003,21.674400000000002,5.7406500000000005,3.3055499999999998,13.10985,15.015,62.62050000000001,48.8244,18.5559,17.054100000000002,37.742850000000004,19.56165,28.07895,68.86515,66.48795000000001,44.320800000000006,11.3268,23.1168,19.5912,53.21055,21.3975,14.289900000000001,17.47425,11.4576,14.038050000000002,76.36065,29.236500000000003,26.5575,14.729550000000001,22.92405,16.0386,42.318000000000005,48.68265,28.190250000000002,42.8559,41.8515,15.103650000000002,17.64135,77.6979,7.375650000000001,42.0846,17.418,31.18065,76.9989,40.862700000000004,5.6418,20.232750000000003,9.86865,17.9532,102.55185,11.706900000000001,19.665300000000002,4.00605,28.041600000000003,0.7095,73.8099,16.8081,6.13875,8.623650000000001,30.92295,43.96425,39.7023,12.973500000000001,18.91665,24.1857,20.0826,13.8852,37.62195,23.981550000000002,18.402300000000004,16.729650000000003,14.224650000000002,13.8285,33.6753,72.7506,31.29645,2.2738500000000004,19.3155,59.690850000000005,90.17190000000001,20.3061,29.1537,29.1144,23.384400000000003,12.610800000000001,28.07895,10.90365,46.80315,15.70785,17.47785,17.8671,13.4985,5.0919,24.691950000000002,0.0,7.063650000000001,20.3697,21.847050000000003,52.13145000000001,12.37275,47.4324,6.1455,36.30615,28.94115,10.22625,15.396150000000002,19.70445,3.1167000000000002,9.88845,20.859,11.07075,11.178,30.1557,96.18315,23.93925,38.13705,7.2885,19.2387,36.3156,24.386550000000003,13.962000000000002,20.4969,19.02945,18.25815,17.94855,18.576900000000002,11.106300000000001,41.6319,17.323050000000002,13.2072,32.08485,48.996900000000004,22.132800000000003,32.2902,7.281000000000001,21.891150000000003,26.7999,14.53575,11.997900000000001,25.649100000000004,6.080850000000001,34.5048,24.55425,27.2139,20.06175,48.2352,26.94855,15.630900000000002,14.482650000000001,64.75035000000001
70373907,53.11560000000001,7.171200000000001,4.06665,4.33035,6.26925,3.9988500000000005,15.31065,21.943800000000003,16.9047,29.343149999999998,35.7852,35.78895,71.68665,33.5832,21.516150000000003,8.200650000000001,22.2573,31.211250000000003,20.814600000000002,22.37685,28.7454,11.14005,6.3555,10.581000000000001,6.3033,54.88665,43.03725,22.0431,11.31075,30.009,26.632800000000003,35.149950000000004,61.13115,60.7008,36.58695,15.018300000000002,30.187800000000003,23.078400000000002,45.4767,28.468500000000002,21.361050000000002,7.1202000000000005,15.267000000000001,17.729550000000003,70.57350000000001,31.4202,28.7412,21.80055,29.995050000000003,21.28515,34.58415,55.7538,35.261250000000004,35.12205,46.48275,21.075750000000003,16.170150000000003,71.91075000000001,8.305650000000002,34.350750000000005,24.489150000000002,25.3779,71.21175000000001,33.12885000000001,3.30765,17.3259,11.96085,12.168000000000001,96.7647,5.8809000000000005,26.73645,9.846300000000001,35.112750000000005,6.486750000000001,66.07605,23.8791,9.909,17.27175,35.5542,36.2304,46.773300000000006,14.0367,25.98765,18.38295,27.153600000000004,4.501200000000001,33.79545,18.17865,12.6171,23.80065,21.295650000000002,20.89965,27.8724,65.01660000000001,25.55295,8.05125,26.3865,66.76185000000001,84.38475000000001,24.937350000000002,36.2247,36.185550000000006,30.4554,17.85735,35.1501,4.1664,39.069300000000005,20.954400000000003,24.54885,24.938100000000002,6.37035,10.85235,31.763100000000005,5.77725,0.0,23.85675,28.9182,44.397600000000004,13.43595,39.698550000000004,8.355150000000002,32.47965,33.5724,9.6021,20.64285,23.1915,8.89395,16.959600000000002,23.0427,8.9367,5.11455,34.78695,90.39585000000001,31.0104,45.2082,2.2113,26.3097,32.4891,31.4577,8.2185,12.762300000000002,17.30235,16.78695,12.16335,12.7917,6.288900000000001,46.26315,13.44435,2.60865,36.716100000000004,41.2629,25.619850000000003,26.324250000000003,2.2038,24.07485,31.43115,21.60675,19.068900000000003,32.72025,11.68455,39.136050000000004,19.66635,34.285050000000005,11.017800000000001,40.50135,34.01955,9.6399,4.1286000000000005,57.0165
70374983,71.71860000000001,15.6645,26.266350000000003,25.767300000000002,29.439300000000003,26.152050000000003,14.6787,1.9129500000000002,7.46385,49.893,22.332,22.33575,90.2898,50.22555,17.5032,20.824050000000003,3.3055499999999998,23.929050000000004,39.37395,3.4251000000000005,8.7705,19.020300000000002,20.748300000000004,22.313850000000002,27.831000000000003,75.43635,61.6404,3.0913500000000003,29.86995,50.55870000000001,16.7892,25.321350000000002,81.68100000000001,79.3038,57.13665,9.476400000000002,20.344350000000002,4.12665,66.0264,10.729650000000001,9.80685,30.290100000000002,10.11735,9.314400000000001,89.17665000000001,24.690300000000004,22.851300000000002,7.739400000000001,6.8808,17.2722,55.13385,48.38955000000001,25.417800000000003,55.67175,18.4452,20.2176,26.845350000000003,90.5139,20.214000000000002,54.900450000000006,14.645550000000002,43.99665,89.81490000000001,53.67855,24.457050000000002,29.43675,19.0557,30.769050000000004,115.36770000000001,24.522750000000002,16.89285,13.970550000000001,25.284000000000002,19.7634,86.62575000000001,8.01225,19.41645,15.297600000000001,7.253400000000001,56.780100000000004,36.944700000000005,22.177500000000002,9.72075,37.00155,10.754700000000001,26.701050000000002,50.437799999999996,36.7974,31.218149999999998,5.90055,14.858400000000001,15.213300000000002,46.49115,85.56645,44.112300000000005,18.8088,16.54305,59.39775,102.98775,15.861150000000002,26.381100000000004,26.34195,12.66195,14.846400000000001,25.3065,23.7195,59.61900000000001,16.94145,14.705400000000001,8.6712,26.314500000000002,13.63935,6.2418000000000005,20.472900000000003,24.77415,0.0,11.12475,64.9473,21.5766,60.248250000000006,18.96135,49.122,8.3505,21.2556,16.629900000000003,1.3392,17.7552,15.53625,19.689300000000003,21.6111,23.993850000000002,15.36495,108.99900000000001,13.216800000000001,35.37945,27.111600000000003,5.9014500000000005,49.13145,13.0371,26.777850000000004,33.31275,28.233300000000003,27.462000000000003,30.7644,31.392750000000003,23.922150000000002,17.96235,26.527050000000003,26.02305,17.2941,61.81275,2.7681000000000004,45.10605,27.104100000000003,20.32035,14.98545,7.933200000000001,14.8839,8.46435,19.360500000000002,10.83525,37.3701,24.44145,32.8776,61.05105,25.84245,28.44675,27.2985,77.56620000000001
70375866,73.5267,17.47245,28.07445,27.57525,31.24725,27.96,16.516800000000003,6.30975,11.3226,51.700950000000006,31.9839,31.98765,92.09775,52.033500000000004,21.36195,22.632,5.8296,31.33365,41.1819,6.4008,1.0773000000000001,20.828400000000002,22.556250000000002,24.15195,29.63895,77.2443,63.448350000000005,6.800400000000001,31.6779,52.36665,16.143900000000002,24.6759,83.48895,81.11175,58.94460000000001,13.33515,19.698900000000002,6.6888000000000005,67.8345,3.0364500000000003,11.6448,32.0982,13.9761,13.173150000000001,90.9846,31.542600000000004,28.863750000000003,7.386450000000001,1.59975,21.13095,56.9418,40.69635,19.800300000000004,57.47970000000001,24.630600000000005,24.07635,28.683300000000003,92.32185000000001,24.072750000000003,56.708400000000005,14.000250000000001,45.80460000000001,91.62285000000001,55.48650000000001,26.265,31.274850000000004,22.91445,32.577000000000005,117.17565000000002,26.330850000000005,16.24755,15.778500000000001,24.6387,21.57135,88.43370000000002,7.6593,21.224400000000003,17.135550000000002,13.43895,58.588049999999996,36.29925,24.0156,13.579500000000001,41.3676,10.109250000000001,28.509,52.24575,41.0094,33.02610000000001,9.7593,14.21295,14.56785,48.2991,87.37440000000001,45.92025,20.6169,15.8976,51.70455,104.79570000000001,21.873450000000002,20.76375,20.72445,4.96875,18.705150000000003,19.689,25.527600000000003,61.426950000000005,20.8002,14.059949999999999,12.52995,28.12245,15.44745,3.3676500000000003,22.28085,26.582100000000004,8.222700000000001,0.0,66.75525,23.4147,62.05635000000001,20.7693,50.929950000000005,14.535900000000002,23.093700000000002,20.488650000000003,7.557450000000001,19.56315,17.3742,25.701600000000003,23.4492,25.801800000000004,25.0167,110.80695000000001,5.5236,34.73415,28.9197,4.450200000000001,50.9394,19.049550000000004,28.585800000000003,35.1207,30.0714,29.300100000000004,32.57235000000001,33.2007,25.730100000000004,24.147900000000003,28.36515,27.831000000000003,26.945850000000004,63.62070000000001,8.9535,46.914,28.912200000000002,25.258350000000004,21.6609,7.58025,13.032,4.32495,21.1686,17.02065,41.3973,18.955650000000002,34.685700000000004,62.85915,18.149250000000002,30.2547,29.106600000000004,79.37415
70382544,63.8904,56.72265,43.5312,44.637750000000004,40.684050000000006,43.80945,54.3039,64.521,60.32625,20.371650000000002,77.4852,77.4888,58.43505,40.4076,64.6632,47.1939,64.8345,72.9111,30.316200000000002,64.95405,67.7388,50.13345000000001,49.44075,48.96945,42.95745,31.838850000000004,30.8844,64.6203,38.271,26.2575,68.63865,69.87795000000001,31.870050000000003,35.32065,20.037000000000003,58.43985000000001,66.924,65.6556,1.5777,67.46175000000001,60.3543,40.44765,57.52185000000001,61.15110000000001,60.24960000000001,73.12005,70.44105,60.7938,68.9883,64.43220000000001,19.168650000000003,93.71835,75.72510000000001,9.503400000000001,87.91575,62.775600000000004,47.8875,58.659150000000004,48.8853,20.19255,63.4824,38.1888,60.88785000000001,18.180300000000003,46.17255,48.1818,53.223000000000006,40.1982,57.73485000000001,43.702200000000005,68.7423,54.60510000000001,69.84075,53.5188,25.105350000000005,62.872350000000004,48.9024,56.265,76.98735,19.68045,81.5013,51.89565,64.98105,42.36825,66.14685,43.158,40.0509,42.28755,39.4821,62.7939,60.2889,59.892900000000004,40.68345,24.045900000000003,31.16325,52.56420000000001,65.37975,107.22570000000002,50.84460000000001,66.37035,76.68855,76.6494,69.44865,61.1943,75.61395,45.43515,16.31985,64.10145000000001,63.542100000000005,63.93135000000001,43.024350000000005,54.9459,70.75635000000001,52.3785,46.68675,66.43395000000001,67.91145,0.0,51.2949,27.77175,50.339850000000006,41.8089,75.00540000000001,49.45770000000001,63.7899,65.76870000000001,51.510600000000004,55.952850000000005,64.74270000000001,49.38015,44.20125,76.2201,66.50055,70.00365000000001,79.93605,45.54765,65.30295000000001,41.81835,70.45095,41.267100000000006,34.461600000000004,44.2143,48.5043,40.19355,39.428250000000006,43.15560000000001,87.6963,45.167100000000005,44.45895,78.14925000000001,12.49515,68.19720000000001,26.207250000000002,45.54015,65.77470000000001,72.8643,60.60015,58.06215,71.71350000000001,50.6778,80.56920000000001,43.7751,74.7489,38.94315,21.891000000000002,74.4834,37.919850000000004,42.547050000000006,16.045800000000003
70382797,50.735549999999996,13.65495,11.887950000000002,11.38875,15.06075,11.7735,8.6994,18.6342,17.9634,32.2764,38.845800000000004,38.84955,69.3066,29.242350000000005,23.166900000000002,6.84825,18.947550000000003,34.8735,21.4806,19.0671,21.851850000000002,6.771900000000001,11.546700000000001,5.8618500000000004,13.456199999999999,57.819750000000006,40.6572,18.73335,15.495300000000002,32.9421,17.9496,23.642550000000004,64.0644,58.320750000000004,39.520050000000005,16.943550000000002,21.5046,19.76865,51.65175,21.57495,12.129750000000001,15.9117,16.025550000000003,18.480900000000002,68.19345000000001,35.08245,32.40345,13.1475,23.10135,22.9359,37.517250000000004,47.070600000000006,26.57805,41.29710000000001,43.57425,25.881149999999998,7.0083,69.53070000000001,21.57075,37.28385,15.80595,23.177400000000002,68.83170000000001,36.06195,10.0785,11.257200000000001,22.28415,13.8,94.38465000000001,10.1481,18.053250000000002,13.108800000000002,23.60535,11.706000000000001,72.25110000000001,16.985550000000003,7.944450000000001,7.344150000000001,32.64585,39.1635,35.2659,0.6009000000000001,20.4414,16.0476,15.522150000000002,12.322500000000002,29.454600000000003,15.689400000000001,14.2491,16.90695,12.612449999999999,12.216450000000002,25.6719,71.19165,26.21895,10.75155,17.703300000000002,58.07865,82.00470000000001,24.874050000000004,27.541500000000003,27.502350000000003,23.561700000000002,20.5101,26.4669,9.3411,40.89795,22.605150000000002,15.865650000000002,19.39185,11.9397,13.449449999999999,24.8694,12.415500000000002,13.872300000000003,20.547150000000002,22.0245,50.57265,0.0,43.57365,9.381900000000002,28.13895,30.664050000000003,4.80375,22.2936,19.8819,9.6978,8.766900000000001,32.15475,5.1591000000000005,9.619200000000001,31.878600000000002,88.01595,24.1167,33.7008,12.7332,19.416150000000002,28.1484,25.911450000000002,12.4032,18.938100000000002,10.05375,4.8774,13.795350000000001,14.4237,9.54735,43.354800000000004,10.075050000000001,11.6445,33.80775,47.43795,22.31025,27.2427,12.7257,27.06315,28.522800000000004,12.9537,10.385700000000002,25.82655,6.71985,36.2277,16.0773,25.601850000000002,19.809300000000004,43.43445,25.336350000000003,14.07195,12.9201,63.19155
70390789,30.134700000000002,54.1344,41.88915,45.09915,34.29045,42.50715,52.5363,62.75355,58.55865,15.94575,83.75265,83.7564,31.922550000000005,18.1506,66.42075,45.42645,63.066900000000004,79.1787,22.18365,63.18645000000001,67.2975,48.36585,47.67315,43.810050000000004,41.184000000000005,22.4196,3.3747000000000003,62.852700000000006,31.877550000000003,10.4628,55.139100000000006,56.37855,28.664250000000003,20.0727,13.543500000000002,56.672250000000005,53.424600000000005,67.10040000000001,27.219,67.0206,54.793200000000006,34.0542,55.754400000000004,59.383500000000005,47.592600000000004,79.38765000000001,76.70865,55.810950000000005,68.54715,66.18975,9.7254,80.21895,62.22570000000001,23.719350000000002,86.14815,65.25495000000001,38.41695,32.14665,51.253350000000005,10.7493,57.6729,26.38605,48.231,12.1521,46.63395,35.432100000000005,54.90855,33.80475,57.000600000000006,41.9346,55.24275,52.837650000000004,56.34120000000001,51.751200000000004,35.10360000000001,61.1049,47.134800000000006,50.007600000000004,75.21975,12.690150000000001,68.00175,43.5129,63.21345000000001,30.238500000000002,61.535700000000006,41.3847,18.36285,29.88015,33.08865,61.02645000000001,55.27605,54.8799,28.880550000000003,36.2142,17.0046,50.79675,55.352250000000005,93.7263,44.6205,64.6029,63.18915,63.14985000000001,69.00750000000001,62.761950000000006,62.11455,45.8964,13.14735,65.85900000000001,57.732600000000005,62.1639,41.251050000000006,53.1783,70.31505,53.94705,47.148,64.6665,67.4703,28.257600000000004,42.912,0.0,48.572250000000004,18.54615,73.23795000000001,44.38395,65.54745000000001,64.00125,49.743,51.4305,71.0103,44.22075,42.433800000000005,74.4525,48.393750000000004,69.56235000000001,66.43665,46.0089,64.8618,18.555600000000002,68.68335,40.00395,28.06815,35.4084,39.66315,33.80010000000001,33.034800000000004,41.388000000000005,85.9287,40.0077,44.920350000000006,76.38165000000001,19.986300000000004,66.42960000000001,15.939300000000001,46.001400000000004,72.0423,71.09670000000001,55.6173,53.049299999999995,71.27235,48.91035000000001,78.80160000000001,30.2757,61.24935000000001,32.5497,9.704400000000001,60.984,31.5264,42.74535,25.88565
70390799,54.18585,6.34245,8.7336,8.23455,11.906400000000001,8.619150000000001,7.2547500000000005,17.472,13.2771,32.36025,33.89475,33.8985,72.7569,32.69265,17.6142,3.29115,17.78535,29.32065,21.841050000000003,17.9049,20.68965,3.1317000000000004,2.8761,8.464500000000001,10.2981,57.903600000000004,44.1075,17.571150000000003,12.3372,33.02595,18.576900000000002,27.0942,64.1481,61.77105,39.6039,11.3907,22.132050000000003,18.6066,48.49365,20.412750000000003,13.305150000000001,12.75735,10.47285,14.1021,71.64375,29.529600000000006,26.85075,13.744800000000001,21.939300000000003,17.3832,37.6011,47.6979,27.2055,38.139,40.86675,20.32845,13.752150000000002,72.98100000000001,12.01305,37.3677,16.43325,26.46375,72.28200000000001,36.1458,6.924150000000001,18.3942,14.506050000000002,13.236150000000002,97.83495,6.99,18.6807,7.5561,27.056850000000004,3.9279,69.093,15.82335,4.03365,7.0207500000000005,29.938200000000002,39.247350000000004,38.71755,9.0816,17.931900000000002,19.4688,19.09785,9.1683,32.9049,19.2645,13.685400000000001,15.744900000000001,13.2399,12.84375,28.958250000000003,68.03370000000001,26.5794,3.43905,18.330750000000002,58.706100000000006,85.455,19.32135,28.16895,28.129649999999998,22.39965,14.957400000000002,27.094350000000002,6.18675,42.08625,17.05245,16.493100000000002,16.88235,8.7816,7.896750000000001,23.7072,4.6374,7.241250000000001,19.38495,20.86245,47.414550000000006,8.4807,42.715500000000006,0.0,31.589250000000003,27.9564,5.50935,16.7409,18.7197,3.5382000000000007,8.90385,25.496399999999998,6.3538499999999996,6.4611,29.171100000000003,91.46625,22.954500000000003,37.152300000000004,9.57885,18.25395,31.5987,23.4018,9.2451,15.780000000000001,15.14025,14.36895,13.231650000000002,13.85985,6.3892500000000005,40.64715,12.52995,8.490150000000002,31.100250000000003,44.27985,21.14805,27.57315,9.57135,21.51045,25.815300000000004,13.551,11.013150000000001,24.6645,3.5794500000000005,33.520050000000005,19.8372,26.22915,15.344850000000001,43.5183,25.963800000000003,10.91385,9.76575,60.03345000000001
70391025,25.503600000000002,37.576800000000006,24.5118,27.725100000000005,27.37545,24.6057,35.1579,43.9512,41.18025,23.403750000000002,68.54655,68.5503,44.0748,3.5952000000000006,45.5172,28.0479,44.264700000000005,63.97260000000001,17.3181,44.38425,49.951049999999995,30.98745,30.29475,26.463600000000003,23.80665,37.3287,15.425400000000002,44.0505,24.917850000000005,16.89075,37.79265,39.03210000000001,45.762,33.088800000000006,30.6474,39.293850000000006,36.07815,49.75395000000001,41.9259,49.67415,37.44675,28.226399999999998,38.376000000000005,42.005100000000006,42.96165,64.18155,61.50255,38.4645,51.200700000000005,45.2862,28.644600000000004,62.8725,44.879250000000006,31.571250000000003,68.76975,50.048700000000004,21.070500000000003,44.2989,36.04710000000001,28.4112,40.32645,9.0396,43.5999,27.189300000000003,27.4692,18.08565,39.7023,20.486400000000003,69.15270000000001,24.5562,37.896300000000004,35.45910000000001,38.99475,34.372800000000005,52.201350000000005,42.302550000000004,29.7564,32.66115,57.841350000000006,30.290850000000002,50.6553,26.16645,45.83505,12.892050000000001,44.1894,24.007350000000002,3.1476,12.5337,20.9355,42.22410000000001,37.92960000000001,37.53345,11.5341,53.31195000000001,17.2542,33.4182,38.0058,76.37985,56.77275,47.22435000000001,45.8427,45.8034,51.661049999999996,47.55585000000001,44.768100000000004,26.731800000000003,32.0253,44.95545,40.38615,44.78535000000001,23.8737,35.7999,52.9686,35.082300000000004,29.774100000000004,45.86415,50.123850000000004,40.8468,25.56555,18.34185,31.193850000000005,0.0,55.8594,27.0375,44.6439,45.1989,32.3646,34.084050000000005,55.80405,26.8743,25.05525,57.07410000000001,62.784000000000006,52.2159,49.0902,27.1617,47.515350000000005,0.00945,51.304950000000005,22.625400000000003,25.78695,18.0621,22.3167,20.48175,21.1101,24.009600000000002,68.5503,22.661250000000003,27.546300000000002,59.00325,37.71210000000001,47.6274,17.62515,27.1542,56.836200000000005,53.7183,38.27085,35.702850000000005,53.9259,31.531800000000004,61.42320000000001,12.929250000000001,43.9029,28.725300000000004,27.383850000000002,43.637550000000005,24.294300000000003,25.37145,53.465700000000005
70391033,85.13655,23.44425,35.4162,34.917,38.526300000000006,35.301750000000006,25.95945,9.2586,14.809500000000002,59.04270000000001,14.130300000000002,14.1339,103.70775,59.37525,17.342550000000003,29.973750000000003,10.651200000000001,15.7272,48.52365,10.770750000000001,14.38335,28.17015,29.898000000000003,35.1471,36.9807,84.58605,75.05820000000001,10.437000000000001,39.01965,59.708400000000005,24.13485,32.667,90.83070000000001,92.72175,66.28635000000001,19.901400000000002,27.69,11.4723,75.17625000000001,16.3425,17.1525,39.377250000000004,20.150100000000002,16.10475,102.59445000000001,16.48845,18.3639,15.085050000000003,12.865800000000002,17.11155,64.28355,54.00255,33.106350000000006,64.82145000000001,13.349400000000001,20.739150000000002,34.191,103.9317,27.399600000000003,64.05015,21.9912,57.39885,103.23270000000001,62.828250000000004,33.606750000000005,45.07665,22.88985,39.91875,128.78565,33.6726,24.238650000000003,23.12205,32.6298,28.913100000000004,95.77545,15.3579,28.56615,27.67515,2.15775,65.9298,44.290350000000004,29.52315,16.12515,50.4039,18.10035,35.850750000000005,59.587500000000006,50.199600000000004,40.367850000000004,13.2462,22.204050000000002,22.55895,59.8935,94.71615,53.262,27.95865,23.8887,65.01060000000001,116.40570000000001,14.5872,34.0698,34.03065,18.274800000000003,16.8639,32.995200000000004,32.869350000000004,68.76870000000001,17.00175,22.051050000000004,15.0756,35.4642,22.7892,10.725750000000001,29.622600000000006,33.92385,8.350650000000002,16.7376,74.09700000000001,28.9224,69.3981,28.111050000000002,58.27170000000001,0.0,32.1918,17.463150000000002,8.010900000000001,26.904899999999998,27.6084,18.41535,33.036300000000004,33.143550000000005,7.1631,122.41695000000001,18.829800000000002,42.725100000000005,36.26145,11.886450000000002,58.281150000000004,8.8296,35.927550000000004,42.462450000000004,35.579100000000004,34.8078,39.914100000000005,40.54245,33.071850000000005,12.8667,39.21255,35.17275,9.09225,70.96245,6.4453499999999995,54.255750000000006,36.25395,19.046400000000002,6.7836,15.27885,22.229550000000003,12.948300000000001,28.510350000000003,5.739450000000001,51.6873,32.26185,43.27485000000001,70.2009,31.4553,37.596450000000004,36.4365,86.7159
70395155,51.7293,10.76415,8.214150000000002,7.714950000000001,11.38695,8.0997,9.54405,19.4787,16.6017,32.1201,37.2192,37.222950000000004,70.3005,30.236250000000002,20.938650000000003,4.0815,19.7922,32.645250000000004,21.3243,19.91175,22.6965,4.0038,7.8813,2.6994,9.7908,57.663450000000005,41.65110000000001,19.578,11.829900000000002,32.78595,18.79425,27.3114,63.908100000000005,59.3145,39.36375,14.715300000000003,22.34925,20.613300000000002,47.98635,22.41945,12.974250000000001,12.237900000000002,13.797300000000002,17.426550000000002,69.18735000000001,32.8542,30.1752,13.99215,23.946,20.70765,37.36095,47.91525,27.4227,37.6317,44.1912,23.653050000000004,7.804650000000001,70.5246,17.89695,37.12755000000001,16.6506,24.17115,69.82560000000001,35.905800000000006,6.404700000000001,10.39605,21.55215,10.61415,95.3784,6.4827,18.8979,10.88055,27.274050000000003,8.8152,68.5857,17.8302,5.177700000000001,8.18865,33.262800000000006,39.007200000000005,38.93475,4.508100000000001,21.286050000000003,17.0382,16.3668,8.648700000000002,30.448500000000003,16.679850000000002,11.06325,17.7516,13.4571,13.06095,26.66565,67.5264,26.062649999999998,7.8606,18.54795,58.9233,82.99845,22.6458,28.38615,28.347,24.40635,18.281850000000002,27.311550000000004,5.6673,41.57895,20.376900000000003,16.710300000000004,20.2365,8.2743,11.22135,25.714050000000004,9.524700000000001,10.198500000000001,21.391650000000002,22.86915,46.907250000000005,3.9072000000000005,44.567550000000004,6.6153,29.1327,31.280850000000004,0.0,20.065350000000002,20.7264,6.807,9.611550000000001,29.9265,1.35735,5.9538,32.49555,89.00970000000001,24.961350000000003,37.3695,9.059400000000002,20.260650000000002,29.14215,26.755950000000002,8.7378,15.2727,9.19275,8.42145,10.6095,11.23785,5.8821,43.97175,6.889200000000001,7.970700000000001,34.4247,43.7727,23.1549,27.086399999999998,9.051900000000002,24.835050000000003,29.139750000000003,13.798350000000001,11.23035,26.6712,3.9519,36.844500000000004,17.365050000000004,26.446350000000002,16.1355,43.2783,26.181,10.4067,9.2463,59.52615
70396487,72.05355,12.692400000000001,24.8415,24.165000000000003,25.443300000000004,25.11975,15.20745,16.074900000000003,11.0358,45.172200000000004,19.59,19.593600000000002,90.62475,52.5213,1.2006000000000001,19.22175,16.3884,15.015900000000002,39.75045,16.50795,21.4722,17.41815,19.146,24.3951,28.302600000000005,70.71555,61.97520000000001,16.1742,30.24645,45.8379,26.529600000000002,35.0469,76.96020000000001,79.63875,52.415850000000006,9.149400000000002,30.084750000000003,17.209500000000002,61.305600000000005,21.195300000000003,15.020400000000002,26.29425,9.3981,7.2087,89.51145000000001,15.22485,12.54585,17.3811,22.72185,0.82695,50.41305,55.650600000000004,35.1582,50.950950000000006,30.057750000000002,3.5877000000000003,29.3187,90.84870000000001,14.316600000000001,50.17965,24.38595,44.316,90.14970000000001,48.957750000000004,22.854750000000003,36.26175,9.807,31.1037,115.70265000000002,22.9206,26.63325,12.370050000000003,35.009550000000004,16.305,81.90495000000001,16.605900000000002,17.81415,16.923150000000003,19.129350000000002,52.0593,46.67025,24.651,13.1991,37.3209,21.971400000000003,25.2762,52.73355,37.11675,31.989300000000004,12.5844,21.192600000000002,20.79645,46.810500000000005,80.84565,44.488800000000005,17.20665,26.283450000000002,66.6588,103.32270000000001,7.499400000000001,36.12165,36.082350000000005,23.1822,4.85565,35.0469,22.117350000000002,54.89820000000001,2.1517500000000003,24.445800000000002,12.14955,24.7122,12.0372,24.48975,15.595500000000001,20.713350000000002,17.98785,21.645,60.2265,24.0501,64.8918,17.3592,51.417750000000005,17.1474,21.43995,0.0,17.3226,16.152900000000002,16.8564,9.86115,22.2843,22.3917,18.3621,109.33395000000002,23.737050000000004,45.105000000000004,23.447850000000003,19.0365,51.427200000000006,15.163800000000002,27.154350000000004,31.936350000000004,30.7068,29.9355,31.099050000000002,32.20035000000001,22.319850000000002,29.838300000000004,28.46055,24.42075,14.681400000000002,57.091950000000004,18.8241,45.48255,23.45535,4.7697,15.006300000000001,17.574900000000003,18.96585,25.44705,17.75835,22.7112,38.6043,34.181850000000004,30.192,56.330400000000004,33.9165,28.82325,23.3535,72.8454
70396492,71.05335000000001,14.99925,25.601100000000002,25.102050000000002,28.774050000000003,25.486800000000002,14.013449999999999,1.2477,6.7985999999999995,49.22775,21.992400000000004,21.996000000000002,89.62455,49.5603,16.83795,20.158800000000003,2.6403000000000003,23.5893,38.7087,2.75985,7.73805,18.355050000000002,20.083050000000004,21.648600000000002,27.165600000000005,74.7711,60.975,2.4261000000000004,29.2047,49.89345000000001,16.12395,24.656100000000002,81.01575000000001,78.63855,56.4714,8.811150000000001,19.679100000000002,3.4614000000000003,65.36115,9.69705,9.1416,29.624850000000002,9.4521,8.64915,88.51125,24.350550000000002,26.226000000000003,7.074150000000001,5.848350000000001,16.60695,54.4686,47.3571,26.461050000000004,55.0065,18.10545,19.55235,26.180100000000003,89.84865,19.548750000000002,54.235200000000006,13.980300000000002,43.3314,89.14965000000001,53.0133,23.791800000000002,28.771500000000003,18.39045,30.103800000000003,114.70245000000001,23.8575,16.2276,13.305300000000003,24.618750000000002,19.09815,85.96050000000001,7.347,18.7512,14.63235,6.9136500000000005,56.114850000000004,36.279450000000004,21.51225,9.0555,36.3363,10.089450000000001,26.035800000000002,49.772549999999995,36.13215,30.5529,5.2353,14.193150000000001,14.548050000000002,45.8259,84.9012,43.447050000000004,18.14355,15.877800000000002,58.3653,102.3225,17.34945,27.424350000000004,27.3852,11.6295,14.18115,26.34975,23.05425,58.95375000000001,16.2762,14.04015,8.00595,25.649250000000002,12.9741,5.90205,19.807650000000002,24.108900000000002,1.3392,10.092150000000002,64.28205,20.911350000000002,59.583000000000006,18.2961,48.45675,8.01075,20.59035,15.96465,0.0,17.089949999999998,14.871,21.1776,20.94585,23.3286,15.0252,108.33375000000001,12.18435,34.7142,26.446350000000002,4.869000000000001,48.4662,14.525550000000003,26.112600000000004,32.6475,27.568050000000003,26.796750000000003,30.099149999999998,30.727500000000003,23.2569,17.622600000000002,25.861800000000002,25.3578,16.95435,61.1475,2.4283500000000005,44.4408,26.438850000000002,20.73435,14.6457,7.267950000000001,14.218650000000002,9.2886,18.69525,10.4955,36.70485000000001,23.7762,32.21235,60.385799999999996,24.809850000000004,27.7815,26.63325,76.90095000000001
70398370,57.0264,4.018350000000001,11.574150000000001,11.0751,14.74695,11.459700000000002,6.363150000000001,16.58025,12.3855,35.2008,33.003,33.006750000000004,75.59745000000001,35.533350000000006,16.72245,6.1317,16.89375,28.429050000000004,24.681600000000003,17.0133,19.798050000000003,3.8643,4.7775,11.233500000000001,13.138650000000002,60.744150000000005,46.94805,16.679550000000003,15.177750000000001,35.8665,17.6853,26.202600000000004,66.98865,64.61160000000001,42.44445,10.4991,21.2403,17.714850000000002,51.33420000000001,19.521,12.413550000000003,15.597900000000001,9.58125,13.21035,74.4843,28.638,25.959000000000003,12.8532,21.04755,16.49145,40.44165,46.8063,26.313750000000002,40.97955,39.975,19.43685,15.765,75.82155,10.15455,40.20825,15.54165,29.3043,75.12255,38.98635,9.764700000000001,18.3564,12.647550000000003,16.07685,100.6755,9.83055,17.78895,4.6626,26.16525,2.0694,71.93355,14.931750000000001,4.26225,6.747150000000001,29.046600000000005,42.0879,37.8258,11.097150000000001,17.040300000000002,22.309350000000002,18.20625,12.00885,35.74545,22.105050000000002,16.525949999999998,14.853150000000001,12.34815,11.952150000000001,31.798800000000004,70.87425,29.41995,1.1149499999999999,17.43915,57.8145,88.29555,18.4296,27.2772,27.23805,21.507900000000003,14.065650000000002,26.202600000000004,9.0273,44.92680000000001,16.1607,15.60135,15.9906,11.622150000000001,7.005150000000001,22.8156,2.7789,10.0818,18.4932,19.9707,50.255100000000006,10.49625,45.556050000000006,4.26915,34.4298,27.0648,8.349900000000002,15.849150000000002,17.82795,0.0,8.0121,23.637900000000002,9.194400000000002,9.30165,28.279350000000004,94.3068,22.062900000000003,36.2607,12.419400000000001,17.3622,34.43925,22.5102,12.085650000000001,18.62055,17.15295,16.38165,16.0722,16.700550000000003,9.22995,39.75555000000001,15.4467,11.3307,30.2085,47.120400000000004,20.25645,30.413700000000002,12.411900000000001,20.618850000000002,24.923550000000002,12.659400000000002,10.121400000000001,23.772750000000002,4.2045,32.62845,22.67775,25.337550000000004,18.1854,46.358850000000004,25.07205,13.754400000000002,12.606300000000001,62.874
70398392,58.1274,8.47845,15.7392,15.240150000000002,18.91215,15.624900000000002,2.33265,13.46775,12.083250000000001,39.36585,32.70075,32.7045,76.69845000000001,36.6342,16.4202,10.2969,13.7811,28.126800000000003,28.8468,13.90065,16.6854,5.515350000000001,10.221150000000002,10.360800000000001,17.30385,64.90920000000001,48.04905,13.566900000000002,19.3428,40.03155,12.80625,21.32355,71.15385,65.71245,46.609500000000004,10.19685,16.3614,14.6022,55.49925,16.4085,6.9633,19.76295,9.27885,12.908100000000001,75.5853,28.33575,25.656750000000002,7.974150000000001,17.93505,16.1892,44.606700000000004,41.92725,21.43485,45.144600000000004,38.4078,19.1346,14.892300000000002,76.92255,17.3214,44.3733,10.66275,33.469500000000004,76.22355,43.1514,13.929900000000002,17.4837,17.973000000000003,18.29895,101.77650000000001,13.9956,12.910050000000002,6.360900000000001,21.2862,9.23625,76.0986,11.8191,8.8893,2.496,27.4794,46.25295,32.9469,10.224450000000001,15.27495,24.0069,13.3272,16.1739,36.846450000000004,26.27025,18.748050000000003,11.74065,7.469250000000001,7.0731,35.964,75.0393,33.58515,8.28165,12.5601,52.93545000000001,89.3964,18.12735,22.398300000000003,22.359,18.395400000000002,13.7634,21.3237,13.19235,49.09185000000001,15.85845,10.72245,14.2254,15.78735,6.70155,19.70295,9.94575,14.247000000000002,15.3807,16.858050000000002,54.42015,9.62355,49.721250000000005,8.4342,35.53065,25.497600000000002,9.30255,15.5469,14.71545,7.2280500000000005,0.0,25.408050000000003,9.658050000000001,13.4667,26.712149999999998,95.40765,18.95025,31.38165,16.584600000000002,14.249699999999999,35.5401,20.745,16.2507,22.785600000000002,16.280250000000002,15.50895,18.294300000000003,18.92265,13.395000000000001,38.18835000000001,14.574000000000002,15.4959,28.6413,51.2856,17.143800000000002,34.5789,16.57695,20.31645,23.35635,7.78035,5.242500000000001,20.6601,4.7958,31.06125,24.03645,20.4585,22.35045,50.5239,20.193150000000003,17.9196,16.77135,67.03905
70398393,77.69355,20.643900000000002,30.4815,31.588050000000003,31.0833,30.759600000000002,20.063550000000003,20.931,15.891900000000001,47.2797,13.02435,13.0281,96.26475,58.1613,7.0578,24.07785,21.244500000000002,8.450400000000002,45.39045,21.364050000000002,26.328300000000002,22.2741,24.20925,29.2512,33.942600000000006,72.82320000000001,67.6152,21.030300000000004,35.88645,47.945550000000004,31.3857,39.90285000000001,79.0677,85.27875,54.523500000000006,14.005500000000001,34.9407,22.0656,63.413250000000005,26.0514,19.8765,31.934250000000002,14.254199999999999,11.777700000000001,95.15145000000001,8.65935,5.9803500000000005,22.2372,27.57795,6.8268,52.520700000000005,60.50670000000001,40.01415,53.058600000000006,32.688300000000005,9.0915,34.174800000000005,96.48870000000001,17.1495,52.2873,29.242050000000003,49.955850000000005,95.78970000000001,51.065400000000004,33.12285000000001,41.90175,15.4521,36.743700000000004,121.34265000000002,33.2829,31.489350000000005,17.226000000000003,39.86565,21.96345,84.0126,21.462,22.670250000000003,21.7791,23.69835,54.16695000000001,51.52620000000001,29.507100000000005,15.10125,42.9609,26.8275,30.9162,58.373400000000004,42.756750000000004,37.6293,16.7145,26.048550000000002,25.65255,52.450500000000005,82.95315000000001,50.1288,23.527800000000003,31.1394,71.51475,108.96270000000001,6.2928,40.9776,40.93845,28.038300000000003,10.040400000000002,39.903000000000006,32.38545,57.00585,6.7170000000000005,29.301750000000002,14.0517,34.00965,16.893150000000002,29.345850000000002,21.25395,23.54625,21.60825,26.50095,62.33415,28.906200000000002,70.5318,22.21515,57.057750000000006,21.7164,26.2959,7.7961,22.1787,21.009,21.712500000000002,0.0,27.1404,32.5167,17.9307,114.97395000000002,28.593149999999998,49.9611,29.087850000000003,23.8926,57.06720000000001,13.9572,32.79435,37.576350000000005,41.87805,34.7916,36.739050000000006,37.84035,27.17595,34.407300000000006,38.8869,31.40925,17.75685,59.199450000000006,20.72625,51.12255,29.095350000000003,1.80195,14.980050000000002,22.431,23.821800000000003,30.30315,22.614300000000004,27.280050000000003,44.2443,39.03795,35.832,58.4379,38.77245,34.46325,28.9935,74.95305
70400253,50.914350000000006,13.909800000000002,7.3992,6.9,10.572000000000001,7.284750000000001,9.29325,19.228050000000003,17.51325,31.30515,38.1309,38.1345,69.48555,29.421300000000002,21.850350000000002,4.38105,19.541400000000003,33.5568,20.50935,19.66095,22.4457,4.296,7.06635,2.4486000000000003,8.97585,56.8485,40.836000000000006,19.3272,11.01495,31.970850000000006,18.54345,27.060750000000002,63.09315,58.49955,38.5488,15.626850000000001,22.09845,20.362650000000002,47.1714,22.1688,12.7236,11.42295,14.709000000000001,18.3381,68.37225000000001,33.765750000000004,31.086750000000002,13.74135,23.69535,21.61935,36.546,47.66445,27.1719,36.81675,45.10275,24.564600000000002,7.55385,69.7095,17.082,36.3126,16.399800000000003,23.3562,69.01050000000001,35.0907,5.58975,10.1454,20.7372,9.7992,94.56345,5.667750000000001,18.647100000000002,11.792250000000001,27.0234,10.7058,67.77075,17.579400000000003,6.0894,7.938000000000001,34.174350000000004,38.19225,38.68395,4.2573,21.035400000000003,16.22325,16.116,7.83375,29.633550000000003,15.864900000000002,10.2483,17.50095,13.206300000000002,12.810300000000002,25.8507,66.71145000000001,25.247700000000002,9.75135,18.297300000000003,58.672650000000004,82.18350000000001,23.5575,28.135350000000003,28.0962,24.1557,19.1934,27.060750000000002,4.85235,40.764,21.288600000000002,16.459500000000002,19.9857,7.45935,12.132900000000001,25.463250000000002,11.4153,9.38355,21.141000000000002,22.6185,46.0923,3.6564,43.75260000000001,7.52685,28.31775,32.192550000000004,0.9858000000000001,20.9769,20.47575,8.6976,9.3609,30.8382,0.0,5.138850000000001,33.40710000000001,88.19475,24.71055,37.11885,8.24445,20.01,28.3272,26.505300000000002,7.9228499999999995,14.45775,8.94195,8.17065,9.794550000000001,10.4229,5.06715,44.883300000000006,6.07425,7.15575,35.33625,42.957600000000006,22.9041,26.27145,8.23695,25.746600000000004,30.0513,13.547550000000001,10.97955,26.420550000000002,4.2441,37.7562,16.5501,26.1957,15.320550000000003,42.463350000000005,25.9302,9.5916,8.43135,58.711200000000005
70401488,50.60955,10.4283,2.5224,2.7315,6.585,2.4081,12.45345,22.670550000000002,18.475800000000003,27.78465,39.093450000000004,39.09705,69.18060000000001,28.1172,22.81275,5.3436,22.984050000000003,34.51935,17.2656,23.1036,25.888350000000003,8.283000000000001,5.1354,7.7238,5.72265,53.328,40.5312,22.76985,7.76175,28.4505,23.7756,32.2929,59.57265,58.194750000000006,35.02845,16.5894,27.330750000000002,23.80515,43.9182,25.61145,18.50385,7.4358,15.671550000000002,19.30065,68.06745000000001,34.728300000000004,32.0493,18.9435,27.137850000000004,22.5819,33.02565,52.89660000000001,32.4042,33.563550000000006,46.0653,25.52715,13.3131,69.4047,13.094850000000001,32.79225,21.63195,22.871850000000002,68.70570000000001,31.570350000000005,2.4139500000000003,13.818750000000001,16.75005,8.6607,94.25865,2.1879,23.879250000000003,12.754800000000001,32.25555,11.66835,64.51755,21.022050000000004,7.051950000000001,14.414550000000002,35.1369,34.6719,43.91610000000001,11.17965,23.1306,15.876900000000001,24.296550000000003,2.9571000000000005,28.32945,15.672600000000001,9.109950000000001,20.94345,18.43845,18.04245,25.366500000000002,63.45810000000001,22.00395,10.7139,23.52945,63.9048,81.87870000000001,24.52005,33.3675,33.32835000000001,27.598200000000002,20.15595,32.2929,1.6765500000000002,37.5108,22.251150000000003,21.6918,22.08105,4.20615,13.09545,28.9059,7.8770999999999995,4.78035,24.58365,26.061,42.8391,10.578750000000001,38.14005,8.489400000000002,27.013800000000003,33.155100000000004,6.744900000000001,21.93945,23.918400000000002,9.660150000000002,14.102400000000001,32.851800000000004,6.0795,0.0,34.36965,87.88995000000001,28.153200000000002,42.351,3.6412500000000003,23.452650000000002,27.02325,28.6005,4.6695,11.204550000000001,13.795050000000002,13.929900000000002,8.65605,9.284400000000002,1.6162500000000002,45.845850000000006,10.5873,2.5527,36.2988,39.7044,26.34675,22.997700000000002,3.63375,26.70915,31.013850000000005,18.7497,16.2117,29.86305,8.82735,38.71875,15.261750000000001,31.427850000000003,11.33355,38.94285000000001,31.1625,6.338400000000001,4.4442,55.458000000000006
70405783,86.91105,25.218899999999998,37.1907,36.69165,40.30095,37.07625,27.73395,19.76115,21.19365,60.817350000000005,7.272450000000001,7.276200000000001,105.48225000000001,61.1499,19.117050000000003,31.748250000000002,21.153750000000002,8.8695,50.29815,21.273300000000003,28.949250000000003,29.94465,31.672500000000003,36.921600000000005,38.7552,86.36070000000001,76.83285000000001,20.93955,40.79430000000001,61.48305,35.48295,44.015100000000004,92.60520000000001,94.49625,68.061,21.676050000000004,39.03795,21.97485,76.95075,28.6722,24.917850000000005,41.15175,21.92475,17.879250000000003,104.3691,9.6306,11.506200000000002,24.85815,23.36835,18.88605,66.05820000000001,64.60395000000001,44.1114,66.5961,16.41795,22.513650000000002,41.84535,105.70635,29.174100000000003,65.8248,33.3393,59.173500000000004,105.00735,64.6029,35.38125,46.8513,24.6645,41.69325,130.56015000000002,35.447100000000006,35.586600000000004,24.89655,43.97775,30.687600000000003,97.55010000000001,24.082800000000002,30.34065,29.44965,12.660150000000002,67.70445000000001,55.6383,37.1775,17.89965,52.17855,29.448300000000003,37.6254,61.362,51.974250000000005,42.142500000000005,19.513050000000003,32.22165,31.8255,61.668000000000006,96.49065,55.036500000000004,29.73315,35.23665,75.61200000000001,118.18020000000001,16.3617,45.074850000000005,45.0357,30.659100000000002,18.6384,44.00025,34.64385000000001,70.54335,18.77625,33.399,16.8501,37.2387,24.5637,21.2283,31.397100000000005,35.698350000000005,18.8532,29.1219,75.87165,36.576600000000006,71.1726,29.8857,60.046350000000004,10.67835,33.96645,19.237650000000002,18.51345,28.6794,29.383050000000004,17.279400000000003,34.81095,34.9182,0.0,124.19145000000002,31.214100000000006,54.07320000000001,38.03595,22.389000000000003,60.0558,5.37075,37.7022,44.237100000000005,43.23330000000001,42.462,41.68875,42.31695,34.84635,18.1029,40.98705,36.947250000000004,2.2344,72.73695000000001,16.9479,56.03025,38.02845,18.80505,8.5581,25.051800000000004,29.9949,23.45085,30.284850000000002,16.242,53.4618,43.135200000000005,45.0495,71.97540000000001,43.839600000000004,39.37095,38.21115,88.49055
70405785,43.8138,99.6885,87.44325,90.65310000000001,90.30345000000001,88.06125,98.0904,108.3075,104.11275,58.403549999999996,129.30675,129.31050000000002,17.0211,63.70470000000001,111.97485,90.9804,108.62100000000001,124.7328,80.21865,108.74055,112.85159999999999,93.91995000000001,93.22725000000001,89.36415000000001,86.7381,33.02895,49.46370000000001,108.4068,87.81825,57.5433,100.6932,101.9325,38.13465,32.1231,50.486250000000005,102.22635,98.9787,112.65450000000001,65.9199,112.5747,100.3473,91.15440000000001,101.30834999999999,104.9376,20.17785,124.94175000000001,122.26275000000001,101.36505,114.10125000000001,111.74385,51.0195,125.77290000000002,107.77965000000002,62.835,131.70225000000002,110.80890000000001,83.97105,17.2452,96.8073,52.043549999999996,103.227,71.94015,20.816100000000002,53.446200000000005,92.1879,80.98605,100.4625,83.38695000000001,8.36475,87.48870000000001,100.79684999999999,98.3916,101.8953,97.3053,42.331500000000005,106.65885,92.6889,95.56170000000002,120.77385,49.6329,113.55584999999999,89.06685,108.76740000000001,75.79245,107.0898,86.9388,63.91695000000001,75.43425,83.83605,106.58040000000001,100.83000000000001,100.43400000000001,74.43465,43.44225,76.56555,96.3507,100.90635,139.28040000000001,14.7387,110.15684999999999,108.7431,108.70395,114.5616,108.31605,107.66850000000001,91.4505,54.44145000000001,111.4131,103.28670000000001,107.71785,86.80515,98.73240000000001,115.86915000000002,99.50115000000001,92.7021,110.22045000000001,113.02425000000001,66.95865,88.46610000000001,47.818200000000004,94.12635,64.10025,118.79190000000001,89.93805,111.10140000000001,109.55520000000001,95.29710000000001,96.98460000000001,116.56425,89.77485,87.98775,120.00659999999999,0.0,115.11645000000001,111.99075,91.563,110.41590000000002,64.1097,114.23745000000001,85.5579,73.3665,80.9625,85.21725,83.3823,84.01065,86.94210000000001,131.4828,85.5618,90.4743,121.93575000000001,53.562000000000005,111.98370000000001,63.3729,91.55550000000001,117.59640000000002,116.6508,101.17125,98.60325,116.8263,94.4643,124.35570000000001,75.82965,106.80345000000001,91.6578,46.6473,106.53795000000001,87.2268,88.29945000000001,53.85705
70408272,78.99105,19.427400000000002,30.02925,29.5302,33.2022,29.91495,18.47175,8.26455,13.277400000000002,53.6559,30.472350000000002,30.476100000000002,97.5621,57.49785000000001,23.3169,24.586800000000004,7.78455,33.2886,43.136700000000005,8.3556,3.0321000000000002,22.7832,24.5112,26.10675,31.593750000000004,79.19925,68.91270000000002,8.7552,33.632850000000005,54.321600000000004,18.5481,27.004350000000002,85.44375000000001,86.57625,60.89955,15.2901,20.679150000000003,8.189400000000001,69.7893,4.99125,13.59975,34.053000000000004,15.930900000000001,15.12795,96.44895000000001,33.497550000000004,30.818550000000002,9.341400000000002,3.55455,23.085900000000002,58.896750000000004,35.63505,14.739,59.43465,26.5854,26.03115,30.638250000000003,97.78620000000001,26.02755,58.66335000000001,15.955050000000002,51.432900000000004,97.08720000000001,57.44145000000001,28.21995,33.22965,24.8694,34.53195,122.64015000000002,28.28565,18.65175,17.73345,26.967000000000002,23.526300000000003,90.38865,9.61425,23.1792,19.090500000000002,15.39375,60.543000000000006,38.62755000000001,25.970399999999998,15.53445,44.30310000000001,12.064200000000001,30.46395,57.710100000000004,43.9449,34.98105,11.71425,16.167900000000003,16.522800000000004,53.9274,89.32935,47.87505,22.5717,18.76125,46.64325,110.26020000000001,23.828400000000002,15.70245,15.663300000000001,4.0149,20.6601,14.62785,27.4824,63.3819,22.75515,16.0149,14.484900000000001,30.077250000000003,17.402250000000002,5.3226,24.235650000000003,28.537050000000004,10.177650000000002,2.4777,68.71020000000001,25.36965,71.82915,22.72425,56.394450000000006,16.490850000000002,25.0485,22.4436,9.51225,21.51795,19.329150000000002,27.656550000000003,25.404,27.75675,23.505300000000002,116.27145000000002,0.0,37.06245,30.8745,6.405150000000001,56.4039,21.004350000000002,30.540750000000003,37.07565,32.02635,35.49675,34.527300000000004,35.15565,27.685050000000004,26.1027,30.319950000000002,29.78595,25.434450000000002,65.57565,10.90845,48.86880000000001,30.867,27.21315,23.615850000000002,9.535200000000001,14.986800000000002,6.27975,23.1234,18.9756,44.332800000000006,13.894350000000001,36.6405,64.81395,13.08795,32.209649999999996,31.0614,81.32910000000001
70408277,73.32735000000001,36.502500000000005,43.7634,43.2642,46.9362,43.64895,30.3567,33.6207,36.818850000000005,61.21065,57.48015,57.4839,91.89855,51.8343,44.444250000000004,38.90775,32.53215,56.150850000000005,50.41485000000001,33.006600000000006,32.3823,34.80225,38.245200000000004,37.9194,49.574250000000006,85.15245000000002,63.24915,32.93625,50.665350000000004,61.87635,20.07885,10.21725,93.58575,80.91255,68.4543,38.2209,18.36435,32.1852,80.26545000000002,32.1054,32.159850000000006,47.787150000000004,37.303050000000006,38.6694,90.78540000000001,56.3598,53.6808,29.648550000000004,33.631800000000005,44.21325,66.45150000000001,14.000550000000002,19.050900000000002,69.9108,52.047450000000005,47.15865,31.94565,92.12265000000001,45.34545,66.2181,22.612650000000002,45.769200000000005,91.42365000000001,64.9962,41.95395,35.3349,45.99705,46.2339,116.97645000000001,42.019800000000004,20.182650000000002,34.38495,10.397400000000001,37.2603,100.0251,33.1557,36.91335,30.90315,40.8558,68.09775,1.7835,31.701600000000003,39.0759,38.63955,26.6205,44.198100000000004,52.046549999999996,38.2812,46.683,35.2557,24.747300000000003,25.1022,48.2637,99.80534999999999,51.509100000000004,36.30585000000001,20.292,27.736050000000002,104.5965,46.1514,17.804850000000002,18.0885,34.09215,41.78745,18.93975,41.216550000000005,69.83220000000001,43.8825,22.672500000000003,38.02635000000001,43.8114,34.725750000000005,35.39985,37.969800000000006,42.27105,35.53365,32.55495,79.18635,32.15505,66.16560000000001,36.4584,50.73075,41.95275,36.86115,43.57095,34.8684,35.252100000000006,31.214100000000006,53.43225,37.21665,41.4909,50.51310000000001,110.60775000000001,34.647149999999996,0.0,44.60865,29.946600000000004,50.74020000000001,44.54580000000001,48.393,52.785450000000004,36.8877,29.833050000000004,46.22925,46.857600000000005,41.419050000000006,51.564750000000004,40.246500000000005,43.51995,52.44225,76.05165,36.3705,56.1768,44.60115,48.340650000000004,47.157300000000006,29.45475,29.185950000000002,36.357,34.08285000000001,44.43765,38.66910000000001,26.18925,54.4929,72.3687,25.923750000000002,50.0619,44.795550000000006,91.80525
70408280,52.023450000000004,8.4519,2.7405,4.4232000000000005,4.9431,2.8203,16.3647,24.1782,19.1391,28.01715,36.2655,36.26925,70.59465,32.4912,21.99645,9.254700000000001,24.491550000000004,31.691550000000003,19.71075,24.611250000000002,29.799600000000005,12.19425,6.6655500000000005,8.99355,4.9773,53.560500000000005,41.945100000000004,24.277350000000002,10.206750000000001,28.682850000000006,27.686850000000003,36.20415,59.805150000000005,59.608650000000004,35.2608,17.2527,31.241850000000003,25.312800000000003,44.15055,29.5227,22.415100000000002,5.79405,17.5014,19.96395,69.48135,31.9005,29.221500000000002,22.854750000000003,31.049100000000003,21.76545,33.258,56.80785,36.31545,33.7959,46.9629,21.556050000000003,14.271,70.8186,8.785950000000001,33.02460000000001,25.5432,24.2859,70.1196,31.8027,3.6178500000000002,16.222050000000003,12.44115,11.064150000000001,95.67255,4.70235,27.7905,16.6659,36.1668,7.7673000000000005,64.7499,24.933300000000003,10.9632,18.3258,36.0345,34.904250000000005,47.82735,15.090900000000001,27.041850000000004,17.2908,28.207800000000002,3.1752000000000002,32.703450000000004,17.086650000000002,11.513250000000001,24.8547,22.3497,21.9537,26.7804,63.6906,24.4491,9.3318,27.4407,67.81605,83.29260000000001,25.4175,37.27875,37.2396,31.50945,18.33765,36.20415,5.2204500000000005,37.74315,21.4347,25.602899999999998,25.992300000000004,5.044200000000001,17.0067,32.81715,7.057950000000001,2.3847,26.09115,29.972250000000003,43.07145,14.49,44.8617,8.6652,31.38765,34.0527,10.656150000000002,21.123150000000003,25.4259,13.5714,18.013650000000002,23.523,9.99075,3.9360000000000004,35.267250000000004,89.30385000000001,32.06445,46.26225,0.0,27.3639,31.397100000000005,32.51175,7.114650000000001,11.436150000000001,16.1985,14.887800000000002,11.0595,11.687850000000001,5.110200000000001,46.74345,13.20735,1.4301000000000001,37.1964,39.9369,27.85425,25.442850000000004,0.007500000000000001,24.55515,31.911450000000002,22.66095,20.12295,33.774300000000004,12.7386,39.616350000000004,18.5742,35.3391,9.6918,39.175200000000004,35.073600000000006,8.78355,2.80245,55.69035
70412170,69.771,13.7169,24.31875,23.819550000000003,27.491550000000004,24.204300000000003,12.7611,3.7306500000000002,7.566900000000001,47.94525,28.2282,28.23195,88.34205,48.277800000000006,17.6064,18.8763,2.6421,27.578100000000003,37.4262,3.1165499999999997,5.854500000000001,17.0727,18.80055,20.396250000000002,25.88325,73.4886,59.69265,3.0462000000000002,27.9222,48.61110000000001,12.3882,20.92035,79.73325,77.35620000000002,55.188900000000004,9.579450000000001,15.9432,2.29515,64.0788,5.577450000000001,7.8892500000000005,28.3425,10.220400000000001,9.41745,87.2289,27.787050000000004,25.108050000000002,3.6309,5.0724,17.375400000000003,53.1861,41.5092,21.016650000000002,53.72415,22.157400000000003,20.32065,24.927600000000005,88.56615000000001,20.317050000000002,52.952850000000005,10.24455,42.0489,87.86715000000001,51.73095000000001,22.509300000000003,27.51915,19.158900000000003,28.821300000000004,113.42009999999999,22.57515,12.49185,12.0228,20.883000000000003,17.81565,84.67800000000001,3.9036000000000004,17.4687,13.38,10.96575,54.832350000000005,32.54355,20.259900000000002,9.8238,37.61205,6.35355,24.753300000000003,48.490050000000004,37.2537,29.2704,6.0036000000000005,10.457400000000002,10.81215,44.5434,83.6187,42.164550000000006,16.8612,12.141900000000001,52.517250000000004,101.04,18.11775,21.9801,21.94095,7.56435,14.94945,20.9055,21.771900000000002,57.67125,17.04465,10.304250000000001,8.77425,24.36675,11.69175,8.87205,18.52515,22.826400000000003,5.6436,6.02715,62.99955,19.659000000000002,58.300650000000005,17.01375,47.17425,12.062850000000001,19.338,16.73295,4.978350000000001,15.80745,13.61865,21.946050000000003,19.6935,22.04625,21.261000000000003,107.05125000000001,8.11935,30.978450000000002,25.164,0.0,47.1837,15.29385,24.830100000000005,31.36515,26.3157,25.5444,28.81665,29.445,21.974400000000003,21.6747,24.60945,24.075300000000002,23.190150000000003,59.865,6.48045,43.158300000000004,25.1565,21.502650000000003,17.9052,3.82455,9.2763,9.8292,17.4129,14.547600000000001,37.641600000000004,20.04045,30.930000000000003,59.10345000000001,20.74485,26.499000000000002,25.3509,75.6186
70419671,25.5132,37.58625,24.521250000000002,27.7347,27.3849,24.61515,35.167350000000006,43.96065,41.1897,23.4132,68.556,68.55975000000001,44.084250000000004,3.60465,45.526650000000004,28.057350000000003,44.27415,63.98205,17.327550000000002,44.3937,49.9605,30.9969,30.3042,26.473200000000002,23.81625,37.33815,15.43485,44.05995,24.927300000000002,16.900199999999998,37.8021,39.04155,45.77145,33.09825,30.656850000000002,39.3033,36.0876,49.7634,41.93535000000001,49.683600000000006,37.4562,28.235850000000003,38.38545,42.01455000000001,42.97110000000001,64.191,61.512,38.47395,51.21015,45.29565,28.65405,62.88195000000001,44.8887,31.5807,68.7792,50.05815,21.07995,44.308350000000004,36.0567,28.42065,40.3359,9.04905,43.609350000000006,27.1989,27.478800000000003,18.095100000000002,39.71175,20.49585,69.16215,24.56565,37.905750000000005,35.46855,39.004200000000004,34.38225,52.2108,42.312000000000005,29.765850000000004,32.67060000000001,57.8508,30.300300000000004,50.6649,26.1759,45.844500000000004,12.9015,44.19885000000001,24.016800000000003,3.15705,12.54315,20.94495,42.23355,37.93905,37.5429,11.54355,53.321400000000004,17.263650000000002,33.427800000000005,38.01525,76.3893,56.78220000000001,47.2338,45.85215,45.812850000000005,51.670500000000004,47.5653,44.777550000000005,26.74125,32.03475,44.9649,40.39575,44.79495,23.88315,35.80935,52.97820000000001,35.091750000000005,29.78355,45.8736,50.1333,40.85625,25.575000000000003,18.351300000000002,31.203300000000002,0.00945,55.869,27.04695,44.65335,45.20835,32.374050000000004,34.0935,55.813500000000005,26.8839,25.064700000000002,57.083549999999995,62.79345000000001,52.225500000000004,49.099650000000004,27.17115,47.524800000000006,0.0,51.3144,22.63485,25.7964,18.071550000000002,22.326150000000002,20.4912,21.119550000000004,24.019050000000004,68.55975000000001,22.6707,27.555899999999998,59.01270000000001,37.72155,47.63685,17.6346,27.16365,56.84565,53.72775,38.280300000000004,35.712300000000006,53.93535000000001,31.54125,61.43265,12.938699999999999,43.91235,28.734750000000002,27.39345,43.647000000000006,24.30375,25.3809,53.47515
70422303,81.16575,19.47345,31.44525,30.9462,34.5555,31.33095,20.8617,14.623800000000003,12.265500000000001,55.0719,10.9011,10.90485,99.7368,55.404450000000004,11.5791,26.002950000000002,14.93715,12.498000000000001,44.55285000000001,15.0567,20.0211,24.1992,25.9272,28.4967,33.009750000000004,80.61525,71.0874,14.722949999999999,35.04885,55.73760000000001,26.554800000000004,35.08695,86.8599,88.75095,62.31555,14.278050000000002,30.109800000000003,15.75825,71.2053,19.74405,15.9897,35.40645,14.91885,12.13395,98.62365000000001,13.259250000000002,14.4237,15.930000000000001,21.2706,11.3481,60.31275,55.675799999999995,35.18325,60.85065,21.8607,13.26285,33.0282,99.96090000000001,23.42865,60.079350000000005,24.411150000000003,53.42805,99.26190000000001,58.85745000000001,29.63595,35.619600000000005,18.919050000000002,35.94795,124.81484999999999,29.70165,26.658450000000002,19.1511,35.049600000000005,24.942300000000003,91.80465000000001,15.154650000000002,24.595350000000003,21.48045,12.490800000000002,61.959,46.71015,28.360350000000004,8.9715,46.4331,20.52015,31.87995,55.61670000000001,46.22880000000001,36.39705,10.584900000000001,23.2935,22.89735,55.92255,90.74535,49.29120000000001,23.9877,26.308500000000002,66.68385,112.43490000000001,7.43355,36.1467,36.10755,21.73095,12.8931,35.072100000000006,28.8984,64.7979,11.2383,24.470850000000002,7.921950000000001,31.4934,18.818250000000003,23.03865,25.6518,29.95305,15.4785,20.19375,70.12620000000001,27.759600000000002,65.42715,24.14025,54.3009,10.50885,27.43845,12.317400000000001,15.871500000000001,22.93395,21.7191,11.261700000000001,27.79395,29.17275,5.9619,118.44600000000001,22.28595,45.145050000000005,32.2905,17.585250000000002,54.31035000000001,0.0,31.956750000000003,38.49165,34.4163,33.645,35.9433,36.57165,29.101050000000004,23.19975,32.7099,31.20195,3.77805,66.99165,14.5965,50.28495000000001,32.283,11.892750000000001,2.24235,16.12365,21.066750000000003,23.995800000000003,24.5394,16.0725,47.7165,34.20705,39.304050000000004,66.22995,34.91145,33.62565,32.4657,82.74510000000001
70423734,46.63875,15.7767,3.5241000000000002,6.737400000000001,6.231150000000001,3.6178500000000002,18.678900000000002,28.89615,24.7014,23.370300000000004,45.395100000000006,45.3987,65.20995,25.1457,28.063050000000004,11.56905,29.209500000000002,40.821000000000005,12.85125,29.3292,32.113800000000005,14.50845,10.99365,11.63475,2.81895,48.913650000000004,36.5604,28.995300000000004,3.3472500000000003,24.036,30.0012,38.393100000000004,55.1583,54.22395000000001,30.61395,22.815,35.43915,30.03075,39.5037,31.8369,24.72945,5.2986,21.897000000000002,25.52625,64.09665,41.02995,38.350950000000005,25.16895,33.36345,27.832050000000002,28.61115,62.23350000000001,38.62965,29.149050000000003,53.029500000000006,26.897250000000003,15.1716,65.43390000000001,12.895650000000002,28.377750000000002,27.857550000000003,18.916800000000002,64.7349,27.155850000000004,8.272200000000002,10.8471,16.55085,6.6618,90.28785,5.5009500000000005,30.104850000000003,18.98025,38.35575,16.29885,60.103049999999996,27.247500000000002,13.277400000000002,19.48935,42.1011,30.2574,50.0163,14.56095,29.356050000000003,11.921700000000001,30.522000000000002,3.0195000000000003,25.35795,11.717550000000001,5.9457,27.169050000000002,24.664050000000003,24.2679,21.4113,59.04375,17.5896,16.93935,29.7549,70.13025,77.9079,31.484250000000003,39.59310000000001,39.55395,33.823800000000006,24.40425,38.5185,7.5348,33.09630000000001,27.501300000000004,27.917250000000003,28.306500000000003,2.886,19.3209,35.131350000000005,15.58935,8.7864,30.809100000000004,32.28660000000001,38.424600000000005,13.960050000000003,33.7257,14.71485,24.042150000000003,40.1193,12.970500000000001,27.18975,30.143850000000004,15.8856,20.328,32.65260000000001,12.30495,5.553450000000001,41.333850000000005,83.91915,34.37865,48.4512,6.174,29.678100000000004,24.0516,34.82595,0.0,6.79005,10.823550000000001,15.788400000000001,6.657150000000001,5.891850000000001,5.1633000000000004,52.81005,7.832400000000001,6.5586,43.263000000000005,35.29005,32.5722,18.58335,6.1663499999999996,33.6846,37.97805,24.97515,22.437300000000004,36.08865,15.05295,45.68295,12.29025,37.6533,6.35505,34.52835,37.387950000000004,1.9240500000000003,4.3836,51.0435
70423736,49.8111,23.3982,10.736550000000001,11.8431,7.8892500000000005,11.014650000000001,20.979300000000002,31.196550000000002,27.001649999999998,17.789250000000003,45.430800000000005,45.434400000000004,57.298500000000004,28.970850000000002,31.33875,13.86945,31.5099,40.856700000000004,9.853650000000002,31.629450000000002,34.4142,16.80885,16.11615,17.76135,9.63285,43.332600000000006,31.495050000000003,31.2957,7.062900000000001,18.45495,32.30145,44.69265,49.57725,47.407650000000004,25.032899999999998,25.115250000000003,35.85660000000001,32.331,33.92265,34.1373,27.029700000000002,7.6530000000000005,24.197400000000002,27.826500000000003,67.269,41.06565,38.38665,27.469350000000002,35.663850000000004,31.107750000000003,23.0301,61.422450000000005,40.93005,23.568,54.5913,30.7212,21.2982,57.522600000000004,16.09065,22.7967,30.1578,17.72625,67.90725,21.574800000000003,13.377900000000002,16.9737,20.59095,8.9901,82.43895,10.3776,32.40525,21.28065,44.655300000000004,20.1942,54.522000000000006,29.5479,15.577800000000002,22.94055,43.66275,24.676350000000003,56.316,19.7055,31.65645,16.27695,32.8224,9.83355,28.614,16.1964,8.274000000000001,29.469450000000002,26.96445,26.568300000000004,20.220750000000002,53.462700000000005,14.592,19.23975,32.0553,72.43065,70.059,33.0459,41.8935,41.8542,36.1242,28.399500000000003,40.81875,12.640500000000001,27.51525,30.777,30.21765,30.6069,9.699900000000001,21.6213,37.43175,19.58385,13.892100000000001,33.109500000000004,34.586850000000005,32.84355,19.1046,28.14465,17.01525,27.214350000000003,41.68095,16.13325,30.465300000000003,32.444250000000004,18.186,22.628400000000003,32.688300000000005,14.62485,10.876800000000001,42.895500000000006,87.09135,36.679050000000004,54.750750000000004,12.753,31.9785,27.223800000000004,37.12635,7.942650000000001,0.0,16.95015,21.915000000000003,8.98545,8.22015,9.831000000000001,54.371700000000004,13.959000000000001,11.6643,44.82465,29.709000000000003,34.872600000000006,14.77035,12.745500000000002,33.7203,39.5397,27.275550000000003,24.7377,38.389050000000005,17.35335,47.244600000000005,18.589800000000004,39.9537,4.84365,28.94745,39.68835000000001,5.6674500000000005,9.752400000000002,45.462450000000004
70428043,42.203100000000006,20.8134,11.773950000000001,14.987250000000001,14.6376,11.867700000000001,15.857850000000001,25.79265,25.121850000000002,25.850250000000003,46.004250000000006,46.008,60.7743,20.710050000000003,30.325350000000004,13.102050000000002,26.106,49.07085000000001,15.05445,26.225550000000002,29.010300000000004,13.1976,17.556900000000002,8.27685,11.0688,54.028200000000005,32.12475,25.891800000000003,12.438300000000002,26.51595,25.108050000000002,26.712,57.63810000000001,49.7883,33.0939,24.102,23.75805,26.92725,47.27205000000001,28.7334,19.2882,15.488400000000002,23.184,25.6395,59.661,49.2798,46.600950000000005,20.30595,30.25995,30.094350000000002,31.091100000000004,50.5524,32.55915,36.9174,50.732850000000006,35.1471,6.432150000000001,60.998250000000006,21.145500000000002,30.8577,22.9644,14.64495,60.29925,29.635800000000003,14.73135,1.5528000000000002,24.8007,8.00685,85.85220000000001,11.81835,25.2117,20.26725,26.67465,18.8646,67.87140000000001,24.144000000000002,14.810550000000003,14.502600000000001,39.804300000000005,32.737350000000006,38.335350000000005,8.00775,27.6,7.515150000000001,22.680600000000002,11.2695,20.922300000000003,7.156950000000001,8.455950000000001,24.06555,19.7709,19.3749,17.13945,66.81195000000001,19.792800000000003,17.91,24.8619,64.05975000000001,73.47225,32.0325,33.522600000000004,33.48345,30.7203,32.654250000000005,32.448,13.99395,34.4718,29.763600000000004,23.0241,26.550300000000004,11.13585,20.608050000000002,32.02785,19.57395,17.036250000000003,27.705600000000004,29.183100000000003,46.19295,7.407,35.04135,16.248,19.6065,37.822500000000005,8.878950000000001,29.452050000000003,27.040350000000004,16.85625,15.925500000000001,40.90245,8.721,12.317400000000001,39.03705,79.4835,31.27515,36.770100000000006,14.42385,26.574600000000004,19.61595,33.0699,9.887550000000001,14.5584,0.0,7.0489500000000005,8.0022,8.63055,11.27175,50.513250000000006,4.80285,14.80845,40.9662,43.05825,29.468700000000002,20.8164,14.41635,34.22175,35.68125,20.112150000000003,17.544150000000002,32.98515,14.37645,43.38615,7.54485,31.58295,15.987449999999999,37.008300000000006,31.31745,11.556450000000002,12.6336,58.81185000000001
70430210,46.41105,21.26985,16.576800000000002,16.0776,19.7496,16.46235,16.314300000000003,26.249100000000002,25.578300000000002,31.438950000000002,46.4607,46.46445,64.98225000000001,24.918000000000003,30.781800000000004,13.5585,26.562600000000003,42.4884,20.643150000000002,26.68215,29.46675,11.9823,16.243949999999998,8.7333,17.4231,58.23615,36.3327,26.348399999999998,18.55725,32.10465,20.379150000000003,21.6186,66.66945000000001,53.99625,38.68260000000001,24.55845,18.66465,27.3837,53.391000000000005,29.189850000000003,19.74465,20.6004,23.6406,26.095950000000002,63.868950000000005,42.69735000000001,40.018350000000005,20.762400000000003,30.7164,30.550800000000002,36.6798,45.459,27.46575,43.036350000000006,51.189299999999996,33.4962,3.67665,65.20620000000001,26.259600000000002,36.4464,22.91295,18.8529,64.50720000000001,35.2245,14.76735,7.2453,29.914800000000003,14.12595,90.06015000000001,13.554900000000002,20.4828,20.7237,21.58125,19.321050000000003,73.99035,24.60045,15.267000000000001,14.959050000000001,40.26075,38.32605,33.241800000000005,4.656750000000001,28.05645,11.72325,26.775750000000002,17.623800000000003,25.13025,11.3649,14.575050000000003,24.522000000000002,20.22735,19.83135,21.3474,72.93105,24.592800000000004,18.36645,20.5923,58.966350000000006,77.68020000000001,32.48895,28.4292,28.3899,31.176750000000002,28.125,27.35445,14.029800000000002,40.060500000000005,30.220050000000004,22.97265,27.006899999999998,17.49015,21.064500000000002,32.484300000000005,20.03055,18.56115,28.162050000000004,29.639550000000003,52.3119,4.9299,39.249300000000005,16.70445,23.81445,38.27895,9.335400000000002,29.9085,27.496800000000004,17.31285,16.38195,39.769800000000004,9.17745,13.176300000000001,39.49365,83.69145,31.731600000000004,31.6767,17.422050000000002,27.031050000000004,23.823900000000002,33.52635,16.24185,20.67735,9.2163,0.0,14.121300000000002,14.74965,13.06365,50.96985000000001,10.401,16.33335,41.4228,49.177350000000004,29.92515,26.405100000000004,17.4144,34.678200000000004,36.13785000000001,20.5686,11.589900000000002,33.4416,14.832900000000002,43.842600000000004,11.7528,26.4894,22.3416,42.597,26.224050000000002,17.91075,17.608800000000002,64.9308
70430246,44.06985,21.00345,7.9386,11.151900000000001,10.8021,8.03235,18.584550000000004,28.037399999999998,24.6069,23.392500000000002,49.8096,49.81320000000001,62.6409,22.57665,28.944000000000003,11.4747,28.3509,45.2355,12.873300000000002,28.47045,31.255050000000004,14.4141,13.721550000000002,8.892750000000001,7.23345,48.93585,33.9915,28.1367,4.69215,24.0582,27.352800000000002,35.82405,55.180350000000004,51.6549,30.63615,22.7205,32.8701,29.172,39.5259,30.97815,21.53295,10.99125,21.802650000000003,25.4319,61.527750000000005,45.44445,42.76545,22.5507,32.5047,28.713,28.633350000000004,59.66445000000001,35.9814,29.17125,52.19655,31.311750000000004,12.4296,62.865,17.31015,28.39995,25.209149999999998,16.511550000000003,62.166000000000004,27.178050000000002,10.896,8.1051,20.96535,0.0046500000000000005,87.71895,7.98285,27.456600000000005,18.885900000000003,35.7867,17.79945,60.12525,26.38875,13.183050000000001,16.74735,41.268,30.279600000000006,47.4474,11.818950000000001,29.2617,9.3786,24.925500000000003,7.434,22.7889,9.0204,1.3381500000000002,26.3103,22.015800000000002,21.61965,19.0062,59.06595000000001,17.61165,16.845000000000002,27.10665,67.482,75.33885000000001,30.65115,36.94485,36.905550000000005,32.965050000000005,28.81875,35.8701,10.1586,33.118500000000004,28.382250000000003,25.269000000000002,28.21215,7.30035,19.226550000000003,34.27275,18.50895,13.2009,29.950350000000004,31.427850000000003,38.4468,11.21805,36.90795,14.620500000000002,21.473100000000002,39.2862,10.507950000000001,28.070700000000002,29.285100000000003,15.791250000000002,18.17025,37.0671,9.303450000000002,8.482050000000001,40.5009,81.35010000000001,33.520050000000005,45.88215,10.58835,28.819350000000004,21.482550000000003,34.73160000000001,6.052200000000001,6.812250000000001,8.08155,13.04625,0.0,1.25925,7.43625,51.97695000000001,5.0904,10.9731,42.43005,35.31225,31.713600000000003,18.605400000000003,10.58085,32.840250000000005,37.145100000000006,22.35705,19.789050000000003,35.2299,14.9586,44.84985,9.721200000000001,35.005050000000004,9.81255,34.55055,34.7397,7.7211,8.7981,51.06570000000001
70433907,45.273450000000004,22.01535,8.9553,12.1686,10.099200000000002,9.04905,19.596600000000002,29.8137,25.61895,22.26405,50.826299999999996,50.8299,63.84465,23.7804,29.9559,12.486600000000001,30.127200000000002,46.2522,11.745000000000001,30.246750000000002,33.0315,15.426150000000002,14.73345,10.09635,8.250150000000001,47.8074,35.195100000000004,29.913,3.5637000000000003,22.929750000000002,28.55655,37.02765,54.05205,52.858650000000004,29.5077,23.732550000000003,34.07385000000001,30.948300000000003,38.39745,32.75445,22.7367,9.8628,22.814550000000004,26.443800000000003,62.731350000000006,46.46115,43.78215,23.75445,34.281,29.724899999999998,27.5049,60.86805,37.185,28.042800000000003,53.208450000000006,32.328450000000004,13.6332,64.0686,18.30045,27.271500000000003,26.4129,17.715300000000003,63.369600000000005,26.049600000000005,11.907900000000001,9.3087,21.98205,1.32525,88.92255,8.994900000000001,28.6602,19.897800000000004,36.99045,18.811500000000002,58.9968,28.165050000000004,14.1951,17.9511,42.28005,29.15115,48.651,13.022550000000003,30.273750000000003,10.58235,26.129100000000005,8.450700000000001,23.99265,10.224,0.1776,28.086600000000004,23.2194,22.823400000000003,20.2098,57.9375,16.48335,17.856900000000003,28.31025,68.68560000000001,76.54260000000001,31.663050000000002,38.148450000000004,38.109300000000005,34.741350000000004,29.83545,37.07385000000001,11.1705,31.990050000000004,29.39415,26.472600000000003,29.224050000000002,8.317200000000001,20.2386,36.04905,19.521,14.217600000000001,31.72665,33.20415,37.31835,12.421800000000001,32.6193,15.632550000000002,22.67685,40.298100000000005,11.7117,29.082600000000003,31.0614,16.803300000000004,19.374000000000002,38.083800000000004,10.50705,9.493950000000002,41.512800000000006,82.55385000000001,35.296350000000004,47.0859,11.60505,30.59565,22.686300000000003,35.74365,6.5598,5.6838,9.285150000000002,14.25,1.3206,0.0,8.4483,52.989000000000004,6.2940000000000005,11.9898,43.44195,34.183800000000005,33.4899,17.4771,11.59755,33.8523,38.157000000000004,23.560650000000003,20.99265,37.0062,15.970500000000001,45.8619,10.92495,36.208800000000004,8.6841,33.42210000000001,35.9433,6.254700000000001,9.8148,49.937250000000006
70435202,48.1197,14.496150000000002,2.853,3.708,7.800750000000001,2.73855,12.077250000000001,22.294500000000003,18.0996,26.294100000000004,38.71725,38.721000000000004,66.6909,26.626649999999998,22.436700000000002,4.9674000000000005,22.60785,34.14315,15.7749,22.727400000000003,25.51215,7.9068000000000005,6.1119,5.4024,4.23195,51.837450000000004,38.04135,22.39365,6.27105,26.9598,23.399400000000004,31.916700000000002,58.081950000000006,55.7049,33.53775,16.2132,26.95455,23.42895,42.4275,25.23525,18.127650000000003,8.65155,15.295350000000001,18.92445,65.5776,34.35210000000001,31.673250000000003,18.567300000000003,26.7618,22.2057,31.534950000000002,52.5204,32.028,32.07285,45.68925,25.15095,10.67985,66.91485,14.308650000000002,31.301550000000002,21.255750000000003,20.3976,66.21585,30.07965,3.3904500000000004,12.328050000000001,17.96385,7.170150000000001,91.7688,0.6225,23.50305,12.3786,31.879350000000002,11.292150000000001,63.02685,20.64585,6.675750000000001,14.0385,34.7607,33.181200000000004,43.54005,10.803450000000002,22.7544,13.402650000000001,23.92035,4.43265,26.8389,13.19835,7.61925,20.567400000000003,18.0624,17.66625,22.8921,61.967549999999996,20.513250000000003,10.337700000000002,23.15325,63.528600000000004,79.38885,24.14385,32.99145,32.95215,27.22215,19.7799,31.916700000000002,2.6530500000000004,36.020100000000006,21.874950000000002,21.3156,21.70485,2.71545,12.71925,28.529700000000002,12.001650000000001,5.757000000000001,24.20745,25.684800000000003,41.3484,10.20255,36.649350000000005,8.1132,25.523100000000003,32.7789,7.2312,21.56325,23.5422,9.28395,13.7262,34.0656,5.7228,1.1103,33.99345,85.40010000000001,27.777,41.9748,4.617900000000001,23.07645,25.532550000000004,28.224300000000003,3.1789500000000004,9.71385,12.3045,11.296650000000001,7.165500000000001,7.79385,0.0,45.46965,7.659900000000001,3.5292000000000003,35.9226,38.21385000000001,25.970550000000003,21.507,4.610250000000001,26.33295,30.63765,18.3735,15.835650000000001,29.486850000000004,8.4513,38.34255,13.7712,31.05165,9.2787,37.45215,30.786300000000004,4.84785,5.79675,53.9673
70450886,98.46000000000001,36.76785,48.73965,48.24045,51.84975,48.6252,32.275800000000004,19.510050000000003,25.060950000000002,72.36615,25.7529,25.75665,117.03120000000001,72.6987,30.666,43.297200000000004,20.9025,27.34995,61.847100000000005,21.022050000000004,24.634800000000002,41.49360000000001,43.221450000000004,39.91095,50.30415,97.90950000000001,88.38165000000001,20.6883,52.34310000000001,73.03200000000001,34.386300000000006,42.91845,104.15415000000002,106.04520000000001,79.60995000000001,27.073500000000003,37.941300000000005,21.723750000000003,88.4997,26.5938,27.403950000000002,52.700700000000005,27.7143,29.4282,115.91790000000002,28.111050000000002,29.98665,25.336350000000003,23.1171,30.435000000000002,77.60715,64.25385,43.357800000000005,78.14505,1.8684,34.0626,44.4423,117.25515000000001,40.72305,77.37375,32.24265,70.72245000000001,116.55615000000002,76.15185000000001,46.9302,47.03385000000001,36.21345,53.242200000000004,142.1091,46.996050000000004,34.48995,36.4455,42.8811,42.23655,109.09905,25.6092,41.8896,32.8947,11.54835,79.2534,54.541650000000004,39.77460000000001,29.448600000000003,63.72735000000001,28.35165,49.174200000000006,72.91095000000001,63.52320000000001,53.69145000000001,23.49765,32.4555,32.8104,73.21695000000001,108.0396,66.58545000000001,41.28210000000001,34.14,75.26205,129.72915,27.91065,44.3211,44.28195,28.52625,30.187350000000002,43.246500000000005,46.192800000000005,82.09215,30.325200000000002,32.302350000000004,28.399050000000003,48.78765,36.11265,20.977050000000002,42.94605000000001,47.2473,18.6021,26.9889,87.42060000000001,39.173700000000004,82.72155,41.43465,71.59515,13.472100000000001,38.8527,30.786600000000004,18.26235,40.228350000000006,33.1332,35.75985000000001,39.2082,46.467150000000004,18.7857,135.74040000000002,29.081100000000003,52.976549999999996,49.5849,22.13775,71.60475000000001,22.153050000000004,49.251000000000005,55.786049999999996,45.8304,45.05910000000001,53.23755,53.8659,46.395300000000006,0.0,44.12415,48.4962,20.714850000000002,84.2859,16.696800000000003,67.57920000000001,49.5774,32.36985000000001,20.10705,25.53015,32.480850000000004,23.19975,41.833800000000004,8.3124,65.01075,42.51315,56.59845000000001,83.52435000000001,41.7066,50.9199,49.76010000000001,100.0395
70464173,46.353300000000004,18.7485,9.240450000000001,11.73885,12.1041,9.334200000000001,14.620050000000003,24.5547,22.3521,26.744100000000003,42.96960000000001,42.97335,64.92450000000001,24.86025,26.68905,9.219750000000001,24.8682,38.39565,15.948300000000001,24.987750000000002,27.7725,10.3356,11.9052,5.41005,8.5353,52.28745000000001,36.274950000000004,24.654,9.669450000000001,27.409800000000004,23.8701,30.53355,58.53210000000001,53.938500000000005,33.987750000000005,20.465700000000002,27.425250000000002,25.689300000000003,44.503350000000005,27.49545,18.050250000000002,12.954900000000002,19.5477,23.17695,63.81120000000001,38.604600000000005,35.9256,19.068,29.022000000000002,26.458050000000004,31.98495,52.9911,32.4987,34.14855,49.94160000000001,29.40345,8.85105,65.14845000000001,18.612000000000002,31.75155,21.7266,18.795150000000003,64.44945000000001,30.52965,10.4286,5.344950000000001,22.2672,5.23815,90.00240000000001,9.28485,23.9739,16.63095,30.4962,15.54465,65.10255,22.906050000000004,10.92825,13.264650000000001,39.0132,33.6312,42.1569,8.33625,26.362050000000004,10.44435,21.442800000000002,8.736,25.0725,10.086,5.687250000000001,22.8276,18.5331,18.13695,21.28965,64.04325,20.68665,14.590050000000002,23.62395,63.9993,77.62245000000001,28.3962,33.46215,33.422850000000004,29.482350000000004,24.03225,32.387550000000005,9.69105,38.095800000000004,26.1273,21.7863,25.3125,8.60235,16.97175,30.790050000000004,16.254150000000003,14.222400000000002,26.46765,27.945149999999998,43.4241,7.7353499999999995,39.19155000000001,12.3657,23.7567,37.03125,7.025250000000001,25.81575,25.8024,13.53645,14.687550000000002,38.36895,5.82075,8.63205,38.24595,83.6337,30.037350000000004,40.59165,13.083150000000002,25.33665,23.766150000000003,31.83195,7.35405,11.78955,4.141500000000001,9.46785,5.2335,5.8618500000000004,8.73825,49.72215,0.0,11.9946,40.17510000000001,40.289550000000006,28.2309,21.710400000000003,13.075650000000001,30.58545,34.89015,18.87435,16.306350000000002,31.7472,10.28355,42.59505,10.4739,31.522350000000003,13.453949999999999,37.902300000000004,31.257,9.022950000000002,10.1001,56.043000000000006
70464520,51.1269,9.6567,1.86795,3.55065,4.28055,2.2158,15.0135,25.23075,21.03585,27.354600000000005,43.29,43.293600000000005,69.69795,31.5945,25.95795,7.903650000000001,25.544100000000004,38.7159,18.8259,25.66365,28.4484,10.84305,7.695450000000001,8.389050000000001,4.10475,52.89795000000001,41.048550000000006,25.3299,9.32205,28.020300000000002,26.335649999999998,34.85295,59.14245000000001,58.71210000000001,34.59825,19.14945,29.890800000000002,26.3652,43.488,28.1715,21.0639,5.1315,18.2316,21.8607,68.5848,38.924850000000006,36.245850000000004,21.50355,29.698050000000002,25.72695,32.59545,55.45665,34.96425,33.13335000000001,48.625350000000005,24.79215,13.666500000000001,69.92205,10.79055,32.36205,24.192,23.3892,69.22305,31.14015,4.974,15.3372,14.44575,10.1793,94.77600000000001,4.09785,26.439300000000003,15.31485,34.8156,8.97225,64.08735,23.5821,9.612,16.9746,37.69695,34.2417,46.4763,13.7397,25.690649999999998,16.39425,26.856600000000004,2.30265,31.80675,16.18995,10.628400000000001,23.50365,20.99865,20.602500000000003,25.8837,63.02805,23.56425,13.27395,26.0895,66.46485000000001,82.39605,27.080100000000005,35.927550000000004,35.8884,30.1584,22.29915,34.85295,4.2366,37.080600000000004,25.3962,24.25185,24.641100000000005,4.1716500000000005,15.655500000000002,31.46595,8.26275,3.5895,27.1437,28.621050000000004,42.4089,13.138800000000002,37.70985,11.04945,30.491100000000003,35.71515,9.304950000000002,25.08465,26.47845,12.2202,16.66245,30.547500000000003,8.63955,3.3315,36.929700000000004,88.4073,30.713250000000002,44.91105,2.19,26.0127,30.500550000000004,31.160550000000004,6.2299500000000005,10.7736,15.31365,14.283300000000002,10.174650000000002,10.803,4.505850000000001,48.4059,10.646400000000002,0.0,38.858850000000004,39.274350000000005,28.906800000000004,24.3357,2.1825,31.579500000000003,33.5739,21.30975,18.771900000000002,32.423100000000005,11.387550000000001,41.278800000000004,17.67765,33.987899999999996,9.0291,38.51265,33.722550000000005,7.651200000000001,2.1399,55.0278
70464553,88.308,26.6157,38.587500000000006,38.08845,41.69775,38.4732,23.8989,21.1581,15.302550000000002,62.214150000000004,7.99635,8.0001,106.87905,62.54670000000001,14.616300000000003,33.1452,17.97435,9.5934,51.695100000000004,18.0939,23.058300000000003,31.341450000000002,33.06945,31.5339,40.15215,87.75750000000001,78.22965,17.760150000000003,42.191100000000006,62.879850000000005,29.592000000000002,38.124,94.00215,95.89320000000001,69.4578,17.315250000000002,33.147,18.79545,78.34755,22.78125,19.0269,42.548700000000004,17.95605,19.2762,105.76590000000002,10.3545,6.3058499999999995,18.9672,24.307800000000004,14.385300000000003,67.455,58.713,38.22045,67.9929,17.81475,16.300050000000002,36.0654,107.10315000000001,30.570899999999998,67.22160000000001,27.448350000000005,60.570299999999996,106.40415000000002,65.9997,36.7782,38.656800000000004,26.061300000000003,43.0902,131.9571,36.8439,29.69565,26.293350000000004,38.086800000000004,32.08455,98.94690000000001,18.19185,31.737600000000004,24.517650000000003,14.0571,69.10125000000001,49.747350000000004,31.397550000000003,12.008700000000001,53.57535000000001,23.55735,39.0222,62.758950000000006,53.37105,43.539300000000004,13.6221,26.3307,25.93455,63.0648,97.8876,56.43345000000001,31.12995,29.3457,69.72105,119.57715000000002,10.47075,39.1839,39.14475,24.76815,20.03535,38.109300000000005,36.04065,71.94015,14.275500000000001,27.508050000000004,10.959150000000001,38.63565,25.960500000000003,22.6251,32.794050000000006,37.0953,20.25,23.23095,77.26845000000002,30.79665,72.5694,31.282500000000002,61.44315,12.07515,30.475649999999998,15.3546,19.91025,30.076350000000005,24.756300000000003,12.0792,30.83115,36.315000000000005,3.05715,125.58840000000002,25.32315,48.18225,39.432750000000006,20.62245,61.452600000000004,3.5220000000000002,39.099000000000004,45.6339,37.45335000000001,36.682050000000004,43.085550000000005,43.7139,36.243300000000005,19.499850000000002,35.7471,38.3442,0.0,74.1339,18.3447,57.427200000000006,39.425250000000005,13.60485,4.50855,19.16085,24.10395,24.847649999999998,31.68165,17.63895,54.85875,37.2441,46.4463,73.3722,37.94865,40.7679,39.60795,89.88735000000001
70465560,60.295049999999996,53.1273,39.93585,41.0424,37.088550000000005,40.213950000000004,50.7084,60.925650000000005,56.73075,16.77615,73.8897,73.89345000000002,37.71885,36.81225,61.06785000000001,43.59855,61.239000000000004,69.31575000000001,26.720850000000002,61.35855,64.1433,46.53795,45.84525,45.374100000000006,39.36195,23.752950000000002,21.67785,61.0248,34.6755,17.3355,65.04315,66.2826,23.873250000000002,27.234750000000002,10.1082,54.844350000000006,63.32865,62.060100000000006,11.763150000000001,63.8664,56.7588,36.85215,53.926500000000004,57.555600000000005,52.163700000000006,69.52470000000001,66.84570000000001,57.19845000000001,65.39295000000001,60.836850000000005,9.23985,90.123,72.12975,10.1712,84.3204,59.18025,44.292,37.942800000000005,45.28980000000001,10.26375,59.886900000000004,34.593450000000004,52.801950000000005,11.66655,42.577200000000005,44.58645,49.627500000000005,36.602850000000004,64.99185,40.106700000000004,65.1468,51.009750000000004,66.24525,49.9233,32.362350000000006,59.277,45.3069,52.669650000000004,73.39185,9.751650000000001,77.9058,48.30030000000001,61.38555,38.77275,62.551500000000004,39.56265,36.4554,38.69205,35.88675,59.19855,56.69355,56.2974,37.08795,31.303050000000002,27.567899999999998,48.96885,61.7844,103.63034999999999,45.41595,62.775000000000006,73.09320000000001,73.0539,65.8533,57.5988,72.0186,41.83965,6.39105,60.5061,59.94675,60.336000000000006,39.429,51.3504,67.16085000000001,48.78315,43.0914,62.83860000000001,64.31595000000002,12.80175,47.6994,18.565050000000003,46.744350000000004,38.213550000000005,71.41005,45.862350000000006,60.1944,62.173350000000006,47.9151,52.3575,61.147200000000005,45.784800000000004,40.6059,72.6246,54.25245000000001,66.40815,76.34070000000001,41.95215,61.707600000000006,38.223,66.85545,37.67175,30.866100000000003,40.61895,44.90880000000001,36.5982,35.8329,39.560100000000006,84.1008,41.571600000000004,40.863600000000005,74.55375000000001,0.0,64.60170000000001,22.61175,41.94465,62.17935000000001,69.2688,57.00465,54.4668,68.11815,47.08245,76.97370000000001,40.179750000000006,71.1534,35.34780000000001,9.9138,70.88804999999999,34.32435,38.9517,23.30295
70484079,73.48185000000001,17.4276,28.029600000000002,27.5304,31.2024,27.91515,16.44195,3.67605,9.22695,51.6561,20.44425,20.448,92.05290000000001,51.98865,19.15245,22.58715,5.06865,22.041300000000003,41.13705,5.1882,8.8008,20.78355,22.511400000000002,24.07695,29.594100000000005,77.19945000000001,63.4035,4.854450000000001,31.633050000000004,52.321799999999996,18.552300000000002,27.08445,83.4441,81.0669,58.899750000000004,11.239500000000001,22.10745,5.88975,67.78965,10.759950000000002,11.56995,32.05335,11.880450000000002,11.0775,90.93975,22.802400000000002,24.678,9.502500000000001,7.283250000000001,18.9216,56.89695000000001,48.42,27.5238,57.434850000000004,16.5573,20.8362,28.60845,92.277,21.9771,56.66355,16.40865,45.759750000000004,91.578,55.44165,26.22015,31.199850000000005,20.81895,32.53215,117.13095000000001,26.286,18.656100000000002,15.73365,27.047250000000002,21.526500000000002,88.38885,9.77535,21.179550000000003,17.0607,5.3656500000000005,58.543200000000006,38.707800000000006,23.9406,8.5599,38.7648,12.517800000000001,28.46415,52.200900000000004,38.560500000000005,32.98125,7.6638,16.6215,16.9764,48.254250000000006,87.32955,45.8754,20.57205,18.306150000000002,59.42805,104.75085,15.006900000000002,28.487250000000003,28.448100000000004,12.692250000000001,16.6095,27.41265,25.482750000000003,61.38210000000001,18.81165,16.468500000000002,7.51035,28.077600000000004,15.4026,5.1432,22.236,26.53725,2.7681000000000004,11.155050000000001,66.7104,23.339850000000002,62.011500000000005,20.72445,50.88510000000001,6.4626,23.0187,18.393,2.4283500000000005,19.518300000000004,17.29935,18.8352,23.374200000000002,25.75695,13.477050000000002,110.7621,13.247250000000001,37.14255,28.874850000000002,6.3039000000000005,50.894549999999995,12.183,28.540950000000002,35.07585,29.996550000000003,29.225250000000003,32.5275,33.15585,25.68525,16.0746,28.29015,27.78615,15.4062,63.57585,0.0,46.86915,28.867350000000005,19.4661,13.097550000000002,9.6963,16.647000000000002,7.36575,21.12375,8.94735,39.1332,26.6793,34.64085000000001,62.814299999999996,25.87275,30.209850000000003,29.06175,79.3293
70490239,40.59825,35.5863,22.39485,23.5014,19.5477,22.6731,33.167550000000006,43.38465,39.1899,7.32,56.348850000000006,56.352450000000005,46.82925,17.11545,43.52685,26.057550000000003,43.69815,51.774750000000004,5.907150000000001,43.8177,46.602450000000005,28.997100000000003,28.3044,24.8868,21.8211,32.863350000000004,25.86165,43.48395,17.13465,7.9857000000000005,44.22945,45.4689,39.108000000000004,36.9384,14.56365,37.3035,42.51495,44.51925,26.063100000000002,46.3254,36.33435000000001,19.311300000000003,36.3855,40.01475,58.05615,51.983700000000006,49.304700000000004,37.35210000000001,47.85195,43.29585,12.56085,69.3093,51.31605,15.70845,66.7794,41.639250000000004,23.47845,47.05335,27.74895,12.327449999999999,40.01055,13.77975,58.6944,11.105550000000001,25.0362,21.008550000000003,32.08665,19.06185,71.9697,22.56585,44.3331,33.46875,45.43155,32.38245,46.66245,41.736000000000004,27.766050000000003,31.548750000000002,55.851000000000006,14.2071,57.09225,25.054050000000004,43.8447,17.95905,39.7269,22.02165,16.7586,17.878500000000003,18.345750000000002,41.65755,36.8172,36.42105,16.274250000000002,45.60315,6.3045,31.427850000000003,44.442600000000006,82.81665,59.58975,45.234,52.279500000000006,52.24035000000001,48.3123,40.05795,51.2049,24.298800000000004,15.941550000000001,42.96510000000001,40.0704,42.795,21.888150000000003,33.80955,49.620000000000005,31.24215,25.5504,45.2976,46.7751,24.984,24.45315,17.6754,29.203500000000002,18.516750000000002,53.86905,26.502000000000002,42.65355,44.63235,30.37425,34.816500000000005,43.606350000000006,25.297500000000003,23.0649,55.08375,63.36300000000001,48.86730000000001,55.527,24.411300000000004,44.1666,18.5262,49.314600000000006,20.130750000000003,13.32525,19.80525,24.095100000000002,19.0572,18.291900000000002,22.01925,66.55995000000001,21.08445,23.3226,57.0129,21.84945,47.06085,0.0,24.403800000000004,44.63835,51.72795000000001,37.15845,34.590450000000004,50.57715,29.54145,59.43285000000001,19.36605,50.33970000000001,17.806800000000003,18.4782,50.07435,16.7835,21.4107,37.6029
70490240,52.01595000000001,8.4594,2.748,4.430700000000001,4.95075,2.8128,15.6105,24.1707,19.1316,28.02465,36.258,36.26175,70.587,32.48355,21.98895,8.5005,24.484050000000003,31.6839,19.70325,24.603600000000004,29.0454,11.440050000000001,6.6732000000000005,8.98605,4.9848,53.568000000000005,41.9376,24.26985,10.199250000000001,28.690350000000002,26.93265,35.4498,59.81265,59.601150000000004,35.2683,17.2452,30.48765,25.305300000000003,44.15805,28.768350000000005,21.6609,5.80155,17.4939,19.95645,69.47385000000001,31.892850000000003,29.214000000000002,22.1004,30.2949,21.75795,33.2655,56.05365,35.5611,33.803399999999996,46.9554,21.548550000000002,14.2635,70.81110000000001,8.778450000000001,33.03210000000001,24.789,24.27825,70.11210000000001,31.810200000000002,3.6253500000000005,16.214550000000003,12.433650000000002,11.0565,95.66505000000001,4.694850000000001,27.036300000000004,15.9117,35.412600000000005,7.7749500000000005,64.7574,24.17895,10.209000000000001,17.5716,36.027,34.911750000000005,47.07315,14.336550000000003,26.28765,17.2833,27.45345,3.1827000000000005,32.695800000000006,17.079,11.50575,24.1005,21.5955,21.1995,26.7729,63.698100000000004,24.4416,9.3393,26.686350000000004,67.0617,83.2851,25.41,36.524550000000005,36.4854,30.75525,18.330150000000003,35.44995,5.227950000000001,37.75065,21.4272,24.8487,25.23795,5.0517,16.2525,32.06295,7.065450000000001,2.3922,26.08365,29.21805,43.07895,13.735800000000001,44.85405,8.6727,31.38015,34.04505,9.901950000000001,21.115650000000002,25.4184,12.8172,17.25945,23.515500000000003,9.23655,3.9285,35.259750000000004,89.29635,31.310250000000003,45.508050000000004,0.007500000000000001,26.609550000000002,31.389600000000005,31.757550000000002,7.107150000000001,11.443650000000002,16.19085,14.880300000000002,11.052000000000001,11.680200000000001,5.1027000000000005,46.73595,13.1997,1.4226,37.1889,39.9444,27.84675,25.435350000000003,0.0,24.547500000000003,31.903950000000002,21.906750000000002,19.368750000000002,33.020100000000006,11.9844,39.608850000000004,18.5667,34.5849,9.699300000000001,39.182700000000004,34.3194,8.77605,2.80995,55.69785
70494781,78.7257,17.5962,31.51365,29.06895,32.11545,31.79175,20.111400000000003,20.97885,15.93975,48.31185000000001,14.54445,14.5482,97.29675,59.1933,7.105650000000001,24.125700000000002,21.2922,9.970500000000001,46.422450000000005,21.411900000000003,26.37615,22.32195,24.04995,29.29905,34.97475,73.85520000000001,68.64735,21.078000000000003,36.91845,48.97755,31.433550000000004,39.9507,80.09970000000001,86.31075,55.5555,14.05335,34.988550000000004,22.11345,64.44525,26.09925,19.92435,32.96625,14.302050000000001,11.825400000000002,96.18360000000001,10.179450000000001,7.500450000000001,22.285050000000002,27.6258,6.874650000000001,53.55270000000001,60.55455,40.062000000000005,54.0906,34.674600000000005,4.7586,34.22265,97.52085000000001,18.1815,53.3193,29.2899,50.988,96.82185000000001,52.0974,27.7587,42.93375,14.772150000000002,37.775850000000005,122.37465000000002,27.8244,31.537200000000002,17.27385,39.9135,22.99545,85.0446,21.50985,22.7181,21.82695,23.7462,55.19895000000001,51.57405,29.554800000000004,15.17895,43.993050000000004,26.875350000000005,31.9482,59.40555,43.78875,38.661300000000004,16.79235,26.0964,25.7004,53.4825,83.9853,51.1608,22.11045,31.187250000000002,71.5626,109.99470000000001,6.370650000000001,41.02545,40.9863,28.08615,10.08825,39.95085,27.02115,58.037850000000006,6.76485,29.349600000000002,14.129400000000002,29.61615,16.941000000000003,29.3937,22.28595,24.5784,21.685950000000002,26.548800000000004,63.366150000000005,28.954050000000002,71.5638,22.263,58.08975,21.76425,26.34375,7.84395,22.226550000000003,21.0567,21.76035,1.80195,27.18825,27.2955,19.4508,116.00595000000001,28.641000000000002,50.008950000000006,30.119850000000003,23.940450000000002,58.09920000000001,14.035050000000002,33.826350000000005,38.6085,35.61075,34.83945,37.7712,38.8725,27.223800000000004,34.45515,33.3645,32.4414,19.27695,60.23160000000001,20.80395,52.15455,30.127350000000003,0.0,15.05775,22.47885,23.869650000000004,30.350850000000005,22.66215,27.3279,45.276300000000006,39.085800000000006,36.864000000000004,59.4699,38.8203,35.49525,30.02565,75.98505
70494784,81.07185000000001,19.379550000000002,31.351350000000004,30.852300000000003,34.461600000000004,31.237050000000004,21.894750000000002,15.646500000000001,13.2882,54.978,11.863050000000001,11.8668,99.64290000000001,55.31055,13.27785,25.909050000000004,15.959850000000001,13.4601,44.45895,16.0794,21.0438,24.105300000000003,25.8333,31.0824,32.916000000000004,80.52135000000001,70.9935,15.745650000000001,34.954950000000004,55.64370000000001,27.5775,36.10965,86.766,88.65705,62.221650000000004,15.8367,31.1325,16.78095,71.1114,20.766900000000003,17.012400000000003,35.31255,16.0854,12.04005,98.52975,14.2212,15.4464,16.9527,22.293300000000002,13.046850000000001,60.21885,56.6985,36.20595,60.756750000000004,26.28075,16.67445,36.006,99.867,23.33475,59.98545000000001,25.433850000000003,53.33415,99.168,58.76355,29.542050000000003,41.01195,18.82515,35.85405,124.72095000000002,29.607750000000003,27.68115,19.0572,36.072300000000006,24.848399999999998,91.71075,16.177500000000002,24.501450000000002,23.610300000000002,15.35235,61.865100000000005,47.732850000000006,31.338300000000004,9.994200000000001,46.3392,21.54285,31.786050000000003,55.5228,46.1349,36.30315,11.6076,24.316200000000002,23.9202,55.82865,90.65145000000001,49.1973,23.893800000000002,27.3312,67.70655,112.34100000000001,8.45625,37.1694,37.130250000000004,22.75365,12.799199999999999,36.094800000000006,28.8045,64.70400000000001,12.936900000000001,25.493550000000003,8.944650000000001,31.399500000000003,18.72435,24.06135,25.5579,29.85915,16.5012,21.216450000000002,70.0323,30.7374,65.33325,24.04635,54.207,13.370550000000001,28.127100000000002,13.39845,16.8942,22.8402,23.5437,12.284400000000002,28.971600000000002,29.078850000000003,6.92385,118.35225000000001,23.308650000000004,46.167750000000005,32.196600000000004,18.6081,54.21645000000001,2.2932,31.862850000000005,38.39775,37.3941,36.622800000000005,35.8494,36.47775,29.00715,26.061300000000003,35.147850000000005,31.108050000000002,4.74015,66.89775,19.6401,50.19105,32.1891,12.91545,0.0,17.1465,22.08945,25.018500000000003,24.445500000000003,18.9342,47.622600000000006,35.22975,39.21015,66.13605,35.93415,33.53175,32.3718,82.6512
70494785,61.9518,12.768300000000002,20.0292,19.53,23.202,19.91475,6.6225000000000005,7.945200000000001,8.445900000000002,42.3273,29.1072,29.11095,80.52285,40.458600000000004,18.48525,15.173550000000002,6.856650000000001,28.45695,33.13665,7.3309500000000005,6.706650000000001,11.06805,14.511000000000001,14.1852,21.593700000000002,67.87065,51.873450000000005,7.2606,23.63265,42.993,13.24035,21.7725,74.1153,69.537,49.57095000000001,10.458450000000001,16.7955,6.50955,59.78925,6.42975,4.5636,24.05295,11.099400000000001,10.29645,79.40970000000002,28.6659,25.987050000000004,0.1938,7.956300000000001,18.254250000000003,47.56815,42.36135,21.86895,49.434450000000005,26.371950000000002,21.199650000000002,18.7167,80.74695000000001,21.196050000000003,47.33475,11.0967,34.39365,80.04795000000001,46.11285,18.21975,21.3081,20.0379,22.123350000000002,105.60090000000001,18.2856,13.34415,10.65075,21.735300000000002,13.5261,80.38845,4.7826,13.179150000000002,7.168950000000001,15.180300000000003,49.2144,33.39585,14.04885,10.7028,27.831300000000002,7.20585,20.46375,40.67085,27.473100000000002,22.57245,6.8826,6.459150000000001,6.06315,36.88815,79.32915,37.875,12.571650000000002,12.9942,53.36955,93.22095000000002,18.996750000000002,22.832400000000003,22.7931,8.41665,15.82845,21.757800000000003,17.48235,53.38170000000001,17.9235,11.156550000000001,9.65325,20.0772,10.9914,9.724200000000002,14.2356,18.53685,9.858150000000002,6.87945,58.71,13.44795,54.7899,12.7242,39.355050000000006,20.92545,13.126949999999999,17.61195,9.192900000000002,11.517900000000001,7.479900000000001,22.824900000000003,13.48245,17.7567,22.14,99.2322,8.9715,31.830600000000004,20.87445,4.270950000000001,39.36465,16.17285,20.540550000000003,27.07545,20.104650000000003,19.33335,22.1187,22.74705,17.68485,25.88925,18.398400000000002,19.78575,24.06915,55.57545000000001,10.695,37.293600000000005,20.86695,22.38165,18.7842,0.0,5.451600000000001,10.6815,10.348650000000001,18.762,27.861,20.8926,26.64045,53.4855,21.597150000000003,22.20945,21.06135,71.3289
70494786,58.5459,11.532,16.8075,16.308300000000003,19.980300000000003,16.693050000000003,5.3862000000000005,13.693800000000001,13.023000000000001,38.9214,33.9054,33.90915,77.11695,37.05285000000001,19.473750000000003,11.767800000000001,15.43845,31.1802,28.125600000000002,14.1267,15.2886,9.79785,13.2747,10.779300000000001,18.37575,64.46475000000001,48.46755,13.79295,20.41485,39.587250000000004,9.00585,17.52315,70.7094,66.1311,46.16505,13.250250000000001,12.561,15.091500000000002,56.5713,15.0117,7.18935,20.83125,12.332400000000002,13.540650000000001,76.0038,31.38915,28.710300000000004,4.9332,16.53825,19.24275,44.1624,38.126850000000005,17.63445,46.21665,38.63385,22.188000000000002,15.310800000000002,77.34105,20.374800000000004,43.929,6.8622000000000005,30.987750000000002,76.64205,42.707100000000004,14.998050000000003,17.9022,21.026550000000004,18.71745,102.19500000000001,15.067650000000002,9.10965,9.4143,17.4858,12.289800000000001,77.17065000000001,12.045150000000001,11.9427,5.9325,27.70545,45.80865,29.146500000000003,10.64295,15.501000000000001,24.425400000000003,9.5268,17.242050000000003,37.265100000000004,24.0672,19.16655,11.966700000000001,3.6688500000000004,3.2727000000000004,33.48225,76.11120000000001,32.86395,11.3352,8.7597,49.13505000000001,89.81505,21.1809,18.597900000000003,18.558600000000002,16.99845,16.81695,17.523300000000003,14.260650000000002,50.1639,18.912000000000003,6.9220500000000005,14.45145,16.85925,9.7551,18.306150000000002,12.999150000000002,18.79185,15.606750000000002,15.461250000000001,55.492200000000004,10.042200000000001,51.384,11.48775,35.9493,25.72365,9.721200000000001,18.6003,14.941500000000001,10.281450000000001,6.2436,28.461600000000004,10.076550000000001,14.53875,26.938200000000002,95.8263,17.55345,27.58125,17.65275,12.852900000000002,35.95875,20.97105,17.3226,23.857650000000003,16.698900000000002,15.9276,18.7128,19.341150000000003,14.4669,38.4144,14.992500000000001,16.56405,28.867350000000005,52.3575,17.36985,33.8877,17.64525,23.37,23.582400000000003,4.7394,0.0,19.2633,9.07845,31.287300000000002,24.4551,16.6581,24.728850000000005,50.079600000000006,16.39275,18.991500000000002,17.839650000000002,68.11110000000001
70494788,77.6013,21.5472,32.14905,31.649850000000004,35.321850000000005,32.034600000000005,20.5914,8.68725,15.3972,55.775549999999996,26.77305,26.7768,96.17235000000001,56.10810000000001,25.436700000000002,26.706600000000005,8.20725,28.36995,45.2565,8.7783,5.1519,24.903000000000002,26.630850000000002,28.226550000000003,33.713550000000005,81.3189,67.52295000000001,9.177900000000001,35.752500000000005,56.4414,20.218500000000002,28.75065,87.56355,85.18650000000001,63.019200000000005,17.409750000000003,23.773500000000002,8.6121,71.90910000000001,7.1110500000000005,15.719550000000002,36.1728,18.0507,17.24775,95.0592,29.1312,32.93835000000001,11.461200000000002,3.97725,25.2057,61.016400000000004,44.77095,23.8749,61.55445000000001,22.8861,28.15095,32.7579,96.39645000000002,28.147350000000003,60.78315,18.07485,49.879200000000004,95.69745,59.56125,30.339600000000004,35.34945,26.9892,36.6516,121.25040000000001,30.405450000000002,20.32215,19.8531,28.713300000000004,25.64595,92.5083,11.733900000000002,25.299000000000003,21.210300000000004,11.694450000000002,62.66265,40.373850000000004,28.0902,17.6541,45.442350000000005,14.18385,32.583600000000004,56.320350000000005,45.084,37.1007,13.833900000000002,18.2877,18.64245,52.37370000000001,91.44900000000001,49.99485000000001,24.6915,19.9722,55.77915,108.87045,25.948050000000002,24.838350000000002,24.79905,9.04335,22.77975,23.76375,29.6022,65.50155,24.874950000000002,18.13455,16.604550000000003,32.197050000000004,19.522050000000004,2.04795,26.35545,30.6567,8.3076,7.506150000000001,70.82985000000001,27.489300000000004,66.13095000000001,24.844050000000003,55.00455,12.791400000000001,27.168300000000002,24.56325,7.96785,23.63775,21.44895,29.776350000000004,27.5238,29.87655,19.80585,114.88155,9.5982,38.80875,32.9943,8.5248,55.014,23.12415,32.6604,39.19545,34.146,33.374700000000004,36.646950000000004,37.2753,29.8047,22.4034,32.439750000000004,31.905600000000003,21.735000000000003,67.6953,7.209150000000001,50.988600000000005,32.9868,29.33295,19.42635,11.65485,17.1066,0.0,25.2432,15.276150000000001,45.4719,23.030250000000002,38.7603,66.93375,22.223850000000002,34.3293,33.181200000000004,83.44890000000001
70494791,54.5544,7.1433,10.00335,9.504150000000001,13.176150000000002,9.888900000000001,4.23105,16.513050000000003,12.318150000000001,33.6336,32.9358,32.9394,73.12545000000001,33.0612,16.655250000000002,4.963500000000001,16.826400000000003,28.3617,23.11455,16.94595,19.7307,0.6879000000000001,6.1302,7.862550000000001,11.5716,59.176950000000005,44.47605,16.6122,13.6107,34.29945,14.967300000000002,23.4846,65.42160000000001,62.13945000000001,40.8774,10.431750000000001,18.52245,17.6475,49.76715,19.4538,9.147450000000001,14.0271,9.513900000000001,13.143,72.0123,28.57065,25.89165,10.1652,20.9802,16.42425,38.8746,44.088300000000004,23.5959,39.4125,39.90765,19.369500000000002,12.393900000000002,73.34955,13.2795,38.6412,12.82365,27.737250000000003,72.65055,37.4193,8.193900000000001,14.98545,15.7725,13.4391,98.2035,8.2635,15.0711,6.597150000000001,23.44725,5.19435,70.3665,14.864400000000002,2.49555,3.39285,28.97925,40.52085,35.10795,7.7262,16.97295,20.742300000000004,12.540000000000001,10.4379,33.273450000000004,20.538,13.88835,14.785800000000002,9.6303,9.234150000000001,30.23175,69.30705,27.852899999999998,4.23975,14.721150000000002,55.096500000000006,85.8234,18.3624,24.559350000000002,24.52005,21.44055,13.998300000000002,23.484750000000002,7.4565,43.359750000000005,16.093500000000002,12.883500000000002,15.9234,10.0551,6.9378,22.748250000000002,5.90385,11.9877,18.426000000000002,19.90335,48.688050000000004,7.1253,43.989000000000004,4.34325,31.95765,26.99745,3.8068500000000003,15.781800000000002,17.76075,3.18615,4.815600000000001,25.643100000000004,4.59075,7.7345999999999995,28.212000000000003,91.83465,21.99555,33.5427,10.8486,17.295,31.967100000000006,22.44285,10.518450000000001,17.0535,13.782,13.0107,13.4346,14.062800000000001,7.662750000000001,39.6882,9.7143,9.759900000000002,30.14115,45.55335,20.1891,28.84665,10.840950000000001,20.5515,24.8562,9.97155,7.40355,23.7054,0.0,32.5611,21.5382,22.619550000000004,17.9247,44.7918,22.3542,12.18735,11.0355,61.30695000000001
70521396,90.74685000000001,29.054550000000003,41.026500000000006,40.527300000000004,44.1366,40.91205,24.56265,11.7969,17.34765,64.653,19.7406,19.7442,109.31790000000001,64.98555,22.95285,35.584050000000005,13.189350000000001,21.337500000000002,54.133950000000006,13.308900000000001,16.9215,33.780300000000004,35.508300000000006,32.19765,42.591,90.19635000000001,80.66850000000001,12.975150000000001,44.62995,65.3187,26.67315,35.20515,96.441,98.33205,71.89665000000001,19.3602,30.22815,14.01045,80.7864,18.880650000000003,19.69065,44.987550000000006,20.001150000000003,21.71505,108.20475,22.098750000000003,23.9742,17.6232,15.40395,22.72185,69.89385,56.54070000000001,35.6445,70.43175000000001,7.944450000000001,26.34945,36.72915,109.542,33.0099,69.66045000000001,24.529500000000002,63.00915,108.843,68.43855,39.21705,39.320550000000004,28.500149999999998,45.529050000000005,134.39595,39.28275,26.7768,28.732350000000004,35.16795,34.5234,101.38575,17.896050000000002,34.17645,25.1814,3.8352000000000004,71.54010000000001,46.828500000000005,32.0613,21.73545,56.01420000000001,20.6385,41.46105,65.1978,55.8099,45.97815,15.784500000000001,24.742350000000002,25.097100000000005,65.50365000000001,100.32645000000001,58.872299999999996,33.5688,26.426850000000005,67.54875,122.016,20.1975,36.60795,36.5688,20.81295,22.4742,35.533350000000006,38.4795,74.379,22.612050000000004,24.5892,20.685750000000002,41.0745,28.399350000000005,13.263900000000001,35.2329,39.53415,10.8888,19.275750000000002,79.7073,31.46055,75.00840000000001,33.72135,63.882000000000005,5.7589500000000005,31.139550000000003,23.07345,10.549050000000001,32.5152,25.420050000000003,24.025650000000002,31.4949,38.75385000000001,12.7734,128.02725,21.36795,45.2634,41.871750000000006,14.4246,63.891450000000006,14.439900000000002,41.537850000000006,48.07275,38.117250000000006,37.34595,45.5244,46.152750000000005,38.68215,7.46175,36.41085,40.78305,14.702550000000002,76.57275,8.983500000000001,59.86605,41.86410000000001,24.6567,12.393900000000002,17.817,24.7677,15.48645,34.12065,0.0,57.2976,34.800000000000004,48.88515,75.81120000000001,33.99345,43.20675,42.046800000000005,92.32620000000001
70521405,37.018800000000006,27.035700000000002,13.97085,17.184150000000002,16.83435,14.0646,24.6168,33.410250000000005,30.63915,24.90195,57.36075,57.36435000000001,55.589850000000006,15.52575,34.97625,17.50695,33.723600000000005,52.78665,14.106150000000001,33.84315,39.349050000000005,20.44635,19.753800000000002,15.662400000000002,13.265699999999999,48.8439,26.940450000000002,33.5094,14.356650000000002,25.56765,27.190649999999998,28.430100000000003,57.27720000000001,44.604,32.1456,28.752750000000002,25.47615,39.15195,43.95675,39.07215,26.905800000000003,17.6853,27.8349,31.46415,54.47670000000001,52.9956,50.31660000000001,27.923550000000002,40.5987,34.74525,30.1428,52.270500000000006,34.27725,33.60210000000001,58.2288,38.8629,10.4685,55.813950000000006,24.861300000000004,29.909399999999998,29.72445,9.460650000000001,55.11495000000001,28.6875,16.928250000000002,7.483650000000001,28.5165,9.92535,80.6679,14.0151,27.294300000000003,24.91815,28.392750000000003,23.8317,63.7164,31.761600000000005,19.215300000000003,22.1202,47.300250000000005,31.789050000000003,40.0533,15.625350000000001,35.29395,2.3308500000000003,33.587250000000004,13.46625,15.73785,1.97265,10.374450000000001,31.68315,27.3885,26.992500000000003,11.955150000000001,63.4968,15.200550000000002,22.87725,27.403800000000004,65.77785,68.28795000000001,36.6834,35.240700000000004,35.2014,41.059050000000006,36.3699,34.16610000000001,16.1907,33.5235,34.414500000000004,29.78415,34.2444,13.3326,25.2588,42.366600000000005,24.5412,19.233150000000002,35.3232,39.52185000000001,42.87765,15.02445,29.8569,20.65275,14.4222,45.31845,17.2776,34.1028,34.65795,21.823500000000003,23.54295,44.61825,16.0731,14.514300000000002,46.533,74.29920000000001,41.6139,38.4882,16.6206,36.91335,14.431650000000001,40.763850000000005,12.08445,16.476750000000003,7.4601,11.7147,9.9207,10.549050000000001,13.4685,58.00920000000001,11.859900000000001,17.00535,48.46215,39.743100000000005,37.0863,19.86825,16.6131,45.65025,43.1772,27.729750000000003,25.16175,43.3239,20.990850000000002,50.88210000000001,0.0,33.3009,18.1842,36.06015,33.03555,13.753350000000001,14.830350000000001,55.49655
70525152,67.94820000000001,25.529700000000002,32.790600000000005,32.2914,35.9634,32.67615,19.3839,23.300400000000003,28.31325,55.83135000000001,45.5082,45.51195,86.5194,46.45515,33.47145,27.93495,22.820400000000003,45.178050000000006,45.03555,23.39145,18.06795,23.82945,27.2724,26.946600000000004,34.35510000000001,79.7733,57.86985000000001,23.791050000000002,36.39405,56.49720000000001,7.50525,15.961500000000001,88.20660000000001,75.5334,63.075,27.248100000000004,9.63645,23.225250000000003,72.5505,20.0271,21.187050000000003,36.8142,26.330100000000005,30.163800000000002,85.40610000000001,45.387,42.708000000000006,18.67575,18.590400000000002,33.24045,61.07235000000001,21.806250000000002,1.3137,62.19585000000001,41.62125,36.18585,26.5665,86.74335,34.37265,60.83895000000001,10.03905,40.39005,86.04435000000001,59.61705,30.98115,29.955750000000002,35.02425,34.884750000000004,111.5973,31.046850000000003,7.608900000000001,23.41215,15.924150000000001,26.2875,94.6458,24.650100000000002,25.94055,19.93035,30.429600000000004,62.71860000000001,27.584850000000003,26.322300000000002,30.570300000000003,33.26025,15.62625,33.22515,46.6674,32.90205,35.333850000000005,26.750100000000003,13.774500000000002,14.12925,42.884550000000004,92.09055000000001,46.12995,25.3329,7.718400000000001,32.81445,99.21735,35.1786,2.27715,2.238,15.96795,30.81465,1.2025500000000002,30.243600000000004,64.4529,32.9097,10.09875,29.520750000000003,32.83860000000001,23.752800000000004,20.35845,26.997,31.298250000000003,25.213350000000002,17.513550000000002,71.4714,26.209350000000004,60.78645000000001,25.48545,45.351600000000005,31.5267,25.888350000000003,32.59815,24.5481,24.279300000000003,20.241300000000003,42.459300000000006,26.243850000000002,30.51795,38.54115,105.2286,15.03585,26.019600000000004,33.635850000000005,21.441000000000003,45.361050000000006,36.0402,33.30195,39.836850000000005,31.508550000000003,24.4539,34.880100000000006,35.50845,30.446250000000003,41.13855,31.159800000000004,32.54715,40.4703,68.33685000000001,25.944300000000002,50.79765,33.6282,37.3677,38.6517,18.48195,18.213,21.3156,23.11005,34.01145,33.28995,0.0,39.40185,66.98955,1.7373,34.970850000000006,33.8226,84.0903
70535012,53.10660000000001,23.25525,10.39305,11.499600000000001,7.545750000000001,10.67115,20.83635,31.053600000000003,26.8587,21.08475,44.53365,44.5374,60.594,32.26635,31.714800000000004,13.726500000000001,31.36695,39.9597,13.14915,31.486500000000003,34.27125,16.6659,15.75585,14.336400000000001,9.4899,46.6281,34.7907,31.15275,6.73335,21.750600000000002,32.158500000000004,44.591100000000004,52.87275,50.70315,28.3284,24.972300000000004,35.71365,32.1882,37.218300000000006,33.994350000000004,26.886750000000003,7.309500000000001,24.05445,27.6837,70.56450000000001,40.16865,37.48965,27.3264,35.5209,31.483800000000002,26.325750000000003,61.279500000000006,40.7871,26.86365,54.448350000000005,30.549000000000003,22.356,60.81810000000001,15.747150000000001,26.092350000000003,30.014850000000003,21.02175,71.20275000000001,24.87045,13.034400000000002,18.0315,20.24745,10.0479,85.73445000000001,10.23465,32.2623,21.1377,44.5539,20.05125,57.81765,29.40495,15.43485,22.7976,43.519800000000004,27.972,56.21445000000001,19.56255,31.5135,18.11985,32.67945,9.6906,31.90965,17.915550000000003,9.3318,29.326500000000003,26.8215,26.425350000000005,23.516250000000003,56.75820000000001,17.8875,19.0968,31.912350000000004,72.28770000000002,73.3545,32.902950000000004,41.750550000000004,41.71125,35.98125,28.056,40.67595,12.297,30.810750000000002,31.153050000000004,30.0747,30.46395,9.55695,21.47835,37.2888,19.24035,13.5486,32.966550000000005,34.444050000000004,36.139050000000005,18.961650000000002,31.44015,16.872300000000003,30.51,41.538000000000004,15.990300000000001,30.841500000000003,32.301300000000005,18.04305,22.48545,31.79115,14.481900000000001,10.73385,42.752700000000004,90.387,36.536100000000005,54.64920000000001,12.409500000000001,31.83555,30.51945,36.9834,7.7997000000000005,4.008450000000001,18.00795,22.97265,10.04325,9.27795,9.68805,54.228750000000005,15.016650000000002,11.3208,44.6817,33.0045,34.72965,18.06585,12.40185,32.8233,39.3969,27.132600000000004,24.59475,38.246100000000006,17.2104,47.10165,18.48825,39.81075,0.0,32.24295,39.5454,5.524500000000001,9.408900000000001,48.758100000000006
70544149,39.09165,51.18105,37.9896,39.09615,35.142300000000006,38.2677,48.76215,58.9794,54.7845,13.956900000000001,71.94345000000001,71.94720000000001,29.68815,27.1074,59.12160000000001,41.652300000000004,59.292750000000005,67.36935000000001,23.03535,59.4123,62.19705,44.5917,43.899,42.015,37.4157,15.72225,12.3315,59.07855,32.72925,14.668650000000001,61.3578,62.597100000000005,21.966900000000003,19.2042,6.039750000000001,52.89810000000001,59.64315,60.113850000000006,18.5847,61.92015,53.462700000000005,34.9059,51.980250000000005,55.609350000000006,44.13315,67.5783,64.89945,54.480450000000005,63.44670000000001,58.890600000000006,6.573,86.4375,68.44425000000001,18.093600000000002,82.37400000000001,57.234,40.60665,29.91225,43.34355,7.596900000000001,57.1389,30.90795,44.7714,8.9997,40.63095,38.1369,47.681250000000006,34.656600000000005,54.82860000000001,38.160450000000004,61.461450000000006,49.063500000000005,62.5599,47.977050000000006,28.40625,57.33075,43.36065,48.6771,71.44560000000001,5.1864,74.22045000000001,42.18225,59.439299999999996,35.0874,56.85510000000001,37.6164,27.31965,35.0067,33.94035,57.25215,53.9454,53.5494,33.40260000000001,29.516850000000005,23.8824,47.022600000000004,61.5708,99.94485,42.44865,60.82875000000001,69.4077,69.36855,63.9069,55.65255,68.3331,39.8934,6.791250000000001,58.559850000000004,57.198600000000006,58.38975000000001,37.48275,49.40415,65.2146,46.8369,41.145,60.89235000000001,62.36970000000001,19.623300000000004,41.58135000000001,9.21885,44.798100000000005,27.502950000000002,69.4638,43.63035000000001,58.24815,60.22710000000001,45.96885,50.411100000000005,59.200950000000006,42.4257,38.65965,70.67835000000001,46.2219,64.4619,72.65520000000001,40.0059,59.76135000000001,27.5124,64.90920000000001,35.725500000000004,28.919850000000004,36.93345,41.22345,34.65195,33.886500000000005,37.613850000000006,82.15455,38.21265,38.917350000000006,72.6075,10.772250000000001,62.65545000000001,18.9264,39.9984,60.23295000000001,67.32254999999999,54.28665,51.718650000000004,66.17175,45.1362,75.02745,36.49425,67.46805,33.4014,0.0,67.20255,32.3781,37.005300000000005,18.095100000000002
70548634,68.18685,25.768350000000005,33.029250000000005,32.53005,36.20205,32.9148,19.622550000000004,21.908250000000002,26.921100000000003,56.07015,44.11605,44.119800000000005,86.75805,46.6938,33.710100000000004,28.173600000000004,21.4281,45.4167,45.274350000000005,21.9993,16.675800000000002,24.0681,27.51105,27.18525,34.59375,80.01195000000001,58.108650000000004,22.3989,36.6327,56.735850000000006,7.743900000000001,16.20015,88.44525,75.77205,63.3138,28.93365,9.8751,21.83295,72.7893,18.63495,21.4257,37.053000000000004,26.5689,28.77165,85.6449,45.62565,42.94665,22.98495,17.19825,33.4791,61.311,21.942600000000002,1.605,62.434650000000005,40.2291,36.4245,26.805149999999998,86.98215,34.6113,61.077600000000004,10.277700000000001,40.6287,86.28315,59.855700000000006,31.219800000000003,30.194550000000003,35.2629,35.1234,111.83595000000001,31.28565,7.847700000000001,23.650800000000004,16.1628,26.526149999999998,94.8846,23.257800000000003,26.1792,20.169,29.03745,62.95725,27.823500000000003,26.561100000000003,29.178,33.499050000000004,15.864900000000002,33.463800000000006,46.90605,33.1407,35.572500000000005,25.3578,14.013150000000001,14.368050000000002,43.123200000000004,92.32920000000001,46.36860000000001,25.5717,7.957050000000001,32.9508,99.456,35.41725,2.5683000000000002,2.52915,14.575800000000003,31.053300000000004,1.4937,30.4824,64.69170000000001,33.14835,10.33755,28.12845,33.07725,23.991600000000002,18.966150000000003,27.23565,31.5369,23.8212,16.12125,71.71020000000001,26.44815,61.02510000000001,25.72425,45.590250000000005,30.1344,26.127000000000002,32.836800000000004,23.15595,24.51795,20.47995,42.698100000000004,26.4825,30.75675,37.14885,105.46725,13.643699999999999,26.25825,33.874500000000005,20.0487,45.5997,34.648050000000005,33.540600000000005,40.07565,31.7472,24.692550000000004,35.11875,35.7471,30.6849,39.7464,31.39845,32.7858,39.078,68.5755,24.55215,51.0363,33.867000000000004,37.606500000000004,37.2594,18.7206,18.451800000000002,19.92345,23.3487,32.61915,33.528600000000004,1.5100500000000001,39.6405,67.22820000000002,0.0,35.2095,34.0614,84.32910000000001
70574708,50.16975,18.0894,6.337650000000001,7.4442,4.34445,6.615900000000001,19.38585,29.60295,25.4082,20.946150000000003,46.36695,46.37055,60.455400000000004,28.676550000000002,29.0349,12.27585,29.91645,41.79285,12.9711,30.036,32.820750000000004,15.2154,11.700450000000002,11.66925,6.82275,46.4895,34.65195,29.702250000000003,4.0662,21.61185,30.708000000000002,41.92395,52.73415,50.56455,28.1898,23.521800000000002,34.263000000000005,30.737550000000002,37.079550000000005,32.5437,25.43625,3.4119,22.603800000000003,26.233050000000002,67.62765,42.0018,39.3228,25.87575,34.07025,28.8039,26.187,59.829,39.33645,26.724899999999998,52.99770000000001,27.869100000000003,19.6887,60.679500000000004,12.54585,25.953600000000005,28.564350000000005,20.8437,68.2659,24.7317,8.979000000000001,15.36435,17.046,7.380750000000001,85.59585000000001,7.567500000000001,30.81165,19.687050000000003,41.8866,13.973400000000002,57.6789,27.954300000000003,13.984350000000001,21.34695,42.069300000000005,27.833250000000003,53.5473,18.111900000000002,30.063000000000002,15.4527,31.228800000000003,6.772349999999999,28.888800000000003,15.248400000000002,6.664650000000001,27.875850000000003,25.370850000000004,24.974850000000004,23.3382,56.619600000000005,17.70945,17.646150000000002,30.4617,70.83705,73.2159,31.452300000000005,40.2999,40.26075,34.53060000000001,25.376100000000005,39.225300000000004,8.2416,30.67215,28.47315,28.624050000000004,29.0133,6.8898,20.02785,35.838300000000004,16.039050000000003,9.493200000000002,31.5159,32.9934,36.00045,17.51115,31.301550000000002,15.421800000000003,27.57315,40.08735000000001,13.677300000000002,28.161600000000004,30.850649999999998,16.592550000000003,21.0348,33.62445,13.0119,8.37285,41.30205,87.45015000000001,35.08560000000001,51.98205,8.3541,30.3849,27.582600000000003,35.5329,5.13255,4.74,15.340650000000002,20.305500000000002,7.3761,6.6108,7.020900000000001,52.77825,12.3495,7.2654000000000005,43.2312,32.865899999999996,33.27915,17.92725,8.3466,34.65645,37.94625,25.682100000000002,23.1441,36.79545,15.75975,45.65115,15.8211,38.36025,4.4682,32.1042,38.094750000000005,0.0,5.3535,48.619350000000004
70584255,50.5581,9.651,1.5091500000000002,3.1917000000000004,3.7117500000000003,1.78725,15.13335,25.35045,21.1557,26.785800000000002,42.7212,42.72495,69.1293,31.025850000000005,25.38915,8.02335,25.66395,38.1471,18.2571,25.7835,28.568250000000003,10.962900000000001,7.4479500000000005,10.4037,3.7459500000000006,52.32915,40.47975,25.44975,8.753250000000001,27.451500000000003,26.4555,34.97280000000001,58.57365,58.143299999999996,34.029450000000004,19.2693,30.0105,26.48505,42.919200000000004,28.2912,21.18375,4.5627,18.351300000000002,21.98055,68.016,38.35605,35.6772,21.623250000000002,29.81775,25.15815,32.02665,55.5765,35.08395,32.564550000000004,50.3556,24.22335,15.993,69.35325,10.22175,31.79325,24.31185,22.820400000000003,68.65425,30.571350000000002,4.726500000000001,14.768400000000002,13.876949999999999,9.6105,94.20720000000001,4.3695,26.55915,15.434550000000002,34.93545,8.96655,63.51855,23.701800000000002,9.73185,17.09445,39.4272,33.6729,46.596000000000004,13.8594,25.8105,15.82545,26.97645,1.9437,31.23795,15.621300000000002,10.0596,23.623350000000002,21.11835,20.722350000000002,25.315050000000003,62.459250000000004,22.99545,13.393650000000001,26.2092,66.58470000000001,81.82725,28.810350000000003,36.0474,36.008250000000004,30.278100000000006,21.73035,34.97280000000001,3.9891000000000005,36.5118,24.8274,24.371550000000003,24.760800000000003,3.8128500000000005,15.77535,31.585800000000003,8.25705,3.5838,27.2634,28.7409,41.84010000000001,13.258650000000001,37.14105,11.1693,29.922300000000003,37.4454,9.4248,24.51585,26.59815,12.340050000000002,16.782300000000003,29.9787,8.759400000000001,3.60315,38.65995,87.83850000000001,30.833100000000005,45.0309,2.1843000000000004,26.1324,29.93175,31.2804,5.66115,10.2048,14.74485,16.609650000000002,9.60585,10.234200000000001,4.77735,50.13615,11.7537,1.2922500000000001,40.5891,38.70555,29.02665,23.766900000000003,2.1768,31.0107,35.30415,21.4296,18.8916,32.54295,11.50725,43.00905,17.10885,34.10775,8.4603,37.943850000000005,33.84225,7.08255,0.0,54.459
70587572,58.1865,67.6482,54.45675,55.5633,51.60945000000001,54.73485000000001,65.22945000000001,75.44655,71.2518,31.297050000000002,88.4106,88.41435000000001,45.2877,51.33315,75.58875,58.11945000000001,75.76005,83.83665,41.24175,75.87960000000001,78.66420000000001,61.05885000000001,60.3663,59.895,53.883,28.2624,30.285,75.54585,49.196549999999995,37.18305,79.56405,80.8035,18.7227,31.744350000000004,25.218899999999998,69.36540000000001,77.84955,76.58115000000001,14.987250000000001,78.3873,71.27985000000001,51.373200000000004,68.4474,72.07665,60.77235,84.04560000000001,81.3666,71.71935,79.91385000000001,75.35775000000001,30.0942,104.64390000000002,86.65065,23.667,98.8413,73.70115,58.81305,45.5118,59.81085,31.118100000000005,74.40795000000001,49.11435,61.4106,29.1057,57.0981,59.107350000000004,64.1484,51.12375,44.587500000000006,54.627750000000006,79.66785,65.53065000000001,80.76615,64.44435,11.958,73.7979,59.827799999999996,67.19055,87.91290000000001,30.606,92.42685,62.821200000000005,75.90645,53.29365,77.0724,54.083549999999995,50.97645000000001,53.213100000000004,50.407650000000004,73.71945000000001,71.21445000000001,70.8183,51.608850000000004,10.898700000000002,42.088800000000006,63.48975,76.3053,118.15125,37.697250000000004,77.2959,87.61410000000001,87.57495000000002,80.3742,72.11970000000001,86.5395,56.36070000000001,27.245250000000002,75.027,74.46765,74.8569,53.9499,65.87145000000001,81.68175000000001,63.30405,57.6123,77.35950000000001,78.837,16.025850000000002,62.2203,27.1722,61.26525,52.73445000000001,85.93095000000001,60.383250000000004,74.71545,76.69425000000001,62.43600000000001,66.8784,75.66825,60.30570000000001,55.126799999999996,87.14565,53.35320000000001,80.92905,90.86160000000001,56.473200000000006,76.22850000000001,52.743900000000004,81.37650000000001,52.19265,45.38715,55.13985,59.42985000000001,51.1191,50.3538,54.081,98.62185,56.09265,55.3845,89.0748,23.4207,79.1226,37.13265,56.465700000000005,76.70025000000001,83.78985,71.52555,68.9877,82.63905,61.603350000000006,91.4946,54.70065,85.6743,49.868700000000004,19.98825,85.40895,48.8454,53.47260000000001,0.0
