,Depot,70017437,70017459,70017470,70017496,70017505,70017539,70017600,70018486,70019302,70019304,70019305,70019306,70019307,70019313,70019315,70019322,70019327,70019328,70019375,70019381,70019384,70019391,70019392,70019395,70019399,70019407,70019410,70019414,70019420,70019425,70019426,70019429,70019455,70019459,70019470,70019475,70019476,70019480,70019482,70019495,70019508,70019519,70019525,70019527,70019529,70019539,70019549,70019554,70019576,70029285,70029798,70030492,70030496,70030499,70030840,70031292,70033204,70033231,70034005,70042197,70042874,70043035,70043250,70043420,70081032,70081671,70082414,70083097,70083842,70084418,70084927,70084983,70126798,70130197,70130674,70130675,70132480,70132663,70132664,70132665,70133553,70133556,70137842,70138438,70152945,70155195,70155196,70155782,70157031,70224396,70224398,70225154,70225158,70238808,70238985,70246377,70248476,70248511,70286191,70286419,70288587,70337217,70337656,70337705,70343296,70343297,70343299,70347238,70351585,70351598,70361410,70362005,70362055,70373907,70374983,70375866,70382544,70382797,70390789,70390799,70391025,70391033,70395155,70396487,70396492,70398370,70398392,70398393,70400253,70401488,70405783,70405785,70408272,70408277,70408280,70412170,70419671,70422303,70423734,70423736,70428043,70430210,70430246,70433907,70435202,70450886,70464173,70464520,70464553,70465560,70484079,70490239,70490240,70494781,70494784,70494785,70494786,70494788,70494791,70521396,70521405,70525152,70535012,70544149,70548634,70574708,70584255,70587572
Depot,0.0,80.1078,63.780800000000006,68.06060000000001,67.5944,64.6046,77.977,91.5998,86.0068,60.464400000000005,119.5988,119.6038,49.1164,32.129400000000004,96.48939999999999,68.497,92.01780000000001,113.5,54.148,92.1772,97.6586,72.4162,71.4928,66.342,62.8406,41.7428,35.7232,91.73219999999999,64.2808,51.780199999999994,81.4472,83.0998,52.987199999999994,36.0896,56.7866,83.4916,79.1612,97.39580000000001,85.1604,97.2894,80.9862,68.7288,82.2676,87.1066,31.8326,113.77860000000001,110.2068,82.3432,99.3246,96.1814,51.695800000000006,114.887,90.896,71.35419999999999,122.7928,94.935,59.151,49.4152,76.2662,53.061,84.8258,43.11,32.6836,65.51180000000001,70.107,55.1712,81.13980000000001,58.3724,74.18060000000001,63.8414,81.5856,78.3786,83.05,76.9302,61.573,89.4016,70.7748,74.60539999999999,108.22160000000001,55.6488,98.5976,65.9456,92.213,48.2464,89.97619999999999,63.108,32.4124,47.768800000000006,58.971199999999996,89.297,81.6298,81.1018,46.436,63.054,49.2772,75.6574,81.7314,132.89679999999998,66.047,94.0656,92.18060000000001,92.1284,99.93839999999999,91.611,90.7478,69.1238,56.2584,95.7404,84.9054,90.81360000000001,62.9298,78.833,101.682,79.858,70.79260000000001,94.15039999999999,97.8888,83.72160000000001,65.1444,39.6118,72.69139999999999,32.6568,105.579,67.107,95.325,93.26339999999999,74.2524,76.5024,102.6088,66.8896,64.5068,107.1986,58.2624,100.6784,96.51060000000001,69.27380000000001,94.411,32.6694,99.5064,61.267,65.4398,55.1398,60.8128,58.3662,59.204,63.1124,122.50019999999999,61.2722,67.8222,109.77080000000001,79.5422,96.5012,52.7594,69.2638,103.9848,102.7242,82.0848,78.66080000000001,102.95819999999999,73.1422,112.99719999999999,48.296,89.5944,69.4,51.668,89.2404,63.4922,64.9224,76.9404
70017437,80.488,0.0,19.885,19.2196,24.1154,19.732400000000002,9.875399999999999,17.6982,10.0018,51.3872,38.6064,38.6114,105.2494,51.8306,16.899,12.6284,18.116,32.507799999999996,37.361599999999996,18.2754,21.988400000000002,9.6052,7.3511999999999995,19.430799999999998,21.971,85.445,67.0502,17.8304,24.689799999999998,52.274800000000006,24.9716,36.3278,93.771,90.6016,61.0454,7.4866,29.711599999999997,19.211,72.8984,21.6192,12.1424,25.25,7.8182,11.101600000000001,103.7652,32.7864,29.2144,16.5336,23.6546,16.591,58.375,63.7996,36.4762,59.0922,47.9024,20.5182,25.4728,105.5482,10.6506,58.0638,22.113400000000002,43.5252,104.61619999999999,56.434599999999996,11.223,28.928,12.245,25.8886,138.68679999999998,17.560200000000002,25.1098,3.8251999999999997,36.2782,3.5474,100.3642,15.5,10.1358,12.162799999999999,33.331199999999995,60.57,51.8256,19.249,18.311400000000003,34.1986,22.654,20.464599999999997,52.1136,33.926199999999994,26.4874,15.3954,17.855400000000003,17.3274,46.8512,98.9518,43.6794,4.9828,24.6432,78.477,122.1802,19.1752,37.7608,37.7086,24.2684,10.8094,36.328,16.4892,64.3552,16.15,22.193,16.912,19.949,5.166399999999999,26.0118,3.8608000000000002,11.260399999999999,20.2488,22.218799999999998,71.45960000000001,18.448,65.1942,10.145,50.359199999999994,30.688599999999997,15.586,15.7346,19.3618,6.1066,12.074,26.898799999999998,16.712,16.855,32.3082,130.1952,25.008200000000002,49.738800000000005,11.56,18.7408,50.3718,25.604599999999998,20.567,29.2802,27.3236,26.295,25.8824,26.720200000000002,16.759400000000003,47.6098,25.0484,19.5604,34.8804,67.28,22.5996,45.004400000000004,11.55,22.094,27.8338,16.792,14.8864,27.2882,10.0588,38.1068,34.689800000000005,35.1746,28.7,66.2646,34.8206,22.7922,21.261200000000002,88.2848
70017459,65.757,13.7014,0.0,3.9858000000000002,6.0458,1.0504,19.908,33.530800000000006,27.9378,35.7884,58.0556,58.0604,90.5184,36.176,34.9462,10.428,33.948800000000006,51.9568,21.763,34.1082,37.821,14.3472,9.6608,13.601799999999999,2.9268,69.8462,52.319199999999995,33.663199999999996,9.091,36.676,35.0042,46.3604,78.1724,75.87060000000001,45.4466,25.4226,39.7442,35.0436,57.2996,37.451800000000006,27.9752,7.1802,24.1986,29.037599999999998,89.0342,52.2354,48.6634,28.5612,39.487199999999994,34.6382,42.776199999999996,73.8322,46.5088,43.4934,64.7238,33.3918,21.054,90.8172,14.723,42.465,32.146,28.773400000000002,89.8852,40.835800000000006,6.0322,17.1114,19.5966,10.234,123.9558,4.3256000000000006,35.1424,20.3096,46.3108,12.6914,84.7654,31.3326,12.7058,22.5228,50.1526,44.971199999999996,61.8582,18.209400000000002,34.144,19.4468,35.6986,0.7876000000000001,36.459,19.174400000000002,10.833,31.228,27.888,27.3598,32.0994,83.353,28.0808,17.5884,34.6758,88.5096,107.44919999999999,35.9966,47.7934,47.7412,40.101,30.0678,46.3606,5.049,48.7564,34.197199999999995,32.2256,32.7446,3.0162,20.764,41.8444,11.842799999999999,5.611800000000001,36.0814,38.0514,55.860800000000005,17.4084,56.207800000000006,14.622399999999999,34.704800000000006,47.51,12.2966,33.781800000000004,35.1944,16.1834,22.1066,41.065599999999996,11.4094,4.604,49.129599999999996,115.464,40.8408,59.7712,3.746,34.5734,34.717400000000005,41.437400000000004,4.9681999999999995,13.6814,17.0798,21.8764,10.228,11.0656,3.8754,64.4312,13.0916,2.5564,51.701800000000006,51.681400000000004,38.432199999999995,29.4058,3.736,42.4416,44.655199999999994,28.302799999999998,24.919,43.1208,15.0732,54.9282,21.158,45.207,12.3772,50.666,44.853199999999994,7.1934,3.3735999999999997,72.686
70017470,68.3552,12.7596,3.1384000000000003,0.0,5.8934,3.0454,17.6624,31.285400000000003,25.6922,36.6586,57.905800000000006,57.9108,93.1166,42.312,31.475,8.1826,31.703200000000002,51.807199999999995,25.287200000000002,31.862599999999997,35.5756,12.101799999999999,7.4152,11.356200000000001,6.1206000000000005,70.7164,54.9174,31.4176,12.615200000000002,37.5462,32.7586,44.115,79.04260000000001,78.46860000000001,46.3168,23.177,37.4988,32.798,58.17,35.2064,25.729599999999998,7.0278,21.953200000000002,26.792,91.63239999999999,52.085800000000006,48.5138,26.3158,37.241800000000005,31.167,43.6464,71.5866,44.263400000000004,44.3636,62.478199999999994,33.242,18.8086,93.41539999999999,14.5732,43.3352,29.9004,31.371599999999997,92.48339999999999,41.706,3.7868000000000004,20.6356,19.4468,13.7582,126.55380000000001,5.5548,32.896800000000006,18.0642,44.0652,10.445799999999998,85.63560000000001,29.0872,10.4604,20.2772,47.907,45.8414,59.6126,15.964,31.8986,22.045,33.453199999999995,3.7178,42.595,21.772599999999997,14.3572,28.982599999999998,25.642400000000002,25.1144,34.6976,84.22319999999999,31.605,15.343,32.4304,86.2642,110.0472,33.7512,45.5478,45.495599999999996,37.855599999999995,29.918200000000002,44.115,2.8034,49.626599999999996,30.726,29.9802,30.499200000000002,6.21,18.5184,39.599,10.901,3.9744,33.836,35.805800000000005,56.731,15.162799999999999,50.4658,12.377,40.8406,45.2646,10.051,30.3104,32.949,13.938,19.861,40.915800000000004,9.163799999999998,4.533,46.884,118.06219999999999,38.5954,57.525800000000004,2.4556,32.328,40.853199999999994,39.1918,8.4924,14.550799999999999,20.604,19.631,13.7522,14.589799999999999,7.0826,62.1856,15.1742,1.004,49.456199999999995,52.5516,36.186800000000005,32.6334,2.4455999999999998,42.292,42.4096,26.0574,22.6734,40.8752,12.8278,52.6828,23.756,42.9616,12.2248,51.536199999999994,42.607800000000005,10.3876,3.039,73.5562
70017496,69.163,19.2302,6.205,7.6804,0.0,6.576,23.6026,37.2254,26.769599999999997,31.724400000000003,50.7812,50.786199999999994,93.92460000000001,43.12,33.128800000000005,14.1226,37.6434,44.6826,21.091,37.802800000000005,41.515800000000006,18.042,13.3554,17.296400000000002,10.8314,65.7822,55.7254,37.357800000000005,9.5592,32.612,38.698800000000006,50.055,74.10839999999999,79.2766,41.3826,24.2544,43.4388,38.7382,53.2356,41.1464,31.6698,2.0936,27.8932,27.869400000000002,92.4404,44.9612,41.389199999999995,32.2558,43.1818,32.821,38.712199999999996,77.52680000000001,50.2034,39.4294,66.41760000000001,31.5744,24.7488,94.2234,11.8386,38.401,35.8406,32.1796,93.2914,36.771800000000006,9.726799999999999,21.4436,17.839,13.9786,127.3618,9.9404,38.837,24.0042,50.0054,17.4422,80.70139999999999,35.0272,16.400599999999997,26.2174,51.846199999999996,40.907199999999996,65.5528,21.904,37.838800000000006,22.853,39.3932,6.7846,43.403,22.580599999999997,13.0236,34.922599999999996,31.5826,31.054599999999997,35.5056,79.289,27.4088,19.528200000000002,38.370400000000004,92.2042,110.8552,37.690400000000004,51.488,51.4358,43.7956,28.2506,50.0552,8.7436,44.6924,32.38,35.920199999999994,36.4392,10.9208,24.458599999999997,45.539199999999994,16.4962,10.4124,39.776,41.746,51.796800000000005,21.103,45.531400000000005,18.3172,41.6486,49.2038,15.991200000000001,31.9644,38.889,19.8782,25.8012,33.7914,15.104,8.9186,50.8234,118.8702,44.535599999999995,63.466,8.893600000000001,38.268,41.661199999999994,45.132,9.3004,9.6164,21.412,25.571,13.9724,12.952,10.484200000000001,66.12480000000001,17.4238,7.442,53.3956,47.6174,42.127,27.6992,8.8836,35.1674,46.349,31.9976,28.613599999999998,46.815400000000004,18.767799999999998,56.622,24.564,48.9018,7.2906,46.601800000000004,48.5478,5.453399999999999,4.8928,68.622
70017505,65.31219999999999,13.8672,0.37860000000000005,4.1516,6.4558,0.0,20.0738,33.6966,28.1036,36.2226,58.4656,58.4706,90.0736,39.269,33.886199999999995,10.5938,34.114599999999996,52.367,22.197200000000002,34.274,37.9868,14.513,9.826600000000001,13.7676,3.361,70.2804,51.8744,33.829,9.5252,37.1102,35.17,46.526199999999996,78.6066,75.42580000000001,45.8808,25.5884,39.91,35.2094,57.7338,37.617599999999996,28.141,7.5904,24.3644,29.203400000000002,88.5894,52.6456,49.0736,28.727,39.653,33.578199999999995,43.2104,73.998,46.6746,43.9276,64.8896,33.8018,21.2198,90.3724,15.1332,42.8992,32.3118,28.328599999999998,89.4404,41.27,6.198,17.5454,20.0068,10.6682,123.511,3.8808000000000002,35.3082,20.4754,46.4766,12.8572,85.1996,31.4984,12.8716,22.688599999999997,50.318400000000004,45.4054,62.024,18.3752,34.3098,19.002,35.8644,0.9582,39.552,18.729599999999998,11.267,31.3938,28.0538,27.525599999999997,31.6546,83.7872,28.515,17.7542,34.8416,88.6754,107.00439999999999,36.1624,47.959199999999996,47.907,40.2668,30.478,46.5264,5.2148,49.190599999999996,33.1372,32.391400000000004,32.9104,3.4504,20.9298,42.0102,12.0086,5.7776000000000005,36.2472,38.2172,56.295,17.5742,55.763,14.788200000000002,37.797599999999996,47.6758,12.462399999999999,32.7218,35.3602,16.3492,22.2724,41.4758,11.5752,3.951,49.2954,115.01939999999999,41.0066,59.937,3.9118000000000004,34.7392,37.810199999999995,41.603199999999994,5.402399999999999,14.1156,17.514,22.0422,10.662,11.499799999999999,3.4306,64.597,13.525799999999998,2.7222,51.867599999999996,52.1156,38.598,29.84,3.9018,42.851800000000004,44.821,28.4686,25.084799999999998,43.2866,15.239,55.094,20.7132,45.372800000000005,12.7872,51.1,45.019,7.6276,3.7838000000000003,73.1202
70017539,79.61319999999999,9.329,19.0102,18.3446,23.240599999999997,18.857599999999998,0.0,19.7284,14.135399999999999,50.5122,41.6254,41.6304,104.3746,50.9556,19.918,11.7536,20.1464,35.5268,36.4868,20.305799999999998,24.0188,9.348799999999999,11.6526,15.3568,21.0962,84.57,66.1754,19.860799999999998,23.814799999999998,51.399800000000006,17.6668,29.023,92.8962,89.7266,60.1704,11.6202,22.4068,21.2412,72.0236,23.6494,9.876,24.3752,10.3962,15.2352,102.8904,35.8054,32.2334,11.223799999999999,25.6848,19.61,57.5,56.494800000000005,29.171400000000002,58.2172,50.9214,23.537200000000002,21.398799999999998,104.6734,21.1196,57.1888,14.8086,42.650400000000005,103.7414,55.559599999999996,16.5976,24.854,21.988400000000002,25.0136,137.812,16.6854,17.805,6.5056,28.9734,10.3394,99.4892,17.5302,9.8768,5.4232,36.350199999999994,59.695,44.5208,15.175,20.3416,33.323800000000006,18.3612,19.589599999999997,51.2386,33.0514,25.6124,17.4256,10.550600000000001,10.0226,45.9764,98.0768,42.8046,9.066799999999999,17.3384,71.1722,121.3052,22.194200000000002,30.456,30.4038,26.298599999999997,16.3756,29.0232,15.6144,63.480199999999996,19.169,14.888200000000001,18.9422,19.0742,6.9598,28.0422,11.2854,17.020400000000002,22.279,24.249,70.58460000000001,14.3738,64.3194,9.27,49.484199999999994,33.7076,14.711,18.7536,21.392,7.6618,4.7692,31.901799999999998,15.837,15.98,35.3272,129.3202,27.0386,42.434,20.1372,20.771,49.4968,27.635,19.692,28.4052,23.2494,22.221,25.0074,25.845200000000002,15.8844,50.628800000000005,20.974400000000003,18.685599999999997,37.8994,66.4052,24.63,44.129599999999996,20.127200000000002,25.1132,30.8528,10.9656,7.581600000000001,29.3184,6.01,41.126,33.815,27.869799999999998,27.825200000000002,65.38980000000001,27.5158,21.9172,20.386400000000002,87.4098
70017600,93.07419999999999,18.3354,32.4712,31.805799999999998,36.701800000000006,32.318799999999996,17.021,0.0,7.4012,63.9734,30.9868,30.9916,117.8358,64.41680000000001,20.787,25.2148,1.8568,33.116,49.948,2.0162,9.1434,22.8098,25.113799999999998,27.2012,34.557199999999995,98.0312,79.6364,1.5712000000000002,37.276,64.861,19.835,31.2112,106.3574,103.18780000000001,73.6316,10.0846,24.575,2.9516,85.4846,11.7554,10.5252,37.8362,10.939,9.8686,116.3514,34.131,30.7892,7.7686,6.6238,20.479,70.96119999999999,61.9688,31.3398,71.6784,25.8042,24.406200000000002,33.243,118.1344,24.401400000000002,70.65,16.9768,56.1114,117.2024,69.02080000000001,30.058799999999998,36.6984,22.857,38.4748,151.273,30.1464,19.973200000000002,16.0768,31.1614,23.8006,112.95039999999999,8.1324,23.338,17.8462,10.8818,73.1562,46.709,27.0194,10.4104,46.784800000000004,11.789,33.0508,64.6998,46.5126,39.0736,5.3168,17.2606,17.7338,59.437599999999996,111.538,56.2656,22.5278,19.5068,76.6464,134.7664,21.469,32.6242,32.572,14.332,17.2446,31.1914,29.075400000000002,76.94139999999999,20.038,17.0564,9.011,32.5352,15.635200000000001,9.9344,24.7464,30.4816,2.5505999999999998,12.282200000000001,84.0458,26.2182,77.7804,22.7312,62.9454,12.3446,25.790200000000002,19.6226,1.6636,21.122799999999998,18.1644,26.5732,26.264200000000002,29.441200000000002,21.697200000000002,142.7814,15.0718,44.622,33.5982,5.318,62.958,17.703599999999998,33.1532,41.8664,35.0938,34.065400000000004,38.468599999999995,39.306400000000004,29.345599999999997,25.160400000000003,32.8188,32.1468,24.2694,79.8664,4.9014,57.5906,33.5882,25.982200000000002,21.185599999999997,8.0268,17.2946,11.210799999999999,23.2634,15.6576,47.276199999999996,30.038,41.286199999999994,78.8508,31.9058,35.3784,33.8474,100.871
70018486,88.2308,11.417200000000001,27.6278,26.962400000000002,28.072599999999998,27.4752,15.0678,6.8692,0.0,59.13,35.9666,35.971599999999995,112.9922,59.5734,14.2592,20.3712,7.2871999999999995,29.868,45.1044,7.4466,14.0656,17.9664,20.2702,25.248,29.7138,93.18780000000001,74.793,7.001600000000001,32.4326,60.0176,22.7772,34.153400000000005,101.5138,98.3444,68.7882,3.5568,27.517400000000002,8.382,80.6412,13.696399999999999,8.572,32.9928,4.4112,3.3408,111.508,30.1466,26.5746,8.6108,15.7318,13.9512,66.1178,61.605199999999996,34.282,66.835,32.6734,17.878400000000003,31.2898,113.291,17.8736,65.8066,19.919,51.268,112.359,64.1774,25.2152,34.7452,16.3292,33.6312,146.4296,25.303,22.9154,11.2356,34.1036,18.957,108.107,7.5771999999999995,18.494400000000002,15.893,17.751,68.31280000000001,49.651199999999996,25.066200000000002,11.6336,41.9414,14.731200000000001,28.2074,59.856199999999994,41.669,34.230199999999996,6.54,18.3104,17.7822,54.594,106.69460000000001,51.4222,17.6844,22.449,76.28280000000001,129.923,16.535400000000003,35.5664,35.514199999999995,16.3456,10.7168,34.1336,24.232,72.098,13.510200000000001,19.9988,10.234,27.6918,10.791799999999999,18.089,18.2464,25.638,9.419799999999999,14.2958,79.2024,24.265,72.937,17.8878,58.102,25.2636,23.837,13.0948,8.5328,16.2794,16.2112,26.243,24.311,24.5978,26.883,137.938,17.0854,47.5642,28.7548,10.818,58.114599999999996,18.9268,28.3098,37.023,33.1406,32.1122,33.6252,34.463,24.502,32.0296,30.865599999999997,27.3032,29.4552,75.0228,11.7706,52.7472,28.744799999999998,19.4542,22.4086,8.869200000000001,15.3414,19.3654,18.42,22.526799999999998,42.4326,32.980199999999996,36.442800000000005,74.00739999999999,33.919599999999996,30.5348,29.004,96.0276
70019302,59.995,52.8024,35.213800000000006,36.6892,31.4176,35.5846,49.577400000000004,63.200199999999995,57.6072,0.0,80.4858,80.4906,55.456199999999995,28.6846,63.3898,40.0974,63.618199999999995,74.387,15.275,63.7776,67.4904,44.0168,43.093199999999996,40.581199999999995,34.448800000000006,36.835,24.8492,63.3326,28.200200000000002,9.71,66.3714,68.024,45.161,41.4774,12.4354,55.092,64.0854,64.713,27.157400000000003,67.1212,55.8446,31.102400000000003,53.868,58.707,83.2722,74.66560000000001,71.09360000000001,57.2016,69.15660000000001,63.0818,9.765,99.8112,75.8202,13.3658,94.3932,60.873,38.7034,55.755,42.352599999999995,9.4538,60.746199999999995,25.7718,84.1232,7.8246,38.7356,35.410199999999996,48.136199999999995,30.7698,88.9768,35.4418,66.5096,49.979,67.9742,48.5306,53.7468,61.002,42.3752,49.463800000000006,79.822,11.96,83.5216,40.804,63.8134,31.3442,60.368,34.7162,28.209,31.2368,29.815,60.897400000000005,56.4884,55.9602,29.0978,53.210800000000006,16.404400000000003,47.2578,66.6556,117.821,72.47019999999999,65.666,77.1048,77.05239999999999,69.7704,58.7644,75.672,37.7524,14.2726,62.640800000000006,60.826,62.414,34.538,50.4334,71.514,47.0102,39.4212,65.7508,67.7208,25.7332,40.003,20.382,44.292,30.553,77.1794,42.7348,62.2254,64.8638,45.8528,51.776,63.4958,41.128800000000005,36.1072,78.799,77.501,70.51039999999999,81.43480000000001,37.9024,64.2428,30.5656,71.1068,32.195,23.121,33.805800000000005,39.5256,30.7636,29.7432,34.713,94.1006,35.5114,36.4508,81.3712,21.5392,68.1018,9.7962,37.8924,64.87180000000001,74.3246,56.9432,53.519400000000005,72.7902,44.742599999999996,84.5976,33.2202,74.5184,29.096400000000003,17.6546,74.16460000000001,27.732,33.9016,42.543800000000005
70019304,122.541,40.181599999999996,59.5916,61.067,60.394,59.9624,43.535199999999996,36.8748,37.973,81.9892,0.0,0.005,147.3024,96.4978,26.194200000000002,48.8876,38.7314,8.1046,79.47,38.890800000000006,49.1254,46.4826,48.7866,55.7854,64.2064,116.047,109.1032,38.445800000000006,66.7982,82.877,57.837,69.2132,124.3732,132.65460000000002,91.64739999999999,35.457800000000006,62.5772,39.8262,103.5006,48.7562,43.2858,61.5286,35.7894,32.4872,145.81820000000002,9.1196,11.6202,43.6706,41.6842,25.886200000000002,88.977,96.665,69.3418,89.6942,32.417,31.0716,62.350199999999994,147.6012,41.815599999999996,88.6658,54.9788,85.5574,146.66920000000002,87.0368,53.7316,74.8184,39.5524,67.9412,180.7398,53.819199999999995,57.975199999999994,39.7518,69.1634,48.234,130.9662,42.637,47.0108,45.8226,27.4068,91.172,84.711,56.126400000000004,34.3928,76.2308,49.791,60.1712,96.7808,75.9584,69.122,36.543800000000005,51.5152,50.987199999999994,88.8834,129.5538,85.7878,50.32,57.5088,111.3426,164.2332,25.1742,70.62639999999999,70.574,51.4054,30.171,69.1934,52.7482,94.9572,25.7398,55.0586,32.993199999999995,56.2082,39.308,38.8308,47.288,50.3446,35.664,49.3558,102.06160000000001,55.3254,112.9918,46.404,95.0266,24.764200000000002,51.845,27.1786,35.2112,44.7956,45.7338,19.318,52.971,53.114,12.740200000000002,172.24820000000003,52.145199999999996,82.624,57.7334,40.3784,95.0392,16.6902,62.6754,69.0514,64.201,63.172599999999996,67.935,69.40339999999999,53.0184,34.6638,61.206,60.8286,12.5084,97.8822,33.123599999999996,87.11280000000001,57.7434,21.3522,21.9374,43.929,48.5462,41.7942,46.9362,32.1826,77.942,68.04,66.7254,96.8668,68.9794,64.9006,57.6076,118.88680000000001
70019305,122.536,40.1766,59.5866,61.062,60.389,59.9576,43.530199999999994,36.869800000000005,37.968,81.9844,2.7874,0.0,147.29760000000002,96.493,26.1892,48.8826,38.7264,8.0998,79.4652,38.886,49.120400000000004,46.477599999999995,48.7816,55.7804,64.2014,116.0422,109.09819999999999,38.4408,66.7932,82.872,57.832,69.20819999999999,124.3682,132.6496,91.6426,35.4528,62.572199999999995,39.821400000000004,103.49560000000001,48.7512,43.280800000000006,61.5236,35.7844,32.4824,145.81320000000002,9.114600000000001,11.6154,43.6656,41.679199999999994,25.8812,88.9722,96.66,69.3368,89.68939999999999,32.4122,31.066599999999998,62.3452,147.5962,41.8106,88.661,54.974,85.55260000000001,146.66420000000002,87.0318,53.7266,74.81360000000001,39.5474,67.9362,180.73479999999998,53.8142,57.9704,39.747,69.1586,48.2292,130.9614,42.632,47.0058,45.817800000000005,27.401799999999998,91.1672,84.706,56.1216,34.387800000000006,76.2258,49.786,60.166199999999996,96.776,75.95360000000001,69.117,36.5388,51.5102,50.9822,88.8786,129.5488,85.783,50.315,57.503800000000005,111.33760000000001,164.22820000000002,25.1692,70.6214,70.5692,51.400400000000005,30.166,69.18860000000001,52.743199999999995,94.9524,25.7348,55.053599999999996,32.9884,56.203199999999995,39.3032,38.826,47.283199999999994,50.3396,35.6592,49.3508,102.05680000000001,55.3204,112.987,46.399,95.0216,24.759400000000003,51.84,27.173599999999997,35.206199999999995,44.790800000000004,45.7288,19.313,52.966,53.109,12.7354,172.2432,52.1402,82.619,57.7284,40.373400000000004,95.0342,16.685200000000002,62.6704,69.04639999999999,64.196,63.1676,67.93,69.3984,53.013400000000004,34.6588,61.201,60.8236,12.5034,97.8772,33.1188,87.108,57.7384,21.3472,21.9324,43.924,48.541199999999996,41.7894,46.931400000000004,32.1776,77.937,68.035,66.7206,96.8618,68.97439999999999,64.8956,57.602599999999995,118.882
70019306,49.1734,106.59,90.263,94.543,94.0766,91.087,104.4592,118.082,112.489,55.8108,146.081,146.086,0.0,58.611599999999996,122.9718,94.97919999999999,118.5,139.98239999999998,80.6302,118.65939999999999,124.1408,98.8986,97.975,92.82419999999999,89.3228,21.978,43.9744,118.2144,90.763,54.747,107.92960000000001,109.582,34.408199999999994,20.8536,45.254400000000004,109.9738,105.6436,123.878,59.7964,123.7716,107.46839999999999,95.21119999999999,108.74980000000001,113.5888,21.363799999999998,140.261,136.689,108.82539999999999,125.807,122.66380000000001,45.9654,141.3692,117.3784,61.7194,149.275,121.4172,85.6334,0.2988,102.74860000000001,47.3306,111.308,69.59219999999999,22.2148,49.201,96.58919999999999,81.65360000000001,107.622,84.8546,34.1548,90.3236,108.0678,104.8608,109.5324,103.41239999999999,45.8134,115.88380000000001,97.2572,101.08760000000001,134.7038,44.1166,125.0798,92.4278,118.69539999999999,74.7286,116.4584,89.59039999999999,58.8946,74.251,85.45339999999999,115.7792,108.112,107.584,72.9182,47.2944,69.17660000000001,102.1396,108.2138,159.37920000000003,17.6482,120.54780000000001,118.6628,118.6106,126.4208,118.09339999999999,117.23,95.606,50.528,122.2228,111.3876,117.2958,89.4122,105.31519999999999,128.1642,106.3402,97.2748,120.63260000000001,124.371,61.1812,91.6268,41.7804,99.1738,59.139,132.0612,93.5894,121.8072,119.74560000000001,100.7348,102.9848,129.091,93.37180000000001,90.989,133.68079999999998,22.6792,127.1606,122.993,95.756,120.8932,59.1516,125.9886,87.7492,75.7614,81.622,87.295,84.8484,85.6862,89.5948,148.98239999999998,87.75439999999999,94.30460000000001,136.253,49.3554,122.98360000000001,62.4366,95.746,130.4672,129.2064,108.567,105.143,129.44060000000002,99.6244,139.4796,74.77839999999999,116.0766,95.88239999999999,40.1358,115.7228,89.97439999999999,91.4046,61.180800000000005
70019307,32.9564,54.475,37.0552,39.494800000000005,39.0286,36.039,51.2498,62.974199999999996,59.2796,29.801,91.033,91.038,57.718,0.0,67.9238,41.77,63.392199999999995,84.9344,27.4634,63.5516,70.9742,45.6892,44.7656,39.657599999999995,36.115,48.7232,19.5186,63.1066,37.5964,21.117,54.762800000000006,56.4154,59.9676,43.07,39.459199999999996,56.7644,52.476800000000004,70.71119999999999,54.4972,70.6048,54.3018,40.163199999999996,55.5406,60.379400000000004,56.233599999999996,85.213,81.641,55.6588,72.6402,67.61580000000001,36.7888,88.2026,64.2116,40.691,96.0656,66.36919999999999,32.4666,58.0166,47.7004,36.477599999999995,58.1412,16.4256,57.0846,34.8486,40.998400000000004,28.4868,52.574,31.6878,91.1552,37.1142,54.901199999999996,51.6516,56.3656,50.203,68.5532,60.776199999999996,44.0478,47.9208,81.4944,38.9838,71.9132,39.261199999999995,65.486,21.562,63.2918,36.382400000000004,1.5375999999999999,21.0842,32.2868,60.6714,54.9454,54.417199999999994,19.7516,70.0342,18.613799999999998,48.9304,55.047,106.21239999999999,74.6486,67.3386,65.4962,65.444,73.254,63.0454,64.0634,40.015,41.2964,67.1748,58.221,64.0866,36.2042,52.1058,74.9976,51.292199999999994,42.226800000000004,65.525,71.20439999999999,53.0584,38.46,23.4072,45.964400000000005,5.222600000000001,78.852,40.422599999999996,66.75919999999999,64.638,47.525400000000005,49.818,74.043,40.2052,37.7798,80.47139999999999,82.6636,73.994,69.8262,40.708,67.7264,5.2352,72.7792,34.54,38.141,28.4554,34.1282,31.6816,32.519400000000005,36.385400000000004,95.773,34.5876,39.2564,83.04360000000001,48.878800000000005,67.8758,22.0962,40.698,75.4192,75.997,55.400400000000005,51.9764,76.27380000000001,46.4152,86.2702,21.6116,62.909800000000004,42.673,35.4634,62.556,36.765,36.3566,69.8836
70019313,96.9958,17.0744,34.0464,32.3714,34.848800000000004,34.417199999999994,20.428,21.5846,14.8658,61.154,24.515,24.52,121.7572,70.9526,0.0,25.7804,22.0024,18.416400000000003,50.5136,22.1618,28.781,23.375400000000003,25.6794,32.678200000000004,35.122800000000005,95.2118,83.558,21.7168,37.8416,62.041599999999995,35.5242,46.8804,103.5378,107.1094,70.81219999999999,12.3506,40.264199999999995,23.0974,82.6652,28.4118,20.1786,35.9834,12.6822,9.38,120.273,18.695,15.123,23.3262,30.447200000000002,0.871,68.1418,74.3522,47.028800000000004,68.859,39.8456,5.7078,39.243,122.056,20.013,67.8306,32.666,60.0122,121.124,66.20139999999999,30.6244,45.9176,14.000200000000001,39.0404,155.1946,30.712,35.6624,16.644599999999997,46.8308,24.3662,110.131,22.2926,23.903599999999997,22.715400000000002,25.2742,70.3368,62.3782,33.0192,17.3674,50.6856,29.4466,34.626,71.2356,50.413199999999996,39.639199999999995,16.5476,28.408,27.88,63.3382,108.71860000000001,56.831199999999995,23.093400000000003,35.195800000000006,89.0296,138.688,8.367,48.3134,48.261199999999995,31.0608,7.0638000000000005,46.8806,29.641,74.122,2.6374,32.745599999999996,15.968,33.1008,16.2008,32.8044,21.7182,28.5422,24.1352,29.011200000000002,81.2264,32.2182,87.4466,23.296799999999998,69.4812,22.6318,28.7378,4.0094,23.2482,21.6884,22.6266,14.0726,29.863799999999998,30.0068,24.2514,146.703,31.8008,60.2914,32.1882,25.5334,69.49380000000001,18.5862,33.7188,43.5062,41.0938,40.065400000000004,39.0342,39.872,29.9112,39.552800000000005,38.098800000000004,32.7124,17.943,77.047,24.8674,58.1562,32.1982,7.2838,19.777,23.5846,25.439,34.0806,23.829,30.05,52.396800000000006,45.727199999999996,41.1802,76.03139999999999,45.3732,35.944,32.062400000000004,98.05160000000001
70019315,71.2916,14.3484,10.688600000000001,10.023,14.919,10.536,11.1234,24.7462,19.153200000000002,42.190599999999996,46.6432,46.648199999999996,96.053,42.634,24.9358,0.0,25.1642,40.544599999999996,28.165200000000002,25.3236,29.0364,5.562600000000001,8.3484,9.0912,12.7746,76.24839999999999,57.8538,24.8786,15.4932,43.0784,26.2196,37.5758,84.5746,81.405,51.848800000000004,16.638,30.9596,26.259,63.702,28.6672,19.1906,16.0536,15.414,20.253,94.5688,40.8232,37.2512,19.7766,30.702599999999997,24.6278,49.1784,65.0476,37.724199999999996,49.8956,55.9392,28.5548,16.1414,96.3518,23.599,48.8672,23.3614,34.3288,95.41980000000001,47.2382,5.54,19.5966,24.180799999999998,16.692,129.4904,8.3638,26.3578,11.525,37.526,10.0764,91.16760000000001,22.548,3.9212,14.2272,41.368,51.373400000000004,53.0736,9.914,25.3594,25.002200000000002,26.914,11.268,42.917,24.7298,17.2908,22.4434,19.1034,18.575200000000002,37.6548,89.7552,34.483,8.803799999999999,25.8912,79.725,112.98360000000001,27.212,39.0088,38.9566,31.3164,21.3934,37.576,7.292800000000001,55.1586,24.186799999999998,23.441,23.96,10.752600000000001,11.9792,33.0598,11.0224,8.228,27.296799999999998,29.2668,62.263,9.1128,55.997800000000005,5.8378000000000005,41.1626,38.7254,5.1508,23.7714,26.4098,7.3988000000000005,13.322,36.919599999999996,6.276800000000001,7.658600000000001,40.345,120.99860000000001,32.056200000000004,50.986599999999996,11.8156,25.7888,41.1752,32.6528,11.3704,20.083599999999997,17.9922,16.9638,16.6858,17.5236,7.5628,55.6466,13.1082,10.364,42.917199999999994,58.0836,29.647599999999997,35.808,11.8056,30.1308,35.870599999999996,19.5182,16.1344,34.3362,6.1596,46.1436,25.4934,36.4224,19.5036,57.0682,36.068599999999996,13.595600000000001,12.0648,79.0882
70019322,94.4992,19.7604,33.8962,33.2308,38.1268,33.7438,18.4862,1.81,8.2198,65.3984,32.745200000000004,32.7502,119.2608,65.8418,21.6056,26.6398,0.0,34.901199999999996,51.373,0.7616,8.1594,24.2348,26.5388,28.6662,35.9824,99.4562,81.06160000000001,0.5388,38.701,66.286,18.379,29.755,107.7824,104.61280000000001,75.0566,10.9032,23.119,1.4954,86.90960000000001,9.298,11.990200000000002,39.261199999999995,11.7578,10.6872,117.7766,35.1798,31.608,6.312399999999999,5.6398,21.2976,72.3862,57.207,29.883599999999998,73.1034,27.5626,25.2248,34.7082,119.5596,25.22,72.075,15.5208,57.5366,118.6276,70.4458,31.4838,38.1634,23.6756,39.899800000000006,152.698,31.5714,18.5172,17.5018,29.7054,25.2256,114.3754,6.6762,24.763,19.3112,12.6404,74.5812,45.2528,28.4844,11.229,48.2098,10.332799999999999,34.4758,66.12480000000001,47.937599999999996,40.498599999999996,6.1354,15.8046,16.2776,60.8626,112.963,57.6908,23.9528,18.0506,71.8844,136.1914,22.287599999999998,31.168200000000002,31.116,11.9472,18.063200000000002,29.735400000000002,30.500400000000003,78.3664,20.8566,15.6004,9.829600000000001,33.9604,17.060200000000002,8.9506,26.171599999999998,31.906599999999997,4.309,9.8976,85.4708,27.683400000000002,79.2056,24.156200000000002,64.3704,14.103,27.2554,20.441200000000002,3.422,22.548,19.6294,27.3918,27.729200000000002,30.8662,23.455599999999997,144.2064,12.6872,43.166,35.023199999999996,3.5228,64.383,18.5224,34.578199999999995,43.2914,36.559,35.5306,39.8936,40.7314,30.770599999999998,26.919,34.284,33.5718,26.0278,81.2914,6.66,59.015800000000006,35.0132,26.8008,22.0042,6.5708,13.8396,10.226799999999999,24.6884,17.416,52.0502,28.581799999999998,42.7112,80.2758,29.5212,36.8034,35.272400000000005,102.296
70019327,114.4816,32.1222,51.532199999999996,53.0076,52.3346,51.903,35.4758,36.632400000000004,29.9136,73.9298,6.144,6.1488000000000005,139.243,88.43839999999999,18.1348,40.828,37.0502,0.0,71.4106,37.2096,43.8288,38.423199999999994,40.727,47.726,56.147,107.9876,101.0438,36.7646,58.738800000000005,74.81739999999999,50.572,61.9282,116.3138,124.59519999999999,83.588,27.398400000000002,55.312,38.145,95.441,43.4596,35.2264,53.469199999999994,27.73,24.427799999999998,137.75879999999998,1.0602,3.5608,38.374,45.494800000000005,17.8268,80.91760000000001,89.4,62.0766,81.6348,32.3626,23.012,54.290800000000004,139.5418,33.7562,80.6064,47.713800000000006,77.498,138.60979999999998,78.9772,45.672,66.759,31.4928,59.881800000000005,172.6804,45.759800000000006,50.7102,31.692400000000003,61.8784,40.1746,122.9068,37.3404,38.9512,37.7632,27.3522,83.1126,77.426,48.067,28.8592,68.17139999999999,44.4942,52.1118,88.72139999999999,67.899,61.062400000000004,31.0104,43.4558,42.9276,80.824,121.4944,77.7284,42.2606,50.2436,104.0774,156.1738,17.1148,63.3612,63.309,46.108599999999996,22.1116,61.9284,44.6888,86.8978,17.680400000000002,47.7934,27.459799999999998,48.1486,31.2486,38.7764,39.2286,42.285199999999996,35.6096,44.059,94.0022,47.266,104.9324,38.3446,86.967,24.709799999999998,43.785599999999995,19.1192,35.1566,36.7362,37.6744,11.2586,44.9116,45.0546,12.685799999999999,164.1886,46.8486,75.339,49.674,40.581,86.9796,16.6356,54.616,60.992,56.1416,55.1132,59.8756,61.344,44.959,34.609199999999994,53.1464,52.7692,12.4538,89.8228,33.069199999999995,79.0534,49.684,13.2928,21.8828,38.6322,40.4868,41.7398,38.8768,32.128,69.88260000000001,60.774800000000006,58.666,88.8072,60.421,56.841,49.548199999999994,110.8274
70019328,53.6924,40.290800000000004,22.877200000000002,25.5852,22.064799999999998,23.0024,37.065599999999996,50.6886,45.0954,17.0228,71.133,71.138,78.4538,25.0348,50.8782,27.5858,51.1064,65.0342,0.0,51.265800000000006,54.9788,31.505,30.581599999999998,26.94,21.937,51.0806,40.254599999999996,50.820800000000006,15.6884,17.910400000000003,52.0892,53.741800000000005,59.4066,63.805800000000005,26.681,42.5802,49.8032,52.2014,42.429199999999994,54.6096,42.2034,21.749599999999997,41.3564,46.1954,76.9696,65.31280000000001,61.741,43.5604,56.645,50.5702,24.0106,85.529,61.538,28.623,81.8816,51.520199999999996,25.0622,78.7526,32.9998,23.6994,47.105199999999996,10.912600000000001,77.8206,22.0702,26.8142,21.769,38.7834,18.258200000000002,111.8912,22.93,52.2274,37.467400000000005,53.692,36.018800000000006,69.895,48.4904,29.863599999999998,35.8226,67.3102,26.205599999999997,69.23960000000001,27.163,51.3018,17.062,46.726800000000004,22.2046,23.2342,16.9546,17.3034,48.3858,42.847199999999994,42.319,14.2386,68.4826,6.7336,34.746199999999995,52.373400000000004,103.53880000000001,95.3844,53.1544,62.8226,62.770199999999996,57.2588,49.4118,61.3898,25.831,28.5182,50.1292,47.1848,49.9024,22.026400000000002,37.9216,59.002199999999995,36.964800000000004,28.317,53.2392,55.209,40.9904,26.3618,30.8298,31.7802,23.5634,64.6678,29.093799999999998,49.7136,52.352199999999996,33.3412,39.2644,54.143,27.487599999999997,23.595599999999997,66.2872,103.3994,57.998599999999996,67.1526,26.7982,51.731199999999994,23.576,58.595,19.683400000000002,13.96,20.1646,25.884400000000003,18.252,17.2316,22.2012,81.5888,21.8702,25.346799999999998,68.8596,36.8108,55.59,10.311,26.7882,56.0732,61.8128,43.3022,39.8782,60.2786,32.231,72.086,18.938,60.2362,20.178,31.9002,59.882400000000004,16.9388,22.797400000000003,57.815599999999996
70019375,94.66239999999999,19.923599999999997,34.059400000000004,33.394,38.2898,33.906800000000004,18.6494,2.3774,8.7872,65.56160000000001,33.312599999999996,33.3174,119.4238,66.005,22.173,26.802799999999998,0.668,35.468599999999995,51.536,0.0,9.205200000000001,24.398,26.7018,28.8294,36.1454,99.6194,81.22460000000001,0.38239999999999996,38.8642,66.44919999999999,18.542,29.918200000000002,107.94539999999999,104.776,75.2198,11.470600000000001,23.2822,1.6585999999999999,87.0728,9.461200000000002,12.1534,39.4244,12.325,11.2546,117.93960000000001,35.7472,32.175200000000004,6.4756,6.6856,21.865,72.54939999999999,57.37,30.046799999999998,73.26660000000001,28.13,25.7922,34.8714,119.7226,25.7874,72.23819999999999,15.6838,57.6996,118.79060000000001,70.609,31.6468,38.3266,24.243,40.063,152.86120000000003,31.734599999999997,18.6802,17.665,29.8684,25.3886,114.5386,6.8393999999999995,24.926,19.474400000000003,13.207600000000001,74.7444,45.416,28.647599999999997,11.7964,48.373,10.496,34.639,66.288,48.1006,40.6618,6.7028,15.967600000000001,16.4408,61.0256,113.1262,57.8538,24.116,18.2138,72.0476,136.3546,22.855,31.331400000000002,31.279,12.1104,18.630599999999998,29.898400000000002,30.6636,78.5296,21.424,15.7636,10.397,34.123400000000004,17.2234,9.9962,26.3346,32.0698,4.876399999999999,10.060799999999999,85.634,27.846400000000003,79.3686,24.3194,64.53359999999999,14.670399999999999,27.418400000000002,21.008599999999998,3.9894000000000003,22.711,19.7926,27.9592,27.892400000000002,31.029400000000003,24.023,144.36960000000002,12.850200000000001,43.329,35.1864,3.739,64.5462,19.089599999999997,34.7414,43.4546,36.722,35.693599999999996,40.0568,40.8946,30.933799999999998,27.4864,34.447,33.7348,26.595200000000002,81.4546,7.2272,59.1788,35.1764,27.368,22.5716,6.734,14.002799999999999,11.2726,24.851599999999998,17.983400000000003,52.2134,28.745,42.8744,80.439,29.6844,36.9666,35.4356,102.4592
70019381,96.7414,22.0024,36.138400000000004,35.4728,40.3688,35.985800000000005,20.7282,9.538200000000002,13.8026,67.6404,41.351,41.356,121.50280000000001,68.0838,27.1884,28.8818,8.087,40.484,53.615,8.7194,0.0,26.4768,28.7808,30.9084,38.2244,101.6982,83.3036,8.6256,40.943,68.528,20.2308,31.607,110.0244,106.8548,77.29860000000001,16.486,24.971,7.6242,89.15180000000001,2.7544,14.2322,41.5034,17.3406,16.27,120.0186,40.7626,37.1908,8.5544,4.717,26.8804,74.62819999999999,52.9676,25.1062,75.3454,35.424800000000005,30.807599999999997,36.950199999999995,121.80160000000001,30.802799999999998,74.317,17.372799999999998,59.7786,120.8696,72.68780000000001,33.7258,40.4056,29.2584,42.1418,154.94,33.8134,20.3692,19.7438,31.5574,27.467599999999997,116.61739999999999,8.9182,27.005,21.5532,20.502599999999997,76.8232,47.104800000000004,30.726599999999998,16.811799999999998,53.8626,12.1848,36.717800000000004,68.3668,53.385,42.7406,11.718200000000001,17.6564,18.1296,63.1046,115.205,59.9328,26.1948,19.9026,67.6452,138.4334,27.8704,26.3908,26.3384,5.3308,23.646,24.9578,32.742599999999996,80.60839999999999,26.439400000000003,17.4524,15.4124,36.202400000000004,19.302400000000002,7.074199999999999,28.4136,34.1486,12.089,3.281,87.7128,29.9254,81.44760000000001,26.3982,66.6124,21.9652,29.497400000000003,26.024,11.201799999999999,24.79,21.8714,32.974599999999995,29.971400000000003,33.1082,32.0614,146.4484,6.070600000000001,45.018,37.2654,4.639399999999999,66.625,24.1052,36.8202,45.5334,38.801,37.7726,42.1356,42.9734,33.0126,34.7812,36.526,35.8138,34.6336,83.5334,14.522200000000002,61.2578,37.255199999999995,32.3836,27.587,8.8128,16.081799999999998,8.3506,26.9306,25.278200000000002,53.9022,23.98,44.9534,82.518,22.9046,39.0454,37.5146,104.538
70019384,75.9438,9.334,15.3408,14.6752,19.5712,15.1882,8.204,21.827,16.2338,46.842800000000004,43.724,43.729,100.70519999999999,47.286199999999994,22.016599999999997,8.0842,22.244799999999998,37.6252,32.8174,22.4042,26.1172,0.0,7.9832,11.4874,17.4268,80.90060000000001,62.506,21.9592,20.145400000000002,47.7304,23.3002,34.6566,89.2268,86.0572,56.501,13.7186,28.0404,23.339599999999997,68.354,25.748,16.2712,20.705599999999997,12.4948,17.333599999999997,99.221,37.903800000000004,34.332,16.857400000000002,27.7834,21.708599999999997,53.8306,62.1282,34.805,54.5478,53.02,25.6356,17.529400000000003,101.004,17.5156,53.519400000000005,20.442,38.981,100.072,51.8902,12.9282,20.984599999999997,20.839599999999997,21.3442,134.14239999999998,13.015799999999999,23.4384,8.605799999999999,34.6068,6.735399999999999,95.8198,19.6288,2.7304,5.5056,38.4486,56.0256,50.1544,11.3056,22.4402,29.654400000000003,23.994799999999998,15.920200000000001,47.569199999999995,29.382,21.943,19.5242,16.1842,15.656,42.307,94.4074,39.1352,5.4628000000000005,22.972,76.8058,117.6358,24.2928,36.0896,36.0372,28.3972,18.4742,34.6566,11.945,59.8108,21.267599999999998,20.5218,21.0408,15.4048,9.06,30.1406,7.6814,13.351,24.377599999999997,26.3474,66.9152,10.5046,60.65,5.6006,45.814800000000005,35.8062,5.8214,20.852,23.490599999999997,4.0578,10.4026,34.0004,6.8666,12.3106,37.425599999999996,125.6508,29.137,48.0674,16.4678,22.8696,45.827400000000004,29.733400000000003,16.0226,24.735799999999998,19.380200000000002,18.3518,21.338,22.1758,12.215,52.727199999999996,13.698,15.016200000000001,39.997800000000005,62.735800000000005,26.7284,40.4602,16.4576,27.211599999999997,32.9512,16.599,13.215200000000001,31.4168,0.9172,43.2244,30.145599999999998,33.5032,24.1558,61.7204,33.1494,18.247799999999998,16.717,83.7404
70019391,73.1336,7.2926,9.413799999999998,8.2102,13.106200000000001,9.2614,12.7898,26.412599999999998,20.819599999999998,44.0328,48.8544,48.859199999999994,97.8952,44.4762,26.6022,7.6133999999999995,26.830599999999997,42.7556,30.0074,26.99,30.703,7.0752,0.0,14.1908,14.6168,78.09060000000001,59.696,26.545,17.3354,44.9204,27.886,39.2424,86.41680000000001,83.24719999999999,53.691,18.3044,32.626,27.9254,65.544,30.3338,20.857,14.2408,17.080599999999997,21.919400000000003,96.411,43.0342,39.462199999999996,21.4432,32.369,26.294400000000003,51.0206,66.714,39.390800000000006,51.7378,57.605599999999995,24.1906,21.561400000000003,98.194,13.8864,50.7094,25.0278,36.171,97.262,49.0802,5.0528,25.4114,17.2106,18.534200000000002,131.3324,10.2058,28.0242,8.356,39.1926,3.1064000000000003,93.0098,24.214599999999997,8.603399999999999,12.2606,43.0344,53.2156,54.74,15.334,27.026,26.8442,28.580599999999997,9.9934,44.7592,26.572,19.133,24.1098,20.7698,20.241799999999998,39.497,91.5974,36.325199999999995,4.8356,27.5578,81.39160000000001,114.8258,28.878400000000003,40.6752,40.623,32.982800000000005,20.8666,39.2424,5.9512,57.000800000000005,25.8532,25.107599999999998,25.6266,12.5948,13.6458,34.7264,4.0522,7.741,28.9634,30.9332,64.1052,14.5328,57.839800000000004,4.9092,43.0048,40.392,10.571,25.4378,28.076400000000003,5.9594,14.9884,31.8644,11.9984,7.7856000000000005,42.0114,122.8408,33.7228,52.6532,10.002799999999999,27.4554,43.0174,34.319199999999995,13.2126,21.9258,23.412200000000002,22.3838,18.528,19.3658,9.405,57.313,18.0088,8.551200000000001,44.5836,59.9258,31.3142,37.6502,9.992799999999999,33.2404,37.537,21.1848,17.8008,36.0026,7.6722,47.810199999999995,27.3356,38.089,19.4376,58.910199999999996,37.735,15.4378,10.252,80.93039999999999
70019392,67.3892,17.2022,12.0466,11.381200000000002,16.277,11.894,12.776,26.0224,25.5322,41.2434,53.0222,53.0272,92.15060000000001,38.7316,31.314799999999998,8.0224,26.4402,46.9236,26.8492,26.5996,30.3126,8.188600000000001,11.602799999999998,0.0,12.6184,75.3012,53.9514,26.1546,18.477400000000003,42.1312,25.109599999999997,36.4658,83.6274,77.5026,50.9018,23.017,29.8496,27.535,64.9224,29.9434,17.3498,17.4116,21.793,26.632,90.6664,47.2022,43.630199999999995,18.706799999999998,31.9788,31.0068,48.2314,63.937599999999996,36.6142,51.1162,59.275800000000004,34.933800000000005,8.3446,92.4494,24.957,47.920199999999994,22.2514,30.6448,91.5174,46.291,9.634,11.8,29.830599999999997,12.5688,125.5878,8.0564,25.247799999999998,17.904,36.416199999999996,14.6036,92.3882,23.8242,10.3002,10.969,44.7046,50.4264,51.9636,3.9015999999999997,28.432,21.1342,21.873,12.6262,39.0146,20.6564,13.1676,23.7196,17.9934,17.465400000000002,33.970800000000004,90.9758,33.167,13.331,24.781200000000002,78.615,109.0812,33.591,37.8988,37.846599999999995,32.5926,27.7724,36.466,8.650799999999998,56.3792,30.5658,22.331,27.0326,10.5964,18.3582,34.336,15.5496,14.6924,28.573,30.5428,63.483599999999996,3.1004,57.84,12.2168,37.2602,42.0622,2.4301999999999997,30.1504,27.686,11.926,12.866,43.2986,2.2198,7.5516000000000005,43.681599999999996,117.0962,33.3324,49.8768,13.1736,27.065,37.272800000000004,35.7254,11.2142,21.3042,10.1954,9.167,12.5626,13.4004,7.4014,58.9832,7.602399999999999,11.722,46.253800000000005,59.304,30.9238,34.531800000000004,13.1636,36.509800000000006,39.2072,18.448400000000003,15.0244,35.612199999999994,8.1192,49.4804,20.537,35.312599999999996,22.6086,56.121,34.9586,13.4394,13.422799999999999,80.3088
70019395,64.24940000000001,14.4344,0.9458,4.7188,5.4818,1.0708,19.172400000000003,32.795199999999994,27.2022,35.2042,57.491800000000005,57.4966,89.0108,35.592,34.382400000000004,9.6924,33.2132,51.393,21.1788,33.3726,37.0856,13.611799999999999,9.415,10.395,0.0,69.262,50.8116,32.9276,8.5068,36.092,34.2686,45.625,77.5882,74.363,44.8624,24.687,39.0086,34.308,56.7156,36.7162,27.2396,6.6164,23.4632,28.302,87.5266,51.6716,48.099599999999995,27.825599999999998,38.751599999999996,34.074400000000004,42.192,73.09660000000001,45.773199999999996,42.9092,63.9882,32.828,17.4316,89.3096,14.1592,41.8808,31.410400000000003,28.794,88.3776,40.2518,5.7863999999999995,16.5272,19.032799999999998,9.65,122.4482,3.5816,34.406800000000004,19.574,45.575199999999995,18.1256,84.1812,30.597,11.9704,21.787200000000002,49.417,44.387,61.1226,17.4738,33.4086,19.4674,34.9632,0.2732,35.875,19.195,10.2488,30.4924,27.1524,26.6244,32.12,82.7688,27.496599999999997,16.8528,33.9402,87.7742,105.94160000000001,35.261,47.0578,47.0056,39.3654,29.504,45.625,4.8031999999999995,48.1722,33.6334,31.49,32.009,2.432,20.0284,41.109,17.750799999999998,6.3448,35.345800000000004,37.3158,55.2766,16.6728,49.0114,13.887,34.120599999999996,46.7746,11.561,33.218,34.458800000000004,15.448,21.371,40.5018,10.6738,3.6515999999999997,48.394,113.95660000000001,40.1054,59.0358,4.479,33.8378,34.133199999999995,40.701800000000006,4.384,13.0972,16.4958,18.254,9.643799999999999,10.4816,3.1314,63.6956,12.5074,3.2894,50.9662,51.097199999999994,37.6968,28.8216,4.469,41.8778,43.919599999999996,27.567400000000003,24.183400000000002,42.3852,14.3376,54.192800000000005,18.4512,44.471599999999995,11.8134,50.0818,44.117599999999996,6.6091999999999995,2.8098,72.1018
70019399,41.695800000000006,87.3534,80.20960000000001,71.2402,65.96839999999999,81.0336,84.12819999999999,97.7512,92.158,37.721199999999996,115.0366,115.0416,23.0438,48.5582,112.91839999999999,74.6484,98.169,108.938,49.8258,98.32839999999999,102.0414,78.5676,77.6442,75.1322,79.26939999999999,0.0,33.866,97.8834,62.751,38.670199999999994,97.8762,99.5288,14.1084,6.4396,27.165,89.64280000000001,95.5902,99.264,41.707,101.6722,97.415,65.65339999999999,88.419,93.258,42.303599999999996,109.2166,105.64460000000001,98.772,103.7076,112.6104,27.876,131.316,107.325,43.63,128.9442,111.3638,75.58,23.3424,76.90360000000001,29.2412,101.25460000000001,59.5388,43.1546,31.1116,73.2866,71.6002,82.687,65.3208,56.5644,69.99260000000001,98.0144,84.53,99.479,83.08139999999999,22.694200000000002,95.553,76.9262,91.0342,114.3728,26.0272,115.0264,82.3744,98.36439999999999,64.6752,106.405,79.537,48.8412,64.1976,64.366,95.44839999999999,98.0588,97.5306,62.8648,24.1752,50.955400000000004,81.8088,98.1604,149.3258,40.0576,100.217,108.6096,108.5572,104.3214,108.04,107.17660000000001,72.3032,32.4386,112.1694,101.3342,96.965,79.3588,84.9842,106.0648,81.5612,73.9722,100.3018,102.2718,43.091800000000006,81.57339999999999,31.672,78.8428,49.0856,111.73039999999999,77.28580000000001,111.754,99.4148,80.4038,86.327,98.04660000000001,75.6798,70.6582,113.35,45.0886,105.0612,112.93960000000001,72.45339999999999,98.7938,49.0982,105.6576,66.746,57.671800000000005,71.5686,77.2416,65.3146,64.2942,69.2638,128.6514,70.06219999999999,71.0018,115.922,31.266,102.6526,44.347199999999994,72.44319999999999,99.42280000000001,108.8756,98.51360000000001,95.0898,107.3412,79.29360000000001,119.1486,64.725,106.0232,63.647400000000005,22.046400000000002,105.6694,62.2828,68.4526,38.0616
70019407,36.176199999999994,68.17580000000001,51.848800000000004,56.128800000000005,55.6624,52.6728,66.045,79.668,74.0748,24.8074,107.667,107.6718,44.1,20.197400000000002,84.55760000000001,56.5652,80.0858,101.56819999999999,33.1244,80.2452,85.7266,60.4844,59.5608,54.41,50.9088,33.9534,0.0,79.8002,46.0496,17.4968,69.5154,71.168,41.7654,28.3002,21.604400000000002,71.5596,67.2294,85.4638,39.8384,85.3574,69.0542,56.797,70.3358,75.17460000000001,59.4536,101.8468,98.2748,70.4112,87.39280000000001,84.2496,16.5136,102.95519999999999,78.96419999999999,35.1722,110.8608,83.00319999999999,47.219199999999994,44.3986,64.3344,17.8788,72.8938,31.178,60.3046,19.749,58.1752,43.2394,69.208,46.440400000000004,77.5372,51.9094,69.65360000000001,66.4468,71.1182,64.9982,50.351,77.4698,58.843,62.6734,96.28960000000001,20.4666,86.66560000000001,54.0138,80.2812,36.3146,78.0442,51.176199999999994,20.480400000000003,35.836800000000004,47.039199999999994,77.3652,69.698,69.16980000000001,34.504,51.832,27.910400000000003,63.7256,69.79960000000001,120.965,61.0306,82.13380000000001,80.2488,80.1964,88.0066,79.6792,78.816,57.1918,21.0762,83.80860000000001,72.9734,78.8818,50.998,66.901,89.75,67.926,58.860800000000005,82.21860000000001,85.957,41.2232,53.2126,4.429600000000001,60.7596,20.7248,93.6472,55.1752,83.3932,81.33160000000001,62.3206,64.5706,90.677,54.9576,52.575,95.26660000000001,66.06160000000001,88.7464,84.5788,57.341800000000006,82.479,20.7374,87.5744,49.3352,40.9704,43.208,48.8808,46.4342,47.272,51.1806,110.56819999999999,49.340199999999996,55.8904,97.8388,30.1948,84.56939999999999,24.7988,57.3318,92.053,90.7922,70.153,66.729,91.0264,61.2104,101.0654,36.3642,77.66239999999999,46.946,16.485599999999998,77.30860000000001,51.560199999999995,52.9904,38.0604
70019410,94.38419999999999,19.645400000000002,33.7812,33.1158,38.0118,33.628800000000005,18.3712,2.0956,8.5054,65.2834,33.030800000000006,33.0358,119.14580000000001,65.7268,21.8912,26.5248,0.2856,35.186800000000005,51.258,0.6464,8.445,24.119799999999998,26.4238,28.5512,35.8672,99.3412,80.9464,0.0,38.586,66.171,18.2638,29.64,107.6674,104.4978,74.94160000000001,11.188799999999999,23.004,1.3804,86.7946,9.183,11.875200000000001,39.1462,12.0434,10.9728,117.6614,35.4654,31.8936,6.1974,5.9254,21.5832,72.2712,57.091800000000006,29.7686,72.9884,27.848200000000002,25.5104,34.593199999999996,119.44439999999999,25.505599999999998,71.96,15.4058,57.4216,118.5124,70.3308,31.3688,38.0484,23.9612,39.784800000000004,152.583,31.456400000000002,18.4022,17.3868,29.590400000000002,25.110599999999998,114.26039999999999,6.5611999999999995,24.648,19.1962,12.926,74.4662,45.137800000000006,28.369400000000002,11.5146,48.094800000000006,10.217799999999999,34.360800000000005,66.0098,47.8226,40.3836,6.421,15.6894,16.1626,60.7476,112.848,57.5758,23.837799999999998,17.935599999999997,71.76939999999999,136.0764,22.5732,31.0532,31.000799999999998,11.8322,18.3488,29.6204,30.3854,78.25139999999999,21.1422,15.4854,10.115200000000002,33.8452,16.9452,9.2362,26.0566,31.7916,4.594600000000001,9.7826,85.3558,27.5684,79.09039999999999,24.0412,64.2554,14.3886,27.140400000000003,20.7268,3.7076,22.4328,19.514400000000002,27.677400000000002,27.6142,30.7512,23.7412,144.0914,12.572,43.0508,34.908199999999994,3.4608000000000003,64.268,18.808,34.4632,43.1764,36.444,35.4156,39.7786,40.6164,30.6556,27.2046,34.168800000000005,33.4568,26.3134,81.1764,6.945600000000001,58.900800000000004,34.898199999999996,27.0864,22.2898,6.4558,13.7246,10.5124,24.573400000000003,17.7016,51.935199999999995,28.4668,42.596199999999996,80.16080000000001,29.406200000000002,36.6884,35.1574,102.181
70019414,65.1228,25.6806,8.267,12.5514,8.7226,8.3922,22.4554,36.0784,30.4852,29.9284,64.095,64.1,89.88419999999999,36.4654,36.268,12.9756,36.496199999999995,57.9964,15.903,36.6556,40.3686,16.8948,15.971200000000001,13.788799999999998,7.3268,63.9862,51.685,36.2106,0.0,30.816200000000002,37.5516,54.1284,72.3124,75.23639999999999,39.5866,27.97,42.2918,37.5912,51.439800000000005,39.9994,30.522599999999997,7.4792,26.7462,31.5852,88.4,58.275,54.703,31.1088,42.034800000000004,35.96,36.916199999999996,76.37960000000001,49.056400000000004,37.6334,67.2714,39.4312,24.0612,90.183,20.762400000000003,36.605,34.693400000000004,26.3998,89.251,34.976,12.204,18.2952,25.636,7.650399999999999,123.3216,8.319799999999999,37.69,22.857200000000002,54.0788,21.4086,78.9054,33.880199999999995,15.2534,25.070400000000003,52.7,39.1112,69.6262,20.757,36.6916,18.8334,38.246199999999995,7.594399999999999,36.7482,18.561,6.695600000000001,33.7756,30.435599999999997,29.907400000000003,29.7258,77.493,22.2208,20.136,37.2234,91.0572,106.815,38.5442,50.341,50.288599999999995,42.6486,36.1074,48.908199999999994,11.220600000000001,42.8964,35.519,34.773199999999996,35.292199999999994,7.4162,23.311400000000003,44.392,22.354599999999998,15.2834,38.629,40.598800000000004,50.000800000000005,19.9558,43.7356,17.17,34.994,50.0576,15.994,35.1034,37.742,18.731,24.6542,47.105,13.9828,8.9854,51.677,114.83,43.388400000000004,67.5392,11.8002,37.121,35.0066,43.9848,5.0732,7.8214,18.2638,24.8834,7.6442,6.6238,7.591,66.9786,14.2756,12.313,54.249199999999995,45.821400000000004,40.979800000000004,23.5458,11.7902,41.463,47.2026,30.8504,27.4666,45.6684,17.6208,57.4758,19.3246,47.754599999999996,11.822,44.806,47.400800000000004,4.2094,9.413200000000002,66.826
70019420,52.8074,54.105599999999995,36.517,37.9924,32.7208,36.887800000000006,50.8806,64.5034,58.9104,10.957600000000001,81.789,81.7938,54.6218,21.497,64.693,41.4006,64.9214,75.69019999999999,16.578200000000002,65.0808,68.7938,45.32,44.3964,41.8844,35.752,39.152800000000006,17.605400000000003,64.6358,29.503400000000003,0.0,67.67460000000001,69.32719999999999,47.4788,38.822199999999995,14.753200000000001,56.395199999999996,65.3886,66.0162,34.847,68.42439999999999,57.147800000000004,32.4056,55.1712,60.0102,76.08460000000001,75.9688,72.3968,58.5048,70.4598,64.385,12.082799999999999,101.11439999999999,77.12339999999999,21.055400000000002,95.6964,62.176199999999994,40.0066,54.9206,43.655800000000006,11.771600000000001,62.0494,22.618599999999997,76.93560000000001,10.1424,40.0388,36.7134,49.4394,32.073,88.0592,36.745,67.81280000000001,51.282199999999996,69.2774,49.833800000000004,56.0646,62.3052,43.678599999999996,50.767,81.12519999999999,14.2778,84.8248,42.1074,65.1166,32.647400000000005,61.6712,36.019400000000005,21.0212,32.54,31.1182,62.2006,57.791599999999995,57.263400000000004,25.944599999999998,57.5456,12.0462,48.561,67.9588,119.1242,71.55260000000001,66.9692,78.408,78.35560000000001,71.0736,60.067800000000005,76.9752,39.0556,16.590400000000002,63.944,62.1292,63.7172,35.8412,51.736599999999996,72.8172,48.3134,40.7244,67.054,69.024,33.4228,41.3062,13.138,45.5952,23.3654,78.4826,44.038,63.5286,66.167,47.1562,53.0792,64.799,42.432,37.4104,80.1022,76.5834,71.81360000000001,82.738,39.2056,65.546,23.378,72.41,33.4982,24.4242,35.109,40.8288,32.0668,31.046400000000002,36.0162,95.4038,36.8146,37.754,82.67439999999999,23.51,69.405,11.0994,39.1956,66.175,75.62780000000001,58.2466,54.8226,74.09339999999999,46.0458,85.901,34.5234,75.8216,30.3996,19.9724,75.4678,29.0352,35.204800000000006,50.2334
70019425,83.1268,24.069599999999998,33.750800000000005,33.0854,37.981199999999994,33.5982,15.875200000000001,20.1988,24.463,66.971,52.0114,52.016400000000004,107.8882,54.4694,34.6588,27.276799999999998,18.747400000000003,50.2674,52.5766,19.3798,18.547400000000003,21.802599999999998,26.3932,25.9588,35.836800000000004,98.8936,69.689,19.286,38.5556,67.8588,0.0,13.811200000000001,110.138,93.2404,76.6292,26.360799999999998,5.377800000000001,18.284599999999998,86.7642,18.1782,18.2796,39.1158,25.137,26.930400000000002,106.404,50.546,46.974,14.931,20.2136,34.3508,73.9588,39.4656,12.1424,72.958,44.7678,38.277800000000006,27.9512,108.187,35.8602,73.64760000000001,3.4154,46.3826,107.255,72.0186,31.3382,32.4702,36.729,36.543,141.3256,31.426,0.1754,21.2462,13.7614,25.08,114.23,19.578599999999998,24.6174,16.6038,29.845599999999997,76.1538,29.308799999999998,25.777,27.4722,36.8762,10.865,34.330400000000004,54.7524,36.3986,37.1418,22.3786,8.396,8.869200000000001,49.7086,112.8176,54.0358,23.8074,0.3212,54.1432,124.819,36.935,13.4268,13.374600000000001,20.8274,31.1162,11.994,30.355,78.4664,33.909800000000004,3.4951999999999996,26.0728,33.814800000000005,21.700599999999998,22.5708,26.026,31.761,22.7494,18.7778,85.32539999999999,24.976,73.5776,24.0108,52.998,31.3082,24.548,33.4942,21.8624,22.4024,17.0186,46.6426,25.0218,30.7208,42.7218,132.834,21.5672,27.222,34.8778,15.2998,53.0106,34.7656,34.4328,43.146,33.8516,25.134400000000003,36.5368,37.3746,30.625,44.124199999999995,31.576400000000003,33.426199999999994,45.294,81.14580000000001,23.8652,60.2594,34.8678,39.8538,38.2474,14.672600000000001,14.314200000000001,23.8472,20.843400000000003,34.621199999999995,36.915800000000004,10.8406,42.5658,81.8486,10.486799999999999,36.6578,35.127,102.15060000000001
70019426,84.3502,35.2504,44.931599999999996,44.266,49.162,44.779,27.056,31.408,35.6722,68.19439999999999,63.2206,63.2256,109.1118,55.692800000000005,45.839400000000005,38.4574,29.956599999999998,61.4482,53.8,30.589,29.7566,32.9834,37.574,37.1396,52.6794,100.117,70.91239999999999,30.4952,54.134,69.0822,13.3522,0.0,111.36139999999999,94.4638,77.85260000000001,37.541599999999995,11.0662,29.4938,93.6008,29.387400000000003,29.4602,50.2964,36.3176,38.1396,107.6274,61.726800000000004,58.1548,26.1118,31.4228,45.531400000000005,75.1822,31.9994,22.801,79.7946,55.977,49.4586,29.174599999999998,109.4104,47.041,74.871,16.7306,47.606,108.4784,73.242,42.519,33.693599999999996,47.909800000000004,48.2256,142.549,42.6066,13.4904,32.427,0.24,36.2608,119.947,30.7878,35.798199999999994,27.784599999999998,41.0548,77.3772,15.71,28.849,38.681599999999996,38.099599999999995,22.0744,45.511,55.9758,37.622,48.824400000000004,33.5878,19.5768,20.049799999999998,50.932,119.6542,55.2592,34.988,13.6364,50.3134,126.0424,48.1156,24.0856,24.0332,32.0366,42.297,22.6528,41.535599999999995,79.6898,45.0904,16.8104,37.282,44.995599999999996,32.8812,33.780199999999994,37.2068,42.9418,33.9586,29.987,92.162,29.453799999999998,74.8012,35.1914,54.2214,42.5174,35.7286,44.675,33.0716,33.5832,28.1992,57.8232,36.2026,41.9014,53.931,134.0574,32.7766,13.623,46.0586,26.509,54.234,45.9748,51.1044,56.960800000000006,35.764,26.3578,48.2194,49.057199999999995,41.805800000000005,55.333400000000005,40.2424,44.607,56.5032,87.9826,35.074400000000004,61.482800000000005,46.0484,51.0344,49.4566,25.8534,25.494799999999998,35.056400000000004,32.0242,45.830400000000004,38.139199999999995,21.499200000000002,59.2374,83.072,21.145400000000002,53.3296,46.3076,108.9872
70019429,53.7742,95.6418,78.0532,79.52860000000001,74.2568,78.424,92.41680000000001,106.03960000000001,100.4466,46.009800000000006,123.3252,123.33,34.8048,60.6366,106.22919999999999,82.9368,106.4576,117.2264,58.1144,106.617,110.3298,86.856,85.93260000000001,83.42060000000001,77.2882,13.875399999999999,42.2038,106.172,71.03960000000001,46.958800000000004,109.95439999999999,111.607,0.0,18.517799999999998,35.4536,97.9314,107.66839999999999,107.55239999999999,40.7992,109.9606,98.684,73.9418,96.70739999999999,101.54639999999999,51.7564,117.505,113.933,100.041,111.996,105.9212,36.1644,143.3942,119.4032,41.446400000000004,137.23260000000002,103.71239999999999,81.54260000000001,35.1036,85.192,37.5298,113.3328,71.6172,52.6074,39.4,81.575,83.6784,90.9756,73.6092,50.704800000000006,78.2812,110.0928,92.8184,111.5572,91.37,9.348,103.8414,85.2146,92.3032,122.6614,34.315599999999996,127.1048,83.6434,106.6528,76.7536,103.20739999999999,77.55560000000001,60.919599999999996,76.2758,72.6544,103.7368,99.3278,98.79960000000001,74.94319999999999,10.829,59.2438,90.0972,110.2386,161.404,31.2514,108.5054,120.68780000000001,120.63560000000001,112.6098,101.6038,119.255,80.5918,40.727,105.4802,113.41260000000001,105.2534,77.3774,93.2728,114.3534,89.84960000000001,82.26060000000001,108.5902,110.5602,42.184,82.8424,38.0534,87.13119999999999,61.1638,120.0188,85.57419999999999,105.0648,107.7032,88.6922,94.6154,106.3352,83.9682,78.9466,121.63839999999999,51.227199999999996,113.3498,125.01780000000001,80.7418,107.0822,61.1766,113.94619999999999,75.03439999999999,65.96039999999999,76.6452,82.365,73.603,72.5826,77.5522,136.94,78.3508,79.2902,124.2106,34.361,110.941,52.6356,80.7318,107.71119999999999,117.164,99.7826,96.3588,115.62960000000001,87.582,127.437,76.8032,118.1016,71.9358,30.334799999999998,117.7476,70.5714,76.741,24.715400000000002
70019455,36.1254,90.9662,74.6392,78.9192,78.4528,75.4632,88.83539999999999,102.4584,96.8652,41.410199999999996,130.4574,130.4622,20.9426,42.9878,107.348,79.35560000000001,102.8762,124.35860000000001,54.6962,103.0356,108.517,83.2748,82.35119999999999,77.20039999999999,73.69919999999999,6.553,28.2956,102.59060000000001,67.6214,39.068400000000004,92.3058,93.9584,17.797400000000003,0.0,30.8538,94.35,90.0198,108.2542,45.3958,108.1478,91.8446,79.58739999999999,93.1262,97.965,38.8166,124.63719999999999,121.06519999999999,93.2016,110.1832,107.04,31.564799999999998,125.74560000000001,101.75460000000001,47.3188,133.65120000000002,105.79360000000001,70.0096,21.241400000000002,87.12480000000001,32.9302,95.6842,53.9684,39.6676,34.8004,80.96560000000001,66.02980000000001,91.99839999999999,69.2308,54.3798,74.6998,92.444,89.2372,93.9086,87.7886,26.383,100.2602,81.6334,85.4638,119.08,29.716,109.456,76.8042,103.0716,59.105,100.8348,73.9666,43.2708,58.627199999999995,69.8296,100.1556,92.4884,91.9602,57.2944,27.864,53.498,86.516,92.59,143.75539999999998,37.8732,104.9242,103.0392,102.9868,110.797,102.4696,101.6064,79.98219999999999,36.1274,106.599,95.7638,101.6722,73.7884,89.69139999999999,112.54039999999999,90.7164,81.6512,105.009,108.7474,46.7806,76.003,26.101599999999998,83.55,43.5152,116.4376,77.96560000000001,106.18360000000001,104.122,85.111,87.361,113.4674,77.748,75.3654,118.057,42.904199999999996,111.5368,107.36919999999999,80.1322,105.26939999999999,43.527800000000006,110.3648,72.1256,62.542199999999994,65.99839999999999,71.6712,69.22460000000001,70.0624,73.971,133.3586,72.1306,78.6808,120.6292,34.954800000000006,107.3598,46.370400000000004,80.12219999999999,114.84339999999999,113.5826,92.9434,89.51939999999999,113.8168,84.0008,123.8558,59.1546,100.4528,68.5176,25.7352,100.099,74.3506,75.7808,41.7504
70019459,53.3194,60.6442,43.0556,44.531,39.2592,43.4264,57.419,71.042,65.4488,11.012,88.3274,88.33239999999999,45.3924,36.5264,71.2316,47.9392,71.4598,82.2288,23.1166,71.61919999999999,75.3322,51.8584,50.9348,48.423,42.2904,26.7712,17.639400000000002,71.1742,36.0418,11.961,74.2132,75.8656,35.0974,31.4138,0.0,62.9336,71.927,72.5548,26.33,74.963,63.6864,38.944199999999995,61.7098,66.5488,64.6524,82.50739999999999,78.93539999999999,65.0434,76.99839999999999,70.92360000000001,1.1668,107.6528,83.662,16.9208,102.235,68.7148,46.545,45.691199999999995,50.194199999999995,2.532,68.588,33.6136,65.5034,4.402399999999999,46.577400000000004,43.252,55.9778,38.611599999999996,78.913,43.2834,74.3514,57.820800000000006,75.816,56.3722,43.683,68.8438,50.217,57.3056,87.6636,1.8962,91.3634,48.6458,71.6552,39.186,68.20960000000001,42.558,36.050599999999996,39.0784,37.656800000000004,68.7392,64.33,63.802,36.9396,45.164,24.2462,55.099599999999995,74.4974,125.6628,62.406400000000005,73.5078,84.9464,84.8942,77.6122,66.6062,83.51360000000001,45.594,5.7294,70.4826,68.66760000000001,70.25580000000001,42.3798,58.275,79.35560000000001,54.852,47.263,73.5926,75.5624,27.715,47.8446,14.576600000000001,52.1336,38.394800000000004,85.0212,50.5766,70.067,72.7056,53.6946,59.6178,71.33739999999999,48.9706,43.949,86.6406,67.4374,78.352,89.2766,45.744,72.08460000000001,38.4074,78.94839999999999,40.0368,30.9626,41.647400000000005,47.3674,38.6054,37.585,42.5546,101.9422,43.353,44.2926,89.2128,12.6492,75.9434,17.638,45.734,72.7136,82.1662,64.785,61.361,80.632,52.5844,92.43939999999999,41.062,82.36019999999999,36.938199999999995,7.5908,82.00619999999999,35.5736,41.7434,31.405
70019470,86.4646,9.651,25.8616,25.196,26.3064,25.709,13.252600000000001,9.7596,3.0408000000000004,57.3636,34.2004,34.205400000000004,111.226,57.807,12.493,18.605,10.1776,28.1018,43.3382,10.337,16.956,16.200200000000002,18.504,25.5028,27.947599999999998,91.42160000000001,73.02680000000001,9.892,30.666400000000003,58.251400000000004,25.6676,37.043800000000005,99.7476,96.5782,67.022,0.0,30.407799999999998,11.2724,78.875,16.5868,8.640799999999999,31.226599999999998,2.645,4.1408000000000005,109.7418,28.3804,24.808400000000002,11.5012,18.6222,12.185,64.3516,64.4956,37.1724,65.0688,43.4964,16.112,32.0678,111.5248,16.107200000000002,64.0404,22.8096,49.5018,110.5928,62.411199999999994,23.449,38.7424,14.563,31.865,144.6634,23.5368,25.806,8.646,36.9942,17.1908,106.3408,10.467600000000001,16.7282,15.5402,28.9252,66.54660000000001,52.541599999999995,25.844,14.524,40.1752,17.621599999999997,26.441200000000002,58.09,39.902800000000006,32.464,9.430399999999999,18.3792,17.851,52.8278,104.9282,49.656,15.9182,25.3394,79.1732,128.1568,14.769200000000001,38.457,38.4048,19.236,8.9506,37.0242,22.465799999999998,70.3318,11.744,22.889200000000002,13.124600000000001,25.9256,9.0256,20.979599999999998,16.4802,23.8718,12.3102,17.186400000000003,77.4362,25.0428,71.1708,16.1216,56.335800000000006,26.2826,21.5626,11.3286,11.423200000000001,14.513200000000001,15.4514,24.4768,22.6884,22.831599999999998,27.9022,136.1718,19.9758,50.4546,26.988599999999998,13.7084,56.3484,21.8172,26.543599999999998,35.256800000000005,33.9184,32.89,31.859,32.6966,22.735799999999998,43.2038,30.9234,25.537,30.474400000000003,73.2566,14.661200000000001,50.981,26.9786,17.688,23.427799999999998,11.7596,15.410200000000001,22.2558,16.6538,33.7008,40.6664,35.870599999999996,34.6766,72.24119999999999,36.81,28.7686,27.2378,94.2614
70019475,78.5858,28.7242,38.405199999999994,37.7398,42.6358,38.2528,20.529799999999998,24.8532,29.1174,62.43,56.665800000000004,56.6708,103.3474,49.9284,39.313199999999995,31.9312,23.401799999999998,54.922,48.035599999999995,24.0344,23.202,26.4572,31.0478,30.613400000000002,40.4912,94.35260000000001,65.148,23.9406,48.3696,63.317800000000005,4.6916,9.2702,105.597,88.6994,72.0882,31.0152,0.0,22.9392,87.8366,22.8326,22.934,43.770199999999996,29.791400000000003,31.584799999999998,101.863,55.2004,51.6286,19.5854,24.868,39.005199999999995,69.4178,41.0574,14.1404,74.0302,49.4222,42.932199999999995,23.4102,103.646,40.5148,69.1066,8.07,41.8416,102.714,67.47760000000001,35.9928,27.9292,41.3836,42.4612,136.7846,36.080400000000004,4.8298000000000005,25.900599999999997,9.2204,29.734599999999997,114.18260000000001,24.2332,29.272,21.2584,34.5,71.61280000000001,24.767799999999998,23.0846,32.126799999999996,32.3352,15.5196,38.9848,50.211400000000005,31.857599999999998,43.06,27.0332,13.0504,13.5236,45.1676,113.88980000000001,49.494800000000005,28.4618,4.9758000000000004,56.1412,120.278,41.589400000000005,15.4248,15.3726,25.4818,35.7708,13.992,35.0094,73.9254,38.5642,8.1496,30.727400000000003,38.4694,26.355,27.2254,30.6806,36.4156,27.4038,23.4322,86.39760000000001,23.689400000000003,69.0366,28.665200000000002,48.457,35.9626,29.2024,38.1488,26.5168,27.0568,21.673,51.297,29.6764,35.3752,47.376400000000004,128.293,28.2954,22.681,39.532199999999996,19.9542,48.4696,39.42,39.087199999999996,51.196400000000004,29.999599999999997,20.593400000000003,42.455,43.2928,35.2796,48.7786,34.478,38.0808,49.9486,82.2182,28.519599999999997,55.7184,39.5222,44.508199999999995,42.902,19.3272,18.9686,28.5016,25.498,39.275800000000004,32.3748,12.8386,47.2202,77.30760000000001,12.4846,41.312400000000004,39.781400000000005,103.2228
70019476,94.9248,20.186,34.3218,33.656400000000005,38.5524,34.1694,18.9118,2.0052,8.4148,65.824,32.940400000000004,32.9452,119.68639999999999,66.2674,21.8008,27.0652,0.42560000000000003,35.0964,51.7986,1.187,8.3546,24.660400000000003,26.9644,29.0918,36.4078,99.8818,81.487,0.9642000000000001,39.126599999999996,66.7116,18.8044,30.1806,108.208,105.0384,75.48219999999999,11.0984,23.5446,0.0,87.3352,10.9666,12.415799999999999,39.686800000000005,11.9528,10.882200000000001,118.202,35.375,31.803,6.738,5.835,21.4928,72.8118,57.632400000000004,30.3092,73.529,27.7578,25.4198,35.1338,119.985,25.415,72.5006,15.946200000000001,57.962,119.053,70.8714,31.9094,38.589,23.8708,40.3254,153.1236,31.997,18.9428,17.927400000000002,30.131,25.6512,114.801,7.1018,25.1884,19.7368,12.8354,75.0068,45.6784,28.91,11.4242,48.635400000000004,10.7584,34.9014,66.5504,48.3632,40.9242,6.3306000000000004,16.23,16.703200000000002,61.288199999999996,113.38860000000001,58.1162,24.378400000000003,18.476200000000002,72.31,136.617,22.4828,31.593799999999998,31.541400000000003,12.3728,18.2584,30.161,30.926,78.792,21.0518,16.026,10.024799999999999,34.3858,17.485799999999998,9.1456,26.597,32.3322,4.5042,10.3232,85.8964,28.109,79.631,24.581799999999998,64.796,14.298200000000001,27.680799999999998,20.636400000000002,3.6172,22.9734,20.055,27.587,28.154799999999998,31.2918,23.6508,144.632,13.1126,43.5914,35.448800000000006,3.718,64.8086,18.7174,35.003800000000005,43.717,36.9846,35.956199999999995,40.319199999999995,41.157,31.1962,27.114,34.7094,33.9974,26.223,81.717,6.855,59.441199999999995,35.4388,26.9958,22.1994,6.9963999999999995,14.2652,10.422,25.114,17.6112,52.4758,29.0074,43.1368,80.70139999999999,29.9468,37.229,35.698,102.72160000000001
70019480,83.7638,74.2068,56.618199999999995,58.093599999999995,52.8218,56.989,70.9816,84.6044,79.0114,25.738599999999998,101.89,101.895,76.4898,52.4534,84.794,61.501599999999996,85.02239999999999,95.7912,38.998,85.18180000000001,88.8948,65.421,64.4974,63.869,55.853,41.0282,39.7558,84.7368,49.6044,33.586400000000005,90.0946,91.747,41.0698,45.6706,25.2924,76.4962,87.80860000000001,86.1172,0.0,88.52560000000001,79.0488,52.5066,75.27239999999999,80.1112,78.9092,96.0698,92.498,79.635,90.5608,84.486,24.1346,123.5342,99.54339999999999,14.3736,115.7974,82.2772,62.4264,76.7886,63.756800000000005,25.5,83.2196,49.495,79.7602,22.8168,60.14,62.8188,69.54039999999999,52.1742,75.5562,56.846,90.2328,71.3832,91.69739999999999,69.93480000000001,32.050200000000004,82.40639999999999,63.7796,73.59639999999999,101.22619999999999,24.817,107.2448,67.7706,85.2178,55.0674,86.77239999999999,56.120599999999996,51.977599999999995,54.9598,51.219199999999994,82.30160000000001,78.9616,78.43360000000001,52.821,30.6378,40.1276,68.6622,85.7496,141.54420000000002,66.36919999999999,87.0702,100.8278,100.77560000000001,91.17460000000001,80.1688,99.395,59.1566,20.3362,84.045,83.2992,83.8184,55.9424,71.83760000000001,92.9182,68.41460000000001,60.8254,87.1552,89.125,2.0282,66.9696,35.6054,65.69619999999999,54.3216,98.5838,64.52,83.62960000000001,86.2682,67.2572,73.1802,84.9,64.4166,57.5116,100.2032,87.24380000000001,91.91460000000001,105.158,59.306599999999996,85.6472,54.3344,92.511,53.5994,44.5252,57.528800000000004,63.2488,52.168,51.147400000000005,56.1172,115.5048,58.7992,57.855199999999996,102.77539999999999,15.236600000000001,89.506,33.519400000000005,59.2966,86.276,95.7288,79.37660000000001,75.99260000000001,94.19439999999999,66.1468,106.002,56.943400000000004,98.2416,50.5006,27.764400000000002,97.8876,49.136199999999995,55.305800000000005,19.9708
70019482,95.5658,20.827,34.9628,34.2974,39.1932,34.810199999999995,19.552599999999998,8.3628,12.627,66.465,40.1754,40.1804,120.32719999999999,66.9084,26.013,27.7062,6.9113999999999995,39.3086,52.4394,7.544,5.187399999999999,25.3014,27.6052,29.7328,37.0488,100.5228,82.128,7.4502,39.7676,67.35260000000001,19.055400000000002,30.4316,108.8488,105.6794,76.1232,15.3104,23.7954,6.448600000000001,87.97619999999999,0.0,13.056799999999999,40.3278,16.165,15.0944,118.843,39.587199999999996,36.0152,7.379,6.8536,25.705,73.4528,55.1042,27.2428,74.17,32.9318,29.632,35.774800000000006,120.626,29.627200000000002,73.14160000000001,16.197200000000002,58.603,119.694,71.5124,32.550200000000004,39.23,28.083,40.9662,153.7646,32.638,19.1936,18.5684,30.3818,26.292,115.442,7.7428,25.8294,20.3778,18.0096,75.6478,45.929199999999994,29.551,15.6364,52.6872,11.0092,35.5424,67.1912,52.2094,41.5652,10.5428,16.481,16.9542,61.929,114.0296,58.7572,25.0194,18.727,69.7818,137.258,26.695,28.5272,28.475,7.4672,22.470599999999997,27.0944,31.567,79.433,25.264,16.276799999999998,14.236799999999999,35.0268,18.1268,9.210799999999999,27.238,32.973,10.9134,5.4176,86.53739999999999,28.7498,80.272,25.2228,65.437,19.4722,28.3218,24.8484,10.026399999999999,23.6144,20.696,31.7992,28.7958,31.9328,30.886,145.273,8.2072,43.842400000000005,36.089800000000004,3.4638,65.4496,22.929599999999997,35.644800000000004,44.358,37.6254,36.597,40.9602,41.798,31.837,32.2882,35.3504,34.6382,33.458,82.3578,12.029200000000001,60.0822,36.079800000000006,31.208,26.4116,7.6373999999999995,14.9062,10.487,25.755,22.785400000000003,52.7266,26.1166,43.777800000000006,81.3424,25.0412,37.869800000000005,36.339,103.3626
70019495,82.09360000000001,12.8762,27.0122,26.3466,31.2426,26.859599999999997,8.2248,10.783,9.8886,58.514199999999995,37.7318,37.7368,106.855,53.4362,19.642,19.755599999999998,11.201,35.2506,44.488800000000005,11.3604,15.0732,17.3506,19.6546,18.404799999999998,29.098200000000002,92.572,68.6558,10.9154,31.8168,59.4018,18.5834,29.9396,100.8982,92.2072,68.1724,11.344,23.323400000000003,12.2958,80.02539999999999,14.704,0.0,32.377,8.481,10.5788,105.3708,35.529199999999996,31.9574,5.3178,16.7394,19.334,65.502,57.4114,30.088,66.2192,44.0366,23.261,24.4468,107.1538,23.2566,65.1908,15.725200000000001,50.6524,106.2218,63.5616,24.5996,27.902,21.7122,28.989,140.2924,24.6872,18.7216,10.6176,29.89,18.3414,107.49119999999999,8.5848,17.8788,9.0498,29.4652,67.697,45.437400000000004,18.223,13.1928,36.599599999999995,15.7388,27.5916,53.719,36.122,29.587799999999998,8.4802,11.4672,10.939200000000001,53.9784,106.0788,50.806599999999996,17.0686,18.255,72.0888,123.78580000000001,21.918200000000002,31.3726,31.320400000000003,17.3532,16.0994,29.939799999999998,23.6162,71.48219999999999,18.893,15.804799999999998,11.7934,27.0762,10.176,19.0966,19.2874,25.0224,13.3336,15.303600000000001,78.5866,17.422,72.5444,17.272,51.964800000000004,26.8228,16.994,18.477400000000003,12.4466,15.663799999999998,9.368,31.625799999999998,17.4678,23.982,28.442400000000003,131.80079999999998,18.093,43.3504,28.139200000000002,11.8256,51.9774,20.486,27.694,36.407199999999996,26.2976,25.2692,28.9828,29.8206,23.886400000000002,43.744,24.0224,26.6876,31.014599999999998,74.4072,15.6844,49.216,28.129,24.837,23.968,5.0596000000000005,8.4982,20.373,13.289399999999999,34.241,36.639199999999995,28.7864,35.8272,73.39160000000001,28.4324,29.9192,28.3882,95.4118
70019508,68.76219999999999,20.1178,5.8042,7.2796,1.7912000000000001,6.175,23.2016,36.8246,31.2316,30.8782,51.668800000000005,51.6738,93.5236,42.719,34.0166,13.7218,37.2424,45.5702,20.1522,37.402,41.1148,17.641,12.954600000000001,16.895599999999998,10.4306,64.936,55.324400000000004,36.9568,7.4803999999999995,31.7658,38.2978,49.654199999999996,73.262,78.8758,40.5364,28.7164,43.038,38.3374,52.3894,40.745599999999996,31.2688,0.0,27.4924,32.3314,92.0394,45.848800000000004,42.2768,31.855,42.781,33.7086,37.866,77.1258,49.8026,38.5832,68.0176,32.462,24.3478,93.82239999999999,12.7262,37.5548,35.439800000000005,31.778599999999997,92.8904,35.925599999999996,9.326,21.0426,18.726599999999998,11.899799999999999,126.961,9.539399999999999,38.4362,23.6034,49.6044,18.3298,79.8552,34.626400000000004,15.999600000000001,25.816599999999998,53.446400000000004,40.061,65.152,21.5032,37.4378,22.452,38.9924,6.3838,43.002,22.179599999999997,10.944799999999999,34.521800000000006,31.1818,30.653599999999997,35.1046,78.4428,26.47,20.8822,37.9696,91.8034,110.45439999999999,39.2904,51.087199999999996,51.035,43.394800000000004,29.1382,49.6544,8.342799999999999,43.846199999999996,33.2676,35.519400000000005,36.0384,10.52,24.057599999999997,45.1382,17.384,10.0116,39.3752,41.3452,50.9506,20.702,44.685199999999995,17.9162,41.247800000000005,50.8038,15.590399999999999,32.852,38.4882,19.4772,25.4004,34.679,14.703,8.5176,52.4234,118.4694,44.1346,63.065,8.492799999999999,37.8672,41.260400000000004,44.731,8.8996,9.27,21.011200000000002,25.1702,11.893600000000001,10.873,10.0834,67.725,17.023,7.0412,54.995599999999996,46.771,41.726,26.853,8.4826,36.055,47.949,31.5966,28.212799999999998,46.4146,18.367,58.222,24.1632,48.500800000000005,8.9076,45.7556,48.147,3.3744,4.492,67.7758
70019519,83.01480000000001,7.0446,22.4118,21.7462,26.6422,22.2592,9.8028,11.425799999999999,4.707,53.9138,34.0484,34.0532,107.7762,54.3572,12.3408,15.1552,11.8438,27.9496,39.888400000000004,12.003200000000001,17.703400000000002,12.750200000000001,15.054200000000002,22.053,24.497799999999998,87.97160000000001,69.577,11.558200000000001,27.2164,54.8014,24.899,36.2554,96.29780000000001,93.12819999999999,63.572,2.0272,29.639,12.938600000000001,75.425,17.3342,7.857600000000001,27.7766,0.0,5.8068,106.292,28.2282,24.656200000000002,12.2486,19.3696,12.0328,60.9016,63.727,36.4036,61.6188,43.344199999999994,15.96,28.6178,108.075,15.955200000000001,60.5904,22.0408,46.052,107.143,58.9612,19.999200000000002,35.2924,14.411,28.415200000000002,141.2134,20.0868,25.037200000000002,6.0196000000000005,36.2056,13.741,102.8908,11.215,13.2784,12.090399999999999,28.773,63.096599999999995,51.753,22.3942,14.026399999999999,36.7254,18.369,22.9912,54.6402,36.453,29.014,11.1104,17.782799999999998,17.2548,49.378,101.4784,46.206199999999995,12.468200000000001,24.5708,78.4046,124.7068,14.617,37.688199999999995,37.636,19.983400000000003,8.798399999999999,36.2554,19.0158,66.8818,11.5918,22.1204,12.627,22.4758,5.5756000000000006,21.727,14.687,20.422,13.9764,17.933799999999998,73.9862,21.593,67.721,12.6716,52.8858,26.130599999999998,18.112599999999997,11.1764,13.0894,11.0634,12.0014,24.3248,19.238599999999998,19.3816,27.75,132.7218,20.7234,49.666199999999996,23.5388,14.4558,52.8984,21.3198,23.0936,31.8068,30.4686,29.4402,28.409,29.2468,19.286,43.0516,27.473599999999998,22.0872,30.322200000000002,69.80680000000001,16.3272,47.5312,23.528599999999997,17.536,23.275599999999997,12.507,14.813799999999999,23.0032,13.2038,33.5488,37.2166,35.102,31.226599999999998,68.7912,37.5574,25.3188,23.7878,90.81139999999999
70019525,89.804,13.2386,29.201,28.5356,33.431400000000004,29.048599999999997,16.592200000000002,9.8892,3.1704,60.703199999999995,30.5396,30.544400000000003,114.5656,61.1466,10.218200000000001,21.9444,10.307,24.4408,46.6776,10.4664,17.0856,19.5396,21.843400000000003,28.268,31.287,94.761,76.36619999999999,10.0214,34.0058,61.5908,25.7972,37.1734,103.087,99.91760000000001,70.36139999999999,4.4332,30.537200000000002,11.402,82.2144,16.7164,11.5918,34.566,5.2876,0.0,113.0812,24.7194,21.1474,11.630799999999999,18.7518,10.649799999999999,67.691,64.62519999999999,37.302,68.4082,38.096,13.837200000000001,34.3098,114.8642,18.7498,67.3798,22.939,52.8412,113.9322,65.7506,26.788400000000003,42.0818,16.2894,35.2046,148.00279999999998,26.8762,25.9354,12.8088,37.123599999999996,20.5302,109.6802,10.5972,20.0676,18.8796,23.5248,69.886,52.6712,28.0862,9.5268,43.5146,17.7512,29.7806,61.4296,43.2422,35.8034,4.259600000000001,21.3302,20.8022,56.167199999999994,108.26780000000001,52.995400000000004,19.2576,25.469,79.3028,131.49620000000002,9.368799999999998,38.586400000000005,38.5342,19.365599999999997,7.182,37.1536,25.8052,73.6712,9.4692,23.0186,8.1274,29.265,12.365,21.109,19.122799999999998,27.2114,12.4398,17.3158,80.77560000000001,27.285,74.5102,19.461,59.6752,20.8822,24.902,9.053799999999999,11.5528,17.8526,18.7908,16.9314,26.028,26.171,22.5018,139.5112,20.105400000000003,50.584199999999996,30.328,13.838,59.6878,16.82,29.883,38.596199999999996,36.160599999999995,35.1322,35.1984,36.036199999999994,26.075400000000002,37.8034,34.262800000000006,28.8766,25.074,76.5962,14.7906,54.3204,30.318,15.413200000000002,18.0274,11.8892,18.3612,22.3852,19.9932,28.3004,44.006,36.0002,38.016,75.5806,36.9394,32.108200000000004,30.5772,97.6008
70019527,33.2248,107.72439999999999,91.39739999999999,95.6772,95.211,92.2212,105.59360000000001,119.2164,113.62339999999999,88.081,147.2154,147.22039999999998,22.7776,59.746,124.106,96.1136,119.6344,141.1166,81.7646,119.7938,125.2752,100.03280000000001,99.1094,93.9586,90.4572,42.808,63.339800000000004,119.3488,91.89739999999999,79.3968,109.064,110.7164,53.028,40.2666,66.08439999999999,111.1082,106.7778,125.0124,80.62639999999999,124.906,108.6028,96.3454,109.88419999999999,114.72319999999999,0.0,141.39520000000002,137.8234,109.9598,126.9412,123.798,66.7954,142.5036,118.5126,98.9708,150.4094,122.55160000000001,86.7676,23.076400000000003,103.8828,68.16080000000001,112.44239999999999,70.7266,0.851,70.031,97.7236,82.7878,108.7564,85.989,44.0582,91.458,109.20219999999999,105.9952,110.66680000000001,104.5468,67.87339999999999,117.0182,98.39139999999999,102.222,135.8382,64.9466,126.21419999999999,93.56219999999999,119.8296,75.863,117.5928,90.72460000000001,60.029,75.38539999999999,86.5878,116.9136,109.2464,108.71839999999999,74.05260000000001,69.3544,76.8938,103.274,109.348,160.5134,39.7082,121.6822,119.7972,119.745,127.555,119.2278,118.36439999999999,96.7404,71.358,123.357,112.522,118.4302,90.54660000000001,106.4496,129.2986,107.47460000000001,98.4092,121.767,125.5054,82.0112,92.761,67.2284,100.308,60.2734,133.1956,94.7236,122.94160000000001,120.88,101.869,104.119,130.2254,94.50619999999999,92.12339999999999,134.8152,28.14,128.295,124.1272,96.8904,122.0276,60.286,127.123,88.8836,93.0564,82.7564,88.4294,85.9828,86.8206,90.729,150.11679999999998,88.8888,95.4388,137.38739999999999,70.18539999999999,124.1178,80.376,96.8804,131.60139999999998,130.3408,109.70139999999999,106.2774,130.5748,100.75880000000001,140.6138,75.91260000000001,117.211,97.01660000000001,60.9658,116.857,91.1088,92.539,83.24080000000001
70019529,114.77080000000001,32.4114,51.821400000000004,53.296800000000005,52.6238,52.1922,35.7648,36.9216,30.2028,74.219,8.192200000000001,8.1972,139.53220000000002,88.72760000000001,18.424,41.1172,37.339400000000005,2.0936,71.6998,37.4988,44.118,38.7124,41.0162,48.015,56.4362,108.27680000000001,101.333,37.0538,59.028,75.1066,50.861,62.217400000000005,116.603,124.88419999999999,83.8772,27.6876,55.6012,38.4342,95.7302,43.748599999999996,35.5154,53.758199999999995,28.0192,24.717,138.048,0.0,3.85,38.663199999999996,45.784,18.116,81.2068,89.689,62.3658,81.924,34.4108,23.3012,54.58,139.831,34.045199999999994,80.8956,48.003,77.7872,138.899,79.26639999999999,45.9612,67.0482,31.782,60.171,172.9696,46.049,50.9994,31.9816,62.1676,40.463800000000006,123.196,37.629400000000004,39.2404,38.0524,29.400599999999997,83.40180000000001,77.7152,48.356199999999994,29.148400000000002,68.4606,44.7834,52.400800000000004,89.01060000000001,68.1882,61.3516,31.299599999999998,43.745,43.216800000000006,81.11319999999999,121.7836,78.0176,42.5496,50.5328,104.3666,156.4628,17.404,63.650400000000005,63.598,46.397800000000004,22.4008,62.2176,44.978,87.187,17.9696,48.0826,27.749,48.4378,31.5378,40.8246,39.5178,42.574400000000004,37.6578,44.3482,94.2914,47.555,105.22160000000001,38.6338,87.25619999999999,26.758,44.0748,19.4084,37.204800000000006,37.025400000000005,37.9636,11.547799999999999,45.2008,45.3438,14.734,164.4778,47.137800000000006,75.62819999999999,49.963,40.8702,87.2688,18.684,54.905,61.2812,56.4306,55.4022,60.1648,61.633199999999995,45.248,36.6574,53.4356,53.0584,14.5022,90.112,35.1174,79.3426,49.9732,13.582,23.931,38.9214,40.776,49.4176,39.166,34.176199999999994,70.17160000000001,61.064,58.9552,89.09639999999999,60.7102,57.130199999999995,49.8374,111.1166
70019539,111.0868,28.727400000000003,48.1374,49.6128,48.939800000000005,48.508199999999995,32.081,33.2376,26.5188,70.535,10.510399999999999,10.5154,135.84820000000002,85.04360000000001,14.74,37.4332,33.6554,4.4118,68.0158,33.814800000000005,40.434,35.028400000000005,37.3322,44.331199999999995,52.752199999999995,104.5928,97.649,33.369800000000005,55.344,71.4226,47.1772,58.5334,112.919,121.2002,80.19319999999999,24.0036,51.917199999999994,34.7502,92.0462,40.0646,31.831599999999998,50.074400000000004,24.3352,21.033,134.364,4.6903999999999995,0.0,34.9792,42.1,14.432,77.5228,86.0052,58.6818,78.24,36.729,19.6172,50.896,136.147,30.3612,77.2116,44.319,74.1032,135.215,75.58239999999999,42.2772,63.3642,28.098,56.487,169.28560000000002,42.365,47.315400000000004,28.2976,58.483599999999996,36.7798,119.512,33.9454,35.556400000000004,34.3684,31.718799999999998,79.7178,74.0312,44.6722,25.4644,64.7766,41.0994,48.717,85.3266,64.5042,57.6676,27.615599999999997,40.061,39.5328,77.4292,118.09960000000001,74.3336,38.8658,46.848800000000004,100.68260000000001,152.7788,13.72,59.9664,59.914199999999994,42.713800000000006,18.7168,58.5336,41.294,83.503,14.2856,44.3986,24.065,44.753800000000005,27.8538,44.4574,35.833800000000004,38.8904,34.1406,40.664199999999994,90.6074,43.871199999999995,101.53760000000001,34.9498,83.5722,29.0762,40.390800000000006,15.7244,34.901199999999996,33.3414,34.2796,7.8638,41.5168,41.659800000000004,17.0522,160.79379999999998,43.4538,71.9442,46.279199999999996,37.1862,83.5848,21.002200000000002,51.221199999999996,57.597199999999994,52.7468,51.7184,56.4808,57.9492,41.5642,38.9756,49.751599999999996,49.3744,16.820400000000003,86.428,37.4356,75.6586,46.289199999999994,9.898,26.2494,35.2374,37.092,45.733599999999996,35.482,36.4946,66.48780000000001,57.38,55.2712,85.41239999999999,57.026199999999996,53.4462,46.153400000000005,107.43260000000001
70019549,82.8608,17.282799999999998,26.9638,26.2984,31.1944,26.811400000000003,9.0884,10.3352,11.002799999999999,56.6948,38.551199999999994,38.5562,107.62219999999999,54.203199999999995,24.3888,20.4898,8.883799999999999,37.684400000000004,44.440599999999996,9.516399999999999,8.684,15.015799999999999,19.6064,19.172,29.05,90.7526,69.423,9.422600000000001,31.7686,57.5824,17.395599999999998,28.7716,99.0788,92.9742,66.353,13.686200000000001,22.1356,8.421,79.9772,8.3146,6.3431999999999995,32.3288,14.540799999999999,13.4702,106.138,37.963,34.391,0.0,10.35,24.0808,63.6826,56.2236,28.9002,66.171,34.904199999999996,28.0078,25.2138,107.921,28.003,63.3714,14.5374,46.1164,106.989,61.7422,24.5514,28.6692,26.4588,29.7562,141.05960000000002,24.639,17.5338,14.4594,28.722,18.293200000000002,107.443,6.118600000000001,17.830599999999997,9.817,19.982,65.8776,44.269400000000005,18.9902,14.0122,37.366800000000005,9.3494,27.543400000000002,54.4862,36.889,30.355,8.9186,8.8706,8.342600000000001,49.4426,106.0306,50.7584,17.020400000000002,17.0672,70.901,124.5528,25.0708,30.1848,30.1326,10.963799999999999,20.846400000000003,28.752,23.568,71.434,23.6398,14.617,12.6126,27.028,16.502599999999997,12.7074,19.2392,24.9742,12.8858,8.914200000000001,78.5384,18.189,73.31160000000001,17.2238,52.7318,27.6422,17.761,23.2242,11.9988,15.6156,10.2316,30.175,18.235,23.933799999999998,29.261599999999998,132.56779999999998,11.7038,42.1826,28.091,5.4361999999999995,52.7444,21.305400000000002,27.645799999999998,36.359,27.0646,26.0362,29.75,30.587799999999998,23.8382,34.2606,24.7896,26.639400000000002,31.8338,74.359,14.0016,49.983,28.0808,29.5838,24.787200000000002,0.25839999999999996,7.5272,13.983600000000001,14.0566,24.7578,37.4062,27.5984,35.778800000000004,71.5722,28.5378,29.871,28.34,95.3636
70019554,99.11880000000001,24.3798,38.515800000000006,37.850199999999994,42.746199999999995,38.3632,23.1056,6.28,16.18,70.01780000000001,35.8904,35.8954,123.8802,70.46119999999999,29.5658,31.2592,5.6398,42.8614,55.9924,6.4014,2.5196,28.854200000000002,31.1582,33.285599999999995,40.601800000000004,104.07560000000001,85.681,6.9342,43.3204,70.9054,22.6082,33.9844,112.40180000000001,109.23219999999999,79.676,18.863400000000002,27.3484,6.1798,91.529,5.131600000000001,16.609599999999997,43.8806,19.7178,18.6474,122.396,43.14,39.5682,10.931799999999999,0.0,29.2578,77.0056,55.345,27.4836,77.7228,30.7078,33.185,39.3276,124.179,33.1802,76.69439999999999,19.7502,62.156,123.247,75.06519999999999,36.103199999999994,42.783,31.6358,44.5192,157.3174,36.1908,22.746599999999997,22.1212,33.9348,29.845,118.9948,11.2956,29.3824,23.9306,15.7856,79.20060000000001,49.4822,33.1038,19.1892,56.24,14.5622,39.0952,70.74419999999999,55.7624,45.118,14.095600000000001,20.0338,20.507,65.482,117.58239999999999,62.310199999999995,28.572200000000002,22.28,70.02260000000001,140.8108,30.247799999999998,28.768,28.715799999999998,7.7082,26.023400000000002,27.3352,35.119800000000005,82.9858,28.8168,19.8298,17.7898,38.579800000000006,21.6798,3.3106,30.791,36.526,8.8306,5.658399999999999,90.0902,32.3028,83.825,28.775599999999997,68.9898,17.2482,31.8748,28.401400000000002,7.9436,27.1674,24.2488,35.352,32.3486,35.4856,26.6008,148.8258,8.448,47.395199999999996,39.6428,7.0168,69.0024,26.482599999999998,39.1976,47.9108,41.1784,40.15,44.513,45.3508,35.39,30.0642,38.903400000000005,38.191199999999995,29.173,85.91080000000001,9.805200000000001,63.6352,39.6326,34.761,29.9644,11.1902,18.4592,4.587,29.308,20.561400000000003,56.2796,26.357400000000002,47.3308,84.8954,25.282,41.4228,39.8918,106.91539999999999
70019576,96.12480000000001,16.9764,33.1754,32.2734,33.9778,33.5462,20.33,21.4866,14.7678,60.2828,26.1732,26.1782,120.8862,70.08160000000001,1.6542000000000001,25.6822,21.904400000000003,20.0746,53.0538,22.0638,28.683,23.2774,25.5812,32.5802,37.7902,94.34060000000001,82.687,21.6188,40.382,61.1706,35.426199999999994,46.7824,102.66680000000001,106.23819999999999,69.9412,12.252600000000001,40.166199999999996,22.999200000000002,81.7942,28.3138,20.080599999999997,35.112199999999994,12.584200000000001,9.6648,119.402,20.353,16.781200000000002,23.2282,30.349,0.0,67.27080000000001,74.2542,46.930800000000005,67.988,40.130199999999995,4.8368,39.145,121.185,19.142,66.95960000000001,32.568,59.1412,120.253,65.3304,30.5262,48.4022,13.1292,41.525,154.3236,30.614,35.5644,16.546599999999998,46.732800000000005,21.793200000000002,109.26,22.194599999999998,23.805400000000002,22.6174,25.559,69.4658,62.280199999999994,32.9212,17.6522,49.8146,29.3484,33.7548,70.36460000000001,49.542199999999994,42.7056,16.8324,28.31,27.7818,62.4672,107.8474,59.3716,22.9954,35.0978,88.9316,137.8168,10.0524,48.2154,48.163199999999996,30.962799999999998,6.5276000000000005,46.782599999999995,29.543,73.251,2.9221999999999997,32.6476,16.2528,33.0028,16.1028,32.7064,20.8472,27.671,24.037200000000002,28.9132,80.35539999999999,32.120200000000004,86.57560000000001,23.1988,68.61019999999999,22.9166,28.6398,4.2942,23.1502,21.590400000000002,22.528599999999997,13.201600000000001,29.7658,29.9088,24.536,145.8318,31.7028,60.1932,31.317,25.4354,68.6228,20.2716,36.259,42.6352,40.9958,39.967400000000005,41.518800000000006,42.987199999999994,29.813200000000002,39.8376,38.0006,32.6144,19.6286,76.17580000000001,25.1522,60.6966,31.3272,6.4128,20.0616,23.4866,25.341,33.9826,23.731,30.334799999999998,51.5256,45.629,40.3092,75.1604,45.2752,38.484199999999994,31.1914,97.18060000000001
70029285,59.2008,59.4774,41.8888,43.3642,38.092400000000005,42.2596,56.252199999999995,69.87519999999999,64.282,9.8452,87.1606,87.16560000000001,46.663,35.3596,70.0648,46.772400000000005,70.293,81.062,21.9498,70.4524,74.16539999999999,50.6916,49.7682,47.2562,41.123599999999996,28.0418,23.520799999999998,70.00739999999999,34.8752,10.7942,73.04639999999999,74.6988,36.368,32.684400000000004,3.6422,61.7668,70.76039999999999,71.388,26.0802,73.7962,62.5196,37.7774,60.543,65.382,65.923,81.34060000000001,77.7686,63.876599999999996,75.83160000000001,69.7568,0.0,106.486,82.4952,15.754,101.06819999999999,67.548,45.3782,46.961800000000004,49.0276,1.3652,67.4212,32.446799999999996,66.774,3.2356,45.410599999999995,42.0852,54.811,37.4448,80.18360000000001,42.1166,73.1846,56.654,74.6492,55.205400000000004,44.9536,67.677,49.0502,56.1388,86.49680000000001,3.1668000000000003,90.1966,47.479,70.4884,38.0192,67.0428,41.3912,34.8838,37.9116,36.49,67.57239999999999,63.163199999999996,62.6352,35.772800000000004,46.434599999999996,23.0794,53.9328,73.3306,124.496,63.677,72.341,83.7796,83.72739999999999,76.44539999999999,65.4394,82.3468,44.4274,5.4794,69.3158,67.5008,69.089,41.213,57.1082,78.1888,53.685199999999995,46.096199999999996,72.42580000000001,74.39580000000001,27.465,46.678,19.3704,50.966800000000006,37.228,83.8544,49.409800000000004,68.90039999999999,71.53880000000001,52.527800000000006,58.451,70.17060000000001,47.8038,42.782199999999996,85.474,68.708,77.1852,88.1098,44.577400000000004,70.9178,37.2406,77.78160000000001,38.87,29.7958,40.480599999999995,46.2006,37.4386,36.4182,41.387800000000006,100.77560000000001,42.1862,43.125800000000005,88.0462,12.3992,74.7766,16.4712,44.5672,71.5468,80.9996,63.618199999999995,60.194199999999995,79.4652,51.4176,91.27260000000001,39.895199999999996,81.1934,35.7714,8.861600000000001,80.8396,34.406800000000004,40.5766,32.675599999999996
70029798,116.1462,63.185199999999995,72.8664,72.201,77.0968,72.7138,54.9908,58.3844,65.06819999999999,99.9906,87.9948,87.99980000000001,140.90779999999998,87.4888,73.7744,66.3924,57.7442,89.383,85.5962,58.5058,51.4078,60.9182,65.50880000000001,65.0744,74.9524,131.913,102.7084,59.038599999999995,77.6712,100.87819999999999,39.1526,31.9994,143.1574,126.2598,109.64880000000001,67.75160000000001,41.9942,58.284,125.397,54.02,57.395199999999996,78.2314,64.2526,67.5356,139.4234,89.6616,86.0896,59.8202,52.1044,73.4664,106.9784,0.0,29.7856,111.5908,82.81219999999999,77.3934,60.9706,141.2066,74.9758,106.6672,42.531,79.402,140.2746,105.038,70.4538,65.4896,75.8446,80.0216,174.345,70.5416,39.291,60.3618,32.2394,64.1956,151.7432,60.183800000000005,63.733,55.7194,67.89,109.1734,16.2894,60.645199999999996,68.0774,69.89580000000001,49.980599999999995,73.446,87.7718,69.418,80.62039999999999,62.9838,47.5116,47.9848,82.728,151.45020000000002,87.0552,62.923,39.436800000000005,18.314,157.8384,76.0506,31.0702,31.017799999999998,48.607800000000005,70.2318,29.6372,69.4706,111.486,73.02539999999999,42.610800000000005,66.678,72.93039999999999,60.816199999999995,54.4616,65.1416,70.87660000000001,60.935,50.6686,123.958,61.2498,106.5972,63.126400000000004,86.0174,69.35260000000001,63.663599999999995,72.6098,60.048,61.518,56.1342,85.7582,64.1374,69.8364,78.70519999999999,165.8534,47.365,18.6558,73.9934,55.905,86.03,75.3708,73.5484,88.757,67.56,58.153800000000004,80.0154,80.8532,69.7406,82.16860000000001,70.692,72.54180000000001,81.2774,119.77860000000001,61.9096,93.2788,73.98339999999999,78.9694,78.85260000000001,53.788199999999996,53.4298,55.738,59.959,72.66560000000001,69.9352,29.686799999999998,81.6814,114.868,29.468,75.7734,74.24260000000001,140.7834
70030492,92.342,35.784,45.465199999999996,44.7996,49.6956,45.312599999999996,27.589599999999997,31.1508,37.8346,76.1862,60.761199999999995,60.7662,117.1036,63.684599999999996,46.373,38.991,30.5108,61.9818,61.7918,31.2722,24.1742,33.517,38.1076,37.673199999999994,47.551199999999994,108.1088,78.9042,31.805,50.269800000000004,77.074,11.7514,23.026400000000002,119.3532,102.4556,85.8444,38.075199999999995,14.593,31.0506,98.4786,26.7864,29.9938,50.8302,36.8512,40.302,115.61919999999999,62.260400000000004,58.6884,26.645400000000002,24.8708,46.065,83.1742,29.6438,0.0,84.6722,55.5786,49.9922,37.1664,117.4022,47.5746,82.863,15.1298,55.5978,116.47019999999999,81.2338,43.0526,41.6854,48.443400000000004,48.257400000000004,150.5408,43.1402,11.8896,32.9606,22.976599999999998,36.7944,127.9388,32.9504,36.3318,28.3182,40.656400000000005,85.36919999999999,27.4882,36.8408,40.844,46.0916,22.5794,46.044599999999996,63.9676,45.613800000000005,48.856199999999994,35.7504,20.110400000000002,20.5834,58.9238,124.5318,63.251,35.5216,12.0356,44.3212,134.0342,48.6492,1.747,1.6947999999999999,21.374200000000002,42.8306,0.1482,42.0694,87.68180000000001,45.624,15.2094,39.4446,45.529199999999996,33.4148,27.2282,37.7404,43.4754,33.7014,23.435,97.03960000000001,36.6902,82.793,35.725,62.2132,42.119,36.2622,45.2086,32.8144,34.116800000000005,28.7328,58.3568,36.7362,42.435,51.4718,142.0492,20.131400000000003,25.4012,46.5922,28.671400000000002,62.2258,48.1372,46.147,54.8602,43.7558,34.349599999999995,48.2512,49.089,42.339400000000005,54.935,43.290800000000004,45.1406,54.044,92.86019999999999,34.676,69.47460000000001,46.582,51.5682,51.6192,26.387,26.0284,28.5044,32.5578,45.432199999999995,46.131,2.2856,54.280199999999994,91.0638,2.9168000000000003,48.3722,46.8414,113.8648
70030496,70.60719999999999,61.0502,43.4616,44.937,39.6652,43.8324,57.825,71.4478,65.8548,12.582,88.73339999999999,88.7384,61.879400000000004,39.296800000000005,71.6376,48.3452,71.86580000000001,82.6346,25.8416,72.0252,75.73819999999999,52.2644,51.3408,50.7124,42.696400000000004,43.258199999999995,35.569199999999995,71.58019999999999,36.4478,20.4298,76.938,78.59060000000001,41.022800000000004,47.900800000000004,18.8586,63.3396,74.652,72.9606,14.449,75.369,65.8922,39.35,62.1158,66.9546,93.8844,82.9132,79.3414,66.4784,77.4042,71.3296,16.188200000000002,110.37780000000001,86.38680000000001,0.0,102.6408,69.1208,49.269800000000004,62.1782,50.600199999999994,15.877,70.063,36.3384,94.7354,13.0618,46.9834,49.6622,56.3838,39.0176,87.1732,43.6894,77.0762,58.226800000000004,78.5408,56.7782,43.667199999999994,69.24980000000001,50.623,60.439800000000005,88.06960000000001,18.383200000000002,94.0882,54.614,72.0612,41.9108,73.61580000000001,42.964,38.821,41.8032,38.062599999999996,69.145,65.805,65.277,39.6644,42.2548,26.971,55.5056,72.593,128.3876,77.9862,73.91380000000001,87.6712,87.619,78.018,67.01219999999999,86.2384,46.0,12.0034,70.88860000000001,70.14280000000001,70.6618,42.7858,58.681,79.7616,55.258,47.668800000000005,73.99860000000001,75.96839999999999,12.3674,53.813,31.1018,52.5396,41.1652,85.4272,51.3634,70.473,73.11160000000001,54.1006,60.0236,71.7434,51.26,44.355,87.04660000000001,83.9242,78.758,92.00139999999999,46.15,72.4906,41.177800000000005,79.3544,40.442800000000005,31.368599999999997,44.3722,50.0922,39.0114,37.9908,42.9606,102.34819999999999,45.6426,44.6986,89.61880000000001,11.948799999999999,76.34939999999999,20.3628,46.14,73.1194,82.5722,66.22,62.836,81.0378,52.990199999999994,92.8454,43.7868,85.085,37.344,24.0778,84.7312,35.9796,42.1492,31.587799999999998
70030499,130.9172,48.6608,64.6232,63.957800000000006,68.7702,64.4708,42.6716,25.6504,33.0516,96.1254,32.6332,32.6382,155.67860000000002,96.5688,40.525,57.3666,27.5072,34.7626,82.0998,27.6666,32.4834,54.961800000000004,57.2656,52.8516,66.7092,130.1832,117.4794,27.2216,69.428,97.013,45.4854,56.861599999999996,138.50920000000002,141.0306,105.7836,35.735,50.2256,28.602,117.6366,35.0956,36.175599999999996,69.9046,36.5896,38.8746,154.1944,35.7774,38.2782,33.419,30.46,40.217,103.11319999999999,85.3088,57.4474,103.8304,0.0,45.054,58.8936,155.9774,53.934400000000004,102.802,42.627199999999995,93.93360000000001,155.0454,101.17280000000001,62.2106,62.348800000000004,47.9216,70.6268,189.116,62.2984,45.623599999999996,48.231,56.811800000000005,55.9526,145.1024,33.7828,55.4898,43.4966,15.034799999999999,105.3082,72.3594,52.6698,38.9018,84.607,37.4394,65.2028,96.8518,84.33460000000001,71.2256,30.967200000000002,42.911,43.3842,97.2596,143.69,88.41760000000001,54.6798,45.157199999999996,99.98639999999999,172.60920000000002,36.8512,58.732,58.6796,37.672,39.8868,57.2992,61.2274,109.09339999999999,40.0706,42.707,37.5024,64.68719999999999,47.7872,27.6066,56.8984,62.6336,24.439799999999998,35.6224,116.1978,51.8686,109.9324,54.883199999999995,95.0974,17.5998,51.440599999999996,40.686,23.9868,53.274800000000006,43.814800000000005,45.9758,51.9146,61.593199999999996,23.3436,180.6242,38.4118,70.27239999999999,65.75019999999999,29.1542,95.11,29.174400000000002,65.3052,74.0184,60.7442,59.7158,70.62060000000001,71.4584,61.4976,2.3746,58.469199999999994,64.2988,25.9158,112.0184,21.8994,89.74260000000001,65.7402,42.796800000000005,26.4464,33.6774,42.945,30.57,55.4154,10.7202,86.318,56.3212,75.1016,111.00280000000001,55.246,67.5304,65.9838,133.023
70030840,96.347,17.1988,33.397800000000004,32.495599999999996,34.200199999999995,33.7686,20.5522,21.7088,14.990200000000002,60.505199999999995,26.4666,26.4716,121.10860000000001,70.304,6.0476,25.9046,22.1268,20.368,53.276199999999996,22.2862,28.9054,23.4998,25.8036,32.8024,38.0126,94.563,82.90939999999999,21.8412,40.6042,61.3928,35.6484,47.0048,102.8892,106.4606,70.1634,12.475,40.3886,23.2216,82.01660000000001,28.536,20.302799999999998,35.3346,12.8064,11.3396,119.6244,20.6466,17.0746,23.450599999999998,30.5714,8.475200000000001,67.493,74.4764,47.1532,68.2102,42.6548,0.0,39.3674,121.4074,19.3644,67.18180000000001,32.7902,59.3636,120.4754,65.55260000000001,30.7486,48.6246,13.351600000000001,41.7472,154.54579999999999,30.8364,35.7868,16.769,46.955,22.0156,109.48219999999999,22.4168,24.0278,22.8398,28.083599999999997,69.688,62.5026,33.1436,20.176599999999997,50.037,29.5708,33.977199999999996,70.587,49.7646,42.928,15.274,28.532400000000003,28.0042,62.6896,108.0698,59.594,23.2178,35.3202,89.154,138.03920000000002,10.345799999999999,48.4378,48.385400000000004,31.185200000000002,6.7498000000000005,47.005,29.765400000000003,73.47319999999999,8.0342,32.87,18.7772,33.225199999999994,16.325200000000002,32.9288,21.069599999999998,27.8934,24.2596,29.1356,80.5776,32.342400000000005,86.798,23.421200000000002,68.8326,25.441,28.8622,7.6188,23.3726,21.8128,22.751,13.495,29.988,30.1312,27.060599999999997,146.0542,31.9252,60.4156,31.5394,25.6576,68.84519999999999,20.5652,36.4814,42.8574,41.218,40.1896,41.7412,43.2096,30.035400000000003,42.362199999999994,38.223,32.8366,19.922,76.3982,27.676599999999997,60.919,31.549400000000002,6.7062,22.5862,23.7088,25.5634,34.205,23.953400000000002,32.859199999999994,51.748,45.8514,40.5316,75.3828,45.4976,38.7066,31.4138,97.4028
70031292,60.056,27.839,21.581400000000002,20.9158,25.811799999999998,21.4288,21.2316,34.4778,33.5836,41.3976,61.4268,61.431599999999996,84.8176,31.3986,40.5216,17.5572,34.8958,56.130199999999995,27.0032,35.0552,38.7682,17.6846,21.1376,11.1234,22.71,75.8228,46.618199999999995,34.6102,24.2222,42.2854,27.421799999999998,29.0744,87.0672,70.1696,51.055800000000005,32.2236,25.1358,35.9906,70.6672,38.3988,25.8052,26.9464,30.9998,34.2736,83.33319999999999,56.4088,52.837,27.162200000000002,40.4342,40.2136,48.385400000000004,60.861599999999996,36.870599999999996,56.861,67.7314,44.1406,0.0,85.11619999999999,34.491800000000005,48.074400000000004,30.8002,23.311799999999998,84.1842,46.4452,19.1688,6.9322,39.3654,18.313599999999997,118.2548,17.552400000000002,27.560200000000002,27.110799999999998,29.0246,25.2404,98.133,32.2798,19.835,19.424400000000002,53.160199999999996,50.580400000000004,44.572199999999995,9.7214,36.8876,13.805399999999999,30.328599999999998,22.977400000000003,31.6816,13.3278,18.9124,32.175,26.449,25.9208,26.6378,96.7204,30.965,23.9678,27.706,78.8714,101.7482,42.7978,38.155199999999994,38.103,41.048,36.9792,36.7224,18.185599999999997,52.893,39.7726,30.88,35.4882,22.7992,27.565,42.791599999999995,26.186400000000003,24.2272,37.028400000000005,38.998400000000004,69.2284,10.085600000000001,50.506800000000005,21.7516,29.9272,50.5176,11.926200000000001,39.357,36.141400000000004,22.5628,21.3216,52.5054,11.7158,17.0476,52.1372,109.7632,41.788,42.4852,22.7084,35.5204,29.939799999999998,44.180800000000005,21.1348,27.049,7.9148000000000005,5.6546,18.3074,19.1452,16.8974,67.4388,13.347,21.2568,54.7094,65.0488,39.379400000000004,34.686,22.698400000000003,45.7166,47.662800000000004,26.904,23.48,44.067800000000005,19.2562,57.936,13.845,35.5688,29.268,56.2752,35.215,23.36,22.9576,86.0536
70033204,49.472,106.8888,90.5618,94.8416,94.3754,91.3858,104.758,118.38080000000001,112.7878,56.1094,146.3798,146.38479999999998,0.2988,58.9104,123.2704,95.278,118.7988,140.281,80.929,118.95819999999999,124.43960000000001,99.1972,98.27380000000001,93.123,89.6216,22.276799999999998,44.273,118.5132,91.0618,55.0458,108.2284,109.88080000000001,34.707,21.1522,45.5532,110.27260000000001,105.9422,124.1768,60.0952,124.07039999999999,107.7672,95.5098,109.04860000000001,113.8876,21.662599999999998,140.55960000000002,136.9878,109.1242,126.10560000000001,122.96260000000001,46.264199999999995,141.668,117.677,62.0182,149.57379999999998,121.716,85.932,0.0,103.0472,47.629400000000004,111.6068,69.891,22.5136,49.4998,96.888,81.95219999999999,107.9208,85.15339999999999,34.4536,90.6224,108.3666,105.15960000000001,109.8312,103.71119999999999,46.112199999999994,116.18260000000001,97.5558,101.3864,135.0026,44.4154,125.3786,92.7266,118.994,75.0274,116.7572,89.889,59.193400000000004,74.5498,85.7522,116.078,108.41080000000001,107.8828,73.217,47.593199999999996,69.4754,102.43839999999999,108.5124,159.6778,17.947,120.84660000000001,118.9616,118.90939999999999,126.7194,118.3922,117.5288,95.90480000000001,50.826800000000006,122.5214,111.68639999999999,117.5946,89.711,105.614,128.463,106.639,97.5736,120.9314,124.66980000000001,61.48,91.9254,42.079,99.4724,59.4378,132.36,93.888,122.106,120.0444,101.0334,103.2836,129.3898,93.67060000000001,91.2878,133.9796,22.978,127.45939999999999,123.2916,96.0548,121.192,59.4504,126.28739999999999,88.048,76.06,81.9208,87.5938,85.1472,85.985,89.8934,149.2812,88.0532,94.6032,136.5518,49.654199999999996,123.2822,62.7354,96.04480000000001,130.7658,129.5052,108.86580000000001,105.4418,129.7392,99.9232,139.7782,75.077,116.3754,96.181,40.434599999999996,116.0214,90.2732,91.70339999999999,61.4796
70033231,76.9676,10.9854,14.0182,15.4936,12.715200000000001,14.389,19.681,24.3756,17.6568,42.5824,39.3554,39.3604,101.72919999999999,50.9246,20.33,21.9358,24.793599999999998,33.256800000000005,33.896800000000006,24.953,31.572,17.067400000000003,12.2546,25.109599999999997,18.633,76.6402,63.5298,24.508,21.2248,43.4702,34.7772,46.1336,84.9664,87.0812,52.2406,15.1416,39.5174,25.8884,64.0938,31.2028,22.934,14.5412,15.4732,18.7568,100.2448,33.5354,29.9634,26.1172,33.2382,20.022,49.5702,73.6052,46.282,50.2876,53.6186,19.7428,32.562,102.0278,0.0,49.2592,31.919,39.984,101.0958,47.63,17.54,29.245,7.589600000000001,22.3678,135.16639999999998,17.753400000000003,34.9154,13.630799999999999,46.083800000000004,10.359,91.5594,25.083599999999997,17.598,21.9686,39.0474,51.7652,61.6312,29.717200000000002,29.1028,30.657400000000003,32.2376,14.5978,51.2074,30.385,23.548599999999997,24.046400000000002,27.661,27.133,43.310199999999995,90.147,40.2146,12.445,34.449,88.28280000000001,118.6598,24.8914,47.5664,47.514199999999995,33.852,15.451600000000001,46.1336,16.5568,55.5504,19.581,31.9988,27.703400000000002,18.7224,14.9722,35.5954,9.413200000000002,11.0514,26.9262,31.802400000000002,62.6548,28.9162,67.41860000000001,17.607200000000002,49.453199999999995,36.405,23.8044,19.165599999999998,26.0392,13.5688,21.8796,22.3654,22.9172,16.7318,38.0244,126.6748,34.591800000000006,59.5444,10.409600000000001,28.3244,49.4658,36.0018,17.102,21.0386,29.2136,33.3842,22.3616,23.83,18.297400000000003,53.326,25.2254,15.2552,40.596599999999995,58.4754,29.2772,38.557199999999995,10.4196,23.7416,33.55,26.3756,24.692,36.8718,17.521,43.8232,32.3686,44.980199999999996,19.7382,57.46,44.626400000000004,19.3272,12.0342,79.4802
70034005,65.9512,58.7588,41.170199999999994,42.6456,37.3738,41.541,55.5336,69.15639999999999,63.5634,9.1266,86.442,86.447,47.1336,34.641,69.346,46.053599999999996,69.5744,80.3432,21.2312,69.7338,73.4468,49.973,49.0494,46.5374,40.405,28.512400000000003,23.991400000000002,69.28880000000001,34.156400000000005,10.0756,72.3276,73.9802,36.8386,33.155,4.1128,61.048199999999994,70.0416,70.6692,26.5508,73.0776,61.8008,37.0586,59.824400000000004,64.6632,66.3936,80.62180000000001,77.05,63.1578,75.11280000000001,69.038,1.4424000000000001,105.7674,81.7764,15.0354,100.34939999999999,66.8292,44.6596,47.4324,48.308800000000005,0.0,66.7026,31.728,67.2446,2.5168000000000004,44.6918,41.3666,54.092400000000005,36.7262,80.6542,41.398,72.466,55.935199999999995,73.93039999999999,54.4868,45.4242,66.9584,48.3316,55.42,85.7782,3.6374,89.478,46.760400000000004,69.7698,37.3004,66.32419999999999,40.672599999999996,34.1652,37.193,35.7712,66.8536,62.4446,61.9164,35.054,46.905199999999994,22.360599999999998,53.214,72.6118,123.7772,64.1476,71.62219999999999,83.061,83.00880000000001,75.7266,64.7208,81.62819999999999,43.7086,5.95,68.597,66.7822,68.3702,40.4944,56.3896,77.47019999999999,52.9666,45.3774,71.7072,73.677,27.935599999999997,45.959199999999996,19.841,50.2482,36.5092,83.1358,48.691199999999995,68.1816,70.82,51.8092,57.7322,69.452,47.085,42.0634,84.7552,69.1784,76.4666,87.391,43.858599999999996,70.19919999999999,36.522,77.063,38.1514,29.0772,39.762,45.482,36.72,35.699400000000004,40.6692,100.05680000000001,41.4676,42.407199999999996,87.3274,12.8698,74.058,15.7524,43.8486,70.828,80.2808,62.8996,59.4756,78.7464,50.698800000000006,90.554,39.1764,80.4748,35.0526,9.332,80.1208,33.688199999999995,39.857800000000005,33.1462
70042197,84.945,20.7104,30.3914,29.726,34.622,30.239,12.516,16.8394,21.1036,60.1224,48.652,48.657,109.70660000000001,56.2876,31.299400000000002,23.9174,15.388,46.908199999999994,47.868199999999995,16.0206,15.1882,18.4434,23.034,22.5996,32.477599999999995,100.7118,71.50739999999999,15.9268,35.1962,61.01,4.0534,17.2268,111.9562,95.05860000000001,69.7806,23.0016,8.7934,14.9254,83.40480000000001,14.819,14.920200000000001,35.7564,21.7776,23.571,108.2224,47.186800000000005,43.6148,11.5716,16.854200000000002,30.991400000000002,67.11019999999999,42.8814,15.558,69.5986,41.4084,34.9184,28.6414,110.0054,32.501,66.799,0.0,48.2008,109.07339999999999,65.16980000000001,27.979,32.0968,33.369800000000005,33.183800000000005,143.1438,28.066599999999998,4.1916,17.887,17.1772,21.7208,110.87060000000001,16.2194,21.258200000000002,13.2446,26.4862,69.3052,32.724599999999995,22.4178,24.113,38.6946,7.5058,30.971,56.5706,38.216800000000006,33.782599999999995,19.0194,5.0366,5.5098,51.5268,109.45819999999999,54.186,20.448,3.725,57.558800000000005,126.63719999999999,33.5756,16.842599999999997,16.7904,17.468,27.757,15.409799999999999,26.9956,74.86160000000001,30.5504,0.07959999999999999,22.7136,30.455599999999997,18.3412,19.211599999999997,22.6668,28.401799999999998,19.39,15.4184,81.966,21.6166,75.396,20.651400000000002,54.816199999999995,27.9488,21.188599999999997,30.135,18.503,19.043200000000002,13.6592,43.283199999999994,21.662599999999998,27.3614,39.3626,134.65220000000002,18.208,30.6378,31.5184,11.9406,54.8288,31.406200000000002,31.073400000000003,39.7866,30.4922,26.952599999999997,33.1776,34.0154,27.2658,40.7648,28.217200000000002,30.067,41.9348,77.7866,20.5058,53.410599999999995,31.5084,36.4944,34.8882,11.3134,10.954799999999999,20.4878,17.4842,31.262,38.734,14.2564,39.2064,74.99980000000001,13.9024,33.2986,31.767599999999998,98.7912
70042874,42.7798,43.0334,26.706400000000002,30.9862,30.52,27.5304,40.9026,54.525400000000005,48.9324,26.6226,82.5244,82.5294,67.5412,14.122200000000001,59.4152,31.4226,54.943400000000004,76.42580000000001,12.2682,55.1028,58.8158,35.342,34.4184,29.7682,25.7662,58.5466,29.342,54.6578,25.288400000000003,27.5102,44.873599999999996,46.526,69.7908,52.8934,36.280800000000006,46.417199999999994,42.5874,56.038199999999996,52.029,58.446400000000004,44.4124,31.6546,45.1932,50.032199999999996,66.057,76.70439999999999,73.13239999999999,45.769400000000005,60.4818,59.1072,33.6104,78.3132,54.322199999999995,38.2228,85.71839999999999,57.8606,22.5772,67.84,39.1918,33.2992,48.252,0.0,66.908,31.67,33.032599999999995,18.5974,44.065400000000004,21.2016,100.9786,26.767,45.0118,41.304199999999994,46.4764,39.8558,78.37660000000001,52.3272,33.7006,38.0316,71.1472,35.8054,62.0238,29.3718,55.1388,11.0758,53.4024,26.0338,14.4052,10.598,21.8004,52.2226,45.056,44.528,4.5562,78.08239999999999,12.182799999999999,38.583,45.1578,96.323,84.472,56.9912,55.6068,55.5546,61.0956,54.5368,54.174,32.0494,38.118,58.666199999999996,48.3316,53.7392,25.8556,41.7586,62.8392,42.7836,33.718199999999996,57.076,59.046,50.590199999999996,28.5706,33.230599999999995,35.6172,12.650799999999998,68.50460000000001,30.5334,58.2506,56.189,37.1782,43.1012,65.5344,30.3158,27.4324,70.1242,92.4868,61.8356,59.936800000000005,32.199400000000004,55.568,12.6636,62.432,24.1926,23.56,18.566,24.239,21.195400000000003,22.0332,26.0382,85.42580000000001,24.698400000000003,30.747799999999998,72.6964,46.4108,59.427,19.9108,32.1894,66.9106,65.6498,45.511,42.087,64.11540000000001,36.067800000000005,75.923,11.7222,53.0206,29.778,41.5,52.666599999999995,26.4178,27.848,67.41539999999999
70043035,32.437200000000004,106.9368,90.6098,94.8896,94.4234,91.4338,104.806,118.42880000000001,112.8358,87.29339999999999,146.4278,146.4328,21.99,58.958400000000005,123.3186,95.326,118.8468,140.32920000000001,80.977,119.00619999999999,124.4876,99.2452,98.3218,93.171,89.6696,42.0204,62.5522,118.5612,91.1098,78.6092,108.2764,109.92880000000001,52.2404,39.479,65.2968,110.3206,105.9902,124.2248,79.8388,124.1184,107.81519999999999,95.5578,109.09660000000001,113.93560000000001,0.7492000000000001,140.6078,137.0358,109.1722,126.1538,123.01060000000001,66.0078,141.716,117.725,98.1832,149.62179999999998,121.764,85.98,22.2888,103.09519999999999,67.3732,111.65480000000001,69.939,0.0,69.2434,96.936,82.00019999999999,107.9688,85.20139999999999,43.2706,90.6704,108.41460000000001,105.2076,109.8792,103.75919999999999,67.0858,116.23060000000001,97.6038,101.4344,135.0506,64.159,125.42660000000001,92.7746,119.042,75.07539999999999,116.8052,89.937,59.2414,74.5978,85.8002,116.126,108.4588,107.9308,73.265,68.5668,76.1062,102.48639999999999,108.56060000000001,159.7258,38.9206,120.89460000000001,119.0096,118.95739999999999,126.7674,118.44019999999999,117.5768,95.9528,70.57039999999999,122.56960000000001,111.7344,117.6426,89.759,105.662,128.511,106.687,97.6216,120.9794,124.7178,81.2236,91.9736,66.4408,99.5206,59.485800000000005,132.408,93.9362,122.154,120.0924,101.08139999999999,103.33160000000001,129.4378,93.71860000000001,91.3358,134.0276,27.352400000000003,127.50739999999999,123.3396,96.1028,121.24,59.498400000000004,126.33539999999999,88.096,92.2688,81.9688,87.6418,85.1952,86.033,89.94139999999999,149.32920000000001,88.10119999999999,94.6512,136.5998,69.398,123.33019999999999,79.5884,96.0928,130.81380000000001,129.5532,108.91380000000001,105.4898,129.78719999999998,99.9712,139.8262,75.125,116.4234,96.229,60.1782,116.06939999999999,90.32119999999999,91.75139999999999,82.4532
70043250,63.9326,56.74,39.1514,40.6268,35.355,39.5222,53.5148,67.1378,61.544599999999996,7.1078,84.4232,84.4282,49.1396,32.6222,67.32719999999999,44.035,67.55560000000001,78.3244,19.212400000000002,67.715,71.428,47.9542,47.0306,44.5186,38.386199999999995,30.5184,20.586,67.27,32.1376,8.0568,70.309,71.9614,38.8446,35.161,6.1188,59.0294,68.0228,68.65039999999999,23.298599999999997,71.0588,59.782199999999996,35.0398,57.8056,62.644400000000005,68.3996,78.603,75.0312,61.139199999999995,73.0942,67.01939999999999,3.4484,103.74860000000001,79.75760000000001,13.0166,98.3306,64.8106,42.640800000000006,49.4384,46.29,3.1372,64.6838,29.7092,69.2506,0.0,42.673199999999994,39.3478,52.0736,34.7074,82.6602,39.3792,70.4472,53.916599999999995,71.9116,52.468,47.4302,64.9396,46.3128,53.4014,83.7594,5.6434,87.4592,44.7416,67.751,35.281800000000004,64.3054,38.653800000000004,32.1464,35.1742,33.7524,64.8348,60.4258,59.8976,33.0354,48.911199999999994,20.3418,51.1954,70.593,121.7584,66.15360000000001,69.6036,81.0422,80.99,73.7078,62.702,79.6094,41.689800000000005,7.956,66.57839999999999,64.7634,66.3516,38.4756,54.3708,75.45139999999999,50.9478,43.358599999999996,69.68839999999999,71.6582,24.683400000000002,43.940400000000004,16.1186,48.2294,34.4906,81.117,46.6724,66.1628,68.8014,49.7904,55.7134,67.4332,45.066199999999995,40.0448,82.73639999999999,71.1846,74.4478,85.37219999999999,41.839800000000004,68.18039999999999,34.5032,75.0442,36.1326,27.058400000000002,37.743199999999995,43.4632,34.7012,33.6806,38.650400000000005,98.038,39.448800000000006,40.388400000000004,85.30860000000001,14.8758,72.0392,13.733799999999999,41.829800000000006,68.8092,78.262,60.8808,57.4568,76.72760000000001,48.6802,88.5352,37.157599999999995,78.456,33.0338,11.338,78.102,31.669400000000003,37.839,38.685
70043420,71.90939999999999,11.686,5.7554,4.5518,9.447799999999999,5.6028,14.553600000000001,28.176599999999997,22.5834,40.213,50.0736,50.0786,96.671,41.33,28.3662,7.3586,28.5944,43.975,26.861,28.7538,32.4668,8.993,4.6288,10.532399999999999,11.4704,74.27080000000001,58.4718,28.308799999999998,14.189200000000001,41.1006,29.6498,41.0062,82.597,82.023,49.871199999999995,20.0682,34.39,29.689400000000003,61.724199999999996,32.0976,22.6208,10.5822,18.8444,23.683400000000002,95.1868,44.2534,40.681599999999996,23.207,34.133,28.0582,47.2008,68.4778,41.1546,47.918,59.3696,31.9852,17.9848,96.9698,18.127599999999997,46.8896,26.7918,34.926,96.0378,45.260400000000004,0.0,22.2652,23.0012,15.388,130.1082,5.1488000000000005,29.7882,14.9554,40.9564,7.6594,89.19,25.9784,7.3516,19.453400000000002,44.798199999999994,49.3958,56.504,15.14,28.7898,25.599400000000003,30.3444,6.3348,41.613,25.327,15.986799999999999,25.8738,22.5338,22.005599999999998,38.252,87.7776,33.1788,9.3888,29.3216,83.1554,113.6016,30.642400000000002,42.4392,42.3868,34.7468,24.8238,41.0064,2.2928,53.181,27.6172,26.8714,27.390400000000003,9.4484,15.409600000000001,36.490199999999994,8.2844,5.2488,30.7272,32.6972,60.2854,14.339,54.020199999999996,7.295,39.858599999999996,42.155800000000006,9.2272,27.2018,29.8402,10.8292,16.7524,34.858599999999996,8.34,4.1272,43.775400000000005,121.6166,35.486599999999996,54.417,6.3442,29.2192,39.871199999999995,36.083,10.0664,18.105,19.8354,18.807,15.3818,16.2196,6.2588,59.077,14.350200000000001,4.8928,46.3476,56.106,33.078,34.503800000000005,6.3342,33.5612,39.301,22.9486,19.564799999999998,37.7666,9.59,49.574,27.3104,39.8528,15.779200000000001,55.0904,39.499,12.2916,6.5934,77.1106
70081032,57.0132,33.861,16.441,20.7256,20.2592,16.566200000000002,22.7484,35.9946,38.6656,40.093,72.269,72.274,81.7748,28.3558,44.4484,21.156,36.4126,66.1704,25.6986,36.572,40.285,19.201400000000003,24.1516,12.6404,15.501,72.78,43.5756,36.127,17.3268,40.980599999999995,31.8932,33.5456,84.0244,67.1268,49.7512,36.150400000000005,29.607200000000002,37.507400000000004,63.771800000000006,39.915800000000004,27.322200000000002,21.3938,34.9266,39.7654,80.29060000000001,66.449,62.877,28.6792,41.951,44.1404,47.0808,65.3328,41.342,49.9656,69.2482,47.605199999999996,6.7424,82.0736,28.9366,46.7696,32.2238,20.269,81.14160000000001,45.1404,20.384400000000003,0.0,33.81,11.4182,115.212,16.5002,32.031400000000005,31.037599999999998,33.496,29.589,91.2376,33.7966,23.433799999999998,20.9414,54.677,49.275800000000004,49.0434,12.281600000000001,38.4044,10.762799999999999,31.8454,15.7684,28.6388,10.285,12.0172,33.6918,27.965799999999998,27.4376,23.595,89.8252,27.9222,28.3164,32.1774,83.3428,98.7054,46.724599999999995,42.626400000000004,42.5742,42.564800000000005,44.281400000000005,41.193599999999996,19.401,55.2286,43.699400000000004,32.3034,37.005,15.590200000000001,31.491799999999998,44.3084,30.535,23.4574,38.5454,40.5152,62.333,11.4804,47.4642,25.3504,26.884400000000003,52.0344,13.443,43.2838,37.6584,26.9114,22.8384,55.279,13.2326,17.1658,53.654,106.7204,43.3048,46.9566,19.9742,37.0374,26.897,45.6976,13.926,20.153599999999997,2.0704000000000002,11.003200000000001,11.4122,12.249799999999999,15.7714,68.9556,11.162799999999999,20.4872,56.2262,58.1536,40.8962,33.3812,19.9642,49.6434,49.1796,28.4208,24.9968,45.5846,20.7732,59.4528,10.802200000000001,40.0402,22.059,54.9704,39.6864,16.151,17.5872,79.1582
70081671,81.0716,12.5918,18.1222,19.5976,16.819200000000002,18.493,21.901799999999998,23.0942,16.3754,47.767199999999995,34.629599999999996,34.6344,105.833,55.028400000000005,15.3584,26.0398,23.5122,28.5308,38.0006,23.671599999999998,30.290599999999998,21.0592,16.286,29.2136,22.737,81.825,67.63380000000001,23.226599999999998,25.328799999999998,48.6548,36.998,48.3544,90.151,91.1852,57.4254,13.8602,41.7382,24.607,69.27839999999999,29.921400000000002,21.6524,18.6452,14.191799999999999,17.4752,104.3488,28.8094,25.2374,24.8358,31.956799999999998,15.0504,54.755,75.826,48.5028,55.472199999999994,48.647,15.0168,36.665800000000004,106.1318,6.6262,54.4438,34.1398,44.088,105.1998,52.8146,21.644,33.349,0.0,26.471799999999998,139.2704,21.857400000000002,37.1364,13.717600000000001,48.3046,14.351,96.74419999999999,23.8022,21.5898,24.189400000000003,34.0758,56.95,63.852199999999996,33.8212,26.169,34.7614,30.9562,18.7018,55.3114,34.489,27.6526,22.765,29.882,29.3538,47.414,95.3318,44.318400000000004,16.436799999999998,36.6698,90.5036,122.7638,19.9198,49.7874,49.735,32.5706,10.48,48.3546,20.6608,60.7352,14.609399999999999,34.2196,24.7694,22.826400000000003,15.0588,34.314,13.405,15.1554,25.6448,30.521,67.8396,33.020199999999996,71.52239999999999,21.599,53.557,31.433400000000002,27.9084,14.194,24.7578,17.560599999999997,24.1006,17.639599999999998,27.0212,20.8356,33.052800000000005,130.7788,33.3104,61.7652,14.513399999999999,27.043,53.5698,31.0302,21.206,26.2234,33.3176,37.4882,26.4656,27.934,22.401400000000002,48.3544,29.3294,19.3592,35.625,63.660199999999996,27.9956,43.742,14.5236,19.0156,28.578400000000002,25.0942,26.913,35.5904,21.5128,38.8516,36.4726,47.201,23.7776,62.6446,46.847199999999994,23.4312,16.1382,84.6648
70082414,58.766,28.0108,10.591,14.875399999999999,14.409,10.716,24.7856,37.3894,32.815400000000004,31.1962,66.4188,66.4238,83.5274,30.108400000000003,38.5982,15.3058,37.8074,60.3202,17.1706,37.966800000000006,41.6796,19.225,18.3014,11.8632,9.650799999999998,65.254,45.328199999999995,37.521800000000006,6.2623999999999995,32.0838,36.4766,47.7716,73.58,68.87939999999999,40.8544,30.3002,43.833,38.9022,52.7074,41.3104,28.7168,14.661200000000001,29.076400000000003,33.9152,82.0432,60.598800000000004,57.0268,30.0738,43.345800000000004,38.2902,38.184,79.5588,47.9814,38.901199999999996,69.6016,41.755199999999995,16.579,83.8262,23.0864,37.872800000000005,33.6184,22.0216,82.8942,36.2436,14.5342,10.813,27.96,0.0,116.9646,10.65,36.6148,25.1874,47.7218,23.738799999999998,80.1732,35.191199999999995,17.583599999999997,22.336,55.030199999999994,40.379,63.2692,15.7648,39.021800000000006,12.511,33.240199999999994,9.9182,30.3914,12.0332,1.7902,35.0866,29.360599999999998,28.8324,25.3476,78.7608,23.488400000000002,22.4662,36.1484,89.98219999999999,100.458,40.8744,49.265800000000006,49.2136,43.9596,38.4312,47.833,13.550799999999999,44.164199999999994,37.849199999999996,33.6982,37.6224,9.74,25.641599999999997,45.703199999999995,24.6848,17.607400000000002,39.94,41.91,51.2686,14.9636,49.216800000000006,19.5002,28.637,52.387800000000006,14.0168,37.4336,39.053,21.0612,24.2332,49.429,12.4108,11.3156,54.0072,108.473,44.699400000000004,61.1824,14.124,38.432,28.6496,46.315,8.075800000000001,9.0892,10.781600000000001,17.4012,0.0062,1.6852,9.9212,69.3088,6.7932,14.637,56.5794,47.089,42.290800000000004,24.8134,14.114,43.7932,49.5328,29.8154,26.391599999999997,46.9794,19.951,59.806,12.967799999999999,46.6796,13.0896,46.0736,46.3258,10.301,11.737,68.0938
70083097,74.2476,140.0266,123.6996,127.9794,127.5132,124.5234,137.8956,151.5186,145.9256,89.3306,179.51760000000002,179.5226,34.154,92.0482,156.40820000000002,128.4158,151.9366,173.41879999999998,114.0668,152.096,157.57739999999998,132.335,131.4116,126.2608,122.7594,55.497800000000005,77.41080000000001,151.65079999999998,124.1996,88.18360000000001,141.366,143.0186,50.3082,54.29,78.7742,143.41039999999998,139.08,157.3146,76.1486,157.208,140.905,128.6476,142.1864,147.0254,42.732800000000005,173.6974,170.12560000000002,142.262,159.2434,156.1002,79.48519999999999,174.80579999999998,150.8148,87.72160000000001,182.7116,154.85379999999998,119.0698,34.4528,136.185,80.8506,144.74439999999998,103.0288,43.583800000000004,82.7208,130.0258,115.09,141.0586,118.291,0.0,123.76,141.5044,138.29739999999998,142.9688,136.84879999999998,44.6974,149.3204,130.6936,134.5242,168.1404,77.6364,158.5164,125.86439999999999,152.1318,108.1652,149.895,123.02680000000001,92.3312,107.6874,118.89,149.2158,141.5486,141.0206,106.3548,46.1782,102.613,135.5762,141.6502,192.81560000000002,20.7672,153.9844,152.0994,152.0472,159.8572,151.5298,150.66660000000002,129.0426,84.04780000000001,155.6592,144.82420000000002,150.73239999999998,122.8486,138.7516,161.6008,139.77679999999998,130.7114,154.06920000000002,157.8076,77.5334,125.0632,75.2168,132.61020000000002,92.57539999999999,165.49779999999998,127.0258,155.2438,153.18220000000002,134.1712,136.4212,162.5276,126.80839999999999,124.4256,167.1174,11.2364,160.59720000000002,156.4294,129.1926,154.3296,92.588,159.425,121.1858,109.2812,115.05860000000001,120.7314,118.285,119.1226,123.0312,182.419,121.1908,127.741,169.6896,87.393,156.42,95.95639999999999,129.1826,163.9036,162.643,142.0036,138.5796,162.877,133.061,172.916,108.2148,149.513,129.3188,73.6556,149.1592,123.411,124.8412,60.064800000000005
70083842,64.2212,19.389599999999998,4.0588,5.1988,10.462399999999999,3.9064,16.1646,29.7874,24.1944,35.1202,51.684400000000004,51.6894,88.9826,35.5636,29.977,6.6846000000000005,30.2054,45.585800000000006,21.0948,30.3648,34.0776,10.6038,9.680399999999999,7.496,5.7042,69.178,50.7834,29.9198,8.422799999999999,36.0078,31.2608,42.617,77.5042,74.33460000000001,44.778400000000005,21.6792,36.000800000000005,31.3002,56.6314,33.708400000000005,24.2318,11.597,20.4552,25.2942,87.49839999999999,45.8644,42.2924,24.8178,35.7438,29.669,42.108,70.0888,42.7654,42.825199999999995,60.9804,33.596199999999996,14.5326,89.28139999999999,19.1398,41.796800000000005,28.4026,27.2584,88.34939999999999,40.1676,4.775600000000001,16.4988,24.0134,9.6216,122.41980000000001,0.0,31.399,16.566200000000002,42.5674,15.117799999999999,84.0972,27.5892,8.962399999999999,18.779400000000003,46.4092,44.303,58.1148,14.466,30.400599999999997,17.9318,31.9552,5.9716000000000005,35.846599999999995,17.6594,10.2204,27.484599999999997,24.144599999999997,23.6166,30.584400000000002,82.68480000000001,27.412599999999998,13.845,30.9324,84.7662,105.9132,32.2532,44.05,43.997800000000005,36.3576,26.4346,42.6172,3.7924,48.0882,29.228,28.482200000000002,29.0012,3.6822,17.020599999999998,38.1012,16.0638,7.9308000000000005,32.338,34.308,55.1926,13.665,48.9274,10.879,34.0922,43.7666,9.703,28.8126,31.451,12.44,18.3632,45.4822,7.692,1.7352,45.386199999999995,113.9282,37.0976,56.028,6.412,30.83,34.104800000000004,37.694,4.3,13.013200000000001,16.4674,15.355,9.6154,10.4532,0.284,60.6878,10.505799999999999,4.9604,47.958400000000005,51.0132,34.6888,28.737599999999997,6.402,35.172,40.9118,24.5596,21.1756,39.3774,11.329799999999999,51.1848,18.423,41.463800000000006,12.433200000000001,49.997800000000005,41.1098,6.5252,7.7904,72.01780000000001
70084418,82.9856,23.9286,33.6096,32.944199999999995,37.840199999999996,33.4572,15.734200000000001,20.057599999999997,24.3218,66.83,51.8702,51.8752,107.74719999999999,54.328199999999995,34.5176,27.1356,18.6062,50.126400000000004,52.4356,19.238799999999998,18.4064,21.6616,26.252200000000002,25.8178,35.6956,98.7524,69.548,19.145,38.4144,67.7176,0.49639999999999995,13.67,109.99680000000001,93.0992,76.48819999999999,26.2196,5.2366,18.1436,86.623,18.037,18.1384,38.974599999999995,24.9958,26.7892,106.263,50.4048,46.833,14.7898,20.072400000000002,34.2096,73.8178,39.324400000000004,12.0012,72.8168,44.626599999999996,38.1366,27.81,108.046,35.719199999999994,73.5066,3.2744,46.2414,107.114,71.8774,31.197200000000002,32.329,36.588,36.402,141.18439999999998,31.2848,0.0,21.105,13.6202,24.939,114.0888,19.4376,24.4764,16.4626,29.7044,76.0128,29.1678,25.636,27.3312,36.7352,10.724,34.1892,54.6112,36.257400000000004,37.000800000000005,22.237599999999997,8.2548,8.728,49.5674,112.6764,53.8946,23.6662,0.1802,54.002,124.6778,36.793800000000005,13.2858,13.2334,20.6862,30.9752,11.853,30.2138,78.32539999999999,33.7686,3.354,25.9318,33.6736,21.5594,22.4298,25.885,31.62,22.6082,18.636599999999998,85.1842,24.834799999999998,73.43660000000001,23.8696,52.8568,31.167,24.4068,33.353199999999994,21.7212,22.261200000000002,16.8774,46.501400000000004,24.8808,30.5796,42.5808,132.69279999999998,21.4262,27.0808,34.736599999999996,15.1586,52.8694,34.6244,34.291599999999995,43.0048,33.7104,24.9932,36.3958,37.233599999999996,30.484,43.983,31.4354,33.285199999999996,45.153,81.0048,23.724,60.118199999999995,34.7266,39.7126,38.1064,14.531600000000001,14.173,23.706,20.7024,34.480199999999996,36.7746,10.699399999999999,42.4246,81.70739999999999,10.345600000000001,36.5168,34.985800000000005,102.0094
70084927,79.509,3.0046,18.906,18.240599999999997,23.136599999999998,18.7536,6.3028,16.1642,10.4824,50.408199999999994,38.045,38.049800000000005,104.2706,50.8516,16.3374,11.6494,16.5822,31.9462,36.3828,16.7416,20.4546,9.2446,11.5486,18.547400000000003,20.992,84.466,66.07119999999999,16.2966,23.7108,51.2958,21.399,32.7554,92.7922,89.6226,60.0664,7.9672,26.139200000000002,17.677,71.9194,20.0852,10.608600000000001,24.271,6.8158,11.5822,102.7862,32.2248,28.6528,14.999799999999999,22.1206,16.029600000000002,57.396,60.227,32.903800000000004,58.1132,47.3408,19.956599999999998,25.1122,104.5692,13.5006,57.0848,18.5408,42.5462,103.63719999999999,55.4556,16.493599999999997,31.7868,14.584200000000001,24.909599999999998,137.7078,16.5812,21.537200000000002,0.0,32.7056,4.9722,99.3852,13.9662,9.7726,8.590399999999999,32.7696,59.591,48.2532,18.8884,16.7776,33.2196,22.0936,19.485599999999998,51.1346,32.9474,25.5084,13.8614,14.283,13.7548,45.8724,97.9728,42.7004,6.4076,21.0708,74.9046,121.2012,18.613599999999998,34.1884,34.136,22.7344,11.3278,32.7554,15.510200000000001,63.3762,15.5884,18.6206,15.378,18.97,1.3414000000000001,24.478,5.2856000000000005,16.916400000000003,18.7148,20.6848,70.48060000000001,18.087400000000002,64.2152,9.166,49.380199999999995,30.127200000000002,14.607,15.173,17.8278,7.557600000000001,8.5014,29.7488,15.733,15.876,31.746599999999997,129.2162,23.474400000000003,46.166199999999996,20.033,17.206799999999998,49.3928,24.0708,19.588,28.3012,26.963,25.9346,24.9034,25.7412,15.7804,47.048199999999994,23.968,18.581599999999998,34.3188,66.3012,21.0658,44.025400000000005,20.023,21.5326,27.2722,14.697799999999999,11.314,25.7542,9.6982,37.5454,33.711,31.602,27.721,65.2856,31.2482,21.813200000000002,20.2822,87.3058
70084983,84.3004,35.2006,44.881800000000005,44.2162,49.112199999999994,44.7292,27.0062,31.3582,35.6224,68.1448,63.1708,63.1758,109.062,55.643,45.7896,38.407599999999995,29.9068,61.3984,53.7504,30.5394,29.707,32.9336,37.5242,37.089800000000004,52.629599999999996,100.0672,70.86280000000001,30.4456,54.0844,69.0324,13.3024,0.24,111.31160000000001,94.414,77.803,37.491800000000005,11.016399999999999,29.444200000000002,93.5512,29.337799999999998,29.410400000000003,50.2468,36.268,38.089800000000004,107.5778,61.677,58.105,26.062,31.373,45.4816,75.13260000000001,32.2394,22.7512,79.745,55.9272,49.4088,29.1248,109.3608,46.9912,74.8214,16.680799999999998,47.5562,108.42880000000001,73.1922,42.469199999999994,33.643800000000006,47.86,48.1758,142.4992,42.557,13.4408,32.3772,0.0,36.211,119.89739999999999,30.7382,35.748400000000004,27.7348,41.005,77.3276,15.95,28.799400000000002,38.631800000000005,38.05,22.0246,45.4612,55.926,37.572199999999995,48.7746,33.538199999999996,19.527,20.0002,50.8822,119.6044,55.2094,34.9384,13.5866,50.553599999999996,125.99260000000001,48.0658,24.0358,23.9836,31.9868,42.2472,22.603,41.486,79.6402,45.0406,16.7606,37.2324,44.945800000000006,32.8316,33.7304,37.157,42.892,33.9088,29.9372,92.1124,29.404,74.75139999999999,35.1418,54.1716,42.4676,35.6788,44.6252,33.021800000000006,33.5334,28.1494,57.7736,36.152800000000006,41.851800000000004,53.8814,134.0076,32.7268,13.8632,46.0088,26.459400000000002,54.1842,45.925,51.0546,56.911199999999994,35.7142,26.308,48.169599999999996,49.007400000000004,41.756,55.2836,40.1926,44.557199999999995,56.4536,87.9328,35.0246,61.433,45.9988,50.9848,49.407,25.8036,25.4452,35.0066,31.974400000000003,45.780800000000006,38.089400000000005,21.4496,59.1878,83.0222,21.095599999999997,53.2798,46.258,108.9376
70126798,77.591,4.8812,16.988,16.3226,21.2186,16.8356,10.04,23.663,18.0698,48.490199999999994,45.748,45.753,102.35260000000001,48.9336,22.6386,9.7316,24.0808,39.6494,34.464800000000004,24.2402,27.953200000000002,6.7082,3.9671999999999996,16.5338,19.0742,82.548,64.1534,23.7952,21.7928,49.3778,25.136200000000002,36.492599999999996,90.8742,87.7046,58.1484,15.5546,29.8764,25.1758,70.00139999999999,27.584,18.107200000000002,22.353,14.3308,19.1698,100.8684,39.927800000000005,36.356,18.6934,29.619400000000002,22.3308,55.478,63.9642,36.641,56.1952,54.856,21.0842,22.5758,102.6514,10.7802,55.1668,22.278,40.6284,101.7194,53.5376,7.6756,26.031200000000002,14.1042,22.9916,135.78979999999999,14.663200000000002,25.2746,5.413399999999999,36.442800000000005,0.0,97.46719999999999,21.4648,7.239,10.552200000000001,40.2846,57.673,51.9904,16.352,24.2762,31.301599999999997,25.8308,17.5676,49.2166,31.029400000000003,23.590400000000002,21.3602,18.0202,17.492,43.9544,96.0548,40.782599999999995,2.0858000000000003,24.808,78.6418,119.2832,26.1288,37.925599999999996,37.8732,30.2332,17.7604,36.4928,13.5922,61.4582,21.8898,22.3578,22.8768,17.0522,10.896,31.976599999999998,0.946,10.3642,26.2136,28.183400000000002,68.5626,15.551,62.2972,7.248,47.462199999999996,37.642199999999995,12.689,21.4742,25.3266,3.2096,12.2388,28.758,13.815,13.958,39.2616,127.2982,30.973,49.903400000000005,10.664,24.705599999999997,47.4748,31.5694,17.67,26.383200000000002,24.426599999999997,23.3982,22.985400000000002,23.8232,13.8624,54.563199999999995,22.1516,16.6636,41.833800000000004,64.3832,28.564400000000003,42.1076,10.654,30.134,34.7872,18.435,15.051200000000001,33.253,7.1618,45.0604,31.793,35.3392,25.803,63.367599999999996,34.9854,19.8952,18.3642,85.3878
70130197,63.262,101.666,84.0774,85.5528,80.281,84.4482,98.4408,112.06360000000001,106.4706,53.1978,129.3492,129.3542,46.0636,70.1242,112.25319999999999,88.9608,112.4816,123.2504,66.4572,112.641,116.354,92.8802,91.95660000000001,91.3282,83.31219999999999,23.363,51.6916,112.196,77.06360000000001,56.446400000000004,117.55380000000001,119.2062,10.6434,28.005599999999998,44.941199999999995,103.9554,115.2676,113.57639999999999,31.4512,115.9846,106.508,79.9658,102.7316,107.57039999999999,66.7098,123.529,119.9572,107.094,118.02,111.9452,45.6522,150.9934,127.0026,43.0242,143.2566,109.73639999999999,89.88560000000001,46.362199999999994,91.216,47.0174,110.67880000000001,76.9542,67.5608,48.887800000000006,87.599,90.278,96.9996,79.6332,45.1298,84.3052,117.692,98.8424,119.15660000000001,97.394,0.0,109.8656,91.2388,101.05560000000001,128.6854,43.8034,134.704,95.2298,112.677,82.5266,114.2316,83.5796,70.4072,82.419,78.6784,109.7608,106.4208,105.89280000000001,80.2802,1.481,67.5868,96.1212,113.2086,169.0034,35.942800000000005,114.5294,128.287,128.2348,118.63380000000001,107.628,126.85419999999999,86.61580000000001,47.7954,111.5042,110.7584,111.2774,83.4016,99.2968,120.3774,95.8738,88.28460000000001,114.6142,116.5842,32.8362,94.42880000000001,47.541199999999996,93.1554,70.6516,126.0428,91.97919999999999,111.0888,113.7272,94.7164,100.6394,112.3592,91.8758,84.9706,127.66239999999999,56.8174,119.3738,132.617,86.7658,113.1062,70.6642,119.97019999999999,81.05860000000001,71.9844,84.988,90.708,79.6272,78.6066,83.57639999999999,142.964,86.2584,85.3142,130.2346,42.695800000000006,116.9652,60.9786,86.75580000000001,113.73519999999999,123.188,106.8358,103.4518,121.65360000000001,93.606,133.46120000000002,84.4026,125.7008,77.9598,39.8226,125.3468,76.5954,82.765,15.3674
70130674,91.00019999999999,16.2614,30.3972,29.7316,34.6276,30.2446,14.0652,6.388,5.327,61.8992,32.8754,32.8804,115.7616,62.3426,18.713,23.1406,6.806,32.0086,47.8738,6.9654,13.1236,20.735799999999998,23.0396,24.2454,32.483200000000004,95.9572,77.5624,6.5203999999999995,35.202,62.787,21.8352,33.211400000000005,104.2832,101.1138,71.55760000000001,8.0106,26.575400000000002,7.9008,83.4106,12.7544,7.5694,35.7622,8.865,7.7943999999999996,114.2774,32.2872,28.7152,7.6688,11.513,18.405,68.88719999999999,60.663199999999996,33.34,69.6044,39.1802,22.332,30.287200000000002,116.06039999999999,22.3272,68.576,18.977,54.0374,115.1284,66.9468,27.984599999999997,33.742599999999996,20.783,36.4006,149.199,28.072400000000002,21.973599999999998,14.002600000000001,33.1618,21.7264,110.87639999999999,0.0,21.2638,14.8904,24.6088,71.0822,48.709199999999996,24.063599999999997,8.3364,44.710800000000006,13.789200000000001,30.9768,62.6256,44.4384,36.9996,3.2428000000000003,17.3078,16.7796,57.3634,109.4638,54.1916,20.453799999999998,21.507,75.3408,132.6924,19.395,34.6246,34.572199999999995,15.4036,15.1706,33.1918,27.0014,74.86739999999999,17.964,19.0568,6.937,30.4612,13.561200000000001,17.147,22.672400000000003,28.407400000000003,8.938600000000001,13.354,81.9718,23.262400000000003,75.70639999999999,20.6572,60.871199999999995,21.9664,22.834400000000002,17.548599999999997,8.0516,19.0488,15.2086,24.499200000000002,23.308400000000002,27.3672,23.586,140.7074,16.1434,46.6222,31.5242,9.876,60.884,15.6296,31.079,39.7924,32.138,31.109599999999997,36.394400000000005,37.2322,27.2714,38.8876,29.863,30.072599999999998,26.1582,77.7922,11.289399999999999,55.5166,31.514200000000002,23.908,19.1116,7.9272,14.338799999999999,18.4234,21.189400000000003,29.3846,45.202,32.0382,39.212199999999996,76.77680000000001,32.977599999999995,33.304199999999994,31.773400000000002,98.797
70130675,73.495,11.0706,12.892,12.226600000000001,17.122400000000003,12.7394,7.8454,21.468400000000003,15.875200000000001,44.3942,43.3654,43.370400000000004,98.2564,44.8376,21.658,5.6354,21.886200000000002,37.2666,30.368599999999997,22.0456,25.758599999999998,2.995,4.7372,9.9146,14.978,78.452,60.057199999999995,21.6006,17.6968,45.281800000000004,22.941599999999998,34.298,86.778,83.60860000000001,54.0524,13.36,27.6818,22.9812,65.9054,25.389400000000002,15.912600000000001,18.257,12.1362,16.9752,96.7722,37.545199999999994,33.9734,16.4988,27.424799999999998,21.35,51.382,61.7696,34.446400000000004,52.099199999999996,52.6614,25.277,20.3598,98.5552,17.578799999999998,51.070800000000006,20.083599999999997,36.532199999999996,97.6232,49.4416,10.4794,23.815,20.9028,18.895599999999998,131.69379999999998,10.567200000000001,23.08,8.247200000000001,34.2482,6.7986,93.3712,19.2702,0.0,10.133,38.09,53.577,49.7958,14.136,22.081599999999998,27.205599999999997,23.636200000000002,13.4716,45.120400000000004,26.9332,19.494400000000002,19.165599999999998,15.8256,15.2974,39.8582,91.9588,36.6864,5.526,22.613400000000002,76.4472,115.18719999999999,23.9342,35.731,35.678599999999996,28.0386,18.115599999999997,34.298199999999994,9.4962,57.362199999999994,20.909,20.1632,20.6822,12.956,8.7014,29.782,7.7446,10.9022,24.019,25.989,64.4666,13.335,58.2012,2.3548,43.3662,35.4476,6.677,20.493599999999997,23.132,4.121,10.0442,33.6418,7.7222,9.862,37.0672,123.20219999999999,28.7784,47.708800000000004,14.019,22.511,43.378800000000005,29.3748,13.574,22.287200000000002,22.2106,21.1822,18.889400000000002,19.7272,9.766200000000001,52.3686,14.553600000000001,12.5674,39.6394,60.287,26.369799999999998,38.0114,14.009,26.853,32.5928,16.2404,12.8566,31.058400000000002,4.9458,42.8658,27.6968,33.1446,21.707,59.2716,32.790800000000004,15.799,14.2682,81.29180000000001
70132480,75.2792,11.233600000000001,19.6278,18.962400000000002,23.858400000000003,19.4754,3.0391999999999997,17.4844,16.04,49.1132,43.530199999999994,43.535,100.04060000000001,46.6216,21.822599999999998,12.9082,17.9024,37.431400000000004,34.7188,18.061799999999998,21.7748,5.1298,11.4024,11.590399999999999,21.719,83.171,61.8414,17.616799999999998,24.4376,50.000800000000005,16.5716,27.928,91.49719999999999,85.39280000000001,58.7714,13.524799999999999,21.311799999999998,18.9972,72.6464,21.4054,8.8118,24.9928,12.301,17.1398,98.5564,37.71,34.138,10.1688,23.4408,21.514599999999998,56.101,55.3996,28.076400000000003,58.84,50.738,25.4418,17.6324,100.3394,20.9348,55.7898,13.7136,38.535,99.4074,54.160599999999995,17.215400000000002,21.0876,23.893,22.174599999999998,133.478,17.3082,16.71,8.410200000000001,27.8782,10.1546,100.112,15.286200000000001,7.5398000000000005,0.0,36.1668,58.296,43.4258,11.4086,19.8942,29.7852,13.3352,20.2074,46.9046,29.307599999999997,22.773400000000002,15.1816,9.4556,8.9274,41.861,98.6996,41.0366,8.882,16.2434,70.07719999999999,116.97139999999999,24.0988,29.361,29.3086,24.054599999999997,18.2802,27.9282,16.232,64.103,21.0736,13.7932,18.494799999999998,19.697,8.864600000000001,25.7982,11.1006,22.273799999999998,20.035,22.005,71.20739999999999,10.6076,65.73,9.02,45.150400000000005,33.5242,10.1794,20.6582,19.148,7.477,3.1294,33.806599999999996,10.6534,16.603,35.143800000000006,124.98639999999999,24.7946,41.338800000000006,20.7548,18.527,45.163,27.1874,20.314799999999998,29.028,19.4832,18.4546,22.168400000000002,23.0062,16.5072,50.4454,17.208,19.3034,37.716,67.028,22.386,42.4016,20.744799999999998,27.017799999999998,30.669400000000003,9.9106,6.4866,27.0744,4.1706,40.9424,29.8248,26.7746,30.189799999999998,63.9908,26.4208,22.54,21.004,88.0326
70132663,116.2354,33.979,49.9414,49.276,54.0884,49.789,27.9896,10.9686,18.369799999999998,81.4436,21.560200000000002,21.5652,140.99679999999998,81.887,25.8432,42.6848,12.8254,23.6896,67.418,12.9848,17.801599999999997,40.28,42.583800000000004,38.1698,52.0274,115.50139999999999,102.7976,12.5398,54.746199999999995,82.3312,30.8036,42.1798,123.8274,126.3488,91.1018,21.0532,35.543800000000005,13.920200000000001,102.9548,20.4138,21.4938,55.2228,21.907799999999998,24.1928,139.5126,24.7044,27.2052,18.7372,15.7782,25.5352,88.4314,70.627,42.7656,89.1486,14.960600000000001,30.3722,44.211800000000004,141.2956,39.2526,88.1202,27.945400000000003,79.2518,140.36360000000002,86.491,47.528800000000004,47.667,33.2398,55.945,174.434,47.6166,30.9418,33.5492,42.13,41.2706,130.4206,19.101,40.808,28.814799999999998,0.0,90.62639999999999,57.6776,37.988,24.22,69.9252,22.7576,50.521,82.17,69.6528,56.543800000000005,16.2854,28.229200000000002,28.7024,82.5778,129.0082,73.7358,39.998,30.4754,85.30460000000001,157.9274,22.169400000000003,44.0502,43.997800000000005,22.9902,25.205,42.6174,46.5456,94.4116,25.3888,28.0252,22.8206,50.0054,33.1054,12.9248,42.2166,47.951800000000006,9.758,20.9406,101.516,37.186800000000005,95.2506,40.2014,80.41560000000001,2.918,36.7588,26.004,9.305,38.593,29.133,27.2736,37.232800000000005,46.9114,12.2708,165.9424,23.73,55.5906,51.068400000000004,14.4724,80.4282,14.4926,50.623400000000004,59.3366,46.062400000000004,45.034,55.9388,56.7766,46.8158,14.316799999999999,43.7874,49.617,14.842799999999999,97.3366,7.2176,75.0608,51.0584,28.115,11.7646,18.9956,28.2632,15.888200000000001,40.733599999999996,4.814,71.6362,41.6394,60.4198,96.321,40.5642,52.8486,51.302,118.3412
70132664,56.1914,62.334199999999996,44.745599999999996,46.221,40.9492,45.1164,59.109,72.7318,67.1388,12.702,90.0174,90.02239999999999,43.653400000000005,38.2164,72.92160000000001,49.6292,73.1498,83.91860000000001,24.8066,73.3092,77.0222,53.5484,52.6248,50.1128,43.9804,25.0322,20.511400000000002,72.8642,37.7318,13.651,75.903,77.55560000000001,33.3584,29.674799999999998,2.1458000000000004,64.6236,73.617,74.2446,28.02,76.653,65.3764,40.634,63.399800000000006,68.2386,62.9134,84.1972,80.6254,66.73339999999999,78.6882,72.6136,2.8568000000000002,109.3428,85.3518,18.610799999999998,103.9248,70.40480000000001,48.235,43.9522,51.8842,4.222,70.278,35.3034,63.7644,6.0922,48.2674,44.942,57.6678,40.3016,77.174,44.9734,76.0414,59.5106,77.50580000000001,58.0622,41.944199999999995,70.5338,51.907,58.995599999999996,89.3536,0.0,93.0534,50.335800000000006,73.34519999999999,40.875800000000005,69.8996,44.248,37.7406,40.7684,39.346599999999995,70.429,66.02,65.4918,38.629599999999996,43.4252,25.936,56.7896,76.18719999999999,127.35260000000001,60.6674,75.1978,86.6364,86.5842,79.302,68.2962,85.20360000000001,47.284,7.4193999999999996,72.1726,70.3576,71.9458,44.0698,59.965,81.04560000000001,56.542,48.9528,75.2826,77.2524,29.404799999999998,49.5346,16.361,53.8236,40.0848,86.71119999999999,52.2666,71.757,74.3956,55.3846,61.3076,73.0274,50.6604,45.639,88.3306,65.69839999999999,80.042,90.9664,47.434,73.7746,40.0974,80.63839999999999,41.726800000000004,32.6526,43.3374,49.0574,40.2954,39.274800000000006,44.2446,103.6322,45.043,45.9826,90.9028,14.339,77.6334,19.3278,47.424,74.40339999999999,83.8562,66.475,63.051,82.3218,54.2742,94.12939999999999,42.7518,84.0502,38.628,5.852,83.69619999999999,37.2636,43.4332,29.666
70132665,99.8568,50.757,60.438,59.7726,64.6686,60.285599999999995,42.562599999999996,46.9144,51.1788,83.701,78.7272,78.73219999999999,124.6182,71.19919999999999,61.346,53.964,45.4632,76.9548,69.3066,46.0956,45.2632,48.49,53.0806,52.6462,68.186,115.62360000000001,86.419,46.0018,69.6406,84.5886,28.8588,15.71,126.868,109.9704,93.3592,53.048199999999994,26.5728,45.0004,109.1074,44.894,44.966800000000006,65.803,51.8242,53.6462,123.134,77.2332,73.6614,41.618199999999995,46.9294,61.038,90.6888,16.2894,27.4882,95.3012,71.48360000000001,64.965,44.681,124.917,62.547599999999996,90.3776,32.2372,63.1126,123.985,88.74839999999999,58.0256,49.200199999999995,63.4164,63.7322,158.0556,58.1132,28.997,47.9336,15.95,51.7674,135.4536,46.2944,51.3048,43.291199999999996,56.5614,92.88380000000001,0.0,44.355599999999995,54.188,53.606199999999994,37.5808,61.0176,71.48219999999999,53.1286,64.331,49.0944,35.0832,35.556400000000004,66.43860000000001,135.1608,70.7658,50.4946,29.143,34.6034,141.549,63.6222,25.8268,26.205,47.5432,57.803599999999996,27.34,57.042199999999994,95.1964,60.597,32.3168,52.788599999999995,60.502199999999995,48.387800000000006,49.2866,52.7134,58.4484,49.465199999999996,45.4936,107.66860000000001,44.9602,90.30760000000001,50.698,69.728,58.024,51.2352,60.181599999999996,48.578199999999995,49.0896,43.7058,73.3298,51.709199999999996,57.408,69.4376,149.564,48.283,2.3664,61.565,42.0156,69.7406,61.4814,66.611,72.4674,51.2706,41.8644,63.726,64.5638,57.312400000000004,70.84,55.749,60.1136,72.0098,103.4892,50.5808,76.98939999999999,61.555,66.541,64.9632,41.36,41.001400000000004,50.563,47.530800000000006,61.337,53.6458,37.0058,74.744,98.57860000000001,36.652,68.83619999999999,61.8142,124.49380000000001
70133553,67.08160000000001,19.9552,17.5992,16.933799999999998,21.8296,17.4466,13.3478,26.5942,25.6998,42.4694,53.543,53.548,91.843,38.424,32.6378,10.8796,27.012,48.2466,28.075,27.171599999999998,30.884400000000003,10.7778,17.1442,9.5646,19.6902,76.5272,53.643800000000006,26.7264,25.2938,43.357,25.6814,30.9576,84.8532,77.195,52.1276,24.34,27.019,28.107,71.7388,30.5152,17.921599999999998,22.9642,23.116,26.39,90.3588,48.5252,44.953199999999995,19.278599999999997,32.550599999999996,32.3298,49.4572,62.744800000000005,37.1862,57.9326,59.8478,36.257,8.7786,92.1418,30.5096,49.146,22.8232,30.3372,91.2098,47.5168,15.1866,14.4438,31.461,19.3852,125.2802,15.279399999999999,25.819599999999998,19.227,30.907799999999998,17.3568,99.2046,24.396,12.3412,11.540799999999999,45.2764,51.6522,46.455400000000004,0.0,29.004,20.831,22.4448,18.1788,38.707,20.3532,19.9842,24.291400000000003,18.5652,18.037200000000002,33.663199999999996,97.7922,34.3928,16.084,25.3532,79.187,108.7736,34.914,38.4706,38.4184,33.1644,29.0954,37.037800000000004,14.2034,53.964800000000004,31.8888,22.9028,27.604400000000002,17.668200000000002,19.6814,34.9078,18.302799999999998,20.245,29.1448,31.1148,70.3,1.7486,57.5324,14.2578,36.9526,42.634,8.1536,31.4734,28.2578,14.679,13.438,44.6216,8.627600000000001,14.574200000000001,44.2534,116.7886,33.904199999999996,44.3684,18.726200000000002,27.6368,36.965199999999996,36.2972,18.2862,28.1206,12.8392,5.9372,19.379,20.2168,14.4786,59.555,14.4188,17.2746,46.8256,66.12060000000001,31.4956,35.7576,18.7162,37.833,39.779,19.0202,15.596200000000001,36.1842,10.7086,50.0522,20.8704,35.8844,28.1612,57.3468,35.5304,20.511400000000002,18.9754,87.12519999999999
70133556,94.509,19.7702,33.906,33.2406,38.1364,33.7536,20.287599999999998,11.9704,8.826,65.4082,26.5106,26.5156,119.2706,65.8516,18.557599999999997,26.6494,12.388200000000001,25.6438,51.3826,12.547600000000001,19.1668,24.2446,26.5484,30.467599999999997,35.992,99.466,81.07119999999999,12.1026,38.710800000000006,66.2958,27.878400000000003,39.254599999999996,107.792,104.6226,75.06639999999999,11.5094,32.6184,13.483,86.9194,18.7976,13.7916,39.271,12.3638,9.1156,117.7862,25.922400000000003,22.3504,13.712,20.8328,18.249599999999997,72.396,66.70639999999999,39.383,73.11319999999999,32.815400000000004,20.802400000000002,36.5096,119.5692,25.8262,72.0848,25.0202,57.5462,118.63719999999999,70.4556,31.4934,39.964800000000004,24.2818,39.9096,152.7078,31.5812,28.016599999999997,17.511599999999998,39.204800000000006,25.235400000000002,114.3852,12.6784,24.772599999999997,21.112599999999997,18.244,74.591,54.752199999999995,30.2858,0.0,48.2196,19.8322,34.4856,66.1346,47.947199999999995,40.5084,6.5851999999999995,23.53,23.002,60.8722,112.9728,57.7004,23.9626,27.55,81.38380000000001,136.2012,13.0302,40.6676,40.6154,21.4466,18.669400000000003,39.2348,30.5102,78.3762,18.103,25.0998,3.0345999999999997,33.97,17.07,15.5286,26.1812,31.916400000000003,10.6476,19.397,85.48060000000001,29.4848,79.2152,24.166,64.3802,15.601600000000001,29.0568,19.542,11.9088,22.557599999999997,21.430799999999998,18.134400000000003,29.5306,30.876,17.221,144.21620000000001,22.1866,52.6654,35.033,15.9192,64.39280000000001,9.2648,34.588,43.301199999999994,38.3604,37.332,39.903400000000005,40.7412,30.7804,32.5226,36.0852,33.5816,19.793200000000002,81.3012,9.4714,59.025400000000005,35.023,18.9756,12.7466,13.9704,20.561,24.4664,24.6982,23.0198,48.711,38.0814,42.721,80.2856,39.0206,36.813199999999995,35.282199999999996,102.3058
70137842,74.3908,33.882,17.555,21.835,21.368599999999997,18.379,31.7512,45.374,39.781,42.134800000000006,73.373,73.378,99.1522,45.7334,50.2638,22.2712,45.792,67.2744,28.7592,45.9514,49.6644,26.1906,25.267,23.0846,16.6148,76.1926,60.953,45.5064,19.164,43.022400000000005,46.8474,63.3964,84.5188,84.50439999999999,51.793,37.265800000000006,51.5874,46.8868,63.646,49.295199999999994,39.818400000000004,22.5032,36.042,40.8808,97.668,67.553,63.981,40.4046,51.330400000000004,49.9558,49.1226,85.6754,58.352199999999996,49.839800000000004,76.567,48.709199999999996,32.434599999999996,99.451,30.040599999999998,48.8114,43.9892,37.428,98.519,47.182199999999995,23.881400000000003,26.668599999999998,34.914,13.6812,132.58960000000002,17.615599999999997,46.9856,32.1528,63.3468,30.7044,91.1118,43.176,24.5492,34.366,61.9958,51.3176,78.8942,30.052799999999998,45.9874,0.0,47.542,16.8824,46.0162,27.829,12.9922,43.0712,39.731199999999994,39.203199999999995,40.754,89.6994,35.077,29.4316,46.5192,100.353,116.083,47.839800000000004,59.6366,59.5844,51.944199999999995,45.385400000000004,58.2038,22.898,55.1028,49.5148,44.0688,44.5878,16.7042,32.6072,53.6878,33.6322,24.5668,47.924800000000005,49.8946,62.2072,29.2516,55.9418,26.465799999999998,44.262,59.3534,25.2896,49.099199999999996,47.0376,28.026799999999998,33.9498,56.383,23.278599999999997,18.281,60.9728,124.098,52.6842,76.8072,23.048,46.4168,44.2746,53.2806,15.0412,20.677599999999998,26.637,33.256800000000005,13.675,13.2736,16.8868,76.2744,22.648799999999998,21.5966,63.545,58.027800000000006,50.2756,36.402,23.038,57.7592,56.498400000000004,40.1462,36.7622,54.964,26.916400000000003,66.7716,28.592599999999997,57.0504,23.174400000000002,57.0122,56.696400000000004,17.2664,18.6966,79.0324
70138438,90.06960000000001,23.2864,32.9676,32.3022,37.198,32.815,15.092,10.6346,14.899,62.6986,42.4474,42.452400000000004,114.831,61.412,28.2848,26.493599999999997,9.183200000000001,41.580400000000004,50.444199999999995,9.8158,8.9834,21.019599999999997,25.61,25.1756,35.053599999999996,105.8364,76.6318,9.722,37.772400000000005,63.5862,10.1872,21.5634,105.08239999999999,100.1832,72.3568,17.5824,14.9274,8.720600000000001,85.981,8.6142,15.3286,38.3326,18.436799999999998,17.366400000000002,113.3468,41.859,38.2872,5.744800000000001,10.6496,27.9768,69.68639999999999,49.0152,21.692,72.1748,35.2038,31.904,31.217599999999997,115.1298,31.8992,69.37519999999999,7.329,53.3254,114.1978,67.746,30.555,34.6728,30.3548,35.759800000000006,148.26839999999999,30.642799999999998,10.3254,20.463,21.5136,24.296799999999998,113.4468,10.0146,23.8342,15.8206,20.2814,71.8814,37.0612,24.9938,17.9082,43.819,0.0,33.5472,61.695,43.3414,36.358599999999996,12.8146,7.6128,8.086,56.6514,112.03439999999999,56.762,23.0242,9.859,63.692800000000005,131.7618,28.9668,22.9764,22.9242,11.263399999999999,24.7424,21.543599999999998,29.5718,77.43780000000001,27.5358,7.4088,16.5088,33.0316,20.3986,13.0068,25.2428,30.978,13.1852,9.2136,84.5422,24.1928,80.5204,23.2276,59.940599999999996,21.7442,23.7648,27.1204,12.298200000000001,21.6192,16.2354,34.071,24.238599999999998,29.9376,33.1578,139.7766,12.003200000000001,34.974199999999996,34.0946,5.7358,59.953199999999995,25.2016,33.6496,42.3628,33.068400000000004,32.0772,35.7536,36.5914,29.842,34.56,30.793400000000002,32.643,35.73,80.36280000000001,14.301,55.9868,34.0846,33.48,28.683400000000002,5.4864,13.531,14.2832,20.060200000000002,25.0572,43.858599999999996,20.3902,41.782599999999995,77.576,20.0364,35.8748,34.3438,101.36739999999999
70152945,65.5372,14.194,0.7054,4.4784,5.530399999999999,0.8304,20.400599999999997,34.0234,28.430400000000002,35.2972,57.5402,57.545199999999994,90.29860000000001,35.6848,34.431,10.9206,34.4414,51.4416,21.2718,34.6008,38.3136,14.839799999999999,10.1534,10.488,2.4356,69.355,52.0994,34.155800000000006,8.5998,36.1848,35.4968,46.853,77.6812,75.65060000000001,44.955400000000004,25.915200000000002,40.2368,35.536199999999994,56.8084,37.9444,28.4678,6.665,24.691200000000002,29.5302,88.81439999999999,51.7202,48.148199999999996,29.0538,39.979800000000004,34.123,42.285,74.3248,47.001400000000004,43.002199999999995,65.21640000000001,32.876400000000004,17.5246,90.5974,14.207799999999999,41.973800000000004,32.6386,28.5536,89.66539999999999,40.3446,6.5248,16.62,19.0812,9.742799999999999,123.7358,3.6744,35.635,20.8022,46.8032,13.184,84.2742,31.825200000000002,13.1984,23.015400000000003,50.645199999999996,44.48,62.3508,18.702,34.6366,19.227,36.191199999999995,0.0,35.967800000000004,18.9546,10.3416,31.720599999999997,28.380599999999998,27.852400000000003,31.8796,82.8618,27.5894,18.081,35.1684,89.0022,107.22919999999999,36.4892,48.286,48.2338,40.593599999999995,29.552599999999998,46.853199999999994,5.541600000000001,48.2652,33.682,32.7182,33.237199999999994,2.5248000000000004,21.2566,42.337,17.799400000000002,6.1044,36.574,38.544,55.3696,17.901,49.1042,15.115,34.2134,48.0026,12.789200000000001,33.2666,35.687,16.676,22.5992,40.5502,11.9018,3.7445999999999997,49.6222,115.24419999999999,41.333400000000005,60.2638,4.2386,35.066,34.226,41.93,4.477,13.1902,16.5886,18.347,9.736600000000001,10.574399999999999,3.2244,64.9238,12.6004,3.049,52.1944,51.1902,38.924800000000005,28.9144,4.2286,41.9264,45.147800000000004,28.7954,25.4116,43.6134,15.5658,55.4208,20.938,45.6996,11.861799999999999,50.1746,45.345800000000004,6.7021999999999995,2.8584,72.1948
70155195,33.876400000000004,50.0508,33.723800000000004,38.003800000000005,37.5374,34.5478,47.92,61.5428,55.9498,29.0672,89.54180000000001,89.5468,58.637800000000006,2.1004,66.43260000000001,38.44,61.960800000000006,83.44319999999999,24.406200000000002,62.1202,65.83319999999999,42.3594,41.4358,38.098800000000004,32.7836,49.643,20.438599999999997,61.6752,35.332800000000006,20.383200000000002,53.2042,54.8566,60.8874,43.9898,38.7254,53.434599999999996,50.9182,63.0556,53.763400000000004,65.4638,52.743,38.672,52.2106,57.0496,57.1536,83.7218,80.1498,54.1,67.4992,66.1246,36.055,86.6438,62.653,39.9572,92.7358,64.878,30.908,58.9366,46.2094,35.7438,56.5826,14.8668,58.004599999999996,34.1148,40.05,26.928,51.082800000000006,30.1292,92.0752,33.7844,53.342400000000005,48.3216,54.807,46.8732,69.47319999999999,59.3446,40.718,46.362199999999994,78.16460000000001,38.25,70.3544,37.702400000000004,62.1562,20.0032,61.733,33.051199999999994,0.0,19.525599999999997,30.728,59.24,53.3866,52.858599999999996,18.1928,70.9542,17.88,45.6004,53.4884,104.6538,75.5684,64.0086,63.937400000000004,63.8852,68.113,61.554199999999994,62.504599999999996,39.0668,40.562599999999996,65.68360000000001,56.6622,60.7566,32.873,48.776,69.8566,49.801,40.7356,64.0934,66.06339999999999,52.3246,36.9014,24.3272,42.6346,4.1206000000000005,75.522,41.458400000000005,65.268,63.2064,44.1956,50.1186,72.5518,38.6464,34.4498,77.14160000000001,83.5834,68.853,68.2676,39.216800000000006,62.5854,4.1331999999999995,69.4494,31.21,37.407199999999996,26.8966,32.5696,30.123,30.9608,33.0556,92.44319999999999,33.029,37.7652,79.7138,48.145,66.44439999999999,21.3624,39.2068,73.928,72.6672,53.8416,50.4176,71.1328,43.0852,82.9404,20.053,61.3512,39.343199999999996,36.3834,60.9972,33.435199999999995,34.8654,69.1498
70155196,47.7772,34.873599999999996,17.453799999999998,21.7382,21.2718,17.578799999999998,31.648400000000002,43.373,39.6782,32.0286,75.30680000000001,75.3118,72.53880000000001,19.119799999999998,45.461,22.168599999999998,43.790800000000004,69.20819999999999,17.6342,43.950199999999995,51.346,26.087799999999998,25.1642,19.7092,16.5136,63.544,34.339400000000005,43.505199999999995,17.9682,32.916199999999996,35.134800000000006,36.7872,74.7884,57.890800000000006,41.686800000000005,37.163,32.8486,51.0832,57.435,50.976800000000004,34.7004,22.4064,35.9392,40.778,71.0544,69.4868,65.9148,36.0574,53.0122,45.153,39.016400000000004,68.5744,44.583400000000005,43.628800000000005,76.4644,50.6432,12.8384,72.83739999999999,31.974400000000003,38.7052,38.5132,11.033,71.9054,37.076,21.397,8.858600000000001,36.848,12.0598,105.976,17.5128,35.273,32.050200000000004,36.7376,30.601599999999998,83.374,41.174800000000005,24.4464,28.319599999999998,61.893,41.211400000000005,52.285,19.6598,45.8846,1.9338,43.663599999999995,16.781,19.4028,0.0,12.6586,41.07,35.344,34.816,14.359,83.4884,19.093400000000003,29.329,35.419,86.5842,89.4694,47.737199999999994,45.868,45.8158,53.625800000000005,47.319199999999995,44.435199999999995,20.4136,43.524,44.712,38.592800000000004,44.4852,16.6028,32.504400000000004,55.3694,31.5476,24.47,45.9236,51.5762,55.996199999999995,18.8586,38.228,26.363,17.648400000000002,59.2506,21.8628,44.2964,45.0366,27.924,30.2166,58.317,20.2568,18.1784,60.87,97.4844,54.3658,50.198,20.9868,48.0984,17.661,53.177800000000005,14.938600000000001,20.795,8.827200000000001,14.500200000000001,12.053600000000001,12.891399999999999,16.784,76.17160000000001,14.6392,21.4998,63.4422,51.8168,48.2744,25.317,20.9768,50.656,56.3956,35.799,32.375,56.6456,26.8138,66.6688,1.9834,43.281800000000004,23.0716,46.906,42.927800000000005,17.1636,18.5998,72.8214
70155782,60.131800000000005,29.5906,11.9568,16.2414,13.702200000000001,12.082,26.365599999999997,38.7554,34.3954,29.9222,67.7848,67.7898,84.8934,31.474400000000003,40.178,16.8856,39.173199999999994,61.6862,15.896799999999999,39.3326,43.0456,20.805,19.881400000000003,13.2292,11.0168,63.98,46.694,38.8876,4.9883999999999995,30.8098,37.8426,49.1376,72.3062,70.24539999999999,39.580400000000004,31.880200000000002,45.199,40.2682,51.4334,42.6764,30.0828,13.3872,30.656200000000002,35.4952,83.409,61.964800000000004,58.3928,31.439799999999998,44.711800000000004,39.87,36.91,80.9248,49.3474,37.627199999999995,71.1814,43.121,17.9448,85.1922,24.4524,36.598800000000004,34.9844,23.3876,84.2602,34.9696,16.114,12.179,29.3258,1.5342,118.3306,12.23,37.9808,26.7672,49.0878,25.3188,78.8992,36.557199999999995,19.1636,23.702,56.6102,39.105,64.6352,17.1308,40.6016,13.877,34.606,11.2842,31.7574,13.3992,0.0,36.4526,30.7264,30.198400000000003,26.7136,77.4868,22.2144,24.046,37.5144,91.34819999999999,101.824,42.4542,50.631800000000005,50.5796,45.3256,39.7972,49.199,15.130799999999999,42.8902,39.429,35.064,39.2022,11.106,27.2216,47.069,26.2648,18.973200000000002,41.306,43.276,49.9946,16.3296,43.7292,21.0802,30.003,53.9676,15.3828,39.0136,40.419,22.641,25.5992,50.7948,13.7768,12.8954,55.587199999999996,109.839,46.065400000000004,62.5484,15.49,39.798,30.0156,47.895,8.9832,7.8152,12.1474,18.7672,1.528,0.2368,11.5012,70.8888,8.1592,16.003,58.1594,45.8152,43.656800000000004,23.5394,15.48,45.3732,51.1128,31.1814,27.7574,48.3454,21.5308,61.3858,14.3338,48.0456,11.8156,44.7996,47.6916,8.5764,13.103,66.8198
70157031,95.0198,20.281,34.4168,33.751400000000004,38.647400000000005,34.2644,20.7984,12.481200000000001,9.336799999999998,65.919,29.927799999999998,29.9328,119.78139999999999,66.3624,18.4988,27.160400000000003,12.899,29.061,51.8936,13.0586,19.677599999999998,24.7554,27.0594,30.9784,36.503,99.9768,81.5822,12.6134,39.221599999999995,66.8066,28.389200000000002,39.7654,108.303,105.1334,75.57719999999999,12.0202,33.1292,13.994,87.4302,19.308400000000002,14.3024,39.781800000000004,12.874799999999999,9.678799999999999,118.2972,29.339599999999997,25.767599999999998,14.2228,21.343799999999998,18.1908,72.9068,67.21719999999999,39.894,73.624,36.2326,24.2198,37.0204,120.08019999999999,26.337,72.5956,25.531,58.057199999999995,119.1482,70.9664,32.004400000000004,40.4758,24.7926,40.4204,153.2186,32.092,28.5274,18.0224,39.7156,25.7462,114.896,13.189200000000001,25.2836,21.6234,21.6614,75.1018,55.2632,30.796799999999998,5.3888,48.7304,20.3432,34.9964,66.6454,48.4582,41.0192,0.0,24.0408,23.5128,61.383199999999995,113.48360000000001,58.211400000000005,24.4734,28.061,81.8948,136.712,16.447400000000002,41.1784,41.1262,21.9576,19.1802,39.745599999999996,31.021,78.887,18.044400000000003,25.610799999999998,3.9894000000000003,34.481,17.5808,23.701,26.6922,32.4272,14.0648,19.907799999999998,85.9914,29.9956,79.726,24.6768,64.891,19.0188,29.5676,18.659599999999998,14.1448,23.0686,21.941599999999998,21.551599999999997,30.041400000000003,31.3868,20.6384,144.727,22.697400000000002,53.176199999999994,35.543800000000005,16.43,64.9036,12.682,35.098800000000004,43.812,38.871199999999995,37.842800000000004,40.414199999999994,41.252,31.2912,35.94,36.596199999999996,34.092400000000005,23.2106,81.812,12.8888,59.5364,35.5338,22.393,16.164,14.481200000000001,21.0718,24.9772,25.209,26.437,49.2218,38.5922,43.2318,80.79639999999999,39.531400000000005,37.324,35.793,102.81660000000001
70224396,87.46239999999999,17.2216,26.9028,26.2372,31.133200000000002,26.7502,9.0272,17.628,19.209799999999998,56.6336,47.053,47.0578,112.2238,58.8048,27.810599999999997,20.4286,16.1766,43.4194,44.379400000000004,16.8092,15.976799999999999,14.954600000000001,19.5452,19.110799999999998,28.988799999999998,103.22919999999999,74.0246,16.715400000000002,31.7076,57.5214,7.5998,18.9562,99.0176,97.576,66.29180000000001,19.5128,12.34,15.714,79.9162,15.6076,11.4314,32.2678,18.289,19.8998,110.73960000000001,43.698,40.126,8.083,17.642799999999998,27.502599999999997,63.6214,46.427800000000005,19.104599999999998,66.11,42.197,31.4298,25.1528,112.52260000000001,29.0122,63.310199999999995,4.7416,50.718199999999996,111.59060000000001,61.6812,24.4902,28.608,29.881,29.695,145.6612,24.578,7.7382,14.398200000000001,18.9064,18.232,107.382,17.008,17.7694,9.755799999999999,27.2748,65.81639999999999,34.454,18.929,22.5138,41.211800000000004,8.2944,27.482200000000002,59.0878,40.734199999999994,30.2938,19.808,0.0,2.0212,54.0442,105.9694,50.697199999999995,16.959400000000002,7.2716,61.1054,129.15460000000002,30.0868,20.389200000000002,20.3368,18.2566,24.2682,18.956400000000002,23.507,71.373,27.0616,4.8214,21.1144,26.9668,14.8526,20.0002,19.178,24.913,20.1786,16.207,78.47739999999999,18.128,77.9132,17.1628,57.333400000000005,36.143800000000006,17.6998,26.6462,19.2916,15.5544,10.170399999999999,39.794599999999996,18.1738,23.872799999999998,37.763400000000004,137.1694,18.996599999999997,32.367,28.029799999999998,12.7292,57.346,29.807,27.5846,36.298,27.0036,25.9752,29.6888,30.5266,23.777,41.5534,24.7284,26.578200000000002,40.3356,74.29780000000001,21.294400000000003,49.922,28.0198,33.0058,33.289,7.8246,7.4662,21.276400000000002,13.9954,32.050599999999996,41.2512,17.802799999999998,35.717800000000004,71.5112,17.449,29.8098,28.279,95.30260000000001
70224398,87.5068,17.266,26.947200000000002,26.281599999999997,31.177599999999998,26.7946,9.0716,17.672400000000003,19.2542,56.678,47.097199999999994,47.102199999999996,112.2682,58.849199999999996,27.855,20.473,16.221,43.463800000000006,44.4238,16.8536,16.0212,14.999,19.589599999999997,19.1552,29.0332,103.2734,74.069,16.7598,31.7518,57.565599999999996,7.6442,19.0006,99.062,97.6202,66.33619999999999,19.5572,12.3844,15.7584,79.9606,15.6518,11.4758,32.312200000000004,18.3332,19.944200000000002,110.784,43.7424,40.1704,8.1274,17.6872,27.547,63.665800000000004,46.472199999999994,19.149,66.1542,42.2414,31.4742,25.197200000000002,112.567,29.0566,63.3546,4.786,50.7624,111.635,61.7254,24.534599999999998,28.6524,29.9254,29.7394,145.7056,24.622400000000003,7.7824,14.4426,18.9508,18.276400000000002,107.4262,17.052400000000002,17.8138,9.8002,27.319200000000002,65.8608,34.4982,18.9734,22.5582,41.2562,8.338799999999999,27.5266,59.1322,40.778400000000005,30.3382,19.852400000000003,0.528,0.0,54.0884,106.0138,50.7416,17.0038,7.316,61.149800000000006,129.1988,30.1312,20.433400000000002,20.3812,18.301,24.3126,19.0006,23.5514,71.4172,27.106,4.8658,21.1588,27.011200000000002,14.896799999999999,20.0446,19.2224,24.9574,20.223,16.2514,78.5216,18.1722,77.9576,17.207,57.3778,36.188199999999995,17.7442,26.6906,19.336,15.598799999999999,10.214799999999999,39.838800000000006,18.2182,23.917,37.8078,137.2138,19.041,32.4114,28.0742,12.773399999999999,57.3904,29.8514,27.629,36.3422,27.0478,26.0194,29.7332,30.571,23.8214,41.5978,24.7728,26.6226,40.38,74.34219999999999,21.3388,49.9664,28.0642,33.0502,33.333400000000005,7.869,7.5104,21.3208,14.0398,32.095,41.2956,17.8472,35.7622,71.55560000000001,17.4934,29.854200000000002,28.323400000000003,95.3468
70225154,47.0934,47.347199999999994,31.0202,35.3,34.833800000000004,31.844,45.2162,58.8392,53.246,29.8068,86.8382,86.8432,71.855,18.436,63.7288,35.7364,59.257,80.73939999999999,15.452399999999999,59.4164,63.129400000000004,39.6556,38.7322,34.082,30.08,62.8602,33.655800000000006,58.9714,28.4726,30.694599999999998,49.1872,50.839800000000004,74.1046,57.207,39.465,50.7308,46.901199999999996,60.352,55.2134,62.7602,48.726,35.968199999999996,49.507,54.346,70.3708,81.018,77.44619999999999,50.083,64.7956,63.4208,36.794599999999996,82.627,58.636,41.407,90.0322,62.1744,26.891,72.1538,43.5056,36.483599999999996,52.565599999999996,4.3138000000000005,71.2218,34.8544,37.3464,22.9112,48.3792,25.515400000000003,105.2922,31.080599999999997,49.3254,45.618,50.79,44.1694,82.6904,56.641,38.014199999999995,42.3452,75.4608,38.9898,66.33760000000001,33.6856,59.452400000000004,15.3894,57.7162,30.3474,18.719,14.9118,26.1142,56.5364,49.369800000000005,48.8416,0.0,81.26660000000001,15.3672,42.896800000000006,49.4714,100.63680000000001,88.7856,61.305,59.9206,59.8684,65.4094,58.8504,58.4878,36.3632,41.3022,62.979800000000004,52.6454,58.053,30.1692,46.072199999999995,67.1528,47.097199999999994,38.032,61.3898,63.3598,53.7744,32.8844,37.5444,39.930800000000005,16.964599999999997,72.8184,34.847,62.5644,60.5028,41.491800000000005,47.415,69.84819999999999,34.629599999999996,31.7462,74.438,96.8006,66.1492,64.25059999999999,36.5132,59.881800000000005,16.9772,66.74560000000001,28.506400000000003,26.7442,22.8798,28.552599999999998,25.5092,26.347,30.3518,89.73960000000001,29.012,35.0616,77.0102,49.595,63.7406,23.095200000000002,36.503,71.2242,69.9636,49.8248,46.400800000000004,68.4292,40.3816,80.23660000000001,16.036,57.334199999999996,32.962199999999996,44.684400000000004,56.9804,30.7316,32.1616,70.59960000000001
70225158,63.6788,100.8458,83.2572,84.7326,79.4608,83.628,97.62060000000001,111.2436,105.65039999999999,52.3776,128.529,128.534,46.4804,70.5412,111.433,88.1408,111.6614,122.4302,65.63719999999999,111.8208,115.5338,92.06,91.1364,90.508,82.492,23.78,52.1084,111.3758,76.2434,56.8634,116.73360000000001,118.386,11.0604,28.4226,45.3582,103.1352,114.44760000000001,112.75619999999999,30.631,115.16460000000001,105.68780000000001,79.1456,101.9114,106.75019999999999,67.12660000000001,122.7088,119.137,106.274,117.1998,111.12519999999999,46.069199999999995,150.1732,126.1824,42.204,142.4364,108.9164,89.0654,46.779199999999996,90.39580000000001,47.434400000000004,109.85860000000001,76.134,67.97760000000001,49.3046,86.779,89.4578,96.1794,78.8132,45.546800000000005,83.485,116.87180000000001,98.02239999999999,118.3364,96.5738,2.0408,109.0454,90.41860000000001,100.2354,127.8652,44.2204,133.88379999999998,94.40960000000001,111.8568,81.70639999999999,113.4114,82.7596,78.6166,81.5988,77.8582,108.9406,105.6006,105.07260000000001,79.46,0.0,66.76660000000001,95.3012,112.38860000000001,168.1832,36.3598,113.70939999999999,127.4668,127.41460000000001,117.81360000000001,106.8078,126.034,85.79560000000001,46.975199999999994,110.6842,109.93839999999999,110.45739999999999,82.58139999999999,98.4766,119.5572,95.0536,87.4644,113.7942,115.764,32.016,93.60860000000001,47.958,92.3352,71.0686,125.2228,91.159,110.2686,112.9072,93.8962,99.8192,111.539,91.05560000000001,84.15060000000001,126.84219999999999,57.2344,118.5536,131.797,85.9456,112.2862,71.0812,119.15,80.2384,71.1642,84.1678,89.8878,78.807,77.7864,82.75619999999999,142.1438,85.4382,84.49419999999999,129.4144,41.8756,116.145,60.1584,85.93560000000001,112.915,122.3678,106.0156,102.6316,120.8334,92.78580000000001,132.641,83.58239999999999,124.8806,77.1396,40.2394,124.52680000000001,75.7752,81.9448,14.5472
70238808,49.688,45.55,28.136400000000002,30.8442,27.3238,28.261400000000002,42.3248,55.9476,50.3546,17.079,76.392,76.397,69.3904,18.3778,56.1372,32.844800000000006,56.3656,70.29339999999999,7.9274,56.525,60.238,36.764199999999995,35.8406,32.1992,27.1962,51.1368,30.0392,56.08,20.947599999999998,12.486,53.1502,54.802800000000005,59.463,53.5906,26.7372,47.839400000000005,50.8642,57.4604,42.4854,59.8688,47.4626,27.0088,46.6156,51.4544,72.96539999999999,70.572,67.0,48.8196,61.904,55.8292,24.0668,86.59,62.599,28.6792,87.1406,56.7794,30.3212,69.689,38.259,23.755599999999998,56.5286,11.973600000000001,73.81639999999999,22.1264,32.0734,26.874200000000002,44.0426,23.517400000000002,102.8276,28.1892,53.288599999999995,42.7264,54.753,41.278,69.9512,53.7496,35.122800000000005,41.0818,72.56939999999999,26.2618,70.3006,32.422,56.561,18.123,51.985800000000005,27.4638,17.902,18.0156,22.5624,53.644800000000004,48.106199999999994,47.578199999999995,15.2996,68.53880000000001,0.0,40.005199999999995,53.434400000000004,104.5998,86.321,58.4134,63.8836,63.8314,62.5178,54.6708,62.4508,31.09,28.5744,55.3882,56.6084,55.1616,27.2856,43.180800000000005,64.2614,42.224,33.5762,58.498400000000004,60.468199999999996,41.0466,31.621,22.1062,37.0394,20.246,69.927,34.3528,54.9728,57.6112,38.6004,44.5234,59.4022,32.7468,28.854599999999998,71.54639999999999,99.3952,63.2578,68.2136,32.0574,56.9904,20.258599999999998,63.8542,24.9426,19.2192,25.423599999999997,31.1436,23.511200000000002,22.490599999999997,27.4604,86.848,27.1292,30.6058,74.1186,36.8672,60.849199999999996,8.406,32.0474,61.3324,67.072,48.5612,45.1372,65.53760000000001,37.49,77.34519999999999,19.999,61.2972,25.4372,31.956400000000002,60.943400000000004,22.198,28.0566,57.8718
70238985,75.55839999999999,5.136,14.9554,14.2898,19.1858,14.8028,8.0074,21.630200000000002,16.037200000000002,46.4574,43.5272,43.532199999999996,100.3198,46.900800000000004,21.8198,7.6988,22.0482,37.428599999999996,32.432,22.2076,25.9204,4.6756,7.5978,14.5012,17.041400000000003,80.5152,62.120599999999996,21.7626,19.76,47.3452,23.1036,34.4598,88.8414,85.6718,56.1156,13.522,27.8436,23.143,67.9688,25.5512,16.0746,20.320400000000003,12.298,17.137,98.8356,37.7072,34.1352,16.6606,27.586599999999997,21.5118,53.4452,61.931599999999996,34.6082,54.1626,52.8232,25.439,20.543,100.6186,13.3176,53.1342,20.2454,38.5956,99.68660000000001,51.505,12.5428,23.9984,16.641599999999997,20.9588,133.7572,12.630600000000001,23.241799999999998,8.409,34.410199999999996,2.5374,95.4344,19.432,5.2062,8.5194,38.252,55.6402,49.9576,14.3194,22.2434,29.269,23.798,15.534799999999999,47.183800000000005,28.996599999999997,21.557599999999997,19.3274,15.9874,15.4594,41.9216,94.022,38.7498,0.0,22.7752,76.609,117.2506,24.096,35.8928,35.8406,28.200400000000002,18.2774,34.46,11.5596,59.4254,21.0708,20.325,20.844,15.0194,8.8634,29.944,3.4834,12.9656,24.180799999999998,26.1508,66.52980000000001,13.5182,60.2646,5.2154,45.4294,35.6094,10.6564,20.6554,23.2938,1.177,10.206,31.2954,11.782200000000001,11.9254,37.229,125.2654,28.9404,47.870599999999996,16.0824,22.6728,45.442,29.5368,15.6372,24.3506,22.3938,21.3654,20.952599999999997,21.7904,11.829600000000001,52.5306,20.1188,14.630799999999999,39.801199999999994,62.3504,26.531599999999997,40.0748,16.0724,27.0148,32.754599999999996,16.4022,13.0184,31.220200000000002,5.1292,43.0276,29.7602,33.306599999999996,23.770400000000002,61.335,32.9526,17.8624,16.3316,83.3552
70246377,82.6696,23.7484,33.4296,32.764,37.66,33.277,15.554,19.8774,24.1418,66.5138,51.6902,51.695,107.431,54.012,34.3374,26.9554,18.426,49.9462,52.1194,19.0586,18.226200000000002,21.4814,26.072,25.6376,35.5156,98.4362,69.2318,18.9648,38.234199999999994,67.4014,1.6668,14.840399999999999,109.68060000000001,92.783,76.172,26.0396,6.407,17.9634,86.443,17.857,17.9582,38.794599999999996,24.8156,26.6092,105.9468,50.2248,46.652800000000006,14.6098,19.892400000000002,34.0294,73.50160000000001,40.494800000000005,13.1716,72.6366,44.4466,37.9566,27.4938,107.7298,35.539,73.1904,3.0942,45.9254,106.79780000000001,71.5612,31.017,32.013,36.4078,36.2218,140.8684,31.1048,1.8052000000000001,20.925,14.7906,24.7588,113.9086,19.2574,24.296200000000002,16.2826,29.5242,75.6966,30.3382,25.4558,27.151,36.419,10.5438,34.009,54.295,35.9414,36.8206,22.0574,8.0748,8.547799999999999,49.251400000000004,112.4962,53.5786,23.4862,0.0,55.1724,124.36160000000001,36.6136,14.4562,14.403799999999999,20.5062,30.795,13.023399999999999,30.0338,77.8996,33.5884,3.1738000000000004,25.7516,33.4936,21.3792,22.249599999999997,25.7048,31.439799999999998,22.428,18.456400000000002,85.004,24.6546,73.12039999999999,23.6896,52.5406,30.987,24.226599999999998,33.173,21.541,22.0812,16.697200000000002,46.3212,24.700599999999998,30.3994,42.4006,132.3766,21.246,28.2512,34.556599999999996,14.9786,52.5532,34.444199999999995,34.1114,42.8246,33.530199999999994,24.6772,36.2156,37.0534,30.3038,43.802800000000005,31.255200000000002,33.105,44.9728,80.8246,23.5438,59.802,34.5466,39.532599999999995,37.926199999999994,14.3514,13.992799999999999,23.5258,20.5222,34.3,36.458400000000005,11.8698,42.2446,81.3912,11.516,36.3366,34.805800000000005,101.8292
70248476,134.075,77.517,87.1982,86.5326,91.4286,87.04560000000001,69.32260000000001,72.7162,79.4,117.9192,102.3266,102.33139999999999,158.8366,105.41760000000001,88.106,80.724,72.076,103.7148,103.525,72.83739999999999,65.73960000000001,75.25,79.84060000000001,79.4062,89.2842,149.84179999999998,120.63719999999999,73.37039999999999,92.00280000000001,118.807,53.4844,50.5826,161.08620000000002,144.1886,127.5776,82.0834,56.326,72.61580000000001,140.2116,68.3516,71.7268,92.5632,78.5842,81.86739999999999,157.3522,103.9934,100.42139999999999,74.15180000000001,66.436,87.798,124.9072,18.5832,44.1172,126.4052,97.144,91.7252,78.8994,159.1352,89.30760000000001,124.596,56.8628,97.3308,158.2032,122.9668,84.7856,83.41839999999999,90.1764,89.9904,192.2738,84.87339999999999,53.6226,74.6936,50.8226,78.5274,169.672,74.5156,78.0648,70.0512,82.22160000000001,127.1022,34.8726,78.5738,82.4092,87.8246,64.3124,87.7776,105.70060000000001,87.3468,90.58919999999999,77.3156,61.8434,62.3164,100.6568,166.26479999999998,104.984,77.2548,53.7686,0.0,175.7672,90.3822,45.4018,45.349599999999995,62.9394,84.56360000000001,43.969,83.80239999999999,129.4148,87.357,56.9424,81.0098,87.26219999999999,75.1478,68.79339999999999,79.4734,85.2084,75.2668,65.00019999999999,138.7726,78.4232,124.526,77.458,103.94619999999999,83.6844,77.9952,86.94160000000001,74.3798,75.8498,70.4658,100.0898,78.4692,84.168,93.037,183.78220000000002,61.6966,37.239,88.3252,70.2368,103.9588,89.7024,87.88,96.5932,85.4888,76.0826,89.9842,90.822,84.07239999999999,96.50019999999999,85.02380000000001,86.87360000000001,95.6092,134.59320000000002,76.24119999999999,111.2076,88.31519999999999,93.3012,93.1844,68.12,67.7614,70.06960000000001,74.2908,86.9974,87.864,44.0186,96.0132,132.7968,43.799800000000005,90.1052,88.5744,155.59779999999998
70248511,66.193,123.6098,107.28280000000001,111.5626,111.09639999999999,108.1066,121.4788,135.1018,129.5086,72.91380000000001,163.1008,163.1058,17.7372,75.6314,139.9914,111.999,135.5196,157.002,97.6498,135.679,141.16060000000002,115.9182,114.9948,109.844,106.3426,39.081,60.994,135.234,107.78280000000001,71.7668,124.94919999999999,126.6018,30.9438,37.8732,62.3574,126.9934,122.6632,140.8976,66.7976,140.7912,124.48819999999999,112.2308,125.76960000000001,130.6086,38.3834,157.2806,153.7088,125.84519999999999,142.8266,139.6834,63.068400000000004,158.389,134.398,78.37039999999999,166.29479999999998,138.437,102.653,18.036,119.7682,64.4336,128.32760000000002,86.6118,39.2344,66.304,113.609,98.6732,124.6418,101.8742,20.6792,107.3432,125.08760000000001,121.8806,126.552,120.432,35.346199999999996,132.9036,114.27680000000001,118.10719999999999,151.7236,61.2196,142.0996,109.44760000000001,135.715,91.74839999999999,133.47820000000002,106.61,75.9144,91.2706,102.47319999999999,132.799,125.1318,124.6036,89.938,36.8272,86.19619999999999,119.15939999999999,125.23339999999999,176.3988,0.0,137.5676,135.6826,135.63039999999998,143.44039999999998,135.113,134.2498,112.6258,67.631,139.2424,128.4074,134.31560000000002,106.43180000000001,122.3348,145.184,123.3598,114.2946,137.6524,141.39079999999998,68.1824,108.6464,58.8,116.1934,76.1586,149.081,110.609,138.827,136.7654,117.75439999999999,120.00439999999999,146.11079999999998,110.39160000000001,108.00880000000001,150.7006,19.506400000000003,144.1804,140.0126,112.7758,137.91279999999998,76.1712,143.00820000000002,104.769,92.86439999999999,98.6418,104.31460000000001,101.868,102.7058,106.61439999999999,166.002,104.774,111.32419999999999,153.2728,62.7772,140.00320000000002,79.53960000000001,112.7656,147.4868,146.2262,125.5868,122.1628,146.46020000000001,116.6442,156.4992,91.798,133.0962,112.902,57.238800000000005,132.7424,106.99419999999999,108.4242,50.7136
70286191,99.4472,17.191,33.153400000000005,32.4878,37.3002,33.000800000000005,20.544400000000003,21.701,14.9822,64.6554,22.971799999999998,22.9768,124.2088,65.0988,6.8542,25.8968,22.119,16.8732,50.63,22.2784,28.8974,23.492,25.7958,32.794599999999996,35.2394,98.7132,86.0094,21.8334,37.958,65.5432,35.6406,46.997,107.0394,109.5608,74.31360000000001,12.467,40.3808,23.2138,86.16680000000001,28.528200000000002,20.295,38.4348,12.7986,8.624,122.72439999999999,17.151799999999998,13.579799999999999,23.4426,30.563599999999997,6.5462,71.6432,74.46860000000001,47.1454,72.3606,39.089400000000005,11.1866,39.3594,124.50739999999999,22.464599999999997,71.3322,32.7824,62.463800000000006,123.57539999999999,69.703,30.7408,46.0342,16.4516,39.156800000000004,157.646,30.828599999999998,35.778800000000004,16.761200000000002,46.947199999999995,24.482599999999998,113.63239999999999,22.409,24.02,22.832,24.5182,73.8382,62.494800000000005,33.1358,14.9978,53.137,29.563,33.732800000000005,65.3818,52.8648,39.7556,17.149,28.5246,27.9964,65.7898,112.22,56.9478,23.21,35.312400000000004,89.1462,141.1394,0.0,48.4298,48.3776,31.177400000000002,8.417,46.997,29.7576,77.62339999999999,6.3998,32.862199999999994,13.5984,33.217400000000005,16.3174,32.9208,25.4286,31.1636,24.2516,29.1278,84.7278,32.3346,78.46260000000001,23.413400000000003,63.6274,21.8756,28.854400000000002,7.8386000000000005,23.3646,21.805,22.743,9.3638,29.9802,30.1234,23.4952,149.15439999999998,31.9172,60.4078,34.2804,25.6498,63.64,13.4726,33.8352,42.5486,41.2102,40.1818,39.1506,39.9884,30.0276,38.796800000000005,38.215199999999996,32.8288,12.8294,80.5484,22.497799999999998,58.272800000000004,34.2704,9.3598,14.836200000000002,23.701,25.5556,34.197199999999995,23.9456,29.2938,54.8482,45.843599999999995,43.631800000000005,79.533,45.4898,36.0604,34.5138,101.5532
70286419,93.7078,37.1496,46.8308,46.1652,51.0612,46.6782,28.9552,32.5166,39.2004,77.552,62.127,62.131800000000005,118.4692,65.0502,47.7386,40.3566,31.8764,63.3474,63.157599999999995,32.6378,25.54,34.8826,39.4732,39.0388,48.9168,109.47439999999999,80.27,33.1708,51.6356,78.43960000000001,13.117,24.392,120.7188,103.82119999999999,87.2102,39.4408,15.9586,32.4162,99.8442,28.152,31.3594,52.195800000000006,38.217,41.6678,116.985,63.626,60.054,28.011,26.2364,47.4306,84.5398,31.009400000000003,1.8282,86.038,56.9444,51.357800000000005,38.532,118.768,48.9402,84.2286,16.4954,56.9634,117.836,82.59939999999999,44.4182,43.051199999999994,49.809,49.623,151.9064,44.506,13.2554,34.3262,24.3424,38.16,129.3046,34.316,37.6974,29.683799999999998,42.022,86.7348,25.821,38.2066,42.2096,47.4572,23.945,47.4104,65.33319999999999,46.9794,50.2218,37.116,21.476,21.9492,60.2894,125.89739999999999,64.6168,36.8874,13.401200000000001,45.687,135.3998,50.0148,0.0,0.545,22.7398,44.1962,1.68,43.435,89.0474,46.989599999999996,16.575200000000002,40.810199999999995,46.894800000000004,34.7806,28.593799999999998,39.106,44.841,35.0672,24.8006,98.4054,38.056,84.1586,37.0908,63.5788,43.4848,37.6278,46.5742,34.1802,35.4824,30.0984,59.7226,38.101800000000004,43.8008,52.8374,143.41479999999999,21.497,23.734,47.957800000000006,30.037200000000002,63.5914,49.5028,47.5126,56.226,45.1214,35.715199999999996,49.616800000000005,50.4546,43.705,56.300599999999996,44.656400000000005,46.5062,55.4096,94.2258,36.041599999999995,70.8402,47.9478,52.933800000000005,52.9848,27.752599999999997,27.3942,29.87,33.9234,46.7978,47.4966,3.6512,55.6458,92.4294,4.2826,49.7378,48.207,115.23060000000001
70288587,93.5744,37.0162,46.6974,46.032,50.927800000000005,46.5448,28.8218,32.3832,39.067,77.41860000000001,61.9936,61.998599999999996,118.3358,64.91680000000001,47.6054,40.2234,31.743,63.214,63.0242,32.504599999999996,25.406599999999997,34.749199999999995,39.339800000000004,38.9054,48.7834,109.341,80.1366,33.0374,51.502199999999995,78.3062,12.983799999999999,24.258599999999998,120.58539999999999,103.68780000000001,87.0768,39.3074,15.8252,32.2828,99.7108,28.0188,31.226200000000002,52.062400000000004,38.0836,41.5344,116.8516,63.492599999999996,59.9208,27.877599999999997,26.1032,47.2974,84.40639999999999,30.876,1.6947999999999999,85.9046,56.811,51.2244,38.3986,118.6346,48.8068,84.09519999999999,16.3622,56.8302,117.7026,82.466,44.284800000000004,42.9178,49.675599999999996,49.489599999999996,151.7732,44.3726,13.122,34.192800000000005,24.209,38.0266,129.1712,34.1826,37.564,29.5504,41.8886,86.6014,26.205,38.0732,42.0762,47.323800000000006,23.811799999999998,47.277,65.1998,46.846,50.0884,36.9826,21.342599999999997,21.8158,60.1562,125.7642,64.4834,36.754,13.2678,45.553599999999996,135.2664,49.8816,0.4638,0.0,22.6064,44.0628,1.5466,43.3016,88.914,46.8564,16.4418,40.6768,46.7614,34.6472,28.4604,38.9726,44.707800000000006,34.933800000000005,24.6672,98.272,37.922599999999996,84.0252,36.9574,63.4454,43.3514,37.4946,46.4408,34.046800000000005,35.349,29.9652,59.5892,37.9684,43.6674,52.704,143.2814,21.363599999999998,24.118,47.824400000000004,29.9038,63.458,49.3696,47.379400000000004,56.0926,44.988,35.5818,49.4834,50.3212,43.5718,56.1674,44.523199999999996,46.372800000000005,55.276199999999996,94.0926,35.908199999999994,70.7068,47.8144,52.8004,52.8514,27.6192,27.2608,29.7366,33.79,46.6644,47.3632,3.5178000000000003,55.5124,92.296,4.1491999999999996,49.6046,48.0736,115.0972
70337217,99.5308,24.7918,38.927800000000005,38.2622,43.158199999999994,38.7752,23.517599999999998,9.9082,16.592,70.4298,44.1404,44.1454,124.2922,70.8732,29.9778,31.671200000000002,9.268,43.2734,56.4044,10.0296,2.9316,29.2664,31.5702,33.6978,41.0138,104.4876,86.093,10.5624,43.7324,71.31739999999999,23.0202,36.7308,112.8138,109.6442,80.088,19.2754,28.2972,10.4136,91.9412,5.5438,17.0216,44.2928,20.13,19.0594,122.808,43.552,39.980199999999996,11.3438,3.6281999999999996,29.6698,77.41760000000001,48.2386,20.377,78.1348,34.336,33.597,39.739599999999996,124.591,33.5922,77.1064,20.162200000000002,62.568,123.659,75.4772,36.5152,43.195,32.0478,44.9312,157.7296,36.6028,23.1586,22.5332,36.681,30.257,119.4068,11.707600000000001,29.794400000000003,24.342599999999997,19.4138,79.6126,52.2284,33.516,19.601200000000002,56.652,14.974200000000002,39.5072,71.1562,56.1744,45.53,14.5076,20.4458,20.919,65.894,117.9944,62.722199999999994,28.9844,22.692,62.916,141.22279999999998,30.6598,21.6616,21.6094,0.0,26.4354,20.2288,35.532,83.3978,29.2288,20.241799999999998,18.2018,38.991800000000005,22.0918,5.985399999999999,31.203,36.938,12.4588,2.1921999999999997,90.5022,32.7148,84.237,29.1876,69.40180000000001,20.8764,32.2868,28.8134,11.5718,27.5794,24.6608,35.764,32.760799999999996,35.8976,34.8508,149.2378,2.5692,50.1416,40.0548,7.4288,69.4144,26.894599999999997,39.6096,48.3228,41.5904,40.562,44.925,45.762800000000006,35.802,33.6924,39.315400000000004,38.603199999999994,37.423,86.3228,13.433200000000001,64.0472,40.044599999999996,35.173,30.3764,11.6022,18.8712,7.2618,29.72,24.189400000000003,56.6916,19.250799999999998,47.7428,85.3074,18.1756,41.8348,40.304,107.3274
70337656,94.5084,12.3792,28.3418,27.6762,32.3614,28.1892,15.7328,16.889400000000002,10.1706,59.8438,27.431,27.436,119.2698,60.2872,7.1096,21.0852,17.3074,21.3322,45.818400000000004,17.4668,24.0858,18.680400000000002,20.9842,27.983,30.427799999999998,93.9016,81.0706,17.0218,33.1464,60.7314,30.829,42.1854,102.2278,104.622,69.502,7.655399999999999,35.569,18.4022,81.3552,23.7166,15.4834,33.496,7.987,7.525600000000001,117.7856,21.610799999999998,18.039,18.631,25.752,7.5412,66.83160000000001,69.657,42.333800000000004,67.5488,38.8408,10.7288,34.5478,119.5686,17.525599999999997,66.5204,27.9708,57.524800000000006,118.6366,64.8912,25.9292,41.2224,11.512799999999999,34.3452,152.7072,26.017,30.967200000000002,11.9496,42.1356,19.671,108.8208,17.5974,19.2084,18.020400000000002,24.269599999999997,69.0266,57.683,28.3242,16.3628,48.1982,24.7514,28.921200000000002,60.5702,47.9258,34.944,11.46,23.712799999999998,23.1848,60.8508,107.4084,52.136199999999995,18.398400000000002,30.500799999999998,84.33460000000001,136.2006,10.1136,43.618199999999995,43.566,26.3658,0.0,42.1854,24.946,72.8118,6.360600000000001,28.0506,14.9632,28.4058,11.505799999999999,28.1092,20.617,26.352,19.44,24.316200000000002,79.9162,27.523,73.651,18.601599999999998,58.8158,21.627200000000002,24.0426,5.9452,18.553,16.9934,17.9314,13.822799999999999,25.168599999999998,25.3116,23.246599999999997,144.2154,27.1056,55.596199999999996,29.468799999999998,20.8382,58.8284,21.502200000000002,29.0236,37.7368,36.3986,35.3702,34.339,35.1768,25.216,38.548199999999994,33.4036,28.0172,25.8188,75.7368,21.791,53.4612,29.4588,12.3046,18.7722,18.889400000000002,20.7438,29.3856,19.134,29.0454,43.1466,41.032,38.692800000000005,74.72139999999999,40.6782,31.2488,29.575,96.7414
70337705,92.1938,35.6358,45.3168,44.6514,49.5474,45.1644,27.4414,31.002599999999997,37.6864,76.038,60.613,60.618,116.95519999999999,63.536199999999994,46.2248,38.842800000000004,30.3624,61.833400000000005,61.6436,31.124,24.026,33.3688,37.9594,37.525,47.402800000000006,107.9606,78.756,31.6568,50.1216,76.9256,11.603200000000001,22.8782,119.2048,102.3074,85.69619999999999,37.9268,14.444600000000001,30.9022,98.33019999999999,26.6382,29.845599999999997,50.6818,36.703,40.153800000000004,115.471,62.112,58.5402,26.497,24.7226,45.9168,83.0258,29.4954,0.1482,84.524,55.4304,49.8438,37.018,117.254,47.426199999999994,82.7146,14.9816,55.4496,116.322,81.08539999999999,42.9044,41.5372,48.295199999999994,48.109,150.39260000000002,42.992,11.7414,32.8122,22.828400000000002,36.6462,127.79060000000001,32.802,36.1834,28.1698,40.508199999999995,85.2208,27.34,36.6926,40.6956,45.9432,22.4312,45.8964,63.819199999999995,45.4656,48.708,35.602,19.962,20.435200000000002,58.7756,124.3836,63.1028,35.373400000000004,11.8874,44.173,133.886,48.501,1.5988,1.5466,21.226,42.6824,0.0,41.921,87.5334,45.4758,15.061200000000001,39.2962,45.3808,33.2666,27.0798,37.592,43.3272,33.5532,23.2868,96.89139999999999,36.542,82.64460000000001,35.576800000000006,62.064800000000005,41.970800000000004,36.114,45.060199999999995,32.6662,33.9684,28.5846,58.2086,36.588,42.2868,51.3234,141.901,19.9832,25.253,46.4438,28.5232,62.0776,47.989,45.9988,54.712,43.6074,34.2014,48.103,48.940599999999996,42.191199999999995,54.7868,43.1426,44.9924,53.8956,92.712,34.527800000000006,69.32639999999999,46.433800000000005,51.4198,51.470800000000004,26.238599999999998,25.880200000000002,28.3562,32.4094,45.2838,45.982800000000005,2.1372,54.131800000000005,90.91539999999999,2.7685999999999997,48.224,46.693,113.7166
70343296,70.6966,11.669,4.5424,3.3388,8.2348,4.3898,15.6256,29.2484,23.6554,39.0,51.1454,51.150400000000005,95.458,40.117,29.438,6.1456,29.666400000000003,45.046800000000005,25.6482,29.8258,33.5388,10.065,4.611800000000001,9.3194,10.2574,73.0578,57.2588,29.3808,12.9762,39.8876,30.721799999999998,42.078199999999995,81.384,80.81,48.658199999999994,21.1402,35.461800000000004,30.761200000000002,60.5114,33.1694,23.6928,9.369200000000001,19.916400000000003,24.755200000000002,93.9738,45.3254,41.7534,24.2788,35.204800000000006,29.13,45.9878,69.5498,42.2266,46.705,60.4414,33.057199999999995,16.7718,95.7568,16.9146,45.6766,27.863599999999998,33.713,94.8248,44.047599999999996,0.9832000000000001,21.0522,21.7882,14.175,128.8952,3.936,30.86,16.0272,42.028400000000005,7.642399999999999,87.977,27.0504,8.4236,18.2404,45.8702,48.1828,57.5758,13.927200000000001,29.8618,24.386400000000002,31.416400000000003,5.1218,40.4,24.114,14.7738,26.9456,23.6056,23.077599999999997,37.039,86.56460000000001,31.966,9.371799999999999,30.3936,84.22739999999999,112.38860000000001,31.7142,43.511,43.458800000000004,35.818599999999996,25.895599999999998,42.078199999999995,0.0,51.968,28.689,27.9432,28.4622,8.2356,16.4816,37.5622,8.2674,5.2318,31.799,33.769,59.0724,13.126,52.807199999999995,7.278,38.6456,43.227599999999995,8.0142,28.2736,30.912,11.901200000000001,17.8242,34.8416,7.127,2.9141999999999997,44.847199999999994,120.40360000000001,36.5586,55.489,5.1312,30.291,38.658199999999994,37.155,8.853399999999999,16.8922,18.6226,17.5942,14.1688,15.0066,5.0458,60.1488,13.1374,3.6798,47.4194,54.893,34.15,33.291,5.1212,34.633199999999995,40.372800000000005,24.020599999999998,20.636599999999998,38.8384,10.790799999999999,50.646,26.0974,40.924800000000005,14.5662,53.8776,40.570800000000006,11.0786,5.3804,75.89760000000001
70343297,63.437400000000004,66.12960000000001,48.541,50.016400000000004,44.744800000000005,48.9118,62.9046,76.5274,70.9344,16.566200000000002,93.813,93.8178,50.8994,42.080400000000004,76.717,53.4246,76.94539999999999,87.71419999999999,28.6708,77.1048,80.8178,57.344,56.4204,55.792,47.776,32.2782,27.7572,76.6598,41.5274,17.5152,79.7672,81.41980000000001,40.6044,36.9208,7.8786000000000005,68.4192,77.4812,78.0402,20.7408,80.44839999999999,70.9718,44.4296,67.1952,72.0342,70.15939999999999,87.9928,84.4208,71.5578,82.4838,76.409,6.7208000000000006,113.207,89.216,11.839799999999999,107.7204,74.2002,52.099,51.1982,55.6798,8.0862,75.1426,39.1676,71.01039999999999,9.9564,52.0628,54.741800000000005,61.4634,44.097,84.42,48.769,79.9054,63.3062,81.37,61.857800000000005,48.2066,74.3292,55.7026,65.5194,93.1492,7.4032,96.9174,54.1998,77.1406,44.74,78.6952,48.0434,41.604800000000004,44.632400000000004,43.142199999999995,74.22460000000001,70.8846,70.3566,42.4936,46.7942,29.8002,60.585,80.0514,131.21679999999998,67.9134,78.9932,90.5006,90.4482,83.0976,72.0916,89.0678,51.0796,0.0,75.968,75.2222,75.74119999999999,47.865199999999994,63.7606,84.8412,60.3374,52.748400000000004,79.078,81.048,22.1256,53.3988,23.607,57.6192,43.948800000000006,90.5066,56.443,75.55260000000001,78.191,59.1802,65.1032,76.823,56.3396,49.434400000000004,92.1262,72.94439999999999,83.83760000000001,94.8306,51.2296,77.57,43.961400000000005,84.434,45.5222,36.4482,47.2016,52.9214,44.0908,43.0704,48.0402,107.4278,50.722199999999994,49.778,94.69839999999999,7.0598,81.429,23.192,51.2196,78.199,87.65180000000001,71.29960000000001,67.91560000000001,86.11739999999999,58.0698,97.925,46.616,87.9142,42.4236,10.228399999999999,87.56039999999999,41.0592,47.2288,36.127199999999995
70343299,96.4928,15.4732,31.435599999999997,30.77,34.345800000000004,31.283,18.8266,19.9832,13.2644,62.937599999999996,24.8074,24.8124,121.2542,70.4496,5.2256,24.179,20.4012,18.7088,48.9122,20.560599999999997,27.179599999999997,21.7742,24.078,31.0768,33.5216,96.99539999999999,83.055,20.115599999999997,36.240199999999994,63.825199999999995,33.9228,45.279199999999996,105.3216,106.6064,72.5958,10.7492,38.663,21.496,84.449,26.8104,18.5772,35.4804,11.0808,7.7788,119.77,18.9872,15.4154,21.7248,28.8458,4.9176,69.9254,72.7508,45.4276,70.6426,38.2442,7.1738,37.6416,121.553,19.5102,69.6142,31.0646,59.5092,120.621,67.98519999999999,29.023,44.316199999999995,13.497200000000001,37.439,154.6916,29.110799999999998,34.061,15.0434,45.2294,22.7648,111.91460000000001,20.691200000000002,22.3022,21.1142,23.673,72.12039999999999,60.7768,31.418,15.766,50.1826,27.845200000000002,32.015,70.7326,49.910199999999996,38.037800000000004,14.946399999999999,26.8066,26.278599999999997,62.8352,110.5022,55.23,21.4922,33.5946,87.4284,138.185,8.6594,46.712,46.659800000000004,29.4596,5.4624,45.279199999999996,28.0398,75.9056,0.0,31.1444,14.3666,31.499599999999997,14.5996,31.203,21.2152,29.4458,22.5338,27.41,83.01,30.616799999999998,86.9436,21.6956,68.9782,21.0304,27.136599999999998,2.3901999999999997,21.6468,20.0872,21.0252,11.199399999999999,28.262400000000003,28.4054,22.65,146.2,30.1994,58.69,32.562599999999996,23.932,68.991,18.8786,32.1174,40.8306,39.4924,38.464,37.4328,38.2706,28.3098,37.9516,36.4974,31.111,25.2222,78.8306,23.266,56.555,32.5526,10.932799999999999,18.1756,21.9832,23.8376,32.4794,22.2278,28.4488,51.893800000000006,44.125800000000005,40.6772,77.81519999999999,43.772,34.3426,31.5594,99.8352
70347238,85.0248,20.79,30.4712,29.8056,34.7016,30.3186,12.595600000000001,16.919,21.183400000000002,60.202,48.7318,48.736599999999996,109.7862,56.3672,31.379,23.997,15.467600000000001,46.9878,47.9478,16.1002,15.2678,18.523,23.113599999999998,22.6792,32.5572,100.7916,71.587,16.0064,35.275800000000004,61.0896,4.133,17.3066,112.03580000000001,95.13839999999999,69.86019999999999,23.0812,8.873,15.005,83.4846,14.8986,14.999799999999999,35.8362,21.857200000000002,23.6508,108.302,47.266400000000004,43.6944,11.651399999999999,16.934,31.071,67.1898,42.961,15.637799999999999,69.6784,41.4882,34.9982,28.7212,110.085,32.5806,66.8786,0.07959999999999999,48.2806,109.153,65.24940000000001,28.0586,32.1764,33.449400000000004,33.263400000000004,143.2236,28.1464,4.271199999999999,17.9666,17.2568,21.8004,110.9502,16.299,21.337799999999998,13.324200000000001,26.5658,69.3848,32.804199999999994,22.497400000000003,24.1926,38.7742,7.5854,31.0506,56.6502,38.2966,33.862199999999994,19.099,5.1164,5.589600000000001,51.6066,109.5378,54.2656,20.5278,3.8048,57.6386,126.717,33.655199999999994,16.9222,16.87,17.5478,27.836599999999997,15.4894,27.075400000000002,74.9412,30.63,0.0,22.793200000000002,30.5352,18.4208,19.2912,22.7464,28.4814,19.4696,15.498,82.04560000000001,21.6964,75.4756,20.7312,54.8958,28.028599999999997,21.2682,30.214599999999997,18.5826,19.122799999999998,13.7388,43.3628,21.7422,27.441200000000002,39.4422,134.7318,18.287599999999998,30.7174,31.598200000000002,12.0202,54.9086,31.485799999999998,31.153,39.8664,30.572,27.032400000000003,33.2572,34.095,27.3454,40.8444,28.296799999999998,30.1466,42.0144,77.86619999999999,20.5854,53.4904,31.5882,36.5742,34.967800000000004,11.393,11.034600000000001,20.5676,17.5638,31.3416,38.8138,14.336,39.286199999999994,75.0796,13.982,33.3782,31.8474,98.871
70351585,93.937,19.1982,33.334,32.6684,37.5644,33.181400000000004,19.715400000000002,11.398200000000001,8.2538,64.836,25.938599999999997,25.9434,118.69839999999999,65.2794,17.985400000000002,26.0774,11.8162,25.0716,50.8106,11.9756,18.5946,23.6726,25.9764,29.895599999999998,35.42,98.8938,80.4992,11.5306,38.1386,65.7238,27.3062,38.6824,107.22,104.0506,74.49419999999999,10.9374,32.0464,12.911,86.3474,18.2254,13.2196,38.699,11.791799999999999,8.5436,117.21419999999999,25.3502,21.7784,13.1398,20.2608,17.677400000000002,71.824,66.13419999999999,38.811,72.5412,32.2432,20.230400000000003,35.937599999999996,118.99719999999999,25.254,71.5128,24.4482,56.974199999999996,118.06519999999999,69.8836,30.921400000000002,39.3928,23.709799999999998,39.3374,152.1358,31.0092,27.444599999999998,16.939400000000003,38.6328,24.6632,113.8132,12.106200000000001,24.200599999999998,20.540599999999998,17.672,74.019,54.1802,29.7138,1.3994000000000002,47.6476,19.2602,33.9134,65.5624,47.3752,39.9364,6.013,22.958,22.4298,60.3002,112.40060000000001,57.1284,23.3906,26.978,80.8118,135.62920000000003,12.458,40.0956,40.0434,20.874599999999997,18.0974,38.662800000000004,29.938200000000002,77.804,17.531,24.5278,0.0,33.398,16.498,14.9564,25.6092,31.3442,10.0754,18.825,84.9086,28.912599999999998,78.6432,23.594,63.808,15.029399999999999,28.484599999999997,18.9698,11.336799999999998,21.985599999999998,20.8588,17.5622,28.958599999999997,30.304,16.649,143.644,21.6146,52.0934,34.461,15.347,63.820800000000006,8.6926,34.015800000000006,42.7292,37.788199999999996,36.759800000000006,39.331199999999995,40.169,30.2082,31.950599999999998,35.5132,33.0094,19.2212,80.729,8.8994,58.4534,34.451,18.403599999999997,12.1746,13.398200000000001,19.989,23.8944,24.1262,22.4478,48.1388,37.5092,42.149,79.7136,38.4486,36.241,34.7102,101.7338
70351598,63.0696,22.1914,2.3784,6.1514,6.9144,2.5034,18.9662,32.5892,26.996,36.6368,58.9242,58.929199999999994,87.831,34.4122,32.778800000000004,9.4864,33.007,52.8256,22.6114,33.1664,36.879400000000004,13.4056,12.482,10.2996,1.4382000000000001,70.69460000000001,49.631800000000005,32.7214,9.9394,37.5244,34.062400000000004,45.418800000000005,79.02080000000001,73.1832,46.295,24.4808,38.8026,34.101800000000004,58.148,36.5102,27.0334,8.049,23.257,28.0958,86.3468,53.1042,49.532199999999996,27.6196,38.5456,32.4708,43.6246,72.8904,45.5672,44.341800000000006,63.782199999999996,34.260400000000004,17.3362,88.1298,15.5918,43.3134,31.2042,30.226599999999998,87.1978,41.6842,7.219,14.114799999999999,20.4652,8.2494,121.2684,4.8306000000000004,34.2006,19.368,45.369,17.919400000000003,85.6138,30.391,11.7642,21.581,49.210800000000006,45.8196,60.916599999999995,17.267799999999998,33.202400000000004,16.8146,34.757,1.7058,34.6952,16.337,8.8482,30.2864,26.9464,26.418200000000002,33.5526,84.20139999999999,28.9292,16.6468,33.734199999999994,87.568,104.76180000000001,35.055,46.8516,46.7994,39.1594,30.9366,45.418800000000005,6.235600000000001,49.604800000000004,32.0298,31.284,31.803,0.0,19.822200000000002,40.902800000000006,18.8654,7.777399999999999,35.1398,37.1096,56.709199999999996,16.4666,53.5204,13.6808,32.9408,46.568400000000004,12.5048,31.6142,34.2528,15.2418,21.1648,41.9342,10.4936,5.4962,48.1878,112.77680000000001,39.8992,58.8296,5.9116,33.631800000000005,32.9534,40.495599999999996,5.8166,14.5298,14.0834,18.1584,8.2432,9.081,4.1018,63.4894,9.529399999999999,4.722,50.76,52.5298,37.4906,30.2542,5.9014,43.3104,43.7134,27.3612,23.977400000000003,42.179,14.1316,53.986599999999996,17.2506,44.2654,13.2458,51.514199999999995,43.9116,8.0418,4.2424,73.53439999999999
70361410,80.622,4.1174,20.019,19.3536,24.2494,19.866400000000002,7.4158,15.992799999999999,10.3834,51.5212,37.873400000000004,37.8784,105.3834,51.9646,16.166,12.7624,16.4108,31.7748,37.495599999999996,16.5702,20.283,10.3576,12.6614,19.6602,22.105,85.579,67.1842,16.1252,24.8238,52.4088,22.512,33.8684,93.905,90.7356,61.1794,7.8682,27.252,17.505599999999998,73.0324,19.9138,10.4372,25.384,6.6442,11.4832,103.8992,32.0534,28.4814,14.8282,21.9492,15.858,58.509,61.34,34.0168,59.2262,47.1694,19.7852,26.2252,105.6822,14.6134,58.1978,19.6538,43.6592,104.75019999999999,56.568599999999996,17.6064,32.899800000000006,15.6972,26.022599999999997,138.8208,17.694200000000002,22.6502,1.113,33.818599999999996,6.0851999999999995,100.4982,13.7946,10.8856,9.7034,32.5982,60.704,49.366,20.0014,16.606,34.3326,20.9486,20.598599999999998,52.2476,34.060199999999995,26.6214,13.69,15.3958,14.867799999999999,46.9852,99.0858,43.8134,7.5206,22.183799999999998,76.0176,122.3142,18.4422,35.301199999999994,35.249,22.563,12.6236,33.8684,16.6232,64.4892,15.417,19.733400000000003,15.2066,20.083,0.0,24.3066,6.3986,18.0292,18.543400000000002,20.5134,71.59360000000001,19.200400000000002,65.3282,10.279,50.493199999999995,29.955599999999997,15.72,15.0016,17.6564,8.6706,9.6144,28.1498,16.846,16.989,31.575200000000002,130.3292,23.303,47.279199999999996,21.146,17.035400000000003,50.5058,23.8994,20.701,29.4142,28.076,27.0476,26.0164,26.854200000000002,16.8934,46.8768,25.0808,19.6944,34.147400000000005,67.414,20.8942,45.138400000000004,21.136,21.3612,27.1008,15.0866,12.4268,25.5828,10.811200000000001,37.374,34.823800000000006,32.715,28.834,66.3986,32.361,22.926,21.3952,88.4188
70362005,101.476,26.7372,40.873,40.2076,45.1034,40.7204,25.462799999999998,9.5908,18.537200000000002,72.37519999999999,32.966800000000006,32.9718,126.2374,72.8186,31.9232,33.6164,8.9506,35.096199999999996,58.349599999999995,9.712,4.8768,31.211599999999997,33.5154,35.643,42.959,106.433,88.0382,10.245,45.677800000000005,73.2628,24.9656,36.341800000000006,114.759,111.5896,82.0334,21.220599999999997,29.705599999999997,9.4904,93.8864,7.489,18.967,46.238,22.075200000000002,21.0046,124.75319999999999,36.111,38.6118,13.289200000000001,3.3106,31.6152,79.363,57.702400000000004,29.840799999999998,80.08019999999999,27.784200000000002,35.542199999999994,41.685,126.5362,35.5374,79.0518,22.107400000000002,64.5132,125.60419999999999,77.4226,38.4604,45.1402,33.993199999999995,46.876599999999996,159.67479999999998,38.548199999999994,25.1038,24.4786,36.292,32.2022,121.3522,13.653,31.7396,26.288,12.862,81.558,51.839400000000005,35.4612,21.546599999999998,58.5974,16.919400000000003,41.4526,73.1014,58.1196,47.4754,16.453,22.3912,22.8644,67.83919999999999,119.9398,64.6674,30.929599999999997,24.6372,72.3798,143.1682,32.6052,31.125400000000003,31.0732,10.0654,28.3808,29.6926,37.477199999999996,85.3432,31.1742,22.187,20.147,40.937,24.037,0.0,33.148199999999996,38.883199999999995,8.3464,8.0158,92.44760000000001,34.66,86.1822,31.133,71.3472,14.3248,34.232,30.758599999999998,7.8934,29.5246,26.6062,37.7094,34.706,37.843,23.677400000000002,151.1832,10.805399999999999,49.7526,42.0,9.374,71.3598,28.8398,41.555,50.2682,43.535599999999995,42.5072,46.870400000000004,47.7082,37.7472,27.1406,41.2606,40.5484,26.249599999999997,88.268,6.881600000000001,65.99239999999999,41.99,37.118199999999995,23.171200000000002,13.547600000000001,20.8164,2.9634,31.665200000000002,17.6378,58.6368,28.7148,49.688,87.2526,27.639400000000002,43.78,42.249199999999995,109.2728
70362055,78.537,3.9352,17.934,17.2686,22.1646,17.781599999999997,10.986,24.609,17.6176,49.4362,44.802,44.807,103.29860000000001,49.879599999999996,21.6928,10.6776,25.026799999999998,38.7034,35.4108,25.1862,28.8992,7.6541999999999994,4.4074,17.4798,20.02,83.494,65.0992,24.7412,22.738799999999998,50.323800000000006,26.0822,37.4386,91.8202,88.65060000000001,59.0944,15.1024,30.822400000000002,26.121599999999997,70.94739999999999,28.53,19.0532,23.299,15.2768,18.7174,101.8142,38.982,35.41,19.639400000000002,30.5654,21.3848,56.424,64.9102,37.587,57.1412,55.802,20.1382,23.5218,103.5972,9.834200000000001,56.1128,23.224,41.5742,102.6652,54.483599999999996,7.522399999999999,26.977,13.1582,23.9376,136.73579999999998,15.609200000000001,26.2204,5.341399999999999,37.3888,0.946,98.4132,22.4108,8.185,11.4982,41.230599999999995,58.619,52.9364,17.298,25.2222,32.2476,26.776799999999998,18.5136,50.1626,31.9754,24.5364,22.3062,18.9662,18.438,44.900400000000005,97.0008,41.7286,3.0318,25.754,79.5878,120.22919999999999,27.0748,38.8716,38.819199999999995,31.1792,16.814400000000003,37.4386,14.538200000000002,62.404199999999996,20.9438,23.3038,23.8228,17.998,6.7892,32.922599999999996,0.0,9.4182,27.159599999999998,29.1294,69.5086,16.497,63.243199999999995,8.194,48.408199999999994,38.5882,13.635,20.528200000000002,26.272599999999997,4.155600000000001,13.1846,27.812,14.761,14.904,40.2076,128.2442,31.919,50.8494,9.718,25.6516,48.4208,32.5154,18.616,27.3292,25.3726,24.3442,23.9314,24.7692,14.808399999999999,55.5092,23.0974,17.609599999999997,42.7798,65.3292,29.5104,43.053599999999996,9.708,29.188200000000002,35.7332,19.381,15.997200000000001,34.198800000000006,8.107800000000001,46.0064,32.739,36.285199999999996,26.749,64.3136,35.931400000000004,20.8412,19.310200000000002,86.3338
70373907,70.8208,9.5616,5.4222,5.7738000000000005,8.359,5.3318,20.4142,29.2584,22.5396,39.124199999999995,47.7136,47.718599999999995,95.5822,44.7776,28.688200000000002,10.9342,29.6764,41.615,27.7528,29.8358,38.3272,14.853399999999999,8.474,14.108,8.404399999999999,73.1822,57.383,29.3908,15.081,40.012,35.510400000000004,46.8666,81.5082,80.9344,48.782599999999995,20.0244,40.2504,30.7712,60.6356,37.958,28.4814,9.4936,20.356,23.639400000000002,94.098,41.8936,38.3216,29.067400000000003,39.9934,28.380200000000002,46.112199999999994,74.3384,47.015,46.8294,61.977,28.101,21.560200000000002,95.881,11.074200000000001,45.801,32.6522,33.837199999999996,94.949,44.171800000000005,4.4102,23.101200000000002,15.947799999999999,16.224,129.0196,7.8412,35.6486,13.1284,46.817,8.649,88.1014,31.8388,13.212,23.029,47.4056,48.307199999999995,62.3644,18.7156,34.6502,24.5106,36.204800000000006,6.001600000000001,45.0606,24.2382,16.8228,31.7342,28.3942,27.8662,37.163199999999996,86.6888,34.0706,10.735,35.182,89.0158,112.513,33.2498,48.2996,48.2474,40.6072,23.8098,46.866800000000005,5.5552,52.092400000000005,27.9392,32.7318,33.250800000000005,8.493799999999998,14.4698,42.3508,7.703,0.0,31.809,38.5576,59.1968,17.9146,52.931400000000004,11.1402,43.3062,44.7632,12.8028,27.523799999999998,30.922,11.858600000000001,22.6128,30.723599999999998,11.9156,6.8194,46.3826,120.5278,41.347199999999994,60.2776,2.9484,35.0796,43.3188,41.943599999999996,10.958,17.0164,23.0698,22.3826,16.2178,17.0556,8.385200000000001,61.6842,17.9258,3.4781999999999997,48.954800000000006,55.017199999999995,34.159800000000004,35.099,2.9384,32.0998,41.908199999999994,28.809,25.4252,43.627,15.5794,52.181400000000004,26.221799999999998,45.7134,14.6904,54.0018,45.3594,12.853200000000001,5.5048,76.022
70374983,95.62480000000001,20.886,35.021800000000006,34.3564,39.2524,34.8694,19.5716,2.5505999999999998,9.951799999999999,66.524,29.776,29.781,120.3864,66.9674,23.3376,27.765400000000003,4.4074,31.9054,52.498599999999996,4.5668,11.694,25.360400000000002,27.6644,29.7518,37.108,100.5818,82.18719999999999,4.1218,39.8266,67.4116,22.3856,33.7618,108.908,105.7384,76.1822,12.635200000000001,27.125799999999998,5.5022,88.0352,14.3062,13.0758,40.3868,13.489799999999999,12.4192,118.9022,32.9204,30.468400000000003,10.3192,9.1744,23.0296,73.51180000000001,64.5194,33.8904,74.229,24.5936,26.956799999999998,35.793800000000005,120.6852,26.952,73.20060000000001,19.5274,58.6622,119.75319999999999,71.5714,32.6094,39.249,25.4076,41.025400000000005,153.8236,32.697,22.523799999999998,18.6274,33.712,26.351200000000002,115.501,10.683,25.8886,20.3968,9.6712,75.7068,49.2596,29.57,12.961,49.3354,14.3396,35.6014,67.2504,49.063199999999995,41.624199999999995,7.8674,19.8112,20.2844,61.9882,114.0886,58.8164,25.078400000000002,22.0574,79.197,137.317,21.1482,35.174800000000005,35.1226,16.8826,19.7952,33.742,31.626,79.492,22.5886,19.607200000000002,11.5616,35.086,18.1858,8.3224,27.2972,33.032199999999996,0.0,14.833,86.59639999999999,28.7688,80.331,25.2818,65.496,11.134,28.340799999999998,22.1732,1.7855999999999999,23.673599999999997,20.715,26.2524,28.814799999999998,31.991799999999998,20.4866,145.332,17.622400000000003,47.172599999999996,36.1488,7.868600000000001,65.5086,17.3828,35.7038,44.417,37.644400000000005,36.616,41.0192,41.857,31.8962,23.9498,35.3694,34.6974,23.058799999999998,82.417,3.6908000000000003,60.141400000000004,36.1388,27.093799999999998,19.9806,10.5776,19.845200000000002,11.2858,25.814,14.447,49.826800000000006,32.5886,43.836800000000004,81.4014,34.4566,37.929,36.398,103.42160000000001
70375866,98.0356,23.296599999999998,37.4326,36.767,41.663,37.28,22.0224,8.413,15.0968,68.9346,42.645199999999996,42.6502,122.797,69.378,28.482599999999998,30.176,7.7728,41.7782,54.9092,8.5344,1.4364000000000001,27.7712,30.075,32.2026,39.5186,102.99239999999999,84.5978,9.067200000000001,42.237199999999994,69.8222,21.5252,32.901199999999996,111.3186,108.149,78.5928,17.7802,26.2652,8.9184,90.446,4.0485999999999995,15.526399999999999,42.797599999999996,18.6348,17.5642,121.31280000000001,42.0568,38.485,9.848600000000001,2.133,28.174599999999998,75.9224,54.2618,26.4004,76.6396,32.8408,32.1018,38.2444,123.0958,32.097,75.6112,18.667,61.0728,122.16380000000001,73.982,35.02,41.6998,30.552599999999998,43.436,156.23420000000002,35.107800000000005,21.663400000000003,21.038,32.8516,28.7618,117.9116,10.212399999999999,28.2992,22.8474,17.918599999999998,78.11739999999999,48.399,32.0208,18.106,55.156800000000004,13.479,38.012,69.661,54.679199999999994,44.034800000000004,13.0124,18.950599999999998,19.4238,64.39880000000001,116.4992,61.227,27.4892,21.1968,68.93939999999999,139.7276,29.1646,27.685,27.6326,6.625,24.9402,26.252,34.0368,81.9026,27.7336,18.746599999999997,16.706599999999998,37.4966,20.5966,4.4902,29.7078,35.442800000000005,10.9636,0.0,89.007,31.2196,82.7418,27.692400000000003,67.90660000000001,19.3812,30.7916,27.3182,10.076600000000001,26.0842,23.165599999999998,34.268800000000006,31.2656,34.4024,33.355599999999995,147.7426,7.3648,46.3122,38.559599999999996,5.9336,67.9192,25.3994,38.1144,46.8276,40.0952,39.0668,43.4298,44.2676,34.3068,32.1972,37.8202,37.108,35.927800000000005,84.8276,11.938,62.552,38.5496,33.677800000000005,28.8812,10.107,17.376,5.7666,28.2248,22.694200000000002,55.196400000000004,25.2742,46.2476,83.81219999999999,24.199,40.3396,38.808800000000005,105.8322
70382544,85.18719999999999,75.6302,58.041599999999995,59.517,54.245400000000004,58.4126,72.4052,86.028,80.435,27.162200000000002,103.31360000000001,103.3184,77.9134,53.8768,86.2176,62.9252,86.446,97.2148,40.4216,86.60539999999999,90.3184,66.8446,65.921,65.2926,57.2766,42.451800000000006,41.179199999999994,86.1604,51.028,35.01,91.5182,93.17060000000001,42.4934,47.094199999999994,26.716,77.91980000000001,89.232,87.5408,2.1035999999999997,89.949,80.4724,53.9302,76.6958,81.5348,80.3328,97.4934,93.92139999999999,81.05839999999999,91.9844,85.90960000000001,25.5582,124.9578,100.9668,12.6712,117.221,83.7008,63.85,78.2122,65.1804,26.9234,84.6432,50.9184,81.1838,24.2404,61.5634,64.2424,70.964,53.5976,76.9798,58.2696,91.65639999999999,72.80680000000001,93.121,71.35839999999999,33.473800000000004,83.8298,65.2032,75.02,102.6498,26.240599999999997,108.66839999999999,69.1942,86.64139999999999,56.491,88.1958,57.544,53.401199999999996,56.3834,52.6428,83.7252,80.3852,79.85719999999999,54.2446,32.0612,41.551,70.0856,87.173,142.9676,67.7928,88.49380000000001,102.25139999999999,102.19919999999999,92.59819999999999,81.5924,100.8186,60.5802,21.7598,85.46860000000001,84.7228,85.2418,57.3658,73.2612,94.3418,69.838,62.249,88.57860000000001,90.54860000000001,0.0,68.3932,37.029,67.1198,55.7452,100.0072,65.9436,85.0532,87.69160000000001,68.6808,74.6038,86.3236,65.8402,58.935,101.6268,88.6674,93.3382,106.58139999999999,60.730199999999996,87.0706,55.7578,93.9346,55.022800000000004,45.948800000000006,58.952400000000004,64.6724,53.5914,52.571,57.540800000000004,116.9284,60.2228,59.2786,104.199,16.6602,90.92960000000001,34.943,60.7202,87.6996,97.1524,80.8002,77.4162,95.618,67.57039999999999,107.4256,58.366800000000005,99.6652,51.9242,29.188,99.3112,50.5598,56.7294,21.3944
70382797,67.64739999999999,18.206599999999998,15.8506,15.185,20.081,15.698,11.599200000000002,24.845599999999997,23.9512,43.035199999999996,51.7944,51.7994,92.4088,38.9898,30.889200000000002,9.131,25.2634,46.498,28.6408,25.4228,29.1358,9.029200000000001,15.3956,7.8158,17.941599999999998,77.093,54.2096,24.9778,20.660400000000003,43.9228,23.9328,31.523400000000002,85.4192,77.761,52.693400000000004,22.5914,28.6728,26.3582,68.869,28.766599999999997,16.173,21.2156,21.3674,24.6412,90.92460000000001,46.7766,43.2046,17.53,30.8018,30.5812,50.023,62.7608,35.437400000000004,55.0628,58.099,34.508199999999995,9.3444,92.7076,28.761,49.711800000000004,21.0746,30.903200000000002,91.77560000000001,48.0826,13.438,15.0096,29.7122,18.4,125.8462,13.5308,24.071,17.4784,31.4738,15.608,96.3348,22.6474,10.592600000000001,9.792200000000001,43.527800000000006,52.218,47.0212,0.8012,27.255200000000002,21.3968,20.6962,16.43,39.272800000000004,20.9192,18.9988,22.5426,16.816599999999998,16.2886,34.2292,94.9222,34.9586,14.3354,23.604400000000002,77.4382,109.3396,33.1654,36.722,36.6698,31.415599999999998,27.346799999999998,35.289199999999994,12.454799999999999,54.5306,30.1402,21.1542,25.8558,15.9196,17.932599999999997,33.1592,16.554,18.4964,27.3962,29.366,67.4302,0.0,58.0982,12.5092,37.5186,40.885400000000004,6.405,29.7248,26.5092,12.930399999999999,11.689200000000001,42.873,6.8788,12.8256,42.5048,117.3546,32.1556,44.934400000000004,16.9776,25.8882,37.5312,34.5486,16.537599999999998,25.250799999999998,13.405,6.5032,18.3938,19.2316,12.7298,57.806400000000004,13.433399999999999,15.526,45.077,63.2506,29.747,36.3236,16.967599999999997,36.084199999999996,38.0304,17.2716,13.8476,34.4354,8.9598,48.303599999999996,21.436400000000003,34.1358,26.4124,57.9126,33.781800000000004,18.7626,17.2268,84.2554
70390789,40.1796,72.1792,55.852199999999996,60.1322,45.7206,56.676199999999994,70.0484,83.67139999999999,78.0782,21.261,111.6702,111.6752,42.5634,24.2008,88.561,60.568599999999996,84.08919999999999,105.5716,29.578200000000002,84.24860000000001,89.73,64.48780000000001,63.5642,58.4134,54.912,29.892799999999998,4.4996,83.8036,42.5034,13.9504,73.5188,75.17139999999999,38.219,26.7636,18.058,75.563,71.2328,89.46719999999999,36.292,89.3608,73.05760000000001,45.4056,74.33919999999999,79.178,63.4568,105.8502,102.2782,74.41460000000001,91.3962,88.253,12.9672,106.9586,82.9676,31.625799999999998,114.8642,87.0066,51.2226,42.862199999999994,68.3378,14.3324,76.8972,35.181400000000004,64.308,16.2028,62.178599999999996,47.2428,73.2114,45.073,76.0008,55.912800000000004,73.657,70.4502,75.1216,69.00160000000001,46.8048,81.47319999999999,62.8464,66.6768,100.293,16.9202,90.669,58.017199999999995,84.28460000000001,40.318,82.0476,55.1796,24.4838,39.840199999999996,44.118199999999995,81.3686,73.70139999999999,73.1732,38.507400000000004,48.285599999999995,22.6728,67.729,73.803,124.96839999999999,59.494,86.13719999999999,84.2522,84.1998,92.01,83.68260000000001,82.81939999999999,61.1952,17.529799999999998,87.812,76.9768,82.8852,55.001400000000004,70.9044,93.7534,71.9294,62.864,86.222,89.96039999999999,37.6768,57.216,0.0,64.763,24.7282,97.65060000000001,59.178599999999996,87.3966,85.335,66.324,68.574,94.68039999999999,58.961,56.5784,99.27,64.525,92.74980000000001,88.5822,61.3452,86.4824,24.7408,91.5778,53.3386,37.4242,47.2112,52.8842,45.0668,44.0464,55.184,114.5716,53.343599999999995,59.893800000000006,101.84219999999999,26.648400000000002,88.5728,21.2524,61.3352,96.0564,94.79560000000001,74.15639999999999,70.7324,95.02980000000001,65.2138,105.0688,40.367599999999996,81.6658,43.3996,12.939200000000001,81.312,42.035199999999996,56.9938,34.514199999999995
70390799,72.2478,8.4566,11.6448,10.9794,15.875200000000001,11.4922,9.673,23.296,17.7028,43.147,45.193,45.198,97.00919999999999,43.590199999999996,23.485599999999998,4.388199999999999,23.7138,39.094199999999994,29.1214,23.8732,27.5862,4.1756,3.8348,11.286,13.730799999999999,77.2048,58.81,23.4282,16.4496,44.0346,24.7692,36.1256,85.5308,82.36139999999999,52.8052,15.1876,29.509400000000003,24.808799999999998,64.6582,27.217,17.7402,17.0098,13.963799999999999,18.802799999999998,95.525,39.372800000000005,35.801,18.326400000000003,29.2524,23.177599999999998,50.134800000000006,63.597199999999994,36.274,50.852,54.489,27.104599999999998,18.3362,97.308,16.0174,49.8236,21.911,35.285,96.376,48.1944,9.2322,24.525599999999997,19.3414,17.6482,130.44660000000002,9.32,24.9076,10.0748,36.0758,5.2372,92.124,21.0978,5.3782,9.361,39.9176,52.329800000000006,51.623400000000004,12.108799999999999,23.909200000000002,25.9584,25.4638,12.2244,43.8732,25.686,18.2472,20.9932,17.653200000000002,17.125,38.611,90.7116,35.4392,4.5854,24.441,78.2748,113.94,25.7618,37.5586,37.5062,29.8662,19.9432,36.125800000000005,8.249,56.115,22.7366,21.9908,22.5098,11.7088,10.529,31.609599999999997,6.1832,9.655,25.8466,27.816599999999998,63.2194,11.3076,56.954,0.0,42.119,37.2752,7.3458000000000006,22.3212,24.9596,4.7176,11.871799999999999,33.9952,8.4718,8.614799999999999,38.894800000000004,121.955,30.606,49.5364,12.771799999999999,24.3386,42.1316,31.2024,12.326799999999999,21.04,20.187,19.1586,17.6422,18.4798,8.519,54.1962,16.706599999999998,11.320200000000002,41.467,59.0398,28.197400000000002,36.764199999999995,12.7618,28.6806,34.4204,18.068,14.6842,32.886,4.772600000000001,44.693400000000004,26.4496,34.972199999999994,20.459799999999998,58.0244,34.6184,14.5518,13.021,80.0446
70391025,34.0048,50.1024,32.6824,36.966800000000006,36.5006,32.8076,46.877199999999995,58.6016,54.907,31.205,91.3954,91.40039999999999,58.766400000000004,4.7936000000000005,60.6896,37.3972,59.0196,85.2968,23.090799999999998,59.179,66.6014,41.3166,40.393,35.284800000000004,31.7422,49.7716,20.5672,58.734,33.223800000000004,22.521,50.3902,52.0428,61.016,44.1184,40.8632,52.3918,48.1042,66.3386,55.901199999999996,66.23219999999999,49.929,37.6352,51.168,56.006800000000005,57.282199999999996,85.57539999999999,82.0034,51.286,68.2676,60.3816,38.192800000000005,83.83,59.839,42.095,91.693,66.7316,28.094,59.0652,48.0628,37.8816,53.7686,12.0528,58.133199999999995,36.2524,36.6256,24.1142,52.9364,27.3152,92.20360000000001,32.7416,50.528400000000005,47.278800000000004,51.993,45.830400000000004,69.6018,56.403400000000005,39.6752,43.548199999999994,77.12180000000001,40.387800000000006,67.54039999999999,34.8886,61.1134,17.189400000000003,58.9192,32.0098,4.1968000000000005,16.711599999999997,27.914,56.2988,50.5728,50.044599999999996,15.3788,71.0826,23.005599999999998,44.5576,50.6744,101.8398,75.697,62.9658,61.123599999999996,61.0712,68.8814,63.4078,59.6908,35.6424,42.7004,59.940599999999996,53.8482,59.713800000000006,31.831599999999998,47.7332,70.62480000000001,46.7764,39.698800000000006,61.1522,66.8318,54.4624,34.0874,24.4558,41.591800000000006,0.0,74.47919999999999,36.05,59.5252,60.2652,43.152800000000006,45.4454,74.4054,35.8324,33.407,76.0988,83.712,69.6212,65.4536,36.2156,63.3538,0.0126,68.40660000000001,30.1672,34.3826,24.0828,29.755599999999998,27.309,28.1468,32.0128,91.40039999999999,30.215,36.7284,78.671,50.2828,63.5032,23.5002,36.2056,75.78160000000001,71.6244,51.027800000000006,47.6038,71.9012,42.0424,81.89760000000001,17.239,58.5372,38.3004,36.5118,58.1834,32.3924,33.8286,71.28760000000001
70391033,113.5154,31.259,47.221599999999995,46.556,51.3684,47.069,34.6126,12.3448,19.746,78.7236,18.840400000000002,18.845200000000002,138.277,79.167,23.1234,39.965,14.201600000000001,20.9696,64.6982,14.361,19.177799999999998,37.560199999999995,39.864,46.8628,49.3076,112.78139999999999,100.0776,13.916,52.026199999999996,79.6112,32.1798,43.556,121.1076,123.629,88.3818,26.5352,36.92,15.2964,100.235,21.79,22.87,52.503,26.866799999999998,21.473,136.7926,21.984599999999997,24.4852,20.113400000000002,17.154400000000003,22.8154,85.7114,72.0034,44.1418,86.4286,17.7992,27.6522,45.588,138.5756,36.5328,85.4002,29.3216,76.5318,137.6436,83.771,44.809,60.102199999999996,30.5198,53.225,171.7142,44.896800000000006,32.3182,30.8294,43.5064,38.5508,127.70060000000001,20.4772,38.0882,36.9002,2.877,87.90639999999999,59.0538,39.3642,21.5002,67.20519999999999,24.1338,47.801,79.45,66.9328,53.823800000000006,17.6616,29.605400000000003,30.078599999999998,79.858,126.2882,71.016,37.2782,31.851599999999998,86.6808,155.2076,19.4496,45.4264,45.374199999999995,24.366400000000002,22.4852,43.9936,43.8258,91.69160000000001,22.669,29.401400000000002,20.1008,47.285599999999995,30.3856,14.301,39.4968,45.2318,11.1342,22.3168,98.796,38.563199999999995,92.5308,37.4814,77.6956,0.0,42.9224,23.284200000000002,10.6812,35.8732,36.8112,24.5538,44.0484,44.1914,9.550799999999999,163.2226,25.1064,56.966800000000006,48.3486,15.848600000000001,77.70819999999999,11.7728,47.903400000000005,56.6166,47.4388,46.4104,53.2188,54.056599999999996,44.095800000000004,17.1556,52.2834,46.897,12.123,94.6166,8.5938,72.341,48.3386,25.3952,9.044799999999999,20.3718,29.639400000000002,17.264400000000002,38.0138,7.6526000000000005,68.9164,43.015800000000006,57.6998,93.60119999999999,41.940400000000004,50.1286,48.582,115.6212
70395155,68.9724,14.3522,10.952200000000001,10.2866,15.1826,10.7996,12.7254,25.9716,22.1356,42.826800000000006,49.6256,49.6306,93.734,40.315,27.918200000000002,5.442,26.389599999999998,43.527,28.4324,26.549,30.262,5.3384,10.5084,3.5991999999999997,13.0544,76.8846,55.534800000000004,26.104,15.773200000000001,43.7146,25.059,36.4152,85.2108,79.086,52.485,19.6204,29.799,27.4844,63.9818,29.892599999999998,17.299,16.3172,18.3964,23.235400000000002,92.24980000000001,43.8056,40.233599999999996,18.656200000000002,31.928,27.6102,49.8146,63.887,36.5636,50.175599999999996,58.9216,31.5374,10.4062,94.03280000000001,23.862599999999997,49.5034,22.2008,32.2282,93.1008,47.8744,8.5396,13.8614,28.7362,14.1522,127.1712,8.643600000000001,25.197200000000002,14.5074,36.3654,11.7536,91.44760000000001,23.7736,6.9036,10.9182,44.3504,52.0096,51.913,6.010800000000001,28.381400000000003,22.717599999999997,21.822400000000002,11.531600000000001,40.598,22.2398,14.751,23.6688,17.9428,17.4146,35.554199999999994,90.0352,34.7502,10.480799999999999,24.7306,78.56439999999999,110.66460000000001,30.1944,37.8482,37.796,32.5418,24.375799999999998,36.4154,7.5564,55.4386,27.1692,22.2804,26.982,11.032399999999999,14.961799999999998,34.2854,12.6996,13.598,28.5222,30.4922,62.543,5.2096,59.4234,8.8204,38.843599999999995,41.707800000000006,0.0,26.7538,27.6352,9.076,12.8154,39.902,1.8097999999999999,7.9384,43.327400000000004,118.67960000000001,33.281800000000004,49.826,12.0792,27.014200000000002,38.856199999999994,35.6746,11.6504,20.363599999999998,12.257,11.2286,14.146,14.983799999999999,7.8428,58.629,9.1856,10.627600000000001,45.8996,58.3636,30.8732,36.115199999999994,12.0692,33.1134,38.853,18.3978,14.973799999999999,35.5616,5.2692,49.126,23.1534,35.2618,21.514,57.7044,34.908,13.8756,12.3284,79.3682
70396487,96.0714,16.9232,33.122,32.22,33.9244,33.493,20.2766,21.4332,14.7144,60.2296,26.12,26.1248,120.833,70.02839999999999,1.6008,25.629,21.851200000000002,20.0212,53.0006,22.0106,28.6296,23.2242,25.528,32.5268,37.7368,94.28739999999999,82.6336,21.5656,40.3286,61.1172,35.372800000000005,46.7292,102.6136,106.185,69.8878,12.199200000000001,40.113,22.946,81.74080000000001,28.2604,20.0272,35.059,12.5308,9.611600000000001,119.3486,20.299799999999998,16.7278,23.174799999999998,30.2958,1.1025999999999998,67.2174,74.2008,46.8776,67.9346,40.077,4.783600000000001,39.0916,121.1316,19.0888,66.9062,32.5146,59.088,120.1996,65.277,30.473,48.349,13.076,41.471599999999995,154.27020000000002,30.5608,35.511,16.4934,46.6794,21.74,109.20660000000001,22.1412,23.752200000000002,22.5642,25.5058,69.41239999999999,62.227,32.868,17.5988,49.761199999999995,29.2952,33.7016,70.31139999999999,49.489,42.6524,16.7792,28.2568,27.7286,62.414,107.7942,59.318400000000004,22.9422,35.044599999999996,88.8784,137.7636,9.9992,48.1622,48.1098,30.909599999999998,6.4742,46.7292,29.4898,73.19760000000001,2.869,32.5944,16.1994,32.9496,16.0496,32.653,20.794,27.6178,23.9838,28.86,80.302,32.0668,86.52239999999999,23.145599999999998,68.557,22.8632,28.586599999999997,0.0,23.096799999999998,21.537200000000002,22.4752,13.148200000000001,29.712400000000002,29.8556,24.4828,145.7786,31.6494,60.14,31.2638,25.382,68.56960000000001,20.218400000000003,36.2058,42.5818,40.9424,39.914,41.4654,42.933800000000005,29.7598,39.7844,37.9474,32.561,19.575200000000002,76.1226,25.0988,60.6434,31.273799999999998,6.3596,20.0084,23.4332,25.2878,33.9294,23.677799999999998,30.281599999999997,51.4724,45.5758,40.256,75.10719999999999,45.222,38.431,31.138,97.1272
70396492,94.73780000000001,19.999,34.134800000000006,33.4694,38.3654,33.9824,18.6846,1.6636,9.0648,65.637,29.3232,29.328,119.4994,66.0804,22.450599999999998,26.878400000000003,3.5204,31.4524,51.611599999999996,3.6798,10.3174,24.4734,26.7774,28.8648,36.220800000000004,99.6948,81.3,3.2348000000000003,38.9396,66.5246,21.4986,32.8748,108.021,104.8514,75.2952,11.7482,26.238799999999998,4.6152,87.1482,12.9294,12.188799999999999,39.4998,12.602799999999998,11.532200000000001,118.015,32.467400000000005,34.968,9.4322,7.7978000000000005,22.142599999999998,72.62480000000001,63.1428,35.281400000000005,73.342,24.1406,26.0698,34.906800000000004,119.7982,26.065,72.31360000000001,18.640400000000003,57.7752,118.86619999999999,70.6844,31.7224,38.362,24.520599999999998,40.138400000000004,152.9366,31.81,21.6368,17.7404,32.825,25.4642,114.614,9.796,25.0016,19.5098,9.218200000000001,74.8198,48.3726,28.683,12.074,48.4484,13.4526,34.714400000000005,66.3634,48.176199999999994,40.737199999999994,6.9803999999999995,18.9242,19.3974,61.1012,113.2016,57.9294,24.1914,21.1704,77.82039999999999,136.43,23.1326,36.5658,36.5136,15.506,18.9082,35.133,30.739,78.605,21.7016,18.720200000000002,10.6746,34.199,17.2988,7.8694,26.4102,32.1452,1.7855999999999999,13.4562,85.70939999999999,27.8818,79.444,24.3948,64.609,10.681,27.453799999999998,21.2862,0.0,22.7866,19.828,28.2368,27.927799999999998,31.1048,20.0336,144.445,16.2458,46.285599999999995,35.2618,6.492,64.6216,19.3674,34.8168,43.53,36.757400000000004,35.729,40.1322,40.97,31.0092,23.4968,34.4824,33.8104,22.6058,81.53,3.2378,59.254400000000004,35.2518,27.645799999999998,19.5276,9.6906,18.9582,12.384799999999998,24.927,13.994,48.939800000000005,31.7016,42.9498,80.5144,33.079800000000006,37.042,35.511,102.53460000000001
70398370,76.0352,5.3578,15.4322,14.7668,19.662599999999998,15.2796,8.484200000000001,22.107,16.514,46.934400000000004,44.004,44.009,100.79660000000001,47.3778,22.296599999999998,8.175600000000001,22.525,37.9054,32.9088,22.6844,26.3974,5.152399999999999,6.37,14.978,17.5182,80.9922,62.5974,22.2394,20.237,47.822,23.5804,34.936800000000005,89.31819999999999,86.14880000000001,56.5926,13.9988,28.320400000000003,23.619799999999998,68.4456,26.028,16.5514,20.7972,12.775,17.613799999999998,99.3124,38.184,34.612,17.1376,28.0634,21.988599999999998,53.9222,62.4084,35.085,54.6394,53.3,25.9158,21.02,101.0954,13.539399999999999,53.611,20.7222,39.0724,100.1634,51.9818,13.0196,24.4752,16.863400000000002,21.4358,134.234,13.1074,23.7186,6.2168,34.887,2.7592,95.9114,19.909,5.683,8.9962,38.7288,56.1172,50.434400000000004,14.7962,22.7204,29.7458,24.275,16.0118,47.660599999999995,29.4734,22.034599999999998,19.8042,16.4642,15.936200000000001,42.3984,94.499,39.2266,1.4866,23.252200000000002,77.086,117.72739999999999,24.5728,36.3696,36.3174,28.6772,18.7542,34.936800000000005,12.0364,59.9024,21.5476,20.8018,21.3208,15.4962,9.340200000000001,30.4208,3.7051999999999996,13.4424,24.6576,26.627599999999997,67.0068,13.995,60.7414,5.6922,45.906400000000005,36.086400000000005,11.1332,21.1322,23.770599999999998,0.0,10.682799999999999,31.5172,12.2592,12.4022,37.7058,125.74239999999999,29.4172,48.3476,16.5592,23.1496,45.919,30.0136,16.1142,24.8274,22.8706,21.842200000000002,21.429599999999997,22.267400000000002,12.3066,53.007400000000004,20.595599999999997,15.1076,40.278,62.8272,27.008599999999998,40.5516,16.5492,27.491799999999998,33.2314,16.8792,13.4952,31.697,5.606,43.504599999999996,30.237,33.7834,24.2472,61.811800000000005,33.4294,18.3392,16.808400000000002,83.832
70398392,77.50319999999999,11.3046,20.985599999999998,20.3202,25.2162,20.8332,3.1102,17.957,16.111,52.4878,43.601,43.606,102.2646,48.8456,21.8936,13.7292,18.3748,37.5024,38.4624,18.534200000000002,22.2472,7.353800000000001,13.628200000000001,13.8144,23.0718,86.54560000000001,64.0654,18.0892,25.7904,53.3754,17.075,28.4314,94.87180000000001,87.6166,62.146,13.595799999999999,21.8152,19.4696,73.999,21.878,9.2844,26.3506,12.371799999999999,17.2108,100.7804,37.781,34.209,10.632200000000001,23.913400000000003,21.5856,59.4756,55.903,28.5798,60.192800000000005,51.2104,25.5128,19.8564,102.56339999999999,23.095200000000002,59.1644,14.217,44.626,101.6314,57.535199999999996,18.5732,23.3116,23.964,24.3986,135.702,18.6608,17.2134,8.481200000000001,28.3816,12.315,101.4648,15.758799999999999,11.8524,3.328,36.639199999999995,61.6706,43.929199999999994,13.6326,20.3666,32.0092,17.769599999999997,21.5652,49.1286,35.027,24.997400000000003,15.654200000000001,9.959,9.4308,47.952,100.05239999999999,44.780199999999994,11.042200000000001,16.7468,70.5806,119.1952,24.1698,29.8644,29.812,24.5272,18.351200000000002,28.4316,17.5898,65.4558,21.144599999999997,14.2966,18.967200000000002,21.049799999999998,8.9354,26.270599999999998,13.261,18.996,20.5076,22.477400000000003,72.5602,12.8314,66.295,11.2456,47.374199999999995,33.9968,12.4034,20.729200000000002,19.6206,9.6374,0.0,33.8774,12.8774,17.955599999999997,35.6162,127.2102,25.267,41.8422,22.1128,18.999599999999997,47.3868,27.66,21.6676,30.3808,21.707,20.6786,24.392400000000002,25.2302,17.86,50.9178,19.432,20.6612,38.1884,68.38080000000001,22.858400000000003,46.105199999999996,22.1026,27.0886,31.1418,10.3738,6.99,27.546799999999998,6.394399999999999,41.415,32.0486,27.278,29.8006,67.3652,26.9242,23.892799999999998,22.3618,89.38539999999999
70398393,103.5914,27.5252,40.642,42.1174,41.4444,41.012800000000006,26.7514,27.908,21.1892,63.0396,17.3658,17.3708,128.353,77.5484,9.4104,32.1038,28.326,11.2672,60.5206,28.485400000000002,35.1044,29.6988,32.279,39.001599999999996,45.256800000000005,97.0976,90.15360000000001,28.0404,47.8486,63.9274,41.8476,53.2038,105.42360000000001,113.705,72.698,18.674,46.5876,29.4208,84.551,34.7352,26.502,42.579,19.005599999999998,15.7036,126.8686,11.5458,7.9738,29.6496,36.7706,9.1024,70.0276,80.6756,53.352199999999996,70.7448,43.5844,12.122,45.5664,128.6516,22.866,69.7164,38.9894,66.6078,127.7196,68.0872,44.1638,55.869,20.6028,48.9916,161.7902,44.377199999999995,41.985800000000005,22.968,53.154199999999996,29.284599999999998,112.0168,28.616,30.227,29.0388,31.5978,72.2226,68.7016,39.342800000000004,20.135,57.2812,35.77,41.221599999999995,77.8312,57.009,50.1724,22.286,34.7314,34.2034,69.934,110.60419999999999,66.8384,31.3704,41.5192,95.353,145.2836,8.3904,54.6368,54.5846,37.3844,13.3872,53.204,43.1806,76.0078,8.956,39.069,18.735599999999998,45.346199999999996,22.5242,39.1278,28.3386,31.395,28.811,35.3346,83.1122,38.541599999999995,94.0424,29.6202,76.077,28.9552,35.0612,10.3948,29.5716,28.012,28.95,0.0,36.1872,43.355599999999995,23.9076,153.2986,38.124199999999995,66.6148,38.7838,31.8568,76.0896,18.609599999999997,43.7258,50.101800000000004,55.8374,46.3888,48.9854,50.4538,36.2346,45.876400000000004,51.849199999999996,41.879,23.6758,78.93260000000001,27.635,68.1634,38.793800000000005,2.4026,19.9734,29.908,31.762400000000003,40.404199999999996,30.1524,36.373400000000004,58.9924,52.050599999999996,47.776,77.9172,51.6966,45.951,38.658,99.9374
70400253,67.8858,18.546400000000002,9.8656,9.2,14.096,9.713,12.391,25.637400000000003,23.351,41.740199999999994,50.8412,50.846,92.64739999999999,39.2284,29.1338,5.841399999999999,26.0552,44.7424,27.3458,26.214599999999997,29.927599999999998,5.728,9.4218,3.2648,11.967799999999999,75.798,54.448,25.769599999999997,14.6866,42.6278,24.7246,36.081,84.1242,77.9994,51.3984,20.8358,29.464599999999997,27.1502,62.895199999999996,29.558400000000002,16.9648,15.2306,19.612,24.4508,91.163,45.021,41.449,18.3218,31.593799999999998,28.8258,48.728,63.5526,36.2292,49.089,60.137,32.7528,10.0718,92.946,22.776,48.4168,21.866400000000002,31.141599999999997,92.014,46.7876,7.453,13.5272,27.6496,13.0656,126.08460000000001,7.557,24.8628,15.723,36.0312,14.2744,90.361,23.4392,8.1192,10.584,45.5658,50.923,51.5786,5.676399999999999,28.0472,21.631,21.488,10.445,39.5114,21.153200000000002,13.664399999999999,23.3346,17.608400000000003,17.0804,34.4676,88.9486,33.663599999999995,13.0018,24.3964,78.2302,109.578,31.41,37.5138,37.4616,32.2076,25.5912,36.081,6.4698,54.352,28.3848,21.946,26.647599999999997,9.945799999999998,16.1772,33.951,15.2204,12.5114,28.188,30.158,61.4564,4.8751999999999995,58.336800000000004,10.0358,37.757,42.9234,1.3144,27.9692,27.301,11.5968,12.481200000000001,41.117599999999996,0.0,6.8518,44.5428,117.593,32.9474,49.491800000000005,10.9926,26.68,37.7696,35.3404,10.563799999999999,19.277,11.922600000000001,10.894200000000001,13.0594,13.897200000000002,6.7562,59.8444,8.099,9.541,47.115,57.2768,30.5388,35.0286,10.9826,34.3288,40.068400000000004,18.0634,14.6394,35.2274,5.6588,50.3416,22.0668,34.9276,20.427400000000002,56.6178,34.5736,12.788799999999998,11.2418,78.28160000000001
70401488,67.4794,13.904399999999999,3.3632,3.642,8.78,3.2108000000000003,16.604599999999998,30.227400000000003,24.634400000000003,37.0462,52.1246,52.129400000000004,92.24080000000001,37.489599999999996,30.417,7.1248000000000005,30.645400000000002,46.025800000000004,23.020799999999998,30.8048,34.5178,11.044,6.8472,10.298399999999999,7.630199999999999,71.104,54.041599999999995,30.3598,10.349,37.934,31.7008,43.057199999999995,79.4302,77.593,46.7046,22.1192,36.441,31.7402,58.5576,34.1486,24.671799999999998,9.914399999999999,20.895400000000002,25.7342,90.7566,46.3044,42.7324,25.258,36.183800000000005,30.1092,44.0342,70.5288,43.2056,44.751400000000004,61.4204,34.036199999999994,17.750799999999998,92.53960000000001,17.459799999999998,43.723,28.842599999999997,30.4958,91.6076,42.0938,3.2186,18.425,22.3334,11.547600000000001,125.6782,2.9172,31.839,17.006400000000003,43.007400000000004,15.557799999999999,86.0234,28.029400000000003,9.4026,19.2194,46.849199999999996,46.2292,58.5548,14.9062,30.840799999999998,21.1692,32.3954,3.9428,37.7726,20.8968,12.146600000000001,27.924599999999998,24.5846,24.0566,33.822,84.6108,29.3386,14.285200000000001,31.3726,85.20639999999999,109.17160000000001,32.693400000000004,44.49,44.4378,36.797599999999996,26.874599999999997,43.057199999999995,2.2354000000000003,50.0144,29.668200000000002,28.922400000000003,29.4414,5.6082,17.4606,38.541199999999996,10.502799999999999,6.3738,32.7782,34.748,57.1188,14.105,50.8534,11.3192,36.0184,44.2068,8.9932,29.252599999999997,31.8912,12.8802,18.8032,43.8024,8.106,0.0,45.8262,117.18660000000001,37.5376,56.468,4.855,31.2702,36.031,38.134,6.226,14.9394,18.3934,18.5732,11.5414,12.3792,2.155,61.1278,14.1164,3.4036,48.3984,52.9392,35.129,30.6636,4.845,35.612199999999994,41.351800000000004,24.999599999999997,21.615599999999997,39.8174,11.7698,51.625,20.349,41.903800000000004,15.1114,51.9238,41.55,8.4512,5.9256,73.944
70405783,115.8814,33.6252,49.5876,48.9222,53.7346,49.435,36.9786,26.348200000000002,28.258200000000002,81.0898,9.6966,9.701600000000001,140.643,81.5332,25.4894,42.331,28.205,11.826,67.0642,28.3644,38.599,39.926199999999994,42.23,49.2288,51.6736,115.14760000000001,102.4438,27.919400000000003,54.3924,81.97739999999999,47.3106,58.686800000000005,123.4736,125.995,90.748,28.901400000000002,52.050599999999996,29.299799999999998,102.601,38.2296,33.223800000000004,54.869,29.233,23.839,139.15879999999999,12.8408,15.3416,33.1442,31.157799999999998,25.1814,88.0776,86.13860000000001,58.8152,88.79480000000001,21.8906,30.0182,55.793800000000005,140.9418,38.8988,87.76639999999999,44.452400000000004,78.898,140.00979999999998,86.13719999999999,47.175,62.4684,32.886,55.591,174.08020000000002,47.262800000000006,47.448800000000006,33.1954,58.637,40.9168,130.0668,32.1104,40.4542,39.2662,16.880200000000002,90.27260000000001,74.1844,49.57,23.8662,69.5714,39.2644,50.167199999999994,81.816,69.299,56.19,26.017400000000002,42.962199999999996,42.434,82.224,128.6542,73.382,39.6442,46.9822,100.816,157.5736,21.8156,60.0998,60.047599999999996,40.878800000000005,24.851200000000002,58.667,46.1918,94.0578,25.035,44.532,22.4668,49.6516,32.751599999999996,28.3044,41.8628,47.5978,25.1376,38.8292,101.1622,48.768800000000006,94.8968,39.8476,80.0618,14.2378,45.288599999999995,25.6502,24.6846,38.2392,39.1774,23.0392,46.4146,46.5576,0.0,165.5886,41.6188,72.0976,50.7146,29.852,80.0744,7.161,50.2696,58.982800000000005,57.644400000000005,56.616,55.585,56.422599999999996,46.461800000000004,24.1372,54.6494,49.263,2.9791999999999996,96.9826,22.5972,74.707,50.7046,25.073400000000003,11.4108,33.4024,39.993199999999995,31.267799999999998,40.3798,21.656,71.2824,57.5136,60.066,95.96719999999999,58.4528,52.4946,50.9482,117.9874
70405785,58.4184,132.918,116.591,120.8708,120.4046,117.415,130.78719999999998,144.41,138.817,77.8714,172.409,172.414,22.6948,84.93960000000001,149.29979999999998,121.3072,144.828,166.3104,106.95819999999999,144.9874,150.4688,125.2266,124.303,119.1522,115.6508,44.038599999999995,65.9516,144.5424,117.091,76.72439999999999,134.2576,135.91,50.846199999999996,42.8308,67.315,136.3018,131.9716,150.206,87.8932,150.0996,133.7964,121.5392,135.0778,139.9168,26.9038,166.589,163.017,135.1534,152.135,148.99179999999998,68.026,167.6972,143.70620000000002,83.78,175.603,147.7452,111.9614,22.993599999999997,129.0764,69.39139999999999,137.636,95.9202,27.7548,71.2616,122.9172,107.9814,133.95,111.18260000000001,11.153,116.6516,134.39579999999998,131.1888,135.8604,129.7404,56.442,142.21179999999998,123.5852,127.41560000000001,161.03179999999998,66.1772,151.40779999999998,118.75580000000001,145.0232,101.0566,142.7864,115.91839999999999,85.2226,100.579,111.78139999999999,142.1072,134.44,133.912,99.2462,57.923,102.08739999999999,128.4676,134.5418,185.7072,19.6516,146.8758,144.99079999999998,144.9386,152.7488,144.4214,143.558,121.934,72.5886,148.55079999999998,137.7156,143.6238,115.7402,131.6432,154.49220000000003,132.6682,123.6028,146.9606,150.699,89.2782,117.9548,63.7576,125.5018,85.467,158.38920000000002,119.9174,148.1352,146.0736,127.06280000000001,129.3128,155.419,119.6998,117.317,160.00879999999998,0.0,153.48860000000002,149.321,122.084,147.2212,85.4796,152.3166,114.07719999999999,97.822,107.95,113.623,111.1764,112.0142,115.92280000000001,175.3104,114.08239999999999,120.63239999999999,162.581,71.416,149.3116,84.49719999999999,122.074,156.79520000000002,155.5344,134.895,131.471,155.76839999999999,125.9524,165.8076,101.1062,142.40460000000002,122.21039999999999,62.196400000000004,142.0506,116.30239999999999,117.7326,71.8094
70408272,105.3214,25.903200000000002,40.039,39.373599999999996,44.2696,39.8866,24.629,11.0194,17.703200000000002,71.5412,40.6298,40.634800000000006,130.0828,76.66380000000001,31.0892,32.7824,10.3794,44.384800000000006,57.5156,11.140799999999999,4.042800000000001,30.377599999999997,32.681599999999996,34.809,42.125,105.599,91.8836,11.6736,44.8438,72.42880000000001,24.7308,36.0058,113.925,115.435,81.1994,20.3868,27.572200000000002,10.9192,93.05239999999999,6.655,18.133,45.404,21.2412,20.1706,128.5986,44.6634,41.0914,12.455200000000001,4.7394,30.781200000000002,78.529,47.513400000000004,19.652,79.2462,35.447199999999995,34.7082,40.851,130.3816,34.7034,78.2178,21.273400000000002,68.57719999999999,129.4496,76.5886,37.626599999999996,44.3062,33.1592,46.0426,163.52020000000002,37.7142,24.869,23.644599999999997,35.956,31.3684,120.5182,12.819,30.9056,25.454,20.525,80.724,51.5034,34.627199999999995,20.7126,59.070800000000006,16.0856,40.6186,76.9468,58.593199999999996,46.641400000000004,15.619,21.5572,22.0304,71.9032,119.1058,63.833400000000005,30.095599999999997,25.015,62.191,147.0136,31.7712,20.9366,20.884400000000003,5.3532,27.546799999999998,19.5038,36.6432,84.50919999999999,30.3402,21.3532,19.313200000000002,40.103,23.203,7.0968,32.3142,38.0494,13.570200000000002,3.3036,91.6136,33.8262,95.7722,30.299,75.1926,21.9878,33.398,29.924799999999998,12.683,28.6906,25.7722,36.8754,33.872,37.009,31.340400000000002,155.0286,0.0,49.416599999999995,41.166,8.5402,75.20519999999999,28.0058,40.721,49.4342,42.701800000000006,47.329,46.0364,46.874199999999995,36.9134,34.803599999999996,40.4266,39.7146,33.9126,87.4342,14.5446,65.1584,41.156,36.2842,31.4878,12.7136,19.982400000000002,8.373,30.8312,25.3008,59.1104,18.5258,48.854,86.41860000000001,17.450599999999998,42.9462,41.4152,108.4388
70408277,97.7698,48.67,58.3512,57.6856,62.5816,58.1986,40.4756,44.8276,49.091800000000006,81.6142,76.6402,76.6452,122.53139999999999,69.1124,59.259,51.877,43.3762,74.8678,67.2198,44.0088,43.1764,46.403,50.9936,50.5592,66.099,113.5366,84.3322,43.915,67.55380000000001,82.5018,26.7718,13.623,124.781,107.8834,91.27239999999999,50.9612,24.485799999999998,42.913599999999995,107.0206,42.807199999999995,42.8798,63.7162,49.7374,51.5592,121.0472,75.1464,71.5744,39.531400000000005,44.842400000000005,58.951,88.602,18.6674,25.4012,93.2144,69.3966,62.8782,42.594199999999994,122.83019999999999,60.4606,88.2908,30.1502,61.0256,121.8982,86.6616,55.9386,47.1132,61.3294,61.645199999999996,155.9686,56.0264,26.9102,45.846599999999995,13.8632,49.6804,133.36679999999998,44.2076,49.217800000000004,41.2042,54.4744,90.797,2.378,42.268800000000006,52.1012,51.519400000000005,35.494,58.930800000000005,69.3954,51.041599999999995,62.244,47.0076,32.9964,33.4696,64.3516,133.07379999999998,68.67880000000001,48.4078,27.056,36.9814,139.462,61.535199999999996,23.7398,24.118,45.456199999999995,55.7166,25.253,54.955400000000004,93.1096,58.51,30.23,50.701800000000006,58.4152,46.301,47.1998,50.626400000000004,56.3614,47.3782,43.4066,105.5818,42.873400000000004,88.2208,48.6112,67.641,55.937,49.148199999999996,58.0946,46.4912,47.0028,41.6188,71.243,49.6222,55.3212,67.3508,147.477,46.1962,0.0,59.478199999999994,39.9288,67.65360000000001,59.394400000000005,64.524,70.3806,49.1836,39.7774,61.639,62.476800000000004,55.2254,68.753,53.662,58.0266,69.923,101.4022,48.494,74.9024,59.468199999999996,64.4542,62.876400000000004,39.273,38.9146,48.476,45.4438,59.2502,51.558800000000005,34.919,72.6572,96.4916,34.565,66.7492,59.7274,122.407
70408280,69.36460000000001,11.269200000000001,3.654,5.897600000000001,6.5908,3.7604,21.819599999999998,32.2376,25.5188,37.356199999999994,48.354,48.359,94.1262,43.3216,29.328599999999998,12.3396,32.6554,42.2554,26.281,32.815,39.732800000000005,16.259,8.8874,11.9914,6.6364,71.414,55.9268,32.3698,13.609,38.2438,36.915800000000004,48.2722,79.7402,79.4782,47.0144,23.0036,41.655800000000006,33.7504,58.8674,39.3636,29.8868,7.7254,23.3352,26.618599999999997,92.6418,42.534,38.962,30.473,41.3988,29.020599999999998,44.344,75.74380000000001,48.4206,45.0612,62.6172,28.741400000000002,19.028,94.4248,11.7146,44.0328,34.0576,32.3812,93.4928,42.4036,4.8238,21.6294,16.5882,14.7522,127.56339999999999,6.2698,37.054,22.2212,48.2224,10.356399999999999,86.33319999999999,33.2444,14.6176,24.4344,48.046,46.539,63.769800000000004,20.1212,36.055800000000005,23.0544,37.6104,4.2336,43.6046,22.7822,15.351,33.1396,29.799599999999998,29.2716,35.7072,84.9208,32.5988,12.4424,36.5876,90.42139999999999,111.05680000000001,33.89,49.705,49.652800000000006,42.0126,24.450200000000002,48.2722,6.9606,50.3242,28.5796,34.1372,34.656400000000005,6.7256,22.6756,43.7562,9.4106,3.1795999999999998,34.788199999999996,39.963,57.428599999999996,19.32,59.815599999999996,11.553600000000001,41.850199999999994,45.4036,14.208200000000001,28.1642,33.901199999999996,18.095200000000002,24.0182,31.364,13.321,5.248,47.023,119.0718,42.7526,61.683,0.0,36.4852,41.8628,43.349,9.4862,15.2482,21.598,19.8504,14.746,15.5838,6.8136,62.3246,17.6098,1.9068,49.5952,53.249199999999995,37.139,33.9238,0.01,32.7402,42.5486,30.214599999999997,26.830599999999997,45.0324,16.9848,52.8218,24.7656,47.1188,12.9224,52.233599999999996,46.7648,11.7114,3.7365999999999997,74.2538
70412170,93.028,18.2892,32.425,31.759400000000003,36.6554,32.272400000000005,17.0148,4.9742,10.0892,63.927,37.6376,37.6426,117.7894,64.3704,23.4752,25.168400000000002,3.5228,36.7708,49.9016,4.155399999999999,7.806,22.7636,25.067400000000003,27.195,34.511,97.9848,79.5902,4.0616,37.2296,64.8148,16.517599999999998,27.8938,106.311,103.14160000000001,73.5852,12.7726,21.2576,3.0602,85.43839999999999,7.4366,10.519,37.79,13.6272,12.5566,116.3052,37.0494,33.4774,4.8412,6.763199999999999,23.1672,70.9148,55.3456,28.0222,71.6322,29.543200000000002,27.0942,33.2368,118.0882,27.0894,70.6038,13.6594,56.0652,117.1562,68.97460000000001,30.012400000000003,36.6922,25.5452,38.4284,151.2268,30.1002,16.6558,16.0304,27.844,23.7542,112.904,5.2048000000000005,23.2916,17.84,14.621,73.1098,43.391400000000004,27.0132,13.0984,50.1494,8.4714,33.004400000000004,64.6534,49.6716,39.0272,8.0048,13.943200000000001,14.4162,59.3912,111.4916,56.2194,22.4816,16.1892,70.023,134.72,24.157,29.3068,29.2546,10.085799999999999,19.932599999999997,27.874,29.0292,76.895,22.726200000000002,13.739,11.699,32.489,15.589,11.8294,24.700200000000002,30.435200000000002,7.5248,8.0362,83.9994,26.212,77.7342,22.685,62.899,16.0838,25.784,22.310599999999997,6.6378,21.0766,18.1582,29.261400000000002,26.258,29.395,28.348,142.735,10.8258,41.3046,33.552,0.0,62.9116,20.3918,33.1068,41.8202,35.0876,34.0592,38.4222,39.26,29.2992,28.8996,32.812599999999996,32.1004,30.9202,79.82,8.640600000000001,57.5444,33.542,28.6702,23.8736,5.099399999999999,12.3684,13.1056,23.217200000000002,19.3968,50.1888,26.720599999999997,41.24,78.80460000000001,27.6598,35.332,33.801199999999994,100.8248
70419671,34.0176,50.115,32.695,36.9796,36.5132,32.8202,46.8898,58.6142,54.919599999999996,31.217599999999997,91.408,91.413,58.779,4.8062,60.7022,37.409800000000004,59.032199999999996,85.3094,23.1034,59.1916,66.614,41.3292,40.4056,35.297599999999996,31.755,49.7842,20.5798,58.7466,33.2364,22.5336,50.402800000000006,52.0554,61.0286,44.131,40.875800000000005,52.4044,48.116800000000005,66.35119999999999,55.9138,66.2448,49.9416,37.647800000000004,51.1806,56.019400000000005,57.2948,85.588,82.016,51.2986,68.2802,60.3942,38.205400000000004,83.8426,59.8516,42.1076,91.7056,66.74419999999999,28.1066,59.0778,48.0756,37.8942,53.7812,12.0654,58.1458,36.2652,36.638400000000004,24.1268,52.949,27.3278,92.2162,32.7542,50.541,47.2914,52.0056,45.843,69.61439999999999,56.416,39.6878,43.5608,77.1344,40.400400000000005,67.5532,34.901199999999996,61.126,17.202,58.9318,32.022400000000005,4.2094,16.7242,27.926599999999997,56.3114,50.5854,50.057199999999995,15.391399999999999,71.09519999999999,23.0182,44.5704,50.687,101.85239999999999,75.70960000000001,62.9784,61.136199999999995,61.083800000000004,68.894,63.4204,59.7034,35.655,42.713,59.953199999999995,53.861,59.7266,31.8442,47.7458,70.6376,46.789,39.711400000000005,61.1648,66.8444,54.475,34.1,24.468400000000003,41.6044,0.0126,74.492,36.062599999999996,59.537800000000004,60.277800000000006,43.1654,45.458,74.418,35.8452,33.419599999999996,76.11139999999999,83.72460000000001,69.634,65.4662,36.228199999999994,63.3664,0.0,68.4192,30.1798,34.395199999999996,24.0954,29.7682,27.3216,28.1594,32.025400000000005,91.413,30.2276,36.7412,78.68360000000001,50.2954,63.515800000000006,23.5128,36.218199999999996,75.7942,71.637,51.0404,47.6164,71.91380000000001,42.055,81.9102,17.2516,58.549800000000005,38.313,36.5246,58.196,32.405,33.8412,71.3002
70422303,108.221,25.964599999999997,41.927,41.2616,46.074,41.7746,27.8156,19.4984,16.354,73.4292,14.534799999999999,14.5398,132.98239999999998,73.8726,15.438799999999999,34.6706,19.9162,16.664,59.403800000000004,20.075599999999998,26.6948,32.2656,34.5696,37.995599999999996,44.013,107.487,94.7832,19.630599999999998,46.7318,74.3168,35.406400000000005,46.782599999999995,115.8132,118.33460000000001,83.08739999999999,19.0374,40.1464,21.011,94.9404,26.325400000000002,21.319599999999998,47.2086,19.8918,16.1786,131.49820000000003,17.679,19.2316,21.24,28.360799999999998,15.130799999999999,80.417,74.2344,46.911,81.13419999999999,29.147599999999997,17.683799999999998,44.0376,133.2812,31.2382,80.1058,32.5482,71.2374,132.34920000000002,78.4766,39.5146,47.4928,25.2254,47.9306,166.41979999999998,39.602199999999996,35.544599999999996,25.5348,46.732800000000005,33.2564,122.4062,20.2062,32.793800000000005,28.6406,16.654400000000003,82.612,62.280199999999994,37.8138,11.962,61.9108,27.3602,42.5066,74.1556,61.638400000000004,48.5294,14.1132,31.058,30.529799999999998,74.56339999999999,120.99380000000001,65.72160000000001,31.9836,35.078,88.9118,149.91320000000002,9.9114,48.1956,48.1434,28.9746,17.1908,46.762800000000006,38.5312,86.3972,14.984399999999999,32.6278,10.5626,41.9912,25.091,30.7182,34.202400000000004,39.937400000000004,20.638,26.925,93.50160000000001,37.012800000000006,87.2362,32.187,72.4012,14.0118,36.5846,16.4232,21.162,30.578599999999998,28.9588,15.015600000000001,37.0586,38.897,7.949199999999999,157.928,29.714599999999997,60.193400000000004,43.054,23.447,72.41380000000001,0.0,42.609,51.322199999999995,45.888400000000004,44.86,47.9244,48.7622,38.8014,30.933,43.6132,41.602599999999995,5.0374,89.3222,19.462,67.04660000000001,43.044,15.857,2.9898000000000002,21.4982,28.089,31.994400000000002,32.7192,21.43,63.622,45.6094,52.4054,88.3066,46.5486,44.834199999999996,43.2876,110.3268
70423734,62.185,21.0356,4.6988,8.9832,8.308200000000001,4.8238,24.9052,38.5282,32.935199999999995,31.160400000000003,60.5268,60.5316,86.9466,33.5276,37.4174,15.4254,38.946,54.428,17.135,39.105599999999995,42.818400000000004,19.3446,14.6582,15.513,3.7586,65.2182,48.7472,38.6604,4.463,32.048,40.001599999999996,51.1908,73.5444,72.29860000000001,40.818599999999996,30.42,47.252199999999995,40.041,52.6716,42.4492,32.9726,7.0648,29.196,34.035,85.4622,54.7066,51.1346,33.5586,44.4846,37.1094,38.148199999999996,82.978,51.5062,38.8654,70.706,35.863,20.2288,87.2452,17.194200000000002,37.837,37.1434,25.2224,86.3132,36.207800000000006,11.0296,14.4628,22.0678,8.8824,120.38380000000001,7.3346,40.1398,25.307,51.141,21.7318,80.1374,36.33,17.703200000000002,25.985799999999998,56.134800000000006,40.343199999999996,66.68839999999999,19.4146,39.141400000000004,15.8956,40.696,4.026,33.8106,15.6234,7.9276,36.2254,32.885400000000004,32.3572,28.5484,78.725,23.4528,22.5858,39.673199999999994,93.507,103.8772,41.979,52.790800000000004,52.7386,45.0984,32.539,51.358,10.0464,44.1284,36.6684,37.223,37.742,3.848,25.761200000000002,46.841800000000006,20.7858,11.715200000000001,41.0788,43.0488,51.232800000000005,18.613400000000002,44.9676,19.619799999999998,32.056200000000004,53.4924,17.294,36.253,40.1918,21.180799999999998,27.104,43.5368,16.406599999999997,7.4046,55.1118,111.8922,45.8382,64.6016,8.232,39.570800000000006,32.068799999999996,46.434599999999996,0.0,9.0534,14.4314,21.0512,8.8762,7.8558,6.884399999999999,70.4134,10.443200000000001,8.7448,57.684,47.0534,43.4296,24.7778,8.2218,44.912800000000004,50.6374,33.3002,29.916400000000003,48.118199999999995,20.0706,60.910599999999995,16.387,50.2044,8.4734,46.037800000000004,49.8506,2.5654,5.8448,68.058
70423736,66.4148,31.197599999999998,14.3154,15.790799999999999,10.519,14.686200000000001,27.9724,41.5954,36.002199999999995,23.719,60.574400000000004,60.5792,76.398,38.6278,41.785,18.4926,42.0132,54.4756,13.138200000000001,42.172599999999996,45.8856,22.4118,21.4882,23.6818,12.8438,57.7768,41.9934,41.727599999999995,9.417200000000001,24.6066,43.068599999999996,59.590199999999996,66.103,63.2102,33.377199999999995,33.487,47.808800000000005,43.108,45.230199999999996,45.516400000000004,36.0396,10.204,32.2632,37.102,89.692,54.7542,51.182199999999995,36.625800000000005,47.5518,41.477,30.706799999999998,81.8966,54.5734,31.424,72.7884,40.9616,28.397599999999997,76.6968,21.4542,30.395599999999998,40.2104,23.635,90.543,28.7664,17.8372,22.6316,27.4546,11.986799999999999,109.91860000000001,13.836799999999998,43.207,28.374200000000002,59.5404,26.9256,72.696,39.3972,20.770400000000002,30.587400000000002,58.217,32.9018,75.088,26.274,42.2086,21.702599999999997,43.7632,13.1114,38.152,21.595200000000002,11.032,39.2926,35.9526,35.4244,26.961,71.2836,19.456,25.653,42.7404,96.57419999999999,93.412,44.0612,55.858,55.8056,48.1656,37.866,54.425,16.854,36.687,41.036,40.2902,40.8092,12.933200000000001,28.828400000000002,49.909,26.1118,18.5228,44.146,46.1158,43.7914,25.4728,37.526199999999996,22.687,36.2858,55.5746,21.511,40.620400000000004,43.259,24.248,30.171200000000002,43.5844,19.4998,14.5024,57.194,116.12180000000001,48.9054,73.001,17.004,42.638,36.2984,49.5018,10.590200000000001,0.0,22.6002,29.22,11.9806,10.9602,13.108,72.49560000000001,18.612,15.5524,59.7662,39.612,46.4968,19.6938,16.994,44.9604,52.7196,36.3674,32.983599999999996,51.1854,23.1378,62.9928,24.7864,53.2716,6.4582,38.596599999999995,52.9178,7.5566,13.003200000000001,60.6166
70428043,56.2708,27.7512,15.6986,19.983,19.5168,15.8236,21.1438,34.3902,33.4958,34.467,61.339,61.344,81.0324,27.613400000000002,40.433800000000005,17.4694,34.808,65.4278,20.072599999999998,34.967400000000005,38.6804,17.596799999999998,23.409200000000002,11.0358,14.7584,72.03760000000001,42.833,34.522400000000005,16.584400000000002,35.3546,33.4774,35.616,76.8508,66.3844,44.1252,32.136,31.677400000000002,35.903,63.0294,38.3112,25.717599999999997,20.6512,30.912,34.186,79.548,65.70639999999999,62.1346,27.0746,40.346599999999995,40.125800000000005,41.454800000000006,67.4032,43.4122,49.2232,67.6438,46.8628,8.5762,81.331,28.194,41.1436,30.6192,19.5266,80.399,39.5144,19.6418,2.0704000000000002,33.0676,10.675799999999999,114.4696,15.7578,33.6156,27.023,35.566199999999995,25.1528,90.4952,32.192,19.747400000000003,19.3368,53.0724,43.649800000000006,51.113800000000005,10.677,36.8,10.0202,30.2408,15.026,27.8964,9.5426,11.2746,32.0874,26.3612,25.8332,22.8526,89.0826,26.390400000000003,23.88,33.1492,85.413,97.963,42.71,44.6968,44.6446,40.9604,43.539,43.264,18.6586,45.9624,39.6848,30.6988,35.400400000000005,14.8478,27.477400000000003,42.7038,26.098599999999998,22.715,36.9408,38.9108,61.5906,9.876,46.7218,21.664,26.142,50.43,11.8386,39.269400000000005,36.0538,22.475,21.234,54.5366,11.628,16.4232,52.0494,105.978,41.700199999999995,49.0268,19.2318,35.4328,26.1546,44.093199999999996,13.183399999999999,19.4112,0.0,9.3986,10.6696,11.5074,15.029,67.351,6.4038,19.7446,54.6216,57.411,39.291599999999995,27.755200000000002,19.221799999999998,45.629,47.575,26.816200000000002,23.3922,43.980199999999996,19.168599999999998,57.8482,10.0598,42.1106,21.316599999999998,49.3444,41.7566,15.4086,16.8448,78.4158
70430210,61.8814,28.3598,22.102400000000003,21.436799999999998,26.3328,21.9498,21.7524,34.9988,34.1044,41.9186,61.9476,61.9526,86.643,33.224,41.0424,18.078,35.4168,56.651199999999996,27.5242,35.5762,39.289,15.9764,21.6586,11.6444,23.2308,77.6482,48.443599999999996,35.1312,24.743,42.8062,27.1722,28.8248,88.8926,71.995,51.576800000000006,32.7446,24.886200000000002,36.5116,71.188,38.9198,26.3262,27.467200000000002,31.520799999999998,34.794599999999996,85.1586,56.9298,53.357800000000005,27.6832,40.9552,40.7344,48.906400000000005,60.612,36.621,57.381800000000005,68.2524,44.6616,4.9022,86.94160000000001,35.012800000000006,48.5952,30.5506,25.1372,86.0096,46.966,19.689799999999998,9.6604,39.8864,18.8346,120.08019999999999,18.0732,27.3104,27.6316,28.775,25.761400000000002,98.6538,32.800599999999996,20.356,19.945400000000003,53.681,51.1014,44.3224,6.209,37.4086,15.631,35.701,23.4984,33.507,15.1532,19.433400000000002,32.696,26.9698,26.4418,28.4632,97.2414,32.7904,24.488599999999998,27.456400000000002,78.62180000000001,103.5736,43.318599999999996,37.9056,37.853199999999994,41.569,37.5,36.4726,18.706400000000002,53.414,40.2934,30.630200000000002,36.0092,23.3202,28.086,43.312400000000004,26.7074,24.7482,37.5494,39.519400000000005,69.7492,6.5732,52.3324,22.272599999999997,31.752599999999997,51.038599999999995,12.4472,39.878,36.6624,23.0838,21.842599999999997,53.0264,12.236600000000001,17.5684,52.658199999999994,111.5886,42.308800000000005,42.2356,23.229400000000002,36.0414,31.7652,44.701800000000006,21.6558,27.5698,12.2884,0.0,18.828400000000002,19.6662,17.418200000000002,67.9598,13.868,21.7778,55.2304,65.5698,39.9002,35.2068,23.2192,46.2376,48.183800000000005,27.424799999999998,15.4532,44.588800000000006,19.7772,58.4568,15.670399999999999,35.319199999999995,29.7888,56.796,34.9654,23.881,23.4784,86.5744
70430246,58.759800000000006,28.0046,10.5848,14.869200000000001,14.4028,10.7098,24.779400000000003,37.383199999999995,32.8092,31.19,66.4128,66.41760000000001,83.5212,30.1022,38.592,15.2996,37.801199999999994,60.314,17.1644,37.9606,41.6734,19.218799999999998,18.2954,11.857,9.6446,65.2478,45.322,37.5156,6.2562,32.0776,36.4704,47.7654,73.5738,68.8732,40.8482,30.294,43.826800000000006,38.896,52.7012,41.304199999999994,28.7106,14.655,29.0702,33.9092,82.037,60.5926,57.0206,30.0676,43.3396,38.284,38.177800000000005,79.55260000000001,47.975199999999994,38.895,69.5954,41.749,16.5728,83.82,23.0802,37.8666,33.612199999999994,22.015400000000003,82.888,36.2374,14.528,10.806799999999999,27.953799999999998,0.0062,116.9586,10.643799999999999,36.6088,25.1812,47.7156,23.732599999999998,80.167,35.185,17.5774,22.3298,55.024,40.372800000000005,63.2632,15.7586,39.0156,12.5048,33.234,9.912,30.3852,12.0272,1.7842,35.080400000000004,29.354400000000002,28.8262,25.3416,78.75460000000001,23.482200000000002,22.46,36.142199999999995,89.976,100.4518,40.868199999999995,49.259800000000006,49.2074,43.9534,38.425,47.826800000000006,13.544799999999999,44.158,37.843,33.692,37.6162,9.733799999999999,25.6354,45.697,24.6786,17.601200000000002,39.933800000000005,41.903800000000004,51.2624,14.9574,49.2106,19.494,28.6308,52.3816,14.0106,37.4276,39.046800000000005,21.055,24.227,49.4228,12.4046,11.3094,54.0012,108.4668,44.693400000000004,61.176199999999994,14.117799999999999,38.4258,28.6434,46.308800000000005,8.069600000000001,9.083,10.7754,17.395,0.0,1.679,9.915,69.30260000000001,6.7871999999999995,14.630799999999999,56.5734,47.083,42.284800000000004,24.8072,14.1078,43.787,49.5268,29.8094,26.3854,46.9732,19.9448,59.799800000000005,12.9616,46.6734,13.0834,46.0674,46.3196,10.294799999999999,11.730799999999999,68.08760000000001
70433907,60.364599999999996,29.3538,11.9404,16.2248,13.4656,12.0654,26.1288,39.751599999999996,34.1586,29.6854,67.7684,67.7732,85.1262,31.7072,39.941199999999995,16.648799999999998,40.169599999999996,61.669599999999996,15.66,40.329,44.042,20.5682,19.644599999999997,13.461799999999998,11.000200000000001,63.743199999999995,46.9268,39.884,4.751600000000001,30.573,38.0754,49.3702,72.06939999999999,70.4782,39.343599999999995,31.6434,45.4318,41.2644,51.1966,43.672599999999996,30.3156,13.1504,30.419400000000003,35.2584,83.6418,61.9482,58.3762,31.6726,45.708,39.633199999999995,36.673199999999994,81.1574,49.58,37.3904,70.94460000000001,43.1046,18.177599999999998,85.4248,24.400599999999997,36.362,35.2172,23.6204,84.4928,34.732800000000005,15.8772,12.4116,29.3094,1.767,118.56339999999999,11.9932,38.2136,26.5304,49.3206,25.082,78.66239999999999,37.5534,18.9268,23.9348,56.373400000000004,38.868199999999995,64.868,17.363400000000002,40.365,14.1098,34.838800000000006,11.2676,31.9902,13.632,0.2368,37.448800000000006,30.9592,30.4312,26.9464,77.25,21.9778,23.8092,37.747,91.5808,102.05680000000001,42.217400000000005,50.864599999999996,50.812400000000004,46.3218,39.7806,49.4318,14.894,42.653400000000005,39.1922,35.296800000000005,38.9654,11.0896,26.9848,48.065400000000004,26.028,18.956799999999998,42.3022,44.2722,49.7578,16.5624,43.4924,20.843400000000003,30.235799999999998,53.7308,15.6156,38.7768,41.4152,22.404400000000003,25.832,50.778400000000005,14.0094,12.6586,55.3504,110.0718,47.061800000000005,62.7812,15.4734,40.7942,30.2484,47.658199999999994,8.7464,7.578399999999999,12.3802,19.0,1.7608,0.0,11.2644,70.652,8.392,15.9864,57.922599999999996,45.5784,44.6532,23.302799999999998,15.4634,45.1364,50.876,31.4142,27.9902,49.3416,21.294,61.1492,14.566600000000001,48.278400000000005,11.5788,44.5628,47.9244,8.3396,13.0864,66.583
70435202,64.1596,19.328200000000002,3.804,4.944,10.401,3.6514,16.103,29.726,24.1328,35.058800000000005,51.623,51.628,88.9212,35.502199999999995,29.915599999999998,6.6232,30.1438,45.5242,21.0332,30.3032,34.0162,10.542399999999999,8.1492,7.2032,5.642600000000001,69.1166,50.7218,29.8582,8.3614,35.946400000000004,31.1992,42.5556,77.4426,74.2732,44.717,21.6176,35.9394,31.238599999999998,56.57,33.647,24.1702,11.5354,20.3938,25.232599999999998,87.4368,45.802800000000005,42.231,24.756400000000003,35.6824,29.607599999999998,42.0466,70.0272,42.704,42.7638,60.919,33.5346,14.239799999999999,89.2198,19.078200000000002,41.7354,28.341,27.1968,88.2878,40.106199999999994,4.5206,16.4374,23.9518,9.5602,122.35839999999999,0.83,31.337400000000002,16.5048,42.5058,15.0562,84.03580000000001,27.5278,8.901,18.718,46.3476,44.2416,58.0534,14.4046,30.3392,17.8702,31.8938,5.9102,35.785199999999996,17.5978,10.159,27.4232,24.0832,23.555,30.5228,82.62339999999999,27.351,13.7836,30.871,84.7048,105.8518,32.1918,43.9886,43.9362,36.2962,26.3732,42.5556,3.5374,48.0268,29.1666,28.4208,28.939799999999998,3.6206,16.959,38.0396,16.002200000000002,7.676,32.2766,34.2464,55.1312,13.603399999999999,48.8658,10.8176,34.030800000000006,43.7052,9.6416,28.751,31.389599999999998,12.3786,18.301599999999997,45.4208,7.6304,1.4804000000000002,45.3246,113.8668,37.036,55.9664,6.1572,30.7686,34.0434,37.632400000000004,4.2386,12.951799999999999,16.406,15.0622,9.554,10.3918,0.0,60.6262,10.2132,4.7056000000000004,47.896800000000006,50.951800000000006,34.6274,28.676,6.147,35.1106,40.850199999999994,24.498,21.1142,39.3158,11.2684,51.123400000000004,18.3616,41.4022,12.3716,49.9362,41.0484,6.4638,7.729,71.95639999999999
70450886,131.28,49.0238,64.9862,64.3206,69.133,64.8336,43.0344,26.0134,33.4146,96.48819999999999,34.337199999999996,34.3422,156.04160000000002,96.9316,40.888,57.7296,27.87,36.4666,82.4628,28.029400000000003,32.8464,55.3248,57.6286,53.2146,67.0722,130.546,117.84219999999999,27.584400000000002,69.7908,97.376,45.8484,57.224599999999995,138.87220000000002,141.3936,106.1466,36.098,50.5884,28.965,117.9996,35.458400000000005,36.538599999999995,70.2676,36.952400000000004,39.2376,154.55720000000002,37.4814,39.9822,33.781800000000004,30.8228,40.58,103.47619999999999,85.6718,57.8104,104.1934,2.4911999999999996,45.4168,59.2564,156.3402,54.2974,103.165,42.990199999999994,94.29660000000001,155.40820000000002,101.53580000000001,62.5736,62.711800000000004,48.2846,70.98960000000001,189.47879999999998,62.6614,45.986599999999996,48.594,57.174800000000005,56.315400000000004,145.4654,34.1456,55.8528,43.8596,15.3978,105.6712,72.7222,53.0328,39.2648,84.9698,37.8022,65.5656,97.2146,84.69760000000001,71.5886,31.3302,43.274,43.7472,97.6226,144.0528,88.7806,55.0428,45.52,100.34939999999999,172.97220000000002,37.2142,59.094800000000006,59.0426,38.035,40.2498,57.662,61.5904,109.4562,40.4336,43.0698,37.8654,65.0502,48.1502,27.9694,57.2614,62.9964,24.802799999999998,35.9852,116.5608,52.2316,110.2954,55.246199999999995,95.4602,17.962799999999998,51.803599999999996,41.0488,24.3498,53.637800000000006,44.1776,47.6798,52.2776,61.956199999999995,25.0476,180.9872,38.774800000000006,70.63539999999999,66.11319999999999,29.517,95.473,29.5374,65.668,74.3814,61.1072,60.0788,70.98339999999999,71.82119999999999,61.8604,0.0,58.8322,64.66159999999999,27.619799999999998,112.38119999999999,22.262400000000003,90.10560000000001,66.1032,43.159800000000004,26.8094,34.0402,43.3078,30.933,55.778400000000005,11.083200000000001,86.681,56.6842,75.4646,111.36580000000001,55.6088,67.8932,66.3468,133.386
70464173,61.8044,24.998,12.3206,15.6518,16.1388,12.4456,19.4934,32.739599999999996,29.802799999999998,35.6588,57.2928,57.2978,86.566,33.147,35.5854,12.293,33.157599999999995,51.194199999999995,21.264400000000002,33.317,37.03,13.7808,15.8736,7.2134,11.3804,69.7166,48.3666,32.872,12.8926,36.5464,31.8268,40.711400000000005,78.0428,71.918,45.317,27.287599999999998,36.567,34.2524,59.3378,36.660599999999995,24.067,17.2732,26.063599999999997,30.9026,85.08160000000001,51.4728,47.900800000000004,25.424,38.696,35.2774,42.6466,70.65480000000001,43.3316,45.531400000000005,66.5888,39.2046,11.8014,86.86460000000001,24.816,42.3354,28.968799999999998,25.060200000000002,85.93260000000001,40.706199999999995,13.9048,7.126600000000001,29.6896,6.9841999999999995,120.00319999999999,12.3798,31.9652,22.174599999999998,40.6616,20.726200000000002,86.8034,30.541400000000003,14.571,17.6862,52.0176,44.8416,56.209199999999996,11.115,35.1494,13.925799999999999,28.590400000000002,11.648,33.43,13.448,7.583,30.436799999999998,24.7108,24.182599999999997,28.386200000000002,85.391,27.5822,19.453400000000002,31.4986,85.33239999999999,103.4966,37.861599999999996,44.6162,44.5638,39.3098,32.043,43.1834,12.9214,50.7944,34.836400000000005,29.0484,33.75,11.4698,22.629,41.0534,21.6722,18.9632,35.2902,37.2602,57.8988,10.313799999999999,52.2554,16.487599999999997,31.6756,49.375,9.367,34.421,34.4032,18.048599999999997,19.5834,51.1586,7.761,11.5094,50.9946,111.5116,40.049800000000005,54.1222,17.444200000000002,33.782199999999996,31.688200000000002,42.4426,9.805399999999999,15.7194,5.522,12.6238,6.978,7.8158,11.651,66.2962,0.0,15.992799999999999,53.5668,53.7194,37.6412,28.947200000000002,17.4342,40.7806,46.520199999999996,25.1658,21.741799999999998,42.3296,13.7114,56.7934,13.965200000000001,42.0298,17.938599999999997,50.5364,41.676,12.0306,13.4668,74.724
70464520,68.1692,12.8756,2.4905999999999997,4.7341999999999995,5.7074,2.9544,20.018,33.641,28.0478,36.4728,57.72,57.7248,92.93060000000001,42.126,34.6106,10.538200000000002,34.058800000000005,51.621199999999995,25.101200000000002,34.218199999999996,37.9312,14.4574,10.2606,11.1854,5.473,70.5306,54.7314,33.773199999999996,12.4294,37.3604,35.1142,46.4706,78.8566,78.28280000000001,46.131,25.5326,39.8544,35.1536,57.984,37.562,28.0852,6.842,24.308799999999998,29.147599999999997,91.4464,51.899800000000006,48.3278,28.671400000000002,39.5974,34.3026,43.4606,73.9422,46.619,44.177800000000005,64.8338,33.0562,18.222,93.2294,14.3874,43.1494,32.256,31.185599999999997,92.2974,41.520199999999996,6.632,20.4496,19.261,13.5724,126.368,5.4638,35.2524,20.4198,46.4208,11.963,85.4498,31.4428,12.816,22.6328,50.2626,45.6556,61.9684,18.319599999999998,34.2542,21.859,35.808800000000005,3.0702,42.409,21.586599999999997,14.1712,31.3382,27.9982,27.47,34.5116,84.03739999999999,31.419,17.6986,34.786,88.6198,109.86139999999999,36.1068,47.903400000000005,47.8512,40.2112,29.732200000000002,46.4706,5.6488000000000005,49.4408,33.861599999999996,32.3358,32.854800000000004,5.5622,20.874,41.9546,11.017,4.786,36.1916,38.1614,56.545199999999994,17.5184,50.2798,14.7326,40.6548,47.6202,12.406600000000001,33.4462,35.3046,16.2936,22.2166,40.73,11.5194,4.442,49.239599999999996,117.87639999999999,40.951,59.8814,2.92,34.6836,40.6674,41.5474,8.3066,14.364799999999999,20.418200000000002,19.044400000000003,13.5662,14.404,6.0078000000000005,64.5412,14.195200000000002,0.0,51.811800000000005,52.3658,38.5424,32.4476,2.91,42.106,44.7652,28.413,25.0292,43.2308,15.183399999999999,55.0384,23.5702,45.3172,12.038799999999998,51.350199999999994,44.9634,10.201600000000001,2.8531999999999997,73.37039999999999
70464553,117.744,35.4876,51.45,50.7846,55.597,51.297599999999996,31.8652,28.2108,20.4034,82.95219999999999,10.6618,10.666799999999999,142.50539999999998,83.3956,19.488400000000002,44.193599999999996,23.965799999999998,12.7912,68.9268,24.1252,30.744400000000002,41.788599999999995,44.0926,42.045199999999994,53.536199999999994,117.01,104.3062,23.6802,56.2548,83.8398,39.456,50.832,125.33619999999999,127.8576,92.6104,23.087,44.196,25.060599999999997,104.4634,30.375,25.3692,56.7316,23.9414,25.7016,141.02120000000002,13.806,8.4078,25.2896,32.4104,19.180400000000002,89.94,78.284,50.9606,90.6572,23.753,21.733400000000003,48.087199999999996,142.8042,40.761199999999995,89.6288,36.5978,80.76039999999999,141.87220000000002,87.9996,49.0376,51.5424,34.748400000000004,57.4536,175.94279999999998,49.1252,39.594199999999994,35.0578,50.7824,42.7794,131.9292,24.2558,42.3168,32.6902,18.7428,92.135,66.3298,41.8634,16.0116,71.4338,31.4098,52.0296,83.6786,71.1614,58.0524,18.1628,35.1076,34.5794,84.0864,130.5168,75.2446,41.5066,39.1276,92.9614,159.4362,13.961,52.2452,52.193,33.0242,26.7138,50.812400000000004,48.054199999999994,95.9202,19.034,36.6774,14.612200000000001,51.514199999999995,34.614,30.1668,43.7254,49.4604,27.0,30.9746,103.0246,41.0622,96.75919999999999,41.71,81.9242,16.1002,40.6342,20.4728,26.547,40.101800000000004,33.0084,16.1056,41.1082,48.42,4.0762,167.4512,33.764199999999995,64.243,52.577,27.496599999999997,81.9368,4.696,52.132,60.8452,49.9378,48.9094,57.4474,58.285199999999996,48.324400000000004,25.9998,47.662800000000004,51.1256,0.0,98.84519999999999,24.4596,76.56960000000001,52.567,18.1398,6.0114,25.5478,32.1386,33.130199999999995,42.2422,23.5186,73.145,49.6588,61.9284,97.8296,50.5982,54.3572,52.8106,119.8498
70465560,80.3934,70.8364,53.247800000000005,54.7232,49.4514,53.6186,67.6112,81.2342,75.641,22.3682,98.51960000000001,98.5246,50.2918,49.083,81.4238,58.1314,81.652,92.421,35.6278,81.81139999999999,85.5244,62.050599999999996,61.127,60.4988,52.4826,31.6706,28.9038,81.3664,46.234,23.114,86.7242,88.3768,31.831,36.313,13.4776,73.1258,84.4382,82.74680000000001,15.6842,85.1552,75.6784,49.136199999999995,71.902,76.74080000000001,69.55160000000001,92.6996,89.1276,76.2646,87.1906,81.11580000000001,12.319799999999999,120.164,96.173,13.5616,112.4272,78.907,59.056,50.5904,60.3864,13.685,79.8492,46.1246,70.4026,15.555399999999999,56.7696,59.4486,66.17,48.8038,86.6558,53.4756,86.8624,68.013,88.327,66.56439999999999,43.149800000000006,79.036,60.4092,70.22619999999999,97.8558,13.0022,103.8744,64.4004,81.8474,51.697,83.402,52.7502,48.6072,51.589400000000005,47.849,78.9314,75.5914,75.0632,49.4506,41.7374,36.7572,65.29180000000001,82.3792,138.1738,60.5546,83.7,97.4576,97.4052,87.8044,76.7984,96.0248,55.786199999999994,8.5214,80.6748,79.929,80.448,52.572,68.46719999999999,89.54780000000001,65.0442,57.4552,83.7848,85.75460000000001,17.069,63.599199999999996,24.753400000000003,62.3258,50.9514,95.2134,61.149800000000006,80.25919999999999,82.8978,63.8868,69.81,81.5296,61.0464,54.1412,96.8328,72.3366,88.5442,101.78760000000001,55.9362,82.27680000000001,50.964,89.1406,50.229,41.1548,54.1586,59.8784,48.797599999999996,47.7772,52.7468,112.1344,55.4288,54.4848,99.405,0.0,86.13560000000001,30.149,55.926199999999994,82.9058,92.35839999999999,76.00619999999999,72.6224,90.82419999999999,62.7766,102.6316,53.573,94.8712,47.1304,13.218399999999999,94.5174,45.765800000000006,51.9356,31.0706
70484079,97.9758,23.2368,37.372800000000005,36.7072,41.603199999999994,37.2202,21.9226,4.9014,12.3026,68.87480000000001,27.259,27.264,122.7372,69.31819999999999,25.5366,30.1162,6.7581999999999995,29.3884,54.8494,6.9176,11.734399999999999,27.7114,30.0152,32.102599999999995,39.458800000000004,102.93260000000001,84.538,6.472600000000001,42.1774,69.7624,24.7364,36.1126,111.25880000000001,108.08919999999999,78.533,14.986,29.476599999999998,7.853,90.3862,14.3466,15.4266,42.7378,15.8406,14.77,121.253,30.403200000000002,32.904,12.67,9.711,25.2288,75.8626,64.56,36.6984,76.5798,22.076400000000003,27.781599999999997,38.1446,123.036,29.302799999999998,75.5514,21.8782,61.013,122.104,73.9222,34.9602,41.5998,27.758599999999998,43.3762,156.1746,35.048,24.8748,20.9782,36.063,28.702,117.8518,13.0338,28.2394,22.7476,7.1541999999999994,78.05760000000001,51.6104,31.9208,11.413200000000002,51.6864,16.6904,37.9522,69.60119999999999,51.414,43.975,10.218399999999999,22.162,22.6352,64.339,116.43939999999999,61.167199999999994,27.4294,24.4082,79.2374,139.6678,20.0092,37.983,37.930800000000005,16.923,22.146,36.5502,33.977,81.8428,25.0822,21.958,10.0138,37.436800000000005,20.5368,6.857600000000001,29.648,35.383,3.6908000000000003,14.8734,88.9472,31.119799999999998,82.682,27.6326,67.8468,8.6168,30.691599999999998,24.524,3.2378,26.0244,23.0658,25.113599999999998,31.165599999999998,34.3426,17.9694,147.6828,17.663,49.5234,38.4998,8.4052,67.8594,16.244,38.0546,46.7678,39.995400000000004,38.967,43.37,44.207800000000006,34.247,21.4328,37.7202,37.048199999999994,20.5416,84.76780000000001,0.0,62.4922,38.4898,25.9548,17.4634,12.9284,22.196,9.821,28.165,11.929799999999998,52.1776,35.5724,46.1878,83.7524,34.497,40.2798,38.749,105.77239999999999
70490239,54.131,47.4484,29.8598,31.3352,26.063599999999997,30.2308,44.2234,57.846199999999996,52.2532,9.76,75.1318,75.1366,62.439,22.8206,58.0358,34.7434,58.264199999999995,69.033,7.8762,58.4236,62.1366,38.662800000000004,37.7392,33.1824,29.0948,43.817800000000005,34.4822,57.9786,22.8462,10.6476,58.9726,60.6252,52.144,49.2512,19.418200000000002,49.738,56.6866,59.359,34.750800000000005,61.767199999999995,48.445800000000006,25.7484,48.514,53.353,77.4082,69.31160000000001,65.73960000000001,49.802800000000005,63.8026,57.7278,16.747799999999998,92.41239999999999,68.42139999999999,20.944599999999998,89.0392,55.519,31.304599999999997,62.7378,36.998599999999996,16.4366,53.3474,18.373,78.25919999999999,14.8074,33.3816,28.011400000000002,42.782199999999996,25.4158,95.95960000000001,30.087799999999998,59.110800000000005,44.625,60.5754,43.1766,62.2166,55.648,37.0214,42.065,74.468,18.9428,76.123,33.4054,58.4596,23.945400000000003,52.969199999999994,29.3622,22.3448,23.838,24.461,55.5434,49.0896,48.5614,21.699,60.804199999999994,8.406,41.903800000000004,59.256800000000005,110.4222,79.453,60.312,69.706,69.6538,64.4164,53.410599999999995,68.2732,32.3984,21.2554,57.2868,53.4272,57.06,29.1842,45.0794,66.16,41.6562,34.0672,60.396800000000006,62.366800000000005,33.312,32.6042,23.5672,38.938,24.689,71.82539999999999,35.336,56.8714,59.509800000000006,40.499,46.422,58.1418,33.73,30.7532,73.445,84.484,65.1564,74.036,32.5484,58.8888,24.7016,65.75280000000001,26.841,17.767,26.407,32.126799999999996,25.409599999999998,24.389200000000002,29.359,88.7466,28.112599999999997,31.096799999999998,76.0172,29.1326,62.747800000000005,0.0,32.5384,59.5178,68.9706,49.544599999999996,46.120599999999996,67.4362,39.3886,79.24380000000001,25.8214,67.1196,23.7424,24.6376,66.7658,22.378,28.5476,50.1372
70490240,69.3546,11.279200000000001,3.664,5.9076,6.601,3.7504,20.814,32.227599999999995,25.5088,37.3662,48.344,48.349,94.116,43.3114,29.3186,11.334,32.6454,42.2452,26.271,32.8048,38.727199999999996,15.2534,8.8976,11.981399999999999,6.6464,71.424,55.9168,32.3598,13.599,38.253800000000005,35.910199999999996,47.266400000000004,79.75019999999999,79.4682,47.0244,22.993599999999997,40.6502,33.7404,58.8774,38.357800000000005,28.8812,7.735399999999999,23.325200000000002,26.6086,92.6318,42.5238,38.952,29.467200000000002,40.3932,29.0106,44.354,74.73819999999999,47.4148,45.0712,62.6072,28.7314,19.018,94.4148,11.704600000000001,44.0428,33.052,32.371,93.4828,42.413599999999995,4.8338,21.619400000000002,16.578200000000002,14.742,127.5534,6.2598,36.0484,21.2156,47.216800000000006,10.3666,86.3432,32.2386,13.612,23.4288,48.036,46.549,62.764199999999995,19.1154,35.0502,23.044400000000003,36.6046,4.243600000000001,43.5944,22.772,15.341,32.134,28.794,28.266,35.697199999999995,84.9308,32.5888,12.452399999999999,35.5818,89.41560000000001,111.0468,33.88,48.699400000000004,48.6472,41.007,24.4402,47.2666,6.9706,50.334199999999996,28.569599999999998,33.1316,33.6506,6.735600000000001,21.67,42.7506,9.4206,3.1896,34.7782,38.9574,57.4386,18.314400000000003,59.8054,11.563600000000001,41.840199999999996,45.3934,13.2026,28.1542,33.8912,17.089599999999997,23.0126,31.354,12.3154,5.238,47.013,119.0618,41.747,60.6774,0.01,35.4794,41.8528,42.3434,9.4762,15.2582,21.587799999999998,19.840400000000002,14.736,15.5736,6.8036,62.3146,17.5996,1.8968,49.5852,53.2592,37.129,33.9138,0.0,32.73,42.538599999999995,29.209,25.825,44.0268,15.9792,52.811800000000005,24.755599999999998,46.1132,12.9324,52.2436,45.7592,11.7014,3.7466,74.2638
70494781,104.9676,23.461599999999997,42.0182,38.7586,42.8206,42.389,26.8152,27.971799999999998,21.253,64.4158,19.392599999999998,19.397599999999997,129.729,78.92439999999999,9.474200000000002,32.1676,28.389599999999998,13.294,61.8966,28.5492,35.1682,29.7626,32.0666,39.065400000000004,46.633,98.4736,91.52980000000001,28.104,49.224599999999995,65.3034,41.9114,53.2676,106.79960000000001,115.081,74.074,18.7378,46.6514,29.484599999999997,85.927,34.799,26.5658,43.955,19.0694,15.7672,128.2448,13.5726,10.0006,29.7134,36.8344,9.1662,71.40360000000001,80.73939999999999,53.416,72.1208,46.232800000000005,6.3448,45.630199999999995,130.0278,24.242,71.0924,39.0532,67.984,129.0958,69.4632,37.0116,57.245,19.6962,50.3678,163.1662,37.099199999999996,42.0496,23.0318,53.218,30.6606,113.39280000000001,28.6798,30.2908,29.1026,31.6616,73.5986,68.7654,39.406400000000005,20.238599999999998,58.6574,35.833800000000004,42.5976,79.20739999999999,58.385,51.5484,22.3898,34.795199999999994,34.267199999999995,71.31,111.98039999999999,68.2144,29.4806,41.583,95.41680000000001,146.6596,8.494200000000001,54.7006,54.6484,37.4482,13.451,53.2678,36.0282,77.38380000000001,9.0198,39.1328,18.8392,39.4882,22.588,39.1916,29.714599999999997,32.7712,28.9146,35.3984,84.48819999999999,38.6054,95.41839999999999,29.684,77.453,29.019,35.125,10.4586,29.6354,28.075599999999998,29.0138,2.4026,36.251,36.394,25.9344,154.6746,38.188,66.6786,40.159800000000004,31.9206,77.46560000000001,18.7134,45.101800000000004,51.478,47.481,46.4526,50.361599999999996,51.83,36.2984,45.9402,44.486,43.255199999999995,25.702599999999997,80.3088,27.738599999999998,69.5394,40.1698,0.0,20.077,29.971799999999998,31.8262,40.467800000000004,30.2162,36.4372,60.3684,52.1144,49.152,79.2932,51.760400000000004,47.327,40.0342,101.31339999999999
70494784,108.0958,25.8394,41.8018,41.1364,45.948800000000006,41.6494,29.193,20.862,17.717599999999997,73.304,15.8174,15.8224,132.8572,73.7474,17.703799999999998,34.5454,21.279799999999998,17.9468,59.2786,21.4392,28.058400000000002,32.1404,34.4444,41.4432,43.888,107.3618,94.658,20.9942,46.6066,74.19160000000001,36.77,48.1462,115.688,118.20939999999999,82.9622,21.115599999999997,41.51,22.374599999999997,94.81519999999999,27.6892,22.6832,47.083400000000005,21.447200000000002,16.0534,131.373,18.961599999999997,20.595200000000002,22.6036,29.724400000000003,17.395799999999998,80.29180000000001,75.598,48.2746,81.009,35.041,22.232599999999998,48.008,133.156,31.113,79.98060000000001,33.9118,71.1122,132.224,78.3514,39.3894,54.6826,25.1002,47.8054,166.2946,39.477,36.908199999999994,25.409599999999998,48.0964,33.1312,122.281,21.57,32.6686,31.480400000000003,20.4698,82.4868,63.643800000000006,41.7844,13.3256,61.785599999999995,28.7238,42.3814,74.0304,61.5132,48.404199999999996,15.476799999999999,32.4216,31.8936,74.4382,120.8686,65.59639999999999,31.858400000000003,36.4416,90.27539999999999,149.788,11.275,49.5592,49.507,30.3382,17.0656,48.126400000000004,38.406,86.272,17.249200000000002,33.9914,11.926200000000001,41.866,24.965799999999998,32.0818,34.0772,39.8122,22.0016,28.2886,93.37639999999999,40.9832,87.111,32.0618,72.276,17.8274,37.5028,17.8646,22.525599999999997,30.453599999999998,31.391599999999997,16.3792,38.628800000000005,38.771800000000006,9.2318,157.803,31.078200000000002,61.557,42.9288,24.8108,72.2886,3.0576,42.4838,51.197,49.8588,48.830400000000004,47.7992,48.637,38.676199999999994,34.748400000000004,46.863800000000005,41.4774,6.3202,89.197,26.186799999999998,66.92139999999999,42.918800000000005,17.220599999999997,0.0,22.862,29.452599999999997,33.358,32.594,25.2456,63.4968,46.973,52.280199999999994,88.1814,47.9122,44.709,43.1624,110.2016
70494785,82.60239999999999,17.0244,26.705599999999997,26.04,30.936,26.553,8.83,10.5936,11.2612,56.4364,38.809599999999996,38.8146,107.3638,53.9448,24.647,20.2314,9.1422,37.9426,44.182199999999995,9.7746,8.942200000000001,14.7574,19.348,18.9136,28.7916,90.49419999999999,69.16460000000001,9.6808,31.5102,57.324,17.6538,29.03,98.82039999999999,92.716,66.0946,13.944600000000001,22.394,8.6794,79.719,8.573,6.0848,32.0706,14.7992,13.7286,105.87960000000001,38.221199999999996,34.6494,0.25839999999999996,10.6084,24.339,63.4242,56.4818,29.1586,65.91260000000001,35.1626,28.2662,24.955599999999997,107.66260000000001,28.261400000000002,63.113,14.7956,45.8582,106.73060000000001,61.4838,24.293,28.4108,26.717200000000002,29.497799999999998,140.80120000000002,24.3808,17.7922,14.201,28.980400000000003,18.0348,107.1846,6.3768,17.572200000000002,9.5586,20.2404,65.61919999999999,44.527800000000006,18.7318,14.2704,37.1084,9.6078,27.285,54.2278,36.6308,30.0966,9.1768,8.612200000000001,8.0842,49.1842,105.7722,50.5,16.7622,17.325599999999998,71.15939999999999,124.2946,25.329,30.4432,30.3908,11.2222,21.104599999999998,29.0104,23.3098,71.1756,23.898,14.875399999999999,12.871,26.769599999999997,14.6552,12.9656,18.9808,24.715799999999998,13.144200000000001,9.172600000000001,78.28,17.9306,73.0532,16.9656,52.4734,27.900599999999997,17.502599999999997,23.482599999999998,12.257200000000001,15.3572,9.9732,30.4332,17.976599999999998,23.6756,29.52,132.30960000000002,11.962,42.4408,27.8326,5.6946,52.4862,21.5638,27.387400000000003,36.1006,26.8062,25.7778,29.4916,30.3294,23.5798,34.519,24.531200000000002,26.381,32.0922,74.1006,14.26,49.7248,27.822599999999998,29.842200000000002,25.0456,0.0,7.268800000000001,14.242,13.798200000000001,25.016,37.148,27.8568,35.5206,71.314,28.796200000000002,29.612599999999997,28.081799999999998,95.1052
70494786,78.0612,15.376,22.41,21.744400000000002,26.640400000000003,22.2574,7.1816,18.2584,17.364,51.895199999999996,45.2072,45.212199999999996,102.82260000000001,49.403800000000004,25.965,15.6904,20.5846,41.5736,37.500800000000005,18.8356,20.3848,13.063799999999999,17.6996,14.372399999999999,24.501,85.953,64.6234,18.3906,27.2198,52.783,12.0078,23.3642,94.2792,88.1748,61.5534,17.667,16.748,20.122,75.4284,20.0156,9.585799999999999,27.775,16.4432,18.0542,101.3384,41.852199999999996,38.2804,6.5776,22.051,25.657,58.883199999999995,50.835800000000006,23.5126,61.6222,51.5118,29.584,20.4144,103.1214,27.166400000000003,58.572,9.1496,41.317,102.18939999999999,56.942800000000005,19.997400000000003,23.8696,28.035400000000003,24.956599999999998,136.26,20.0902,12.1462,12.5524,23.314400000000003,16.386400000000002,102.8942,16.060200000000002,15.9236,7.91,36.940599999999996,61.078199999999995,38.862,14.1906,20.668,32.5672,12.702399999999999,22.9894,49.686800000000005,32.0896,25.555400000000002,15.9556,4.8918,4.3636,44.643,101.4816,43.818599999999996,15.1136,11.6796,65.5134,119.7534,28.2412,24.7972,24.744799999999998,22.6646,22.4226,23.3644,19.014200000000002,66.8852,25.216,9.2294,19.2686,22.479,13.0068,24.4082,17.3322,25.055799999999998,20.809,20.615,73.98960000000001,13.3896,68.512,15.317,47.9324,34.298199999999994,12.9616,24.8004,19.922,13.7086,8.3248,37.948800000000006,13.4354,19.385,35.9176,127.7684,23.4046,36.775,23.537,17.1372,47.945,27.9614,23.096799999999998,31.810200000000002,22.2652,21.2368,24.950400000000002,25.7882,19.2892,51.219199999999994,19.99,22.0854,38.4898,69.81,23.1598,45.1836,23.527,31.16,31.4432,6.3191999999999995,0.0,25.6844,12.1046,41.7164,32.6068,22.2108,32.9718,66.7728,21.857,25.322,23.7862,90.8148
70494788,103.46839999999999,28.729599999999998,42.8654,42.1998,47.095800000000004,42.7128,27.4552,11.583,20.5296,74.36739999999999,35.6974,35.702400000000004,128.2298,74.8108,33.9156,35.6088,10.943,37.8266,60.342,11.7044,6.8692,33.204,35.5078,37.635400000000004,44.9514,108.4252,90.0306,12.237200000000001,47.67,75.2552,26.958,38.334199999999996,116.75139999999999,113.582,84.02560000000001,23.213,31.698,11.4828,95.8788,9.481399999999999,20.959400000000002,48.2304,24.0676,22.997,126.74560000000001,38.8416,43.9178,15.281600000000001,5.303,33.6076,81.3552,59.6946,31.8332,82.07260000000001,30.5148,37.5346,43.6772,128.5286,37.5298,81.0442,24.0998,66.5056,127.59660000000001,79.415,40.4528,47.1326,35.9856,48.8688,161.6672,40.5406,27.0962,26.4708,38.2844,34.1946,123.3444,15.6452,33.732,28.2804,15.592600000000001,83.5502,53.8318,37.4536,23.5388,60.589800000000004,18.9118,43.4448,75.0938,60.112,49.4676,18.4452,24.383599999999998,24.8566,69.83160000000001,121.932,66.6598,32.922,26.6296,74.37219999999999,145.16060000000002,34.5974,33.1178,33.065400000000004,12.057799999999999,30.373,31.685,39.4696,87.33539999999999,33.166599999999995,24.1794,22.139400000000002,42.9294,26.029400000000003,2.7306,35.1406,40.8756,11.076799999999999,10.0082,94.4398,36.6524,88.17460000000001,33.1254,73.3394,17.0552,36.2244,32.751,10.6238,31.517,28.598599999999998,39.701800000000006,36.6984,39.8354,26.407799999999998,153.1754,12.797600000000001,51.745,43.9924,11.3664,73.352,30.8322,43.5472,52.2606,45.528,44.4996,48.8626,49.7004,39.739599999999996,29.8712,43.253,42.540800000000004,28.98,90.26039999999999,9.612200000000001,67.9848,43.9824,39.1106,25.901799999999998,15.5398,22.808799999999998,0.0,33.657599999999995,20.3682,60.6292,30.707,51.6804,89.245,29.6318,45.772400000000005,44.2416,111.2652
70494791,72.7392,9.5244,13.3378,12.6722,17.5682,13.1852,5.6414,22.017400000000002,16.4242,44.844800000000006,43.9144,43.9192,97.5006,44.0816,22.207,6.618,22.435200000000002,37.815599999999996,30.8194,22.5946,26.307599999999997,0.9172,8.1736,10.4834,15.428799999999999,78.9026,59.3014,22.1496,18.147599999999997,45.7326,19.956400000000002,31.3128,87.2288,82.85260000000001,54.5032,13.909,24.6966,23.53,66.3562,25.9384,12.1966,18.7028,12.6852,17.524,96.01639999999999,38.094199999999994,34.5222,13.553600000000001,27.973599999999998,21.899,51.832800000000006,58.7844,31.4612,52.55,53.2102,25.826,16.5252,97.79939999999999,17.706,51.5216,17.098200000000002,36.983,96.86739999999999,49.8924,10.9252,19.9806,21.03,17.9188,130.938,11.018,20.0948,8.7962,31.263,6.925800000000001,93.822,19.819200000000002,3.3274,4.5238000000000005,38.639,54.027800000000006,46.8106,10.3016,22.630599999999998,27.6564,16.72,13.917200000000001,44.364599999999996,27.384,18.517799999999998,19.7144,12.840399999999999,12.3122,40.309,92.40939999999999,37.1372,5.653,19.6282,73.462,114.4312,24.4832,32.7458,32.693400000000004,28.587400000000002,18.6644,31.313,9.942,57.813,21.458,17.178,21.2312,13.406799999999999,9.250399999999999,30.331,7.8718,15.983600000000001,24.568,26.5378,64.9174,9.500399999999999,58.652,5.791,42.6102,35.9966,5.0758,21.0424,23.681,4.2482,6.4208,34.1908,6.121,10.3128,37.616,122.44619999999999,29.3274,44.7236,14.464799999999999,23.06,42.622800000000005,29.9238,14.0246,22.738,18.376,17.3476,17.9128,18.750400000000003,10.217,52.9176,12.952399999999999,13.013200000000001,40.188199999999995,60.7378,26.9188,38.462199999999996,14.454600000000001,27.402,33.1416,13.295399999999999,9.8714,31.607200000000002,0.0,43.4148,28.717599999999997,30.1594,23.8996,59.7224,29.8056,16.2498,14.714,81.74260000000001
70521396,120.9958,38.7394,54.702,54.0364,58.848800000000004,54.5494,32.7502,15.7292,23.130200000000002,86.204,26.3208,26.325599999999998,145.7572,86.64739999999999,30.6038,47.4454,17.5858,28.45,72.1786,17.7452,22.562,45.0404,47.3444,42.9302,56.788,120.26180000000001,107.558,17.3002,59.5066,87.0916,35.5642,46.9402,128.588,131.1094,95.8622,25.813599999999997,40.304199999999994,18.6806,107.7152,25.1742,26.2542,59.9834,26.668200000000002,28.953400000000002,144.273,29.465,31.9656,23.4976,20.5386,30.2958,93.1918,75.3876,47.526,93.909,10.592600000000001,35.1326,48.972199999999994,146.056,44.0132,92.8806,32.706,84.01219999999999,145.124,91.25139999999999,52.2894,52.4274,38.0002,60.705400000000004,179.1946,52.377,35.702400000000004,38.3098,46.8906,46.0312,135.181,23.8614,45.568599999999996,33.575199999999995,5.1136,95.38680000000001,62.438,42.748400000000004,28.9806,74.68560000000001,27.518,55.281400000000005,86.93039999999999,74.4132,61.304199999999994,21.046,32.9898,33.4628,87.3382,133.7686,78.4964,44.7584,35.235800000000005,90.065,162.688,26.93,48.8106,48.7584,27.7506,29.9656,47.3778,51.306,99.172,30.1494,32.785599999999995,27.581,54.766,37.8658,17.685200000000002,46.977199999999996,52.712199999999996,14.5184,25.701,106.2764,41.9474,100.0112,44.961800000000004,85.176,7.6786,41.519400000000005,30.764599999999998,14.0654,43.3536,33.8934,32.0342,41.993199999999995,51.671800000000005,17.031200000000002,170.703,28.490599999999997,60.3512,55.829,19.2328,85.18860000000001,19.2532,55.3838,64.097,50.823,49.794599999999996,60.6992,61.537,51.5762,9.949,48.5478,54.3774,19.6034,102.097,11.978,79.8214,55.8188,32.8756,16.5252,23.756,33.0236,20.6486,45.4942,0.0,76.3968,46.4,65.1802,101.08160000000001,45.3246,57.609,56.062400000000004,123.1016
70521405,49.3584,36.047599999999996,18.6278,22.912200000000002,22.4458,18.7528,32.8224,44.547,40.852199999999996,33.2026,76.481,76.4858,74.1198,20.701,46.635,23.342599999999997,44.964800000000004,70.3822,18.8082,45.124199999999995,52.4654,27.2618,26.3384,20.883200000000002,17.6876,65.12519999999999,35.9206,44.679199999999994,19.1422,34.090199999999996,36.2542,37.906800000000004,76.3696,59.472,42.860800000000005,38.337,33.968199999999996,52.2026,58.609,52.096199999999996,35.8744,23.5804,37.1132,41.9522,72.63560000000001,70.66080000000001,67.0888,37.2314,54.1316,46.327,40.190400000000004,69.694,45.703,44.802800000000005,77.63839999999999,51.8172,13.958,74.41860000000001,33.1484,39.8792,39.6326,12.6142,73.48660000000001,38.25,22.571,9.978200000000001,38.022,13.233799999999999,107.5572,18.686799999999998,36.3924,33.224199999999996,37.857,31.775599999999997,84.95519999999999,42.348800000000004,25.6204,29.493599999999997,63.067,42.385400000000004,53.4044,20.8338,47.0586,3.1078,44.783,17.955,20.9838,2.6302,13.832600000000001,42.2442,36.518,35.99,15.9402,84.66239999999999,20.267400000000002,30.503,36.5384,87.7038,91.0506,48.911199999999994,46.9876,46.935199999999995,54.745400000000004,48.493199999999995,45.5548,21.5876,44.698,45.886,39.712199999999996,45.6592,17.776799999999998,33.6784,56.488800000000005,32.721599999999995,25.6442,47.0976,52.695800000000006,57.170199999999994,20.0326,39.8092,27.537,19.229599999999998,60.4246,23.0368,45.4704,46.2106,29.098,31.3906,59.491,21.430799999999998,19.352400000000003,62.044,99.0656,55.4852,51.3176,22.1608,49.217800000000004,19.2422,54.351800000000004,16.1126,21.969,9.9468,15.6196,13.2276,14.0654,17.958,77.3456,15.8132,22.6738,64.61619999999999,52.9908,49.4484,26.491,22.1508,60.867,57.5696,36.973,33.549,57.7652,27.9878,67.8428,0.0,44.401199999999996,24.2456,48.0802,44.0474,18.337799999999998,19.773799999999998,73.99539999999999
70525152,90.5976,34.0396,43.720800000000004,43.0552,47.9512,43.5682,25.845200000000002,31.0672,37.751,74.4418,60.6776,60.6826,115.3592,61.9402,44.6286,37.2466,30.4272,60.2374,60.0474,31.188599999999997,24.0906,31.772599999999997,36.3632,35.9288,45.8068,106.36439999999999,77.1598,31.721400000000003,48.525400000000005,75.3296,10.007,21.282,117.6088,100.71119999999999,84.1,36.3308,12.848600000000001,30.967,96.734,26.7028,28.2494,49.0856,35.1068,40.2184,113.87480000000001,60.516,56.944,24.901,24.787200000000002,44.3206,81.4298,29.075,1.7515999999999998,82.9278,55.495,48.247800000000005,35.422,115.65780000000001,45.8302,81.1186,13.385399999999999,53.8534,114.7258,79.48939999999999,41.3082,39.941,46.699,46.513,148.7964,41.3958,10.1452,31.2162,21.232200000000002,35.05,126.19439999999999,32.866800000000005,34.5874,26.5738,40.5728,83.62480000000001,36.7798,35.0964,40.760400000000004,44.347,20.835,44.3002,62.2232,43.8694,47.1118,35.6668,18.366,18.839,57.1794,122.78739999999999,61.5066,33.7772,10.2912,43.7526,132.28979999999999,46.9048,3.0362,2.984,21.290599999999998,41.0862,1.6034000000000002,40.3248,85.93719999999999,43.879599999999996,13.465,39.361,43.784800000000004,31.6704,27.144599999999997,35.996,41.731,33.6178,23.3514,95.2952,34.945800000000006,81.04860000000001,33.980599999999995,60.4688,42.035599999999995,34.5178,43.4642,32.7308,32.3724,26.988400000000002,56.6124,34.991800000000005,40.690599999999996,51.3882,140.3048,20.0478,34.692800000000005,44.8478,28.588,60.4814,48.053599999999996,44.4026,53.1158,42.0114,32.6052,46.506800000000005,47.3446,40.595,54.8514,41.5464,43.3962,53.9604,91.11580000000001,34.592400000000005,67.7302,44.8376,49.8236,51.535599999999995,24.642599999999998,24.284,28.4208,30.8134,45.3486,44.3866,0.0,52.5358,89.31939999999999,2.3164000000000002,46.6278,45.0968,112.12039999999999
70535012,70.8088,31.007,13.8574,15.332799999999999,10.061,14.228200000000001,27.7818,41.4048,35.8116,28.113,59.3782,59.383199999999995,80.792,43.021800000000006,42.2864,18.302,41.8226,53.2796,17.5322,41.982,45.695,22.2212,21.0078,19.1152,12.6532,62.1708,46.3876,41.537,8.977799999999998,29.000799999999998,42.878,59.454800000000006,70.497,67.60419999999999,37.7712,33.2964,47.618199999999995,42.9176,49.6244,45.3258,35.849,9.746,32.0726,36.9116,94.086,53.5582,49.9862,36.435199999999995,47.3612,41.9784,35.101,81.706,54.3828,35.8182,72.5978,40.732,29.808,81.0908,20.9962,34.7898,40.019800000000004,28.029,94.937,33.160599999999995,17.3792,24.042,26.996599999999997,13.397200000000002,114.3126,13.6462,43.016400000000004,28.1836,59.405199999999994,26.735,77.0902,39.2066,20.5798,30.3968,58.0264,37.296,74.9526,26.0834,42.018,24.1598,43.5726,12.9208,42.5462,23.887400000000003,12.4424,39.102,35.762,35.2338,31.355,75.67760000000001,23.85,25.462400000000002,42.549800000000005,96.3836,97.806,43.870599999999996,55.6674,55.615,47.975,37.408,54.2346,16.396,41.081,41.5374,40.099599999999995,40.6186,12.7426,28.6378,49.7184,25.6538,18.064799999999998,43.955400000000004,45.9254,48.1854,25.2822,41.920199999999994,22.4964,40.68,55.384,21.320400000000003,41.122,43.068400000000004,24.0574,29.9806,42.3882,19.3092,14.3118,57.0036,120.516,48.714800000000004,72.8656,16.546,42.4474,40.6926,49.3112,10.3996,5.344600000000001,24.0106,30.630200000000002,13.391,12.3706,12.917399999999999,72.305,20.0222,15.0944,59.5756,44.006,46.3062,24.087799999999998,16.5358,43.7644,52.529199999999996,36.1768,32.793,50.994800000000005,22.947200000000002,62.8022,24.651,53.081,0.0,42.9906,52.727199999999996,7.366,12.545200000000001,65.0108
70544149,52.1222,68.2414,50.652800000000006,52.1282,46.8564,51.0236,65.0162,78.6392,73.046,18.6092,95.92460000000001,95.92960000000001,39.584199999999996,36.1432,78.8288,55.5364,79.057,89.8258,30.7138,79.2164,82.9294,59.4556,58.532,56.02,49.8876,20.963,16.442,78.7714,43.639,19.5582,81.81039999999999,83.4628,29.2892,25.6056,8.053,70.5308,79.5242,80.15180000000001,24.7796,82.5602,71.2836,46.541199999999996,69.307,74.14580000000001,58.844199999999994,90.1044,86.5326,72.6406,84.5956,78.52080000000001,8.764,115.25,91.259,24.1248,109.832,76.312,54.142199999999995,39.883,57.7914,10.1292,76.1852,41.2106,59.6952,11.999600000000001,54.1746,50.849199999999996,63.575,46.208800000000004,73.1048,50.8806,81.9486,65.418,83.4132,63.9694,37.875,76.441,57.8142,64.9028,95.2608,6.9152,98.9606,56.243,79.2524,46.783199999999994,75.80680000000001,50.155199999999994,36.426199999999994,46.675599999999996,45.253800000000005,76.33619999999999,71.9272,71.3992,44.5368,39.3558,31.8432,62.6968,82.0944,133.25979999999998,56.5982,81.105,92.54360000000001,92.4914,85.2092,74.20339999999999,91.1108,53.191199999999995,9.055,78.0798,76.26480000000001,77.853,49.977,65.87219999999999,86.9528,62.4492,54.86,81.1898,83.15960000000001,26.1644,55.4418,12.291799999999999,59.7308,36.6706,92.6184,58.1738,77.6642,80.3028,61.2918,67.2148,78.9346,56.5676,51.5462,94.23780000000001,61.6292,85.94919999999999,96.87360000000001,53.3412,79.68180000000001,36.6832,86.54560000000001,47.634,38.5598,49.2446,54.9646,46.2026,45.182,50.1518,109.5394,50.950199999999995,51.8898,96.81,14.363,83.54060000000001,25.2352,53.331199999999995,80.31060000000001,89.76339999999999,72.3822,68.95819999999999,88.229,60.181599999999996,100.0366,48.659,89.95739999999999,44.535199999999996,0.0,89.6034,43.1708,49.3404,24.1268
70548634,90.9158,34.357800000000005,44.039,43.373400000000004,48.269400000000005,43.8864,26.163400000000003,29.211,35.894800000000004,74.7602,58.821400000000004,58.8264,115.67739999999999,62.2584,44.9468,37.564800000000005,28.5708,60.5556,60.3658,29.3324,22.2344,32.0908,36.681400000000004,36.247,46.125,106.68260000000001,77.4782,29.8652,48.843599999999995,75.6478,10.3252,21.6002,117.927,101.0294,84.41839999999999,38.578199999999995,13.166799999999999,29.110599999999998,97.05239999999999,24.8466,28.5676,49.404,35.4252,38.362199999999994,114.19319999999999,60.834199999999996,57.2622,30.6466,22.931,44.6388,81.748,29.2568,2.14,83.2462,53.6388,48.566,35.740199999999994,115.97619999999999,46.1484,81.4368,13.7036,54.1716,115.0442,79.80760000000001,41.626400000000004,40.2594,47.017199999999995,46.831199999999995,149.1146,41.7142,10.4636,31.5344,21.5504,35.368199999999995,126.5128,31.0104,34.9056,26.892,38.7166,83.943,37.098,35.4148,38.904,44.6654,21.153200000000002,44.6184,62.5414,44.187599999999996,47.43,33.8104,18.6842,19.157400000000003,57.4976,123.10560000000001,61.8248,34.0956,10.609399999999999,43.934400000000004,132.608,47.223,3.4244,3.3722,19.4344,41.4044,1.9915999999999998,40.6432,86.2556,44.1978,13.7834,37.504599999999996,44.103,31.988799999999998,25.2882,36.3142,42.0492,31.761599999999998,21.495,95.6136,35.264199999999995,81.3668,34.299,60.787,40.179199999999994,34.836,43.7824,30.874599999999997,32.690599999999996,27.3066,56.930800000000005,35.31,41.009,49.531800000000004,140.623,18.191599999999998,35.011,45.166,26.7316,60.7996,46.1974,44.720800000000004,53.4342,42.3296,32.9234,46.825,47.662800000000004,40.913199999999996,52.9952,41.864599999999996,43.714400000000005,52.104,91.434,32.736200000000004,68.0484,45.156,50.142,49.679199999999994,24.9608,24.602400000000003,26.5646,31.1316,43.4922,44.704800000000006,2.0134000000000003,52.854,89.6376,0.0,46.946,45.4152,112.4388
70574708,66.893,24.1192,8.4502,9.925600000000001,5.7926,8.821200000000001,25.8478,39.4706,33.8776,27.9282,61.8226,61.827400000000004,80.60719999999999,38.2354,38.7132,16.3678,39.8886,55.723800000000004,17.2948,40.048,43.761,20.287200000000002,15.6006,15.559,9.097,61.986,46.2026,39.603,5.421600000000001,28.8158,40.944,55.8986,70.31219999999999,67.4194,37.586400000000005,31.3624,45.684,40.9834,49.4394,43.3916,33.915,4.5492,30.1384,34.9774,90.1702,56.0024,52.4304,34.501,45.427,38.405199999999994,34.916,79.772,52.4486,35.633199999999995,70.6636,37.1588,26.2516,80.906,16.7278,34.604800000000004,38.085800000000006,27.7916,91.0212,32.9756,11.972,20.485799999999998,22.728,9.841,114.12780000000001,10.09,41.0822,26.2494,55.848800000000004,18.6312,76.9052,37.272400000000005,18.645799999999998,28.4626,56.092400000000005,37.111,71.3964,24.1492,40.084,20.6036,41.638400000000004,9.0298,38.5184,20.3312,8.8862,37.1678,33.8278,33.299800000000005,31.1176,75.4928,23.612599999999997,23.528200000000002,40.6156,94.4494,97.6212,41.9364,53.7332,53.681,46.040800000000004,33.8348,52.3004,10.9888,40.8962,37.9642,38.1654,38.684400000000004,9.186399999999999,26.703799999999998,47.7844,21.3854,12.6576,42.0212,43.9912,48.0006,23.348200000000002,41.7354,20.5624,36.764199999999995,53.4498,18.2364,37.5488,41.1342,22.1234,28.046400000000002,44.8326,17.3492,11.163799999999998,55.0694,116.6002,46.780800000000006,69.3094,11.1388,40.5132,36.7768,47.377199999999995,6.8434,6.32,20.4542,27.074,9.8348,8.8144,9.3612,70.371,16.466,9.6872,57.6416,43.8212,44.3722,23.903,11.1288,46.2086,50.595,34.2428,30.8588,49.0606,21.013,60.868199999999995,21.0948,51.147,5.9576,42.8056,50.793,0.0,7.138,64.8258
70584255,67.41080000000001,12.868,2.0122,4.2556,4.949,2.383,20.177799999999998,33.800599999999996,28.2076,35.714400000000005,56.9616,56.9666,92.1724,41.3678,33.852199999999996,10.697799999999999,34.218599999999995,50.8628,24.3428,34.378,38.091,14.6172,9.9306,13.8716,4.9946,69.7722,53.973,33.933,11.671,36.602,35.274,46.6304,78.09819999999999,77.5244,45.3726,25.692400000000003,40.014,35.3134,57.2256,37.721599999999995,28.245,6.083600000000001,24.468400000000003,29.3074,90.688,51.141400000000004,47.5696,28.831,39.757,33.5442,42.7022,74.102,46.7786,43.4194,67.1408,32.2978,21.324,92.471,13.629,42.391,32.4158,30.4272,91.539,40.7618,6.302,19.691200000000002,18.502599999999997,12.814,125.6096,5.826,35.4122,20.5794,46.5806,11.9554,84.69139999999999,31.602400000000003,12.9758,22.7926,52.5696,44.8972,62.128,18.479200000000002,34.414,21.1006,35.968599999999995,2.5916,41.6506,20.828400000000002,13.412799999999999,31.497799999999998,28.157799999999998,27.6298,33.7534,83.279,30.6606,17.8582,34.9456,88.7796,109.103,38.4138,48.063199999999995,48.011,40.3708,28.9738,46.6304,5.3188,48.6824,33.103199999999994,32.495400000000004,33.0144,5.0838,21.0338,42.1144,11.0094,4.7783999999999995,36.3512,38.3212,55.7868,17.6782,49.5214,14.8924,39.8964,49.9272,12.5664,32.687799999999996,35.4642,16.453400000000002,22.3764,39.971599999999995,11.679200000000002,4.8042,51.5466,117.118,41.110800000000005,60.041199999999996,2.9124,34.843199999999996,39.909,41.7072,7.5482,13.606399999999999,19.6598,22.1462,12.807799999999999,13.6456,6.369800000000001,66.84819999999999,15.6716,1.723,54.1188,51.6074,38.7022,31.6892,2.9024,41.3476,47.072199999999995,28.5728,25.1888,43.3906,15.343,57.3454,22.811799999999998,45.477,11.2804,50.591800000000006,45.123,9.4434,0.0,72.612
70587572,77.582,90.19760000000001,72.609,74.08439999999999,68.8126,72.9798,86.9726,100.5954,95.0024,41.7294,117.88080000000001,117.8858,60.3836,68.4442,100.785,77.49260000000001,101.01339999999999,111.7822,54.989,101.17280000000001,104.88560000000001,81.4118,80.4884,79.86,71.844,37.6832,40.38,100.7278,65.5954,49.577400000000004,106.08539999999999,107.738,24.9636,42.3258,33.6252,92.4872,103.79939999999999,102.1082,19.983,104.51639999999999,95.0398,68.4976,91.2632,96.1022,81.02980000000001,112.0608,108.4888,95.6258,106.5518,100.477,40.1256,139.5252,115.5342,31.556,131.7884,98.2682,78.4174,60.6824,79.7478,41.4908,99.2106,65.4858,81.88080000000001,38.8076,76.13080000000001,78.80980000000001,85.5312,68.165,59.45,72.837,106.2238,87.3742,107.6882,85.92580000000001,15.944,98.3972,79.7704,89.58739999999999,117.21719999999999,40.808,123.2358,83.7616,101.2086,71.0582,102.7632,72.11139999999999,67.96860000000001,70.9508,67.2102,98.29260000000001,94.9526,94.42439999999999,68.8118,14.531600000000001,56.1184,84.653,101.7404,157.535,50.263,103.0612,116.8188,116.76660000000001,107.16560000000001,96.15960000000001,115.386,75.14760000000001,36.327,100.036,99.2902,99.8092,71.9332,87.82860000000001,108.909,84.4054,76.81639999999999,103.146,105.116,21.3678,82.96039999999999,36.2296,81.687,70.3126,114.5746,80.511,99.62060000000001,102.259,83.248,89.1712,100.891,80.4076,73.5024,116.1942,71.1376,107.9054,121.14880000000001,75.2976,101.638,70.3252,108.502,69.5902,60.5162,73.5198,79.2398,68.1588,67.13839999999999,72.108,131.49579999999997,74.7902,73.846,118.76639999999999,31.2276,105.49680000000001,49.5102,75.28760000000001,102.267,111.7198,95.36739999999999,91.98360000000001,110.18539999999999,82.1378,121.9928,72.9342,114.2324,66.4916,26.651,113.8786,65.1272,71.2968,0.0
