2026-04-10 17:51:31 [INFO] __main__: Run folder: /content/drive/MyDrive/SOS_0408/results/train_20260410_175131_col_selector_rlcg
2026-04-10 17:51:40 [INFO] __main__: TensorBoard logging enabled at: /content/drive/MyDrive/SOS_0408/results/train_20260410_175131_col_selector_rlcg/tensorboard
2026-04-10 17:51:43 [INFO] src.master_problem: RMP LP solved — obj=1000000.0000, active_cols=0
2026-04-10 17:51:45 [INFO] src.master_problem: RMP LP solved — obj=200997.9905, active_cols=1
2026-04-10 17:51:47 [INFO] src.master_problem: RMP LP solved — obj=2276.6710, active_cols=2
2026-04-10 17:51:49 [INFO] src.master_problem: RMP LP solved — obj=2276.6710, active_cols=2
2026-04-10 17:51:52 [INFO] src.master_problem: RMP LP solved — obj=2276.6710, active_cols=2
2026-04-10 17:51:54 [INFO] src.master_problem: RMP LP solved — obj=2276.6710, active_cols=2
2026-04-10 17:51:56 [INFO] src.master_problem: RMP LP solved — obj=2276.6710, active_cols=2
2026-04-10 17:51:58 [INFO] src.master_problem: RMP LP solved — obj=2255.8869, active_cols=7
2026-04-10 17:52:00 [INFO] src.master_problem: RMP LP solved — obj=2126.9681, active_cols=4
2026-04-10 17:52:02 [INFO] src.master_problem: RMP LP solved — obj=2098.9433, active_cols=6
2026-04-10 17:52:05 [INFO] src.master_problem: RMP LP solved — obj=2031.4166, active_cols=6
2026-04-10 17:52:07 [INFO] src.master_problem: RMP LP solved — obj=2024.7694, active_cols=8
2026-04-10 17:52:10 [INFO] src.master_problem: RMP LP solved — obj=2015.2448, active_cols=9
2026-04-10 17:52:12 [INFO] src.master_problem: RMP LP solved — obj=2015.2448, active_cols=9
2026-04-10 17:52:14 [INFO] src.master_problem: RMP LP solved — obj=2015.2448, active_cols=9
2026-04-10 17:52:16 [INFO] src.master_problem: RMP LP solved — obj=1981.4983, active_cols=9
2026-04-10 17:52:18 [INFO] src.master_problem: RMP LP solved — obj=1953.8028, active_cols=7
2026-04-10 17:52:20 [INFO] src.master_problem: RMP LP solved — obj=1930.9461, active_cols=9
2026-04-10 17:52:23 [INFO] src.master_problem: RMP LP solved — obj=1930.9461, active_cols=9
2026-04-10 17:52:25 [INFO] src.master_problem: RMP LP solved — obj=1907.7860, active_cols=7
2026-04-10 17:52:27 [INFO] src.master_problem: RMP LP solved — obj=1907.7860, active_cols=7
2026-04-10 17:52:29 [INFO] src.master_problem: RMP LP solved — obj=1905.6623, active_cols=10
2026-04-10 17:52:31 [INFO] src.master_problem: RMP LP solved — obj=1883.0590, active_cols=8
2026-04-10 17:52:33 [INFO] src.master_problem: RMP LP solved — obj=1883.0590, active_cols=8
2026-04-10 17:52:35 [INFO] src.master_problem: RMP LP solved — obj=1883.0590, active_cols=8
2026-04-10 17:52:38 [INFO] src.master_problem: RMP LP solved — obj=1883.0590, active_cols=8
2026-04-10 17:52:40 [INFO] src.master_problem: RMP LP solved — obj=1883.0590, active_cols=8
2026-04-10 17:52:42 [INFO] src.master_problem: RMP LP solved — obj=1883.0590, active_cols=8
2026-04-10 17:52:44 [INFO] src.master_problem: RMP LP solved — obj=1883.0590, active_cols=8
2026-04-10 17:52:46 [INFO] src.master_problem: RMP LP solved — obj=1883.0590, active_cols=8
2026-04-10 17:52:48 [INFO] src.master_problem: RMP LP solved — obj=1883.0590, active_cols=8
2026-04-10 17:52:51 [INFO] src.master_problem: RMP LP solved — obj=1858.0635, active_cols=6
2026-04-10 17:52:53 [INFO] src.master_problem: RMP LP solved — obj=1858.0635, active_cols=6
2026-04-10 17:52:55 [INFO] src.master_problem: RMP LP solved — obj=1858.0635, active_cols=6
2026-04-10 17:52:57 [INFO] src.master_problem: RMP LP solved — obj=1858.0635, active_cols=6
2026-04-10 17:52:59 [INFO] src.master_problem: RMP LP solved — obj=1858.0635, active_cols=6
2026-04-10 17:53:01 [INFO] src.master_problem: RMP LP solved — obj=1858.0635, active_cols=6
2026-04-10 17:53:03 [INFO] src.master_problem: RMP LP solved — obj=1858.0635, active_cols=6
2026-04-10 17:53:06 [INFO] src.master_problem: RMP LP solved — obj=1842.9849, active_cols=7
2026-04-10 17:53:08 [INFO] __main__: RLCG sample collection: 1/26 problems (3.8%)  samples=38  eta=2137.3s
2026-04-10 17:53:08 [INFO] src.master_problem: RMP LP solved — obj=5500000.0000, active_cols=0
2026-04-10 17:53:11 [INFO] src.master_problem: RMP LP solved — obj=4501285.9215, active_cols=1
2026-04-10 17:53:13 [INFO] src.master_problem: RMP LP solved — obj=3602373.0034, active_cols=2
2026-04-10 17:53:16 [INFO] src.master_problem: RMP LP solved — obj=2703508.2634, active_cols=3
2026-04-10 17:53:20 [INFO] src.master_problem: RMP LP solved — obj=1804947.6945, active_cols=4
2026-04-10 17:53:23 [INFO] src.master_problem: RMP LP solved — obj=1007659.1977, active_cols=5
2026-04-10 17:53:25 [INFO] src.master_problem: RMP LP solved — obj=208984.2212, active_cols=6
2026-04-10 17:53:28 [INFO] src.master_problem: RMP LP solved — obj=10264.2675, active_cols=7
2026-04-10 17:53:31 [INFO] src.master_problem: RMP LP solved — obj=10264.2675, active_cols=7
2026-04-10 17:53:34 [INFO] src.master_problem: RMP LP solved — obj=10264.2675, active_cols=7
2026-04-10 17:53:37 [INFO] src.master_problem: RMP LP solved — obj=10264.2675, active_cols=7
2026-04-10 17:53:40 [INFO] src.master_problem: RMP LP solved — obj=10264.2675, active_cols=7
2026-04-10 17:53:42 [INFO] src.master_problem: RMP LP solved — obj=10264.2675, active_cols=7
2026-04-10 17:53:45 [INFO] src.master_problem: RMP LP solved — obj=10264.2675, active_cols=7
2026-04-10 17:53:49 [INFO] src.master_problem: RMP LP solved — obj=10264.2675, active_cols=7
2026-04-10 17:53:52 [INFO] src.master_problem: RMP LP solved — obj=10264.2675, active_cols=7
2026-04-10 17:53:54 [INFO] src.master_problem: RMP LP solved — obj=10264.2675, active_cols=7
2026-04-10 17:53:57 [INFO] src.master_problem: RMP LP solved — obj=10264.2675, active_cols=7
2026-04-10 17:53:59 [INFO] src.master_problem: RMP LP solved — obj=10264.2675, active_cols=7
2026-04-10 17:54:03 [INFO] src.master_problem: RMP LP solved — obj=10264.2675, active_cols=7
2026-04-10 17:54:06 [INFO] src.master_problem: RMP LP solved — obj=10245.1390, active_cols=15
2026-04-10 17:54:09 [INFO] src.master_problem: RMP LP solved — obj=9994.8725, active_cols=13
2026-04-10 17:54:11 [INFO] src.master_problem: RMP LP solved — obj=9994.8725, active_cols=13
2026-04-10 17:54:14 [INFO] src.master_problem: RMP LP solved — obj=9870.2455, active_cols=18
2026-04-10 17:54:18 [INFO] src.master_problem: RMP LP solved — obj=9839.3580, active_cols=19
2026-04-10 17:54:21 [INFO] src.master_problem: RMP LP solved — obj=9797.9277, active_cols=20
2026-04-10 17:54:24 [INFO] src.master_problem: RMP LP solved — obj=9739.6152, active_cols=20
2026-04-10 17:54:26 [INFO] src.master_problem: RMP LP solved — obj=9697.3519, active_cols=23
2026-04-10 17:54:29 [INFO] src.master_problem: RMP LP solved — obj=9566.9439, active_cols=25
2026-04-10 17:54:32 [INFO] src.master_problem: RMP LP solved — obj=9432.3354, active_cols=24
2026-04-10 17:54:36 [INFO] src.master_problem: RMP LP solved — obj=9310.7857, active_cols=26
2026-04-10 17:54:38 [INFO] src.master_problem: RMP LP solved — obj=9209.3125, active_cols=26
2026-04-10 17:54:41 [INFO] src.master_problem: RMP LP solved — obj=9093.6248, active_cols=26
2026-04-10 17:54:44 [INFO] src.master_problem: RMP LP solved — obj=8994.8217, active_cols=27
2026-04-10 17:54:47 [INFO] src.master_problem: RMP LP solved — obj=8942.8407, active_cols=27
2026-04-10 17:54:50 [INFO] src.master_problem: RMP LP solved — obj=8885.2710, active_cols=29
2026-04-10 17:54:53 [INFO] src.master_problem: RMP LP solved — obj=8855.6149, active_cols=31
2026-04-10 17:54:55 [INFO] src.master_problem: RMP LP solved — obj=8837.6588, active_cols=30
2026-04-10 17:54:58 [INFO] src.master_problem: RMP LP solved — obj=8821.4890, active_cols=32
2026-04-10 17:55:01 [INFO] src.master_problem: RMP LP solved — obj=8796.5340, active_cols=35
2026-04-10 17:55:05 [INFO] src.master_problem: RMP LP solved — obj=8778.1198, active_cols=34
2026-04-10 17:55:07 [INFO] src.master_problem: RMP LP solved — obj=8694.0854, active_cols=32
2026-04-10 17:55:10 [INFO] src.master_problem: RMP LP solved — obj=8667.6105, active_cols=32
2026-04-10 17:55:12 [INFO] src.master_problem: RMP LP solved — obj=8606.1270, active_cols=33
2026-04-10 17:55:15 [INFO] src.master_problem: RMP LP solved — obj=8574.9029, active_cols=34
2026-04-10 17:55:19 [INFO] src.master_problem: RMP LP solved — obj=8565.3320, active_cols=33
2026-04-10 17:55:21 [INFO] src.master_problem: RMP LP solved — obj=8543.9880, active_cols=34
2026-04-10 17:55:24 [INFO] src.master_problem: RMP LP solved — obj=8518.3724, active_cols=36
2026-04-10 17:55:26 [INFO] src.master_problem: RMP LP solved — obj=8482.1125, active_cols=35
2026-04-10 17:55:29 [INFO] src.master_problem: RMP LP solved — obj=8467.4454, active_cols=37
2026-04-10 17:55:33 [INFO] src.master_problem: RMP LP solved — obj=8463.1114, active_cols=38
2026-04-10 17:55:36 [INFO] src.master_problem: RMP LP solved — obj=8456.8113, active_cols=39
2026-04-10 17:55:38 [INFO] src.master_problem: RMP LP solved — obj=8433.7694, active_cols=38
2026-04-10 17:55:41 [INFO] src.master_problem: RMP LP solved — obj=8403.2098, active_cols=40
2026-04-10 17:55:43 [INFO] src.master_problem: RMP LP solved — obj=8377.4823, active_cols=40
2026-04-10 17:55:47 [INFO] src.master_problem: RMP LP solved — obj=8356.3142, active_cols=40
2026-04-10 17:55:50 [INFO] src.master_problem: RMP LP solved — obj=8346.8366, active_cols=41
2026-04-10 17:55:52 [INFO] src.master_problem: RMP LP solved — obj=8330.5745, active_cols=41
2026-04-10 17:55:55 [INFO] src.master_problem: RMP LP solved — obj=8301.6166, active_cols=40
2026-04-10 17:55:57 [INFO] src.master_problem: RMP LP solved — obj=8268.0834, active_cols=40
2026-04-10 17:56:01 [INFO] src.master_problem: RMP LP solved — obj=8251.6229, active_cols=41
2026-04-10 17:56:04 [INFO] src.master_problem: RMP LP solved — obj=8236.8032, active_cols=41
2026-04-10 17:56:06 [INFO] src.master_problem: RMP LP solved — obj=8225.1919, active_cols=43
2026-04-10 17:56:09 [INFO] src.master_problem: RMP LP solved — obj=8212.8415, active_cols=41
2026-04-10 17:56:12 [INFO] __main__: RLCG sample collection: 2/26 problems (7.7%)  samples=102  eta=3230.6s
2026-04-10 17:56:12 [INFO] src.master_problem: RMP LP solved — obj=4000000.0000, active_cols=0
2026-04-10 17:56:16 [INFO] src.master_problem: RMP LP solved — obj=3101320.8704, active_cols=1
2026-04-10 17:56:19 [INFO] src.master_problem: RMP LP solved — obj=2203007.2024, active_cols=2
2026-04-10 17:56:21 [INFO] src.master_problem: RMP LP solved — obj=1404420.5360, active_cols=3
2026-04-10 17:56:24 [INFO] src.master_problem: RMP LP solved — obj=606427.9731, active_cols=4
2026-04-10 17:56:27 [INFO] src.master_problem: RMP LP solved — obj=109857.0824, active_cols=5
2026-04-10 17:56:31 [INFO] src.master_problem: RMP LP solved — obj=11528.3912, active_cols=6
2026-04-10 17:56:34 [INFO] src.master_problem: RMP LP solved — obj=11528.3912, active_cols=6
2026-04-10 17:56:36 [INFO] src.master_problem: RMP LP solved — obj=11528.3912, active_cols=6
2026-04-10 17:56:39 [INFO] src.master_problem: RMP LP solved — obj=11119.7225, active_cols=9
2026-04-10 17:56:42 [INFO] src.master_problem: RMP LP solved — obj=10991.9793, active_cols=8
2026-04-10 17:56:46 [INFO] src.master_problem: RMP LP solved — obj=10620.3056, active_cols=8
2026-04-10 17:56:49 [INFO] src.master_problem: RMP LP solved — obj=10390.6781, active_cols=8
2026-04-10 17:56:51 [INFO] src.master_problem: RMP LP solved — obj=10165.5964, active_cols=12
2026-04-10 17:56:54 [INFO] src.master_problem: RMP LP solved — obj=10165.5964, active_cols=12
2026-04-10 17:56:57 [INFO] src.master_problem: RMP LP solved — obj=10165.5964, active_cols=12
2026-04-10 17:57:01 [INFO] src.master_problem: RMP LP solved — obj=10165.5964, active_cols=12
2026-04-10 17:57:03 [INFO] src.master_problem: RMP LP solved — obj=10165.5964, active_cols=12
2026-04-10 17:57:06 [INFO] src.master_problem: RMP LP solved — obj=9990.2590, active_cols=16
2026-04-10 17:57:09 [INFO] src.master_problem: RMP LP solved — obj=9930.2120, active_cols=17
2026-04-10 17:57:12 [INFO] src.master_problem: RMP LP solved — obj=9696.1943, active_cols=18
2026-04-10 17:57:16 [INFO] src.master_problem: RMP LP solved — obj=9403.0376, active_cols=16
2026-04-10 17:57:18 [INFO] src.master_problem: RMP LP solved — obj=9154.4648, active_cols=18
2026-04-10 17:57:21 [INFO] src.master_problem: RMP LP solved — obj=9060.9731, active_cols=19
2026-04-10 17:57:24 [INFO] src.master_problem: RMP LP solved — obj=8987.1627, active_cols=20
2026-04-10 17:57:27 [INFO] src.master_problem: RMP LP solved — obj=8918.4563, active_cols=21
2026-04-10 17:57:31 [INFO] src.master_problem: RMP LP solved — obj=8890.4352, active_cols=22
2026-04-10 17:57:33 [INFO] src.master_problem: RMP LP solved — obj=8857.6612, active_cols=22
2026-04-10 17:57:36 [INFO] src.master_problem: RMP LP solved — obj=8808.5247, active_cols=23
2026-04-10 17:57:39 [INFO] src.master_problem: RMP LP solved — obj=8661.2705, active_cols=23
2026-04-10 17:57:43 [INFO] src.master_problem: RMP LP solved — obj=8643.8256, active_cols=23
2026-04-10 17:57:46 [INFO] src.master_problem: RMP LP solved — obj=8623.3046, active_cols=25
2026-04-10 17:57:49 [INFO] src.master_problem: RMP LP solved — obj=8610.6752, active_cols=25
2026-04-10 17:57:51 [INFO] src.master_problem: RMP LP solved — obj=8596.0270, active_cols=27
2026-04-10 17:57:54 [INFO] src.master_problem: RMP LP solved — obj=8591.6603, active_cols=28
2026-04-10 17:57:58 [INFO] src.master_problem: RMP LP solved — obj=8584.1117, active_cols=29
2026-04-10 17:58:01 [INFO] src.master_problem: RMP LP solved — obj=8578.5590, active_cols=30
2026-04-10 17:58:04 [INFO] src.master_problem: RMP LP solved — obj=8555.4394, active_cols=29
2026-04-10 17:58:07 [INFO] src.master_problem: RMP LP solved — obj=8547.5742, active_cols=29
2026-04-10 17:58:10 [INFO] src.master_problem: RMP LP solved — obj=8482.8906, active_cols=27
2026-04-10 17:58:14 [INFO] src.master_problem: RMP LP solved — obj=8410.4121, active_cols=31
2026-04-10 17:58:16 [INFO] src.master_problem: RMP LP solved — obj=8367.4260, active_cols=29
2026-04-10 17:58:19 [INFO] src.master_problem: RMP LP solved — obj=8356.8783, active_cols=31
2026-04-10 17:58:22 [INFO] src.master_problem: RMP LP solved — obj=8305.5568, active_cols=30
2026-04-10 17:58:25 [INFO] src.master_problem: RMP LP solved — obj=8289.4907, active_cols=30
2026-04-10 17:58:29 [INFO] src.master_problem: RMP LP solved — obj=8278.3637, active_cols=33
2026-04-10 17:58:32 [INFO] src.master_problem: RMP LP solved — obj=8272.8277, active_cols=32
2026-04-10 17:58:34 [INFO] src.master_problem: RMP LP solved — obj=8266.8586, active_cols=33
2026-04-10 17:58:37 [INFO] src.master_problem: RMP LP solved — obj=8253.0657, active_cols=33
2026-04-10 17:58:41 [INFO] src.master_problem: RMP LP solved — obj=8247.1609, active_cols=32
2026-04-10 17:58:44 [INFO] src.master_problem: RMP LP solved — obj=8220.8677, active_cols=32
2026-04-10 17:58:47 [INFO] src.master_problem: RMP LP solved — obj=8179.0650, active_cols=31
2026-04-10 17:58:49 [INFO] src.master_problem: RMP LP solved — obj=8162.2778, active_cols=31
2026-04-10 17:58:52 [INFO] src.master_problem: RMP LP solved — obj=8127.7540, active_cols=31
2026-04-10 17:58:56 [INFO] src.master_problem: RMP LP solved — obj=8048.5348, active_cols=35
2026-04-10 17:58:59 [INFO] src.master_problem: RMP LP solved — obj=8026.9410, active_cols=34
2026-04-10 17:59:02 [INFO] src.master_problem: RMP LP solved — obj=8005.6145, active_cols=34
2026-04-10 17:59:04 [INFO] src.master_problem: RMP LP solved — obj=7972.3600, active_cols=35
2026-04-10 17:59:07 [INFO] src.master_problem: RMP LP solved — obj=7920.8996, active_cols=34
2026-04-10 17:59:11 [INFO] src.master_problem: RMP LP solved — obj=7907.3283, active_cols=37
2026-04-10 17:59:14 [INFO] src.master_problem: RMP LP solved — obj=7876.4887, active_cols=38
2026-04-10 17:59:17 [INFO] src.master_problem: RMP LP solved — obj=7861.5672, active_cols=38
2026-04-10 17:59:20 [INFO] src.master_problem: RMP LP solved — obj=7841.2127, active_cols=39
2026-04-10 17:59:23 [INFO] src.master_problem: RMP LP solved — obj=7826.8689, active_cols=36
2026-04-10 17:59:27 [INFO] __main__: RLCG sample collection: 3/26 problems (11.5%)  samples=166  eta=3557.2s
2026-04-10 17:59:27 [INFO] src.master_problem: RMP LP solved — obj=700000.0000, active_cols=0
2026-04-10 17:59:29 [INFO] src.master_problem: RMP LP solved — obj=1380.2138, active_cols=1
2026-04-10 17:59:31 [INFO] src.master_problem: RMP LP solved — obj=1380.2138, active_cols=1
2026-04-10 17:59:33 [INFO] src.master_problem: RMP LP solved — obj=1380.2138, active_cols=1
2026-04-10 17:59:34 [INFO] src.master_problem: RMP LP solved — obj=1380.2138, active_cols=1
2026-04-10 17:59:37 [INFO] src.master_problem: RMP LP solved — obj=1380.2138, active_cols=1
2026-04-10 17:59:39 [INFO] src.master_problem: RMP LP solved — obj=1380.2138, active_cols=1
2026-04-10 17:59:41 [INFO] src.master_problem: RMP LP solved — obj=1380.2138, active_cols=1
2026-04-10 17:59:43 [INFO] src.master_problem: RMP LP solved — obj=1380.2138, active_cols=1
2026-04-10 17:59:45 [INFO] src.master_problem: RMP LP solved — obj=1380.2138, active_cols=1
2026-04-10 17:59:47 [INFO] src.master_problem: RMP LP solved — obj=1380.2138, active_cols=1
2026-04-10 17:59:49 [INFO] src.master_problem: RMP LP solved — obj=1380.2138, active_cols=1
2026-04-10 17:59:51 [INFO] src.master_problem: RMP LP solved — obj=1380.2138, active_cols=1
2026-04-10 17:59:54 [INFO] src.master_problem: RMP LP solved — obj=1380.2138, active_cols=1
2026-04-10 17:59:56 [INFO] src.master_problem: RMP LP solved — obj=1380.2138, active_cols=1
2026-04-10 17:59:58 [INFO] src.master_problem: RMP LP solved — obj=1380.2138, active_cols=1
2026-04-10 18:00:00 [INFO] src.master_problem: RMP LP solved — obj=1380.2138, active_cols=1
2026-04-10 18:00:02 [INFO] src.master_problem: RMP LP solved — obj=1380.2138, active_cols=1
2026-04-10 18:00:04 [INFO] src.master_problem: RMP LP solved — obj=1380.2138, active_cols=1
2026-04-10 18:00:06 [INFO] src.master_problem: RMP LP solved — obj=1380.2138, active_cols=1
2026-04-10 18:00:09 [INFO] src.master_problem: RMP LP solved — obj=1380.2138, active_cols=1
2026-04-10 18:00:11 [INFO] src.master_problem: RMP LP solved — obj=1380.2138, active_cols=1
2026-04-10 18:00:13 [INFO] src.master_problem: RMP LP solved — obj=1380.2138, active_cols=1
2026-04-10 18:00:15 [INFO] src.master_problem: RMP LP solved — obj=1380.2138, active_cols=1
2026-04-10 18:00:17 [INFO] src.master_problem: RMP LP solved — obj=1380.2138, active_cols=1
2026-04-10 18:00:18 [INFO] src.master_problem: RMP LP solved — obj=1380.2138, active_cols=1
2026-04-10 18:00:21 [INFO] src.master_problem: RMP LP solved — obj=1380.2138, active_cols=1
2026-04-10 18:00:23 [INFO] src.master_problem: RMP LP solved — obj=1380.2138, active_cols=1
2026-04-10 18:00:25 [INFO] src.master_problem: RMP LP solved — obj=1380.2138, active_cols=1
2026-04-10 18:00:27 [INFO] src.master_problem: RMP LP solved — obj=1380.2138, active_cols=1
2026-04-10 18:00:29 [INFO] src.master_problem: RMP LP solved — obj=1380.2138, active_cols=1
2026-04-10 18:00:31 [INFO] src.master_problem: RMP LP solved — obj=1380.2138, active_cols=1
2026-04-10 18:00:33 [INFO] src.master_problem: RMP LP solved — obj=1380.2138, active_cols=1
2026-04-10 18:00:35 [INFO] src.master_problem: RMP LP solved — obj=1380.2138, active_cols=1
2026-04-10 18:00:38 [INFO] src.master_problem: RMP LP solved — obj=1380.2138, active_cols=1
2026-04-10 18:00:40 [INFO] src.master_problem: RMP LP solved — obj=1380.2138, active_cols=1
2026-04-10 18:00:42 [INFO] src.master_problem: RMP LP solved — obj=1380.2138, active_cols=1
2026-04-10 18:00:44 [INFO] src.master_problem: RMP LP solved — obj=1380.2138, active_cols=1
2026-04-10 18:00:45 [INFO] src.master_problem: RMP LP solved — obj=1380.2138, active_cols=1
2026-04-10 18:00:47 [INFO] src.master_problem: RMP LP solved — obj=1380.2138, active_cols=1
2026-04-10 18:00:49 [INFO] src.master_problem: RMP LP solved — obj=1380.2138, active_cols=1
2026-04-10 18:00:52 [INFO] src.master_problem: RMP LP solved — obj=1380.2138, active_cols=1
2026-04-10 18:00:54 [INFO] src.master_problem: RMP LP solved — obj=1380.2138, active_cols=1
2026-04-10 18:00:56 [INFO] src.master_problem: RMP LP solved — obj=1380.2138, active_cols=1
2026-04-10 18:00:58 [INFO] src.master_problem: RMP LP solved — obj=1380.2138, active_cols=1
2026-04-10 18:01:00 [INFO] src.master_problem: RMP LP solved — obj=1380.2138, active_cols=1
2026-04-10 18:01:02 [INFO] src.master_problem: RMP LP solved — obj=1380.2138, active_cols=1
2026-04-10 18:01:04 [INFO] src.master_problem: RMP LP solved — obj=1380.2138, active_cols=1
2026-04-10 18:01:06 [INFO] src.master_problem: RMP LP solved — obj=1380.2138, active_cols=1
2026-04-10 18:01:08 [INFO] src.master_problem: RMP LP solved — obj=1380.2138, active_cols=1
2026-04-10 18:01:10 [INFO] src.master_problem: RMP LP solved — obj=1380.2138, active_cols=1
2026-04-10 18:01:12 [INFO] src.master_problem: RMP LP solved — obj=1380.2138, active_cols=1
2026-04-10 18:01:14 [INFO] src.master_problem: RMP LP solved — obj=1380.2138, active_cols=1
2026-04-10 18:01:16 [INFO] src.master_problem: RMP LP solved — obj=1380.2138, active_cols=1
2026-04-10 18:01:18 [INFO] src.master_problem: RMP LP solved — obj=1380.2138, active_cols=1
2026-04-10 18:01:21 [INFO] src.master_problem: RMP LP solved — obj=1380.2138, active_cols=1
2026-04-10 18:01:23 [INFO] src.master_problem: RMP LP solved — obj=1380.2138, active_cols=1
2026-04-10 18:01:25 [INFO] src.master_problem: RMP LP solved — obj=1380.2138, active_cols=1
2026-04-10 18:01:27 [INFO] src.master_problem: RMP LP solved — obj=1380.2138, active_cols=1
2026-04-10 18:01:29 [INFO] src.master_problem: RMP LP solved — obj=1380.2138, active_cols=1
2026-04-10 18:01:31 [INFO] src.master_problem: RMP LP solved — obj=1380.2138, active_cols=1
2026-04-10 18:01:33 [INFO] src.master_problem: RMP LP solved — obj=1380.2138, active_cols=1
2026-04-10 18:01:35 [INFO] src.master_problem: RMP LP solved — obj=1380.2138, active_cols=1
2026-04-10 18:01:37 [INFO] src.master_problem: RMP LP solved — obj=1380.2138, active_cols=1
2026-04-10 18:01:39 [INFO] __main__: RLCG sample collection: 4/26 problems (15.4%)  samples=230  eta=3281.1s
2026-04-10 18:01:39 [INFO] src.master_problem: RMP LP solved — obj=3200000.0000, active_cols=0
2026-04-10 18:01:42 [INFO] src.master_problem: RMP LP solved — obj=2300268.6902, active_cols=1
2026-04-10 18:01:44 [INFO] src.master_problem: RMP LP solved — obj=1400607.4430, active_cols=2
2026-04-10 18:01:47 [INFO] src.master_problem: RMP LP solved — obj=501094.0429, active_cols=3
2026-04-10 18:01:50 [INFO] src.master_problem: RMP LP solved — obj=1776.0602, active_cols=4
2026-04-10 18:01:53 [INFO] src.master_problem: RMP LP solved — obj=1776.0602, active_cols=4
2026-04-10 18:01:55 [INFO] src.master_problem: RMP LP solved — obj=1776.0602, active_cols=4
2026-04-10 18:01:57 [INFO] src.master_problem: RMP LP solved — obj=1776.0602, active_cols=4
2026-04-10 18:02:00 [INFO] src.master_problem: RMP LP solved — obj=1776.0602, active_cols=4
2026-04-10 18:02:02 [INFO] src.master_problem: RMP LP solved — obj=1776.0602, active_cols=4
2026-04-10 18:02:06 [INFO] src.master_problem: RMP LP solved — obj=1776.0602, active_cols=4
2026-04-10 18:02:08 [INFO] src.master_problem: RMP LP solved — obj=1776.0602, active_cols=4
2026-04-10 18:02:10 [INFO] src.master_problem: RMP LP solved — obj=1776.0602, active_cols=4
2026-04-10 18:02:13 [INFO] src.master_problem: RMP LP solved — obj=1776.0602, active_cols=4
2026-04-10 18:02:15 [INFO] src.master_problem: RMP LP solved — obj=1776.0602, active_cols=4
2026-04-10 18:02:18 [INFO] src.master_problem: RMP LP solved — obj=1776.0602, active_cols=4
2026-04-10 18:02:21 [INFO] src.master_problem: RMP LP solved — obj=1776.0602, active_cols=4
2026-04-10 18:02:23 [INFO] src.master_problem: RMP LP solved — obj=1769.4842, active_cols=12
2026-04-10 18:02:26 [INFO] src.master_problem: RMP LP solved — obj=1730.9820, active_cols=14
2026-04-10 18:02:28 [INFO] src.master_problem: RMP LP solved — obj=1644.2299, active_cols=11
2026-04-10 18:02:31 [INFO] src.master_problem: RMP LP solved — obj=1632.2168, active_cols=14
2026-04-10 18:02:34 [INFO] src.master_problem: RMP LP solved — obj=1616.9268, active_cols=13
2026-04-10 18:02:36 [INFO] src.master_problem: RMP LP solved — obj=1604.3573, active_cols=17
2026-04-10 18:02:38 [INFO] src.master_problem: RMP LP solved — obj=1589.4598, active_cols=17
2026-04-10 18:02:40 [INFO] src.master_problem: RMP LP solved — obj=1586.7703, active_cols=19
2026-04-10 18:02:43 [INFO] src.master_problem: RMP LP solved — obj=1582.6159, active_cols=19
2026-04-10 18:02:46 [INFO] src.master_problem: RMP LP solved — obj=1575.4777, active_cols=21
2026-04-10 18:02:49 [INFO] src.master_problem: RMP LP solved — obj=1565.4341, active_cols=22
2026-04-10 18:02:51 [INFO] src.master_problem: RMP LP solved — obj=1559.6253, active_cols=22
2026-04-10 18:02:53 [INFO] src.master_problem: RMP LP solved — obj=1555.7451, active_cols=23
2026-04-10 18:02:55 [INFO] src.master_problem: RMP LP solved — obj=1551.8862, active_cols=23
2026-04-10 18:02:58 [INFO] src.master_problem: RMP LP solved — obj=1541.8376, active_cols=24
2026-04-10 18:03:00 [INFO] src.master_problem: RMP LP solved — obj=1532.9877, active_cols=24
2026-04-10 18:03:03 [INFO] src.master_problem: RMP LP solved — obj=1527.8788, active_cols=26
2026-04-10 18:03:06 [INFO] src.master_problem: RMP LP solved — obj=1513.5002, active_cols=28
2026-04-10 18:03:08 [INFO] src.master_problem: RMP LP solved — obj=1475.8406, active_cols=25
2026-04-10 18:03:10 [INFO] src.master_problem: RMP LP solved — obj=1467.4648, active_cols=23
2026-04-10 18:03:12 [INFO] src.master_problem: RMP LP solved — obj=1441.3328, active_cols=23
2026-04-10 18:03:15 [INFO] src.master_problem: RMP LP solved — obj=1426.5968, active_cols=22
2026-04-10 18:03:18 [INFO] src.master_problem: RMP LP solved — obj=1408.9219, active_cols=15
2026-04-10 18:03:20 [INFO] src.master_problem: RMP LP solved — obj=1396.2968, active_cols=19
2026-04-10 18:03:23 [INFO] src.master_problem: RMP LP solved — obj=1384.8029, active_cols=21
2026-04-10 18:03:25 [INFO] src.master_problem: RMP LP solved — obj=1379.7253, active_cols=22
2026-04-10 18:03:27 [INFO] src.master_problem: RMP LP solved — obj=1378.6778, active_cols=21
2026-04-10 18:03:30 [INFO] src.master_problem: RMP LP solved — obj=1378.4536, active_cols=23
2026-04-10 18:03:33 [INFO] src.master_problem: RMP LP solved — obj=1375.9930, active_cols=22
2026-04-10 18:03:35 [INFO] src.master_problem: RMP LP solved — obj=1369.6059, active_cols=22
2026-04-10 18:03:37 [INFO] src.master_problem: RMP LP solved — obj=1363.8984, active_cols=26
2026-04-10 18:03:39 [INFO] src.master_problem: RMP LP solved — obj=1362.3663, active_cols=24
2026-04-10 18:03:42 [INFO] src.master_problem: RMP LP solved — obj=1360.8362, active_cols=23
2026-04-10 18:03:44 [INFO] src.master_problem: RMP LP solved — obj=1360.6485, active_cols=24
2026-04-10 18:03:47 [INFO] src.master_problem: RMP LP solved — obj=1357.6035, active_cols=25
2026-04-10 18:03:49 [INFO] src.master_problem: RMP LP solved — obj=1356.4594, active_cols=25
2026-04-10 18:03:51 [INFO] src.master_problem: RMP LP solved — obj=1354.1559, active_cols=25
2026-04-10 18:03:54 [INFO] src.master_problem: RMP LP solved — obj=1351.4231, active_cols=26
2026-04-10 18:03:56 [INFO] src.master_problem: RMP LP solved — obj=1351.4172, active_cols=27
2026-04-10 18:03:59 [INFO] src.master_problem: RMP LP solved — obj=1348.1755, active_cols=26
2026-04-10 18:04:01 [INFO] src.master_problem: RMP LP solved — obj=1348.1755, active_cols=26
2026-04-10 18:04:03 [INFO] src.master_problem: RMP LP solved — obj=1347.8741, active_cols=28
2026-04-10 18:04:06 [INFO] src.master_problem: RMP LP solved — obj=1347.2673, active_cols=28
2026-04-10 18:04:08 [INFO] src.master_problem: RMP LP solved — obj=1345.7396, active_cols=28
2026-04-10 18:04:10 [INFO] src.master_problem: RMP LP solved — obj=1345.1949, active_cols=27
2026-04-10 18:04:13 [INFO] src.master_problem: RMP LP solved — obj=1342.9588, active_cols=29
2026-04-10 18:04:16 [INFO] __main__: RLCG sample collection: 5/26 problems (19.2%)  samples=292  eta=3163.8s
2026-04-10 18:04:16 [INFO] src.master_problem: RMP LP solved — obj=3800000.0000, active_cols=0
2026-04-10 18:04:19 [INFO] src.master_problem: RMP LP solved — obj=2900427.3307, active_cols=1
2026-04-10 18:04:22 [INFO] src.master_problem: RMP LP solved — obj=2000866.0928, active_cols=2
2026-04-10 18:04:24 [INFO] src.master_problem: RMP LP solved — obj=1201658.4867, active_cols=3
2026-04-10 18:04:28 [INFO] src.master_problem: RMP LP solved — obj=502733.8324, active_cols=4
2026-04-10 18:04:31 [INFO] src.master_problem: RMP LP solved — obj=4221.6112, active_cols=5
2026-04-10 18:04:34 [INFO] src.master_problem: RMP LP solved — obj=4221.6112, active_cols=5
2026-04-10 18:04:36 [INFO] src.master_problem: RMP LP solved — obj=4221.6112, active_cols=5
2026-04-10 18:04:39 [INFO] src.master_problem: RMP LP solved — obj=4221.6112, active_cols=5
2026-04-10 18:04:43 [INFO] src.master_problem: RMP LP solved — obj=4221.6112, active_cols=5
2026-04-10 18:04:46 [INFO] src.master_problem: RMP LP solved — obj=4221.6112, active_cols=5
2026-04-10 18:04:49 [INFO] src.master_problem: RMP LP solved — obj=4221.6112, active_cols=5
2026-04-10 18:04:51 [INFO] src.master_problem: RMP LP solved — obj=4221.6112, active_cols=5
2026-04-10 18:04:54 [INFO] src.master_problem: RMP LP solved — obj=4221.6112, active_cols=5
2026-04-10 18:04:58 [INFO] src.master_problem: RMP LP solved — obj=4221.6112, active_cols=5
2026-04-10 18:05:01 [INFO] src.master_problem: RMP LP solved — obj=4221.6112, active_cols=5
2026-04-10 18:05:04 [INFO] src.master_problem: RMP LP solved — obj=4053.7374, active_cols=8
2026-04-10 18:05:06 [INFO] src.master_problem: RMP LP solved — obj=4053.7374, active_cols=8
2026-04-10 18:05:09 [INFO] src.master_problem: RMP LP solved — obj=4053.7374, active_cols=8
2026-04-10 18:05:13 [INFO] src.master_problem: RMP LP solved — obj=4016.8117, active_cols=16
2026-04-10 18:05:16 [INFO] src.master_problem: RMP LP solved — obj=3943.5021, active_cols=18
2026-04-10 18:05:19 [INFO] src.master_problem: RMP LP solved — obj=3933.6618, active_cols=19
2026-04-10 18:05:21 [INFO] src.master_problem: RMP LP solved — obj=3899.1988, active_cols=20
2026-04-10 18:05:24 [INFO] src.master_problem: RMP LP solved — obj=3845.5942, active_cols=19
2026-04-10 18:05:28 [INFO] src.master_problem: RMP LP solved — obj=3806.2582, active_cols=19
2026-04-10 18:05:31 [INFO] src.master_problem: RMP LP solved — obj=3774.3623, active_cols=21
2026-04-10 18:05:33 [INFO] src.master_problem: RMP LP solved — obj=3751.1570, active_cols=23
2026-04-10 18:05:36 [INFO] src.master_problem: RMP LP solved — obj=3706.3763, active_cols=22
2026-04-10 18:05:39 [INFO] src.master_problem: RMP LP solved — obj=3687.0977, active_cols=22
2026-04-10 18:05:43 [INFO] src.master_problem: RMP LP solved — obj=3635.0026, active_cols=21
2026-04-10 18:05:46 [INFO] src.master_problem: RMP LP solved — obj=3623.9050, active_cols=23
2026-04-10 18:05:48 [INFO] src.master_problem: RMP LP solved — obj=3588.3462, active_cols=21
2026-04-10 18:05:51 [INFO] src.master_problem: RMP LP solved — obj=3546.0729, active_cols=22
2026-04-10 18:05:54 [INFO] src.master_problem: RMP LP solved — obj=3513.6177, active_cols=22
2026-04-10 18:05:58 [INFO] src.master_problem: RMP LP solved — obj=3481.2419, active_cols=23
2026-04-10 18:06:01 [INFO] src.master_problem: RMP LP solved — obj=3465.5033, active_cols=25
2026-04-10 18:06:03 [INFO] src.master_problem: RMP LP solved — obj=3453.7240, active_cols=25
2026-04-10 18:06:06 [INFO] src.master_problem: RMP LP solved — obj=3449.6437, active_cols=24
2026-04-10 18:06:10 [INFO] src.master_problem: RMP LP solved — obj=3442.7824, active_cols=26
2026-04-10 18:06:13 [INFO] src.master_problem: RMP LP solved — obj=3428.1332, active_cols=25
2026-04-10 18:06:16 [INFO] src.master_problem: RMP LP solved — obj=3410.5064, active_cols=27
2026-04-10 18:06:19 [INFO] src.master_problem: RMP LP solved — obj=3398.0109, active_cols=26
2026-04-10 18:06:21 [INFO] src.master_problem: RMP LP solved — obj=3384.2887, active_cols=26
2026-04-10 18:06:25 [INFO] src.master_problem: RMP LP solved — obj=3380.5744, active_cols=29
2026-04-10 18:06:28 [INFO] src.master_problem: RMP LP solved — obj=3364.1563, active_cols=28
2026-04-10 18:06:31 [INFO] src.master_problem: RMP LP solved — obj=3266.1513, active_cols=22
2026-04-10 18:06:33 [INFO] src.master_problem: RMP LP solved — obj=3233.8152, active_cols=25
2026-04-10 18:06:36 [INFO] src.master_problem: RMP LP solved — obj=3222.2538, active_cols=23
2026-04-10 18:06:40 [INFO] src.master_problem: RMP LP solved — obj=3221.8617, active_cols=26
2026-04-10 18:06:43 [INFO] src.master_problem: RMP LP solved — obj=3217.3122, active_cols=26
2026-04-10 18:06:46 [INFO] src.master_problem: RMP LP solved — obj=3211.0047, active_cols=24
2026-04-10 18:06:49 [INFO] src.master_problem: RMP LP solved — obj=3200.3275, active_cols=23
2026-04-10 18:06:51 [INFO] src.master_problem: RMP LP solved — obj=3191.2834, active_cols=25
2026-04-10 18:06:55 [INFO] src.master_problem: RMP LP solved — obj=3178.7610, active_cols=27
2026-04-10 18:06:58 [INFO] src.master_problem: RMP LP solved — obj=3166.6105, active_cols=29
2026-04-10 18:07:00 [INFO] src.master_problem: RMP LP solved — obj=3155.7210, active_cols=27
2026-04-10 18:07:03 [INFO] src.master_problem: RMP LP solved — obj=3153.7183, active_cols=28
2026-04-10 18:07:06 [INFO] src.master_problem: RMP LP solved — obj=3152.5859, active_cols=28
2026-04-10 18:07:10 [INFO] src.master_problem: RMP LP solved — obj=3150.8730, active_cols=30
2026-04-10 18:07:12 [INFO] src.master_problem: RMP LP solved — obj=3149.3029, active_cols=28
2026-04-10 18:07:15 [INFO] src.master_problem: RMP LP solved — obj=3144.2077, active_cols=28
2026-04-10 18:07:18 [INFO] src.master_problem: RMP LP solved — obj=3144.2077, active_cols=28
2026-04-10 18:07:21 [INFO] src.master_problem: RMP LP solved — obj=3142.9892, active_cols=29
2026-04-10 18:07:24 [INFO] src.master_problem: RMP LP solved — obj=3139.0617, active_cols=30
2026-04-10 18:07:27 [INFO] __main__: RLCG sample collection: 6/26 problems (23.1%)  samples=356  eta=3148.5s
2026-04-10 18:07:27 [INFO] src.master_problem: RMP LP solved — obj=300000.0000, active_cols=0
2026-04-10 18:07:29 [INFO] src.master_problem: RMP LP solved — obj=789.7005, active_cols=1
2026-04-10 18:07:31 [INFO] src.master_problem: RMP LP solved — obj=789.7005, active_cols=1
2026-04-10 18:07:33 [INFO] src.master_problem: RMP LP solved — obj=789.7005, active_cols=1
2026-04-10 18:07:35 [INFO] src.master_problem: RMP LP solved — obj=789.7005, active_cols=1
2026-04-10 18:07:38 [INFO] src.master_problem: RMP LP solved — obj=789.7005, active_cols=1
2026-04-10 18:07:40 [INFO] src.master_problem: RMP LP solved — obj=789.7005, active_cols=1
2026-04-10 18:07:42 [INFO] src.master_problem: RMP LP solved — obj=789.7005, active_cols=1
2026-04-10 18:07:44 [INFO] src.master_problem: RMP LP solved — obj=789.7005, active_cols=1
2026-04-10 18:07:45 [INFO] src.master_problem: RMP LP solved — obj=789.7005, active_cols=1
2026-04-10 18:07:47 [INFO] src.master_problem: RMP LP solved — obj=789.7005, active_cols=1
2026-04-10 18:07:50 [INFO] src.master_problem: RMP LP solved — obj=789.7005, active_cols=1
2026-04-10 18:07:52 [INFO] src.master_problem: RMP LP solved — obj=789.7005, active_cols=1
2026-04-10 18:07:54 [INFO] src.master_problem: RMP LP solved — obj=789.7005, active_cols=1
2026-04-10 18:07:56 [INFO] src.master_problem: RMP LP solved — obj=789.7005, active_cols=1
2026-04-10 18:07:58 [INFO] src.master_problem: RMP LP solved — obj=789.7005, active_cols=1
2026-04-10 18:08:00 [INFO] src.master_problem: RMP LP solved — obj=789.7005, active_cols=1
2026-04-10 18:08:02 [INFO] src.master_problem: RMP LP solved — obj=789.7005, active_cols=1
2026-04-10 18:08:04 [INFO] src.master_problem: RMP LP solved — obj=789.7005, active_cols=1
2026-04-10 18:08:06 [INFO] src.master_problem: RMP LP solved — obj=789.7005, active_cols=1
2026-04-10 18:08:09 [INFO] src.master_problem: RMP LP solved — obj=789.7005, active_cols=1
2026-04-10 18:08:10 [INFO] src.master_problem: RMP LP solved — obj=789.7005, active_cols=1
2026-04-10 18:08:12 [INFO] src.master_problem: RMP LP solved — obj=789.7005, active_cols=1
2026-04-10 18:08:14 [INFO] src.master_problem: RMP LP solved — obj=789.7005, active_cols=1
2026-04-10 18:08:16 [INFO] src.master_problem: RMP LP solved — obj=789.7005, active_cols=1
2026-04-10 18:08:19 [INFO] src.master_problem: RMP LP solved — obj=789.7005, active_cols=1
2026-04-10 18:08:21 [INFO] src.master_problem: RMP LP solved — obj=789.7005, active_cols=1
2026-04-10 18:08:23 [INFO] src.master_problem: RMP LP solved — obj=789.7005, active_cols=1
2026-04-10 18:08:25 [INFO] src.master_problem: RMP LP solved — obj=789.7005, active_cols=1
2026-04-10 18:08:27 [INFO] src.master_problem: RMP LP solved — obj=789.7005, active_cols=1
2026-04-10 18:08:29 [INFO] src.master_problem: RMP LP solved — obj=789.7005, active_cols=1
2026-04-10 18:08:31 [INFO] src.master_problem: RMP LP solved — obj=789.7005, active_cols=1
2026-04-10 18:08:33 [INFO] src.master_problem: RMP LP solved — obj=789.7005, active_cols=1
2026-04-10 18:08:36 [INFO] src.master_problem: RMP LP solved — obj=789.7005, active_cols=1
2026-04-10 18:08:38 [INFO] src.master_problem: RMP LP solved — obj=789.7005, active_cols=1
2026-04-10 18:08:40 [INFO] src.master_problem: RMP LP solved — obj=789.7005, active_cols=1
2026-04-10 18:08:41 [INFO] src.master_problem: RMP LP solved — obj=789.7005, active_cols=1
2026-04-10 18:08:44 [INFO] src.master_problem: RMP LP solved — obj=789.7005, active_cols=1
2026-04-10 18:08:46 [INFO] src.master_problem: RMP LP solved — obj=789.7005, active_cols=1
2026-04-10 18:08:48 [INFO] src.master_problem: RMP LP solved — obj=789.7005, active_cols=1
2026-04-10 18:08:51 [INFO] src.master_problem: RMP LP solved — obj=789.7005, active_cols=1
2026-04-10 18:08:53 [INFO] src.master_problem: RMP LP solved — obj=789.7005, active_cols=1
2026-04-10 18:08:55 [INFO] src.master_problem: RMP LP solved — obj=789.7005, active_cols=1
2026-04-10 18:08:56 [INFO] src.master_problem: RMP LP solved — obj=789.7005, active_cols=1
2026-04-10 18:08:58 [INFO] src.master_problem: RMP LP solved — obj=789.7005, active_cols=1
2026-04-10 18:09:00 [INFO] src.master_problem: RMP LP solved — obj=789.7005, active_cols=1
2026-04-10 18:09:03 [INFO] src.master_problem: RMP LP solved — obj=789.7005, active_cols=1
2026-04-10 18:09:05 [INFO] src.master_problem: RMP LP solved — obj=789.7005, active_cols=1
2026-04-10 18:09:07 [INFO] src.master_problem: RMP LP solved — obj=789.7005, active_cols=1
2026-04-10 18:09:09 [INFO] src.master_problem: RMP LP solved — obj=789.7005, active_cols=1
2026-04-10 18:09:11 [INFO] src.master_problem: RMP LP solved — obj=789.7005, active_cols=1
2026-04-10 18:09:13 [INFO] src.master_problem: RMP LP solved — obj=789.7005, active_cols=1
2026-04-10 18:09:15 [INFO] src.master_problem: RMP LP solved — obj=789.7005, active_cols=1
2026-04-10 18:09:17 [INFO] src.master_problem: RMP LP solved — obj=789.7005, active_cols=1
2026-04-10 18:09:20 [INFO] src.master_problem: RMP LP solved — obj=789.7005, active_cols=1
2026-04-10 18:09:22 [INFO] src.master_problem: RMP LP solved — obj=789.7005, active_cols=1
2026-04-10 18:09:24 [INFO] src.master_problem: RMP LP solved — obj=789.7005, active_cols=1
2026-04-10 18:09:26 [INFO] src.master_problem: RMP LP solved — obj=789.7005, active_cols=1
2026-04-10 18:09:28 [INFO] src.master_problem: RMP LP solved — obj=789.7005, active_cols=1
2026-04-10 18:09:29 [INFO] src.master_problem: RMP LP solved — obj=789.7005, active_cols=1
2026-04-10 18:09:32 [INFO] src.master_problem: RMP LP solved — obj=789.7005, active_cols=1
2026-04-10 18:09:34 [INFO] src.master_problem: RMP LP solved — obj=789.7005, active_cols=1
2026-04-10 18:09:36 [INFO] src.master_problem: RMP LP solved — obj=789.7005, active_cols=1
2026-04-10 18:09:38 [INFO] src.master_problem: RMP LP solved — obj=789.7005, active_cols=1
2026-04-10 18:09:40 [INFO] __main__: RLCG sample collection: 7/26 problems (26.9%)  samples=420  eta=2924.9s
2026-04-10 18:09:40 [INFO] src.master_problem: RMP LP solved — obj=14100000.0000, active_cols=0
2026-04-10 18:09:44 [INFO] src.master_problem: RMP LP solved — obj=12401055.0673, active_cols=1
2026-04-10 18:09:49 [INFO] src.master_problem: RMP LP solved — obj=10802170.1620, active_cols=2
2026-04-10 18:09:53 [INFO] src.master_problem: RMP LP solved — obj=9203537.7090, active_cols=3
2026-04-10 18:09:57 [INFO] src.master_problem: RMP LP solved — obj=7805890.5537, active_cols=4
2026-04-10 18:10:01 [INFO] src.master_problem: RMP LP solved — obj=6606753.8956, active_cols=5
2026-04-10 18:10:06 [INFO] src.master_problem: RMP LP solved — obj=5408030.1071, active_cols=6
2026-04-10 18:10:09 [INFO] src.master_problem: RMP LP solved — obj=4109324.4353, active_cols=7
2026-04-10 18:10:13 [INFO] src.master_problem: RMP LP solved — obj=3011857.8047, active_cols=8
2026-04-10 18:10:18 [INFO] src.master_problem: RMP LP solved — obj=2214106.9574, active_cols=9
2026-04-10 18:10:22 [INFO] src.master_problem: RMP LP solved — obj=1614926.4921, active_cols=10
2026-04-10 18:10:26 [INFO] src.master_problem: RMP LP solved — obj=816847.7882, active_cols=11
2026-04-10 18:10:30 [INFO] src.master_problem: RMP LP solved — obj=419221.4672, active_cols=12
2026-04-10 18:10:34 [INFO] src.master_problem: RMP LP solved — obj=122062.9640, active_cols=13
2026-04-10 18:10:38 [INFO] src.master_problem: RMP LP solved — obj=24019.0614, active_cols=14
2026-04-10 18:10:42 [INFO] src.master_problem: RMP LP solved — obj=23549.9808, active_cols=14
2026-04-10 18:10:46 [INFO] src.master_problem: RMP LP solved — obj=23549.9808, active_cols=14
2026-04-10 18:10:50 [INFO] src.master_problem: RMP LP solved — obj=23549.9808, active_cols=14
2026-04-10 18:10:54 [INFO] src.master_problem: RMP LP solved — obj=23549.9808, active_cols=14
2026-04-10 18:10:57 [INFO] src.master_problem: RMP LP solved — obj=23549.9808, active_cols=14
2026-04-10 18:11:02 [INFO] src.master_problem: RMP LP solved — obj=23549.9808, active_cols=14
2026-04-10 18:11:06 [INFO] src.master_problem: RMP LP solved — obj=23549.9808, active_cols=14
2026-04-10 18:11:09 [INFO] src.master_problem: RMP LP solved — obj=23244.8558, active_cols=14
2026-04-10 18:11:13 [INFO] src.master_problem: RMP LP solved — obj=23244.8558, active_cols=14
2026-04-10 18:11:18 [INFO] src.master_problem: RMP LP solved — obj=23244.8558, active_cols=14
2026-04-10 18:11:22 [INFO] src.master_problem: RMP LP solved — obj=23244.8558, active_cols=14
2026-04-10 18:11:25 [INFO] src.master_problem: RMP LP solved — obj=23244.8558, active_cols=14
2026-04-10 18:11:30 [INFO] src.master_problem: RMP LP solved — obj=23244.8558, active_cols=14
2026-04-10 18:11:34 [INFO] src.master_problem: RMP LP solved — obj=22765.6138, active_cols=17
2026-04-10 18:11:37 [INFO] src.master_problem: RMP LP solved — obj=22765.6138, active_cols=17
2026-04-10 18:11:41 [INFO] src.master_problem: RMP LP solved — obj=22701.6088, active_cols=20
2026-04-10 18:11:46 [INFO] src.master_problem: RMP LP solved — obj=22701.6088, active_cols=20
2026-04-10 18:11:50 [INFO] src.master_problem: RMP LP solved — obj=22617.6052, active_cols=20
2026-04-10 18:11:53 [INFO] src.master_problem: RMP LP solved — obj=22617.6052, active_cols=20
2026-04-10 18:11:57 [INFO] src.master_problem: RMP LP solved — obj=22617.6052, active_cols=20
2026-04-10 18:12:02 [INFO] src.master_problem: RMP LP solved — obj=22447.0974, active_cols=26
2026-04-10 18:12:05 [INFO] src.master_problem: RMP LP solved — obj=22387.5332, active_cols=24
2026-04-10 18:12:09 [INFO] src.master_problem: RMP LP solved — obj=22387.5332, active_cols=24
2026-04-10 18:12:14 [INFO] src.master_problem: RMP LP solved — obj=22387.5332, active_cols=24
2026-04-10 18:12:17 [INFO] src.master_problem: RMP LP solved — obj=22387.5332, active_cols=24
2026-04-10 18:12:21 [INFO] src.master_problem: RMP LP solved — obj=22373.6794, active_cols=27
2026-04-10 18:12:25 [INFO] src.master_problem: RMP LP solved — obj=22190.2203, active_cols=25
2026-04-10 18:12:29 [INFO] src.master_problem: RMP LP solved — obj=22190.2203, active_cols=25
2026-04-10 18:12:33 [INFO] src.master_problem: RMP LP solved — obj=22158.3572, active_cols=29
2026-04-10 18:12:37 [INFO] src.master_problem: RMP LP solved — obj=22120.8414, active_cols=30
2026-04-10 18:12:40 [INFO] src.master_problem: RMP LP solved — obj=22087.4486, active_cols=36
2026-04-10 18:12:45 [INFO] src.master_problem: RMP LP solved — obj=21938.0533, active_cols=34
2026-04-10 18:12:49 [INFO] src.master_problem: RMP LP solved — obj=21881.0781, active_cols=32
2026-04-10 18:12:52 [INFO] src.master_problem: RMP LP solved — obj=21796.7191, active_cols=35
2026-04-10 18:12:56 [INFO] src.master_problem: RMP LP solved — obj=21778.4119, active_cols=39
2026-04-10 18:13:00 [INFO] src.master_problem: RMP LP solved — obj=21777.0951, active_cols=40
2026-04-10 18:13:04 [INFO] src.master_problem: RMP LP solved — obj=21720.1340, active_cols=41
2026-04-10 18:13:08 [INFO] src.master_problem: RMP LP solved — obj=21683.5772, active_cols=43
2026-04-10 18:13:12 [INFO] src.master_problem: RMP LP solved — obj=21576.0091, active_cols=43
2026-04-10 18:13:16 [INFO] src.master_problem: RMP LP solved — obj=21523.2184, active_cols=45
2026-04-10 18:13:20 [INFO] src.master_problem: RMP LP solved — obj=21433.6590, active_cols=46
2026-04-10 18:13:24 [INFO] src.master_problem: RMP LP solved — obj=21263.7657, active_cols=46
2026-04-10 18:13:29 [INFO] src.master_problem: RMP LP solved — obj=21240.7593, active_cols=47
2026-04-10 18:13:32 [INFO] src.master_problem: RMP LP solved — obj=21207.4075, active_cols=48
2026-04-10 18:13:36 [INFO] src.master_problem: RMP LP solved — obj=21032.4158, active_cols=47
2026-04-10 18:13:40 [INFO] src.master_problem: RMP LP solved — obj=21003.7594, active_cols=47
2026-04-10 18:13:44 [INFO] src.master_problem: RMP LP solved — obj=20937.3705, active_cols=48
2026-04-10 18:13:48 [INFO] src.master_problem: RMP LP solved — obj=20791.2247, active_cols=46
2026-04-10 18:13:52 [INFO] src.master_problem: RMP LP solved — obj=20717.1571, active_cols=50
2026-04-10 18:13:56 [INFO] __main__: RLCG sample collection: 8/26 problems (30.8%)  samples=484  eta=3000.6s
2026-04-10 18:13:56 [INFO] src.master_problem: RMP LP solved — obj=2600000.0000, active_cols=0
2026-04-10 18:13:59 [INFO] src.master_problem: RMP LP solved — obj=1101697.2534, active_cols=1
2026-04-10 18:14:02 [INFO] src.master_problem: RMP LP solved — obj=305331.5249, active_cols=2
2026-04-10 18:14:05 [INFO] src.master_problem: RMP LP solved — obj=9073.0387, active_cols=3
2026-04-10 18:14:08 [INFO] src.master_problem: RMP LP solved — obj=9073.0387, active_cols=3
2026-04-10 18:14:11 [INFO] src.master_problem: RMP LP solved — obj=9073.0387, active_cols=3
2026-04-10 18:14:14 [INFO] src.master_problem: RMP LP solved — obj=9073.0387, active_cols=3
2026-04-10 18:14:16 [INFO] src.master_problem: RMP LP solved — obj=9073.0387, active_cols=3
2026-04-10 18:14:19 [INFO] src.master_problem: RMP LP solved — obj=9073.0387, active_cols=3
2026-04-10 18:14:22 [INFO] src.master_problem: RMP LP solved — obj=9047.9380, active_cols=9
2026-04-10 18:14:25 [INFO] src.master_problem: RMP LP solved — obj=8550.2763, active_cols=9
2026-04-10 18:14:28 [INFO] src.master_problem: RMP LP solved — obj=8379.2609, active_cols=8
2026-04-10 18:14:31 [INFO] src.master_problem: RMP LP solved — obj=8056.9497, active_cols=8
2026-04-10 18:14:34 [INFO] src.master_problem: RMP LP solved — obj=7577.6081, active_cols=9
2026-04-10 18:14:36 [INFO] src.master_problem: RMP LP solved — obj=6706.3027, active_cols=3
2026-04-10 18:14:40 [INFO] src.master_problem: RMP LP solved — obj=6706.3027, active_cols=3
2026-04-10 18:14:43 [INFO] src.master_problem: RMP LP solved — obj=6706.3027, active_cols=3
2026-04-10 18:14:46 [INFO] src.master_problem: RMP LP solved — obj=6487.9732, active_cols=11
2026-04-10 18:14:48 [INFO] src.master_problem: RMP LP solved — obj=6351.0684, active_cols=10
2026-04-10 18:14:51 [INFO] src.master_problem: RMP LP solved — obj=6235.5235, active_cols=13
2026-04-10 18:14:55 [INFO] src.master_problem: RMP LP solved — obj=6123.3112, active_cols=12
2026-04-10 18:14:58 [INFO] src.master_problem: RMP LP solved — obj=6074.3221, active_cols=14
2026-04-10 18:15:00 [INFO] src.master_problem: RMP LP solved — obj=6041.1919, active_cols=16
2026-04-10 18:15:03 [INFO] src.master_problem: RMP LP solved — obj=6001.0888, active_cols=16
2026-04-10 18:15:06 [INFO] src.master_problem: RMP LP solved — obj=5937.3568, active_cols=15
2026-04-10 18:15:09 [INFO] src.master_problem: RMP LP solved — obj=5866.1809, active_cols=13
2026-04-10 18:15:12 [INFO] src.master_problem: RMP LP solved — obj=5840.4614, active_cols=14
2026-04-10 18:15:15 [INFO] src.master_problem: RMP LP solved — obj=5821.1224, active_cols=14
2026-04-10 18:15:18 [INFO] src.master_problem: RMP LP solved — obj=5773.0378, active_cols=17
2026-04-10 18:15:20 [INFO] src.master_problem: RMP LP solved — obj=5653.0597, active_cols=15
2026-04-10 18:15:24 [INFO] src.master_problem: RMP LP solved — obj=5606.9734, active_cols=16
2026-04-10 18:15:27 [INFO] src.master_problem: RMP LP solved — obj=5478.5531, active_cols=13
2026-04-10 18:15:29 [INFO] src.master_problem: RMP LP solved — obj=5437.8549, active_cols=14
2026-04-10 18:15:32 [INFO] src.master_problem: RMP LP solved — obj=5437.8549, active_cols=14
2026-04-10 18:15:35 [INFO] src.master_problem: RMP LP solved — obj=5425.7360, active_cols=17
2026-04-10 18:15:38 [INFO] src.master_problem: RMP LP solved — obj=5386.7488, active_cols=15
2026-04-10 18:15:41 [INFO] src.master_problem: RMP LP solved — obj=5372.9978, active_cols=18
2026-04-10 18:15:44 [INFO] src.master_problem: RMP LP solved — obj=5353.8616, active_cols=19
2026-04-10 18:15:46 [INFO] src.master_problem: RMP LP solved — obj=5335.8325, active_cols=19
2026-04-10 18:15:49 [INFO] src.master_problem: RMP LP solved — obj=5335.8325, active_cols=19
2026-04-10 18:15:52 [INFO] src.master_problem: RMP LP solved — obj=5330.8663, active_cols=18
2026-04-10 18:15:55 [INFO] src.master_problem: RMP LP solved — obj=5253.4269, active_cols=18
2026-04-10 18:15:58 [INFO] src.master_problem: RMP LP solved — obj=5169.9811, active_cols=21
2026-04-10 18:16:01 [INFO] src.master_problem: RMP LP solved — obj=5128.5757, active_cols=20
2026-04-10 18:16:03 [INFO] src.master_problem: RMP LP solved — obj=5105.2984, active_cols=18
2026-04-10 18:16:07 [INFO] src.master_problem: RMP LP solved — obj=5028.7555, active_cols=18
2026-04-10 18:16:10 [INFO] src.master_problem: RMP LP solved — obj=4941.2432, active_cols=16
2026-04-10 18:16:13 [INFO] src.master_problem: RMP LP solved — obj=4902.9291, active_cols=15
2026-04-10 18:16:15 [INFO] src.master_problem: RMP LP solved — obj=4861.1855, active_cols=16
2026-04-10 18:16:18 [INFO] src.master_problem: RMP LP solved — obj=4861.1855, active_cols=16
2026-04-10 18:16:21 [INFO] src.master_problem: RMP LP solved — obj=4858.5081, active_cols=17
2026-04-10 18:16:24 [INFO] src.master_problem: RMP LP solved — obj=4858.5081, active_cols=17
2026-04-10 18:16:27 [INFO] src.master_problem: RMP LP solved — obj=4846.2361, active_cols=17
2026-04-10 18:16:29 [INFO] src.master_problem: RMP LP solved — obj=4808.1615, active_cols=14
2026-04-10 18:16:32 [INFO] src.master_problem: RMP LP solved — obj=4795.7107, active_cols=17
2026-04-10 18:16:35 [INFO] src.master_problem: RMP LP solved — obj=4790.8498, active_cols=16
2026-04-10 18:16:38 [INFO] src.master_problem: RMP LP solved — obj=4772.7071, active_cols=14
2026-04-10 18:16:41 [INFO] src.master_problem: RMP LP solved — obj=4772.7071, active_cols=14
2026-04-10 18:16:43 [INFO] src.master_problem: RMP LP solved — obj=4772.7071, active_cols=14
2026-04-10 18:16:46 [INFO] src.master_problem: RMP LP solved — obj=4771.9056, active_cols=15
2026-04-10 18:16:49 [INFO] src.master_problem: RMP LP solved — obj=4771.9056, active_cols=15
2026-04-10 18:16:52 [INFO] src.master_problem: RMP LP solved — obj=4764.6945, active_cols=15
2026-04-10 18:16:55 [INFO] src.master_problem: RMP LP solved — obj=4764.6280, active_cols=17
2026-04-10 18:16:57 [INFO] src.master_problem: RMP LP solved — obj=4762.6792, active_cols=16
2026-04-10 18:17:00 [INFO] __main__: RLCG sample collection: 9/26 problems (34.6%)  samples=548  eta=2866.2s
2026-04-10 18:17:00 [INFO] src.master_problem: RMP LP solved — obj=2200000.0000, active_cols=0
2026-04-10 18:17:03 [INFO] src.master_problem: RMP LP solved — obj=602330.4649, active_cols=1
2026-04-10 18:17:07 [INFO] src.master_problem: RMP LP solved — obj=103878.4875, active_cols=2
2026-04-10 18:17:09 [INFO] src.master_problem: RMP LP solved — obj=5494.9591, active_cols=3
2026-04-10 18:17:11 [INFO] src.master_problem: RMP LP solved — obj=5494.9591, active_cols=3
2026-04-10 18:17:14 [INFO] src.master_problem: RMP LP solved — obj=4920.8629, active_cols=5
2026-04-10 18:17:16 [INFO] src.master_problem: RMP LP solved — obj=4754.1695, active_cols=4
2026-04-10 18:17:19 [INFO] src.master_problem: RMP LP solved — obj=4462.7029, active_cols=7
2026-04-10 18:17:22 [INFO] src.master_problem: RMP LP solved — obj=4211.5212, active_cols=8
2026-04-10 18:17:24 [INFO] src.master_problem: RMP LP solved — obj=4092.5233, active_cols=9
2026-04-10 18:17:27 [INFO] src.master_problem: RMP LP solved — obj=3966.8894, active_cols=10
2026-04-10 18:17:29 [INFO] src.master_problem: RMP LP solved — obj=3903.2195, active_cols=11
2026-04-10 18:17:32 [INFO] src.master_problem: RMP LP solved — obj=3870.2930, active_cols=12
2026-04-10 18:17:35 [INFO] src.master_problem: RMP LP solved — obj=3795.2414, active_cols=12
2026-04-10 18:17:38 [INFO] src.master_problem: RMP LP solved — obj=3612.0202, active_cols=12
2026-04-10 18:17:40 [INFO] src.master_problem: RMP LP solved — obj=3540.8229, active_cols=14
2026-04-10 18:17:42 [INFO] src.master_problem: RMP LP solved — obj=3495.5522, active_cols=13
2026-04-10 18:17:45 [INFO] src.master_problem: RMP LP solved — obj=3411.2928, active_cols=13
2026-04-10 18:17:48 [INFO] src.master_problem: RMP LP solved — obj=3346.0385, active_cols=15
2026-04-10 18:17:51 [INFO] src.master_problem: RMP LP solved — obj=3315.3195, active_cols=16
2026-04-10 18:17:53 [INFO] src.master_problem: RMP LP solved — obj=3240.8584, active_cols=15
2026-04-10 18:17:55 [INFO] src.master_problem: RMP LP solved — obj=3204.2649, active_cols=17
2026-04-10 18:17:58 [INFO] src.master_problem: RMP LP solved — obj=3184.4223, active_cols=16
2026-04-10 18:18:00 [INFO] src.master_problem: RMP LP solved — obj=3142.0951, active_cols=18
2026-04-10 18:18:03 [INFO] src.master_problem: RMP LP solved — obj=3083.4938, active_cols=17
2026-04-10 18:18:06 [INFO] src.master_problem: RMP LP solved — obj=3038.1587, active_cols=17
2026-04-10 18:18:08 [INFO] src.master_problem: RMP LP solved — obj=3016.7093, active_cols=15
2026-04-10 18:18:10 [INFO] src.master_problem: RMP LP solved — obj=2980.8388, active_cols=16
2026-04-10 18:18:13 [INFO] src.master_problem: RMP LP solved — obj=2959.5215, active_cols=15
2026-04-10 18:18:15 [INFO] src.master_problem: RMP LP solved — obj=2928.7630, active_cols=16
2026-04-10 18:18:18 [INFO] src.master_problem: RMP LP solved — obj=2874.2021, active_cols=17
2026-04-10 18:18:21 [INFO] src.master_problem: RMP LP solved — obj=2817.6862, active_cols=14
2026-04-10 18:18:23 [INFO] src.master_problem: RMP LP solved — obj=2804.3260, active_cols=14
2026-04-10 18:18:25 [INFO] src.master_problem: RMP LP solved — obj=2774.3143, active_cols=8
2026-04-10 18:18:27 [INFO] src.master_problem: RMP LP solved — obj=2774.3143, active_cols=8
2026-04-10 18:18:29 [INFO] src.master_problem: RMP LP solved — obj=2769.2646, active_cols=14
2026-04-10 18:18:33 [INFO] src.master_problem: RMP LP solved — obj=2762.7260, active_cols=13
2026-04-10 18:18:35 [INFO] src.master_problem: RMP LP solved — obj=2753.6010, active_cols=14
2026-04-10 18:18:37 [INFO] src.master_problem: RMP LP solved — obj=2745.7159, active_cols=14
2026-04-10 18:18:40 [INFO] src.master_problem: RMP LP solved — obj=2736.7676, active_cols=14
2026-04-10 18:18:42 [INFO] src.master_problem: RMP LP solved — obj=2732.8416, active_cols=15
2026-04-10 18:18:44 [INFO] src.master_problem: RMP LP solved — obj=2729.5829, active_cols=16
2026-04-10 18:18:47 [INFO] __main__: RLCG sample collection: 10/26 problems (38.5%)  samples=589  eta=2598.5s
2026-04-10 18:18:47 [INFO] src.master_problem: RMP LP solved — obj=1600000.0000, active_cols=0
2026-04-10 18:18:50 [INFO] src.master_problem: RMP LP solved — obj=401071.0031, active_cols=1
2026-04-10 18:18:52 [INFO] src.master_problem: RMP LP solved — obj=102175.0743, active_cols=2
2026-04-10 18:18:54 [INFO] src.master_problem: RMP LP solved — obj=3778.6115, active_cols=3
2026-04-10 18:18:56 [INFO] src.master_problem: RMP LP solved — obj=3778.6115, active_cols=3
2026-04-10 18:18:58 [INFO] src.master_problem: RMP LP solved — obj=3500.8759, active_cols=5
2026-04-10 18:19:01 [INFO] src.master_problem: RMP LP solved — obj=3500.8759, active_cols=5
2026-04-10 18:19:04 [INFO] src.master_problem: RMP LP solved — obj=3149.7801, active_cols=3
2026-04-10 18:19:06 [INFO] src.master_problem: RMP LP solved — obj=3149.7801, active_cols=3
2026-04-10 18:19:08 [INFO] src.master_problem: RMP LP solved — obj=3149.7801, active_cols=3
2026-04-10 18:19:10 [INFO] src.master_problem: RMP LP solved — obj=3149.7801, active_cols=3
2026-04-10 18:19:12 [INFO] src.master_problem: RMP LP solved — obj=3035.6896, active_cols=3
2026-04-10 18:19:15 [INFO] src.master_problem: RMP LP solved — obj=2922.3997, active_cols=7
2026-04-10 18:19:18 [INFO] src.master_problem: RMP LP solved — obj=2922.3997, active_cols=7
2026-04-10 18:19:20 [INFO] src.master_problem: RMP LP solved — obj=2904.0036, active_cols=9
2026-04-10 18:19:23 [INFO] src.master_problem: RMP LP solved — obj=2847.9980, active_cols=8
2026-04-10 18:19:25 [INFO] src.master_problem: RMP LP solved — obj=2806.2472, active_cols=7
2026-04-10 18:19:27 [INFO] src.master_problem: RMP LP solved — obj=2704.1726, active_cols=7
2026-04-10 18:19:30 [INFO] src.master_problem: RMP LP solved — obj=2704.1726, active_cols=7
2026-04-10 18:19:33 [INFO] src.master_problem: RMP LP solved — obj=2664.7545, active_cols=9
2026-04-10 18:19:35 [INFO] src.master_problem: RMP LP solved — obj=2664.7545, active_cols=9
2026-04-10 18:19:37 [INFO] src.master_problem: RMP LP solved — obj=2664.7545, active_cols=9
2026-04-10 18:19:39 [INFO] src.master_problem: RMP LP solved — obj=2664.7545, active_cols=9
2026-04-10 18:19:41 [INFO] src.master_problem: RMP LP solved — obj=2592.2624, active_cols=3
2026-04-10 18:19:44 [INFO] src.master_problem: RMP LP solved — obj=2592.2624, active_cols=3
2026-04-10 18:19:47 [INFO] src.master_problem: RMP LP solved — obj=2543.4072, active_cols=4
2026-04-10 18:19:49 [INFO] src.master_problem: RMP LP solved — obj=2543.4072, active_cols=4
2026-04-10 18:19:51 [INFO] src.master_problem: RMP LP solved — obj=2536.0147, active_cols=7
2026-04-10 18:19:53 [INFO] src.master_problem: RMP LP solved — obj=2523.0973, active_cols=7
2026-04-10 18:19:55 [INFO] src.master_problem: RMP LP solved — obj=2523.0973, active_cols=7
2026-04-10 18:19:58 [INFO] src.master_problem: RMP LP solved — obj=2500.5116, active_cols=9
2026-04-10 18:20:01 [INFO] src.master_problem: RMP LP solved — obj=2500.5116, active_cols=9
2026-04-10 18:20:03 [INFO] src.master_problem: RMP LP solved — obj=2500.5116, active_cols=9
2026-04-10 18:20:05 [INFO] src.master_problem: RMP LP solved — obj=2500.5116, active_cols=9
2026-04-10 18:20:07 [INFO] src.master_problem: RMP LP solved — obj=2500.5116, active_cols=9
2026-04-10 18:20:09 [INFO] src.master_problem: RMP LP solved — obj=2500.5116, active_cols=9
2026-04-10 18:20:12 [INFO] src.master_problem: RMP LP solved — obj=2497.0102, active_cols=9
2026-04-10 18:20:14 [INFO] src.master_problem: RMP LP solved — obj=2472.6372, active_cols=3
2026-04-10 18:20:17 [INFO] src.master_problem: RMP LP solved — obj=2472.6372, active_cols=3
2026-04-10 18:20:19 [INFO] src.master_problem: RMP LP solved — obj=2472.6372, active_cols=3
2026-04-10 18:20:21 [INFO] src.master_problem: RMP LP solved — obj=2472.6372, active_cols=3
2026-04-10 18:20:23 [INFO] src.master_problem: RMP LP solved — obj=2467.1909, active_cols=7
2026-04-10 18:20:26 [INFO] src.master_problem: RMP LP solved — obj=2467.1909, active_cols=7
2026-04-10 18:20:28 [INFO] src.master_problem: RMP LP solved — obj=2467.1909, active_cols=7
2026-04-10 18:20:31 [INFO] src.master_problem: RMP LP solved — obj=2467.1909, active_cols=7
2026-04-10 18:20:33 [INFO] src.master_problem: RMP LP solved — obj=2467.1909, active_cols=7
2026-04-10 18:20:35 [INFO] __main__: RLCG sample collection: 11/26 problems (42.3%)  samples=634  eta=2362.7s
2026-04-10 18:20:35 [INFO] src.master_problem: RMP LP solved — obj=11800000.0000, active_cols=0
2026-04-10 18:20:39 [INFO] src.master_problem: RMP LP solved — obj=10001388.1992, active_cols=1
2026-04-10 18:20:43 [INFO] src.master_problem: RMP LP solved — obj=8402729.7025, active_cols=2
2026-04-10 18:20:47 [INFO] src.master_problem: RMP LP solved — obj=6904320.1315, active_cols=3
2026-04-10 18:20:50 [INFO] src.master_problem: RMP LP solved — obj=5506100.9190, active_cols=4
2026-04-10 18:20:53 [INFO] src.master_problem: RMP LP solved — obj=4307564.8337, active_cols=5
2026-04-10 18:20:57 [INFO] src.master_problem: RMP LP solved — obj=3209435.3131, active_cols=6
2026-04-10 18:21:01 [INFO] src.master_problem: RMP LP solved — obj=2311429.6560, active_cols=7
2026-04-10 18:21:04 [INFO] src.master_problem: RMP LP solved — obj=1513030.8956, active_cols=8
2026-04-10 18:21:07 [INFO] src.master_problem: RMP LP solved — obj=915340.1001, active_cols=9
2026-04-10 18:21:10 [INFO] src.master_problem: RMP LP solved — obj=516574.1860, active_cols=10
2026-04-10 18:21:15 [INFO] src.master_problem: RMP LP solved — obj=218948.2916, active_cols=11
2026-04-10 18:21:18 [INFO] src.master_problem: RMP LP solved — obj=21387.9455, active_cols=12
2026-04-10 18:21:21 [INFO] src.master_problem: RMP LP solved — obj=21387.9455, active_cols=12
2026-04-10 18:21:24 [INFO] src.master_problem: RMP LP solved — obj=21387.9455, active_cols=12
2026-04-10 18:21:28 [INFO] src.master_problem: RMP LP solved — obj=21387.9455, active_cols=12
2026-04-10 18:21:31 [INFO] src.master_problem: RMP LP solved — obj=21387.9455, active_cols=12
2026-04-10 18:21:34 [INFO] src.master_problem: RMP LP solved — obj=21387.9455, active_cols=12
2026-04-10 18:21:38 [INFO] src.master_problem: RMP LP solved — obj=21387.9455, active_cols=12
2026-04-10 18:21:42 [INFO] src.master_problem: RMP LP solved — obj=21387.9455, active_cols=12
2026-04-10 18:21:45 [INFO] src.master_problem: RMP LP solved — obj=21387.9455, active_cols=12
2026-04-10 18:21:48 [INFO] src.master_problem: RMP LP solved — obj=21387.9455, active_cols=12
2026-04-10 18:21:51 [INFO] src.master_problem: RMP LP solved — obj=21387.9455, active_cols=12
2026-04-10 18:21:55 [INFO] src.master_problem: RMP LP solved — obj=21387.9455, active_cols=12
2026-04-10 18:21:59 [INFO] src.master_problem: RMP LP solved — obj=21387.9455, active_cols=12
2026-04-10 18:22:02 [INFO] src.master_problem: RMP LP solved — obj=21387.9455, active_cols=12
2026-04-10 18:22:05 [INFO] src.master_problem: RMP LP solved — obj=21332.4390, active_cols=25
2026-04-10 18:22:08 [INFO] src.master_problem: RMP LP solved — obj=21214.3865, active_cols=27
2026-04-10 18:22:13 [INFO] src.master_problem: RMP LP solved — obj=21011.3684, active_cols=28
2026-04-10 18:22:16 [INFO] src.master_problem: RMP LP solved — obj=20774.5538, active_cols=28
2026-04-10 18:22:19 [INFO] src.master_problem: RMP LP solved — obj=20772.2558, active_cols=30
2026-04-10 18:22:22 [INFO] src.master_problem: RMP LP solved — obj=20561.0910, active_cols=31
2026-04-10 18:22:26 [INFO] src.master_problem: RMP LP solved — obj=20451.9314, active_cols=26
2026-04-10 18:22:30 [INFO] src.master_problem: RMP LP solved — obj=20254.5962, active_cols=31
2026-04-10 18:22:32 [INFO] src.master_problem: RMP LP solved — obj=20183.7239, active_cols=34
2026-04-10 18:22:36 [INFO] src.master_problem: RMP LP solved — obj=20120.6366, active_cols=34
2026-04-10 18:22:39 [INFO] src.master_problem: RMP LP solved — obj=19917.6513, active_cols=34
2026-04-10 18:22:43 [INFO] src.master_problem: RMP LP solved — obj=19648.5614, active_cols=34
2026-04-10 18:22:46 [INFO] src.master_problem: RMP LP solved — obj=19515.0911, active_cols=33
2026-04-10 18:22:49 [INFO] src.master_problem: RMP LP solved — obj=19485.4929, active_cols=35
2026-04-10 18:22:52 [INFO] src.master_problem: RMP LP solved — obj=19311.9057, active_cols=36
2026-04-10 18:22:57 [INFO] src.master_problem: RMP LP solved — obj=19197.1904, active_cols=36
2026-04-10 18:23:00 [INFO] src.master_problem: RMP LP solved — obj=19127.4993, active_cols=38
2026-04-10 18:23:03 [INFO] src.master_problem: RMP LP solved — obj=18967.3160, active_cols=39
2026-04-10 18:23:06 [INFO] src.master_problem: RMP LP solved — obj=18867.1635, active_cols=39
2026-04-10 18:23:10 [INFO] src.master_problem: RMP LP solved — obj=18769.0372, active_cols=41
2026-04-10 18:23:13 [INFO] src.master_problem: RMP LP solved — obj=18713.2545, active_cols=40
2026-04-10 18:23:17 [INFO] src.master_problem: RMP LP solved — obj=18658.6011, active_cols=40
2026-04-10 18:23:20 [INFO] src.master_problem: RMP LP solved — obj=18621.8157, active_cols=44
2026-04-10 18:23:23 [INFO] src.master_problem: RMP LP solved — obj=18565.2923, active_cols=44
2026-04-10 18:23:27 [INFO] src.master_problem: RMP LP solved — obj=18550.5383, active_cols=46
2026-04-10 18:23:30 [INFO] src.master_problem: RMP LP solved — obj=18510.6699, active_cols=46
2026-04-10 18:23:34 [INFO] src.master_problem: RMP LP solved — obj=18469.5443, active_cols=45
2026-04-10 18:23:37 [INFO] src.master_problem: RMP LP solved — obj=18421.9024, active_cols=46
2026-04-10 18:23:41 [INFO] src.master_problem: RMP LP solved — obj=18377.6406, active_cols=46
2026-04-10 18:23:44 [INFO] src.master_problem: RMP LP solved — obj=18328.6294, active_cols=48
2026-04-10 18:23:47 [INFO] src.master_problem: RMP LP solved — obj=18257.4898, active_cols=52
2026-04-10 18:23:51 [INFO] src.master_problem: RMP LP solved — obj=18160.6095, active_cols=50
2026-04-10 18:23:55 [INFO] src.master_problem: RMP LP solved — obj=18066.2377, active_cols=52
2026-04-10 18:23:58 [INFO] src.master_problem: RMP LP solved — obj=18005.2613, active_cols=54
2026-04-10 18:24:01 [INFO] src.master_problem: RMP LP solved — obj=17732.2422, active_cols=50
2026-04-10 18:24:05 [INFO] src.master_problem: RMP LP solved — obj=17569.6089, active_cols=50
2026-04-10 18:24:08 [INFO] src.master_problem: RMP LP solved — obj=17395.3716, active_cols=49
2026-04-10 18:24:12 [INFO] src.master_problem: RMP LP solved — obj=17303.6500, active_cols=50
2026-04-10 18:24:15 [INFO] __main__: RLCG sample collection: 12/26 problems (46.2%)  samples=698  eta=2278.2s
2026-04-10 18:24:15 [INFO] src.master_problem: RMP LP solved — obj=6200000.0000, active_cols=0
2026-04-10 18:24:17 [INFO] src.master_problem: RMP LP solved — obj=4800821.9236, active_cols=1
2026-04-10 18:24:19 [INFO] src.master_problem: RMP LP solved — obj=3502141.0395, active_cols=2
2026-04-10 18:24:21 [INFO] src.master_problem: RMP LP solved — obj=2403199.4126, active_cols=3
2026-04-10 18:24:23 [INFO] src.master_problem: RMP LP solved — obj=1404901.8524, active_cols=4
2026-04-10 18:24:26 [INFO] src.master_problem: RMP LP solved — obj=506190.5811, active_cols=5
2026-04-10 18:24:27 [INFO] src.master_problem: RMP LP solved — obj=207691.0883, active_cols=6
2026-04-10 18:24:29 [INFO] src.master_problem: RMP LP solved — obj=108681.4541, active_cols=7
2026-04-10 18:24:30 [INFO] src.master_problem: RMP LP solved — obj=10193.8033, active_cols=8
2026-04-10 18:24:32 [INFO] src.master_problem: RMP LP solved — obj=10193.8033, active_cols=8
2026-04-10 18:24:34 [INFO] src.master_problem: RMP LP solved — obj=10193.8033, active_cols=8
2026-04-10 18:24:36 [INFO] src.master_problem: RMP LP solved — obj=10193.8033, active_cols=8
2026-04-10 18:24:38 [INFO] src.master_problem: RMP LP solved — obj=10193.8033, active_cols=8
2026-04-10 18:24:40 [INFO] src.master_problem: RMP LP solved — obj=10193.8033, active_cols=8
2026-04-10 18:24:42 [INFO] src.master_problem: RMP LP solved — obj=10193.8033, active_cols=8
2026-04-10 18:24:44 [INFO] src.master_problem: RMP LP solved — obj=9962.5427, active_cols=8
2026-04-10 18:24:45 [INFO] src.master_problem: RMP LP solved — obj=9784.4385, active_cols=8
2026-04-10 18:24:47 [INFO] src.master_problem: RMP LP solved — obj=9784.4385, active_cols=8
2026-04-10 18:24:49 [INFO] src.master_problem: RMP LP solved — obj=9784.4385, active_cols=8
2026-04-10 18:24:51 [INFO] src.master_problem: RMP LP solved — obj=9784.4385, active_cols=8
2026-04-10 18:24:53 [INFO] src.master_problem: RMP LP solved — obj=9472.0343, active_cols=7
2026-04-10 18:24:55 [INFO] src.master_problem: RMP LP solved — obj=9472.0343, active_cols=7
2026-04-10 18:24:57 [INFO] src.master_problem: RMP LP solved — obj=9472.0343, active_cols=7
2026-04-10 18:24:58 [INFO] src.master_problem: RMP LP solved — obj=9266.3257, active_cols=9
2026-04-10 18:25:00 [INFO] src.master_problem: RMP LP solved — obj=9266.3257, active_cols=9
2026-04-10 18:25:01 [INFO] src.master_problem: RMP LP solved — obj=9254.4795, active_cols=17
2026-04-10 18:25:03 [INFO] src.master_problem: RMP LP solved — obj=9199.6803, active_cols=17
2026-04-10 18:25:05 [INFO] src.master_problem: RMP LP solved — obj=9199.6803, active_cols=17
2026-04-10 18:25:07 [INFO] src.master_problem: RMP LP solved — obj=9158.8934, active_cols=17
2026-04-10 18:25:09 [INFO] src.master_problem: RMP LP solved — obj=9146.7379, active_cols=20
2026-04-10 18:25:11 [INFO] src.master_problem: RMP LP solved — obj=9094.7256, active_cols=19
2026-04-10 18:25:13 [INFO] src.master_problem: RMP LP solved — obj=9094.7256, active_cols=19
2026-04-10 18:25:14 [INFO] src.master_problem: RMP LP solved — obj=9090.7428, active_cols=20
2026-04-10 18:25:16 [INFO] src.master_problem: RMP LP solved — obj=9079.2572, active_cols=22
2026-04-10 18:25:18 [INFO] src.master_problem: RMP LP solved — obj=9035.1830, active_cols=23
2026-04-10 18:25:20 [INFO] src.master_problem: RMP LP solved — obj=9023.0900, active_cols=23
2026-04-10 18:25:22 [INFO] src.master_problem: RMP LP solved — obj=8794.0699, active_cols=23
2026-04-10 18:25:24 [INFO] src.master_problem: RMP LP solved — obj=8772.4272, active_cols=27
2026-04-10 18:25:26 [INFO] src.master_problem: RMP LP solved — obj=8751.3072, active_cols=28
2026-04-10 18:25:27 [INFO] src.master_problem: RMP LP solved — obj=8734.7974, active_cols=31
2026-04-10 18:25:29 [INFO] src.master_problem: RMP LP solved — obj=8706.7912, active_cols=30
2026-04-10 18:25:31 [INFO] src.master_problem: RMP LP solved — obj=8637.9240, active_cols=26
2026-04-10 18:25:32 [INFO] src.master_problem: RMP LP solved — obj=8629.2503, active_cols=28
2026-04-10 18:25:34 [INFO] src.master_problem: RMP LP solved — obj=8628.4438, active_cols=30
2026-04-10 18:25:37 [INFO] src.master_problem: RMP LP solved — obj=8585.9027, active_cols=32
2026-04-10 18:25:39 [INFO] src.master_problem: RMP LP solved — obj=8564.5480, active_cols=29
2026-04-10 18:25:40 [INFO] src.master_problem: RMP LP solved — obj=8556.6803, active_cols=31
2026-04-10 18:25:42 [INFO] src.master_problem: RMP LP solved — obj=8549.9518, active_cols=31
2026-04-10 18:25:44 [INFO] src.master_problem: RMP LP solved — obj=8536.3031, active_cols=29
2026-04-10 18:25:45 [INFO] src.master_problem: RMP LP solved — obj=8517.0453, active_cols=32
2026-04-10 18:25:47 [INFO] src.master_problem: RMP LP solved — obj=8514.7994, active_cols=32
2026-04-10 18:25:48 [INFO] src.master_problem: RMP LP solved — obj=8511.8420, active_cols=33
2026-04-10 18:25:51 [INFO] src.master_problem: RMP LP solved — obj=8508.9837, active_cols=34
2026-04-10 18:25:53 [INFO] src.master_problem: RMP LP solved — obj=8484.4266, active_cols=34
2026-04-10 18:25:55 [INFO] src.master_problem: RMP LP solved — obj=8425.7470, active_cols=32
2026-04-10 18:25:56 [INFO] src.master_problem: RMP LP solved — obj=8366.8391, active_cols=32
2026-04-10 18:25:58 [INFO] src.master_problem: RMP LP solved — obj=8357.3494, active_cols=35
2026-04-10 18:25:59 [INFO] src.master_problem: RMP LP solved — obj=8322.3520, active_cols=35
2026-04-10 18:26:01 [INFO] src.master_problem: RMP LP solved — obj=8269.3191, active_cols=34
2026-04-10 18:26:03 [INFO] src.master_problem: RMP LP solved — obj=8189.0062, active_cols=36
2026-04-10 18:26:05 [INFO] src.master_problem: RMP LP solved — obj=8160.1406, active_cols=33
2026-04-10 18:26:07 [INFO] src.master_problem: RMP LP solved — obj=8158.8261, active_cols=34
2026-04-10 18:26:09 [INFO] src.master_problem: RMP LP solved — obj=8131.8733, active_cols=33
2026-04-10 18:26:10 [INFO] src.master_problem: RMP LP solved — obj=8107.5017, active_cols=35
2026-04-10 18:26:12 [INFO] __main__: RLCG sample collection: 13/26 problems (50.0%)  samples=762  eta=2069.5s
2026-04-10 18:26:12 [INFO] src.master_problem: RMP LP solved — obj=700000.0000, active_cols=0
2026-04-10 18:26:14 [INFO] src.master_problem: RMP LP solved — obj=1742.1453, active_cols=1
2026-04-10 18:26:15 [INFO] src.master_problem: RMP LP solved — obj=1742.1453, active_cols=1
2026-04-10 18:26:16 [INFO] src.master_problem: RMP LP solved — obj=1742.1453, active_cols=1
2026-04-10 18:26:18 [INFO] src.master_problem: RMP LP solved — obj=1742.1453, active_cols=1
2026-04-10 18:26:19 [INFO] src.master_problem: RMP LP solved — obj=1742.1453, active_cols=1
2026-04-10 18:26:21 [INFO] src.master_problem: RMP LP solved — obj=1742.1453, active_cols=1
2026-04-10 18:26:23 [INFO] src.master_problem: RMP LP solved — obj=1742.1453, active_cols=1
2026-04-10 18:26:24 [INFO] src.master_problem: RMP LP solved — obj=1742.1453, active_cols=1
2026-04-10 18:26:25 [INFO] src.master_problem: RMP LP solved — obj=1742.1453, active_cols=1
2026-04-10 18:26:27 [INFO] src.master_problem: RMP LP solved — obj=1742.1453, active_cols=1
2026-04-10 18:26:28 [INFO] src.master_problem: RMP LP solved — obj=1742.1453, active_cols=1
2026-04-10 18:26:29 [INFO] src.master_problem: RMP LP solved — obj=1742.1453, active_cols=1
2026-04-10 18:26:31 [INFO] src.master_problem: RMP LP solved — obj=1742.1453, active_cols=1
2026-04-10 18:26:32 [INFO] __main__: RLCG sample collection: 14/26 problems (53.8%)  samples=775  eta=1791.1s
2026-04-10 18:26:32 [INFO] src.master_problem: RMP LP solved — obj=600000.0000, active_cols=0
2026-04-10 18:26:34 [INFO] src.master_problem: RMP LP solved — obj=1171.5903, active_cols=1
2026-04-10 18:26:36 [INFO] src.master_problem: RMP LP solved — obj=1171.5903, active_cols=1
2026-04-10 18:26:37 [INFO] src.master_problem: RMP LP solved — obj=1171.5903, active_cols=1
2026-04-10 18:26:39 [INFO] src.master_problem: RMP LP solved — obj=1171.5903, active_cols=1
2026-04-10 18:26:40 [INFO] src.master_problem: RMP LP solved — obj=1171.5903, active_cols=1
2026-04-10 18:26:41 [INFO] src.master_problem: RMP LP solved — obj=1171.5903, active_cols=1
2026-04-10 18:26:43 [INFO] src.master_problem: RMP LP solved — obj=1171.5903, active_cols=1
2026-04-10 18:26:44 [INFO] src.master_problem: RMP LP solved — obj=1171.5903, active_cols=1
2026-04-10 18:26:45 [INFO] src.master_problem: RMP LP solved — obj=1171.5903, active_cols=1
2026-04-10 18:26:47 [INFO] src.master_problem: RMP LP solved — obj=1171.5903, active_cols=1
2026-04-10 18:26:48 [INFO] src.master_problem: RMP LP solved — obj=1171.5903, active_cols=1
2026-04-10 18:26:50 [INFO] __main__: RLCG sample collection: 15/26 problems (57.7%)  samples=786  eta=1545.4s
2026-04-10 18:26:50 [INFO] src.master_problem: RMP LP solved — obj=10600000.0000, active_cols=0
2026-04-10 18:26:52 [INFO] src.master_problem: RMP LP solved — obj=9001511.4769, active_cols=1
2026-04-10 18:26:54 [INFO] src.master_problem: RMP LP solved — obj=7603266.2566, active_cols=2
2026-04-10 18:26:56 [INFO] src.master_problem: RMP LP solved — obj=6104260.1439, active_cols=3
2026-04-10 18:26:58 [INFO] src.master_problem: RMP LP solved — obj=4706449.0400, active_cols=4
2026-04-10 18:27:00 [INFO] src.master_problem: RMP LP solved — obj=3608080.1461, active_cols=5
2026-04-10 18:27:02 [INFO] src.master_problem: RMP LP solved — obj=2610359.1968, active_cols=6
2026-04-10 18:27:05 [INFO] src.master_problem: RMP LP solved — obj=1811968.2331, active_cols=7
2026-04-10 18:27:07 [INFO] src.master_problem: RMP LP solved — obj=1213666.0420, active_cols=8
2026-04-10 18:27:09 [INFO] src.master_problem: RMP LP solved — obj=715288.5441, active_cols=9
2026-04-10 18:27:11 [INFO] src.master_problem: RMP LP solved — obj=317015.2180, active_cols=10
2026-04-10 18:27:12 [INFO] src.master_problem: RMP LP solved — obj=118471.0661, active_cols=11
2026-04-10 18:27:14 [INFO] src.master_problem: RMP LP solved — obj=20848.2208, active_cols=12
2026-04-10 18:27:17 [INFO] src.master_problem: RMP LP solved — obj=20848.2208, active_cols=12
2026-04-10 18:27:19 [INFO] src.master_problem: RMP LP solved — obj=20848.2208, active_cols=12
2026-04-10 18:27:21 [INFO] src.master_problem: RMP LP solved — obj=20792.4242, active_cols=12
2026-04-10 18:27:23 [INFO] src.master_problem: RMP LP solved — obj=20792.4242, active_cols=12
2026-04-10 18:27:25 [INFO] src.master_problem: RMP LP solved — obj=20792.4242, active_cols=12
2026-04-10 18:27:27 [INFO] src.master_problem: RMP LP solved — obj=20792.4242, active_cols=12
2026-04-10 18:27:29 [INFO] src.master_problem: RMP LP solved — obj=20792.4242, active_cols=12
2026-04-10 18:27:31 [INFO] src.master_problem: RMP LP solved — obj=20792.4242, active_cols=12
2026-04-10 18:27:34 [INFO] src.master_problem: RMP LP solved — obj=20792.4242, active_cols=12
2026-04-10 18:27:36 [INFO] src.master_problem: RMP LP solved — obj=20683.3842, active_cols=12
2026-04-10 18:27:38 [INFO] src.master_problem: RMP LP solved — obj=20573.3975, active_cols=12
2026-04-10 18:27:40 [INFO] src.master_problem: RMP LP solved — obj=20449.4146, active_cols=21
2026-04-10 18:27:41 [INFO] src.master_problem: RMP LP solved — obj=20193.9971, active_cols=15
2026-04-10 18:27:43 [INFO] src.master_problem: RMP LP solved — obj=20193.9971, active_cols=15
2026-04-10 18:27:46 [INFO] src.master_problem: RMP LP solved — obj=20128.7544, active_cols=23
2026-04-10 18:27:48 [INFO] src.master_problem: RMP LP solved — obj=20113.8055, active_cols=25
2026-04-10 18:27:50 [INFO] src.master_problem: RMP LP solved — obj=20113.8055, active_cols=25
2026-04-10 18:27:52 [INFO] src.master_problem: RMP LP solved — obj=19962.8747, active_cols=27
2026-04-10 18:27:54 [INFO] src.master_problem: RMP LP solved — obj=19738.1291, active_cols=29
2026-04-10 18:27:56 [INFO] src.master_problem: RMP LP solved — obj=19690.1894, active_cols=30
2026-04-10 18:27:58 [INFO] src.master_problem: RMP LP solved — obj=19601.2259, active_cols=31
2026-04-10 18:28:00 [INFO] src.master_problem: RMP LP solved — obj=19463.7571, active_cols=34
2026-04-10 18:28:03 [INFO] src.master_problem: RMP LP solved — obj=19391.3018, active_cols=34
2026-04-10 18:28:05 [INFO] src.master_problem: RMP LP solved — obj=19160.7803, active_cols=34
2026-04-10 18:28:07 [INFO] src.master_problem: RMP LP solved — obj=19046.8637, active_cols=36
2026-04-10 18:28:09 [INFO] src.master_problem: RMP LP solved — obj=18879.9807, active_cols=35
2026-04-10 18:28:11 [INFO] src.master_problem: RMP LP solved — obj=18783.8668, active_cols=36
2026-04-10 18:28:13 [INFO] src.master_problem: RMP LP solved — obj=18623.8508, active_cols=37
2026-04-10 18:28:15 [INFO] src.master_problem: RMP LP solved — obj=18576.6886, active_cols=38
2026-04-10 18:28:18 [INFO] src.master_problem: RMP LP solved — obj=18512.7548, active_cols=38
2026-04-10 18:28:20 [INFO] src.master_problem: RMP LP solved — obj=18289.1160, active_cols=39
2026-04-10 18:28:21 [INFO] src.master_problem: RMP LP solved — obj=18256.6973, active_cols=42
2026-04-10 18:28:23 [INFO] src.master_problem: RMP LP solved — obj=18179.6310, active_cols=39
2026-04-10 18:28:25 [INFO] src.master_problem: RMP LP solved — obj=18042.6282, active_cols=42
2026-04-10 18:28:27 [INFO] src.master_problem: RMP LP solved — obj=17979.6348, active_cols=43
2026-04-10 18:28:30 [INFO] src.master_problem: RMP LP solved — obj=17925.5725, active_cols=45
2026-04-10 18:28:33 [INFO] src.master_problem: RMP LP solved — obj=17794.5544, active_cols=42
2026-04-10 18:28:34 [INFO] src.master_problem: RMP LP solved — obj=17718.4451, active_cols=42
2026-04-10 18:28:36 [INFO] src.master_problem: RMP LP solved — obj=17651.2848, active_cols=43
2026-04-10 18:28:38 [INFO] src.master_problem: RMP LP solved — obj=17621.5064, active_cols=45
2026-04-10 18:28:40 [INFO] src.master_problem: RMP LP solved — obj=17563.4820, active_cols=46
2026-04-10 18:28:42 [INFO] src.master_problem: RMP LP solved — obj=17395.5053, active_cols=46
2026-04-10 18:28:45 [INFO] src.master_problem: RMP LP solved — obj=17284.4767, active_cols=45
2026-04-10 18:28:48 [INFO] src.master_problem: RMP LP solved — obj=17127.5352, active_cols=46
2026-04-10 18:28:49 [INFO] src.master_problem: RMP LP solved — obj=17013.2943, active_cols=47
2026-04-10 18:28:51 [INFO] src.master_problem: RMP LP solved — obj=16934.6009, active_cols=48
2026-04-10 18:28:53 [INFO] src.master_problem: RMP LP solved — obj=16911.6146, active_cols=47
2026-04-10 18:28:55 [INFO] src.master_problem: RMP LP solved — obj=16864.7216, active_cols=47
2026-04-10 18:28:57 [INFO] src.master_problem: RMP LP solved — obj=16774.7011, active_cols=49
2026-04-10 18:28:59 [INFO] src.master_problem: RMP LP solved — obj=16731.4165, active_cols=51
2026-04-10 18:29:02 [INFO] src.master_problem: RMP LP solved — obj=16655.8672, active_cols=52
2026-04-10 18:29:04 [INFO] __main__: RLCG sample collection: 16/26 problems (61.5%)  samples=850  eta=1400.8s
2026-04-10 18:29:04 [INFO] src.master_problem: RMP LP solved — obj=14600000.0000, active_cols=0
2026-04-10 18:29:06 [INFO] src.master_problem: RMP LP solved — obj=13001195.4621, active_cols=1
2026-04-10 18:29:08 [INFO] src.master_problem: RMP LP solved — obj=11602600.8660, active_cols=2
2026-04-10 18:29:11 [INFO] src.master_problem: RMP LP solved — obj=10004262.0063, active_cols=3
2026-04-10 18:29:13 [INFO] src.master_problem: RMP LP solved — obj=8606488.0319, active_cols=4
2026-04-10 18:29:17 [INFO] src.master_problem: RMP LP solved — obj=7307769.4070, active_cols=5
2026-04-10 18:29:19 [INFO] src.master_problem: RMP LP solved — obj=6209219.1745, active_cols=6
2026-04-10 18:29:21 [INFO] src.master_problem: RMP LP solved — obj=5010641.9269, active_cols=7
2026-04-10 18:29:23 [INFO] src.master_problem: RMP LP solved — obj=3912410.3470, active_cols=8
2026-04-10 18:29:25 [INFO] src.master_problem: RMP LP solved — obj=3014299.3570, active_cols=9
2026-04-10 18:29:28 [INFO] src.master_problem: RMP LP solved — obj=2216715.9903, active_cols=10
2026-04-10 18:29:31 [INFO] src.master_problem: RMP LP solved — obj=1619219.7499, active_cols=11
2026-04-10 18:29:33 [INFO] src.master_problem: RMP LP solved — obj=1021036.7321, active_cols=12
2026-04-10 18:29:35 [INFO] src.master_problem: RMP LP solved — obj=523006.2451, active_cols=13
2026-04-10 18:29:38 [INFO] src.master_problem: RMP LP solved — obj=224507.8781, active_cols=14
2026-04-10 18:29:40 [INFO] src.master_problem: RMP LP solved — obj=125161.2409, active_cols=15
2026-04-10 18:29:42 [INFO] src.master_problem: RMP LP solved — obj=27569.8071, active_cols=16
2026-04-10 18:29:45 [INFO] src.master_problem: RMP LP solved — obj=27569.8071, active_cols=16
2026-04-10 18:29:48 [INFO] src.master_problem: RMP LP solved — obj=27569.8071, active_cols=16
2026-04-10 18:29:50 [INFO] src.master_problem: RMP LP solved — obj=27569.8071, active_cols=16
2026-04-10 18:29:52 [INFO] src.master_problem: RMP LP solved — obj=27569.8071, active_cols=16
2026-04-10 18:29:54 [INFO] src.master_problem: RMP LP solved — obj=27569.8071, active_cols=16
2026-04-10 18:29:57 [INFO] src.master_problem: RMP LP solved — obj=27569.8071, active_cols=16
2026-04-10 18:30:00 [INFO] src.master_problem: RMP LP solved — obj=27569.8071, active_cols=16
2026-04-10 18:30:02 [INFO] src.master_problem: RMP LP solved — obj=27569.8071, active_cols=16
2026-04-10 18:30:04 [INFO] src.master_problem: RMP LP solved — obj=27569.8071, active_cols=16
2026-04-10 18:30:07 [INFO] src.master_problem: RMP LP solved — obj=27569.8071, active_cols=16
2026-04-10 18:30:09 [INFO] src.master_problem: RMP LP solved — obj=27569.8071, active_cols=16
2026-04-10 18:30:11 [INFO] src.master_problem: RMP LP solved — obj=27569.8071, active_cols=16
2026-04-10 18:30:14 [INFO] src.master_problem: RMP LP solved — obj=27569.8071, active_cols=16
2026-04-10 18:30:16 [INFO] src.master_problem: RMP LP solved — obj=27569.8071, active_cols=16
2026-04-10 18:30:18 [INFO] src.master_problem: RMP LP solved — obj=27563.8134, active_cols=27
2026-04-10 18:30:21 [INFO] src.master_problem: RMP LP solved — obj=27544.7099, active_cols=29
2026-04-10 18:30:23 [INFO] src.master_problem: RMP LP solved — obj=27287.6589, active_cols=31
2026-04-10 18:30:25 [INFO] src.master_problem: RMP LP solved — obj=27276.1687, active_cols=32
2026-04-10 18:30:28 [INFO] src.master_problem: RMP LP solved — obj=27123.9077, active_cols=31
2026-04-10 18:30:31 [INFO] src.master_problem: RMP LP solved — obj=27099.1264, active_cols=32
2026-04-10 18:30:33 [INFO] src.master_problem: RMP LP solved — obj=27001.6342, active_cols=34
2026-04-10 18:30:35 [INFO] src.master_problem: RMP LP solved — obj=26971.9640, active_cols=37
2026-04-10 18:30:37 [INFO] src.master_problem: RMP LP solved — obj=26491.4332, active_cols=35
2026-04-10 18:30:39 [INFO] src.master_problem: RMP LP solved — obj=26384.1137, active_cols=36
2026-04-10 18:30:42 [INFO] src.master_problem: RMP LP solved — obj=26384.1137, active_cols=36
2026-04-10 18:30:45 [INFO] src.master_problem: RMP LP solved — obj=26298.2773, active_cols=38
2026-04-10 18:30:47 [INFO] src.master_problem: RMP LP solved — obj=26156.0490, active_cols=40
2026-04-10 18:30:49 [INFO] src.master_problem: RMP LP solved — obj=26052.3900, active_cols=40
2026-04-10 18:30:51 [INFO] src.master_problem: RMP LP solved — obj=25925.3327, active_cols=41
2026-04-10 18:30:53 [INFO] src.master_problem: RMP LP solved — obj=25769.3351, active_cols=43
2026-04-10 18:30:56 [INFO] src.master_problem: RMP LP solved — obj=25552.5317, active_cols=43
2026-04-10 18:30:59 [INFO] src.master_problem: RMP LP solved — obj=25386.3056, active_cols=42
2026-04-10 18:31:01 [INFO] src.master_problem: RMP LP solved — obj=25081.4313, active_cols=46
2026-04-10 18:31:03 [INFO] src.master_problem: RMP LP solved — obj=24963.3939, active_cols=46
2026-04-10 18:31:05 [INFO] src.master_problem: RMP LP solved — obj=24673.4233, active_cols=48
2026-04-10 18:31:07 [INFO] src.master_problem: RMP LP solved — obj=24443.6512, active_cols=49
2026-04-10 18:31:10 [INFO] src.master_problem: RMP LP solved — obj=24271.7518, active_cols=49
2026-04-10 18:31:13 [INFO] src.master_problem: RMP LP solved — obj=24147.5789, active_cols=47
2026-04-10 18:31:15 [INFO] src.master_problem: RMP LP solved — obj=24026.4619, active_cols=50
2026-04-10 18:31:17 [INFO] src.master_problem: RMP LP solved — obj=23694.5389, active_cols=49
2026-04-10 18:31:19 [INFO] src.master_problem: RMP LP solved — obj=23539.2710, active_cols=45
2026-04-10 18:31:21 [INFO] src.master_problem: RMP LP solved — obj=23512.1588, active_cols=48
2026-04-10 18:31:24 [INFO] src.master_problem: RMP LP solved — obj=23490.8020, active_cols=49
2026-04-10 18:31:27 [INFO] src.master_problem: RMP LP solved — obj=23387.4272, active_cols=50
2026-04-10 18:31:29 [INFO] src.master_problem: RMP LP solved — obj=23285.4168, active_cols=50
2026-04-10 18:31:32 [INFO] src.master_problem: RMP LP solved — obj=23162.5358, active_cols=54
2026-04-10 18:31:34 [INFO] src.master_problem: RMP LP solved — obj=23035.6467, active_cols=54
2026-04-10 18:31:36 [INFO] __main__: RLCG sample collection: 17/26 problems (65.4%)  samples=914  eta=1267.0s
2026-04-10 18:31:36 [INFO] src.master_problem: RMP LP solved — obj=300000.0000, active_cols=0
2026-04-10 18:31:38 [INFO] src.master_problem: RMP LP solved — obj=1291.2619, active_cols=1
2026-04-10 18:31:40 [INFO] src.master_problem: RMP LP solved — obj=1291.2619, active_cols=1
2026-04-10 18:31:43 [INFO] src.master_problem: RMP LP solved — obj=1291.2619, active_cols=1
2026-04-10 18:31:45 [INFO] src.master_problem: RMP LP solved — obj=1291.2619, active_cols=1
2026-04-10 18:31:47 [INFO] src.master_problem: RMP LP solved — obj=1291.2619, active_cols=1
2026-04-10 18:31:49 [INFO] src.master_problem: RMP LP solved — obj=1291.2619, active_cols=1
2026-04-10 18:31:51 [INFO] src.master_problem: RMP LP solved — obj=1291.2619, active_cols=1
2026-04-10 18:31:53 [INFO] src.master_problem: RMP LP solved — obj=1291.2619, active_cols=1
2026-04-10 18:31:55 [INFO] src.master_problem: RMP LP solved — obj=1291.2619, active_cols=1
2026-04-10 18:31:58 [INFO] src.master_problem: RMP LP solved — obj=1291.2619, active_cols=1
2026-04-10 18:31:59 [INFO] src.master_problem: RMP LP solved — obj=1291.2619, active_cols=1
2026-04-10 18:32:01 [INFO] src.master_problem: RMP LP solved — obj=1291.2619, active_cols=1
2026-04-10 18:32:03 [INFO] src.master_problem: RMP LP solved — obj=1291.2619, active_cols=1
2026-04-10 18:32:05 [INFO] src.master_problem: RMP LP solved — obj=1291.2619, active_cols=1
2026-04-10 18:32:07 [INFO] src.master_problem: RMP LP solved — obj=1291.2619, active_cols=1
2026-04-10 18:32:10 [INFO] src.master_problem: RMP LP solved — obj=1291.2619, active_cols=1
2026-04-10 18:32:12 [INFO] src.master_problem: RMP LP solved — obj=1291.2619, active_cols=1
2026-04-10 18:32:14 [INFO] src.master_problem: RMP LP solved — obj=1291.2619, active_cols=1
2026-04-10 18:32:16 [INFO] __main__: RLCG sample collection: 18/26 problems (69.2%)  samples=932  eta=1081.5s
2026-04-10 18:32:16 [INFO] src.master_problem: RMP LP solved — obj=1300000.0000, active_cols=0
2026-04-10 18:32:18 [INFO] src.master_problem: RMP LP solved — obj=500896.2675, active_cols=1
2026-04-10 18:32:21 [INFO] src.master_problem: RMP LP solved — obj=2445.7449, active_cols=2
2026-04-10 18:32:23 [INFO] src.master_problem: RMP LP solved — obj=2445.7449, active_cols=2
2026-04-10 18:32:26 [INFO] src.master_problem: RMP LP solved — obj=2445.7449, active_cols=2
2026-04-10 18:32:28 [INFO] src.master_problem: RMP LP solved — obj=2445.7449, active_cols=2
2026-04-10 18:32:30 [INFO] src.master_problem: RMP LP solved — obj=2445.7449, active_cols=2
2026-04-10 18:32:33 [INFO] src.master_problem: RMP LP solved — obj=2445.7449, active_cols=2
2026-04-10 18:32:35 [INFO] src.master_problem: RMP LP solved — obj=2445.7449, active_cols=2
2026-04-10 18:32:37 [INFO] src.master_problem: RMP LP solved — obj=2445.7449, active_cols=2
2026-04-10 18:32:40 [INFO] src.master_problem: RMP LP solved — obj=2445.7449, active_cols=2
2026-04-10 18:32:43 [INFO] src.master_problem: RMP LP solved — obj=2445.7449, active_cols=2
2026-04-10 18:32:45 [INFO] src.master_problem: RMP LP solved — obj=2445.7449, active_cols=2
2026-04-10 18:32:47 [INFO] src.master_problem: RMP LP solved — obj=2408.5297, active_cols=7
2026-04-10 18:32:49 [INFO] src.master_problem: RMP LP solved — obj=2408.5297, active_cols=7
2026-04-10 18:32:51 [INFO] src.master_problem: RMP LP solved — obj=2395.2760, active_cols=9
2026-04-10 18:32:54 [INFO] src.master_problem: RMP LP solved — obj=2373.0772, active_cols=11
2026-04-10 18:32:56 [INFO] src.master_problem: RMP LP solved — obj=2287.6098, active_cols=2
2026-04-10 18:32:58 [INFO] src.master_problem: RMP LP solved — obj=2250.1224, active_cols=9
2026-04-10 18:33:00 [INFO] src.master_problem: RMP LP solved — obj=2227.6132, active_cols=10
2026-04-10 18:33:03 [INFO] src.master_problem: RMP LP solved — obj=2186.1764, active_cols=5
2026-04-10 18:33:05 [INFO] src.master_problem: RMP LP solved — obj=2161.5043, active_cols=8
2026-04-10 18:33:08 [INFO] src.master_problem: RMP LP solved — obj=2146.3686, active_cols=11
2026-04-10 18:33:10 [INFO] src.master_problem: RMP LP solved — obj=2116.3318, active_cols=9
2026-04-10 18:33:12 [INFO] src.master_problem: RMP LP solved — obj=2116.3318, active_cols=9
2026-04-10 18:33:14 [INFO] src.master_problem: RMP LP solved — obj=2089.4031, active_cols=11
2026-04-10 18:33:16 [INFO] src.master_problem: RMP LP solved — obj=2076.7625, active_cols=11
2026-04-10 18:33:18 [INFO] src.master_problem: RMP LP solved — obj=2050.1464, active_cols=10
2026-04-10 18:33:21 [INFO] src.master_problem: RMP LP solved — obj=2044.8630, active_cols=9
2026-04-10 18:33:24 [INFO] src.master_problem: RMP LP solved — obj=2044.8630, active_cols=9
2026-04-10 18:33:26 [INFO] src.master_problem: RMP LP solved — obj=2037.7625, active_cols=11
2026-04-10 18:33:28 [INFO] src.master_problem: RMP LP solved — obj=2037.7625, active_cols=11
2026-04-10 18:33:30 [INFO] src.master_problem: RMP LP solved — obj=2016.5251, active_cols=6
2026-04-10 18:33:32 [INFO] src.master_problem: RMP LP solved — obj=2016.5251, active_cols=6
2026-04-10 18:33:34 [INFO] __main__: RLCG sample collection: 19/26 problems (73.1%)  samples=965  eta=925.2s
2026-04-10 18:33:34 [INFO] src.master_problem: RMP LP solved — obj=2600000.0000, active_cols=0
2026-04-10 18:33:37 [INFO] src.master_problem: RMP LP solved — obj=1601037.5838, active_cols=1
2026-04-10 18:33:40 [INFO] src.master_problem: RMP LP solved — obj=702616.2619, active_cols=2
2026-04-10 18:33:42 [INFO] src.master_problem: RMP LP solved — obj=3643.2625, active_cols=3
2026-04-10 18:33:45 [INFO] src.master_problem: RMP LP solved — obj=3643.2625, active_cols=3
2026-04-10 18:33:47 [INFO] src.master_problem: RMP LP solved — obj=3643.2625, active_cols=3
2026-04-10 18:33:50 [INFO] src.master_problem: RMP LP solved — obj=3643.2625, active_cols=3
2026-04-10 18:33:53 [INFO] src.master_problem: RMP LP solved — obj=3643.2625, active_cols=3
2026-04-10 18:33:56 [INFO] src.master_problem: RMP LP solved — obj=3643.2625, active_cols=3
2026-04-10 18:33:58 [INFO] src.master_problem: RMP LP solved — obj=3643.2625, active_cols=3
2026-04-10 18:34:01 [INFO] src.master_problem: RMP LP solved — obj=3643.2625, active_cols=3
2026-04-10 18:34:03 [INFO] src.master_problem: RMP LP solved — obj=3643.2625, active_cols=3
2026-04-10 18:34:06 [INFO] src.master_problem: RMP LP solved — obj=3643.2625, active_cols=3
2026-04-10 18:34:09 [INFO] src.master_problem: RMP LP solved — obj=3643.2625, active_cols=3
2026-04-10 18:34:12 [INFO] src.master_problem: RMP LP solved — obj=3643.2625, active_cols=3
2026-04-10 18:34:14 [INFO] src.master_problem: RMP LP solved — obj=3643.2625, active_cols=3
2026-04-10 18:34:16 [INFO] src.master_problem: RMP LP solved — obj=3643.2625, active_cols=3
2026-04-10 18:34:19 [INFO] src.master_problem: RMP LP solved — obj=3537.5869, active_cols=14
2026-04-10 18:34:23 [INFO] src.master_problem: RMP LP solved — obj=3395.0764, active_cols=16
2026-04-10 18:34:25 [INFO] src.master_problem: RMP LP solved — obj=3141.2833, active_cols=15
2026-04-10 18:34:27 [INFO] src.master_problem: RMP LP solved — obj=3101.0778, active_cols=17
2026-04-10 18:34:30 [INFO] src.master_problem: RMP LP solved — obj=3072.9722, active_cols=18
2026-04-10 18:34:32 [INFO] src.master_problem: RMP LP solved — obj=3062.1866, active_cols=19
2026-04-10 18:34:36 [INFO] src.master_problem: RMP LP solved — obj=3028.8035, active_cols=17
2026-04-10 18:34:39 [INFO] src.master_problem: RMP LP solved — obj=2948.0951, active_cols=18
2026-04-10 18:34:41 [INFO] src.master_problem: RMP LP solved — obj=2944.3761, active_cols=19
2026-04-10 18:34:43 [INFO] src.master_problem: RMP LP solved — obj=2909.2031, active_cols=21
2026-04-10 18:34:46 [INFO] src.master_problem: RMP LP solved — obj=2887.7045, active_cols=23
2026-04-10 18:34:49 [INFO] src.master_problem: RMP LP solved — obj=2874.7460, active_cols=21
2026-04-10 18:34:52 [INFO] src.master_problem: RMP LP solved — obj=2870.3246, active_cols=22
2026-04-10 18:34:54 [INFO] src.master_problem: RMP LP solved — obj=2857.7328, active_cols=21
2026-04-10 18:34:57 [INFO] src.master_problem: RMP LP solved — obj=2851.4107, active_cols=23
2026-04-10 18:34:59 [INFO] src.master_problem: RMP LP solved — obj=2846.7941, active_cols=23
2026-04-10 18:35:02 [INFO] src.master_problem: RMP LP solved — obj=2834.8527, active_cols=23
2026-04-10 18:35:05 [INFO] src.master_problem: RMP LP solved — obj=2832.5798, active_cols=21
2026-04-10 18:35:08 [INFO] src.master_problem: RMP LP solved — obj=2829.2886, active_cols=22
2026-04-10 18:35:10 [INFO] src.master_problem: RMP LP solved — obj=2809.8520, active_cols=24
2026-04-10 18:35:13 [INFO] src.master_problem: RMP LP solved — obj=2800.2661, active_cols=24
2026-04-10 18:35:15 [INFO] src.master_problem: RMP LP solved — obj=2776.9491, active_cols=22
2026-04-10 18:35:19 [INFO] src.master_problem: RMP LP solved — obj=2771.2752, active_cols=23
2026-04-10 18:35:22 [INFO] src.master_problem: RMP LP solved — obj=2760.4045, active_cols=25
2026-04-10 18:35:24 [INFO] src.master_problem: RMP LP solved — obj=2757.3832, active_cols=24
2026-04-10 18:35:27 [INFO] src.master_problem: RMP LP solved — obj=2754.2028, active_cols=24
2026-04-10 18:35:29 [INFO] src.master_problem: RMP LP solved — obj=2750.6480, active_cols=24
2026-04-10 18:35:32 [INFO] src.master_problem: RMP LP solved — obj=2745.2170, active_cols=24
2026-04-10 18:35:35 [INFO] src.master_problem: RMP LP solved — obj=2744.5125, active_cols=25
2026-04-10 18:35:38 [INFO] src.master_problem: RMP LP solved — obj=2733.1313, active_cols=24
2026-04-10 18:35:40 [INFO] src.master_problem: RMP LP solved — obj=2725.8664, active_cols=24
2026-04-10 18:35:43 [INFO] src.master_problem: RMP LP solved — obj=2708.9057, active_cols=24
2026-04-10 18:35:45 [INFO] src.master_problem: RMP LP solved — obj=2703.2137, active_cols=23
2026-04-10 18:35:49 [INFO] src.master_problem: RMP LP solved — obj=2697.2249, active_cols=24
2026-04-10 18:35:51 [INFO] src.master_problem: RMP LP solved — obj=2684.3508, active_cols=24
2026-04-10 18:35:54 [INFO] src.master_problem: RMP LP solved — obj=2680.2685, active_cols=25
2026-04-10 18:35:56 [INFO] src.master_problem: RMP LP solved — obj=2678.0923, active_cols=24
2026-04-10 18:35:59 [INFO] src.master_problem: RMP LP solved — obj=2671.2747, active_cols=25
2026-04-10 18:36:02 [INFO] src.master_problem: RMP LP solved — obj=2654.6545, active_cols=26
2026-04-10 18:36:05 [INFO] src.master_problem: RMP LP solved — obj=2644.6020, active_cols=25
2026-04-10 18:36:07 [INFO] src.master_problem: RMP LP solved — obj=2637.1110, active_cols=26
2026-04-10 18:36:10 [INFO] src.master_problem: RMP LP solved — obj=2633.0684, active_cols=26
2026-04-10 18:36:12 [INFO] src.master_problem: RMP LP solved — obj=2627.7440, active_cols=26
2026-04-10 18:36:15 [INFO] src.master_problem: RMP LP solved — obj=2625.1469, active_cols=25
2026-04-10 18:36:19 [INFO] src.master_problem: RMP LP solved — obj=2623.2731, active_cols=25
2026-04-10 18:36:21 [INFO] src.master_problem: RMP LP solved — obj=2608.8263, active_cols=26
2026-04-10 18:36:24 [INFO] src.master_problem: RMP LP solved — obj=2603.1103, active_cols=26
2026-04-10 18:36:26 [INFO] __main__: RLCG sample collection: 20/26 problems (76.9%)  samples=1029  eta=805.0s
2026-04-10 18:36:26 [INFO] src.master_problem: RMP LP solved — obj=3500000.0000, active_cols=0
2026-04-10 18:36:29 [INFO] src.master_problem: RMP LP solved — obj=2601162.7581, active_cols=1
2026-04-10 18:36:33 [INFO] src.master_problem: RMP LP solved — obj=1702474.2050, active_cols=2
2026-04-10 18:36:36 [INFO] src.master_problem: RMP LP solved — obj=903725.3993, active_cols=3
2026-04-10 18:36:39 [INFO] src.master_problem: RMP LP solved — obj=205672.6151, active_cols=4
2026-04-10 18:36:41 [INFO] src.master_problem: RMP LP solved — obj=8544.0283, active_cols=5
2026-04-10 18:36:44 [INFO] src.master_problem: RMP LP solved — obj=8544.0283, active_cols=5
2026-04-10 18:36:48 [INFO] src.master_problem: RMP LP solved — obj=8544.0283, active_cols=5
2026-04-10 18:36:51 [INFO] src.master_problem: RMP LP solved — obj=7559.1711, active_cols=5
2026-04-10 18:36:53 [INFO] src.master_problem: RMP LP solved — obj=7559.1711, active_cols=5
2026-04-10 18:36:56 [INFO] src.master_problem: RMP LP solved — obj=7559.1711, active_cols=5
2026-04-10 18:36:59 [INFO] src.master_problem: RMP LP solved — obj=7559.1711, active_cols=5
2026-04-10 18:37:03 [INFO] src.master_problem: RMP LP solved — obj=7559.1711, active_cols=5
2026-04-10 18:37:06 [INFO] src.master_problem: RMP LP solved — obj=7559.1711, active_cols=5
2026-04-10 18:37:09 [INFO] src.master_problem: RMP LP solved — obj=7559.1711, active_cols=5
2026-04-10 18:37:11 [INFO] src.master_problem: RMP LP solved — obj=7559.1711, active_cols=5
2026-04-10 18:37:15 [INFO] src.master_problem: RMP LP solved — obj=7249.6078, active_cols=5
2026-04-10 18:37:18 [INFO] src.master_problem: RMP LP solved — obj=7249.6078, active_cols=5
2026-04-10 18:37:21 [INFO] src.master_problem: RMP LP solved — obj=7249.6078, active_cols=5
2026-04-10 18:37:24 [INFO] src.master_problem: RMP LP solved — obj=7249.6078, active_cols=5
2026-04-10 18:37:27 [INFO] src.master_problem: RMP LP solved — obj=7249.6078, active_cols=5
2026-04-10 18:37:31 [INFO] src.master_problem: RMP LP solved — obj=7141.7094, active_cols=18
2026-04-10 18:37:34 [INFO] src.master_problem: RMP LP solved — obj=6886.4520, active_cols=14
2026-04-10 18:37:37 [INFO] src.master_problem: RMP LP solved — obj=6677.9396, active_cols=14
2026-04-10 18:37:39 [INFO] src.master_problem: RMP LP solved — obj=6656.9879, active_cols=20
2026-04-10 18:37:42 [INFO] src.master_problem: RMP LP solved — obj=6614.4952, active_cols=17
2026-04-10 18:37:46 [INFO] src.master_problem: RMP LP solved — obj=6572.0697, active_cols=21
2026-04-10 18:37:49 [INFO] src.master_problem: RMP LP solved — obj=6532.4463, active_cols=19
2026-04-10 18:37:52 [INFO] src.master_problem: RMP LP solved — obj=6521.1941, active_cols=20
2026-04-10 18:37:55 [INFO] src.master_problem: RMP LP solved — obj=6513.0779, active_cols=22
2026-04-10 18:37:58 [INFO] src.master_problem: RMP LP solved — obj=6489.3793, active_cols=24
2026-04-10 18:38:01 [INFO] src.master_problem: RMP LP solved — obj=6485.3600, active_cols=24
2026-04-10 18:38:04 [INFO] src.master_problem: RMP LP solved — obj=6475.5773, active_cols=25
2026-04-10 18:38:07 [INFO] src.master_problem: RMP LP solved — obj=6466.2868, active_cols=25
2026-04-10 18:38:10 [INFO] src.master_problem: RMP LP solved — obj=6465.0252, active_cols=27
2026-04-10 18:38:14 [INFO] src.master_problem: RMP LP solved — obj=6461.6186, active_cols=26
2026-04-10 18:38:17 [INFO] src.master_problem: RMP LP solved — obj=6454.7535, active_cols=28
2026-04-10 18:38:20 [INFO] src.master_problem: RMP LP solved — obj=6445.7077, active_cols=27
2026-04-10 18:38:23 [INFO] src.master_problem: RMP LP solved — obj=6432.8901, active_cols=28
2026-04-10 18:38:25 [INFO] src.master_problem: RMP LP solved — obj=6390.1577, active_cols=30
2026-04-10 18:38:29 [INFO] src.master_problem: RMP LP solved — obj=6283.3640, active_cols=23
2026-04-10 18:38:32 [INFO] src.master_problem: RMP LP solved — obj=6259.6637, active_cols=26
2026-04-10 18:38:35 [INFO] src.master_problem: RMP LP solved — obj=6217.9213, active_cols=27
2026-04-10 18:38:38 [INFO] src.master_problem: RMP LP solved — obj=6195.0297, active_cols=29
2026-04-10 18:38:41 [INFO] src.master_problem: RMP LP solved — obj=6184.5449, active_cols=30
2026-04-10 18:38:44 [INFO] src.master_problem: RMP LP solved — obj=6154.6378, active_cols=30
2026-04-10 18:38:47 [INFO] src.master_problem: RMP LP solved — obj=6082.2924, active_cols=25
2026-04-10 18:38:50 [INFO] src.master_problem: RMP LP solved — obj=6049.4554, active_cols=31
2026-04-10 18:38:53 [INFO] src.master_problem: RMP LP solved — obj=6032.9601, active_cols=28
2026-04-10 18:38:56 [INFO] src.master_problem: RMP LP solved — obj=6007.0134, active_cols=29
2026-04-10 18:38:59 [INFO] src.master_problem: RMP LP solved — obj=5983.4041, active_cols=27
2026-04-10 18:39:02 [INFO] src.master_problem: RMP LP solved — obj=5982.3758, active_cols=29
2026-04-10 18:39:05 [INFO] src.master_problem: RMP LP solved — obj=5953.5641, active_cols=31
2026-04-10 18:39:08 [INFO] src.master_problem: RMP LP solved — obj=5948.3490, active_cols=32
2026-04-10 18:39:11 [INFO] src.master_problem: RMP LP solved — obj=5932.3670, active_cols=31
2026-04-10 18:39:15 [INFO] src.master_problem: RMP LP solved — obj=5924.1858, active_cols=32
2026-04-10 18:39:17 [INFO] src.master_problem: RMP LP solved — obj=5922.6083, active_cols=32
2026-04-10 18:39:20 [INFO] src.master_problem: RMP LP solved — obj=5918.9708, active_cols=32
2026-04-10 18:39:23 [INFO] src.master_problem: RMP LP solved — obj=5905.4207, active_cols=31
2026-04-10 18:39:26 [INFO] src.master_problem: RMP LP solved — obj=5871.2832, active_cols=30
2026-04-10 18:39:30 [INFO] src.master_problem: RMP LP solved — obj=5866.5103, active_cols=30
2026-04-10 18:39:33 [INFO] src.master_problem: RMP LP solved — obj=5818.1908, active_cols=33
2026-04-10 18:39:35 [INFO] src.master_problem: RMP LP solved — obj=5799.5711, active_cols=33
2026-04-10 18:39:38 [INFO] src.master_problem: RMP LP solved — obj=5789.4401, active_cols=30
2026-04-10 18:39:42 [INFO] __main__: RLCG sample collection: 21/26 problems (80.8%)  samples=1093  eta=685.5s
2026-04-10 18:39:42 [INFO] src.master_problem: RMP LP solved — obj=3200000.0000, active_cols=0
2026-04-10 18:39:45 [INFO] src.master_problem: RMP LP solved — obj=2300845.9089, active_cols=1
2026-04-10 18:39:47 [INFO] src.master_problem: RMP LP solved — obj=1401712.7040, active_cols=2
2026-04-10 18:39:50 [INFO] src.master_problem: RMP LP solved — obj=503583.4239, active_cols=3
2026-04-10 18:39:52 [INFO] src.master_problem: RMP LP solved — obj=5522.3675, active_cols=4
2026-04-10 18:39:55 [INFO] src.master_problem: RMP LP solved — obj=5522.3675, active_cols=4
2026-04-10 18:39:58 [INFO] src.master_problem: RMP LP solved — obj=5522.3675, active_cols=4
2026-04-10 18:40:01 [INFO] src.master_problem: RMP LP solved — obj=5522.3675, active_cols=4
2026-04-10 18:40:03 [INFO] src.master_problem: RMP LP solved — obj=5522.3675, active_cols=4
2026-04-10 18:40:06 [INFO] src.master_problem: RMP LP solved — obj=5522.3675, active_cols=4
2026-04-10 18:40:08 [INFO] src.master_problem: RMP LP solved — obj=5522.3675, active_cols=4
2026-04-10 18:40:12 [INFO] src.master_problem: RMP LP solved — obj=5522.3675, active_cols=4
2026-04-10 18:40:14 [INFO] src.master_problem: RMP LP solved — obj=5522.3675, active_cols=4
2026-04-10 18:40:17 [INFO] src.master_problem: RMP LP solved — obj=5522.3675, active_cols=4
2026-04-10 18:40:19 [INFO] src.master_problem: RMP LP solved — obj=5396.6868, active_cols=13
2026-04-10 18:40:22 [INFO] src.master_problem: RMP LP solved — obj=5134.5807, active_cols=14
2026-04-10 18:40:25 [INFO] src.master_problem: RMP LP solved — obj=5015.0616, active_cols=14
2026-04-10 18:40:28 [INFO] src.master_problem: RMP LP solved — obj=4906.7126, active_cols=13
2026-04-10 18:40:31 [INFO] src.master_problem: RMP LP solved — obj=4862.6877, active_cols=15
2026-04-10 18:40:33 [INFO] src.master_problem: RMP LP solved — obj=4669.6383, active_cols=18
2026-04-10 18:40:36 [INFO] src.master_problem: RMP LP solved — obj=4516.9081, active_cols=14
2026-04-10 18:40:39 [INFO] src.master_problem: RMP LP solved — obj=4261.6656, active_cols=17
2026-04-10 18:40:42 [INFO] src.master_problem: RMP LP solved — obj=4222.8667, active_cols=18
2026-04-10 18:40:45 [INFO] src.master_problem: RMP LP solved — obj=4199.5464, active_cols=18
2026-04-10 18:40:47 [INFO] src.master_problem: RMP LP solved — obj=4185.3104, active_cols=20
2026-04-10 18:40:49 [INFO] src.master_problem: RMP LP solved — obj=4117.7458, active_cols=17
2026-04-10 18:40:52 [INFO] src.master_problem: RMP LP solved — obj=4051.0314, active_cols=20
2026-04-10 18:40:56 [INFO] src.master_problem: RMP LP solved — obj=4025.6007, active_cols=20
2026-04-10 18:40:58 [INFO] src.master_problem: RMP LP solved — obj=3998.5214, active_cols=21
2026-04-10 18:41:01 [INFO] src.master_problem: RMP LP solved — obj=3985.9903, active_cols=22
2026-04-10 18:41:03 [INFO] src.master_problem: RMP LP solved — obj=3873.4675, active_cols=22
2026-04-10 18:41:06 [INFO] src.master_problem: RMP LP solved — obj=3823.0827, active_cols=22
2026-04-10 18:41:09 [INFO] src.master_problem: RMP LP solved — obj=3812.7930, active_cols=23
2026-04-10 18:41:12 [INFO] src.master_problem: RMP LP solved — obj=3801.0775, active_cols=24
2026-04-10 18:41:14 [INFO] src.master_problem: RMP LP solved — obj=3785.3086, active_cols=25
2026-04-10 18:41:17 [INFO] src.master_problem: RMP LP solved — obj=3763.9618, active_cols=21
2026-04-10 18:41:19 [INFO] src.master_problem: RMP LP solved — obj=3728.4922, active_cols=21
2026-04-10 18:41:22 [INFO] src.master_problem: RMP LP solved — obj=3692.7798, active_cols=24
2026-04-10 18:41:26 [INFO] src.master_problem: RMP LP solved — obj=3683.2215, active_cols=24
2026-04-10 18:41:28 [INFO] src.master_problem: RMP LP solved — obj=3650.6048, active_cols=25
2026-04-10 18:41:31 [INFO] src.master_problem: RMP LP solved — obj=3644.4137, active_cols=25
2026-04-10 18:41:33 [INFO] src.master_problem: RMP LP solved — obj=3635.0231, active_cols=25
2026-04-10 18:41:36 [INFO] src.master_problem: RMP LP solved — obj=3621.4286, active_cols=26
2026-04-10 18:41:39 [INFO] src.master_problem: RMP LP solved — obj=3609.9229, active_cols=26
2026-04-10 18:41:42 [INFO] src.master_problem: RMP LP solved — obj=3602.6084, active_cols=26
2026-04-10 18:41:44 [INFO] src.master_problem: RMP LP solved — obj=3598.6518, active_cols=27
2026-04-10 18:41:47 [INFO] src.master_problem: RMP LP solved — obj=3567.2820, active_cols=28
2026-04-10 18:41:49 [INFO] src.master_problem: RMP LP solved — obj=3563.8061, active_cols=27
2026-04-10 18:41:53 [INFO] src.master_problem: RMP LP solved — obj=3554.0465, active_cols=28
2026-04-10 18:41:56 [INFO] src.master_problem: RMP LP solved — obj=3548.8705, active_cols=30
2026-04-10 18:41:58 [INFO] src.master_problem: RMP LP solved — obj=3546.5987, active_cols=29
2026-04-10 18:42:01 [INFO] src.master_problem: RMP LP solved — obj=3525.7927, active_cols=29
2026-04-10 18:42:03 [INFO] src.master_problem: RMP LP solved — obj=3503.5992, active_cols=29
2026-04-10 18:42:06 [INFO] src.master_problem: RMP LP solved — obj=3500.8404, active_cols=29
2026-04-10 18:42:10 [INFO] src.master_problem: RMP LP solved — obj=3477.4696, active_cols=27
2026-04-10 18:42:12 [INFO] src.master_problem: RMP LP solved — obj=3472.6519, active_cols=28
2026-04-10 18:42:15 [INFO] src.master_problem: RMP LP solved — obj=3465.0935, active_cols=30
2026-04-10 18:42:17 [INFO] src.master_problem: RMP LP solved — obj=3450.9232, active_cols=28
2026-04-10 18:42:20 [INFO] src.master_problem: RMP LP solved — obj=3430.9630, active_cols=29
2026-04-10 18:42:24 [INFO] src.master_problem: RMP LP solved — obj=3429.3693, active_cols=30
2026-04-10 18:42:26 [INFO] src.master_problem: RMP LP solved — obj=3415.9043, active_cols=29
2026-04-10 18:42:29 [INFO] src.master_problem: RMP LP solved — obj=3407.1369, active_cols=30
2026-04-10 18:42:31 [INFO] src.master_problem: RMP LP solved — obj=3405.2609, active_cols=30
2026-04-10 18:42:34 [INFO] src.master_problem: RMP LP solved — obj=3393.1572, active_cols=31
2026-04-10 18:42:37 [INFO] __main__: RLCG sample collection: 22/26 problems (84.6%)  samples=1157  eta=555.4s
2026-04-10 18:42:37 [INFO] src.master_problem: RMP LP solved — obj=3500000.0000, active_cols=0
2026-04-10 18:42:40 [INFO] src.master_problem: RMP LP solved — obj=2601084.6202, active_cols=1
2026-04-10 18:42:43 [INFO] src.master_problem: RMP LP solved — obj=1702196.4443, active_cols=2
2026-04-10 18:42:46 [INFO] src.master_problem: RMP LP solved — obj=903584.7100, active_cols=3
2026-04-10 18:42:49 [INFO] src.master_problem: RMP LP solved — obj=205514.4857, active_cols=4
2026-04-10 18:42:53 [INFO] src.master_problem: RMP LP solved — obj=7096.2694, active_cols=5
2026-04-10 18:42:55 [INFO] src.master_problem: RMP LP solved — obj=7096.2694, active_cols=5
2026-04-10 18:42:58 [INFO] src.master_problem: RMP LP solved — obj=7096.2694, active_cols=5
2026-04-10 18:43:01 [INFO] src.master_problem: RMP LP solved — obj=7096.2694, active_cols=5
2026-04-10 18:43:04 [INFO] src.master_problem: RMP LP solved — obj=7083.9342, active_cols=5
2026-04-10 18:43:08 [INFO] src.master_problem: RMP LP solved — obj=7083.9342, active_cols=5
2026-04-10 18:43:11 [INFO] src.master_problem: RMP LP solved — obj=7083.9342, active_cols=5
2026-04-10 18:43:14 [INFO] src.master_problem: RMP LP solved — obj=7083.9342, active_cols=5
2026-04-10 18:43:16 [INFO] src.master_problem: RMP LP solved — obj=7083.9342, active_cols=5
2026-04-10 18:43:20 [INFO] src.master_problem: RMP LP solved — obj=7083.9342, active_cols=5
2026-04-10 18:43:23 [INFO] src.master_problem: RMP LP solved — obj=7083.9342, active_cols=5
2026-04-10 18:43:26 [INFO] src.master_problem: RMP LP solved — obj=6828.2489, active_cols=5
2026-04-10 18:43:29 [INFO] src.master_problem: RMP LP solved — obj=6828.2489, active_cols=5
2026-04-10 18:43:32 [INFO] src.master_problem: RMP LP solved — obj=6786.9175, active_cols=16
2026-04-10 18:43:35 [INFO] src.master_problem: RMP LP solved — obj=6596.6469, active_cols=13
2026-04-10 18:43:39 [INFO] src.master_problem: RMP LP solved — obj=6520.9464, active_cols=18
2026-04-10 18:43:41 [INFO] src.master_problem: RMP LP solved — obj=6507.6227, active_cols=18
2026-04-10 18:43:44 [INFO] src.master_problem: RMP LP solved — obj=6465.5748, active_cols=18
2026-04-10 18:43:47 [INFO] src.master_problem: RMP LP solved — obj=6460.1973, active_cols=19
2026-04-10 18:43:51 [INFO] src.master_problem: RMP LP solved — obj=6395.7879, active_cols=20
2026-04-10 18:43:54 [INFO] src.master_problem: RMP LP solved — obj=6390.9567, active_cols=20
2026-04-10 18:43:57 [INFO] src.master_problem: RMP LP solved — obj=6375.5628, active_cols=20
2026-04-10 18:43:59 [INFO] src.master_problem: RMP LP solved — obj=6337.6184, active_cols=19
2026-04-10 18:44:03 [INFO] src.master_problem: RMP LP solved — obj=6329.7048, active_cols=21
2026-04-10 18:44:06 [INFO] src.master_problem: RMP LP solved — obj=6276.3400, active_cols=14
2026-04-10 18:44:09 [INFO] src.master_problem: RMP LP solved — obj=6252.2980, active_cols=19
2026-04-10 18:44:12 [INFO] src.master_problem: RMP LP solved — obj=6252.2980, active_cols=19
2026-04-10 18:44:15 [INFO] src.master_problem: RMP LP solved — obj=6241.9990, active_cols=20
2026-04-10 18:44:20 [INFO] src.master_problem: RMP LP solved — obj=6222.8473, active_cols=23
2026-04-10 18:44:23 [INFO] src.master_problem: RMP LP solved — obj=6210.7114, active_cols=22
2026-04-10 18:44:26 [INFO] src.master_problem: RMP LP solved — obj=6191.2925, active_cols=24
2026-04-10 18:44:29 [INFO] src.master_problem: RMP LP solved — obj=6171.2336, active_cols=24
2026-04-10 18:44:32 [INFO] src.master_problem: RMP LP solved — obj=6165.2833, active_cols=24
2026-04-10 18:44:36 [INFO] src.master_problem: RMP LP solved — obj=6147.0462, active_cols=24
2026-04-10 18:44:39 [INFO] src.master_problem: RMP LP solved — obj=6130.0049, active_cols=25
2026-04-10 18:44:42 [INFO] src.master_problem: RMP LP solved — obj=6126.1926, active_cols=25
2026-04-10 18:44:44 [INFO] src.master_problem: RMP LP solved — obj=6121.4762, active_cols=27
2026-04-10 18:44:48 [INFO] src.master_problem: RMP LP solved — obj=6115.6232, active_cols=28
2026-04-10 18:44:52 [INFO] src.master_problem: RMP LP solved — obj=6112.5125, active_cols=28
2026-04-10 18:44:54 [INFO] src.master_problem: RMP LP solved — obj=6096.0389, active_cols=27
2026-04-10 18:44:57 [INFO] src.master_problem: RMP LP solved — obj=6090.1704, active_cols=26
2026-04-10 18:45:00 [INFO] src.master_problem: RMP LP solved — obj=6082.8651, active_cols=29
2026-04-10 18:45:05 [INFO] src.master_problem: RMP LP solved — obj=6078.7841, active_cols=30
2026-04-10 18:45:08 [INFO] src.master_problem: RMP LP solved — obj=6067.3356, active_cols=30
2026-04-10 18:45:11 [INFO] src.master_problem: RMP LP solved — obj=6065.7303, active_cols=31
2026-04-10 18:45:14 [INFO] src.master_problem: RMP LP solved — obj=6060.9346, active_cols=31
2026-04-10 18:45:18 [INFO] src.master_problem: RMP LP solved — obj=6053.1694, active_cols=32
2026-04-10 18:45:21 [INFO] src.master_problem: RMP LP solved — obj=6036.7410, active_cols=29
2026-04-10 18:45:24 [INFO] src.master_problem: RMP LP solved — obj=6032.6926, active_cols=32
2026-04-10 18:45:27 [INFO] src.master_problem: RMP LP solved — obj=6019.3797, active_cols=32
2026-04-10 18:45:30 [INFO] src.master_problem: RMP LP solved — obj=6009.9237, active_cols=33
2026-04-10 18:45:34 [INFO] src.master_problem: RMP LP solved — obj=5976.8004, active_cols=30
2026-04-10 18:45:37 [INFO] src.master_problem: RMP LP solved — obj=5950.6627, active_cols=30
2026-04-10 18:45:40 [INFO] src.master_problem: RMP LP solved — obj=5923.8593, active_cols=33
2026-04-10 18:45:43 [INFO] src.master_problem: RMP LP solved — obj=5915.6292, active_cols=31
2026-04-10 18:45:47 [INFO] src.master_problem: RMP LP solved — obj=5884.0858, active_cols=33
2026-04-10 18:45:51 [INFO] src.master_problem: RMP LP solved — obj=5873.0944, active_cols=31
2026-04-10 18:45:54 [INFO] src.master_problem: RMP LP solved — obj=5835.8393, active_cols=30
2026-04-10 18:45:56 [INFO] src.master_problem: RMP LP solved — obj=5832.6417, active_cols=32
2026-04-10 18:45:59 [INFO] __main__: RLCG sample collection: 23/26 problems (88.5%)  samples=1221  eta=424.8s
2026-04-10 18:45:59 [INFO] src.master_problem: RMP LP solved — obj=6200000.0000, active_cols=0
2026-04-10 18:46:04 [INFO] src.master_problem: RMP LP solved — obj=4801138.7756, active_cols=1
2026-04-10 18:46:07 [INFO] src.master_problem: RMP LP solved — obj=3802568.1164, active_cols=2
2026-04-10 18:46:10 [INFO] src.master_problem: RMP LP solved — obj=3003574.8106, active_cols=3
2026-04-10 18:46:13 [INFO] src.master_problem: RMP LP solved — obj=2204159.1840, active_cols=4
2026-04-10 18:46:16 [INFO] src.master_problem: RMP LP solved — obj=1504752.1637, active_cols=5
2026-04-10 18:46:20 [INFO] src.master_problem: RMP LP solved — obj=906100.5356, active_cols=6
2026-04-10 18:46:23 [INFO] src.master_problem: RMP LP solved — obj=606940.6287, active_cols=7
2026-04-10 18:46:25 [INFO] src.master_problem: RMP LP solved — obj=109211.7856, active_cols=8
2026-04-10 18:46:28 [INFO] src.master_problem: RMP LP solved — obj=10839.8193, active_cols=9
2026-04-10 18:46:32 [INFO] src.master_problem: RMP LP solved — obj=9929.8668, active_cols=9
2026-04-10 18:46:35 [INFO] src.master_problem: RMP LP solved — obj=9929.8668, active_cols=9
2026-04-10 18:46:38 [INFO] src.master_problem: RMP LP solved — obj=9929.8668, active_cols=9
2026-04-10 18:46:40 [INFO] src.master_problem: RMP LP solved — obj=9929.8668, active_cols=9
2026-04-10 18:46:43 [INFO] src.master_problem: RMP LP solved — obj=9929.8668, active_cols=9
2026-04-10 18:46:47 [INFO] src.master_problem: RMP LP solved — obj=9929.8668, active_cols=9
2026-04-10 18:46:50 [INFO] src.master_problem: RMP LP solved — obj=9929.8668, active_cols=9
2026-04-10 18:46:53 [INFO] src.master_problem: RMP LP solved — obj=9591.9586, active_cols=11
2026-04-10 18:46:55 [INFO] src.master_problem: RMP LP solved — obj=9573.6658, active_cols=13
2026-04-10 18:46:58 [INFO] src.master_problem: RMP LP solved — obj=9573.6658, active_cols=13
2026-04-10 18:47:02 [INFO] src.master_problem: RMP LP solved — obj=9429.8233, active_cols=17
2026-04-10 18:47:05 [INFO] src.master_problem: RMP LP solved — obj=9397.9812, active_cols=17
2026-04-10 18:47:08 [INFO] src.master_problem: RMP LP solved — obj=9196.9725, active_cols=16
2026-04-10 18:47:11 [INFO] src.master_problem: RMP LP solved — obj=9009.9673, active_cols=16
2026-04-10 18:47:14 [INFO] src.master_problem: RMP LP solved — obj=9003.2195, active_cols=19
2026-04-10 18:47:17 [INFO] src.master_problem: RMP LP solved — obj=8762.0995, active_cols=19
2026-04-10 18:47:20 [INFO] src.master_problem: RMP LP solved — obj=8762.0995, active_cols=19
2026-04-10 18:47:23 [INFO] src.master_problem: RMP LP solved — obj=8661.9073, active_cols=20
2026-04-10 18:47:25 [INFO] src.master_problem: RMP LP solved — obj=8498.4429, active_cols=21
2026-04-10 18:47:29 [INFO] src.master_problem: RMP LP solved — obj=8358.6869, active_cols=21
2026-04-10 18:47:32 [INFO] src.master_problem: RMP LP solved — obj=8222.3774, active_cols=24
2026-04-10 18:47:35 [INFO] src.master_problem: RMP LP solved — obj=8145.2247, active_cols=25
2026-04-10 18:47:38 [INFO] src.master_problem: RMP LP solved — obj=7883.1424, active_cols=23
2026-04-10 18:47:40 [INFO] src.master_problem: RMP LP solved — obj=7761.7609, active_cols=23
2026-04-10 18:47:44 [INFO] src.master_problem: RMP LP solved — obj=7714.3518, active_cols=27
2026-04-10 18:47:47 [INFO] src.master_problem: RMP LP solved — obj=7689.6882, active_cols=26
2026-04-10 18:47:49 [INFO] src.master_problem: RMP LP solved — obj=7620.5837, active_cols=27
2026-04-10 18:47:52 [INFO] src.master_problem: RMP LP solved — obj=7545.4956, active_cols=28
2026-04-10 18:47:55 [INFO] src.master_problem: RMP LP solved — obj=7401.1510, active_cols=28
2026-04-10 18:47:58 [INFO] src.master_problem: RMP LP solved — obj=7326.9062, active_cols=30
2026-04-10 18:48:01 [INFO] src.master_problem: RMP LP solved — obj=7244.2102, active_cols=30
2026-04-10 18:48:04 [INFO] src.master_problem: RMP LP solved — obj=7214.1705, active_cols=33
2026-04-10 18:48:07 [INFO] src.master_problem: RMP LP solved — obj=7202.9849, active_cols=33
2026-04-10 18:48:09 [INFO] src.master_problem: RMP LP solved — obj=7091.2692, active_cols=30
2026-04-10 18:48:13 [INFO] src.master_problem: RMP LP solved — obj=7008.4666, active_cols=32
2026-04-10 18:48:16 [INFO] src.master_problem: RMP LP solved — obj=6937.9781, active_cols=34
2026-04-10 18:48:19 [INFO] src.master_problem: RMP LP solved — obj=6871.4897, active_cols=32
2026-04-10 18:48:21 [INFO] src.master_problem: RMP LP solved — obj=6848.3593, active_cols=33
2026-04-10 18:48:24 [INFO] src.master_problem: RMP LP solved — obj=6843.5438, active_cols=33
2026-04-10 18:48:27 [INFO] src.master_problem: RMP LP solved — obj=6759.2790, active_cols=33
2026-04-10 18:48:31 [INFO] src.master_problem: RMP LP solved — obj=6723.4252, active_cols=34
2026-04-10 18:48:33 [INFO] src.master_problem: RMP LP solved — obj=6702.3852, active_cols=33
2026-04-10 18:48:36 [INFO] src.master_problem: RMP LP solved — obj=6672.8271, active_cols=33
2026-04-10 18:48:38 [INFO] src.master_problem: RMP LP solved — obj=6660.4358, active_cols=34
2026-04-10 18:48:42 [INFO] src.master_problem: RMP LP solved — obj=6599.9035, active_cols=34
2026-04-10 18:48:45 [INFO] src.master_problem: RMP LP solved — obj=6562.6807, active_cols=36
2026-04-10 18:48:48 [INFO] src.master_problem: RMP LP solved — obj=6508.2429, active_cols=38
2026-04-10 18:48:50 [INFO] src.master_problem: RMP LP solved — obj=6496.6858, active_cols=39
2026-04-10 18:48:53 [INFO] src.master_problem: RMP LP solved — obj=6308.0138, active_cols=36
2026-04-10 18:48:56 [INFO] src.master_problem: RMP LP solved — obj=6295.3875, active_cols=34
2026-04-10 18:48:59 [INFO] src.master_problem: RMP LP solved — obj=6236.0435, active_cols=36
2026-04-10 18:49:02 [INFO] src.master_problem: RMP LP solved — obj=6200.2737, active_cols=38
2026-04-10 18:49:05 [INFO] src.master_problem: RMP LP solved — obj=6163.2714, active_cols=36
2026-04-10 18:49:07 [INFO] src.master_problem: RMP LP solved — obj=6132.3654, active_cols=37
2026-04-10 18:49:10 [INFO] __main__: RLCG sample collection: 24/26 problems (92.3%)  samples=1285  eta=287.3s
2026-04-10 18:49:10 [INFO] src.master_problem: RMP LP solved — obj=600000.0000, active_cols=0
2026-04-10 18:49:13 [INFO] src.master_problem: RMP LP solved — obj=765.4891, active_cols=1
2026-04-10 18:49:16 [INFO] src.master_problem: RMP LP solved — obj=765.4891, active_cols=1
2026-04-10 18:49:18 [INFO] src.master_problem: RMP LP solved — obj=765.4891, active_cols=1
2026-04-10 18:49:21 [INFO] src.master_problem: RMP LP solved — obj=765.4891, active_cols=1
2026-04-10 18:49:23 [INFO] src.master_problem: RMP LP solved — obj=765.4891, active_cols=1
2026-04-10 18:49:26 [INFO] src.master_problem: RMP LP solved — obj=765.4891, active_cols=1
2026-04-10 18:49:29 [INFO] src.master_problem: RMP LP solved — obj=765.4891, active_cols=1
2026-04-10 18:49:31 [INFO] src.master_problem: RMP LP solved — obj=765.4891, active_cols=1
2026-04-10 18:49:34 [INFO] src.master_problem: RMP LP solved — obj=765.4891, active_cols=1
2026-04-10 18:49:36 [INFO] src.master_problem: RMP LP solved — obj=765.4891, active_cols=1
2026-04-10 18:49:39 [INFO] src.master_problem: RMP LP solved — obj=765.4891, active_cols=1
2026-04-10 18:49:42 [INFO] __main__: RLCG sample collection: 25/26 problems (96.2%)  samples=1296  eta=139.2s
2026-04-10 18:49:42 [INFO] src.master_problem: RMP LP solved — obj=600000.0000, active_cols=0
2026-04-10 18:49:45 [INFO] src.master_problem: RMP LP solved — obj=1367.2542, active_cols=1
2026-04-10 18:49:47 [INFO] src.master_problem: RMP LP solved — obj=1367.2542, active_cols=1
2026-04-10 18:49:49 [INFO] src.master_problem: RMP LP solved — obj=1367.2542, active_cols=1
2026-04-10 18:49:52 [INFO] src.master_problem: RMP LP solved — obj=1367.2542, active_cols=1
2026-04-10 18:49:55 [INFO] src.master_problem: RMP LP solved — obj=1367.2542, active_cols=1
2026-04-10 18:49:57 [INFO] src.master_problem: RMP LP solved — obj=1367.2542, active_cols=1
2026-04-10 18:50:00 [INFO] src.master_problem: RMP LP solved — obj=1367.2542, active_cols=1
2026-04-10 18:50:02 [INFO] src.master_problem: RMP LP solved — obj=1367.2542, active_cols=1
2026-04-10 18:50:05 [INFO] src.master_problem: RMP LP solved — obj=1367.2542, active_cols=1
2026-04-10 18:50:07 [INFO] __main__: RLCG sample collection: 26/26 problems (100.0%)  samples=1305  eta=0.0s
2026-04-10 18:50:14 [INFO] src.graph_dqn: Graph-DQN train epoch 1/1000 (0.1%)  loss=8.480223  eta=4326.8s
2026-04-10 18:50:18 [INFO] src.graph_dqn: Graph-DQN train epoch 2/1000 (0.2%)  loss=2.307647  eta=4213.5s
2026-04-10 18:50:22 [INFO] src.graph_dqn: Graph-DQN train epoch 3/1000 (0.3%)  loss=2.927188  eta=4297.1s
2026-04-10 18:50:28 [INFO] src.graph_dqn: Graph-DQN train epoch 4/1000 (0.4%)  loss=0.262857  eta=4525.4s
2026-04-10 18:50:32 [INFO] src.graph_dqn: Graph-DQN train epoch 5/1000 (0.5%)  loss=0.311476  eta=4431.4s
2026-04-10 18:50:36 [INFO] src.graph_dqn: Graph-DQN train epoch 6/1000 (0.6%)  loss=0.091247  eta=4354.5s
2026-04-10 18:50:41 [INFO] src.graph_dqn: Graph-DQN train epoch 7/1000 (0.7%)  loss=0.109050  eta=4520.4s
2026-04-10 18:50:45 [INFO] src.graph_dqn: Graph-DQN train epoch 8/1000 (0.8%)  loss=0.683803  eta=4446.1s
2026-04-10 18:50:49 [INFO] src.graph_dqn: Graph-DQN train epoch 9/1000 (0.9%)  loss=0.713948  eta=4384.0s
2026-04-10 18:50:54 [INFO] src.graph_dqn: Graph-DQN train epoch 10/1000 (1.0%)  loss=0.343977  eta=4434.5s
2026-04-10 18:50:59 [INFO] src.graph_dqn: Graph-DQN train epoch 11/1000 (1.1%)  loss=0.364358  eta=4444.7s
2026-04-10 18:51:03 [INFO] src.graph_dqn: Graph-DQN train epoch 12/1000 (1.2%)  loss=1.324867  eta=4417.5s
2026-04-10 18:51:08 [INFO] src.graph_dqn: Graph-DQN train epoch 13/1000 (1.3%)  loss=0.247013  eta=4421.0s
2026-04-10 18:51:13 [INFO] src.graph_dqn: Graph-DQN train epoch 14/1000 (1.4%)  loss=0.108788  eta=4460.7s
2026-04-10 18:51:17 [INFO] src.graph_dqn: Graph-DQN train epoch 15/1000 (1.5%)  loss=0.049062  eta=4422.4s
2026-04-10 18:51:21 [INFO] src.graph_dqn: Graph-DQN train epoch 16/1000 (1.6%)  loss=0.047308  eta=4384.7s
2026-04-10 18:51:26 [INFO] src.graph_dqn: Graph-DQN train epoch 17/1000 (1.7%)  loss=0.023617  eta=4442.5s
2026-04-10 18:51:30 [INFO] src.graph_dqn: Graph-DQN train epoch 18/1000 (1.8%)  loss=0.031391  eta=4416.6s
2026-04-10 18:51:34 [INFO] src.graph_dqn: Graph-DQN train epoch 19/1000 (1.9%)  loss=0.195128  eta=4386.5s
2026-04-10 18:51:39 [INFO] src.graph_dqn: Graph-DQN train epoch 20/1000 (2.0%)  loss=0.142659  eta=4412.8s
2026-04-10 18:51:44 [INFO] src.graph_dqn: Graph-DQN train epoch 21/1000 (2.1%)  loss=0.018466  eta=4407.9s
2026-04-10 18:51:48 [INFO] src.graph_dqn: Graph-DQN train epoch 22/1000 (2.2%)  loss=0.034511  eta=4381.3s
2026-04-10 18:51:52 [INFO] src.graph_dqn: Graph-DQN train epoch 23/1000 (2.3%)  loss=0.020743  eta=4375.9s
2026-04-10 18:51:58 [INFO] src.graph_dqn: Graph-DQN train epoch 24/1000 (2.4%)  loss=0.023311  eta=4405.1s
2026-04-10 18:52:02 [INFO] src.graph_dqn: Graph-DQN train epoch 25/1000 (2.5%)  loss=0.199034  eta=4395.1s
2026-04-10 18:52:06 [INFO] src.graph_dqn: Graph-DQN train epoch 26/1000 (2.6%)  loss=0.060976  eta=4377.3s
2026-04-10 18:52:12 [INFO] src.graph_dqn: Graph-DQN train epoch 27/1000 (2.7%)  loss=0.025281  eta=4408.6s
2026-04-10 18:52:16 [INFO] src.graph_dqn: Graph-DQN train epoch 28/1000 (2.8%)  loss=0.028849  eta=4387.1s
2026-04-10 18:52:20 [INFO] src.graph_dqn: Graph-DQN train epoch 29/1000 (2.9%)  loss=0.018036  eta=4365.4s
2026-04-10 18:52:25 [INFO] src.graph_dqn: Graph-DQN train epoch 30/1000 (3.0%)  loss=0.016321  eta=4381.9s
2026-04-10 18:52:29 [INFO] src.graph_dqn: Graph-DQN train epoch 31/1000 (3.1%)  loss=0.008362  eta=4374.0s
2026-04-10 18:52:33 [INFO] src.graph_dqn: Graph-DQN train epoch 32/1000 (3.2%)  loss=0.022491  eta=4353.7s
2026-04-10 18:52:38 [INFO] src.graph_dqn: Graph-DQN train epoch 33/1000 (3.3%)  loss=0.001970  eta=4348.3s
2026-04-10 18:52:43 [INFO] src.graph_dqn: Graph-DQN train epoch 34/1000 (3.4%)  loss=0.021429  eta=4358.6s
2026-04-10 18:52:47 [INFO] src.graph_dqn: Graph-DQN train epoch 35/1000 (3.5%)  loss=0.011710  eta=4339.5s
2026-04-10 18:52:51 [INFO] src.graph_dqn: Graph-DQN train epoch 36/1000 (3.6%)  loss=0.011741  eta=4321.6s
2026-04-10 18:52:56 [INFO] src.graph_dqn: Graph-DQN train epoch 37/1000 (3.7%)  loss=0.002834  eta=4341.6s
2026-04-10 18:53:00 [INFO] src.graph_dqn: Graph-DQN train epoch 38/1000 (3.8%)  loss=0.016985  eta=4324.9s
2026-04-10 18:53:04 [INFO] src.graph_dqn: Graph-DQN train epoch 39/1000 (3.9%)  loss=0.011449  eta=4309.3s
2026-04-10 18:53:09 [INFO] src.graph_dqn: Graph-DQN train epoch 40/1000 (4.0%)  loss=0.008920  eta=4314.3s
2026-04-10 18:53:14 [INFO] src.graph_dqn: Graph-DQN train epoch 41/1000 (4.1%)  loss=0.008805  eta=4314.2s
2026-04-10 18:53:18 [INFO] src.graph_dqn: Graph-DQN train epoch 42/1000 (4.2%)  loss=0.004883  eta=4298.5s
2026-04-10 18:53:22 [INFO] src.graph_dqn: Graph-DQN train epoch 43/1000 (4.3%)  loss=0.009960  eta=4289.0s
2026-04-10 18:53:27 [INFO] src.graph_dqn: Graph-DQN train epoch 44/1000 (4.4%)  loss=0.006549  eta=4303.6s
2026-04-10 18:53:32 [INFO] src.graph_dqn: Graph-DQN train epoch 45/1000 (4.5%)  loss=0.003793  eta=4290.1s
2026-04-10 18:53:36 [INFO] src.graph_dqn: Graph-DQN train epoch 46/1000 (4.6%)  loss=0.009948  eta=4277.1s
2026-04-10 18:53:41 [INFO] src.graph_dqn: Graph-DQN train epoch 47/1000 (4.7%)  loss=0.005648  eta=4295.7s
2026-04-10 18:53:45 [INFO] src.graph_dqn: Graph-DQN train epoch 48/1000 (4.8%)  loss=0.007497  eta=4282.5s
2026-04-10 18:53:49 [INFO] src.graph_dqn: Graph-DQN train epoch 49/1000 (4.9%)  loss=0.005750  eta=4270.5s
2026-04-10 18:53:54 [INFO] src.graph_dqn: Graph-DQN train epoch 50/1000 (5.0%)  loss=0.004086  eta=4275.2s
2026-04-10 18:53:59 [INFO] src.graph_dqn: Graph-DQN train epoch 51/1000 (5.1%)  loss=1.156222  eta=4273.4s
2026-04-10 18:54:03 [INFO] src.graph_dqn: Graph-DQN train epoch 52/1000 (5.2%)  loss=0.602615  eta=4261.9s
2026-04-10 18:54:08 [INFO] src.graph_dqn: Graph-DQN train epoch 53/1000 (5.3%)  loss=0.025612  eta=4258.7s
2026-04-10 18:54:13 [INFO] src.graph_dqn: Graph-DQN train epoch 54/1000 (5.4%)  loss=0.025575  eta=4268.5s
2026-04-10 18:54:17 [INFO] src.graph_dqn: Graph-DQN train epoch 55/1000 (5.5%)  loss=0.007646  eta=4257.7s
2026-04-10 18:54:21 [INFO] src.graph_dqn: Graph-DQN train epoch 56/1000 (5.6%)  loss=0.003252  eta=4247.0s
2026-04-10 18:54:27 [INFO] src.graph_dqn: Graph-DQN train epoch 57/1000 (5.7%)  loss=0.005769  eta=4263.0s
2026-04-10 18:54:31 [INFO] src.graph_dqn: Graph-DQN train epoch 58/1000 (5.8%)  loss=0.011747  eta=4254.6s
2026-04-10 18:54:36 [INFO] src.graph_dqn: Graph-DQN train epoch 59/1000 (5.9%)  loss=0.009409  eta=4246.6s
2026-04-10 18:54:41 [INFO] src.graph_dqn: Graph-DQN train epoch 60/1000 (6.0%)  loss=0.030075  eta=4259.8s
2026-04-10 18:54:46 [INFO] src.graph_dqn: Graph-DQN train epoch 61/1000 (6.1%)  loss=0.114044  eta=4252.4s
2026-04-10 18:54:50 [INFO] src.graph_dqn: Graph-DQN train epoch 62/1000 (6.2%)  loss=0.008503  eta=4244.1s
2026-04-10 18:54:55 [INFO] src.graph_dqn: Graph-DQN train epoch 63/1000 (6.3%)  loss=0.004615  eta=4252.6s
2026-04-10 18:55:00 [INFO] src.graph_dqn: Graph-DQN train epoch 64/1000 (6.4%)  loss=0.010554  eta=4249.9s
2026-04-10 18:55:04 [INFO] src.graph_dqn: Graph-DQN train epoch 65/1000 (6.5%)  loss=0.008427  eta=4243.0s
2026-04-10 18:55:10 [INFO] src.graph_dqn: Graph-DQN train epoch 66/1000 (6.6%)  loss=0.008174  eta=4250.0s
2026-04-10 18:55:15 [INFO] src.graph_dqn: Graph-DQN train epoch 67/1000 (6.7%)  loss=0.005792  eta=4251.3s
2026-04-10 18:55:19 [INFO] src.graph_dqn: Graph-DQN train epoch 68/1000 (6.8%)  loss=0.008310  eta=4244.2s
2026-04-10 18:55:24 [INFO] src.graph_dqn: Graph-DQN train epoch 69/1000 (6.9%)  loss=0.001700  eta=4249.4s
2026-04-10 18:55:29 [INFO] src.graph_dqn: Graph-DQN train epoch 70/1000 (7.0%)  loss=0.008149  eta=4252.5s
2026-04-10 18:55:34 [INFO] src.graph_dqn: Graph-DQN train epoch 71/1000 (7.1%)  loss=0.001602  eta=4247.0s
2026-04-10 18:55:39 [INFO] src.graph_dqn: Graph-DQN train epoch 72/1000 (7.2%)  loss=0.015813  eta=4252.0s
2026-04-10 18:55:44 [INFO] src.graph_dqn: Graph-DQN train epoch 73/1000 (7.3%)  loss=0.002710  eta=4253.2s
2026-04-10 18:55:49 [INFO] src.graph_dqn: Graph-DQN train epoch 74/1000 (7.4%)  loss=0.065710  eta=4246.8s
2026-04-10 18:55:54 [INFO] src.graph_dqn: Graph-DQN train epoch 75/1000 (7.5%)  loss=0.023372  eta=4249.4s
2026-04-10 18:55:59 [INFO] src.graph_dqn: Graph-DQN train epoch 76/1000 (7.6%)  loss=0.030337  eta=4251.8s
2026-04-10 18:56:04 [INFO] src.graph_dqn: Graph-DQN train epoch 77/1000 (7.7%)  loss=0.010687  eta=4246.3s
2026-04-10 18:56:09 [INFO] src.graph_dqn: Graph-DQN train epoch 78/1000 (7.8%)  loss=0.004017  eta=4248.9s
2026-04-10 18:56:14 [INFO] src.graph_dqn: Graph-DQN train epoch 79/1000 (7.9%)  loss=0.007842  eta=4252.9s
2026-04-10 18:56:19 [INFO] src.graph_dqn: Graph-DQN train epoch 80/1000 (8.0%)  loss=0.028251  eta=4247.5s
2026-04-10 18:56:24 [INFO] src.graph_dqn: Graph-DQN train epoch 81/1000 (8.1%)  loss=0.011103  eta=4250.9s
2026-04-10 18:56:29 [INFO] src.graph_dqn: Graph-DQN train epoch 82/1000 (8.2%)  loss=0.006581  eta=4253.3s
2026-04-10 18:56:34 [INFO] src.graph_dqn: Graph-DQN train epoch 83/1000 (8.3%)  loss=0.005463  eta=4249.9s
2026-04-10 18:56:40 [INFO] src.graph_dqn: Graph-DQN train epoch 84/1000 (8.4%)  loss=0.001908  eta=4254.8s
2026-04-10 18:56:45 [INFO] src.graph_dqn: Graph-DQN train epoch 85/1000 (8.5%)  loss=0.006085  eta=4254.9s
2026-04-10 18:56:49 [INFO] src.graph_dqn: Graph-DQN train epoch 86/1000 (8.6%)  loss=0.007076  eta=4248.2s
2026-04-10 18:56:54 [INFO] src.graph_dqn: Graph-DQN train epoch 87/1000 (8.7%)  loss=0.004307  eta=4251.0s
2026-04-10 18:57:00 [INFO] src.graph_dqn: Graph-DQN train epoch 88/1000 (8.8%)  loss=0.030632  eta=4250.7s
2026-04-10 18:57:04 [INFO] src.graph_dqn: Graph-DQN train epoch 89/1000 (8.9%)  loss=0.008699  eta=4245.1s
2026-04-10 18:57:10 [INFO] src.graph_dqn: Graph-DQN train epoch 90/1000 (9.0%)  loss=0.007161  eta=4248.4s
2026-04-10 18:57:15 [INFO] src.graph_dqn: Graph-DQN train epoch 91/1000 (9.1%)  loss=0.003943  eta=4248.9s
2026-04-10 18:57:19 [INFO] src.graph_dqn: Graph-DQN train epoch 92/1000 (9.2%)  loss=0.004210  eta=4242.7s
2026-04-10 18:57:25 [INFO] src.graph_dqn: Graph-DQN train epoch 93/1000 (9.3%)  loss=0.001436  eta=4245.8s
2026-04-10 18:57:30 [INFO] src.graph_dqn: Graph-DQN train epoch 94/1000 (9.4%)  loss=0.002424  eta=4245.8s
2026-04-10 18:57:35 [INFO] src.graph_dqn: Graph-DQN train epoch 95/1000 (9.5%)  loss=1.359667  eta=4240.1s
2026-04-10 18:57:40 [INFO] src.graph_dqn: Graph-DQN train epoch 96/1000 (9.6%)  loss=0.010185  eta=4242.8s
2026-04-10 18:57:45 [INFO] src.graph_dqn: Graph-DQN train epoch 97/1000 (9.7%)  loss=0.009676  eta=4240.5s
2026-04-10 18:57:49 [INFO] src.graph_dqn: Graph-DQN train epoch 98/1000 (9.8%)  loss=0.007358  eta=4233.4s
2026-04-10 18:57:55 [INFO] src.graph_dqn: Graph-DQN train epoch 99/1000 (9.9%)  loss=0.002246  eta=4234.2s
2026-04-10 18:58:00 [INFO] src.graph_dqn: Graph-DQN train epoch 100/1000 (10.0%)  loss=0.002076  eta=4232.8s
2026-04-10 18:58:00 [INFO] __main__: Saved selector checkpoint: dqn_model_rlcg_epoch_100.pt
2026-04-10 18:58:04 [INFO] src.graph_dqn: Graph-DQN train epoch 101/1000 (10.1%)  loss=0.006839  eta=4226.5s
2026-04-10 18:58:10 [INFO] src.graph_dqn: Graph-DQN train epoch 102/1000 (10.2%)  loss=0.002939  eta=4227.8s
2026-04-10 18:58:15 [INFO] src.graph_dqn: Graph-DQN train epoch 103/1000 (10.3%)  loss=0.001677  eta=4226.8s
2026-04-10 18:58:19 [INFO] src.graph_dqn: Graph-DQN train epoch 104/1000 (10.4%)  loss=0.009190  eta=4219.1s
2026-04-10 18:58:24 [INFO] src.graph_dqn: Graph-DQN train epoch 105/1000 (10.5%)  loss=0.001190  eta=4219.2s
2026-04-10 18:58:30 [INFO] src.graph_dqn: Graph-DQN train epoch 106/1000 (10.6%)  loss=0.005086  eta=4218.6s
2026-04-10 18:58:34 [INFO] src.graph_dqn: Graph-DQN train epoch 107/1000 (10.7%)  loss=0.004763  eta=4212.3s
2026-04-10 18:58:40 [INFO] src.graph_dqn: Graph-DQN train epoch 108/1000 (10.8%)  loss=0.003143  eta=4215.3s
2026-04-10 18:58:45 [INFO] src.graph_dqn: Graph-DQN train epoch 109/1000 (10.9%)  loss=0.010571  eta=4213.5s
2026-04-10 18:58:49 [INFO] src.graph_dqn: Graph-DQN train epoch 110/1000 (11.0%)  loss=0.001505  eta=4206.6s
2026-04-10 18:58:55 [INFO] src.graph_dqn: Graph-DQN train epoch 111/1000 (11.1%)  loss=0.002151  eta=4206.2s
2026-04-10 18:59:00 [INFO] src.graph_dqn: Graph-DQN train epoch 112/1000 (11.2%)  loss=0.003853  eta=4205.2s
2026-04-10 18:59:04 [INFO] src.graph_dqn: Graph-DQN train epoch 113/1000 (11.3%)  loss=0.000605  eta=4199.1s
2026-04-10 18:59:10 [INFO] src.graph_dqn: Graph-DQN train epoch 114/1000 (11.4%)  loss=0.008555  eta=4199.5s
2026-04-10 18:59:15 [INFO] src.graph_dqn: Graph-DQN train epoch 115/1000 (11.5%)  loss=0.006858  eta=4198.0s
2026-04-10 18:59:19 [INFO] src.graph_dqn: Graph-DQN train epoch 116/1000 (11.6%)  loss=0.000426  eta=4191.8s
2026-04-10 18:59:25 [INFO] src.graph_dqn: Graph-DQN train epoch 117/1000 (11.7%)  loss=0.012980  eta=4191.8s
2026-04-10 18:59:30 [INFO] src.graph_dqn: Graph-DQN train epoch 118/1000 (11.8%)  loss=0.000761  eta=4190.1s
2026-04-10 18:59:35 [INFO] src.graph_dqn: Graph-DQN train epoch 119/1000 (11.9%)  loss=0.004079  eta=4183.9s
2026-04-10 18:59:40 [INFO] src.graph_dqn: Graph-DQN train epoch 120/1000 (12.0%)  loss=0.005133  eta=4186.0s
2026-04-10 18:59:45 [INFO] src.graph_dqn: Graph-DQN train epoch 121/1000 (12.1%)  loss=0.002392  eta=4183.3s
2026-04-10 18:59:50 [INFO] src.graph_dqn: Graph-DQN train epoch 122/1000 (12.2%)  loss=0.003816  eta=4176.3s
2026-04-10 18:59:55 [INFO] src.graph_dqn: Graph-DQN train epoch 123/1000 (12.3%)  loss=0.006173  eta=4176.2s
2026-04-10 19:00:00 [INFO] src.graph_dqn: Graph-DQN train epoch 124/1000 (12.4%)  loss=0.001445  eta=4173.6s
2026-04-10 19:00:05 [INFO] src.graph_dqn: Graph-DQN train epoch 125/1000 (12.5%)  loss=0.004745  eta=4169.2s
2026-04-10 19:00:11 [INFO] src.graph_dqn: Graph-DQN train epoch 126/1000 (12.6%)  loss=0.001545  eta=4171.6s
2026-04-10 19:00:16 [INFO] src.graph_dqn: Graph-DQN train epoch 127/1000 (12.7%)  loss=0.006910  eta=4167.9s
2026-04-10 19:00:20 [INFO] src.graph_dqn: Graph-DQN train epoch 128/1000 (12.8%)  loss=0.002649  eta=4160.8s
2026-04-10 19:00:26 [INFO] src.graph_dqn: Graph-DQN train epoch 129/1000 (12.9%)  loss=0.005539  eta=4161.0s
2026-04-10 19:00:31 [INFO] src.graph_dqn: Graph-DQN train epoch 130/1000 (13.0%)  loss=0.001669  eta=4158.2s
2026-04-10 19:00:35 [INFO] src.graph_dqn: Graph-DQN train epoch 131/1000 (13.1%)  loss=0.004225  eta=4151.6s
2026-04-10 19:00:41 [INFO] src.graph_dqn: Graph-DQN train epoch 132/1000 (13.2%)  loss=0.006146  eta=4154.1s
2026-04-10 19:00:46 [INFO] src.graph_dqn: Graph-DQN train epoch 133/1000 (13.3%)  loss=0.001577  eta=4150.3s
2026-04-10 19:00:51 [INFO] src.graph_dqn: Graph-DQN train epoch 134/1000 (13.4%)  loss=0.006080  eta=4143.3s
2026-04-10 19:00:56 [INFO] src.graph_dqn: Graph-DQN train epoch 135/1000 (13.5%)  loss=0.004459  eta=4144.0s
2026-04-10 19:01:01 [INFO] src.graph_dqn: Graph-DQN train epoch 136/1000 (13.6%)  loss=0.001025  eta=4139.9s
2026-04-10 19:01:06 [INFO] src.graph_dqn: Graph-DQN train epoch 137/1000 (13.7%)  loss=0.005779  eta=4134.0s
2026-04-10 19:01:11 [INFO] src.graph_dqn: Graph-DQN train epoch 138/1000 (13.8%)  loss=0.001552  eta=4134.9s
2026-04-10 19:01:16 [INFO] src.graph_dqn: Graph-DQN train epoch 139/1000 (13.9%)  loss=0.004257  eta=4130.9s
2026-04-10 19:01:21 [INFO] src.graph_dqn: Graph-DQN train epoch 140/1000 (14.0%)  loss=0.003017  eta=4124.5s
2026-04-10 19:01:27 [INFO] src.graph_dqn: Graph-DQN train epoch 141/1000 (14.1%)  loss=0.019092  eta=4126.1s
2026-04-10 19:01:32 [INFO] src.graph_dqn: Graph-DQN train epoch 142/1000 (14.2%)  loss=0.003974  eta=4121.6s
2026-04-10 19:01:36 [INFO] src.graph_dqn: Graph-DQN train epoch 143/1000 (14.3%)  loss=0.001116  eta=4116.3s
2026-04-10 19:01:42 [INFO] src.graph_dqn: Graph-DQN train epoch 144/1000 (14.4%)  loss=0.002222  eta=4119.3s
2026-04-10 19:01:47 [INFO] src.graph_dqn: Graph-DQN train epoch 145/1000 (14.5%)  loss=0.006754  eta=4113.1s
2026-04-10 19:01:52 [INFO] src.graph_dqn: Graph-DQN train epoch 146/1000 (14.6%)  loss=0.000900  eta=4106.8s
2026-04-10 19:01:58 [INFO] src.graph_dqn: Graph-DQN train epoch 147/1000 (14.7%)  loss=0.002332  eta=4109.8s
2026-04-10 19:02:02 [INFO] src.graph_dqn: Graph-DQN train epoch 148/1000 (14.8%)  loss=0.001486  eta=4103.3s
2026-04-10 19:02:07 [INFO] src.graph_dqn: Graph-DQN train epoch 149/1000 (14.9%)  loss=0.649928  eta=4097.0s
2026-04-10 19:02:13 [INFO] src.graph_dqn: Graph-DQN train epoch 150/1000 (15.0%)  loss=0.000317  eta=4099.0s
2026-04-10 19:02:17 [INFO] src.graph_dqn: Graph-DQN train epoch 151/1000 (15.1%)  loss=0.001122  eta=4092.5s
2026-04-10 19:02:22 [INFO] src.graph_dqn: Graph-DQN train epoch 152/1000 (15.2%)  loss=0.006017  eta=4085.6s
2026-04-10 19:02:28 [INFO] src.graph_dqn: Graph-DQN train epoch 153/1000 (15.3%)  loss=0.000833  eta=4087.8s
2026-04-10 19:02:32 [INFO] src.graph_dqn: Graph-DQN train epoch 154/1000 (15.4%)  loss=0.003127  eta=4081.3s
2026-04-10 19:02:37 [INFO] src.graph_dqn: Graph-DQN train epoch 155/1000 (15.5%)  loss=0.000392  eta=4075.0s
2026-04-10 19:02:43 [INFO] src.graph_dqn: Graph-DQN train epoch 156/1000 (15.6%)  loss=0.005889  eta=4078.3s
2026-04-10 19:02:48 [INFO] src.graph_dqn: Graph-DQN train epoch 157/1000 (15.7%)  loss=0.002215  eta=4071.5s
2026-04-10 19:02:52 [INFO] src.graph_dqn: Graph-DQN train epoch 158/1000 (15.8%)  loss=0.001633  eta=4064.7s
2026-04-10 19:02:58 [INFO] src.graph_dqn: Graph-DQN train epoch 159/1000 (15.9%)  loss=0.007099  eta=4066.2s
2026-04-10 19:03:03 [INFO] src.graph_dqn: Graph-DQN train epoch 160/1000 (16.0%)  loss=0.003157  eta=4059.4s
2026-04-10 19:03:07 [INFO] src.graph_dqn: Graph-DQN train epoch 161/1000 (16.1%)  loss=0.001972  eta=4053.2s
2026-04-10 19:03:13 [INFO] src.graph_dqn: Graph-DQN train epoch 162/1000 (16.2%)  loss=0.006203  eta=4054.7s
2026-04-10 19:03:18 [INFO] src.graph_dqn: Graph-DQN train epoch 163/1000 (16.3%)  loss=0.001487  eta=4048.2s
2026-04-10 19:03:22 [INFO] src.graph_dqn: Graph-DQN train epoch 164/1000 (16.4%)  loss=0.006219  eta=4041.8s
2026-04-10 19:03:29 [INFO] src.graph_dqn: Graph-DQN train epoch 165/1000 (16.5%)  loss=0.137311  eta=4044.8s
2026-04-10 19:03:33 [INFO] src.graph_dqn: Graph-DQN train epoch 166/1000 (16.6%)  loss=0.029968  eta=4039.2s
2026-04-10 19:03:38 [INFO] src.graph_dqn: Graph-DQN train epoch 167/1000 (16.7%)  loss=0.002642  eta=4034.5s
2026-04-10 19:03:44 [INFO] src.graph_dqn: Graph-DQN train epoch 168/1000 (16.8%)  loss=0.007558  eta=4034.9s
2026-04-10 19:03:49 [INFO] src.graph_dqn: Graph-DQN train epoch 169/1000 (16.9%)  loss=0.001104  eta=4028.5s
2026-04-10 19:03:53 [INFO] src.graph_dqn: Graph-DQN train epoch 170/1000 (17.0%)  loss=0.004585  eta=4022.8s
2026-04-10 19:03:59 [INFO] src.graph_dqn: Graph-DQN train epoch 171/1000 (17.1%)  loss=0.002174  eta=4023.1s
2026-04-10 19:04:04 [INFO] src.graph_dqn: Graph-DQN train epoch 172/1000 (17.2%)  loss=0.001642  eta=4016.4s
2026-04-10 19:04:09 [INFO] src.graph_dqn: Graph-DQN train epoch 173/1000 (17.3%)  loss=0.002481  eta=4011.8s
2026-04-10 19:04:15 [INFO] src.graph_dqn: Graph-DQN train epoch 174/1000 (17.4%)  loss=0.005992  eta=4012.4s
2026-04-10 19:04:19 [INFO] src.graph_dqn: Graph-DQN train epoch 175/1000 (17.5%)  loss=0.003504  eta=4006.2s
2026-04-10 19:04:24 [INFO] src.graph_dqn: Graph-DQN train epoch 176/1000 (17.6%)  loss=0.003498  eta=4001.5s
2026-04-10 19:04:30 [INFO] src.graph_dqn: Graph-DQN train epoch 177/1000 (17.7%)  loss=0.001356  eta=4000.9s
2026-04-10 19:04:34 [INFO] src.graph_dqn: Graph-DQN train epoch 178/1000 (17.8%)  loss=0.001477  eta=3994.7s
2026-04-10 19:04:40 [INFO] src.graph_dqn: Graph-DQN train epoch 179/1000 (17.9%)  loss=0.002342  eta=3991.4s
2026-04-10 19:04:45 [INFO] src.graph_dqn: Graph-DQN train epoch 180/1000 (18.0%)  loss=0.000534  eta=3989.4s
2026-04-10 19:04:50 [INFO] src.graph_dqn: Graph-DQN train epoch 181/1000 (18.1%)  loss=0.001494  eta=3983.1s
2026-04-10 19:04:55 [INFO] src.graph_dqn: Graph-DQN train epoch 182/1000 (18.2%)  loss=0.002404  eta=3979.2s
2026-04-10 19:05:00 [INFO] src.graph_dqn: Graph-DQN train epoch 183/1000 (18.3%)  loss=0.010783  eta=3977.4s
2026-04-10 19:05:05 [INFO] src.graph_dqn: Graph-DQN train epoch 184/1000 (18.4%)  loss=0.000718  eta=3971.5s
2026-04-10 19:05:10 [INFO] src.graph_dqn: Graph-DQN train epoch 185/1000 (18.5%)  loss=0.000272  eta=3968.4s
2026-04-10 19:05:16 [INFO] src.graph_dqn: Graph-DQN train epoch 186/1000 (18.6%)  loss=0.000173  eta=3965.8s
2026-04-10 19:05:20 [INFO] src.graph_dqn: Graph-DQN train epoch 187/1000 (18.7%)  loss=0.000135  eta=3959.1s
2026-04-10 19:05:25 [INFO] src.graph_dqn: Graph-DQN train epoch 188/1000 (18.8%)  loss=0.000174  eta=3956.2s
2026-04-10 19:05:31 [INFO] src.graph_dqn: Graph-DQN train epoch 189/1000 (18.9%)  loss=0.010428  eta=3953.5s
2026-04-10 19:05:35 [INFO] src.graph_dqn: Graph-DQN train epoch 190/1000 (19.0%)  loss=0.011011  eta=3947.9s
2026-04-10 19:05:41 [INFO] src.graph_dqn: Graph-DQN train epoch 191/1000 (19.1%)  loss=0.000610  eta=3945.7s
2026-04-10 19:05:46 [INFO] src.graph_dqn: Graph-DQN train epoch 192/1000 (19.2%)  loss=0.000280  eta=3942.3s
2026-04-10 19:05:51 [INFO] src.graph_dqn: Graph-DQN train epoch 193/1000 (19.3%)  loss=0.000180  eta=3935.8s
2026-04-10 19:05:56 [INFO] src.graph_dqn: Graph-DQN train epoch 194/1000 (19.4%)  loss=0.000140  eta=3933.5s
2026-04-10 19:06:01 [INFO] src.graph_dqn: Graph-DQN train epoch 195/1000 (19.5%)  loss=0.000093  eta=3929.5s
2026-04-10 19:06:06 [INFO] src.graph_dqn: Graph-DQN train epoch 196/1000 (19.6%)  loss=0.000056  eta=3923.6s
2026-04-10 19:06:12 [INFO] src.graph_dqn: Graph-DQN train epoch 197/1000 (19.7%)  loss=0.000039  eta=3922.1s
2026-04-10 19:06:17 [INFO] src.graph_dqn: Graph-DQN train epoch 198/1000 (19.8%)  loss=0.006973  eta=3917.7s
2026-04-10 19:06:21 [INFO] src.graph_dqn: Graph-DQN train epoch 199/1000 (19.9%)  loss=0.000015  eta=3911.4s
2026-04-10 19:06:27 [INFO] src.graph_dqn: Graph-DQN train epoch 200/1000 (20.0%)  loss=0.000014  eta=3909.6s
2026-04-10 19:06:27 [INFO] __main__: Saved selector checkpoint: dqn_model_rlcg_epoch_200.pt
2026-04-10 19:06:32 [INFO] src.graph_dqn: Graph-DQN train epoch 201/1000 (20.1%)  loss=0.000013  eta=3905.0s
2026-04-10 19:06:36 [INFO] src.graph_dqn: Graph-DQN train epoch 202/1000 (20.2%)  loss=0.000013  eta=3899.0s
2026-04-10 19:06:42 [INFO] src.graph_dqn: Graph-DQN train epoch 203/1000 (20.3%)  loss=0.000011  eta=3897.2s
2026-04-10 19:06:47 [INFO] src.graph_dqn: Graph-DQN train epoch 204/1000 (20.4%)  loss=0.000009  eta=3892.8s
2026-04-10 19:06:52 [INFO] src.graph_dqn: Graph-DQN train epoch 205/1000 (20.5%)  loss=0.000007  eta=3886.7s
2026-04-10 19:06:58 [INFO] src.graph_dqn: Graph-DQN train epoch 206/1000 (20.6%)  loss=0.000004  eta=3885.6s
2026-04-10 19:07:02 [INFO] src.graph_dqn: Graph-DQN train epoch 207/1000 (20.7%)  loss=0.000002  eta=3880.3s
2026-04-10 19:07:07 [INFO] src.graph_dqn: Graph-DQN train epoch 208/1000 (20.8%)  loss=0.000002  eta=3874.3s
2026-04-10 19:07:13 [INFO] src.graph_dqn: Graph-DQN train epoch 209/1000 (20.9%)  loss=0.000001  eta=3873.7s
2026-04-10 19:07:18 [INFO] src.graph_dqn: Graph-DQN train epoch 210/1000 (21.0%)  loss=0.005497  eta=3867.8s
2026-04-10 19:07:22 [INFO] src.graph_dqn: Graph-DQN train epoch 211/1000 (21.1%)  loss=0.008418  eta=3861.4s
2026-04-10 19:07:28 [INFO] src.graph_dqn: Graph-DQN train epoch 212/1000 (21.2%)  loss=0.000001  eta=3861.3s
2026-04-10 19:07:33 [INFO] src.graph_dqn: Graph-DQN train epoch 213/1000 (21.3%)  loss=0.000001  eta=3855.3s
2026-04-10 19:07:37 [INFO] src.graph_dqn: Graph-DQN train epoch 214/1000 (21.4%)  loss=0.000001  eta=3849.4s
2026-04-10 19:07:44 [INFO] src.graph_dqn: Graph-DQN train epoch 215/1000 (21.5%)  loss=0.000001  eta=3849.1s
2026-04-10 19:07:48 [INFO] src.graph_dqn: Graph-DQN train epoch 216/1000 (21.6%)  loss=0.000001  eta=3843.0s
2026-04-10 19:07:53 [INFO] src.graph_dqn: Graph-DQN train epoch 217/1000 (21.7%)  loss=0.000001  eta=3836.9s
2026-04-10 19:07:59 [INFO] src.graph_dqn: Graph-DQN train epoch 218/1000 (21.8%)  loss=0.000001  eta=3836.5s
2026-04-10 19:08:03 [INFO] src.graph_dqn: Graph-DQN train epoch 219/1000 (21.9%)  loss=0.000001  eta=3830.4s
2026-04-10 19:08:08 [INFO] src.graph_dqn: Graph-DQN train epoch 220/1000 (22.0%)  loss=0.000001  eta=3824.7s
2026-04-10 19:08:14 [INFO] src.graph_dqn: Graph-DQN train epoch 221/1000 (22.1%)  loss=0.000001  eta=3824.2s
2026-04-10 19:08:19 [INFO] src.graph_dqn: Graph-DQN train epoch 222/1000 (22.2%)  loss=0.000000  eta=3818.8s
2026-04-10 19:08:24 [INFO] src.graph_dqn: Graph-DQN train epoch 223/1000 (22.3%)  loss=0.000000  eta=3813.3s
2026-04-10 19:08:30 [INFO] src.graph_dqn: Graph-DQN train epoch 224/1000 (22.4%)  loss=0.000000  eta=3812.1s
2026-04-10 19:08:34 [INFO] src.graph_dqn: Graph-DQN train epoch 225/1000 (22.5%)  loss=0.000000  eta=3806.0s
2026-04-10 19:08:40 [INFO] src.graph_dqn: Graph-DQN train epoch 226/1000 (22.6%)  loss=0.000000  eta=3801.9s
2026-04-10 19:08:45 [INFO] src.graph_dqn: Graph-DQN train epoch 227/1000 (22.7%)  loss=0.000000  eta=3800.3s
2026-04-10 19:08:50 [INFO] src.graph_dqn: Graph-DQN train epoch 228/1000 (22.8%)  loss=0.000000  eta=3794.1s
2026-04-10 19:08:55 [INFO] src.graph_dqn: Graph-DQN train epoch 229/1000 (22.9%)  loss=0.000000  eta=3789.9s
2026-04-10 19:09:01 [INFO] src.graph_dqn: Graph-DQN train epoch 230/1000 (23.0%)  loss=0.019977  eta=3787.8s
2026-04-10 19:09:06 [INFO] src.graph_dqn: Graph-DQN train epoch 231/1000 (23.1%)  loss=0.005118  eta=3782.7s
2026-04-10 19:09:11 [INFO] src.graph_dqn: Graph-DQN train epoch 232/1000 (23.2%)  loss=0.000000  eta=3780.1s
2026-04-10 19:09:17 [INFO] src.graph_dqn: Graph-DQN train epoch 233/1000 (23.3%)  loss=0.000000  eta=3776.7s
2026-04-10 19:09:21 [INFO] src.graph_dqn: Graph-DQN train epoch 234/1000 (23.4%)  loss=0.000000  eta=3770.6s
2026-04-10 19:09:27 [INFO] src.graph_dqn: Graph-DQN train epoch 235/1000 (23.5%)  loss=0.000000  eta=3768.5s
2026-04-10 19:09:32 [INFO] src.graph_dqn: Graph-DQN train epoch 236/1000 (23.6%)  loss=0.000000  eta=3763.9s
2026-04-10 19:09:37 [INFO] src.graph_dqn: Graph-DQN train epoch 237/1000 (23.7%)  loss=0.000000  eta=3758.1s
2026-04-10 19:09:43 [INFO] src.graph_dqn: Graph-DQN train epoch 238/1000 (23.8%)  loss=0.000000  eta=3756.1s
2026-04-10 19:09:48 [INFO] src.graph_dqn: Graph-DQN train epoch 239/1000 (23.9%)  loss=0.000000  eta=3751.5s
2026-04-10 19:09:52 [INFO] src.graph_dqn: Graph-DQN train epoch 240/1000 (24.0%)  loss=0.000000  eta=3745.3s
2026-04-10 19:09:58 [INFO] src.graph_dqn: Graph-DQN train epoch 241/1000 (24.1%)  loss=0.000000  eta=3743.6s
2026-04-10 19:10:03 [INFO] src.graph_dqn: Graph-DQN train epoch 242/1000 (24.2%)  loss=0.000000  eta=3738.0s
2026-04-10 19:10:07 [INFO] src.graph_dqn: Graph-DQN train epoch 243/1000 (24.3%)  loss=0.000000  eta=3732.0s
2026-04-10 19:10:13 [INFO] src.graph_dqn: Graph-DQN train epoch 244/1000 (24.4%)  loss=0.000000  eta=3730.6s
2026-04-10 19:10:18 [INFO] src.graph_dqn: Graph-DQN train epoch 245/1000 (24.5%)  loss=0.000000  eta=3724.5s
2026-04-10 19:10:23 [INFO] src.graph_dqn: Graph-DQN train epoch 246/1000 (24.6%)  loss=0.000000  eta=3718.2s
2026-04-10 19:10:29 [INFO] src.graph_dqn: Graph-DQN train epoch 247/1000 (24.7%)  loss=0.000000  eta=3717.0s
2026-04-10 19:10:33 [INFO] src.graph_dqn: Graph-DQN train epoch 248/1000 (24.8%)  loss=0.000000  eta=3710.8s
2026-04-10 19:10:38 [INFO] src.graph_dqn: Graph-DQN train epoch 249/1000 (24.9%)  loss=0.000000  eta=3705.0s
2026-04-10 19:10:44 [INFO] src.graph_dqn: Graph-DQN train epoch 250/1000 (25.0%)  loss=0.000000  eta=3703.6s
2026-04-10 19:10:49 [INFO] src.graph_dqn: Graph-DQN train epoch 251/1000 (25.1%)  loss=0.000000  eta=3698.0s
2026-04-10 19:10:53 [INFO] src.graph_dqn: Graph-DQN train epoch 252/1000 (25.2%)  loss=0.000000  eta=3691.7s
2026-04-10 19:10:59 [INFO] src.graph_dqn: Graph-DQN train epoch 253/1000 (25.3%)  loss=0.024412  eta=3690.2s
2026-04-10 19:11:04 [INFO] src.graph_dqn: Graph-DQN train epoch 254/1000 (25.4%)  loss=0.000000  eta=3684.1s
2026-04-10 19:11:08 [INFO] src.graph_dqn: Graph-DQN train epoch 255/1000 (25.5%)  loss=0.000000  eta=3678.1s
2026-04-10 19:11:14 [INFO] src.graph_dqn: Graph-DQN train epoch 256/1000 (25.6%)  loss=0.000000  eta=3676.5s
2026-04-10 19:11:19 [INFO] src.graph_dqn: Graph-DQN train epoch 257/1000 (25.7%)  loss=0.000000  eta=3670.3s
2026-04-10 19:11:23 [INFO] src.graph_dqn: Graph-DQN train epoch 258/1000 (25.8%)  loss=0.000000  eta=3664.2s
2026-04-10 19:11:30 [INFO] src.graph_dqn: Graph-DQN train epoch 259/1000 (25.9%)  loss=0.000000  eta=3662.7s
2026-04-10 19:11:34 [INFO] src.graph_dqn: Graph-DQN train epoch 260/1000 (26.0%)  loss=0.000000  eta=3656.8s
2026-04-10 19:11:39 [INFO] src.graph_dqn: Graph-DQN train epoch 261/1000 (26.1%)  loss=0.000000  eta=3651.1s
2026-04-10 19:11:45 [INFO] src.graph_dqn: Graph-DQN train epoch 262/1000 (26.2%)  loss=0.000000  eta=3649.1s
2026-04-10 19:11:49 [INFO] src.graph_dqn: Graph-DQN train epoch 263/1000 (26.3%)  loss=0.000000  eta=3642.8s
2026-04-10 19:11:54 [INFO] src.graph_dqn: Graph-DQN train epoch 264/1000 (26.4%)  loss=0.000000  eta=3636.8s
2026-04-10 19:12:00 [INFO] src.graph_dqn: Graph-DQN train epoch 265/1000 (26.5%)  loss=0.000000  eta=3634.9s
2026-04-10 19:12:05 [INFO] src.graph_dqn: Graph-DQN train epoch 266/1000 (26.6%)  loss=0.000000  eta=3629.0s
2026-04-10 19:12:10 [INFO] src.graph_dqn: Graph-DQN train epoch 267/1000 (26.7%)  loss=0.000000  eta=3624.1s
2026-04-10 19:12:15 [INFO] src.graph_dqn: Graph-DQN train epoch 268/1000 (26.8%)  loss=0.000000  eta=3621.7s
2026-04-10 19:12:20 [INFO] src.graph_dqn: Graph-DQN train epoch 269/1000 (26.9%)  loss=0.000000  eta=3615.6s
2026-04-10 19:12:25 [INFO] src.graph_dqn: Graph-DQN train epoch 270/1000 (27.0%)  loss=0.000000  eta=3610.1s
2026-04-10 19:12:30 [INFO] src.graph_dqn: Graph-DQN train epoch 271/1000 (27.1%)  loss=0.000000  eta=3607.4s
2026-04-10 19:12:35 [INFO] src.graph_dqn: Graph-DQN train epoch 272/1000 (27.2%)  loss=0.000000  eta=3601.3s
2026-04-10 19:12:40 [INFO] src.graph_dqn: Graph-DQN train epoch 273/1000 (27.3%)  loss=0.000000  eta=3596.5s
2026-04-10 19:12:46 [INFO] src.graph_dqn: Graph-DQN train epoch 274/1000 (27.4%)  loss=0.040721  eta=3593.5s
2026-04-10 19:12:50 [INFO] src.graph_dqn: Graph-DQN train epoch 275/1000 (27.5%)  loss=0.010424  eta=3587.3s
2026-04-10 19:12:55 [INFO] src.graph_dqn: Graph-DQN train epoch 276/1000 (27.6%)  loss=0.000015  eta=3582.1s
2026-04-10 19:13:01 [INFO] src.graph_dqn: Graph-DQN train epoch 277/1000 (27.7%)  loss=0.000009  eta=3579.1s
2026-04-10 19:13:05 [INFO] src.graph_dqn: Graph-DQN train epoch 278/1000 (27.8%)  loss=0.000006  eta=3573.3s
2026-04-10 19:13:10 [INFO] src.graph_dqn: Graph-DQN train epoch 279/1000 (27.9%)  loss=0.000003  eta=3569.0s
2026-04-10 19:13:16 [INFO] src.graph_dqn: Graph-DQN train epoch 280/1000 (28.0%)  loss=0.000002  eta=3565.9s
2026-04-10 19:13:21 [INFO] src.graph_dqn: Graph-DQN train epoch 281/1000 (28.1%)  loss=0.000002  eta=3559.7s
2026-04-10 19:13:26 [INFO] src.graph_dqn: Graph-DQN train epoch 282/1000 (28.2%)  loss=0.000001  eta=3555.2s
2026-04-10 19:13:31 [INFO] src.graph_dqn: Graph-DQN train epoch 283/1000 (28.3%)  loss=0.000001  eta=3551.6s
2026-04-10 19:13:36 [INFO] src.graph_dqn: Graph-DQN train epoch 284/1000 (28.4%)  loss=0.000001  eta=3545.6s
2026-04-10 19:13:41 [INFO] src.graph_dqn: Graph-DQN train epoch 285/1000 (28.5%)  loss=0.000001  eta=3541.8s
2026-04-10 19:13:47 [INFO] src.graph_dqn: Graph-DQN train epoch 286/1000 (28.6%)  loss=0.000000  eta=3537.8s
2026-04-10 19:13:51 [INFO] src.graph_dqn: Graph-DQN train epoch 287/1000 (28.7%)  loss=0.000000  eta=3531.6s
2026-04-10 19:13:56 [INFO] src.graph_dqn: Graph-DQN train epoch 288/1000 (28.8%)  loss=0.000000  eta=3527.1s
2026-04-10 19:14:01 [INFO] src.graph_dqn: Graph-DQN train epoch 289/1000 (28.9%)  loss=0.000000  eta=3523.1s
2026-04-10 19:14:06 [INFO] src.graph_dqn: Graph-DQN train epoch 290/1000 (29.0%)  loss=0.000000  eta=3517.1s
2026-04-10 19:14:11 [INFO] src.graph_dqn: Graph-DQN train epoch 291/1000 (29.1%)  loss=0.000000  eta=3512.7s
2026-04-10 19:14:17 [INFO] src.graph_dqn: Graph-DQN train epoch 292/1000 (29.2%)  loss=0.000000  eta=3509.0s
2026-04-10 19:14:21 [INFO] src.graph_dqn: Graph-DQN train epoch 293/1000 (29.3%)  loss=0.000000  eta=3502.8s
2026-04-10 19:14:26 [INFO] src.graph_dqn: Graph-DQN train epoch 294/1000 (29.4%)  loss=0.024784  eta=3498.5s
2026-04-10 19:14:32 [INFO] src.graph_dqn: Graph-DQN train epoch 295/1000 (29.5%)  loss=0.001517  eta=3494.4s
2026-04-10 19:14:36 [INFO] src.graph_dqn: Graph-DQN train epoch 296/1000 (29.6%)  loss=0.000002  eta=3488.4s
2026-04-10 19:14:41 [INFO] src.graph_dqn: Graph-DQN train epoch 297/1000 (29.7%)  loss=0.000002  eta=3484.2s
2026-04-10 19:14:47 [INFO] src.graph_dqn: Graph-DQN train epoch 298/1000 (29.8%)  loss=0.000002  eta=3480.2s
2026-04-10 19:14:51 [INFO] src.graph_dqn: Graph-DQN train epoch 299/1000 (29.9%)  loss=0.000002  eta=3474.2s
2026-04-10 19:14:57 [INFO] src.graph_dqn: Graph-DQN train epoch 300/1000 (30.0%)  loss=0.000002  eta=3470.0s
2026-04-10 19:14:57 [INFO] __main__: Saved selector checkpoint: dqn_model_rlcg_epoch_300.pt
2026-04-10 19:15:02 [INFO] src.graph_dqn: Graph-DQN train epoch 301/1000 (30.1%)  loss=0.000002  eta=3465.8s
2026-04-10 19:15:06 [INFO] src.graph_dqn: Graph-DQN train epoch 302/1000 (30.2%)  loss=0.000002  eta=3460.1s
2026-04-10 19:15:12 [INFO] src.graph_dqn: Graph-DQN train epoch 303/1000 (30.3%)  loss=0.000001  eta=3456.3s
2026-04-10 19:15:17 [INFO] src.graph_dqn: Graph-DQN train epoch 304/1000 (30.4%)  loss=0.000001  eta=3451.9s
2026-04-10 19:15:22 [INFO] src.graph_dqn: Graph-DQN train epoch 305/1000 (30.5%)  loss=0.000001  eta=3446.0s
2026-04-10 19:15:27 [INFO] src.graph_dqn: Graph-DQN train epoch 306/1000 (30.6%)  loss=0.000000  eta=3442.2s
2026-04-10 19:15:32 [INFO] src.graph_dqn: Graph-DQN train epoch 307/1000 (30.7%)  loss=0.000000  eta=3437.7s
2026-04-10 19:15:37 [INFO] src.graph_dqn: Graph-DQN train epoch 308/1000 (30.8%)  loss=0.000000  eta=3431.9s
2026-04-10 19:15:43 [INFO] src.graph_dqn: Graph-DQN train epoch 309/1000 (30.9%)  loss=0.000000  eta=3428.4s
2026-04-10 19:15:48 [INFO] src.graph_dqn: Graph-DQN train epoch 310/1000 (31.0%)  loss=0.006268  eta=3423.9s
2026-04-10 19:15:52 [INFO] src.graph_dqn: Graph-DQN train epoch 311/1000 (31.1%)  loss=0.000008  eta=3418.0s
2026-04-10 19:15:58 [INFO] src.graph_dqn: Graph-DQN train epoch 312/1000 (31.2%)  loss=0.000005  eta=3414.7s
2026-04-10 19:16:03 [INFO] src.graph_dqn: Graph-DQN train epoch 313/1000 (31.3%)  loss=0.000003  eta=3409.6s
2026-04-10 19:16:07 [INFO] src.graph_dqn: Graph-DQN train epoch 314/1000 (31.4%)  loss=0.000002  eta=3403.7s
2026-04-10 19:16:13 [INFO] src.graph_dqn: Graph-DQN train epoch 315/1000 (31.5%)  loss=0.000001  eta=3400.3s
2026-04-10 19:16:18 [INFO] src.graph_dqn: Graph-DQN train epoch 316/1000 (31.6%)  loss=0.000001  eta=3395.2s
2026-04-10 19:16:22 [INFO] src.graph_dqn: Graph-DQN train epoch 317/1000 (31.7%)  loss=0.000001  eta=3389.2s
2026-04-10 19:16:28 [INFO] src.graph_dqn: Graph-DQN train epoch 318/1000 (31.8%)  loss=0.000000  eta=3386.1s
2026-04-10 19:16:33 [INFO] src.graph_dqn: Graph-DQN train epoch 319/1000 (31.9%)  loss=0.000000  eta=3380.7s
2026-04-10 19:16:38 [INFO] src.graph_dqn: Graph-DQN train epoch 320/1000 (32.0%)  loss=0.000000  eta=3374.7s
2026-04-10 19:16:43 [INFO] src.graph_dqn: Graph-DQN train epoch 321/1000 (32.1%)  loss=0.000000  eta=3371.5s
2026-04-10 19:16:48 [INFO] src.graph_dqn: Graph-DQN train epoch 322/1000 (32.2%)  loss=0.000000  eta=3366.3s
2026-04-10 19:16:53 [INFO] src.graph_dqn: Graph-DQN train epoch 323/1000 (32.3%)  loss=0.000000  eta=3360.6s
2026-04-10 19:16:59 [INFO] src.graph_dqn: Graph-DQN train epoch 324/1000 (32.4%)  loss=0.000000  eta=3357.7s
2026-04-10 19:17:03 [INFO] src.graph_dqn: Graph-DQN train epoch 325/1000 (32.5%)  loss=0.000000  eta=3352.1s
2026-04-10 19:17:08 [INFO] src.graph_dqn: Graph-DQN train epoch 326/1000 (32.6%)  loss=0.000000  eta=3346.5s
2026-04-10 19:17:14 [INFO] src.graph_dqn: Graph-DQN train epoch 327/1000 (32.7%)  loss=0.000000  eta=3344.1s
2026-04-10 19:17:19 [INFO] src.graph_dqn: Graph-DQN train epoch 328/1000 (32.8%)  loss=0.000000  eta=3338.4s
2026-04-10 19:17:23 [INFO] src.graph_dqn: Graph-DQN train epoch 329/1000 (32.9%)  loss=0.021725  eta=3332.7s
2026-04-10 19:17:30 [INFO] src.graph_dqn: Graph-DQN train epoch 330/1000 (33.0%)  loss=0.092654  eta=3330.3s
2026-04-10 19:17:35 [INFO] src.graph_dqn: Graph-DQN train epoch 331/1000 (33.1%)  loss=0.000002  eta=3325.0s
2026-04-10 19:17:39 [INFO] src.graph_dqn: Graph-DQN train epoch 332/1000 (33.2%)  loss=0.000002  eta=3319.3s
2026-04-10 19:17:45 [INFO] src.graph_dqn: Graph-DQN train epoch 333/1000 (33.3%)  loss=0.000002  eta=3316.7s
2026-04-10 19:17:50 [INFO] src.graph_dqn: Graph-DQN train epoch 334/1000 (33.4%)  loss=0.000001  eta=3311.0s
2026-04-10 19:17:54 [INFO] src.graph_dqn: Graph-DQN train epoch 335/1000 (33.5%)  loss=0.000001  eta=3305.2s
2026-04-10 19:18:01 [INFO] src.graph_dqn: Graph-DQN train epoch 336/1000 (33.6%)  loss=0.000001  eta=3302.6s
2026-04-10 19:18:05 [INFO] src.graph_dqn: Graph-DQN train epoch 337/1000 (33.7%)  loss=0.000000  eta=3297.3s
2026-04-10 19:18:10 [INFO] src.graph_dqn: Graph-DQN train epoch 338/1000 (33.8%)  loss=0.000000  eta=3292.1s
2026-04-10 19:18:16 [INFO] src.graph_dqn: Graph-DQN train epoch 339/1000 (33.9%)  loss=0.000000  eta=3289.1s
2026-04-10 19:18:21 [INFO] src.graph_dqn: Graph-DQN train epoch 340/1000 (34.0%)  loss=0.000000  eta=3283.4s
2026-04-10 19:18:26 [INFO] src.graph_dqn: Graph-DQN train epoch 341/1000 (34.1%)  loss=0.000000  eta=3278.6s
2026-04-10 19:18:32 [INFO] src.graph_dqn: Graph-DQN train epoch 342/1000 (34.2%)  loss=0.000000  eta=3275.0s
2026-04-10 19:18:36 [INFO] src.graph_dqn: Graph-DQN train epoch 343/1000 (34.3%)  loss=0.000000  eta=3269.4s
2026-04-10 19:18:42 [INFO] src.graph_dqn: Graph-DQN train epoch 344/1000 (34.4%)  loss=0.000000  eta=3265.3s
2026-04-10 19:18:47 [INFO] src.graph_dqn: Graph-DQN train epoch 345/1000 (34.5%)  loss=0.000000  eta=3261.3s
2026-04-10 19:18:52 [INFO] src.graph_dqn: Graph-DQN train epoch 346/1000 (34.6%)  loss=0.000000  eta=3255.8s
2026-04-10 19:18:57 [INFO] src.graph_dqn: Graph-DQN train epoch 347/1000 (34.7%)  loss=0.000000  eta=3251.6s
2026-04-10 19:19:03 [INFO] src.graph_dqn: Graph-DQN train epoch 348/1000 (34.8%)  loss=0.000000  eta=3247.1s
2026-04-10 19:19:07 [INFO] src.graph_dqn: Graph-DQN train epoch 349/1000 (34.9%)  loss=0.000000  eta=3241.2s
2026-04-10 19:19:12 [INFO] src.graph_dqn: Graph-DQN train epoch 350/1000 (35.0%)  loss=0.000000  eta=3237.0s
2026-04-10 19:19:18 [INFO] src.graph_dqn: Graph-DQN train epoch 351/1000 (35.1%)  loss=0.000000  eta=3232.6s
2026-04-10 19:19:22 [INFO] src.graph_dqn: Graph-DQN train epoch 352/1000 (35.2%)  loss=0.000000  eta=3226.7s
2026-04-10 19:19:28 [INFO] src.graph_dqn: Graph-DQN train epoch 353/1000 (35.3%)  loss=0.000540  eta=3223.1s
2026-04-10 19:19:33 [INFO] src.graph_dqn: Graph-DQN train epoch 354/1000 (35.4%)  loss=0.011434  eta=3218.3s
2026-04-10 19:19:38 [INFO] src.graph_dqn: Graph-DQN train epoch 355/1000 (35.5%)  loss=0.025157  eta=3212.5s
2026-04-10 19:19:43 [INFO] src.graph_dqn: Graph-DQN train epoch 356/1000 (35.6%)  loss=0.000001  eta=3208.7s
2026-04-10 19:19:48 [INFO] src.graph_dqn: Graph-DQN train epoch 357/1000 (35.7%)  loss=0.000001  eta=3203.9s
2026-04-10 19:19:53 [INFO] src.graph_dqn: Graph-DQN train epoch 358/1000 (35.8%)  loss=0.000001  eta=3198.0s
2026-04-10 19:19:58 [INFO] src.graph_dqn: Graph-DQN train epoch 359/1000 (35.9%)  loss=0.000001  eta=3193.9s
2026-04-10 19:20:03 [INFO] src.graph_dqn: Graph-DQN train epoch 360/1000 (36.0%)  loss=0.000001  eta=3188.9s
2026-04-10 19:20:08 [INFO] src.graph_dqn: Graph-DQN train epoch 361/1000 (36.1%)  loss=0.000000  eta=3183.1s
2026-04-10 19:20:13 [INFO] src.graph_dqn: Graph-DQN train epoch 362/1000 (36.2%)  loss=0.000000  eta=3179.3s
2026-04-10 19:20:18 [INFO] src.graph_dqn: Graph-DQN train epoch 363/1000 (36.3%)  loss=0.000000  eta=3174.5s
2026-04-10 19:20:23 [INFO] src.graph_dqn: Graph-DQN train epoch 364/1000 (36.4%)  loss=0.000000  eta=3168.7s
2026-04-10 19:20:29 [INFO] src.graph_dqn: Graph-DQN train epoch 365/1000 (36.5%)  loss=0.000000  eta=3165.1s
2026-04-10 19:20:34 [INFO] src.graph_dqn: Graph-DQN train epoch 366/1000 (36.6%)  loss=0.000000  eta=3160.0s
2026-04-10 19:20:38 [INFO] src.graph_dqn: Graph-DQN train epoch 367/1000 (36.7%)  loss=0.000000  eta=3154.4s
2026-04-10 19:20:44 [INFO] src.graph_dqn: Graph-DQN train epoch 368/1000 (36.8%)  loss=0.000000  eta=3150.8s
2026-04-10 19:20:49 [INFO] src.graph_dqn: Graph-DQN train epoch 369/1000 (36.9%)  loss=0.000000  eta=3145.5s
2026-04-10 19:20:53 [INFO] src.graph_dqn: Graph-DQN train epoch 370/1000 (37.0%)  loss=0.000000  eta=3139.9s
2026-04-10 19:21:00 [INFO] src.graph_dqn: Graph-DQN train epoch 371/1000 (37.1%)  loss=0.000000  eta=3136.7s
2026-04-10 19:21:04 [INFO] src.graph_dqn: Graph-DQN train epoch 372/1000 (37.2%)  loss=0.000000  eta=3131.2s
2026-04-10 19:21:09 [INFO] src.graph_dqn: Graph-DQN train epoch 373/1000 (37.3%)  loss=0.000000  eta=3125.4s
2026-04-10 19:21:15 [INFO] src.graph_dqn: Graph-DQN train epoch 374/1000 (37.4%)  loss=0.000000  eta=3122.2s
2026-04-10 19:21:19 [INFO] src.graph_dqn: Graph-DQN train epoch 375/1000 (37.5%)  loss=0.000000  eta=3116.8s
2026-04-10 19:21:24 [INFO] src.graph_dqn: Graph-DQN train epoch 376/1000 (37.6%)  loss=0.000000  eta=3111.2s
2026-04-10 19:21:30 [INFO] src.graph_dqn: Graph-DQN train epoch 377/1000 (37.7%)  loss=0.000000  eta=3108.3s
2026-04-10 19:21:35 [INFO] src.graph_dqn: Graph-DQN train epoch 378/1000 (37.8%)  loss=0.000000  eta=3102.6s
2026-04-10 19:21:40 [INFO] src.graph_dqn: Graph-DQN train epoch 379/1000 (37.9%)  loss=0.000000  eta=3097.0s
2026-04-10 19:21:46 [INFO] src.graph_dqn: Graph-DQN train epoch 380/1000 (38.0%)  loss=0.170426  eta=3094.0s
2026-04-10 19:21:50 [INFO] src.graph_dqn: Graph-DQN train epoch 381/1000 (38.1%)  loss=0.000000  eta=3088.3s
2026-04-10 19:21:55 [INFO] src.graph_dqn: Graph-DQN train epoch 382/1000 (38.2%)  loss=0.000000  eta=3082.8s
2026-04-10 19:22:01 [INFO] src.graph_dqn: Graph-DQN train epoch 383/1000 (38.3%)  loss=0.000000  eta=3079.7s
2026-04-10 19:22:06 [INFO] src.graph_dqn: Graph-DQN train epoch 384/1000 (38.4%)  loss=0.000000  eta=3074.1s
2026-04-10 19:22:10 [INFO] src.graph_dqn: Graph-DQN train epoch 385/1000 (38.5%)  loss=0.000000  eta=3068.4s
2026-04-10 19:22:16 [INFO] src.graph_dqn: Graph-DQN train epoch 386/1000 (38.6%)  loss=0.000000  eta=3065.3s
2026-04-10 19:22:21 [INFO] src.graph_dqn: Graph-DQN train epoch 387/1000 (38.7%)  loss=0.000000  eta=3059.6s
2026-04-10 19:22:26 [INFO] src.graph_dqn: Graph-DQN train epoch 388/1000 (38.8%)  loss=0.000000  eta=3054.4s
2026-04-10 19:22:32 [INFO] src.graph_dqn: Graph-DQN train epoch 389/1000 (38.9%)  loss=0.000000  eta=3051.1s
2026-04-10 19:22:37 [INFO] src.graph_dqn: Graph-DQN train epoch 390/1000 (39.0%)  loss=0.000000  eta=3045.5s
2026-04-10 19:22:42 [INFO] src.graph_dqn: Graph-DQN train epoch 391/1000 (39.1%)  loss=0.000000  eta=3040.5s
2026-04-10 19:22:47 [INFO] src.graph_dqn: Graph-DQN train epoch 392/1000 (39.2%)  loss=0.000000  eta=3036.9s
2026-04-10 19:22:52 [INFO] src.graph_dqn: Graph-DQN train epoch 393/1000 (39.3%)  loss=0.000000  eta=3031.1s
2026-04-10 19:22:57 [INFO] src.graph_dqn: Graph-DQN train epoch 394/1000 (39.4%)  loss=0.000000  eta=3026.0s
2026-04-10 19:23:02 [INFO] src.graph_dqn: Graph-DQN train epoch 395/1000 (39.5%)  loss=0.000000  eta=3022.1s
2026-04-10 19:23:07 [INFO] src.graph_dqn: Graph-DQN train epoch 396/1000 (39.6%)  loss=0.000000  eta=3016.5s
2026-04-10 19:23:12 [INFO] src.graph_dqn: Graph-DQN train epoch 397/1000 (39.7%)  loss=0.000000  eta=3011.4s
2026-04-10 19:23:18 [INFO] src.graph_dqn: Graph-DQN train epoch 398/1000 (39.8%)  loss=0.000000  eta=3007.3s
2026-04-10 19:23:22 [INFO] src.graph_dqn: Graph-DQN train epoch 399/1000 (39.9%)  loss=0.000000  eta=3001.5s
2026-04-10 19:23:27 [INFO] src.graph_dqn: Graph-DQN train epoch 400/1000 (40.0%)  loss=0.000000  eta=2996.6s
2026-04-10 19:23:27 [INFO] __main__: Saved selector checkpoint: dqn_model_rlcg_epoch_400.pt
2026-04-10 19:23:33 [INFO] src.graph_dqn: Graph-DQN train epoch 401/1000 (40.1%)  loss=0.000000  eta=2992.6s
2026-04-10 19:23:37 [INFO] src.graph_dqn: Graph-DQN train epoch 402/1000 (40.2%)  loss=0.000000  eta=2987.1s
2026-04-10 19:23:43 [INFO] src.graph_dqn: Graph-DQN train epoch 403/1000 (40.3%)  loss=0.000000  eta=2982.4s
2026-04-10 19:23:48 [INFO] src.graph_dqn: Graph-DQN train epoch 404/1000 (40.4%)  loss=0.000000  eta=2978.1s
2026-04-10 19:23:53 [INFO] src.graph_dqn: Graph-DQN train epoch 405/1000 (40.5%)  loss=0.029161  eta=2972.3s
2026-04-10 19:23:58 [INFO] src.graph_dqn: Graph-DQN train epoch 406/1000 (40.6%)  loss=0.000000  eta=2967.6s
2026-04-10 19:24:03 [INFO] src.graph_dqn: Graph-DQN train epoch 407/1000 (40.7%)  loss=0.000000  eta=2963.1s
2026-04-10 19:24:08 [INFO] src.graph_dqn: Graph-DQN train epoch 408/1000 (40.8%)  loss=0.000000  eta=2957.5s
2026-04-10 19:24:13 [INFO] src.graph_dqn: Graph-DQN train epoch 409/1000 (40.9%)  loss=0.000000  eta=2952.8s
2026-04-10 19:24:18 [INFO] src.graph_dqn: Graph-DQN train epoch 410/1000 (41.0%)  loss=0.000000  eta=2948.3s
2026-04-10 19:24:23 [INFO] src.graph_dqn: Graph-DQN train epoch 411/1000 (41.1%)  loss=0.000000  eta=2942.5s
2026-04-10 19:24:28 [INFO] src.graph_dqn: Graph-DQN train epoch 412/1000 (41.2%)  loss=0.000000  eta=2937.9s
2026-04-10 19:24:33 [INFO] src.graph_dqn: Graph-DQN train epoch 413/1000 (41.3%)  loss=0.000000  eta=2933.4s
2026-04-10 19:24:38 [INFO] src.graph_dqn: Graph-DQN train epoch 414/1000 (41.4%)  loss=0.000000  eta=2927.7s
2026-04-10 19:24:43 [INFO] src.graph_dqn: Graph-DQN train epoch 415/1000 (41.5%)  loss=0.000000  eta=2923.0s
2026-04-10 19:24:48 [INFO] src.graph_dqn: Graph-DQN train epoch 416/1000 (41.6%)  loss=0.000000  eta=2918.7s
2026-04-10 19:24:53 [INFO] src.graph_dqn: Graph-DQN train epoch 417/1000 (41.7%)  loss=0.000000  eta=2913.0s
2026-04-10 19:24:58 [INFO] src.graph_dqn: Graph-DQN train epoch 418/1000 (41.8%)  loss=0.000000  eta=2908.2s
2026-04-10 19:25:03 [INFO] src.graph_dqn: Graph-DQN train epoch 419/1000 (41.9%)  loss=0.000000  eta=2903.6s
2026-04-10 19:25:08 [INFO] src.graph_dqn: Graph-DQN train epoch 420/1000 (42.0%)  loss=0.000000  eta=2898.1s
2026-04-10 19:25:13 [INFO] src.graph_dqn: Graph-DQN train epoch 421/1000 (42.1%)  loss=0.000000  eta=2893.4s
2026-04-10 19:25:19 [INFO] src.graph_dqn: Graph-DQN train epoch 422/1000 (42.2%)  loss=0.000000  eta=2889.0s
2026-04-10 19:25:23 [INFO] src.graph_dqn: Graph-DQN train epoch 423/1000 (42.3%)  loss=0.000000  eta=2883.3s
2026-04-10 19:25:28 [INFO] src.graph_dqn: Graph-DQN train epoch 424/1000 (42.4%)  loss=0.000000  eta=2878.7s
2026-04-10 19:25:34 [INFO] src.graph_dqn: Graph-DQN train epoch 425/1000 (42.5%)  loss=0.000000  eta=2874.1s
2026-04-10 19:25:38 [INFO] src.graph_dqn: Graph-DQN train epoch 426/1000 (42.6%)  loss=0.074207  eta=2868.4s
2026-04-10 19:25:44 [INFO] src.graph_dqn: Graph-DQN train epoch 427/1000 (42.7%)  loss=0.007944  eta=2863.9s
2026-04-10 19:25:49 [INFO] src.graph_dqn: Graph-DQN train epoch 428/1000 (42.8%)  loss=0.000000  eta=2859.2s
2026-04-10 19:25:53 [INFO] src.graph_dqn: Graph-DQN train epoch 429/1000 (42.9%)  loss=0.000000  eta=2853.4s
2026-04-10 19:25:59 [INFO] src.graph_dqn: Graph-DQN train epoch 430/1000 (43.0%)  loss=0.000000  eta=2848.8s
2026-04-10 19:26:04 [INFO] src.graph_dqn: Graph-DQN train epoch 431/1000 (43.1%)  loss=0.000000  eta=2844.2s
2026-04-10 19:26:08 [INFO] src.graph_dqn: Graph-DQN train epoch 432/1000 (43.2%)  loss=0.000000  eta=2838.5s
2026-04-10 19:26:14 [INFO] src.graph_dqn: Graph-DQN train epoch 433/1000 (43.3%)  loss=0.000000  eta=2833.9s
2026-04-10 19:26:19 [INFO] src.graph_dqn: Graph-DQN train epoch 434/1000 (43.4%)  loss=0.000000  eta=2829.3s
2026-04-10 19:26:23 [INFO] src.graph_dqn: Graph-DQN train epoch 435/1000 (43.5%)  loss=0.000000  eta=2823.6s
2026-04-10 19:26:29 [INFO] src.graph_dqn: Graph-DQN train epoch 436/1000 (43.6%)  loss=0.000000  eta=2819.1s
2026-04-10 19:26:34 [INFO] src.graph_dqn: Graph-DQN train epoch 437/1000 (43.7%)  loss=0.000000  eta=2814.4s
2026-04-10 19:26:39 [INFO] src.graph_dqn: Graph-DQN train epoch 438/1000 (43.8%)  loss=0.000000  eta=2809.0s
2026-04-10 19:26:44 [INFO] src.graph_dqn: Graph-DQN train epoch 439/1000 (43.9%)  loss=0.000000  eta=2804.5s
2026-04-10 19:26:49 [INFO] src.graph_dqn: Graph-DQN train epoch 440/1000 (44.0%)  loss=0.000000  eta=2800.0s
2026-04-10 19:26:54 [INFO] src.graph_dqn: Graph-DQN train epoch 441/1000 (44.1%)  loss=0.000000  eta=2794.4s
2026-04-10 19:26:59 [INFO] src.graph_dqn: Graph-DQN train epoch 442/1000 (44.2%)  loss=0.000000  eta=2789.9s
2026-04-10 19:27:04 [INFO] src.graph_dqn: Graph-DQN train epoch 443/1000 (44.3%)  loss=0.000000  eta=2785.1s
2026-04-10 19:27:09 [INFO] src.graph_dqn: Graph-DQN train epoch 444/1000 (44.4%)  loss=0.000000  eta=2779.5s
2026-04-10 19:27:15 [INFO] src.graph_dqn: Graph-DQN train epoch 445/1000 (44.5%)  loss=0.000000  eta=2775.2s
2026-04-10 19:27:20 [INFO] src.graph_dqn: Graph-DQN train epoch 446/1000 (44.6%)  loss=0.000000  eta=2770.3s
2026-04-10 19:27:24 [INFO] src.graph_dqn: Graph-DQN train epoch 447/1000 (44.7%)  loss=0.000000  eta=2764.8s
2026-04-10 19:27:30 [INFO] src.graph_dqn: Graph-DQN train epoch 448/1000 (44.8%)  loss=0.000000  eta=2760.9s
2026-04-10 19:27:35 [INFO] src.graph_dqn: Graph-DQN train epoch 449/1000 (44.9%)  loss=0.000000  eta=2755.9s
2026-04-10 19:27:40 [INFO] src.graph_dqn: Graph-DQN train epoch 450/1000 (45.0%)  loss=0.055615  eta=2750.3s
2026-04-10 19:27:46 [INFO] src.graph_dqn: Graph-DQN train epoch 451/1000 (45.1%)  loss=0.002138  eta=2746.5s
2026-04-10 19:27:51 [INFO] src.graph_dqn: Graph-DQN train epoch 452/1000 (45.2%)  loss=0.000000  eta=2741.5s
2026-04-10 19:27:55 [INFO] src.graph_dqn: Graph-DQN train epoch 453/1000 (45.3%)  loss=0.000000  eta=2736.1s
2026-04-10 19:28:01 [INFO] src.graph_dqn: Graph-DQN train epoch 454/1000 (45.4%)  loss=0.000000  eta=2732.4s
2026-04-10 19:28:06 [INFO] src.graph_dqn: Graph-DQN train epoch 455/1000 (45.5%)  loss=0.000000  eta=2727.0s
2026-04-10 19:28:11 [INFO] src.graph_dqn: Graph-DQN train epoch 456/1000 (45.6%)  loss=0.000000  eta=2721.5s
2026-04-10 19:28:17 [INFO] src.graph_dqn: Graph-DQN train epoch 457/1000 (45.7%)  loss=0.000000  eta=2717.8s
2026-04-10 19:28:21 [INFO] src.graph_dqn: Graph-DQN train epoch 458/1000 (45.8%)  loss=0.000000  eta=2712.3s
2026-04-10 19:28:26 [INFO] src.graph_dqn: Graph-DQN train epoch 459/1000 (45.9%)  loss=0.000000  eta=2706.8s
2026-04-10 19:28:32 [INFO] src.graph_dqn: Graph-DQN train epoch 460/1000 (46.0%)  loss=0.000000  eta=2703.2s
2026-04-10 19:28:37 [INFO] src.graph_dqn: Graph-DQN train epoch 461/1000 (46.1%)  loss=0.000000  eta=2697.6s
2026-04-10 19:28:41 [INFO] src.graph_dqn: Graph-DQN train epoch 462/1000 (46.2%)  loss=0.000000  eta=2692.0s
2026-04-10 19:28:47 [INFO] src.graph_dqn: Graph-DQN train epoch 463/1000 (46.3%)  loss=0.000000  eta=2688.2s
2026-04-10 19:28:52 [INFO] src.graph_dqn: Graph-DQN train epoch 464/1000 (46.4%)  loss=0.000000  eta=2682.6s
2026-04-10 19:28:56 [INFO] src.graph_dqn: Graph-DQN train epoch 465/1000 (46.5%)  loss=0.000000  eta=2677.1s
2026-04-10 19:29:02 [INFO] src.graph_dqn: Graph-DQN train epoch 466/1000 (46.6%)  loss=0.000000  eta=2673.3s
2026-04-10 19:29:07 [INFO] src.graph_dqn: Graph-DQN train epoch 467/1000 (46.7%)  loss=0.000000  eta=2667.8s
2026-04-10 19:29:12 [INFO] src.graph_dqn: Graph-DQN train epoch 468/1000 (46.8%)  loss=0.000000  eta=2662.4s
2026-04-10 19:29:18 [INFO] src.graph_dqn: Graph-DQN train epoch 469/1000 (46.9%)  loss=0.000000  eta=2658.9s
2026-04-10 19:29:22 [INFO] src.graph_dqn: Graph-DQN train epoch 470/1000 (47.0%)  loss=0.000000  eta=2653.3s
2026-04-10 19:29:27 [INFO] src.graph_dqn: Graph-DQN train epoch 471/1000 (47.1%)  loss=0.000000  eta=2647.8s
2026-04-10 19:29:33 [INFO] src.graph_dqn: Graph-DQN train epoch 472/1000 (47.2%)  loss=0.002170  eta=2644.0s
2026-04-10 19:29:38 [INFO] src.graph_dqn: Graph-DQN train epoch 473/1000 (47.3%)  loss=0.011241  eta=2638.5s
2026-04-10 19:29:42 [INFO] src.graph_dqn: Graph-DQN train epoch 474/1000 (47.4%)  loss=0.000001  eta=2633.1s
2026-04-10 19:29:48 [INFO] src.graph_dqn: Graph-DQN train epoch 475/1000 (47.5%)  loss=0.000001  eta=2629.2s
2026-04-10 19:29:53 [INFO] src.graph_dqn: Graph-DQN train epoch 476/1000 (47.6%)  loss=0.000001  eta=2623.7s
2026-04-10 19:29:57 [INFO] src.graph_dqn: Graph-DQN train epoch 477/1000 (47.7%)  loss=0.000001  eta=2618.2s
2026-04-10 19:30:04 [INFO] src.graph_dqn: Graph-DQN train epoch 478/1000 (47.8%)  loss=0.000001  eta=2614.5s
2026-04-10 19:30:08 [INFO] src.graph_dqn: Graph-DQN train epoch 479/1000 (47.9%)  loss=0.000001  eta=2609.0s
2026-04-10 19:30:13 [INFO] src.graph_dqn: Graph-DQN train epoch 480/1000 (48.0%)  loss=0.000001  eta=2603.9s
2026-04-10 19:30:19 [INFO] src.graph_dqn: Graph-DQN train epoch 481/1000 (48.1%)  loss=0.000001  eta=2599.7s
2026-04-10 19:30:23 [INFO] src.graph_dqn: Graph-DQN train epoch 482/1000 (48.2%)  loss=0.000000  eta=2594.1s
2026-04-10 19:30:28 [INFO] src.graph_dqn: Graph-DQN train epoch 483/1000 (48.3%)  loss=0.000000  eta=2589.2s
2026-04-10 19:30:34 [INFO] src.graph_dqn: Graph-DQN train epoch 484/1000 (48.4%)  loss=0.000000  eta=2585.0s
2026-04-10 19:30:39 [INFO] src.graph_dqn: Graph-DQN train epoch 485/1000 (48.5%)  loss=0.000000  eta=2579.6s
2026-04-10 19:30:44 [INFO] src.graph_dqn: Graph-DQN train epoch 486/1000 (48.6%)  loss=0.000000  eta=2574.6s
2026-04-10 19:30:49 [INFO] src.graph_dqn: Graph-DQN train epoch 487/1000 (48.7%)  loss=0.000000  eta=2570.3s
2026-04-10 19:30:54 [INFO] src.graph_dqn: Graph-DQN train epoch 488/1000 (48.8%)  loss=0.000000  eta=2564.7s
2026-04-10 19:30:59 [INFO] src.graph_dqn: Graph-DQN train epoch 489/1000 (48.9%)  loss=0.000000  eta=2559.8s
2026-04-10 19:31:05 [INFO] src.graph_dqn: Graph-DQN train epoch 490/1000 (49.0%)  loss=0.000000  eta=2555.6s
2026-04-10 19:31:09 [INFO] src.graph_dqn: Graph-DQN train epoch 491/1000 (49.1%)  loss=0.000000  eta=2550.2s
2026-04-10 19:31:15 [INFO] src.graph_dqn: Graph-DQN train epoch 492/1000 (49.2%)  loss=0.000000  eta=2545.7s
2026-04-10 19:31:20 [INFO] src.graph_dqn: Graph-DQN train epoch 493/1000 (49.3%)  loss=0.000012  eta=2541.0s
2026-04-10 19:31:25 [INFO] src.graph_dqn: Graph-DQN train epoch 494/1000 (49.4%)  loss=0.036231  eta=2535.6s
2026-04-10 19:31:31 [INFO] src.graph_dqn: Graph-DQN train epoch 495/1000 (49.5%)  loss=0.000000  eta=2531.2s
2026-04-10 19:31:36 [INFO] src.graph_dqn: Graph-DQN train epoch 496/1000 (49.6%)  loss=0.000000  eta=2526.4s
2026-04-10 19:31:40 [INFO] src.graph_dqn: Graph-DQN train epoch 497/1000 (49.7%)  loss=0.000000  eta=2520.9s
2026-04-10 19:31:46 [INFO] src.graph_dqn: Graph-DQN train epoch 498/1000 (49.8%)  loss=0.000000  eta=2516.4s
2026-04-10 19:31:51 [INFO] src.graph_dqn: Graph-DQN train epoch 499/1000 (49.9%)  loss=0.000000  eta=2511.5s
2026-04-10 19:31:55 [INFO] src.graph_dqn: Graph-DQN train epoch 500/1000 (50.0%)  loss=0.000000  eta=2505.9s
2026-04-10 19:31:55 [INFO] __main__: Saved selector checkpoint: dqn_model_rlcg_epoch_500.pt
2026-04-10 19:32:01 [INFO] src.graph_dqn: Graph-DQN train epoch 501/1000 (50.1%)  loss=0.000000  eta=2501.6s
2026-04-10 19:32:06 [INFO] src.graph_dqn: Graph-DQN train epoch 502/1000 (50.2%)  loss=0.000000  eta=2496.6s
2026-04-10 19:32:11 [INFO] src.graph_dqn: Graph-DQN train epoch 503/1000 (50.3%)  loss=0.000000  eta=2491.2s
2026-04-10 19:32:16 [INFO] src.graph_dqn: Graph-DQN train epoch 504/1000 (50.4%)  loss=0.000000  eta=2486.8s
2026-04-10 19:32:21 [INFO] src.graph_dqn: Graph-DQN train epoch 505/1000 (50.5%)  loss=0.000000  eta=2481.6s
2026-04-10 19:32:26 [INFO] src.graph_dqn: Graph-DQN train epoch 506/1000 (50.6%)  loss=0.000000  eta=2476.3s
2026-04-10 19:32:32 [INFO] src.graph_dqn: Graph-DQN train epoch 507/1000 (50.7%)  loss=0.000000  eta=2472.1s
2026-04-10 19:32:37 [INFO] src.graph_dqn: Graph-DQN train epoch 508/1000 (50.8%)  loss=0.000000  eta=2467.0s
2026-04-10 19:32:41 [INFO] src.graph_dqn: Graph-DQN train epoch 509/1000 (50.9%)  loss=0.000000  eta=2461.6s
2026-04-10 19:32:47 [INFO] src.graph_dqn: Graph-DQN train epoch 510/1000 (51.0%)  loss=0.000000  eta=2457.4s
2026-04-10 19:32:52 [INFO] src.graph_dqn: Graph-DQN train epoch 511/1000 (51.1%)  loss=0.000000  eta=2452.1s
2026-04-10 19:32:56 [INFO] src.graph_dqn: Graph-DQN train epoch 512/1000 (51.2%)  loss=0.000000  eta=2446.5s
2026-04-10 19:33:02 [INFO] src.graph_dqn: Graph-DQN train epoch 513/1000 (51.3%)  loss=0.000000  eta=2442.3s
2026-04-10 19:33:07 [INFO] src.graph_dqn: Graph-DQN train epoch 514/1000 (51.4%)  loss=0.000000  eta=2437.2s
2026-04-10 19:33:12 [INFO] src.graph_dqn: Graph-DQN train epoch 515/1000 (51.5%)  loss=0.017987  eta=2431.8s
2026-04-10 19:33:18 [INFO] src.graph_dqn: Graph-DQN train epoch 516/1000 (51.6%)  loss=0.032540  eta=2427.8s
2026-04-10 19:33:22 [INFO] src.graph_dqn: Graph-DQN train epoch 517/1000 (51.7%)  loss=0.000001  eta=2422.5s
2026-04-10 19:33:27 [INFO] src.graph_dqn: Graph-DQN train epoch 518/1000 (51.8%)  loss=0.000001  eta=2417.1s
2026-04-10 19:33:33 [INFO] src.graph_dqn: Graph-DQN train epoch 519/1000 (51.9%)  loss=0.000001  eta=2413.1s
2026-04-10 19:33:38 [INFO] src.graph_dqn: Graph-DQN train epoch 520/1000 (52.0%)  loss=0.000001  eta=2407.7s
2026-04-10 19:33:42 [INFO] src.graph_dqn: Graph-DQN train epoch 521/1000 (52.1%)  loss=0.000001  eta=2402.3s
2026-04-10 19:33:48 [INFO] src.graph_dqn: Graph-DQN train epoch 522/1000 (52.2%)  loss=0.000001  eta=2398.3s
2026-04-10 19:33:53 [INFO] src.graph_dqn: Graph-DQN train epoch 523/1000 (52.3%)  loss=0.000001  eta=2392.8s
2026-04-10 19:33:57 [INFO] src.graph_dqn: Graph-DQN train epoch 524/1000 (52.4%)  loss=0.000001  eta=2387.3s
2026-04-10 19:34:03 [INFO] src.graph_dqn: Graph-DQN train epoch 525/1000 (52.5%)  loss=0.000001  eta=2383.2s
2026-04-10 19:34:08 [INFO] src.graph_dqn: Graph-DQN train epoch 526/1000 (52.6%)  loss=0.000001  eta=2377.8s
2026-04-10 19:34:13 [INFO] src.graph_dqn: Graph-DQN train epoch 527/1000 (52.7%)  loss=0.000000  eta=2372.4s
2026-04-10 19:34:19 [INFO] src.graph_dqn: Graph-DQN train epoch 528/1000 (52.8%)  loss=0.000000  eta=2368.5s
2026-04-10 19:34:23 [INFO] src.graph_dqn: Graph-DQN train epoch 529/1000 (52.9%)  loss=0.000000  eta=2363.1s
2026-04-10 19:34:28 [INFO] src.graph_dqn: Graph-DQN train epoch 530/1000 (53.0%)  loss=0.000000  eta=2357.6s
2026-04-10 19:34:34 [INFO] src.graph_dqn: Graph-DQN train epoch 531/1000 (53.1%)  loss=0.000000  eta=2353.4s
2026-04-10 19:34:38 [INFO] src.graph_dqn: Graph-DQN train epoch 532/1000 (53.2%)  loss=0.000000  eta=2347.9s
2026-04-10 19:34:43 [INFO] src.graph_dqn: Graph-DQN train epoch 533/1000 (53.3%)  loss=0.000000  eta=2342.3s
2026-04-10 19:34:49 [INFO] src.graph_dqn: Graph-DQN train epoch 534/1000 (53.4%)  loss=0.000000  eta=2338.2s
2026-04-10 19:34:53 [INFO] src.graph_dqn: Graph-DQN train epoch 535/1000 (53.5%)  loss=0.000000  eta=2332.7s
2026-04-10 19:34:58 [INFO] src.graph_dqn: Graph-DQN train epoch 536/1000 (53.6%)  loss=0.000000  eta=2327.2s
2026-04-10 19:35:04 [INFO] src.graph_dqn: Graph-DQN train epoch 537/1000 (53.7%)  loss=0.000000  eta=2323.1s
2026-04-10 19:35:08 [INFO] src.graph_dqn: Graph-DQN train epoch 538/1000 (53.8%)  loss=0.000000  eta=2317.6s
2026-04-10 19:35:13 [INFO] src.graph_dqn: Graph-DQN train epoch 539/1000 (53.9%)  loss=0.000000  eta=2312.1s
2026-04-10 19:35:19 [INFO] src.graph_dqn: Graph-DQN train epoch 540/1000 (54.0%)  loss=0.000000  eta=2307.9s
2026-04-10 19:35:23 [INFO] src.graph_dqn: Graph-DQN train epoch 541/1000 (54.1%)  loss=0.144115  eta=2302.4s
2026-04-10 19:35:28 [INFO] src.graph_dqn: Graph-DQN train epoch 542/1000 (54.2%)  loss=0.000000  eta=2297.0s
2026-04-10 19:35:34 [INFO] src.graph_dqn: Graph-DQN train epoch 543/1000 (54.3%)  loss=0.000000  eta=2292.8s
2026-04-10 19:35:38 [INFO] src.graph_dqn: Graph-DQN train epoch 544/1000 (54.4%)  loss=0.000000  eta=2287.4s
2026-04-10 19:35:43 [INFO] src.graph_dqn: Graph-DQN train epoch 545/1000 (54.5%)  loss=0.000000  eta=2281.9s
2026-04-10 19:35:49 [INFO] src.graph_dqn: Graph-DQN train epoch 546/1000 (54.6%)  loss=0.000000  eta=2277.7s
2026-04-10 19:35:53 [INFO] src.graph_dqn: Graph-DQN train epoch 547/1000 (54.7%)  loss=0.000000  eta=2272.2s
2026-04-10 19:35:58 [INFO] src.graph_dqn: Graph-DQN train epoch 548/1000 (54.8%)  loss=0.000000  eta=2266.8s
2026-04-10 19:36:04 [INFO] src.graph_dqn: Graph-DQN train epoch 549/1000 (54.9%)  loss=0.000000  eta=2262.6s
2026-04-10 19:36:08 [INFO] src.graph_dqn: Graph-DQN train epoch 550/1000 (55.0%)  loss=0.000000  eta=2257.1s
2026-04-10 19:36:13 [INFO] src.graph_dqn: Graph-DQN train epoch 551/1000 (55.1%)  loss=0.000000  eta=2251.7s
2026-04-10 19:36:19 [INFO] src.graph_dqn: Graph-DQN train epoch 552/1000 (55.2%)  loss=0.000000  eta=2247.5s
2026-04-10 19:36:23 [INFO] src.graph_dqn: Graph-DQN train epoch 553/1000 (55.3%)  loss=0.000000  eta=2242.0s
2026-04-10 19:36:28 [INFO] src.graph_dqn: Graph-DQN train epoch 554/1000 (55.4%)  loss=0.000000  eta=2236.6s
2026-04-10 19:36:34 [INFO] src.graph_dqn: Graph-DQN train epoch 555/1000 (55.5%)  loss=0.000000  eta=2232.4s
2026-04-10 19:36:38 [INFO] src.graph_dqn: Graph-DQN train epoch 556/1000 (55.6%)  loss=0.000000  eta=2227.0s
2026-04-10 19:36:43 [INFO] src.graph_dqn: Graph-DQN train epoch 557/1000 (55.7%)  loss=0.000000  eta=2221.6s
2026-04-10 19:36:49 [INFO] src.graph_dqn: Graph-DQN train epoch 558/1000 (55.8%)  loss=0.000000  eta=2217.4s
2026-04-10 19:36:53 [INFO] src.graph_dqn: Graph-DQN train epoch 559/1000 (55.9%)  loss=0.000000  eta=2212.0s
2026-04-10 19:36:58 [INFO] src.graph_dqn: Graph-DQN train epoch 560/1000 (56.0%)  loss=0.010770  eta=2206.6s
2026-04-10 19:37:04 [INFO] src.graph_dqn: Graph-DQN train epoch 561/1000 (56.1%)  loss=0.045520  eta=2202.5s
2026-04-10 19:37:09 [INFO] src.graph_dqn: Graph-DQN train epoch 562/1000 (56.2%)  loss=0.000000  eta=2197.2s
2026-04-10 19:37:13 [INFO] src.graph_dqn: Graph-DQN train epoch 563/1000 (56.3%)  loss=0.000000  eta=2191.8s
2026-04-10 19:37:19 [INFO] src.graph_dqn: Graph-DQN train epoch 564/1000 (56.4%)  loss=0.000000  eta=2187.7s
2026-04-10 19:37:24 [INFO] src.graph_dqn: Graph-DQN train epoch 565/1000 (56.5%)  loss=0.000000  eta=2182.3s
2026-04-10 19:37:28 [INFO] src.graph_dqn: Graph-DQN train epoch 566/1000 (56.6%)  loss=0.000000  eta=2176.9s
2026-04-10 19:37:35 [INFO] src.graph_dqn: Graph-DQN train epoch 567/1000 (56.7%)  loss=0.000000  eta=2172.8s
2026-04-10 19:37:39 [INFO] src.graph_dqn: Graph-DQN train epoch 568/1000 (56.8%)  loss=0.000000  eta=2167.5s
2026-04-10 19:37:44 [INFO] src.graph_dqn: Graph-DQN train epoch 569/1000 (56.9%)  loss=0.000000  eta=2162.1s
2026-04-10 19:37:50 [INFO] src.graph_dqn: Graph-DQN train epoch 570/1000 (57.0%)  loss=0.000000  eta=2158.1s
2026-04-10 19:37:55 [INFO] src.graph_dqn: Graph-DQN train epoch 571/1000 (57.1%)  loss=0.000000  eta=2152.6s
2026-04-10 19:37:59 [INFO] src.graph_dqn: Graph-DQN train epoch 572/1000 (57.2%)  loss=0.000000  eta=2147.2s
2026-04-10 19:38:05 [INFO] src.graph_dqn: Graph-DQN train epoch 573/1000 (57.3%)  loss=0.000000  eta=2143.0s
2026-04-10 19:38:10 [INFO] src.graph_dqn: Graph-DQN train epoch 574/1000 (57.4%)  loss=0.000000  eta=2137.6s
2026-04-10 19:38:14 [INFO] src.graph_dqn: Graph-DQN train epoch 575/1000 (57.5%)  loss=0.000000  eta=2132.1s
2026-04-10 19:38:20 [INFO] src.graph_dqn: Graph-DQN train epoch 576/1000 (57.6%)  loss=0.000000  eta=2127.9s
2026-04-10 19:38:25 [INFO] src.graph_dqn: Graph-DQN train epoch 577/1000 (57.7%)  loss=0.000000  eta=2122.4s
2026-04-10 19:38:29 [INFO] src.graph_dqn: Graph-DQN train epoch 578/1000 (57.8%)  loss=0.000000  eta=2117.1s
2026-04-10 19:38:35 [INFO] src.graph_dqn: Graph-DQN train epoch 579/1000 (57.9%)  loss=0.000000  eta=2112.8s
2026-04-10 19:38:40 [INFO] src.graph_dqn: Graph-DQN train epoch 580/1000 (58.0%)  loss=0.000000  eta=2107.5s
2026-04-10 19:38:44 [INFO] src.graph_dqn: Graph-DQN train epoch 581/1000 (58.1%)  loss=0.058707  eta=2102.1s
2026-04-10 19:38:50 [INFO] src.graph_dqn: Graph-DQN train epoch 582/1000 (58.2%)  loss=0.000136  eta=2097.8s
2026-04-10 19:38:55 [INFO] src.graph_dqn: Graph-DQN train epoch 583/1000 (58.3%)  loss=0.000000  eta=2092.4s
2026-04-10 19:38:59 [INFO] src.graph_dqn: Graph-DQN train epoch 584/1000 (58.4%)  loss=0.000000  eta=2086.9s
2026-04-10 19:39:05 [INFO] src.graph_dqn: Graph-DQN train epoch 585/1000 (58.5%)  loss=0.000000  eta=2082.6s
2026-04-10 19:39:10 [INFO] src.graph_dqn: Graph-DQN train epoch 586/1000 (58.6%)  loss=0.000000  eta=2077.2s
2026-04-10 19:39:14 [INFO] src.graph_dqn: Graph-DQN train epoch 587/1000 (58.7%)  loss=0.000000  eta=2071.8s
2026-04-10 19:39:20 [INFO] src.graph_dqn: Graph-DQN train epoch 588/1000 (58.8%)  loss=0.000000  eta=2067.6s
2026-04-10 19:39:25 [INFO] src.graph_dqn: Graph-DQN train epoch 589/1000 (58.9%)  loss=0.000000  eta=2062.1s
2026-04-10 19:39:29 [INFO] src.graph_dqn: Graph-DQN train epoch 590/1000 (59.0%)  loss=0.000000  eta=2056.7s
2026-04-10 19:39:35 [INFO] src.graph_dqn: Graph-DQN train epoch 591/1000 (59.1%)  loss=0.000000  eta=2052.4s
2026-04-10 19:39:40 [INFO] src.graph_dqn: Graph-DQN train epoch 592/1000 (59.2%)  loss=0.000000  eta=2047.1s
2026-04-10 19:39:44 [INFO] src.graph_dqn: Graph-DQN train epoch 593/1000 (59.3%)  loss=0.000000  eta=2041.7s
2026-04-10 19:39:50 [INFO] src.graph_dqn: Graph-DQN train epoch 594/1000 (59.4%)  loss=0.000000  eta=2037.4s
2026-04-10 19:39:55 [INFO] src.graph_dqn: Graph-DQN train epoch 595/1000 (59.5%)  loss=0.000000  eta=2032.0s
2026-04-10 19:39:59 [INFO] src.graph_dqn: Graph-DQN train epoch 596/1000 (59.6%)  loss=0.000000  eta=2026.6s
2026-04-10 19:40:05 [INFO] src.graph_dqn: Graph-DQN train epoch 597/1000 (59.7%)  loss=0.000000  eta=2022.3s
2026-04-10 19:40:10 [INFO] src.graph_dqn: Graph-DQN train epoch 598/1000 (59.8%)  loss=0.000000  eta=2017.0s
2026-04-10 19:40:14 [INFO] src.graph_dqn: Graph-DQN train epoch 599/1000 (59.9%)  loss=0.000000  eta=2011.7s
2026-04-10 19:40:20 [INFO] src.graph_dqn: Graph-DQN train epoch 600/1000 (60.0%)  loss=0.000000  eta=2007.4s
2026-04-10 19:40:20 [INFO] __main__: Saved selector checkpoint: dqn_model_rlcg_epoch_600.pt
2026-04-10 19:40:25 [INFO] src.graph_dqn: Graph-DQN train epoch 601/1000 (60.1%)  loss=0.000000  eta=2002.0s
2026-04-10 19:40:29 [INFO] src.graph_dqn: Graph-DQN train epoch 602/1000 (60.2%)  loss=0.000000  eta=1996.6s
2026-04-10 19:40:36 [INFO] src.graph_dqn: Graph-DQN train epoch 603/1000 (60.3%)  loss=0.000000  eta=1992.3s
2026-04-10 19:40:40 [INFO] src.graph_dqn: Graph-DQN train epoch 604/1000 (60.4%)  loss=0.000000  eta=1986.9s
2026-04-10 19:40:44 [INFO] src.graph_dqn: Graph-DQN train epoch 605/1000 (60.5%)  loss=0.020659  eta=1981.5s
2026-04-10 19:40:50 [INFO] src.graph_dqn: Graph-DQN train epoch 606/1000 (60.6%)  loss=0.024940  eta=1977.2s
2026-04-10 19:40:55 [INFO] src.graph_dqn: Graph-DQN train epoch 607/1000 (60.7%)  loss=0.000000  eta=1971.8s
2026-04-10 19:40:59 [INFO] src.graph_dqn: Graph-DQN train epoch 608/1000 (60.8%)  loss=0.000000  eta=1966.4s
2026-04-10 19:41:05 [INFO] src.graph_dqn: Graph-DQN train epoch 609/1000 (60.9%)  loss=0.000000  eta=1962.0s
2026-04-10 19:41:10 [INFO] src.graph_dqn: Graph-DQN train epoch 610/1000 (61.0%)  loss=0.000000  eta=1956.7s
2026-04-10 19:41:15 [INFO] src.graph_dqn: Graph-DQN train epoch 611/1000 (61.1%)  loss=0.000000  eta=1951.5s
2026-04-10 19:41:21 [INFO] src.graph_dqn: Graph-DQN train epoch 612/1000 (61.2%)  loss=0.000000  eta=1947.1s
2026-04-10 19:41:25 [INFO] src.graph_dqn: Graph-DQN train epoch 613/1000 (61.3%)  loss=0.000000  eta=1941.8s
2026-04-10 19:41:30 [INFO] src.graph_dqn: Graph-DQN train epoch 614/1000 (61.4%)  loss=0.000000  eta=1936.5s
2026-04-10 19:41:36 [INFO] src.graph_dqn: Graph-DQN train epoch 615/1000 (61.5%)  loss=0.000000  eta=1932.1s
2026-04-10 19:41:40 [INFO] src.graph_dqn: Graph-DQN train epoch 616/1000 (61.6%)  loss=0.000000  eta=1926.8s
2026-04-10 19:41:45 [INFO] src.graph_dqn: Graph-DQN train epoch 617/1000 (61.7%)  loss=0.000000  eta=1921.4s
2026-04-10 19:41:51 [INFO] src.graph_dqn: Graph-DQN train epoch 618/1000 (61.8%)  loss=0.000000  eta=1917.1s
2026-04-10 19:41:55 [INFO] src.graph_dqn: Graph-DQN train epoch 619/1000 (61.9%)  loss=0.000000  eta=1911.7s
2026-04-10 19:42:00 [INFO] src.graph_dqn: Graph-DQN train epoch 620/1000 (62.0%)  loss=0.000000  eta=1906.3s
2026-04-10 19:42:06 [INFO] src.graph_dqn: Graph-DQN train epoch 621/1000 (62.1%)  loss=0.000000  eta=1902.0s
2026-04-10 19:42:10 [INFO] src.graph_dqn: Graph-DQN train epoch 622/1000 (62.2%)  loss=0.000000  eta=1896.6s
2026-04-10 19:42:15 [INFO] src.graph_dqn: Graph-DQN train epoch 623/1000 (62.3%)  loss=0.000000  eta=1891.2s
2026-04-10 19:42:21 [INFO] src.graph_dqn: Graph-DQN train epoch 624/1000 (62.4%)  loss=0.000000  eta=1886.8s
2026-04-10 19:42:25 [INFO] src.graph_dqn: Graph-DQN train epoch 625/1000 (62.5%)  loss=0.000000  eta=1881.5s
2026-04-10 19:42:30 [INFO] src.graph_dqn: Graph-DQN train epoch 626/1000 (62.6%)  loss=0.000000  eta=1876.1s
2026-04-10 19:42:36 [INFO] src.graph_dqn: Graph-DQN train epoch 627/1000 (62.7%)  loss=0.000000  eta=1871.7s
2026-04-10 19:42:40 [INFO] src.graph_dqn: Graph-DQN train epoch 628/1000 (62.8%)  loss=0.007361  eta=1866.4s
2026-04-10 19:42:45 [INFO] src.graph_dqn: Graph-DQN train epoch 629/1000 (62.9%)  loss=0.022867  eta=1861.0s
2026-04-10 19:42:51 [INFO] src.graph_dqn: Graph-DQN train epoch 630/1000 (63.0%)  loss=0.016980  eta=1856.5s
2026-04-10 19:42:55 [INFO] src.graph_dqn: Graph-DQN train epoch 631/1000 (63.1%)  loss=0.000055  eta=1851.2s
2026-04-10 19:42:59 [INFO] src.graph_dqn: Graph-DQN train epoch 632/1000 (63.2%)  loss=0.000011  eta=1845.8s
2026-04-10 19:43:06 [INFO] src.graph_dqn: Graph-DQN train epoch 633/1000 (63.3%)  loss=0.000008  eta=1841.5s
2026-04-10 19:43:10 [INFO] src.graph_dqn: Graph-DQN train epoch 634/1000 (63.4%)  loss=0.000005  eta=1836.2s
2026-04-10 19:43:15 [INFO] src.graph_dqn: Graph-DQN train epoch 635/1000 (63.5%)  loss=0.000003  eta=1830.9s
2026-04-10 19:43:21 [INFO] src.graph_dqn: Graph-DQN train epoch 636/1000 (63.6%)  loss=0.000002  eta=1826.5s
2026-04-10 19:43:25 [INFO] src.graph_dqn: Graph-DQN train epoch 637/1000 (63.7%)  loss=0.000002  eta=1821.2s
2026-04-10 19:43:30 [INFO] src.graph_dqn: Graph-DQN train epoch 638/1000 (63.8%)  loss=0.000001  eta=1815.9s
2026-04-10 19:43:36 [INFO] src.graph_dqn: Graph-DQN train epoch 639/1000 (63.9%)  loss=0.000001  eta=1811.5s
2026-04-10 19:43:41 [INFO] src.graph_dqn: Graph-DQN train epoch 640/1000 (64.0%)  loss=0.000001  eta=1806.4s
2026-04-10 19:43:45 [INFO] src.graph_dqn: Graph-DQN train epoch 641/1000 (64.1%)  loss=0.000001  eta=1801.1s
2026-04-10 19:43:51 [INFO] src.graph_dqn: Graph-DQN train epoch 642/1000 (64.2%)  loss=0.000001  eta=1796.7s
2026-04-10 19:43:56 [INFO] src.graph_dqn: Graph-DQN train epoch 643/1000 (64.3%)  loss=0.000000  eta=1791.4s
2026-04-10 19:44:00 [INFO] src.graph_dqn: Graph-DQN train epoch 644/1000 (64.4%)  loss=0.000000  eta=1786.0s
2026-04-10 19:44:06 [INFO] src.graph_dqn: Graph-DQN train epoch 645/1000 (64.5%)  loss=0.000000  eta=1781.6s
2026-04-10 19:44:11 [INFO] src.graph_dqn: Graph-DQN train epoch 646/1000 (64.6%)  loss=0.000000  eta=1776.3s
2026-04-10 19:44:15 [INFO] src.graph_dqn: Graph-DQN train epoch 647/1000 (64.7%)  loss=0.000000  eta=1771.0s
2026-04-10 19:44:21 [INFO] src.graph_dqn: Graph-DQN train epoch 648/1000 (64.8%)  loss=0.000000  eta=1766.5s
2026-04-10 19:44:26 [INFO] src.graph_dqn: Graph-DQN train epoch 649/1000 (64.9%)  loss=0.000000  eta=1761.2s
2026-04-10 19:44:30 [INFO] src.graph_dqn: Graph-DQN train epoch 650/1000 (65.0%)  loss=0.000000  eta=1755.9s
2026-04-10 19:44:36 [INFO] src.graph_dqn: Graph-DQN train epoch 651/1000 (65.1%)  loss=0.000000  eta=1751.4s
2026-04-10 19:44:41 [INFO] src.graph_dqn: Graph-DQN train epoch 652/1000 (65.2%)  loss=0.000000  eta=1746.1s
2026-04-10 19:44:45 [INFO] src.graph_dqn: Graph-DQN train epoch 653/1000 (65.3%)  loss=0.000000  eta=1740.7s
2026-04-10 19:44:51 [INFO] src.graph_dqn: Graph-DQN train epoch 654/1000 (65.4%)  loss=0.000000  eta=1736.3s
2026-04-10 19:44:56 [INFO] src.graph_dqn: Graph-DQN train epoch 655/1000 (65.5%)  loss=0.000000  eta=1731.0s
2026-04-10 19:45:00 [INFO] src.graph_dqn: Graph-DQN train epoch 656/1000 (65.6%)  loss=0.000000  eta=1725.6s
2026-04-10 19:45:06 [INFO] src.graph_dqn: Graph-DQN train epoch 657/1000 (65.7%)  loss=0.112075  eta=1721.2s
2026-04-10 19:45:11 [INFO] src.graph_dqn: Graph-DQN train epoch 658/1000 (65.8%)  loss=0.000000  eta=1715.8s
2026-04-10 19:45:15 [INFO] src.graph_dqn: Graph-DQN train epoch 659/1000 (65.9%)  loss=0.000000  eta=1710.6s
2026-04-10 19:45:21 [INFO] src.graph_dqn: Graph-DQN train epoch 660/1000 (66.0%)  loss=0.000000  eta=1706.1s
2026-04-10 19:45:26 [INFO] src.graph_dqn: Graph-DQN train epoch 661/1000 (66.1%)  loss=0.000000  eta=1700.8s
2026-04-10 19:45:30 [INFO] src.graph_dqn: Graph-DQN train epoch 662/1000 (66.2%)  loss=0.000000  eta=1695.4s
2026-04-10 19:45:36 [INFO] src.graph_dqn: Graph-DQN train epoch 663/1000 (66.3%)  loss=0.000000  eta=1691.0s
2026-04-10 19:45:41 [INFO] src.graph_dqn: Graph-DQN train epoch 664/1000 (66.4%)  loss=0.000000  eta=1685.7s
2026-04-10 19:45:45 [INFO] src.graph_dqn: Graph-DQN train epoch 665/1000 (66.5%)  loss=0.000000  eta=1680.3s
2026-04-10 19:45:51 [INFO] src.graph_dqn: Graph-DQN train epoch 666/1000 (66.6%)  loss=0.000000  eta=1675.8s
2026-04-10 19:45:56 [INFO] src.graph_dqn: Graph-DQN train epoch 667/1000 (66.7%)  loss=0.000000  eta=1670.6s
2026-04-10 19:46:00 [INFO] src.graph_dqn: Graph-DQN train epoch 668/1000 (66.8%)  loss=0.000000  eta=1665.3s
2026-04-10 19:46:06 [INFO] src.graph_dqn: Graph-DQN train epoch 669/1000 (66.9%)  loss=0.000000  eta=1660.7s
2026-04-10 19:46:11 [INFO] src.graph_dqn: Graph-DQN train epoch 670/1000 (67.0%)  loss=0.000000  eta=1655.5s
2026-04-10 19:46:15 [INFO] src.graph_dqn: Graph-DQN train epoch 671/1000 (67.1%)  loss=0.000000  eta=1650.2s
2026-04-10 19:46:21 [INFO] src.graph_dqn: Graph-DQN train epoch 672/1000 (67.2%)  loss=0.000000  eta=1645.6s
2026-04-10 19:46:26 [INFO] src.graph_dqn: Graph-DQN train epoch 673/1000 (67.3%)  loss=0.000000  eta=1640.5s
2026-04-10 19:46:30 [INFO] src.graph_dqn: Graph-DQN train epoch 674/1000 (67.4%)  loss=0.000000  eta=1635.2s
2026-04-10 19:46:36 [INFO] src.graph_dqn: Graph-DQN train epoch 675/1000 (67.5%)  loss=0.000000  eta=1630.6s
2026-04-10 19:46:41 [INFO] src.graph_dqn: Graph-DQN train epoch 676/1000 (67.6%)  loss=0.000000  eta=1625.4s
2026-04-10 19:46:45 [INFO] src.graph_dqn: Graph-DQN train epoch 677/1000 (67.7%)  loss=0.012766  eta=1620.1s
2026-04-10 19:46:51 [INFO] src.graph_dqn: Graph-DQN train epoch 678/1000 (67.8%)  loss=0.000000  eta=1615.5s
2026-04-10 19:46:56 [INFO] src.graph_dqn: Graph-DQN train epoch 679/1000 (67.9%)  loss=0.000000  eta=1610.3s
2026-04-10 19:47:00 [INFO] src.graph_dqn: Graph-DQN train epoch 680/1000 (68.0%)  loss=0.000000  eta=1605.0s
2026-04-10 19:47:06 [INFO] src.graph_dqn: Graph-DQN train epoch 681/1000 (68.1%)  loss=0.000000  eta=1600.5s
2026-04-10 19:47:11 [INFO] src.graph_dqn: Graph-DQN train epoch 682/1000 (68.2%)  loss=0.000000  eta=1595.3s
2026-04-10 19:47:15 [INFO] src.graph_dqn: Graph-DQN train epoch 683/1000 (68.3%)  loss=0.000000  eta=1590.1s
2026-04-10 19:47:21 [INFO] src.graph_dqn: Graph-DQN train epoch 684/1000 (68.4%)  loss=0.000000  eta=1585.5s
2026-04-10 19:47:26 [INFO] src.graph_dqn: Graph-DQN train epoch 685/1000 (68.5%)  loss=0.000000  eta=1580.3s
2026-04-10 19:47:30 [INFO] src.graph_dqn: Graph-DQN train epoch 686/1000 (68.6%)  loss=0.000000  eta=1575.0s
2026-04-10 19:47:36 [INFO] src.graph_dqn: Graph-DQN train epoch 687/1000 (68.7%)  loss=0.000000  eta=1570.4s
2026-04-10 19:47:41 [INFO] src.graph_dqn: Graph-DQN train epoch 688/1000 (68.8%)  loss=0.000000  eta=1565.2s
2026-04-10 19:47:45 [INFO] src.graph_dqn: Graph-DQN train epoch 689/1000 (68.9%)  loss=0.000000  eta=1559.9s
2026-04-10 19:47:51 [INFO] src.graph_dqn: Graph-DQN train epoch 690/1000 (69.0%)  loss=0.000000  eta=1555.2s
2026-04-10 19:47:56 [INFO] src.graph_dqn: Graph-DQN train epoch 691/1000 (69.1%)  loss=0.000000  eta=1550.0s
2026-04-10 19:48:00 [INFO] src.graph_dqn: Graph-DQN train epoch 692/1000 (69.2%)  loss=0.000000  eta=1544.7s
2026-04-10 19:48:06 [INFO] src.graph_dqn: Graph-DQN train epoch 693/1000 (69.3%)  loss=0.000000  eta=1540.0s
2026-04-10 19:48:11 [INFO] src.graph_dqn: Graph-DQN train epoch 694/1000 (69.4%)  loss=0.000000  eta=1534.9s
2026-04-10 19:48:15 [INFO] src.graph_dqn: Graph-DQN train epoch 695/1000 (69.5%)  loss=0.000000  eta=1529.6s
2026-04-10 19:48:21 [INFO] src.graph_dqn: Graph-DQN train epoch 696/1000 (69.6%)  loss=0.000000  eta=1524.9s
2026-04-10 19:48:25 [INFO] src.graph_dqn: Graph-DQN train epoch 697/1000 (69.7%)  loss=0.000000  eta=1519.8s
2026-04-10 19:48:30 [INFO] src.graph_dqn: Graph-DQN train epoch 698/1000 (69.8%)  loss=0.000000  eta=1514.5s
2026-04-10 19:48:36 [INFO] src.graph_dqn: Graph-DQN train epoch 699/1000 (69.9%)  loss=0.000021  eta=1509.8s
2026-04-10 19:48:40 [INFO] src.graph_dqn: Graph-DQN train epoch 700/1000 (70.0%)  loss=0.013219  eta=1504.7s
2026-04-10 19:48:40 [INFO] __main__: Saved selector checkpoint: dqn_model_rlcg_epoch_700.pt
2026-04-10 19:48:45 [INFO] src.graph_dqn: Graph-DQN train epoch 701/1000 (70.1%)  loss=0.000001  eta=1499.4s
2026-04-10 19:48:50 [INFO] src.graph_dqn: Graph-DQN train epoch 702/1000 (70.2%)  loss=0.000000  eta=1494.6s
2026-04-10 19:48:55 [INFO] src.graph_dqn: Graph-DQN train epoch 703/1000 (70.3%)  loss=0.000000  eta=1489.6s
2026-04-10 19:49:00 [INFO] src.graph_dqn: Graph-DQN train epoch 704/1000 (70.4%)  loss=0.000000  eta=1484.4s
2026-04-10 19:49:06 [INFO] src.graph_dqn: Graph-DQN train epoch 705/1000 (70.5%)  loss=0.000000  eta=1479.6s
2026-04-10 19:49:10 [INFO] src.graph_dqn: Graph-DQN train epoch 706/1000 (70.6%)  loss=0.000000  eta=1474.6s
2026-04-10 19:49:15 [INFO] src.graph_dqn: Graph-DQN train epoch 707/1000 (70.7%)  loss=0.000000  eta=1469.3s
2026-04-10 19:49:20 [INFO] src.graph_dqn: Graph-DQN train epoch 708/1000 (70.8%)  loss=0.000000  eta=1464.5s
2026-04-10 19:49:25 [INFO] src.graph_dqn: Graph-DQN train epoch 709/1000 (70.9%)  loss=0.000000  eta=1459.5s
2026-04-10 19:49:30 [INFO] src.graph_dqn: Graph-DQN train epoch 710/1000 (71.0%)  loss=0.000000  eta=1454.3s
2026-04-10 19:49:36 [INFO] src.graph_dqn: Graph-DQN train epoch 711/1000 (71.1%)  loss=0.000000  eta=1449.6s
2026-04-10 19:49:41 [INFO] src.graph_dqn: Graph-DQN train epoch 712/1000 (71.2%)  loss=0.000000  eta=1444.6s
2026-04-10 19:49:45 [INFO] src.graph_dqn: Graph-DQN train epoch 713/1000 (71.3%)  loss=0.000000  eta=1439.3s
2026-04-10 19:49:51 [INFO] src.graph_dqn: Graph-DQN train epoch 714/1000 (71.4%)  loss=0.000000  eta=1434.5s
2026-04-10 19:49:56 [INFO] src.graph_dqn: Graph-DQN train epoch 715/1000 (71.5%)  loss=0.000000  eta=1429.5s
2026-04-10 19:50:00 [INFO] src.graph_dqn: Graph-DQN train epoch 716/1000 (71.6%)  loss=0.000000  eta=1424.2s
2026-04-10 19:50:06 [INFO] src.graph_dqn: Graph-DQN train epoch 717/1000 (71.7%)  loss=0.000000  eta=1419.4s
2026-04-10 19:50:10 [INFO] src.graph_dqn: Graph-DQN train epoch 718/1000 (71.8%)  loss=0.000000  eta=1414.3s
2026-04-10 19:50:15 [INFO] src.graph_dqn: Graph-DQN train epoch 719/1000 (71.9%)  loss=0.000000  eta=1409.1s
2026-04-10 19:50:20 [INFO] src.graph_dqn: Graph-DQN train epoch 720/1000 (72.0%)  loss=0.000000  eta=1404.3s
2026-04-10 19:50:25 [INFO] src.graph_dqn: Graph-DQN train epoch 721/1000 (72.1%)  loss=0.000000  eta=1399.3s
2026-04-10 19:50:30 [INFO] src.graph_dqn: Graph-DQN train epoch 722/1000 (72.2%)  loss=0.101730  eta=1394.0s
2026-04-10 19:50:35 [INFO] src.graph_dqn: Graph-DQN train epoch 723/1000 (72.3%)  loss=0.000000  eta=1389.2s
2026-04-10 19:50:40 [INFO] src.graph_dqn: Graph-DQN train epoch 724/1000 (72.4%)  loss=0.000000  eta=1384.2s
2026-04-10 19:50:45 [INFO] src.graph_dqn: Graph-DQN train epoch 725/1000 (72.5%)  loss=0.000000  eta=1378.9s
2026-04-10 19:50:50 [INFO] src.graph_dqn: Graph-DQN train epoch 726/1000 (72.6%)  loss=0.000000  eta=1374.0s
2026-04-10 19:50:55 [INFO] src.graph_dqn: Graph-DQN train epoch 727/1000 (72.7%)  loss=0.000000  eta=1369.1s
2026-04-10 19:51:00 [INFO] src.graph_dqn: Graph-DQN train epoch 728/1000 (72.8%)  loss=0.000000  eta=1363.8s
2026-04-10 19:51:05 [INFO] src.graph_dqn: Graph-DQN train epoch 729/1000 (72.9%)  loss=0.000000  eta=1358.9s
2026-04-10 19:51:10 [INFO] src.graph_dqn: Graph-DQN train epoch 730/1000 (73.0%)  loss=0.000000  eta=1354.0s
2026-04-10 19:51:15 [INFO] src.graph_dqn: Graph-DQN train epoch 731/1000 (73.1%)  loss=0.000000  eta=1348.7s
2026-04-10 19:51:20 [INFO] src.graph_dqn: Graph-DQN train epoch 732/1000 (73.2%)  loss=0.000000  eta=1343.9s
2026-04-10 19:51:25 [INFO] src.graph_dqn: Graph-DQN train epoch 733/1000 (73.3%)  loss=0.000000  eta=1338.9s
2026-04-10 19:51:30 [INFO] src.graph_dqn: Graph-DQN train epoch 734/1000 (73.4%)  loss=0.000000  eta=1333.8s
2026-04-10 19:51:35 [INFO] src.graph_dqn: Graph-DQN train epoch 735/1000 (73.5%)  loss=0.000000  eta=1328.9s
2026-04-10 19:51:40 [INFO] src.graph_dqn: Graph-DQN train epoch 736/1000 (73.6%)  loss=0.000000  eta=1323.9s
2026-04-10 19:51:45 [INFO] src.graph_dqn: Graph-DQN train epoch 737/1000 (73.7%)  loss=0.000000  eta=1318.7s
2026-04-10 19:51:50 [INFO] src.graph_dqn: Graph-DQN train epoch 738/1000 (73.8%)  loss=0.000000  eta=1313.9s
2026-04-10 19:51:55 [INFO] src.graph_dqn: Graph-DQN train epoch 739/1000 (73.9%)  loss=0.000000  eta=1308.9s
2026-04-10 19:52:00 [INFO] src.graph_dqn: Graph-DQN train epoch 740/1000 (74.0%)  loss=0.000000  eta=1303.6s
2026-04-10 19:52:05 [INFO] src.graph_dqn: Graph-DQN train epoch 741/1000 (74.1%)  loss=0.000000  eta=1298.8s
2026-04-10 19:52:10 [INFO] src.graph_dqn: Graph-DQN train epoch 742/1000 (74.2%)  loss=0.029475  eta=1293.7s
2026-04-10 19:52:15 [INFO] src.graph_dqn: Graph-DQN train epoch 743/1000 (74.3%)  loss=0.018264  eta=1288.5s
2026-04-10 19:52:20 [INFO] src.graph_dqn: Graph-DQN train epoch 744/1000 (74.4%)  loss=0.000001  eta=1283.6s
2026-04-10 19:52:25 [INFO] src.graph_dqn: Graph-DQN train epoch 745/1000 (74.5%)  loss=0.000001  eta=1278.6s
2026-04-10 19:52:29 [INFO] src.graph_dqn: Graph-DQN train epoch 746/1000 (74.6%)  loss=0.000001  eta=1273.4s
2026-04-10 19:52:35 [INFO] src.graph_dqn: Graph-DQN train epoch 747/1000 (74.7%)  loss=0.000001  eta=1268.5s
2026-04-10 19:52:40 [INFO] src.graph_dqn: Graph-DQN train epoch 748/1000 (74.8%)  loss=0.000001  eta=1263.5s
2026-04-10 19:52:44 [INFO] src.graph_dqn: Graph-DQN train epoch 749/1000 (74.9%)  loss=0.000001  eta=1258.3s
2026-04-10 19:52:50 [INFO] src.graph_dqn: Graph-DQN train epoch 750/1000 (75.0%)  loss=0.000001  eta=1253.4s
2026-04-10 19:52:55 [INFO] src.graph_dqn: Graph-DQN train epoch 751/1000 (75.1%)  loss=0.000001  eta=1248.4s
2026-04-10 19:52:59 [INFO] src.graph_dqn: Graph-DQN train epoch 752/1000 (75.2%)  loss=0.000001  eta=1243.2s
2026-04-10 19:53:04 [INFO] src.graph_dqn: Graph-DQN train epoch 753/1000 (75.3%)  loss=0.000000  eta=1238.2s
2026-04-10 19:53:10 [INFO] src.graph_dqn: Graph-DQN train epoch 754/1000 (75.4%)  loss=0.000000  eta=1233.4s
2026-04-10 19:53:14 [INFO] src.graph_dqn: Graph-DQN train epoch 755/1000 (75.5%)  loss=0.000000  eta=1228.2s
2026-04-10 19:53:20 [INFO] src.graph_dqn: Graph-DQN train epoch 756/1000 (75.6%)  loss=0.000000  eta=1223.3s
2026-04-10 19:53:25 [INFO] src.graph_dqn: Graph-DQN train epoch 757/1000 (75.7%)  loss=0.000000  eta=1218.3s
2026-04-10 19:53:29 [INFO] src.graph_dqn: Graph-DQN train epoch 758/1000 (75.8%)  loss=0.000000  eta=1213.2s
2026-04-10 19:53:35 [INFO] src.graph_dqn: Graph-DQN train epoch 759/1000 (75.9%)  loss=0.000000  eta=1208.3s
2026-04-10 19:53:40 [INFO] src.graph_dqn: Graph-DQN train epoch 760/1000 (76.0%)  loss=0.000000  eta=1203.4s
2026-04-10 19:53:45 [INFO] src.graph_dqn: Graph-DQN train epoch 761/1000 (76.1%)  loss=0.000000  eta=1198.2s
2026-04-10 19:53:50 [INFO] src.graph_dqn: Graph-DQN train epoch 762/1000 (76.2%)  loss=0.010237  eta=1193.3s
2026-04-10 19:53:55 [INFO] src.graph_dqn: Graph-DQN train epoch 763/1000 (76.3%)  loss=0.000001  eta=1188.4s
2026-04-10 19:54:00 [INFO] src.graph_dqn: Graph-DQN train epoch 764/1000 (76.4%)  loss=0.000000  eta=1183.2s
2026-04-10 19:54:05 [INFO] src.graph_dqn: Graph-DQN train epoch 765/1000 (76.5%)  loss=0.000000  eta=1178.3s
2026-04-10 19:54:11 [INFO] src.graph_dqn: Graph-DQN train epoch 766/1000 (76.6%)  loss=0.000000  eta=1173.4s
2026-04-10 19:54:15 [INFO] src.graph_dqn: Graph-DQN train epoch 767/1000 (76.7%)  loss=0.000000  eta=1168.3s
2026-04-10 19:54:21 [INFO] src.graph_dqn: Graph-DQN train epoch 768/1000 (76.8%)  loss=0.000000  eta=1163.5s
2026-04-10 19:54:26 [INFO] src.graph_dqn: Graph-DQN train epoch 769/1000 (76.9%)  loss=0.000000  eta=1158.5s
2026-04-10 19:54:31 [INFO] src.graph_dqn: Graph-DQN train epoch 770/1000 (77.0%)  loss=0.000000  eta=1153.3s
2026-04-10 19:54:36 [INFO] src.graph_dqn: Graph-DQN train epoch 771/1000 (77.1%)  loss=0.000000  eta=1148.5s
2026-04-10 19:54:41 [INFO] src.graph_dqn: Graph-DQN train epoch 772/1000 (77.2%)  loss=0.000000  eta=1143.5s
2026-04-10 19:54:46 [INFO] src.graph_dqn: Graph-DQN train epoch 773/1000 (77.3%)  loss=0.000000  eta=1138.3s
2026-04-10 19:54:52 [INFO] src.graph_dqn: Graph-DQN train epoch 774/1000 (77.4%)  loss=0.000000  eta=1133.5s
2026-04-10 19:54:56 [INFO] src.graph_dqn: Graph-DQN train epoch 775/1000 (77.5%)  loss=0.000000  eta=1128.5s
2026-04-10 19:55:01 [INFO] src.graph_dqn: Graph-DQN train epoch 776/1000 (77.6%)  loss=0.000000  eta=1123.3s
2026-04-10 19:55:07 [INFO] src.graph_dqn: Graph-DQN train epoch 777/1000 (77.7%)  loss=0.000000  eta=1118.5s
2026-04-10 19:55:11 [INFO] src.graph_dqn: Graph-DQN train epoch 778/1000 (77.8%)  loss=0.000000  eta=1113.4s
2026-04-10 19:55:16 [INFO] src.graph_dqn: Graph-DQN train epoch 779/1000 (77.9%)  loss=0.000000  eta=1108.3s
2026-04-10 19:55:22 [INFO] src.graph_dqn: Graph-DQN train epoch 780/1000 (78.0%)  loss=0.010468  eta=1103.5s
2026-04-10 19:55:27 [INFO] src.graph_dqn: Graph-DQN train epoch 781/1000 (78.1%)  loss=0.000001  eta=1098.4s
2026-04-10 19:55:31 [INFO] src.graph_dqn: Graph-DQN train epoch 782/1000 (78.2%)  loss=0.000000  eta=1093.3s
2026-04-10 19:55:37 [INFO] src.graph_dqn: Graph-DQN train epoch 783/1000 (78.3%)  loss=0.000000  eta=1088.5s
2026-04-10 19:55:42 [INFO] src.graph_dqn: Graph-DQN train epoch 784/1000 (78.4%)  loss=0.000000  eta=1083.4s
2026-04-10 19:55:46 [INFO] src.graph_dqn: Graph-DQN train epoch 785/1000 (78.5%)  loss=0.000000  eta=1078.2s
2026-04-10 19:55:52 [INFO] src.graph_dqn: Graph-DQN train epoch 786/1000 (78.6%)  loss=0.000000  eta=1073.4s
2026-04-10 19:55:57 [INFO] src.graph_dqn: Graph-DQN train epoch 787/1000 (78.7%)  loss=0.000000  eta=1068.3s
2026-04-10 19:56:01 [INFO] src.graph_dqn: Graph-DQN train epoch 788/1000 (78.8%)  loss=0.000000  eta=1063.1s
2026-04-10 19:56:07 [INFO] src.graph_dqn: Graph-DQN train epoch 789/1000 (78.9%)  loss=0.000000  eta=1058.3s
2026-04-10 19:56:12 [INFO] src.graph_dqn: Graph-DQN train epoch 790/1000 (79.0%)  loss=0.000000  eta=1053.2s
2026-04-10 19:56:16 [INFO] src.graph_dqn: Graph-DQN train epoch 791/1000 (79.1%)  loss=0.000000  eta=1048.1s
2026-04-10 19:56:22 [INFO] src.graph_dqn: Graph-DQN train epoch 792/1000 (79.2%)  loss=0.000000  eta=1043.2s
2026-04-10 19:56:26 [INFO] src.graph_dqn: Graph-DQN train epoch 793/1000 (79.3%)  loss=0.000000  eta=1038.1s
2026-04-10 19:56:31 [INFO] src.graph_dqn: Graph-DQN train epoch 794/1000 (79.4%)  loss=0.000000  eta=1033.0s
2026-04-10 19:56:37 [INFO] src.graph_dqn: Graph-DQN train epoch 795/1000 (79.5%)  loss=0.000000  eta=1028.2s
2026-04-10 19:56:42 [INFO] src.graph_dqn: Graph-DQN train epoch 796/1000 (79.6%)  loss=0.000000  eta=1023.1s
2026-04-10 19:56:46 [INFO] src.graph_dqn: Graph-DQN train epoch 797/1000 (79.7%)  loss=0.000000  eta=1017.9s
2026-04-10 19:56:52 [INFO] src.graph_dqn: Graph-DQN train epoch 798/1000 (79.8%)  loss=0.000000  eta=1013.1s
2026-04-10 19:56:56 [INFO] src.graph_dqn: Graph-DQN train epoch 799/1000 (79.9%)  loss=0.000000  eta=1008.0s
2026-04-10 19:57:01 [INFO] src.graph_dqn: Graph-DQN train epoch 800/1000 (80.0%)  loss=0.000000  eta=1002.9s
2026-04-10 19:57:01 [INFO] __main__: Saved selector checkpoint: dqn_model_rlcg_epoch_800.pt
2026-04-10 19:57:07 [INFO] src.graph_dqn: Graph-DQN train epoch 801/1000 (80.1%)  loss=0.009008  eta=998.0s
2026-04-10 19:57:11 [INFO] src.graph_dqn: Graph-DQN train epoch 802/1000 (80.2%)  loss=0.000000  eta=993.0s
2026-04-10 19:57:16 [INFO] src.graph_dqn: Graph-DQN train epoch 803/1000 (80.3%)  loss=0.000000  eta=987.8s
2026-04-10 19:57:21 [INFO] src.graph_dqn: Graph-DQN train epoch 804/1000 (80.4%)  loss=0.000000  eta=982.9s
2026-04-10 19:57:26 [INFO] src.graph_dqn: Graph-DQN train epoch 805/1000 (80.5%)  loss=0.000000  eta=977.9s
2026-04-10 19:57:31 [INFO] src.graph_dqn: Graph-DQN train epoch 806/1000 (80.6%)  loss=0.000000  eta=972.7s
2026-04-10 19:57:36 [INFO] src.graph_dqn: Graph-DQN train epoch 807/1000 (80.7%)  loss=0.000000  eta=967.9s
2026-04-10 19:57:41 [INFO] src.graph_dqn: Graph-DQN train epoch 808/1000 (80.8%)  loss=0.000000  eta=962.8s
2026-04-10 19:57:46 [INFO] src.graph_dqn: Graph-DQN train epoch 809/1000 (80.9%)  loss=0.000000  eta=957.7s
2026-04-10 19:57:51 [INFO] src.graph_dqn: Graph-DQN train epoch 810/1000 (81.0%)  loss=0.000000  eta=952.8s
2026-04-10 19:57:56 [INFO] src.graph_dqn: Graph-DQN train epoch 811/1000 (81.1%)  loss=0.000000  eta=947.7s
2026-04-10 19:58:00 [INFO] src.graph_dqn: Graph-DQN train epoch 812/1000 (81.2%)  loss=0.000000  eta=942.6s
2026-04-10 19:58:06 [INFO] src.graph_dqn: Graph-DQN train epoch 813/1000 (81.3%)  loss=0.000000  eta=937.6s
2026-04-10 19:58:11 [INFO] src.graph_dqn: Graph-DQN train epoch 814/1000 (81.4%)  loss=0.000000  eta=932.6s
2026-04-10 19:58:15 [INFO] src.graph_dqn: Graph-DQN train epoch 815/1000 (81.5%)  loss=0.000000  eta=927.5s
2026-04-10 19:58:21 [INFO] src.graph_dqn: Graph-DQN train epoch 816/1000 (81.6%)  loss=0.000000  eta=922.5s
2026-04-10 19:58:26 [INFO] src.graph_dqn: Graph-DQN train epoch 817/1000 (81.7%)  loss=0.000000  eta=917.6s
2026-04-10 19:58:30 [INFO] src.graph_dqn: Graph-DQN train epoch 818/1000 (81.8%)  loss=0.002705  eta=912.4s
2026-04-10 19:58:36 [INFO] src.graph_dqn: Graph-DQN train epoch 819/1000 (81.9%)  loss=0.006987  eta=907.5s
2026-04-10 19:58:41 [INFO] src.graph_dqn: Graph-DQN train epoch 820/1000 (82.0%)  loss=0.000000  eta=902.5s
2026-04-10 19:58:45 [INFO] src.graph_dqn: Graph-DQN train epoch 821/1000 (82.1%)  loss=0.000000  eta=897.3s
2026-04-10 19:58:50 [INFO] src.graph_dqn: Graph-DQN train epoch 822/1000 (82.2%)  loss=0.000000  eta=892.4s
2026-04-10 19:58:56 [INFO] src.graph_dqn: Graph-DQN train epoch 823/1000 (82.3%)  loss=0.000000  eta=887.4s
2026-04-10 19:59:00 [INFO] src.graph_dqn: Graph-DQN train epoch 824/1000 (82.4%)  loss=0.000000  eta=882.2s
2026-04-10 19:59:05 [INFO] src.graph_dqn: Graph-DQN train epoch 825/1000 (82.5%)  loss=0.000000  eta=877.2s
2026-04-10 19:59:10 [INFO] src.graph_dqn: Graph-DQN train epoch 826/1000 (82.6%)  loss=0.000000  eta=872.3s
2026-04-10 19:59:15 [INFO] src.graph_dqn: Graph-DQN train epoch 827/1000 (82.7%)  loss=0.000000  eta=867.2s
2026-04-10 19:59:20 [INFO] src.graph_dqn: Graph-DQN train epoch 828/1000 (82.8%)  loss=0.000000  eta=862.2s
2026-04-10 19:59:25 [INFO] src.graph_dqn: Graph-DQN train epoch 829/1000 (82.9%)  loss=0.000000  eta=857.2s
2026-04-10 19:59:30 [INFO] src.graph_dqn: Graph-DQN train epoch 830/1000 (83.0%)  loss=0.000000  eta=852.1s
2026-04-10 19:59:35 [INFO] src.graph_dqn: Graph-DQN train epoch 831/1000 (83.1%)  loss=0.000000  eta=847.2s
2026-04-10 19:59:40 [INFO] src.graph_dqn: Graph-DQN train epoch 832/1000 (83.2%)  loss=0.000000  eta=842.2s
2026-04-10 19:59:45 [INFO] src.graph_dqn: Graph-DQN train epoch 833/1000 (83.3%)  loss=0.000000  eta=837.1s
2026-04-10 19:59:50 [INFO] src.graph_dqn: Graph-DQN train epoch 834/1000 (83.4%)  loss=0.000000  eta=832.1s
2026-04-10 19:59:56 [INFO] src.graph_dqn: Graph-DQN train epoch 835/1000 (83.5%)  loss=0.000000  eta=827.2s
2026-04-10 20:00:00 [INFO] src.graph_dqn: Graph-DQN train epoch 836/1000 (83.6%)  loss=0.000000  eta=822.1s
2026-04-10 20:00:06 [INFO] src.graph_dqn: Graph-DQN train epoch 837/1000 (83.7%)  loss=0.000000  eta=817.2s
2026-04-10 20:00:11 [INFO] src.graph_dqn: Graph-DQN train epoch 838/1000 (83.8%)  loss=0.000000  eta=812.2s
2026-04-10 20:00:15 [INFO] src.graph_dqn: Graph-DQN train epoch 839/1000 (83.9%)  loss=0.015716  eta=807.1s
2026-04-10 20:00:21 [INFO] src.graph_dqn: Graph-DQN train epoch 840/1000 (84.0%)  loss=0.000000  eta=802.1s
2026-04-10 20:00:26 [INFO] src.graph_dqn: Graph-DQN train epoch 841/1000 (84.1%)  loss=0.000000  eta=797.2s
2026-04-10 20:00:30 [INFO] src.graph_dqn: Graph-DQN train epoch 842/1000 (84.2%)  loss=0.000000  eta=792.1s
2026-04-10 20:00:36 [INFO] src.graph_dqn: Graph-DQN train epoch 843/1000 (84.3%)  loss=0.000000  eta=787.1s
2026-04-10 20:00:41 [INFO] src.graph_dqn: Graph-DQN train epoch 844/1000 (84.4%)  loss=0.000000  eta=782.1s
2026-04-10 20:00:45 [INFO] src.graph_dqn: Graph-DQN train epoch 845/1000 (84.5%)  loss=0.000000  eta=777.0s
2026-04-10 20:00:51 [INFO] src.graph_dqn: Graph-DQN train epoch 846/1000 (84.6%)  loss=0.000000  eta=772.0s
2026-04-10 20:00:56 [INFO] src.graph_dqn: Graph-DQN train epoch 847/1000 (84.7%)  loss=0.000000  eta=767.0s
2026-04-10 20:01:00 [INFO] src.graph_dqn: Graph-DQN train epoch 848/1000 (84.8%)  loss=0.000000  eta=761.9s
2026-04-10 20:01:05 [INFO] src.graph_dqn: Graph-DQN train epoch 849/1000 (84.9%)  loss=0.000000  eta=757.0s
2026-04-10 20:01:11 [INFO] src.graph_dqn: Graph-DQN train epoch 850/1000 (85.0%)  loss=0.000000  eta=752.0s
2026-04-10 20:01:15 [INFO] src.graph_dqn: Graph-DQN train epoch 851/1000 (85.1%)  loss=0.000000  eta=746.9s
2026-04-10 20:01:21 [INFO] src.graph_dqn: Graph-DQN train epoch 852/1000 (85.2%)  loss=0.000000  eta=742.0s
2026-04-10 20:01:26 [INFO] src.graph_dqn: Graph-DQN train epoch 853/1000 (85.3%)  loss=0.000000  eta=737.0s
2026-04-10 20:01:31 [INFO] src.graph_dqn: Graph-DQN train epoch 854/1000 (85.4%)  loss=0.000000  eta=731.9s
2026-04-10 20:01:36 [INFO] src.graph_dqn: Graph-DQN train epoch 855/1000 (85.5%)  loss=0.000000  eta=726.9s
2026-04-10 20:01:41 [INFO] src.graph_dqn: Graph-DQN train epoch 856/1000 (85.6%)  loss=0.000000  eta=722.0s
2026-04-10 20:01:46 [INFO] src.graph_dqn: Graph-DQN train epoch 857/1000 (85.7%)  loss=0.000000  eta=716.9s
2026-04-10 20:01:51 [INFO] src.graph_dqn: Graph-DQN train epoch 858/1000 (85.8%)  loss=0.000000  eta=711.9s
2026-04-10 20:01:56 [INFO] src.graph_dqn: Graph-DQN train epoch 859/1000 (85.9%)  loss=0.000000  eta=706.9s
2026-04-10 20:02:01 [INFO] src.graph_dqn: Graph-DQN train epoch 860/1000 (86.0%)  loss=0.000000  eta=701.8s
2026-04-10 20:02:06 [INFO] src.graph_dqn: Graph-DQN train epoch 861/1000 (86.1%)  loss=0.000000  eta=696.9s
2026-04-10 20:02:11 [INFO] src.graph_dqn: Graph-DQN train epoch 862/1000 (86.2%)  loss=0.000000  eta=691.9s
2026-04-10 20:02:16 [INFO] src.graph_dqn: Graph-DQN train epoch 863/1000 (86.3%)  loss=0.000000  eta=686.8s
2026-04-10 20:02:21 [INFO] src.graph_dqn: Graph-DQN train epoch 864/1000 (86.4%)  loss=0.000000  eta=681.9s
2026-04-10 20:02:26 [INFO] src.graph_dqn: Graph-DQN train epoch 865/1000 (86.5%)  loss=0.022802  eta=676.8s
2026-04-10 20:02:31 [INFO] src.graph_dqn: Graph-DQN train epoch 866/1000 (86.6%)  loss=0.001464  eta=671.7s
2026-04-10 20:02:36 [INFO] src.graph_dqn: Graph-DQN train epoch 867/1000 (86.7%)  loss=0.000000  eta=666.8s
2026-04-10 20:02:41 [INFO] src.graph_dqn: Graph-DQN train epoch 868/1000 (86.8%)  loss=0.000000  eta=661.8s
2026-04-10 20:02:46 [INFO] src.graph_dqn: Graph-DQN train epoch 869/1000 (86.9%)  loss=0.000000  eta=656.7s
2026-04-10 20:02:51 [INFO] src.graph_dqn: Graph-DQN train epoch 870/1000 (87.0%)  loss=0.000000  eta=651.8s
2026-04-10 20:02:56 [INFO] src.graph_dqn: Graph-DQN train epoch 871/1000 (87.1%)  loss=0.000000  eta=646.8s
2026-04-10 20:03:01 [INFO] src.graph_dqn: Graph-DQN train epoch 872/1000 (87.2%)  loss=0.000000  eta=641.7s
2026-04-10 20:03:06 [INFO] src.graph_dqn: Graph-DQN train epoch 873/1000 (87.3%)  loss=0.000000  eta=636.7s
2026-04-10 20:03:11 [INFO] src.graph_dqn: Graph-DQN train epoch 874/1000 (87.4%)  loss=0.000000  eta=631.7s
2026-04-10 20:03:16 [INFO] src.graph_dqn: Graph-DQN train epoch 875/1000 (87.5%)  loss=0.000000  eta=626.6s
2026-04-10 20:03:21 [INFO] src.graph_dqn: Graph-DQN train epoch 876/1000 (87.6%)  loss=0.000000  eta=621.7s
2026-04-10 20:03:26 [INFO] src.graph_dqn: Graph-DQN train epoch 877/1000 (87.7%)  loss=0.000000  eta=616.7s
2026-04-10 20:03:31 [INFO] src.graph_dqn: Graph-DQN train epoch 878/1000 (87.8%)  loss=0.000000  eta=611.6s
2026-04-10 20:03:36 [INFO] src.graph_dqn: Graph-DQN train epoch 879/1000 (87.9%)  loss=0.000000  eta=606.7s
2026-04-10 20:03:41 [INFO] src.graph_dqn: Graph-DQN train epoch 880/1000 (88.0%)  loss=0.000000  eta=601.6s
2026-04-10 20:03:46 [INFO] src.graph_dqn: Graph-DQN train epoch 881/1000 (88.1%)  loss=0.000000  eta=596.6s
2026-04-10 20:03:51 [INFO] src.graph_dqn: Graph-DQN train epoch 882/1000 (88.2%)  loss=0.000000  eta=591.6s
2026-04-10 20:03:56 [INFO] src.graph_dqn: Graph-DQN train epoch 883/1000 (88.3%)  loss=0.000000  eta=586.6s
2026-04-10 20:04:01 [INFO] src.graph_dqn: Graph-DQN train epoch 884/1000 (88.4%)  loss=0.006404  eta=581.5s
2026-04-10 20:04:06 [INFO] src.graph_dqn: Graph-DQN train epoch 885/1000 (88.5%)  loss=0.000002  eta=576.5s
2026-04-10 20:04:11 [INFO] src.graph_dqn: Graph-DQN train epoch 886/1000 (88.6%)  loss=0.000002  eta=571.5s
2026-04-10 20:04:16 [INFO] src.graph_dqn: Graph-DQN train epoch 887/1000 (88.7%)  loss=0.000002  eta=566.4s
2026-04-10 20:04:21 [INFO] src.graph_dqn: Graph-DQN train epoch 888/1000 (88.8%)  loss=0.000002  eta=561.5s
2026-04-10 20:04:26 [INFO] src.graph_dqn: Graph-DQN train epoch 889/1000 (88.9%)  loss=0.000001  eta=556.5s
2026-04-10 20:04:31 [INFO] src.graph_dqn: Graph-DQN train epoch 890/1000 (89.0%)  loss=0.000001  eta=551.4s
2026-04-10 20:04:36 [INFO] src.graph_dqn: Graph-DQN train epoch 891/1000 (89.1%)  loss=0.000001  eta=546.4s
2026-04-10 20:04:41 [INFO] src.graph_dqn: Graph-DQN train epoch 892/1000 (89.2%)  loss=0.000001  eta=541.4s
2026-04-10 20:04:46 [INFO] src.graph_dqn: Graph-DQN train epoch 893/1000 (89.3%)  loss=0.000001  eta=536.4s
2026-04-10 20:04:52 [INFO] src.graph_dqn: Graph-DQN train epoch 894/1000 (89.4%)  loss=0.000000  eta=531.4s
2026-04-10 20:04:57 [INFO] src.graph_dqn: Graph-DQN train epoch 895/1000 (89.5%)  loss=0.000000  eta=526.4s
2026-04-10 20:05:01 [INFO] src.graph_dqn: Graph-DQN train epoch 896/1000 (89.6%)  loss=0.000000  eta=521.4s
2026-04-10 20:05:07 [INFO] src.graph_dqn: Graph-DQN train epoch 897/1000 (89.7%)  loss=0.000000  eta=516.4s
2026-04-10 20:05:12 [INFO] src.graph_dqn: Graph-DQN train epoch 898/1000 (89.8%)  loss=0.000000  eta=511.4s
2026-04-10 20:05:16 [INFO] src.graph_dqn: Graph-DQN train epoch 899/1000 (89.9%)  loss=0.000000  eta=506.3s
2026-04-10 20:05:22 [INFO] src.graph_dqn: Graph-DQN train epoch 900/1000 (90.0%)  loss=0.000000  eta=501.4s
2026-04-10 20:05:22 [INFO] __main__: Saved selector checkpoint: dqn_model_rlcg_epoch_900.pt
2026-04-10 20:05:27 [INFO] src.graph_dqn: Graph-DQN train epoch 901/1000 (90.1%)  loss=0.000000  eta=496.4s
2026-04-10 20:05:32 [INFO] src.graph_dqn: Graph-DQN train epoch 902/1000 (90.2%)  loss=0.000000  eta=491.3s
2026-04-10 20:05:37 [INFO] src.graph_dqn: Graph-DQN train epoch 903/1000 (90.3%)  loss=0.000000  eta=486.4s
2026-04-10 20:05:42 [INFO] src.graph_dqn: Graph-DQN train epoch 904/1000 (90.4%)  loss=0.000000  eta=481.3s
2026-04-10 20:05:47 [INFO] src.graph_dqn: Graph-DQN train epoch 905/1000 (90.5%)  loss=0.000000  eta=476.3s
2026-04-10 20:05:52 [INFO] src.graph_dqn: Graph-DQN train epoch 906/1000 (90.6%)  loss=0.047501  eta=471.3s
2026-04-10 20:05:57 [INFO] src.graph_dqn: Graph-DQN train epoch 907/1000 (90.7%)  loss=0.000000  eta=466.3s
2026-04-10 20:06:02 [INFO] src.graph_dqn: Graph-DQN train epoch 908/1000 (90.8%)  loss=0.000000  eta=461.2s
2026-04-10 20:06:07 [INFO] src.graph_dqn: Graph-DQN train epoch 909/1000 (90.9%)  loss=0.000000  eta=456.3s
2026-04-10 20:06:12 [INFO] src.graph_dqn: Graph-DQN train epoch 910/1000 (91.0%)  loss=0.000000  eta=451.2s
2026-04-10 20:06:16 [INFO] src.graph_dqn: Graph-DQN train epoch 911/1000 (91.1%)  loss=0.000000  eta=446.2s
2026-04-10 20:06:22 [INFO] src.graph_dqn: Graph-DQN train epoch 912/1000 (91.2%)  loss=0.000000  eta=441.2s
2026-04-10 20:06:27 [INFO] src.graph_dqn: Graph-DQN train epoch 913/1000 (91.3%)  loss=0.000000  eta=436.2s
2026-04-10 20:06:32 [INFO] src.graph_dqn: Graph-DQN train epoch 914/1000 (91.4%)  loss=0.000000  eta=431.1s
2026-04-10 20:06:37 [INFO] src.graph_dqn: Graph-DQN train epoch 915/1000 (91.5%)  loss=0.000000  eta=426.2s
2026-04-10 20:06:42 [INFO] src.graph_dqn: Graph-DQN train epoch 916/1000 (91.6%)  loss=0.000000  eta=421.2s
2026-04-10 20:06:47 [INFO] src.graph_dqn: Graph-DQN train epoch 917/1000 (91.7%)  loss=0.000000  eta=416.1s
2026-04-10 20:06:52 [INFO] src.graph_dqn: Graph-DQN train epoch 918/1000 (91.8%)  loss=0.000000  eta=411.2s
2026-04-10 20:06:57 [INFO] src.graph_dqn: Graph-DQN train epoch 919/1000 (91.9%)  loss=0.000000  eta=406.1s
2026-04-10 20:07:02 [INFO] src.graph_dqn: Graph-DQN train epoch 920/1000 (92.0%)  loss=0.000000  eta=401.1s
2026-04-10 20:07:08 [INFO] src.graph_dqn: Graph-DQN train epoch 921/1000 (92.1%)  loss=0.000000  eta=396.1s
2026-04-10 20:07:13 [INFO] src.graph_dqn: Graph-DQN train epoch 922/1000 (92.2%)  loss=0.000000  eta=391.1s
2026-04-10 20:07:17 [INFO] src.graph_dqn: Graph-DQN train epoch 923/1000 (92.3%)  loss=0.000000  eta=386.1s
2026-04-10 20:07:23 [INFO] src.graph_dqn: Graph-DQN train epoch 924/1000 (92.4%)  loss=0.000000  eta=381.1s
2026-04-10 20:07:28 [INFO] src.graph_dqn: Graph-DQN train epoch 925/1000 (92.5%)  loss=0.000001  eta=376.1s
2026-04-10 20:07:33 [INFO] src.graph_dqn: Graph-DQN train epoch 926/1000 (92.6%)  loss=0.016152  eta=371.1s
2026-04-10 20:07:39 [INFO] src.graph_dqn: Graph-DQN train epoch 927/1000 (92.7%)  loss=0.000000  eta=366.2s
2026-04-10 20:07:44 [INFO] src.graph_dqn: Graph-DQN train epoch 928/1000 (92.8%)  loss=0.000000  eta=361.1s
2026-04-10 20:07:48 [INFO] src.graph_dqn: Graph-DQN train epoch 929/1000 (92.9%)  loss=0.000000  eta=356.1s
2026-04-10 20:07:55 [INFO] src.graph_dqn: Graph-DQN train epoch 930/1000 (93.0%)  loss=0.000000  eta=351.1s
2026-04-10 20:07:59 [INFO] src.graph_dqn: Graph-DQN train epoch 931/1000 (93.1%)  loss=0.000000  eta=346.1s
2026-04-10 20:08:04 [INFO] src.graph_dqn: Graph-DQN train epoch 932/1000 (93.2%)  loss=0.000000  eta=341.0s
2026-04-10 20:08:10 [INFO] src.graph_dqn: Graph-DQN train epoch 933/1000 (93.3%)  loss=0.000000  eta=336.1s
2026-04-10 20:08:14 [INFO] src.graph_dqn: Graph-DQN train epoch 934/1000 (93.4%)  loss=0.000000  eta=331.1s
2026-04-10 20:08:19 [INFO] src.graph_dqn: Graph-DQN train epoch 935/1000 (93.5%)  loss=0.000000  eta=326.0s
2026-04-10 20:08:25 [INFO] src.graph_dqn: Graph-DQN train epoch 936/1000 (93.6%)  loss=0.000000  eta=321.1s
2026-04-10 20:08:30 [INFO] src.graph_dqn: Graph-DQN train epoch 937/1000 (93.7%)  loss=0.000000  eta=316.0s
2026-04-10 20:08:34 [INFO] src.graph_dqn: Graph-DQN train epoch 938/1000 (93.8%)  loss=0.000000  eta=311.0s
2026-04-10 20:08:40 [INFO] src.graph_dqn: Graph-DQN train epoch 939/1000 (93.9%)  loss=0.000000  eta=306.0s
2026-04-10 20:08:45 [INFO] src.graph_dqn: Graph-DQN train epoch 940/1000 (94.0%)  loss=0.000000  eta=301.0s
2026-04-10 20:08:50 [INFO] src.graph_dqn: Graph-DQN train epoch 941/1000 (94.1%)  loss=0.000008  eta=295.9s
2026-04-10 20:08:55 [INFO] src.graph_dqn: Graph-DQN train epoch 942/1000 (94.2%)  loss=0.005243  eta=291.0s
2026-04-10 20:09:00 [INFO] src.graph_dqn: Graph-DQN train epoch 943/1000 (94.3%)  loss=0.000000  eta=285.9s
2026-04-10 20:09:05 [INFO] src.graph_dqn: Graph-DQN train epoch 944/1000 (94.4%)  loss=0.000000  eta=280.9s
2026-04-10 20:09:11 [INFO] src.graph_dqn: Graph-DQN train epoch 945/1000 (94.5%)  loss=0.000000  eta=276.0s
2026-04-10 20:09:15 [INFO] src.graph_dqn: Graph-DQN train epoch 946/1000 (94.6%)  loss=0.000000  eta=270.9s
2026-04-10 20:09:20 [INFO] src.graph_dqn: Graph-DQN train epoch 947/1000 (94.7%)  loss=0.000000  eta=265.9s
2026-04-10 20:09:26 [INFO] src.graph_dqn: Graph-DQN train epoch 948/1000 (94.8%)  loss=0.000000  eta=260.9s
2026-04-10 20:09:31 [INFO] src.graph_dqn: Graph-DQN train epoch 949/1000 (94.9%)  loss=0.000000  eta=255.9s
2026-04-10 20:09:36 [INFO] src.graph_dqn: Graph-DQN train epoch 950/1000 (95.0%)  loss=0.000000  eta=250.9s
2026-04-10 20:09:41 [INFO] src.graph_dqn: Graph-DQN train epoch 951/1000 (95.1%)  loss=0.000000  eta=245.9s
2026-04-10 20:09:46 [INFO] src.graph_dqn: Graph-DQN train epoch 952/1000 (95.2%)  loss=0.000000  eta=240.8s
2026-04-10 20:09:52 [INFO] src.graph_dqn: Graph-DQN train epoch 953/1000 (95.3%)  loss=0.000000  eta=235.8s
2026-04-10 20:09:57 [INFO] src.graph_dqn: Graph-DQN train epoch 954/1000 (95.4%)  loss=0.000000  eta=230.9s
2026-04-10 20:10:02 [INFO] src.graph_dqn: Graph-DQN train epoch 955/1000 (95.5%)  loss=0.000000  eta=225.8s
2026-04-10 20:10:09 [INFO] src.graph_dqn: Graph-DQN train epoch 956/1000 (95.6%)  loss=0.000000  eta=220.9s
2026-04-10 20:10:13 [INFO] src.graph_dqn: Graph-DQN train epoch 957/1000 (95.7%)  loss=0.000000  eta=215.9s
2026-04-10 20:10:18 [INFO] src.graph_dqn: Graph-DQN train epoch 958/1000 (95.8%)  loss=0.000000  eta=210.8s
2026-04-10 20:10:24 [INFO] src.graph_dqn: Graph-DQN train epoch 959/1000 (95.9%)  loss=0.000000  eta=205.8s
2026-04-10 20:10:29 [INFO] src.graph_dqn: Graph-DQN train epoch 960/1000 (96.0%)  loss=0.000000  eta=200.8s
2026-04-10 20:10:33 [INFO] src.graph_dqn: Graph-DQN train epoch 961/1000 (96.1%)  loss=0.000000  eta=195.8s
2026-04-10 20:10:40 [INFO] src.graph_dqn: Graph-DQN train epoch 962/1000 (96.2%)  loss=0.000000  eta=190.8s
2026-04-10 20:10:44 [INFO] src.graph_dqn: Graph-DQN train epoch 963/1000 (96.3%)  loss=0.009318  eta=185.8s
2026-04-10 20:10:49 [INFO] src.graph_dqn: Graph-DQN train epoch 964/1000 (96.4%)  loss=0.000000  eta=180.7s
2026-04-10 20:10:55 [INFO] src.graph_dqn: Graph-DQN train epoch 965/1000 (96.5%)  loss=0.000000  eta=175.8s
2026-04-10 20:11:00 [INFO] src.graph_dqn: Graph-DQN train epoch 966/1000 (96.6%)  loss=0.000000  eta=170.7s
2026-04-10 20:11:05 [INFO] src.graph_dqn: Graph-DQN train epoch 967/1000 (96.7%)  loss=0.000000  eta=165.7s
2026-04-10 20:11:11 [INFO] src.graph_dqn: Graph-DQN train epoch 968/1000 (96.8%)  loss=0.000000  eta=160.7s
2026-04-10 20:11:16 [INFO] src.graph_dqn: Graph-DQN train epoch 969/1000 (96.9%)  loss=0.000000  eta=155.7s
2026-04-10 20:11:21 [INFO] src.graph_dqn: Graph-DQN train epoch 970/1000 (97.0%)  loss=0.000000  eta=150.7s
2026-04-10 20:11:27 [INFO] src.graph_dqn: Graph-DQN train epoch 971/1000 (97.1%)  loss=0.000000  eta=145.7s
2026-04-10 20:11:32 [INFO] src.graph_dqn: Graph-DQN train epoch 972/1000 (97.2%)  loss=0.000000  eta=140.7s
2026-04-10 20:11:38 [INFO] src.graph_dqn: Graph-DQN train epoch 973/1000 (97.3%)  loss=0.000000  eta=135.7s
2026-04-10 20:11:43 [INFO] src.graph_dqn: Graph-DQN train epoch 974/1000 (97.4%)  loss=0.000000  eta=130.6s
2026-04-10 20:11:48 [INFO] src.graph_dqn: Graph-DQN train epoch 975/1000 (97.5%)  loss=0.000000  eta=125.6s
2026-04-10 20:11:54 [INFO] src.graph_dqn: Graph-DQN train epoch 976/1000 (97.6%)  loss=0.000000  eta=120.6s
2026-04-10 20:11:59 [INFO] src.graph_dqn: Graph-DQN train epoch 977/1000 (97.7%)  loss=0.000000  eta=115.6s
2026-04-10 20:12:04 [INFO] src.graph_dqn: Graph-DQN train epoch 978/1000 (97.8%)  loss=0.000000  eta=110.5s
2026-04-10 20:12:10 [INFO] src.graph_dqn: Graph-DQN train epoch 979/1000 (97.9%)  loss=0.000000  eta=105.5s
2026-04-10 20:12:14 [INFO] src.graph_dqn: Graph-DQN train epoch 980/1000 (98.0%)  loss=0.000000  eta=100.5s
2026-04-10 20:12:19 [INFO] src.graph_dqn: Graph-DQN train epoch 981/1000 (98.1%)  loss=0.019328  eta=95.5s
2026-04-10 20:12:25 [INFO] src.graph_dqn: Graph-DQN train epoch 982/1000 (98.2%)  loss=0.044439  eta=90.5s
2026-04-10 20:12:30 [INFO] src.graph_dqn: Graph-DQN train epoch 983/1000 (98.3%)  loss=0.000000  eta=85.4s
2026-04-10 20:12:35 [INFO] src.graph_dqn: Graph-DQN train epoch 984/1000 (98.4%)  loss=0.000000  eta=80.4s
2026-04-10 20:12:41 [INFO] src.graph_dqn: Graph-DQN train epoch 985/1000 (98.5%)  loss=0.000000  eta=75.4s
2026-04-10 20:12:45 [INFO] src.graph_dqn: Graph-DQN train epoch 986/1000 (98.6%)  loss=0.000000  eta=70.4s
2026-04-10 20:12:50 [INFO] src.graph_dqn: Graph-DQN train epoch 987/1000 (98.7%)  loss=0.000000  eta=65.3s
2026-04-10 20:12:56 [INFO] src.graph_dqn: Graph-DQN train epoch 988/1000 (98.8%)  loss=0.000000  eta=60.3s
2026-04-10 20:13:01 [INFO] src.graph_dqn: Graph-DQN train epoch 989/1000 (98.9%)  loss=0.000000  eta=55.3s
2026-04-10 20:13:06 [INFO] src.graph_dqn: Graph-DQN train epoch 990/1000 (99.0%)  loss=0.000000  eta=50.3s
2026-04-10 20:13:12 [INFO] src.graph_dqn: Graph-DQN train epoch 991/1000 (99.1%)  loss=0.000000  eta=45.3s
2026-04-10 20:13:17 [INFO] src.graph_dqn: Graph-DQN train epoch 992/1000 (99.2%)  loss=0.000000  eta=40.2s
2026-04-10 20:13:22 [INFO] src.graph_dqn: Graph-DQN train epoch 993/1000 (99.3%)  loss=0.000000  eta=35.2s
2026-04-10 20:13:28 [INFO] src.graph_dqn: Graph-DQN train epoch 994/1000 (99.4%)  loss=0.000000  eta=30.2s
2026-04-10 20:13:33 [INFO] src.graph_dqn: Graph-DQN train epoch 995/1000 (99.5%)  loss=0.000000  eta=25.1s
2026-04-10 20:13:38 [INFO] src.graph_dqn: Graph-DQN train epoch 996/1000 (99.6%)  loss=0.000000  eta=20.1s
2026-04-10 20:13:44 [INFO] src.graph_dqn: Graph-DQN train epoch 997/1000 (99.7%)  loss=0.000000  eta=15.1s
2026-04-10 20:13:49 [INFO] src.graph_dqn: Graph-DQN train epoch 998/1000 (99.8%)  loss=0.000000  eta=10.1s
2026-04-10 20:13:56 [INFO] src.graph_dqn: Graph-DQN train epoch 999/1000 (99.9%)  loss=0.000000  eta=5.0s
2026-04-10 20:14:00 [INFO] src.graph_dqn: Graph-DQN train epoch 1000/1000 (100.0%)  loss=0.000000  eta=0.0s
2026-04-10 20:14:00 [INFO] __main__: Saved selector checkpoint: dqn_model_rlcg_epoch_1000.pt
2026-04-10 20:14:00 [INFO] __main__: Selector training finished: method=rlcg  samples=1305  elapsed=8537.9s
2026-04-10 20:14:07 [INFO] __main__: Resuming in existing run folder: /content/drive/MyDrive/SOS_0408/results/train_20260410_175131_col_selector_rlcg
2026-04-10 20:14:18 [INFO] __main__: TensorBoard logging enabled at: /content/drive/MyDrive/SOS_0408/results/train_20260410_175131_col_selector_rlcg/tensorboard
2026-04-10 20:14:20 [INFO] __main__: Loaded selector weights from: /content/drive/MyDrive/SOS_0408/results/train_20260410_175131_col_selector_rlcg/pretrained_col_selector/dqn_model_rlcg_epoch_1000.pt
2026-04-10 20:14:20 [INFO] __main__: Resuming selector epoch numbering from: 1001
2026-04-10 20:14:20 [INFO] src.master_problem: RMP LP solved — obj=1000000.0000, active_cols=0
2026-04-10 20:14:23 [INFO] src.master_problem: RMP LP solved — obj=200997.9905, active_cols=1
2026-04-10 20:14:26 [INFO] src.master_problem: RMP LP solved — obj=2276.6710, active_cols=2
2026-04-10 20:14:29 [INFO] src.master_problem: RMP LP solved — obj=2276.6710, active_cols=2
2026-04-10 20:14:31 [INFO] src.master_problem: RMP LP solved — obj=2276.6710, active_cols=2
2026-04-10 20:14:33 [INFO] src.master_problem: RMP LP solved — obj=2276.6710, active_cols=2
2026-04-10 20:14:35 [INFO] src.master_problem: RMP LP solved — obj=2276.6710, active_cols=2
2026-04-10 20:14:38 [INFO] src.master_problem: RMP LP solved — obj=2255.8869, active_cols=7
2026-04-10 20:14:40 [INFO] src.master_problem: RMP LP solved — obj=2126.9681, active_cols=4
2026-04-10 20:14:43 [INFO] src.master_problem: RMP LP solved — obj=2098.9433, active_cols=6
2026-04-10 20:14:45 [INFO] src.master_problem: RMP LP solved — obj=2031.4166, active_cols=6
2026-04-10 20:14:47 [INFO] src.master_problem: RMP LP solved — obj=2024.7694, active_cols=8
2026-04-10 20:14:49 [INFO] src.master_problem: RMP LP solved — obj=2015.2448, active_cols=9
2026-04-10 20:14:51 [INFO] src.master_problem: RMP LP solved — obj=2015.2448, active_cols=9
2026-04-10 20:14:54 [INFO] src.master_problem: RMP LP solved — obj=2015.2448, active_cols=9
2026-04-10 20:14:56 [INFO] src.master_problem: RMP LP solved — obj=1981.4983, active_cols=9
2026-04-10 20:14:58 [INFO] src.master_problem: RMP LP solved — obj=1953.8028, active_cols=7
2026-04-10 20:15:00 [INFO] src.master_problem: RMP LP solved — obj=1930.9461, active_cols=9
2026-04-10 20:15:03 [INFO] src.master_problem: RMP LP solved — obj=1930.9461, active_cols=9
2026-04-10 20:15:05 [INFO] src.master_problem: RMP LP solved — obj=1907.7860, active_cols=7
2026-04-10 20:15:07 [INFO] src.master_problem: RMP LP solved — obj=1907.7860, active_cols=7
2026-04-10 20:15:10 [INFO] src.master_problem: RMP LP solved — obj=1905.6623, active_cols=10
2026-04-10 20:15:12 [INFO] src.master_problem: RMP LP solved — obj=1883.0590, active_cols=8
2026-04-10 20:15:14 [INFO] src.master_problem: RMP LP solved — obj=1883.0590, active_cols=8
2026-04-10 20:15:16 [INFO] src.master_problem: RMP LP solved — obj=1883.0590, active_cols=8
2026-04-10 20:15:18 [INFO] src.master_problem: RMP LP solved — obj=1883.0590, active_cols=8
2026-04-10 20:15:20 [INFO] src.master_problem: RMP LP solved — obj=1883.0590, active_cols=8
2026-04-10 20:15:23 [INFO] src.master_problem: RMP LP solved — obj=1883.0590, active_cols=8
2026-04-10 20:15:25 [INFO] src.master_problem: RMP LP solved — obj=1883.0590, active_cols=8
2026-04-10 20:15:27 [INFO] src.master_problem: RMP LP solved — obj=1883.0590, active_cols=8
2026-04-10 20:15:29 [INFO] src.master_problem: RMP LP solved — obj=1883.0590, active_cols=8
2026-04-10 20:15:31 [INFO] src.master_problem: RMP LP solved — obj=1858.0635, active_cols=6
2026-04-10 20:15:33 [INFO] src.master_problem: RMP LP solved — obj=1858.0635, active_cols=6
2026-04-10 20:15:36 [INFO] src.master_problem: RMP LP solved — obj=1858.0635, active_cols=6
2026-04-10 20:15:38 [INFO] src.master_problem: RMP LP solved — obj=1858.0635, active_cols=6
2026-04-10 20:15:40 [INFO] src.master_problem: RMP LP solved — obj=1858.0635, active_cols=6
2026-04-10 20:15:42 [INFO] src.master_problem: RMP LP solved — obj=1858.0635, active_cols=6
2026-04-10 20:15:44 [INFO] src.master_problem: RMP LP solved — obj=1858.0635, active_cols=6
2026-04-10 20:15:46 [INFO] src.master_problem: RMP LP solved — obj=1842.9849, active_cols=7
2026-04-10 20:15:48 [INFO] __main__: RLCG sample collection: 1/26 problems (3.8%)  samples=38  eta=2203.3s
2026-04-10 20:15:48 [INFO] src.master_problem: RMP LP solved — obj=5500000.0000, active_cols=0
2026-04-10 20:15:52 [INFO] src.master_problem: RMP LP solved — obj=4501285.9215, active_cols=1
2026-04-10 20:15:55 [INFO] src.master_problem: RMP LP solved — obj=3602373.0034, active_cols=2
2026-04-10 20:15:58 [INFO] src.master_problem: RMP LP solved — obj=2703508.2634, active_cols=3
2026-04-10 20:16:00 [INFO] src.master_problem: RMP LP solved — obj=1804947.6945, active_cols=4
2026-04-10 20:16:03 [INFO] src.master_problem: RMP LP solved — obj=1007659.1977, active_cols=5
2026-04-10 20:16:07 [INFO] src.master_problem: RMP LP solved — obj=208984.2212, active_cols=6
2026-04-10 20:16:10 [INFO] src.master_problem: RMP LP solved — obj=10264.2675, active_cols=7
2026-04-10 20:16:12 [INFO] src.master_problem: RMP LP solved — obj=10264.2675, active_cols=7
2026-04-10 20:16:15 [INFO] src.master_problem: RMP LP solved — obj=10264.2675, active_cols=7
2026-04-10 20:16:17 [INFO] src.master_problem: RMP LP solved — obj=10264.2675, active_cols=7
2026-04-10 20:16:21 [INFO] src.master_problem: RMP LP solved — obj=10264.2675, active_cols=7
2026-04-10 20:16:24 [INFO] src.master_problem: RMP LP solved — obj=10264.2675, active_cols=7
2026-04-10 20:16:26 [INFO] src.master_problem: RMP LP solved — obj=10264.2675, active_cols=7
2026-04-10 20:16:29 [INFO] src.master_problem: RMP LP solved — obj=10264.2675, active_cols=7
2026-04-10 20:16:32 [INFO] src.master_problem: RMP LP solved — obj=10264.2675, active_cols=7
2026-04-10 20:16:35 [INFO] src.master_problem: RMP LP solved — obj=10264.2675, active_cols=7
2026-04-10 20:16:38 [INFO] src.master_problem: RMP LP solved — obj=10264.2675, active_cols=7
2026-04-10 20:16:41 [INFO] src.master_problem: RMP LP solved — obj=10264.2675, active_cols=7
2026-04-10 20:16:43 [INFO] src.master_problem: RMP LP solved — obj=10264.2675, active_cols=7
2026-04-10 20:16:46 [INFO] src.master_problem: RMP LP solved — obj=10245.1390, active_cols=15
2026-04-10 20:16:49 [INFO] src.master_problem: RMP LP solved — obj=9994.8725, active_cols=13
2026-04-10 20:16:53 [INFO] src.master_problem: RMP LP solved — obj=9994.8725, active_cols=13
2026-04-10 20:16:55 [INFO] src.master_problem: RMP LP solved — obj=9870.2455, active_cols=18
2026-04-10 20:16:58 [INFO] src.master_problem: RMP LP solved — obj=9839.3580, active_cols=19
2026-04-10 20:17:00 [INFO] src.master_problem: RMP LP solved — obj=9797.9277, active_cols=20
2026-04-10 20:17:03 [INFO] src.master_problem: RMP LP solved — obj=9739.6152, active_cols=20
2026-04-10 20:17:07 [INFO] src.master_problem: RMP LP solved — obj=9697.3519, active_cols=23
2026-04-10 20:17:09 [INFO] src.master_problem: RMP LP solved — obj=9566.9439, active_cols=25
2026-04-10 20:17:12 [INFO] src.master_problem: RMP LP solved — obj=9432.3354, active_cols=24
2026-04-10 20:17:15 [INFO] src.master_problem: RMP LP solved — obj=9310.7857, active_cols=26
2026-04-10 20:17:17 [INFO] src.master_problem: RMP LP solved — obj=9209.3125, active_cols=26
2026-04-10 20:17:22 [INFO] src.master_problem: RMP LP solved — obj=9093.6248, active_cols=26
2026-04-10 20:17:24 [INFO] src.master_problem: RMP LP solved — obj=8994.8217, active_cols=27
2026-04-10 20:17:27 [INFO] src.master_problem: RMP LP solved — obj=8942.8407, active_cols=27
2026-04-10 20:17:29 [INFO] src.master_problem: RMP LP solved — obj=8885.2710, active_cols=29
2026-04-10 20:17:32 [INFO] src.master_problem: RMP LP solved — obj=8855.6149, active_cols=31
2026-04-10 20:17:36 [INFO] src.master_problem: RMP LP solved — obj=8837.6588, active_cols=30
2026-04-10 20:17:39 [INFO] src.master_problem: RMP LP solved — obj=8821.4890, active_cols=32
2026-04-10 20:17:41 [INFO] src.master_problem: RMP LP solved — obj=8796.5340, active_cols=35
2026-04-10 20:17:44 [INFO] src.master_problem: RMP LP solved — obj=8778.1198, active_cols=34
2026-04-10 20:17:46 [INFO] src.master_problem: RMP LP solved — obj=8694.0854, active_cols=32
2026-04-10 20:17:50 [INFO] src.master_problem: RMP LP solved — obj=8667.6105, active_cols=32
2026-04-10 20:17:53 [INFO] src.master_problem: RMP LP solved — obj=8606.1270, active_cols=33
2026-04-10 20:17:56 [INFO] src.master_problem: RMP LP solved — obj=8574.9029, active_cols=34
2026-04-10 20:17:58 [INFO] src.master_problem: RMP LP solved — obj=8565.3320, active_cols=33
2026-04-10 20:18:01 [INFO] src.master_problem: RMP LP solved — obj=8543.9880, active_cols=34
2026-04-10 20:18:04 [INFO] src.master_problem: RMP LP solved — obj=8518.3724, active_cols=36
2026-04-10 20:18:07 [INFO] src.master_problem: RMP LP solved — obj=8482.1125, active_cols=35
2026-04-10 20:18:10 [INFO] src.master_problem: RMP LP solved — obj=8467.4454, active_cols=37
2026-04-10 20:18:12 [INFO] src.master_problem: RMP LP solved — obj=8463.1114, active_cols=38
2026-04-10 20:18:15 [INFO] src.master_problem: RMP LP solved — obj=8456.8113, active_cols=39
2026-04-10 20:18:18 [INFO] src.master_problem: RMP LP solved — obj=8433.7694, active_cols=38
2026-04-10 20:18:22 [INFO] src.master_problem: RMP LP solved — obj=8403.2098, active_cols=40
2026-04-10 20:18:24 [INFO] src.master_problem: RMP LP solved — obj=8377.4823, active_cols=40
2026-04-10 20:18:27 [INFO] src.master_problem: RMP LP solved — obj=8356.3142, active_cols=40
2026-04-10 20:18:29 [INFO] src.master_problem: RMP LP solved — obj=8346.8366, active_cols=41
2026-04-10 20:18:33 [INFO] src.master_problem: RMP LP solved — obj=8330.5745, active_cols=41
2026-04-10 20:18:36 [INFO] src.master_problem: RMP LP solved — obj=8301.6166, active_cols=40
2026-04-10 20:18:38 [INFO] src.master_problem: RMP LP solved — obj=8268.0834, active_cols=40
2026-04-10 20:18:41 [INFO] src.master_problem: RMP LP solved — obj=8251.6229, active_cols=41
2026-04-10 20:18:44 [INFO] src.master_problem: RMP LP solved — obj=8236.8032, active_cols=41
2026-04-10 20:18:47 [INFO] src.master_problem: RMP LP solved — obj=8225.1919, active_cols=43
2026-04-10 20:18:50 [INFO] src.master_problem: RMP LP solved — obj=8212.8415, active_cols=41
2026-04-10 20:18:53 [INFO] __main__: RLCG sample collection: 2/26 problems (7.7%)  samples=102  eta=3268.7s
2026-04-10 20:18:53 [INFO] src.master_problem: RMP LP solved — obj=4000000.0000, active_cols=0
2026-04-10 20:18:56 [INFO] src.master_problem: RMP LP solved — obj=3101320.8704, active_cols=1
2026-04-10 20:18:58 [INFO] src.master_problem: RMP LP solved — obj=2203007.2024, active_cols=2
2026-04-10 20:19:02 [INFO] src.master_problem: RMP LP solved — obj=1404420.5360, active_cols=3
2026-04-10 20:19:05 [INFO] src.master_problem: RMP LP solved — obj=606427.9731, active_cols=4
2026-04-10 20:19:08 [INFO] src.master_problem: RMP LP solved — obj=109857.0824, active_cols=5
2026-04-10 20:19:11 [INFO] src.master_problem: RMP LP solved — obj=11528.3912, active_cols=6
2026-04-10 20:19:14 [INFO] src.master_problem: RMP LP solved — obj=11528.3912, active_cols=6
2026-04-10 20:19:17 [INFO] src.master_problem: RMP LP solved — obj=11528.3912, active_cols=6
2026-04-10 20:19:20 [INFO] src.master_problem: RMP LP solved — obj=11119.7225, active_cols=9
2026-04-10 20:19:24 [INFO] src.master_problem: RMP LP solved — obj=10991.9793, active_cols=8
2026-04-10 20:19:26 [INFO] src.master_problem: RMP LP solved — obj=10620.3056, active_cols=8
2026-04-10 20:19:29 [INFO] src.master_problem: RMP LP solved — obj=10390.6781, active_cols=8
2026-04-10 20:19:33 [INFO] src.master_problem: RMP LP solved — obj=10165.5964, active_cols=12
2026-04-10 20:19:36 [INFO] src.master_problem: RMP LP solved — obj=10165.5964, active_cols=12
2026-04-10 20:19:39 [INFO] src.master_problem: RMP LP solved — obj=10165.5964, active_cols=12
2026-04-10 20:19:42 [INFO] src.master_problem: RMP LP solved — obj=10165.5964, active_cols=12
2026-04-10 20:19:45 [INFO] src.master_problem: RMP LP solved — obj=10165.5964, active_cols=12
2026-04-10 20:19:48 [INFO] src.master_problem: RMP LP solved — obj=9990.2590, active_cols=16
2026-04-10 20:19:51 [INFO] src.master_problem: RMP LP solved — obj=9930.2120, active_cols=17
2026-04-10 20:19:54 [INFO] src.master_problem: RMP LP solved — obj=9696.1943, active_cols=18
2026-04-10 20:19:57 [INFO] src.master_problem: RMP LP solved — obj=9403.0376, active_cols=16
2026-04-10 20:20:00 [INFO] src.master_problem: RMP LP solved — obj=9154.4648, active_cols=18
2026-04-10 20:20:04 [INFO] src.master_problem: RMP LP solved — obj=9060.9731, active_cols=19
2026-04-10 20:20:06 [INFO] src.master_problem: RMP LP solved — obj=8987.1627, active_cols=20
2026-04-10 20:20:09 [INFO] src.master_problem: RMP LP solved — obj=8918.4563, active_cols=21
2026-04-10 20:20:12 [INFO] src.master_problem: RMP LP solved — obj=8890.4352, active_cols=22
2026-04-10 20:20:15 [INFO] src.master_problem: RMP LP solved — obj=8857.6612, active_cols=22
2026-04-10 20:20:19 [INFO] src.master_problem: RMP LP solved — obj=8808.5247, active_cols=23
2026-04-10 20:20:21 [INFO] src.master_problem: RMP LP solved — obj=8661.2705, active_cols=23
2026-04-10 20:20:24 [INFO] src.master_problem: RMP LP solved — obj=8643.8256, active_cols=23
2026-04-10 20:20:27 [INFO] src.master_problem: RMP LP solved — obj=8623.3046, active_cols=25
2026-04-10 20:20:31 [INFO] src.master_problem: RMP LP solved — obj=8610.6752, active_cols=25
2026-04-10 20:20:34 [INFO] src.master_problem: RMP LP solved — obj=8596.0270, active_cols=27
2026-04-10 20:20:37 [INFO] src.master_problem: RMP LP solved — obj=8591.6603, active_cols=28
2026-04-10 20:20:39 [INFO] src.master_problem: RMP LP solved — obj=8584.1117, active_cols=29
2026-04-10 20:20:43 [INFO] src.master_problem: RMP LP solved — obj=8578.5590, active_cols=30
2026-04-10 20:20:46 [INFO] src.master_problem: RMP LP solved — obj=8555.4394, active_cols=29
2026-04-10 20:20:49 [INFO] src.master_problem: RMP LP solved — obj=8547.5742, active_cols=29
2026-04-10 20:20:52 [INFO] src.master_problem: RMP LP solved — obj=8482.8906, active_cols=27
2026-04-10 20:20:55 [INFO] src.master_problem: RMP LP solved — obj=8410.4121, active_cols=31
2026-04-10 20:20:58 [INFO] src.master_problem: RMP LP solved — obj=8367.4260, active_cols=29
2026-04-10 20:21:02 [INFO] src.master_problem: RMP LP solved — obj=8356.8783, active_cols=31
2026-04-10 20:21:04 [INFO] src.master_problem: RMP LP solved — obj=8305.5568, active_cols=30
2026-04-10 20:21:07 [INFO] src.master_problem: RMP LP solved — obj=8289.4907, active_cols=30
2026-04-10 20:21:10 [INFO] src.master_problem: RMP LP solved — obj=8278.3637, active_cols=33
2026-04-10 20:21:14 [INFO] src.master_problem: RMP LP solved — obj=8272.8277, active_cols=32
2026-04-10 20:21:17 [INFO] src.master_problem: RMP LP solved — obj=8266.8586, active_cols=33
2026-04-10 20:21:20 [INFO] src.master_problem: RMP LP solved — obj=8253.0657, active_cols=33
2026-04-10 20:21:22 [INFO] src.master_problem: RMP LP solved — obj=8247.1609, active_cols=32
2026-04-10 20:21:25 [INFO] src.master_problem: RMP LP solved — obj=8220.8677, active_cols=32
2026-04-10 20:21:29 [INFO] src.master_problem: RMP LP solved — obj=8179.0650, active_cols=31
2026-04-10 20:21:32 [INFO] src.master_problem: RMP LP solved — obj=8162.2778, active_cols=31
2026-04-10 20:21:35 [INFO] src.master_problem: RMP LP solved — obj=8127.7540, active_cols=31
2026-04-10 20:21:38 [INFO] src.master_problem: RMP LP solved — obj=8048.5348, active_cols=35
2026-04-10 20:21:41 [INFO] src.master_problem: RMP LP solved — obj=8026.9410, active_cols=34
2026-04-10 20:21:45 [INFO] src.master_problem: RMP LP solved — obj=8005.6145, active_cols=34
2026-04-10 20:21:47 [INFO] src.master_problem: RMP LP solved — obj=7972.3600, active_cols=35
2026-04-10 20:21:50 [INFO] src.master_problem: RMP LP solved — obj=7920.8996, active_cols=34
2026-04-10 20:21:53 [INFO] src.master_problem: RMP LP solved — obj=7907.3283, active_cols=37
2026-04-10 20:21:57 [INFO] src.master_problem: RMP LP solved — obj=7876.4887, active_cols=38
2026-04-10 20:22:00 [INFO] src.master_problem: RMP LP solved — obj=7861.5672, active_cols=38
2026-04-10 20:22:03 [INFO] src.master_problem: RMP LP solved — obj=7841.2127, active_cols=39
2026-04-10 20:22:06 [INFO] src.master_problem: RMP LP solved — obj=7826.8689, active_cols=36
2026-04-10 20:22:08 [INFO] __main__: RLCG sample collection: 3/26 problems (11.5%)  samples=166  eta=3587.4s
2026-04-10 20:22:08 [INFO] src.master_problem: RMP LP solved — obj=700000.0000, active_cols=0
2026-04-10 20:22:11 [INFO] src.master_problem: RMP LP solved — obj=1380.2138, active_cols=1
2026-04-10 20:22:14 [INFO] src.master_problem: RMP LP solved — obj=1380.2138, active_cols=1
2026-04-10 20:22:16 [INFO] src.master_problem: RMP LP solved — obj=1380.2138, active_cols=1
2026-04-10 20:22:17 [INFO] src.master_problem: RMP LP solved — obj=1380.2138, active_cols=1
2026-04-10 20:22:19 [INFO] src.master_problem: RMP LP solved — obj=1380.2138, active_cols=1
2026-04-10 20:22:21 [INFO] src.master_problem: RMP LP solved — obj=1380.2138, active_cols=1
2026-04-10 20:22:23 [INFO] src.master_problem: RMP LP solved — obj=1380.2138, active_cols=1
2026-04-10 20:22:26 [INFO] src.master_problem: RMP LP solved — obj=1380.2138, active_cols=1
2026-04-10 20:22:28 [INFO] src.master_problem: RMP LP solved — obj=1380.2138, active_cols=1
2026-04-10 20:22:30 [INFO] src.master_problem: RMP LP solved — obj=1380.2138, active_cols=1
2026-04-10 20:22:32 [INFO] src.master_problem: RMP LP solved — obj=1380.2138, active_cols=1
2026-04-10 20:22:34 [INFO] src.master_problem: RMP LP solved — obj=1380.2138, active_cols=1
2026-04-10 20:22:36 [INFO] src.master_problem: RMP LP solved — obj=1380.2138, active_cols=1
2026-04-10 20:22:38 [INFO] src.master_problem: RMP LP solved — obj=1380.2138, active_cols=1
2026-04-10 20:22:40 [INFO] src.master_problem: RMP LP solved — obj=1380.2138, active_cols=1
2026-04-10 20:22:43 [INFO] src.master_problem: RMP LP solved — obj=1380.2138, active_cols=1
2026-04-10 20:22:45 [INFO] src.master_problem: RMP LP solved — obj=1380.2138, active_cols=1
2026-04-10 20:22:46 [INFO] src.master_problem: RMP LP solved — obj=1380.2138, active_cols=1
2026-04-10 20:22:48 [INFO] src.master_problem: RMP LP solved — obj=1380.2138, active_cols=1
2026-04-10 20:22:50 [INFO] src.master_problem: RMP LP solved — obj=1380.2138, active_cols=1
2026-04-10 20:22:52 [INFO] src.master_problem: RMP LP solved — obj=1380.2138, active_cols=1
2026-04-10 20:22:55 [INFO] src.master_problem: RMP LP solved — obj=1380.2138, active_cols=1
2026-04-10 20:22:57 [INFO] src.master_problem: RMP LP solved — obj=1380.2138, active_cols=1
2026-04-10 20:22:59 [INFO] src.master_problem: RMP LP solved — obj=1380.2138, active_cols=1
2026-04-10 20:23:01 [INFO] src.master_problem: RMP LP solved — obj=1380.2138, active_cols=1
2026-04-10 20:23:03 [INFO] src.master_problem: RMP LP solved — obj=1380.2138, active_cols=1
2026-04-10 20:23:05 [INFO] src.master_problem: RMP LP solved — obj=1380.2138, active_cols=1
2026-04-10 20:23:07 [INFO] src.master_problem: RMP LP solved — obj=1380.2138, active_cols=1
2026-04-10 20:23:10 [INFO] src.master_problem: RMP LP solved — obj=1380.2138, active_cols=1
2026-04-10 20:23:12 [INFO] src.master_problem: RMP LP solved — obj=1380.2138, active_cols=1
2026-04-10 20:23:14 [INFO] src.master_problem: RMP LP solved — obj=1380.2138, active_cols=1
2026-04-10 20:23:16 [INFO] src.master_problem: RMP LP solved — obj=1380.2138, active_cols=1
2026-04-10 20:23:17 [INFO] src.master_problem: RMP LP solved — obj=1380.2138, active_cols=1
2026-04-10 20:23:19 [INFO] src.master_problem: RMP LP solved — obj=1380.2138, active_cols=1
2026-04-10 20:23:22 [INFO] src.master_problem: RMP LP solved — obj=1380.2138, active_cols=1
2026-04-10 20:23:24 [INFO] src.master_problem: RMP LP solved — obj=1380.2138, active_cols=1
2026-04-10 20:23:26 [INFO] src.master_problem: RMP LP solved — obj=1380.2138, active_cols=1
2026-04-10 20:23:28 [INFO] src.master_problem: RMP LP solved — obj=1380.2138, active_cols=1
2026-04-10 20:23:30 [INFO] src.master_problem: RMP LP solved — obj=1380.2138, active_cols=1
2026-04-10 20:23:32 [INFO] src.master_problem: RMP LP solved — obj=1380.2138, active_cols=1
2026-04-10 20:23:34 [INFO] src.master_problem: RMP LP solved — obj=1380.2138, active_cols=1
2026-04-10 20:23:36 [INFO] src.master_problem: RMP LP solved — obj=1380.2138, active_cols=1
2026-04-10 20:23:39 [INFO] src.master_problem: RMP LP solved — obj=1380.2138, active_cols=1
2026-04-10 20:23:41 [INFO] src.master_problem: RMP LP solved — obj=1380.2138, active_cols=1
2026-04-10 20:23:43 [INFO] src.master_problem: RMP LP solved — obj=1380.2138, active_cols=1
2026-04-10 20:23:45 [INFO] src.master_problem: RMP LP solved — obj=1380.2138, active_cols=1
2026-04-10 20:23:47 [INFO] src.master_problem: RMP LP solved — obj=1380.2138, active_cols=1
2026-04-10 20:23:49 [INFO] src.master_problem: RMP LP solved — obj=1380.2138, active_cols=1
2026-04-10 20:23:51 [INFO] src.master_problem: RMP LP solved — obj=1380.2138, active_cols=1
2026-04-10 20:23:53 [INFO] src.master_problem: RMP LP solved — obj=1380.2138, active_cols=1
2026-04-10 20:23:55 [INFO] src.master_problem: RMP LP solved — obj=1380.2138, active_cols=1
2026-04-10 20:23:57 [INFO] src.master_problem: RMP LP solved — obj=1380.2138, active_cols=1
2026-04-10 20:23:59 [INFO] src.master_problem: RMP LP solved — obj=1380.2138, active_cols=1
2026-04-10 20:24:01 [INFO] src.master_problem: RMP LP solved — obj=1380.2138, active_cols=1
2026-04-10 20:24:03 [INFO] src.master_problem: RMP LP solved — obj=1380.2138, active_cols=1
2026-04-10 20:24:05 [INFO] src.master_problem: RMP LP solved — obj=1380.2138, active_cols=1
2026-04-10 20:24:08 [INFO] src.master_problem: RMP LP solved — obj=1380.2138, active_cols=1
2026-04-10 20:24:10 [INFO] src.master_problem: RMP LP solved — obj=1380.2138, active_cols=1
2026-04-10 20:24:12 [INFO] src.master_problem: RMP LP solved — obj=1380.2138, active_cols=1
2026-04-10 20:24:14 [INFO] src.master_problem: RMP LP solved — obj=1380.2138, active_cols=1
2026-04-10 20:24:16 [INFO] src.master_problem: RMP LP solved — obj=1380.2138, active_cols=1
2026-04-10 20:24:18 [INFO] src.master_problem: RMP LP solved — obj=1380.2138, active_cols=1
2026-04-10 20:24:20 [INFO] src.master_problem: RMP LP solved — obj=1380.2138, active_cols=1
2026-04-10 20:24:23 [INFO] __main__: RLCG sample collection: 4/26 problems (15.4%)  samples=230  eta=3312.4s
2026-04-10 20:24:23 [INFO] src.master_problem: RMP LP solved — obj=3200000.0000, active_cols=0
2026-04-10 20:24:25 [INFO] src.master_problem: RMP LP solved — obj=2300268.6902, active_cols=1
2026-04-10 20:24:28 [INFO] src.master_problem: RMP LP solved — obj=1400607.4430, active_cols=2
2026-04-10 20:24:30 [INFO] src.master_problem: RMP LP solved — obj=501094.0429, active_cols=3
2026-04-10 20:24:32 [INFO] src.master_problem: RMP LP solved — obj=1776.0602, active_cols=4
2026-04-10 20:24:36 [INFO] src.master_problem: RMP LP solved — obj=1776.0602, active_cols=4
2026-04-10 20:24:38 [INFO] src.master_problem: RMP LP solved — obj=1776.0602, active_cols=4
2026-04-10 20:24:41 [INFO] src.master_problem: RMP LP solved — obj=1776.0602, active_cols=4
2026-04-10 20:24:43 [INFO] src.master_problem: RMP LP solved — obj=1776.0602, active_cols=4
2026-04-10 20:24:45 [INFO] src.master_problem: RMP LP solved — obj=1776.0602, active_cols=4
2026-04-10 20:24:48 [INFO] src.master_problem: RMP LP solved — obj=1776.0602, active_cols=4
2026-04-10 20:24:51 [INFO] src.master_problem: RMP LP solved — obj=1776.0602, active_cols=4
2026-04-10 20:24:54 [INFO] src.master_problem: RMP LP solved — obj=1776.0602, active_cols=4
2026-04-10 20:24:56 [INFO] src.master_problem: RMP LP solved — obj=1776.0602, active_cols=4
2026-04-10 20:24:58 [INFO] src.master_problem: RMP LP solved — obj=1776.0602, active_cols=4
2026-04-10 20:25:01 [INFO] src.master_problem: RMP LP solved — obj=1776.0602, active_cols=4
2026-04-10 20:25:04 [INFO] src.master_problem: RMP LP solved — obj=1776.0602, active_cols=4
2026-04-10 20:25:07 [INFO] src.master_problem: RMP LP solved — obj=1769.4842, active_cols=12
2026-04-10 20:25:09 [INFO] src.master_problem: RMP LP solved — obj=1730.9820, active_cols=14
2026-04-10 20:25:12 [INFO] src.master_problem: RMP LP solved — obj=1644.2299, active_cols=11
2026-04-10 20:25:14 [INFO] src.master_problem: RMP LP solved — obj=1632.2168, active_cols=14
2026-04-10 20:25:16 [INFO] src.master_problem: RMP LP solved — obj=1616.9268, active_cols=13
2026-04-10 20:25:19 [INFO] src.master_problem: RMP LP solved — obj=1604.3573, active_cols=17
2026-04-10 20:25:22 [INFO] src.master_problem: RMP LP solved — obj=1589.4598, active_cols=17
2026-04-10 20:25:25 [INFO] src.master_problem: RMP LP solved — obj=1586.7703, active_cols=19
2026-04-10 20:25:27 [INFO] src.master_problem: RMP LP solved — obj=1582.6159, active_cols=19
2026-04-10 20:25:29 [INFO] src.master_problem: RMP LP solved — obj=1575.4777, active_cols=21
2026-04-10 20:25:32 [INFO] src.master_problem: RMP LP solved — obj=1565.4341, active_cols=22
2026-04-10 20:25:35 [INFO] src.master_problem: RMP LP solved — obj=1559.6253, active_cols=22
2026-04-10 20:25:37 [INFO] src.master_problem: RMP LP solved — obj=1555.7451, active_cols=23
2026-04-10 20:25:39 [INFO] src.master_problem: RMP LP solved — obj=1551.8862, active_cols=23
2026-04-10 20:25:42 [INFO] src.master_problem: RMP LP solved — obj=1541.8376, active_cols=24
2026-04-10 20:25:44 [INFO] src.master_problem: RMP LP solved — obj=1532.9877, active_cols=24
2026-04-10 20:25:47 [INFO] src.master_problem: RMP LP solved — obj=1527.8788, active_cols=26
2026-04-10 20:25:50 [INFO] src.master_problem: RMP LP solved — obj=1513.5002, active_cols=28
2026-04-10 20:25:52 [INFO] src.master_problem: RMP LP solved — obj=1475.8406, active_cols=25
2026-04-10 20:25:54 [INFO] src.master_problem: RMP LP solved — obj=1467.4648, active_cols=23
2026-04-10 20:25:57 [INFO] src.master_problem: RMP LP solved — obj=1441.3328, active_cols=23
2026-04-10 20:25:59 [INFO] src.master_problem: RMP LP solved — obj=1426.5968, active_cols=22
2026-04-10 20:26:02 [INFO] src.master_problem: RMP LP solved — obj=1408.9219, active_cols=15
2026-04-10 20:26:05 [INFO] src.master_problem: RMP LP solved — obj=1396.2968, active_cols=19
2026-04-10 20:26:07 [INFO] src.master_problem: RMP LP solved — obj=1384.8029, active_cols=21
2026-04-10 20:26:09 [INFO] src.master_problem: RMP LP solved — obj=1379.7253, active_cols=22
2026-04-10 20:26:11 [INFO] src.master_problem: RMP LP solved — obj=1378.6778, active_cols=21
2026-04-10 20:26:13 [INFO] src.master_problem: RMP LP solved — obj=1378.4536, active_cols=23
2026-04-10 20:26:16 [INFO] src.master_problem: RMP LP solved — obj=1375.9930, active_cols=22
2026-04-10 20:26:19 [INFO] src.master_problem: RMP LP solved — obj=1369.6059, active_cols=22
2026-04-10 20:26:21 [INFO] src.master_problem: RMP LP solved — obj=1363.8984, active_cols=26
2026-04-10 20:26:23 [INFO] src.master_problem: RMP LP solved — obj=1362.3663, active_cols=24
2026-04-10 20:26:26 [INFO] src.master_problem: RMP LP solved — obj=1360.8362, active_cols=23
2026-04-10 20:26:28 [INFO] src.master_problem: RMP LP solved — obj=1360.6485, active_cols=24
2026-04-10 20:26:30 [INFO] src.master_problem: RMP LP solved — obj=1357.6035, active_cols=25
2026-04-10 20:26:33 [INFO] src.master_problem: RMP LP solved — obj=1356.4594, active_cols=25
2026-04-10 20:26:35 [INFO] src.master_problem: RMP LP solved — obj=1354.1559, active_cols=25
2026-04-10 20:26:38 [INFO] src.master_problem: RMP LP solved — obj=1351.4231, active_cols=26
2026-04-10 20:26:40 [INFO] src.master_problem: RMP LP solved — obj=1351.4172, active_cols=27
2026-04-10 20:26:42 [INFO] src.master_problem: RMP LP solved — obj=1348.1755, active_cols=26
2026-04-10 20:26:45 [INFO] src.master_problem: RMP LP solved — obj=1348.1755, active_cols=26
2026-04-10 20:26:47 [INFO] src.master_problem: RMP LP solved — obj=1347.8741, active_cols=28
2026-04-10 20:26:50 [INFO] src.master_problem: RMP LP solved — obj=1347.2673, active_cols=28
2026-04-10 20:26:52 [INFO] src.master_problem: RMP LP solved — obj=1345.7396, active_cols=28
2026-04-10 20:26:54 [INFO] src.master_problem: RMP LP solved — obj=1345.1949, active_cols=27
2026-04-10 20:26:56 [INFO] src.master_problem: RMP LP solved — obj=1342.9588, active_cols=29
2026-04-10 20:26:58 [INFO] __main__: RLCG sample collection: 5/26 problems (19.2%)  samples=292  eta=3183.9s
2026-04-10 20:26:58 [INFO] src.master_problem: RMP LP solved — obj=3800000.0000, active_cols=0
2026-04-10 20:27:02 [INFO] src.master_problem: RMP LP solved — obj=2900427.3307, active_cols=1
2026-04-10 20:27:05 [INFO] src.master_problem: RMP LP solved — obj=2000866.0928, active_cols=2
2026-04-10 20:27:08 [INFO] src.master_problem: RMP LP solved — obj=1201658.4867, active_cols=3
2026-04-10 20:27:11 [INFO] src.master_problem: RMP LP solved — obj=502733.8324, active_cols=4
2026-04-10 20:27:14 [INFO] src.master_problem: RMP LP solved — obj=4221.6112, active_cols=5
2026-04-10 20:27:17 [INFO] src.master_problem: RMP LP solved — obj=4221.6112, active_cols=5
2026-04-10 20:27:20 [INFO] src.master_problem: RMP LP solved — obj=4221.6112, active_cols=5
2026-04-10 20:27:23 [INFO] src.master_problem: RMP LP solved — obj=4221.6112, active_cols=5
2026-04-10 20:27:26 [INFO] src.master_problem: RMP LP solved — obj=4221.6112, active_cols=5
2026-04-10 20:27:29 [INFO] src.master_problem: RMP LP solved — obj=4221.6112, active_cols=5
2026-04-10 20:27:32 [INFO] src.master_problem: RMP LP solved — obj=4221.6112, active_cols=5
2026-04-10 20:27:35 [INFO] src.master_problem: RMP LP solved — obj=4221.6112, active_cols=5
2026-04-10 20:27:38 [INFO] src.master_problem: RMP LP solved — obj=4221.6112, active_cols=5
2026-04-10 20:27:41 [INFO] src.master_problem: RMP LP solved — obj=4221.6112, active_cols=5
2026-04-10 20:27:44 [INFO] src.master_problem: RMP LP solved — obj=4221.6112, active_cols=5
2026-04-10 20:27:47 [INFO] src.master_problem: RMP LP solved — obj=4053.7374, active_cols=8
2026-04-10 20:27:50 [INFO] src.master_problem: RMP LP solved — obj=4053.7374, active_cols=8
2026-04-10 20:27:53 [INFO] src.master_problem: RMP LP solved — obj=4053.7374, active_cols=8
2026-04-10 20:27:56 [INFO] src.master_problem: RMP LP solved — obj=4016.8117, active_cols=16
2026-04-10 20:27:59 [INFO] src.master_problem: RMP LP solved — obj=3943.5021, active_cols=18
2026-04-10 20:28:02 [INFO] src.master_problem: RMP LP solved — obj=3933.6618, active_cols=19
2026-04-10 20:28:05 [INFO] src.master_problem: RMP LP solved — obj=3899.1988, active_cols=20
2026-04-10 20:28:08 [INFO] src.master_problem: RMP LP solved — obj=3845.5942, active_cols=19
2026-04-10 20:28:10 [INFO] src.master_problem: RMP LP solved — obj=3806.2582, active_cols=19
2026-04-10 20:28:14 [INFO] src.master_problem: RMP LP solved — obj=3774.3623, active_cols=21
2026-04-10 20:28:17 [INFO] src.master_problem: RMP LP solved — obj=3751.1570, active_cols=23
2026-04-10 20:28:20 [INFO] src.master_problem: RMP LP solved — obj=3706.3763, active_cols=22
2026-04-10 20:28:22 [INFO] src.master_problem: RMP LP solved — obj=3687.0977, active_cols=22
2026-04-10 20:28:25 [INFO] src.master_problem: RMP LP solved — obj=3635.0026, active_cols=21
2026-04-10 20:28:29 [INFO] src.master_problem: RMP LP solved — obj=3623.9050, active_cols=23
2026-04-10 20:28:32 [INFO] src.master_problem: RMP LP solved — obj=3588.3462, active_cols=21
2026-04-10 20:28:35 [INFO] src.master_problem: RMP LP solved — obj=3546.0729, active_cols=22
2026-04-10 20:28:37 [INFO] src.master_problem: RMP LP solved — obj=3513.6177, active_cols=22
2026-04-10 20:28:40 [INFO] src.master_problem: RMP LP solved — obj=3481.2419, active_cols=23
2026-04-10 20:28:44 [INFO] src.master_problem: RMP LP solved — obj=3465.5033, active_cols=25
2026-04-10 20:28:46 [INFO] src.master_problem: RMP LP solved — obj=3453.7240, active_cols=25
2026-04-10 20:28:49 [INFO] src.master_problem: RMP LP solved — obj=3449.6437, active_cols=24
2026-04-10 20:28:52 [INFO] src.master_problem: RMP LP solved — obj=3442.7824, active_cols=26
2026-04-10 20:28:55 [INFO] src.master_problem: RMP LP solved — obj=3428.1332, active_cols=25
2026-04-10 20:28:59 [INFO] src.master_problem: RMP LP solved — obj=3410.5064, active_cols=27
2026-04-10 20:29:02 [INFO] src.master_problem: RMP LP solved — obj=3398.0109, active_cols=26
2026-04-10 20:29:04 [INFO] src.master_problem: RMP LP solved — obj=3384.2887, active_cols=26
2026-04-10 20:29:07 [INFO] src.master_problem: RMP LP solved — obj=3380.5744, active_cols=29
2026-04-10 20:29:10 [INFO] src.master_problem: RMP LP solved — obj=3364.1563, active_cols=28
2026-04-10 20:29:14 [INFO] src.master_problem: RMP LP solved — obj=3266.1513, active_cols=22
2026-04-10 20:29:16 [INFO] src.master_problem: RMP LP solved — obj=3233.8152, active_cols=25
2026-04-10 20:29:19 [INFO] src.master_problem: RMP LP solved — obj=3222.2538, active_cols=23
2026-04-10 20:29:22 [INFO] src.master_problem: RMP LP solved — obj=3221.8617, active_cols=26
2026-04-10 20:29:26 [INFO] src.master_problem: RMP LP solved — obj=3217.3122, active_cols=26
2026-04-10 20:29:29 [INFO] src.master_problem: RMP LP solved — obj=3211.0047, active_cols=24
2026-04-10 20:29:32 [INFO] src.master_problem: RMP LP solved — obj=3200.3275, active_cols=23
2026-04-10 20:29:34 [INFO] src.master_problem: RMP LP solved — obj=3191.2834, active_cols=25
2026-04-10 20:29:37 [INFO] src.master_problem: RMP LP solved — obj=3178.7610, active_cols=27
2026-04-10 20:29:41 [INFO] src.master_problem: RMP LP solved — obj=3166.6105, active_cols=29
2026-04-10 20:29:44 [INFO] src.master_problem: RMP LP solved — obj=3155.7210, active_cols=27
2026-04-10 20:29:46 [INFO] src.master_problem: RMP LP solved — obj=3153.7183, active_cols=28
2026-04-10 20:29:49 [INFO] src.master_problem: RMP LP solved — obj=3152.5859, active_cols=28
2026-04-10 20:29:52 [INFO] src.master_problem: RMP LP solved — obj=3150.8730, active_cols=30
2026-04-10 20:29:55 [INFO] src.master_problem: RMP LP solved — obj=3149.3029, active_cols=28
2026-04-10 20:29:58 [INFO] src.master_problem: RMP LP solved — obj=3144.2077, active_cols=28
2026-04-10 20:30:01 [INFO] src.master_problem: RMP LP solved — obj=3144.2077, active_cols=28
2026-04-10 20:30:04 [INFO] src.master_problem: RMP LP solved — obj=3142.9892, active_cols=29
2026-04-10 20:30:06 [INFO] src.master_problem: RMP LP solved — obj=3139.0617, active_cols=30
2026-04-10 20:30:10 [INFO] __main__: RLCG sample collection: 6/26 problems (23.1%)  samples=356  eta=3166.3s
2026-04-10 20:30:10 [INFO] src.master_problem: RMP LP solved — obj=300000.0000, active_cols=0
2026-04-10 20:30:12 [INFO] src.master_problem: RMP LP solved — obj=789.7005, active_cols=1
2026-04-10 20:30:14 [INFO] src.master_problem: RMP LP solved — obj=789.7005, active_cols=1
2026-04-10 20:30:16 [INFO] src.master_problem: RMP LP solved — obj=789.7005, active_cols=1
2026-04-10 20:30:18 [INFO] src.master_problem: RMP LP solved — obj=789.7005, active_cols=1
2026-04-10 20:30:20 [INFO] src.master_problem: RMP LP solved — obj=789.7005, active_cols=1
2026-04-10 20:30:22 [INFO] src.master_problem: RMP LP solved — obj=789.7005, active_cols=1
2026-04-10 20:30:25 [INFO] src.master_problem: RMP LP solved — obj=789.7005, active_cols=1
2026-04-10 20:30:27 [INFO] src.master_problem: RMP LP solved — obj=789.7005, active_cols=1
2026-04-10 20:30:29 [INFO] src.master_problem: RMP LP solved — obj=789.7005, active_cols=1
2026-04-10 20:30:31 [INFO] src.master_problem: RMP LP solved — obj=789.7005, active_cols=1
2026-04-10 20:30:32 [INFO] src.master_problem: RMP LP solved — obj=789.7005, active_cols=1
2026-04-10 20:30:34 [INFO] src.master_problem: RMP LP solved — obj=789.7005, active_cols=1
2026-04-10 20:30:37 [INFO] src.master_problem: RMP LP solved — obj=789.7005, active_cols=1
2026-04-10 20:30:39 [INFO] src.master_problem: RMP LP solved — obj=789.7005, active_cols=1
2026-04-10 20:30:41 [INFO] src.master_problem: RMP LP solved — obj=789.7005, active_cols=1
2026-04-10 20:30:43 [INFO] src.master_problem: RMP LP solved — obj=789.7005, active_cols=1
2026-04-10 20:30:45 [INFO] src.master_problem: RMP LP solved — obj=789.7005, active_cols=1
2026-04-10 20:30:47 [INFO] src.master_problem: RMP LP solved — obj=789.7005, active_cols=1
2026-04-10 20:30:49 [INFO] src.master_problem: RMP LP solved — obj=789.7005, active_cols=1
2026-04-10 20:30:51 [INFO] src.master_problem: RMP LP solved — obj=789.7005, active_cols=1
2026-04-10 20:30:54 [INFO] src.master_problem: RMP LP solved — obj=789.7005, active_cols=1
2026-04-10 20:30:56 [INFO] src.master_problem: RMP LP solved — obj=789.7005, active_cols=1
2026-04-10 20:30:58 [INFO] src.master_problem: RMP LP solved — obj=789.7005, active_cols=1
2026-04-10 20:30:59 [INFO] src.master_problem: RMP LP solved — obj=789.7005, active_cols=1
2026-04-10 20:31:01 [INFO] src.master_problem: RMP LP solved — obj=789.7005, active_cols=1
2026-04-10 20:31:03 [INFO] src.master_problem: RMP LP solved — obj=789.7005, active_cols=1
2026-04-10 20:31:05 [INFO] src.master_problem: RMP LP solved — obj=789.7005, active_cols=1
2026-04-10 20:31:08 [INFO] src.master_problem: RMP LP solved — obj=789.7005, active_cols=1
2026-04-10 20:31:10 [INFO] src.master_problem: RMP LP solved — obj=789.7005, active_cols=1
2026-04-10 20:31:12 [INFO] src.master_problem: RMP LP solved — obj=789.7005, active_cols=1
2026-04-10 20:31:14 [INFO] src.master_problem: RMP LP solved — obj=789.7005, active_cols=1
2026-04-10 20:31:16 [INFO] src.master_problem: RMP LP solved — obj=789.7005, active_cols=1
2026-04-10 20:31:18 [INFO] src.master_problem: RMP LP solved — obj=789.7005, active_cols=1
2026-04-10 20:31:20 [INFO] src.master_problem: RMP LP solved — obj=789.7005, active_cols=1
2026-04-10 20:31:23 [INFO] src.master_problem: RMP LP solved — obj=789.7005, active_cols=1
2026-04-10 20:31:25 [INFO] src.master_problem: RMP LP solved — obj=789.7005, active_cols=1
2026-04-10 20:31:26 [INFO] src.master_problem: RMP LP solved — obj=789.7005, active_cols=1
2026-04-10 20:31:28 [INFO] src.master_problem: RMP LP solved — obj=789.7005, active_cols=1
2026-04-10 20:31:30 [INFO] src.master_problem: RMP LP solved — obj=789.7005, active_cols=1
2026-04-10 20:31:32 [INFO] src.master_problem: RMP LP solved — obj=789.7005, active_cols=1
2026-04-10 20:31:34 [INFO] src.master_problem: RMP LP solved — obj=789.7005, active_cols=1
2026-04-10 20:31:37 [INFO] src.master_problem: RMP LP solved — obj=789.7005, active_cols=1
2026-04-10 20:31:39 [INFO] src.master_problem: RMP LP solved — obj=789.7005, active_cols=1
2026-04-10 20:31:41 [INFO] src.master_problem: RMP LP solved — obj=789.7005, active_cols=1
2026-04-10 20:31:43 [INFO] src.master_problem: RMP LP solved — obj=789.7005, active_cols=1
2026-04-10 20:31:45 [INFO] src.master_problem: RMP LP solved — obj=789.7005, active_cols=1
2026-04-10 20:31:47 [INFO] src.master_problem: RMP LP solved — obj=789.7005, active_cols=1
2026-04-10 20:31:49 [INFO] src.master_problem: RMP LP solved — obj=789.7005, active_cols=1
2026-04-10 20:31:51 [INFO] src.master_problem: RMP LP solved — obj=789.7005, active_cols=1
2026-04-10 20:31:53 [INFO] src.master_problem: RMP LP solved — obj=789.7005, active_cols=1
2026-04-10 20:31:55 [INFO] src.master_problem: RMP LP solved — obj=789.7005, active_cols=1
2026-04-10 20:31:57 [INFO] src.master_problem: RMP LP solved — obj=789.7005, active_cols=1
2026-04-10 20:31:59 [INFO] src.master_problem: RMP LP solved — obj=789.7005, active_cols=1
2026-04-10 20:32:01 [INFO] src.master_problem: RMP LP solved — obj=789.7005, active_cols=1
2026-04-10 20:32:03 [INFO] src.master_problem: RMP LP solved — obj=789.7005, active_cols=1
2026-04-10 20:32:06 [INFO] src.master_problem: RMP LP solved — obj=789.7005, active_cols=1
2026-04-10 20:32:08 [INFO] src.master_problem: RMP LP solved — obj=789.7005, active_cols=1
2026-04-10 20:32:10 [INFO] src.master_problem: RMP LP solved — obj=789.7005, active_cols=1
2026-04-10 20:32:12 [INFO] src.master_problem: RMP LP solved — obj=789.7005, active_cols=1
2026-04-10 20:32:13 [INFO] src.master_problem: RMP LP solved — obj=789.7005, active_cols=1
2026-04-10 20:32:15 [INFO] src.master_problem: RMP LP solved — obj=789.7005, active_cols=1
2026-04-10 20:32:18 [INFO] src.master_problem: RMP LP solved — obj=789.7005, active_cols=1
2026-04-10 20:32:20 [INFO] src.master_problem: RMP LP solved — obj=789.7005, active_cols=1
2026-04-10 20:32:22 [INFO] __main__: RLCG sample collection: 7/26 problems (26.9%)  samples=420  eta=2936.1s
2026-04-10 20:32:22 [INFO] src.master_problem: RMP LP solved — obj=14100000.0000, active_cols=0
2026-04-10 20:32:26 [INFO] src.master_problem: RMP LP solved — obj=12401055.0673, active_cols=1
2026-04-10 20:32:30 [INFO] src.master_problem: RMP LP solved — obj=10802170.1620, active_cols=2
2026-04-10 20:32:35 [INFO] src.master_problem: RMP LP solved — obj=9203537.7090, active_cols=3
2026-04-10 20:32:39 [INFO] src.master_problem: RMP LP solved — obj=7805890.5537, active_cols=4
2026-04-10 20:32:42 [INFO] src.master_problem: RMP LP solved — obj=6606753.8956, active_cols=5
2026-04-10 20:32:46 [INFO] src.master_problem: RMP LP solved — obj=5408030.1071, active_cols=6
2026-04-10 20:32:51 [INFO] src.master_problem: RMP LP solved — obj=4109324.4353, active_cols=7
2026-04-10 20:32:55 [INFO] src.master_problem: RMP LP solved — obj=3011857.8047, active_cols=8
2026-04-10 20:32:59 [INFO] src.master_problem: RMP LP solved — obj=2214106.9574, active_cols=9
2026-04-10 20:33:03 [INFO] src.master_problem: RMP LP solved — obj=1614926.4921, active_cols=10
2026-04-10 20:33:07 [INFO] src.master_problem: RMP LP solved — obj=816847.7882, active_cols=11
2026-04-10 20:33:11 [INFO] src.master_problem: RMP LP solved — obj=419221.4672, active_cols=12
2026-04-10 20:33:14 [INFO] src.master_problem: RMP LP solved — obj=122062.9640, active_cols=13
2026-04-10 20:33:19 [INFO] src.master_problem: RMP LP solved — obj=24019.0614, active_cols=14
2026-04-10 20:33:23 [INFO] src.master_problem: RMP LP solved — obj=23549.9808, active_cols=14
2026-04-10 20:33:27 [INFO] src.master_problem: RMP LP solved — obj=23549.9808, active_cols=14
2026-04-10 20:33:31 [INFO] src.master_problem: RMP LP solved — obj=23549.9808, active_cols=14
2026-04-10 20:33:35 [INFO] src.master_problem: RMP LP solved — obj=23549.9808, active_cols=14
2026-04-10 20:33:39 [INFO] src.master_problem: RMP LP solved — obj=23549.9808, active_cols=14
2026-04-10 20:33:42 [INFO] src.master_problem: RMP LP solved — obj=23549.9808, active_cols=14
2026-04-10 20:33:47 [INFO] src.master_problem: RMP LP solved — obj=23549.9808, active_cols=14
2026-04-10 20:33:51 [INFO] src.master_problem: RMP LP solved — obj=23244.8558, active_cols=14
2026-04-10 20:33:54 [INFO] src.master_problem: RMP LP solved — obj=23244.8558, active_cols=14
2026-04-10 20:33:58 [INFO] src.master_problem: RMP LP solved — obj=23244.8558, active_cols=14
2026-04-10 20:34:03 [INFO] src.master_problem: RMP LP solved — obj=23244.8558, active_cols=14
2026-04-10 20:34:06 [INFO] src.master_problem: RMP LP solved — obj=23244.8558, active_cols=14
2026-04-10 20:34:10 [INFO] src.master_problem: RMP LP solved — obj=23244.8558, active_cols=14
2026-04-10 20:34:14 [INFO] src.master_problem: RMP LP solved — obj=22765.6138, active_cols=17
2026-04-10 20:34:19 [INFO] src.master_problem: RMP LP solved — obj=22765.6138, active_cols=17
2026-04-10 20:34:22 [INFO] src.master_problem: RMP LP solved — obj=22701.6088, active_cols=20
2026-04-10 20:34:26 [INFO] src.master_problem: RMP LP solved — obj=22701.6088, active_cols=20
2026-04-10 20:34:30 [INFO] src.master_problem: RMP LP solved — obj=22617.6052, active_cols=20
2026-04-10 20:34:34 [INFO] src.master_problem: RMP LP solved — obj=22617.6052, active_cols=20
2026-04-10 20:34:38 [INFO] src.master_problem: RMP LP solved — obj=22617.6052, active_cols=20
2026-04-10 20:34:41 [INFO] src.master_problem: RMP LP solved — obj=22447.0974, active_cols=26
2026-04-10 20:34:46 [INFO] src.master_problem: RMP LP solved — obj=22387.5332, active_cols=24
2026-04-10 20:34:50 [INFO] src.master_problem: RMP LP solved — obj=22387.5332, active_cols=24
2026-04-10 20:34:54 [INFO] src.master_problem: RMP LP solved — obj=22387.5332, active_cols=24
2026-04-10 20:34:57 [INFO] src.master_problem: RMP LP solved — obj=22387.5332, active_cols=24
2026-04-10 20:35:02 [INFO] src.master_problem: RMP LP solved — obj=22373.6794, active_cols=27
2026-04-10 20:35:05 [INFO] src.master_problem: RMP LP solved — obj=22190.2203, active_cols=25
2026-04-10 20:35:09 [INFO] src.master_problem: RMP LP solved — obj=22190.2203, active_cols=25
2026-04-10 20:35:13 [INFO] src.master_problem: RMP LP solved — obj=22158.3572, active_cols=29
2026-04-10 20:35:18 [INFO] src.master_problem: RMP LP solved — obj=22120.8414, active_cols=30
2026-04-10 20:35:21 [INFO] src.master_problem: RMP LP solved — obj=22087.4486, active_cols=36
2026-04-10 20:35:25 [INFO] src.master_problem: RMP LP solved — obj=21938.0533, active_cols=34
2026-04-10 20:35:30 [INFO] src.master_problem: RMP LP solved — obj=21881.0781, active_cols=32
2026-04-10 20:35:33 [INFO] src.master_problem: RMP LP solved — obj=21796.7191, active_cols=35
2026-04-10 20:35:37 [INFO] src.master_problem: RMP LP solved — obj=21778.4119, active_cols=39
2026-04-10 20:35:41 [INFO] src.master_problem: RMP LP solved — obj=21777.0951, active_cols=40
2026-04-10 20:35:46 [INFO] src.master_problem: RMP LP solved — obj=21720.1340, active_cols=41
2026-04-10 20:35:49 [INFO] src.master_problem: RMP LP solved — obj=21683.5772, active_cols=43
2026-04-10 20:35:53 [INFO] src.master_problem: RMP LP solved — obj=21576.0091, active_cols=43
2026-04-10 20:35:57 [INFO] src.master_problem: RMP LP solved — obj=21523.2184, active_cols=45
2026-04-10 20:36:01 [INFO] src.master_problem: RMP LP solved — obj=21433.6590, active_cols=46
2026-04-10 20:36:05 [INFO] src.master_problem: RMP LP solved — obj=21263.7657, active_cols=46
2026-04-10 20:36:08 [INFO] src.master_problem: RMP LP solved — obj=21240.7593, active_cols=47
2026-04-10 20:36:13 [INFO] src.master_problem: RMP LP solved — obj=21207.4075, active_cols=48
2026-04-10 20:36:17 [INFO] src.master_problem: RMP LP solved — obj=21032.4158, active_cols=47
2026-04-10 20:36:20 [INFO] src.master_problem: RMP LP solved — obj=21003.7594, active_cols=47
2026-04-10 20:36:24 [INFO] src.master_problem: RMP LP solved — obj=20937.3705, active_cols=48
2026-04-10 20:36:29 [INFO] src.master_problem: RMP LP solved — obj=20791.2247, active_cols=46
2026-04-10 20:36:33 [INFO] src.master_problem: RMP LP solved — obj=20717.1571, active_cols=50
2026-04-10 20:36:36 [INFO] __main__: RLCG sample collection: 8/26 problems (30.8%)  samples=484  eta=3005.8s
2026-04-10 20:36:36 [INFO] src.master_problem: RMP LP solved — obj=2600000.0000, active_cols=0
2026-04-10 20:36:39 [INFO] src.master_problem: RMP LP solved — obj=1101697.2534, active_cols=1
2026-04-10 20:36:43 [INFO] src.master_problem: RMP LP solved — obj=305331.5249, active_cols=2
2026-04-10 20:36:46 [INFO] src.master_problem: RMP LP solved — obj=9073.0387, active_cols=3
2026-04-10 20:36:49 [INFO] src.master_problem: RMP LP solved — obj=9073.0387, active_cols=3
2026-04-10 20:36:51 [INFO] src.master_problem: RMP LP solved — obj=9073.0387, active_cols=3
2026-04-10 20:36:54 [INFO] src.master_problem: RMP LP solved — obj=9073.0387, active_cols=3
2026-04-10 20:36:58 [INFO] src.master_problem: RMP LP solved — obj=9073.0387, active_cols=3
2026-04-10 20:37:00 [INFO] src.master_problem: RMP LP solved — obj=9073.0387, active_cols=3
2026-04-10 20:37:03 [INFO] src.master_problem: RMP LP solved — obj=9047.9380, active_cols=9
2026-04-10 20:37:06 [INFO] src.master_problem: RMP LP solved — obj=8550.2763, active_cols=9
2026-04-10 20:37:09 [INFO] src.master_problem: RMP LP solved — obj=8379.2609, active_cols=8
2026-04-10 20:37:12 [INFO] src.master_problem: RMP LP solved — obj=8056.9497, active_cols=8
2026-04-10 20:37:15 [INFO] src.master_problem: RMP LP solved — obj=7577.6081, active_cols=9
2026-04-10 20:37:18 [INFO] src.master_problem: RMP LP solved — obj=6706.3027, active_cols=3
2026-04-10 20:37:21 [INFO] src.master_problem: RMP LP solved — obj=6706.3027, active_cols=3
2026-04-10 20:37:24 [INFO] src.master_problem: RMP LP solved — obj=6706.3027, active_cols=3
2026-04-10 20:37:28 [INFO] src.master_problem: RMP LP solved — obj=6487.9732, active_cols=11
2026-04-10 20:37:31 [INFO] src.master_problem: RMP LP solved — obj=6351.0684, active_cols=10
2026-04-10 20:37:34 [INFO] src.master_problem: RMP LP solved — obj=6235.5235, active_cols=13
2026-04-10 20:37:36 [INFO] src.master_problem: RMP LP solved — obj=6123.3112, active_cols=12
2026-04-10 20:37:40 [INFO] src.master_problem: RMP LP solved — obj=6074.3221, active_cols=14
2026-04-10 20:37:44 [INFO] src.master_problem: RMP LP solved — obj=6041.1919, active_cols=16
2026-04-10 20:37:47 [INFO] src.master_problem: RMP LP solved — obj=6001.0888, active_cols=16
2026-04-10 20:37:50 [INFO] src.master_problem: RMP LP solved — obj=5937.3568, active_cols=15
2026-04-10 20:37:53 [INFO] src.master_problem: RMP LP solved — obj=5866.1809, active_cols=13
2026-04-10 20:37:57 [INFO] src.master_problem: RMP LP solved — obj=5840.4614, active_cols=14
2026-04-10 20:38:00 [INFO] src.master_problem: RMP LP solved — obj=5821.1224, active_cols=14
2026-04-10 20:38:03 [INFO] src.master_problem: RMP LP solved — obj=5773.0378, active_cols=17
2026-04-10 20:38:06 [INFO] src.master_problem: RMP LP solved — obj=5653.0597, active_cols=15
2026-04-10 20:38:11 [INFO] src.master_problem: RMP LP solved — obj=5606.9734, active_cols=16
2026-04-10 20:38:14 [INFO] src.master_problem: RMP LP solved — obj=5478.5531, active_cols=13
2026-04-10 20:38:17 [INFO] src.master_problem: RMP LP solved — obj=5437.8549, active_cols=14
2026-04-10 20:38:20 [INFO] src.master_problem: RMP LP solved — obj=5437.8549, active_cols=14
2026-04-10 20:38:23 [INFO] src.master_problem: RMP LP solved — obj=5425.7360, active_cols=17
2026-04-10 20:38:27 [INFO] src.master_problem: RMP LP solved — obj=5386.7488, active_cols=15
2026-04-10 20:38:30 [INFO] src.master_problem: RMP LP solved — obj=5372.9978, active_cols=18
2026-04-10 20:38:32 [INFO] src.master_problem: RMP LP solved — obj=5353.8616, active_cols=19
2026-04-10 20:38:35 [INFO] src.master_problem: RMP LP solved — obj=5335.8325, active_cols=19
2026-04-10 20:38:38 [INFO] src.master_problem: RMP LP solved — obj=5335.8325, active_cols=19
2026-04-10 20:38:42 [INFO] src.master_problem: RMP LP solved — obj=5330.8663, active_cols=18
2026-04-10 20:38:45 [INFO] src.master_problem: RMP LP solved — obj=5253.4269, active_cols=18
2026-04-10 20:38:47 [INFO] src.master_problem: RMP LP solved — obj=5169.9811, active_cols=21
2026-04-10 20:38:50 [INFO] src.master_problem: RMP LP solved — obj=5128.5757, active_cols=20
2026-04-10 20:38:53 [INFO] src.master_problem: RMP LP solved — obj=5105.2984, active_cols=18
2026-04-10 20:38:56 [INFO] src.master_problem: RMP LP solved — obj=5028.7555, active_cols=18
2026-04-10 20:38:59 [INFO] src.master_problem: RMP LP solved — obj=4941.2432, active_cols=16
2026-04-10 20:39:02 [INFO] src.master_problem: RMP LP solved — obj=4902.9291, active_cols=15
2026-04-10 20:39:04 [INFO] src.master_problem: RMP LP solved — obj=4861.1855, active_cols=16
2026-04-10 20:39:07 [INFO] src.master_problem: RMP LP solved — obj=4861.1855, active_cols=16
2026-04-10 20:39:11 [INFO] src.master_problem: RMP LP solved — obj=4858.5081, active_cols=17
2026-04-10 20:39:13 [INFO] src.master_problem: RMP LP solved — obj=4858.5081, active_cols=17
2026-04-10 20:39:16 [INFO] src.master_problem: RMP LP solved — obj=4846.2361, active_cols=17
2026-04-10 20:39:18 [INFO] src.master_problem: RMP LP solved — obj=4808.1615, active_cols=14
2026-04-10 20:39:21 [INFO] src.master_problem: RMP LP solved — obj=4795.7107, active_cols=17
2026-04-10 20:39:25 [INFO] src.master_problem: RMP LP solved — obj=4790.8498, active_cols=16
2026-04-10 20:39:27 [INFO] src.master_problem: RMP LP solved — obj=4772.7071, active_cols=14
2026-04-10 20:39:30 [INFO] src.master_problem: RMP LP solved — obj=4772.7071, active_cols=14
2026-04-10 20:39:33 [INFO] src.master_problem: RMP LP solved — obj=4772.7071, active_cols=14
2026-04-10 20:39:35 [INFO] src.master_problem: RMP LP solved — obj=4771.9056, active_cols=15
2026-04-10 20:39:39 [INFO] src.master_problem: RMP LP solved — obj=4771.9056, active_cols=15
2026-04-10 20:39:41 [INFO] src.master_problem: RMP LP solved — obj=4764.6945, active_cols=15
2026-04-10 20:39:44 [INFO] src.master_problem: RMP LP solved — obj=4764.6280, active_cols=17
2026-04-10 20:39:47 [INFO] src.master_problem: RMP LP solved — obj=4762.6792, active_cols=16
2026-04-10 20:39:49 [INFO] __main__: RLCG sample collection: 9/26 problems (34.6%)  samples=548  eta=2887.7s
2026-04-10 20:39:49 [INFO] src.master_problem: RMP LP solved — obj=2200000.0000, active_cols=0
2026-04-10 20:39:53 [INFO] src.master_problem: RMP LP solved — obj=602330.4649, active_cols=1
2026-04-10 20:39:56 [INFO] src.master_problem: RMP LP solved — obj=103878.4875, active_cols=2
2026-04-10 20:39:58 [INFO] src.master_problem: RMP LP solved — obj=5494.9591, active_cols=3
2026-04-10 20:40:00 [INFO] src.master_problem: RMP LP solved — obj=5494.9591, active_cols=3
2026-04-10 20:40:03 [INFO] src.master_problem: RMP LP solved — obj=4920.8629, active_cols=5
2026-04-10 20:40:05 [INFO] src.master_problem: RMP LP solved — obj=4754.1695, active_cols=4
2026-04-10 20:40:09 [INFO] src.master_problem: RMP LP solved — obj=4462.7029, active_cols=7
2026-04-10 20:40:11 [INFO] src.master_problem: RMP LP solved — obj=4211.5212, active_cols=8
2026-04-10 20:40:13 [INFO] src.master_problem: RMP LP solved — obj=4092.5233, active_cols=9
2026-04-10 20:40:16 [INFO] src.master_problem: RMP LP solved — obj=3966.8894, active_cols=10
2026-04-10 20:40:18 [INFO] src.master_problem: RMP LP solved — obj=3903.2195, active_cols=11
2026-04-10 20:40:21 [INFO] src.master_problem: RMP LP solved — obj=3870.2930, active_cols=12
2026-04-10 20:40:24 [INFO] src.master_problem: RMP LP solved — obj=3795.2414, active_cols=12
2026-04-10 20:40:26 [INFO] src.master_problem: RMP LP solved — obj=3612.0202, active_cols=12
2026-04-10 20:40:28 [INFO] src.master_problem: RMP LP solved — obj=3540.8229, active_cols=14
2026-04-10 20:40:31 [INFO] src.master_problem: RMP LP solved — obj=3495.5522, active_cols=13
2026-04-10 20:40:33 [INFO] src.master_problem: RMP LP solved — obj=3411.2928, active_cols=13
2026-04-10 20:40:36 [INFO] src.master_problem: RMP LP solved — obj=3346.0385, active_cols=15
2026-04-10 20:40:39 [INFO] src.master_problem: RMP LP solved — obj=3315.3195, active_cols=16
2026-04-10 20:40:41 [INFO] src.master_problem: RMP LP solved — obj=3240.8584, active_cols=15
2026-04-10 20:40:43 [INFO] src.master_problem: RMP LP solved — obj=3204.2649, active_cols=17
2026-04-10 20:40:46 [INFO] src.master_problem: RMP LP solved — obj=3184.4223, active_cols=16
2026-04-10 20:40:48 [INFO] src.master_problem: RMP LP solved — obj=3142.0951, active_cols=18
2026-04-10 20:40:51 [INFO] src.master_problem: RMP LP solved — obj=3083.4938, active_cols=17
2026-04-10 20:40:54 [INFO] src.master_problem: RMP LP solved — obj=3038.1587, active_cols=17
2026-04-10 20:40:56 [INFO] src.master_problem: RMP LP solved — obj=3016.7093, active_cols=15
2026-04-10 20:40:58 [INFO] src.master_problem: RMP LP solved — obj=2980.8388, active_cols=16
2026-04-10 20:41:00 [INFO] src.master_problem: RMP LP solved — obj=2959.5215, active_cols=15
2026-04-10 20:41:03 [INFO] src.master_problem: RMP LP solved — obj=2928.7630, active_cols=16
2026-04-10 20:41:06 [INFO] src.master_problem: RMP LP solved — obj=2874.2021, active_cols=17
2026-04-10 20:41:08 [INFO] src.master_problem: RMP LP solved — obj=2817.6862, active_cols=14
2026-04-10 20:41:11 [INFO] src.master_problem: RMP LP solved — obj=2804.3260, active_cols=14
2026-04-10 20:41:13 [INFO] src.master_problem: RMP LP solved — obj=2774.3143, active_cols=8
2026-04-10 20:41:15 [INFO] src.master_problem: RMP LP solved — obj=2774.3143, active_cols=8
2026-04-10 20:41:17 [INFO] src.master_problem: RMP LP solved — obj=2769.2646, active_cols=14
2026-04-10 20:41:21 [INFO] src.master_problem: RMP LP solved — obj=2762.7260, active_cols=13
2026-04-10 20:41:23 [INFO] src.master_problem: RMP LP solved — obj=2753.6010, active_cols=14
2026-04-10 20:41:25 [INFO] src.master_problem: RMP LP solved — obj=2745.7159, active_cols=14
2026-04-10 20:41:27 [INFO] src.master_problem: RMP LP solved — obj=2736.7676, active_cols=14
2026-04-10 20:41:29 [INFO] src.master_problem: RMP LP solved — obj=2732.8416, active_cols=15
2026-04-10 20:41:32 [INFO] src.master_problem: RMP LP solved — obj=2729.5829, active_cols=16
2026-04-10 20:41:35 [INFO] __main__: RLCG sample collection: 10/26 problems (38.5%)  samples=589  eta=2614.8s
2026-04-10 20:41:35 [INFO] src.master_problem: RMP LP solved — obj=1600000.0000, active_cols=0
2026-04-10 20:41:37 [INFO] src.master_problem: RMP LP solved — obj=401071.0031, active_cols=1
2026-04-10 20:41:39 [INFO] src.master_problem: RMP LP solved — obj=102175.0743, active_cols=2
2026-04-10 20:41:42 [INFO] src.master_problem: RMP LP solved — obj=3778.6115, active_cols=3
2026-04-10 20:41:44 [INFO] src.master_problem: RMP LP solved — obj=3778.6115, active_cols=3
2026-04-10 20:41:46 [INFO] src.master_problem: RMP LP solved — obj=3500.8759, active_cols=5
2026-04-10 20:41:49 [INFO] src.master_problem: RMP LP solved — obj=3500.8759, active_cols=5
2026-04-10 20:41:51 [INFO] src.master_problem: RMP LP solved — obj=3149.7801, active_cols=3
2026-04-10 20:41:54 [INFO] src.master_problem: RMP LP solved — obj=3149.7801, active_cols=3
2026-04-10 20:41:56 [INFO] src.master_problem: RMP LP solved — obj=3149.7801, active_cols=3
2026-04-10 20:41:58 [INFO] src.master_problem: RMP LP solved — obj=3149.7801, active_cols=3
2026-04-10 20:42:00 [INFO] src.master_problem: RMP LP solved — obj=3035.6896, active_cols=3
2026-04-10 20:42:03 [INFO] src.master_problem: RMP LP solved — obj=2922.3997, active_cols=7
2026-04-10 20:42:06 [INFO] src.master_problem: RMP LP solved — obj=2922.3997, active_cols=7
2026-04-10 20:42:08 [INFO] src.master_problem: RMP LP solved — obj=2904.0036, active_cols=9
2026-04-10 20:42:10 [INFO] src.master_problem: RMP LP solved — obj=2847.9980, active_cols=8
2026-04-10 20:42:12 [INFO] src.master_problem: RMP LP solved — obj=2806.2472, active_cols=7
2026-04-10 20:42:14 [INFO] src.master_problem: RMP LP solved — obj=2704.1726, active_cols=7
2026-04-10 20:42:17 [INFO] src.master_problem: RMP LP solved — obj=2704.1726, active_cols=7
2026-04-10 20:42:20 [INFO] src.master_problem: RMP LP solved — obj=2664.7545, active_cols=9
2026-04-10 20:42:22 [INFO] src.master_problem: RMP LP solved — obj=2664.7545, active_cols=9
2026-04-10 20:42:24 [INFO] src.master_problem: RMP LP solved — obj=2664.7545, active_cols=9
2026-04-10 20:42:26 [INFO] src.master_problem: RMP LP solved — obj=2664.7545, active_cols=9
2026-04-10 20:42:29 [INFO] src.master_problem: RMP LP solved — obj=2592.2624, active_cols=3
2026-04-10 20:42:32 [INFO] src.master_problem: RMP LP solved — obj=2592.2624, active_cols=3
2026-04-10 20:42:34 [INFO] src.master_problem: RMP LP solved — obj=2543.4072, active_cols=4
2026-04-10 20:42:36 [INFO] src.master_problem: RMP LP solved — obj=2543.4072, active_cols=4
2026-04-10 20:42:38 [INFO] src.master_problem: RMP LP solved — obj=2536.0147, active_cols=7
2026-04-10 20:42:41 [INFO] src.master_problem: RMP LP solved — obj=2523.0973, active_cols=7
2026-04-10 20:42:43 [INFO] src.master_problem: RMP LP solved — obj=2523.0973, active_cols=7
2026-04-10 20:42:45 [INFO] src.master_problem: RMP LP solved — obj=2500.5116, active_cols=9
2026-04-10 20:42:48 [INFO] src.master_problem: RMP LP solved — obj=2500.5116, active_cols=9
2026-04-10 20:42:50 [INFO] src.master_problem: RMP LP solved — obj=2500.5116, active_cols=9
2026-04-10 20:42:52 [INFO] src.master_problem: RMP LP solved — obj=2500.5116, active_cols=9
2026-04-10 20:42:54 [INFO] src.master_problem: RMP LP solved — obj=2500.5116, active_cols=9
2026-04-10 20:42:57 [INFO] src.master_problem: RMP LP solved — obj=2500.5116, active_cols=9
2026-04-10 20:42:59 [INFO] src.master_problem: RMP LP solved — obj=2497.0102, active_cols=9
2026-04-10 20:43:02 [INFO] src.master_problem: RMP LP solved — obj=2472.6372, active_cols=3
2026-04-10 20:43:04 [INFO] src.master_problem: RMP LP solved — obj=2472.6372, active_cols=3
2026-04-10 20:43:06 [INFO] src.master_problem: RMP LP solved — obj=2472.6372, active_cols=3
2026-04-10 20:43:08 [INFO] src.master_problem: RMP LP solved — obj=2472.6372, active_cols=3
2026-04-10 20:43:11 [INFO] src.master_problem: RMP LP solved — obj=2467.1909, active_cols=7
2026-04-10 20:43:13 [INFO] src.master_problem: RMP LP solved — obj=2467.1909, active_cols=7
2026-04-10 20:43:16 [INFO] src.master_problem: RMP LP solved — obj=2467.1909, active_cols=7
2026-04-10 20:43:18 [INFO] src.master_problem: RMP LP solved — obj=2467.1909, active_cols=7
2026-04-10 20:43:20 [INFO] src.master_problem: RMP LP solved — obj=2467.1909, active_cols=7
2026-04-10 20:43:22 [INFO] __main__: RLCG sample collection: 11/26 problems (42.3%)  samples=634  eta=2375.2s
2026-04-10 20:43:22 [INFO] src.master_problem: RMP LP solved — obj=11800000.0000, active_cols=0
2026-04-10 20:43:26 [INFO] src.master_problem: RMP LP solved — obj=10001388.1992, active_cols=1
2026-04-10 20:43:30 [INFO] src.master_problem: RMP LP solved — obj=8402729.7025, active_cols=2
2026-04-10 20:43:34 [INFO] src.master_problem: RMP LP solved — obj=6904320.1315, active_cols=3
2026-04-10 20:43:37 [INFO] src.master_problem: RMP LP solved — obj=5506100.9190, active_cols=4
2026-04-10 20:43:40 [INFO] src.master_problem: RMP LP solved — obj=4307564.8337, active_cols=5
2026-04-10 20:43:44 [INFO] src.master_problem: RMP LP solved — obj=3209435.3131, active_cols=6
2026-04-10 20:43:48 [INFO] src.master_problem: RMP LP solved — obj=2311429.6560, active_cols=7
2026-04-10 20:43:51 [INFO] src.master_problem: RMP LP solved — obj=1513030.8956, active_cols=8
2026-04-10 20:43:54 [INFO] src.master_problem: RMP LP solved — obj=915340.1001, active_cols=9
2026-04-10 20:43:58 [INFO] src.master_problem: RMP LP solved — obj=516574.1860, active_cols=10
2026-04-10 20:44:02 [INFO] src.master_problem: RMP LP solved — obj=218948.2916, active_cols=11
2026-04-10 20:44:05 [INFO] src.master_problem: RMP LP solved — obj=21387.9455, active_cols=12
2026-04-10 20:44:08 [INFO] src.master_problem: RMP LP solved — obj=21387.9455, active_cols=12
2026-04-10 20:44:11 [INFO] src.master_problem: RMP LP solved — obj=21387.9455, active_cols=12
2026-04-10 20:44:15 [INFO] src.master_problem: RMP LP solved — obj=21387.9455, active_cols=12
2026-04-10 20:44:18 [INFO] src.master_problem: RMP LP solved — obj=21387.9455, active_cols=12
2026-04-10 20:44:21 [INFO] src.master_problem: RMP LP solved — obj=21387.9455, active_cols=12
2026-04-10 20:44:24 [INFO] src.master_problem: RMP LP solved — obj=21387.9455, active_cols=12
2026-04-10 20:44:28 [INFO] src.master_problem: RMP LP solved — obj=21387.9455, active_cols=12
2026-04-10 20:44:32 [INFO] src.master_problem: RMP LP solved — obj=21387.9455, active_cols=12
2026-04-10 20:44:35 [INFO] src.master_problem: RMP LP solved — obj=21387.9455, active_cols=12
2026-04-10 20:44:38 [INFO] src.master_problem: RMP LP solved — obj=21387.9455, active_cols=12
2026-04-10 20:44:41 [INFO] src.master_problem: RMP LP solved — obj=21387.9455, active_cols=12
2026-04-10 20:44:45 [INFO] src.master_problem: RMP LP solved — obj=21387.9455, active_cols=12
2026-04-10 20:44:48 [INFO] src.master_problem: RMP LP solved — obj=21387.9455, active_cols=12
2026-04-10 20:44:51 [INFO] src.master_problem: RMP LP solved — obj=21332.4390, active_cols=25
2026-04-10 20:44:54 [INFO] src.master_problem: RMP LP solved — obj=21214.3865, active_cols=27
2026-04-10 20:44:59 [INFO] src.master_problem: RMP LP solved — obj=21011.3684, active_cols=28
2026-04-10 20:45:02 [INFO] src.master_problem: RMP LP solved — obj=20774.5538, active_cols=28
2026-04-10 20:45:05 [INFO] src.master_problem: RMP LP solved — obj=20772.2558, active_cols=30
2026-04-10 20:45:08 [INFO] src.master_problem: RMP LP solved — obj=20561.0910, active_cols=31
2026-04-10 20:45:12 [INFO] src.master_problem: RMP LP solved — obj=20451.9314, active_cols=26
2026-04-10 20:45:15 [INFO] src.master_problem: RMP LP solved — obj=20254.5962, active_cols=31
2026-04-10 20:45:18 [INFO] src.master_problem: RMP LP solved — obj=20183.7239, active_cols=34
2026-04-10 20:45:21 [INFO] src.master_problem: RMP LP solved — obj=20120.6366, active_cols=34
2026-04-10 20:45:25 [INFO] src.master_problem: RMP LP solved — obj=19917.6513, active_cols=34
2026-04-10 20:45:29 [INFO] src.master_problem: RMP LP solved — obj=19648.5614, active_cols=34
2026-04-10 20:45:32 [INFO] src.master_problem: RMP LP solved — obj=19515.0911, active_cols=33
2026-04-10 20:45:35 [INFO] src.master_problem: RMP LP solved — obj=19485.4929, active_cols=35
2026-04-10 20:45:38 [INFO] src.master_problem: RMP LP solved — obj=19311.9057, active_cols=36
2026-04-10 20:45:42 [INFO] src.master_problem: RMP LP solved — obj=19197.1904, active_cols=36
2026-04-10 20:45:45 [INFO] src.master_problem: RMP LP solved — obj=19127.4993, active_cols=38
2026-04-10 20:45:48 [INFO] src.master_problem: RMP LP solved — obj=18967.3160, active_cols=39
2026-04-10 20:45:51 [INFO] src.master_problem: RMP LP solved — obj=18867.1635, active_cols=39
2026-04-10 20:45:55 [INFO] src.master_problem: RMP LP solved — obj=18769.0372, active_cols=41
2026-04-10 20:45:59 [INFO] src.master_problem: RMP LP solved — obj=18713.2545, active_cols=40
2026-04-10 20:46:02 [INFO] src.master_problem: RMP LP solved — obj=18658.6011, active_cols=40
2026-04-10 20:46:05 [INFO] src.master_problem: RMP LP solved — obj=18621.8157, active_cols=44
2026-04-10 20:46:08 [INFO] src.master_problem: RMP LP solved — obj=18565.2923, active_cols=44
2026-04-10 20:46:12 [INFO] src.master_problem: RMP LP solved — obj=18550.5383, active_cols=46
2026-04-10 20:46:15 [INFO] src.master_problem: RMP LP solved — obj=18510.6699, active_cols=46
2026-04-10 20:46:18 [INFO] src.master_problem: RMP LP solved — obj=18469.5443, active_cols=45
2026-04-10 20:46:21 [INFO] src.master_problem: RMP LP solved — obj=18421.9024, active_cols=46
2026-04-10 20:46:25 [INFO] src.master_problem: RMP LP solved — obj=18377.6406, active_cols=46
2026-04-10 20:46:29 [INFO] src.master_problem: RMP LP solved — obj=18328.6294, active_cols=48
2026-04-10 20:46:32 [INFO] src.master_problem: RMP LP solved — obj=18257.4898, active_cols=52
2026-04-10 20:46:35 [INFO] src.master_problem: RMP LP solved — obj=18160.6095, active_cols=50
2026-04-10 20:46:38 [INFO] src.master_problem: RMP LP solved — obj=18066.2377, active_cols=52
2026-04-10 20:46:42 [INFO] src.master_problem: RMP LP solved — obj=18005.2613, active_cols=54
2026-04-10 20:46:46 [INFO] src.master_problem: RMP LP solved — obj=17732.2422, active_cols=50
2026-04-10 20:46:49 [INFO] src.master_problem: RMP LP solved — obj=17569.6089, active_cols=50
2026-04-10 20:46:52 [INFO] src.master_problem: RMP LP solved — obj=17395.3716, active_cols=49
2026-04-10 20:46:56 [INFO] src.master_problem: RMP LP solved — obj=17303.6500, active_cols=50
2026-04-10 20:46:59 [INFO] __main__: RLCG sample collection: 12/26 problems (46.2%)  samples=698  eta=2285.6s
2026-04-10 20:46:59 [INFO] src.master_problem: RMP LP solved — obj=6200000.0000, active_cols=0
2026-04-10 20:47:01 [INFO] src.master_problem: RMP LP solved — obj=4800821.9236, active_cols=1
2026-04-10 20:47:03 [INFO] src.master_problem: RMP LP solved — obj=3502141.0395, active_cols=2
2026-04-10 20:47:05 [INFO] src.master_problem: RMP LP solved — obj=2403199.4126, active_cols=3
2026-04-10 20:47:07 [INFO] src.master_problem: RMP LP solved — obj=1404901.8524, active_cols=4
2026-04-10 20:47:09 [INFO] src.master_problem: RMP LP solved — obj=506190.5811, active_cols=5
2026-04-10 20:47:11 [INFO] src.master_problem: RMP LP solved — obj=207691.0883, active_cols=6
2026-04-10 20:47:13 [INFO] src.master_problem: RMP LP solved — obj=108681.4541, active_cols=7
2026-04-10 20:47:14 [INFO] src.master_problem: RMP LP solved — obj=10193.8033, active_cols=8
2026-04-10 20:47:16 [INFO] src.master_problem: RMP LP solved — obj=10193.8033, active_cols=8
2026-04-10 20:47:18 [INFO] src.master_problem: RMP LP solved — obj=10193.8033, active_cols=8
2026-04-10 20:47:19 [INFO] src.master_problem: RMP LP solved — obj=10193.8033, active_cols=8
2026-04-10 20:47:21 [INFO] src.master_problem: RMP LP solved — obj=10193.8033, active_cols=8
2026-04-10 20:47:23 [INFO] src.master_problem: RMP LP solved — obj=10193.8033, active_cols=8
2026-04-10 20:47:26 [INFO] src.master_problem: RMP LP solved — obj=10193.8033, active_cols=8
2026-04-10 20:47:27 [INFO] src.master_problem: RMP LP solved — obj=9962.5427, active_cols=8
2026-04-10 20:47:29 [INFO] src.master_problem: RMP LP solved — obj=9784.4385, active_cols=8
2026-04-10 20:47:31 [INFO] src.master_problem: RMP LP solved — obj=9784.4385, active_cols=8
2026-04-10 20:47:32 [INFO] src.master_problem: RMP LP solved — obj=9784.4385, active_cols=8
2026-04-10 20:47:34 [INFO] src.master_problem: RMP LP solved — obj=9784.4385, active_cols=8
2026-04-10 20:47:36 [INFO] src.master_problem: RMP LP solved — obj=9472.0343, active_cols=7
2026-04-10 20:47:38 [INFO] src.master_problem: RMP LP solved — obj=9472.0343, active_cols=7
2026-04-10 20:47:40 [INFO] src.master_problem: RMP LP solved — obj=9472.0343, active_cols=7
2026-04-10 20:47:42 [INFO] src.master_problem: RMP LP solved — obj=9266.3257, active_cols=9
2026-04-10 20:47:43 [INFO] src.master_problem: RMP LP solved — obj=9266.3257, active_cols=9
2026-04-10 20:47:45 [INFO] src.master_problem: RMP LP solved — obj=9254.4795, active_cols=17
2026-04-10 20:47:47 [INFO] src.master_problem: RMP LP solved — obj=9199.6803, active_cols=17
2026-04-10 20:47:48 [INFO] src.master_problem: RMP LP solved — obj=9199.6803, active_cols=17
2026-04-10 20:47:50 [INFO] src.master_problem: RMP LP solved — obj=9158.8934, active_cols=17
2026-04-10 20:47:52 [INFO] src.master_problem: RMP LP solved — obj=9146.7379, active_cols=20
2026-04-10 20:47:54 [INFO] src.master_problem: RMP LP solved — obj=9094.7256, active_cols=19
2026-04-10 20:47:56 [INFO] src.master_problem: RMP LP solved — obj=9094.7256, active_cols=19
2026-04-10 20:47:58 [INFO] src.master_problem: RMP LP solved — obj=9090.7428, active_cols=20
2026-04-10 20:47:59 [INFO] src.master_problem: RMP LP solved — obj=9079.2572, active_cols=22
2026-04-10 20:48:01 [INFO] src.master_problem: RMP LP solved — obj=9035.1830, active_cols=23
2026-04-10 20:48:02 [INFO] src.master_problem: RMP LP solved — obj=9023.0900, active_cols=23
2026-04-10 20:48:04 [INFO] src.master_problem: RMP LP solved — obj=8794.0699, active_cols=23
2026-04-10 20:48:06 [INFO] src.master_problem: RMP LP solved — obj=8772.4272, active_cols=27
2026-04-10 20:48:08 [INFO] src.master_problem: RMP LP solved — obj=8751.3072, active_cols=28
2026-04-10 20:48:10 [INFO] src.master_problem: RMP LP solved — obj=8734.7974, active_cols=31
2026-04-10 20:48:12 [INFO] src.master_problem: RMP LP solved — obj=8706.7912, active_cols=30
2026-04-10 20:48:13 [INFO] src.master_problem: RMP LP solved — obj=8637.9240, active_cols=26
2026-04-10 20:48:15 [INFO] src.master_problem: RMP LP solved — obj=8629.2503, active_cols=28
2026-04-10 20:48:17 [INFO] src.master_problem: RMP LP solved — obj=8628.4438, active_cols=30
2026-04-10 20:48:18 [INFO] src.master_problem: RMP LP solved — obj=8585.9027, active_cols=32
2026-04-10 20:48:21 [INFO] src.master_problem: RMP LP solved — obj=8564.5480, active_cols=29
2026-04-10 20:48:23 [INFO] src.master_problem: RMP LP solved — obj=8556.6803, active_cols=31
2026-04-10 20:48:25 [INFO] src.master_problem: RMP LP solved — obj=8549.9518, active_cols=31
2026-04-10 20:48:26 [INFO] src.master_problem: RMP LP solved — obj=8536.3031, active_cols=29
2026-04-10 20:48:28 [INFO] src.master_problem: RMP LP solved — obj=8517.0453, active_cols=32
2026-04-10 20:48:30 [INFO] src.master_problem: RMP LP solved — obj=8514.7994, active_cols=32
2026-04-10 20:48:31 [INFO] src.master_problem: RMP LP solved — obj=8511.8420, active_cols=33
2026-04-10 20:48:33 [INFO] src.master_problem: RMP LP solved — obj=8508.9837, active_cols=34
2026-04-10 20:48:35 [INFO] src.master_problem: RMP LP solved — obj=8484.4266, active_cols=34
2026-04-10 20:48:37 [INFO] src.master_problem: RMP LP solved — obj=8425.7470, active_cols=32
2026-04-10 20:48:39 [INFO] src.master_problem: RMP LP solved — obj=8366.8391, active_cols=32
2026-04-10 20:48:40 [INFO] src.master_problem: RMP LP solved — obj=8357.3494, active_cols=35
2026-04-10 20:48:42 [INFO] src.master_problem: RMP LP solved — obj=8322.3520, active_cols=35
2026-04-10 20:48:44 [INFO] src.master_problem: RMP LP solved — obj=8269.3191, active_cols=34
2026-04-10 20:48:45 [INFO] src.master_problem: RMP LP solved — obj=8189.0062, active_cols=36
2026-04-10 20:48:47 [INFO] src.master_problem: RMP LP solved — obj=8160.1406, active_cols=33
2026-04-10 20:48:49 [INFO] src.master_problem: RMP LP solved — obj=8158.8261, active_cols=34
2026-04-10 20:48:51 [INFO] src.master_problem: RMP LP solved — obj=8131.8733, active_cols=33
2026-04-10 20:48:53 [INFO] src.master_problem: RMP LP solved — obj=8107.5017, active_cols=35
2026-04-10 20:48:55 [INFO] __main__: RLCG sample collection: 13/26 problems (50.0%)  samples=762  eta=2074.2s
2026-04-10 20:48:55 [INFO] src.master_problem: RMP LP solved — obj=700000.0000, active_cols=0
2026-04-10 20:48:56 [INFO] src.master_problem: RMP LP solved — obj=1742.1453, active_cols=1
2026-04-10 20:48:57 [INFO] src.master_problem: RMP LP solved — obj=1742.1453, active_cols=1
2026-04-10 20:48:59 [INFO] src.master_problem: RMP LP solved — obj=1742.1453, active_cols=1
2026-04-10 20:49:00 [INFO] src.master_problem: RMP LP solved — obj=1742.1453, active_cols=1
2026-04-10 20:49:01 [INFO] src.master_problem: RMP LP solved — obj=1742.1453, active_cols=1
2026-04-10 20:49:03 [INFO] src.master_problem: RMP LP solved — obj=1742.1453, active_cols=1
2026-04-10 20:49:04 [INFO] src.master_problem: RMP LP solved — obj=1742.1453, active_cols=1
2026-04-10 20:49:06 [INFO] src.master_problem: RMP LP solved — obj=1742.1453, active_cols=1
2026-04-10 20:49:08 [INFO] src.master_problem: RMP LP solved — obj=1742.1453, active_cols=1
2026-04-10 20:49:09 [INFO] src.master_problem: RMP LP solved — obj=1742.1453, active_cols=1
2026-04-10 20:49:10 [INFO] src.master_problem: RMP LP solved — obj=1742.1453, active_cols=1
2026-04-10 20:49:12 [INFO] src.master_problem: RMP LP solved — obj=1742.1453, active_cols=1
2026-04-10 20:49:13 [INFO] src.master_problem: RMP LP solved — obj=1742.1453, active_cols=1
2026-04-10 20:49:14 [INFO] __main__: RLCG sample collection: 14/26 problems (53.8%)  samples=775  eta=1795.0s
2026-04-10 20:49:14 [INFO] src.master_problem: RMP LP solved — obj=600000.0000, active_cols=0
2026-04-10 20:49:16 [INFO] src.master_problem: RMP LP solved — obj=1171.5903, active_cols=1
2026-04-10 20:49:18 [INFO] src.master_problem: RMP LP solved — obj=1171.5903, active_cols=1
2026-04-10 20:49:19 [INFO] src.master_problem: RMP LP solved — obj=1171.5903, active_cols=1
2026-04-10 20:49:21 [INFO] src.master_problem: RMP LP solved — obj=1171.5903, active_cols=1
2026-04-10 20:49:22 [INFO] src.master_problem: RMP LP solved — obj=1171.5903, active_cols=1
2026-04-10 20:49:24 [INFO] src.master_problem: RMP LP solved — obj=1171.5903, active_cols=1
2026-04-10 20:49:25 [INFO] src.master_problem: RMP LP solved — obj=1171.5903, active_cols=1
2026-04-10 20:49:27 [INFO] src.master_problem: RMP LP solved — obj=1171.5903, active_cols=1
2026-04-10 20:49:28 [INFO] src.master_problem: RMP LP solved — obj=1171.5903, active_cols=1
2026-04-10 20:49:29 [INFO] src.master_problem: RMP LP solved — obj=1171.5903, active_cols=1
2026-04-10 20:49:30 [INFO] src.master_problem: RMP LP solved — obj=1171.5903, active_cols=1
2026-04-10 20:49:32 [INFO] __main__: RLCG sample collection: 15/26 problems (57.7%)  samples=786  eta=1548.5s
2026-04-10 20:49:32 [INFO] src.master_problem: RMP LP solved — obj=10600000.0000, active_cols=0
2026-04-10 20:49:35 [INFO] src.master_problem: RMP LP solved — obj=9001511.4769, active_cols=1
2026-04-10 20:49:37 [INFO] src.master_problem: RMP LP solved — obj=7603266.2566, active_cols=2
2026-04-10 20:49:39 [INFO] src.master_problem: RMP LP solved — obj=6104260.1439, active_cols=3
2026-04-10 20:49:41 [INFO] src.master_problem: RMP LP solved — obj=4706449.0400, active_cols=4
2026-04-10 20:49:43 [INFO] src.master_problem: RMP LP solved — obj=3608080.1461, active_cols=5
2026-04-10 20:49:45 [INFO] src.master_problem: RMP LP solved — obj=2610359.1968, active_cols=6
2026-04-10 20:49:48 [INFO] src.master_problem: RMP LP solved — obj=1811968.2331, active_cols=7
2026-04-10 20:49:50 [INFO] src.master_problem: RMP LP solved — obj=1213666.0420, active_cols=8
2026-04-10 20:49:52 [INFO] src.master_problem: RMP LP solved — obj=715288.5441, active_cols=9
2026-04-10 20:49:54 [INFO] src.master_problem: RMP LP solved — obj=317015.2180, active_cols=10
2026-04-10 20:49:56 [INFO] src.master_problem: RMP LP solved — obj=118471.0661, active_cols=11
2026-04-10 20:49:58 [INFO] src.master_problem: RMP LP solved — obj=20848.2208, active_cols=12
2026-04-10 20:50:00 [INFO] src.master_problem: RMP LP solved — obj=20848.2208, active_cols=12
2026-04-10 20:50:02 [INFO] src.master_problem: RMP LP solved — obj=20848.2208, active_cols=12
2026-04-10 20:50:05 [INFO] src.master_problem: RMP LP solved — obj=20792.4242, active_cols=12
2026-04-10 20:50:07 [INFO] src.master_problem: RMP LP solved — obj=20792.4242, active_cols=12
2026-04-10 20:50:09 [INFO] src.master_problem: RMP LP solved — obj=20792.4242, active_cols=12
2026-04-10 20:50:10 [INFO] src.master_problem: RMP LP solved — obj=20792.4242, active_cols=12
2026-04-10 20:50:12 [INFO] src.master_problem: RMP LP solved — obj=20792.4242, active_cols=12
2026-04-10 20:50:14 [INFO] src.master_problem: RMP LP solved — obj=20792.4242, active_cols=12
2026-04-10 20:50:17 [INFO] src.master_problem: RMP LP solved — obj=20792.4242, active_cols=12
2026-04-10 20:50:19 [INFO] src.master_problem: RMP LP solved — obj=20683.3842, active_cols=12
2026-04-10 20:50:21 [INFO] src.master_problem: RMP LP solved — obj=20573.3975, active_cols=12
2026-04-10 20:50:23 [INFO] src.master_problem: RMP LP solved — obj=20449.4146, active_cols=21
2026-04-10 20:50:25 [INFO] src.master_problem: RMP LP solved — obj=20193.9971, active_cols=15
2026-04-10 20:50:27 [INFO] src.master_problem: RMP LP solved — obj=20193.9971, active_cols=15
2026-04-10 20:50:29 [INFO] src.master_problem: RMP LP solved — obj=20128.7544, active_cols=23
2026-04-10 20:50:31 [INFO] src.master_problem: RMP LP solved — obj=20113.8055, active_cols=25
2026-04-10 20:50:34 [INFO] src.master_problem: RMP LP solved — obj=20113.8055, active_cols=25
2026-04-10 20:50:36 [INFO] src.master_problem: RMP LP solved — obj=19962.8747, active_cols=27
2026-04-10 20:50:38 [INFO] src.master_problem: RMP LP solved — obj=19738.1291, active_cols=29
2026-04-10 20:50:40 [INFO] src.master_problem: RMP LP solved — obj=19690.1894, active_cols=30
2026-04-10 20:50:42 [INFO] src.master_problem: RMP LP solved — obj=19601.2259, active_cols=31
2026-04-10 20:50:44 [INFO] src.master_problem: RMP LP solved — obj=19463.7571, active_cols=34
2026-04-10 20:50:46 [INFO] src.master_problem: RMP LP solved — obj=19391.3018, active_cols=34
2026-04-10 20:50:49 [INFO] src.master_problem: RMP LP solved — obj=19160.7803, active_cols=34
2026-04-10 20:50:51 [INFO] src.master_problem: RMP LP solved — obj=19046.8637, active_cols=36
2026-04-10 20:50:53 [INFO] src.master_problem: RMP LP solved — obj=18879.9807, active_cols=35
2026-04-10 20:50:54 [INFO] src.master_problem: RMP LP solved — obj=18783.8668, active_cols=36
2026-04-10 20:50:56 [INFO] src.master_problem: RMP LP solved — obj=18623.8508, active_cols=37
2026-04-10 20:50:58 [INFO] src.master_problem: RMP LP solved — obj=18576.6886, active_cols=38
2026-04-10 20:51:01 [INFO] src.master_problem: RMP LP solved — obj=18512.7548, active_cols=38
2026-04-10 20:51:03 [INFO] src.master_problem: RMP LP solved — obj=18289.1160, active_cols=39
2026-04-10 20:51:05 [INFO] src.master_problem: RMP LP solved — obj=18256.6973, active_cols=42
2026-04-10 20:51:07 [INFO] src.master_problem: RMP LP solved — obj=18179.6310, active_cols=39
2026-04-10 20:51:09 [INFO] src.master_problem: RMP LP solved — obj=18042.6282, active_cols=42
2026-04-10 20:51:11 [INFO] src.master_problem: RMP LP solved — obj=17979.6348, active_cols=43
2026-04-10 20:51:13 [INFO] src.master_problem: RMP LP solved — obj=17925.5725, active_cols=45
2026-04-10 20:51:16 [INFO] src.master_problem: RMP LP solved — obj=17794.5544, active_cols=42
2026-04-10 20:51:18 [INFO] src.master_problem: RMP LP solved — obj=17718.4451, active_cols=42
2026-04-10 20:51:20 [INFO] src.master_problem: RMP LP solved — obj=17651.2848, active_cols=43
2026-04-10 20:51:22 [INFO] src.master_problem: RMP LP solved — obj=17621.5064, active_cols=45
2026-04-10 20:51:24 [INFO] src.master_problem: RMP LP solved — obj=17563.4820, active_cols=46
2026-04-10 20:51:26 [INFO] src.master_problem: RMP LP solved — obj=17395.5053, active_cols=46
2026-04-10 20:51:28 [INFO] src.master_problem: RMP LP solved — obj=17284.4767, active_cols=45
2026-04-10 20:51:31 [INFO] src.master_problem: RMP LP solved — obj=17127.5352, active_cols=46
2026-04-10 20:51:33 [INFO] src.master_problem: RMP LP solved — obj=17013.2943, active_cols=47
2026-04-10 20:51:35 [INFO] src.master_problem: RMP LP solved — obj=16934.6009, active_cols=48
2026-04-10 20:51:37 [INFO] src.master_problem: RMP LP solved — obj=16911.6146, active_cols=47
2026-04-10 20:51:39 [INFO] src.master_problem: RMP LP solved — obj=16864.7216, active_cols=47
2026-04-10 20:51:41 [INFO] src.master_problem: RMP LP solved — obj=16774.7011, active_cols=49
2026-04-10 20:51:43 [INFO] src.master_problem: RMP LP solved — obj=16731.4165, active_cols=51
2026-04-10 20:51:46 [INFO] src.master_problem: RMP LP solved — obj=16655.8672, active_cols=52
2026-04-10 20:51:48 [INFO] __main__: RLCG sample collection: 16/26 problems (61.5%)  samples=850  eta=1404.7s
2026-04-10 20:51:48 [INFO] src.master_problem: RMP LP solved — obj=14600000.0000, active_cols=0
2026-04-10 20:51:50 [INFO] src.master_problem: RMP LP solved — obj=13001195.4621, active_cols=1
2026-04-10 20:51:52 [INFO] src.master_problem: RMP LP solved — obj=11602600.8660, active_cols=2
2026-04-10 20:51:55 [INFO] src.master_problem: RMP LP solved — obj=10004262.0063, active_cols=3
2026-04-10 20:51:57 [INFO] src.master_problem: RMP LP solved — obj=8606488.0319, active_cols=4
2026-04-10 20:52:00 [INFO] src.master_problem: RMP LP solved — obj=7307769.4070, active_cols=5
2026-04-10 20:52:03 [INFO] src.master_problem: RMP LP solved — obj=6209219.1745, active_cols=6
2026-04-10 20:52:05 [INFO] src.master_problem: RMP LP solved — obj=5010641.9269, active_cols=7
2026-04-10 20:52:07 [INFO] src.master_problem: RMP LP solved — obj=3912410.3470, active_cols=8
2026-04-10 20:52:09 [INFO] src.master_problem: RMP LP solved — obj=3014299.3570, active_cols=9
2026-04-10 20:52:12 [INFO] src.master_problem: RMP LP solved — obj=2216715.9903, active_cols=10
2026-04-10 20:52:15 [INFO] src.master_problem: RMP LP solved — obj=1619219.7499, active_cols=11
2026-04-10 20:52:17 [INFO] src.master_problem: RMP LP solved — obj=1021036.7321, active_cols=12
2026-04-10 20:52:19 [INFO] src.master_problem: RMP LP solved — obj=523006.2451, active_cols=13
2026-04-10 20:52:21 [INFO] src.master_problem: RMP LP solved — obj=224507.8781, active_cols=14
2026-04-10 20:52:23 [INFO] src.master_problem: RMP LP solved — obj=125161.2409, active_cols=15
2026-04-10 20:52:25 [INFO] src.master_problem: RMP LP solved — obj=27569.8071, active_cols=16
2026-04-10 20:52:28 [INFO] src.master_problem: RMP LP solved — obj=27569.8071, active_cols=16
2026-04-10 20:52:31 [INFO] src.master_problem: RMP LP solved — obj=27569.8071, active_cols=16
2026-04-10 20:52:33 [INFO] src.master_problem: RMP LP solved — obj=27569.8071, active_cols=16
2026-04-10 20:52:35 [INFO] src.master_problem: RMP LP solved — obj=27569.8071, active_cols=16
2026-04-10 20:52:37 [INFO] src.master_problem: RMP LP solved — obj=27569.8071, active_cols=16
2026-04-10 20:52:39 [INFO] src.master_problem: RMP LP solved — obj=27569.8071, active_cols=16
2026-04-10 20:52:42 [INFO] src.master_problem: RMP LP solved — obj=27569.8071, active_cols=16
2026-04-10 20:52:45 [INFO] src.master_problem: RMP LP solved — obj=27569.8071, active_cols=16
2026-04-10 20:52:47 [INFO] src.master_problem: RMP LP solved — obj=27569.8071, active_cols=16
2026-04-10 20:52:49 [INFO] src.master_problem: RMP LP solved — obj=27569.8071, active_cols=16
2026-04-10 20:52:51 [INFO] src.master_problem: RMP LP solved — obj=27569.8071, active_cols=16
2026-04-10 20:52:53 [INFO] src.master_problem: RMP LP solved — obj=27569.8071, active_cols=16
2026-04-10 20:52:56 [INFO] src.master_problem: RMP LP solved — obj=27569.8071, active_cols=16
2026-04-10 20:52:59 [INFO] src.master_problem: RMP LP solved — obj=27569.8071, active_cols=16
2026-04-10 20:53:01 [INFO] src.master_problem: RMP LP solved — obj=27563.8134, active_cols=27
2026-04-10 20:53:03 [INFO] src.master_problem: RMP LP solved — obj=27544.7099, active_cols=29
2026-04-10 20:53:05 [INFO] src.master_problem: RMP LP solved — obj=27287.6589, active_cols=31
2026-04-10 20:53:08 [INFO] src.master_problem: RMP LP solved — obj=27276.1687, active_cols=32
2026-04-10 20:53:10 [INFO] src.master_problem: RMP LP solved — obj=27123.9077, active_cols=31
2026-04-10 20:53:13 [INFO] src.master_problem: RMP LP solved — obj=27099.1264, active_cols=32
2026-04-10 20:53:15 [INFO] src.master_problem: RMP LP solved — obj=27001.6342, active_cols=34
2026-04-10 20:53:17 [INFO] src.master_problem: RMP LP solved — obj=26971.9640, active_cols=37
2026-04-10 20:53:19 [INFO] src.master_problem: RMP LP solved — obj=26491.4332, active_cols=35
2026-04-10 20:53:22 [INFO] src.master_problem: RMP LP solved — obj=26384.1137, active_cols=36
2026-04-10 20:53:24 [INFO] src.master_problem: RMP LP solved — obj=26384.1137, active_cols=36
2026-04-10 20:53:27 [INFO] src.master_problem: RMP LP solved — obj=26298.2773, active_cols=38
2026-04-10 20:53:29 [INFO] src.master_problem: RMP LP solved — obj=26156.0490, active_cols=40
2026-04-10 20:53:32 [INFO] src.master_problem: RMP LP solved — obj=26052.3900, active_cols=40
2026-04-10 20:53:34 [INFO] src.master_problem: RMP LP solved — obj=25925.3327, active_cols=41
2026-04-10 20:53:36 [INFO] src.master_problem: RMP LP solved — obj=25769.3351, active_cols=43
2026-04-10 20:53:39 [INFO] src.master_problem: RMP LP solved — obj=25552.5317, active_cols=43
2026-04-10 20:53:41 [INFO] src.master_problem: RMP LP solved — obj=25386.3056, active_cols=42
2026-04-10 20:53:44 [INFO] src.master_problem: RMP LP solved — obj=25081.4313, active_cols=46
2026-04-10 20:53:46 [INFO] src.master_problem: RMP LP solved — obj=24963.3939, active_cols=46
2026-04-10 20:53:48 [INFO] src.master_problem: RMP LP solved — obj=24673.4233, active_cols=48
2026-04-10 20:53:50 [INFO] src.master_problem: RMP LP solved — obj=24443.6512, active_cols=49
2026-04-10 20:53:52 [INFO] src.master_problem: RMP LP solved — obj=24271.7518, active_cols=49
2026-04-10 20:53:56 [INFO] src.master_problem: RMP LP solved — obj=24147.5789, active_cols=47
2026-04-10 20:53:58 [INFO] src.master_problem: RMP LP solved — obj=24026.4619, active_cols=50
2026-04-10 20:54:00 [INFO] src.master_problem: RMP LP solved — obj=23694.5389, active_cols=49
2026-04-10 20:54:02 [INFO] src.master_problem: RMP LP solved — obj=23539.2710, active_cols=45
2026-04-10 20:54:04 [INFO] src.master_problem: RMP LP solved — obj=23512.1588, active_cols=48
2026-04-10 20:54:06 [INFO] src.master_problem: RMP LP solved — obj=23490.8020, active_cols=49
2026-04-10 20:54:09 [INFO] src.master_problem: RMP LP solved — obj=23387.4272, active_cols=50
2026-04-10 20:54:12 [INFO] src.master_problem: RMP LP solved — obj=23285.4168, active_cols=50
2026-04-10 20:54:14 [INFO] src.master_problem: RMP LP solved — obj=23162.5358, active_cols=54
2026-04-10 20:54:16 [INFO] src.master_problem: RMP LP solved — obj=23035.6467, active_cols=54
2026-04-10 20:54:18 [INFO] __main__: RLCG sample collection: 17/26 problems (65.4%)  samples=914  eta=1269.3s
2026-04-10 20:54:18 [INFO] src.master_problem: RMP LP solved — obj=300000.0000, active_cols=0
2026-04-10 20:54:20 [INFO] src.master_problem: RMP LP solved — obj=1291.2619, active_cols=1
2026-04-10 20:54:22 [INFO] src.master_problem: RMP LP solved — obj=1291.2619, active_cols=1
2026-04-10 20:54:25 [INFO] src.master_problem: RMP LP solved — obj=1291.2619, active_cols=1
2026-04-10 20:54:27 [INFO] src.master_problem: RMP LP solved — obj=1291.2619, active_cols=1
2026-04-10 20:54:29 [INFO] src.master_problem: RMP LP solved — obj=1291.2619, active_cols=1
2026-04-10 20:54:31 [INFO] src.master_problem: RMP LP solved — obj=1291.2619, active_cols=1
2026-04-10 20:54:32 [INFO] src.master_problem: RMP LP solved — obj=1291.2619, active_cols=1
2026-04-10 20:54:35 [INFO] src.master_problem: RMP LP solved — obj=1291.2619, active_cols=1
2026-04-10 20:54:37 [INFO] src.master_problem: RMP LP solved — obj=1291.2619, active_cols=1
2026-04-10 20:54:39 [INFO] src.master_problem: RMP LP solved — obj=1291.2619, active_cols=1
2026-04-10 20:54:41 [INFO] src.master_problem: RMP LP solved — obj=1291.2619, active_cols=1
2026-04-10 20:54:43 [INFO] src.master_problem: RMP LP solved — obj=1291.2619, active_cols=1
2026-04-10 20:54:45 [INFO] src.master_problem: RMP LP solved — obj=1291.2619, active_cols=1
2026-04-10 20:54:47 [INFO] src.master_problem: RMP LP solved — obj=1291.2619, active_cols=1
2026-04-10 20:54:49 [INFO] src.master_problem: RMP LP solved — obj=1291.2619, active_cols=1
2026-04-10 20:54:51 [INFO] src.master_problem: RMP LP solved — obj=1291.2619, active_cols=1
2026-04-10 20:54:54 [INFO] src.master_problem: RMP LP solved — obj=1291.2619, active_cols=1
2026-04-10 20:54:55 [INFO] src.master_problem: RMP LP solved — obj=1291.2619, active_cols=1
2026-04-10 20:54:57 [INFO] __main__: RLCG sample collection: 18/26 problems (69.2%)  samples=932  eta=1083.2s
2026-04-10 20:54:57 [INFO] src.master_problem: RMP LP solved — obj=1300000.0000, active_cols=0
2026-04-10 20:55:00 [INFO] src.master_problem: RMP LP solved — obj=500896.2675, active_cols=1
2026-04-10 20:55:02 [INFO] src.master_problem: RMP LP solved — obj=2445.7449, active_cols=2
2026-04-10 20:55:05 [INFO] src.master_problem: RMP LP solved — obj=2445.7449, active_cols=2
2026-04-10 20:55:08 [INFO] src.master_problem: RMP LP solved — obj=2445.7449, active_cols=2
2026-04-10 20:55:10 [INFO] src.master_problem: RMP LP solved — obj=2445.7449, active_cols=2
2026-04-10 20:55:12 [INFO] src.master_problem: RMP LP solved — obj=2445.7449, active_cols=2
2026-04-10 20:55:14 [INFO] src.master_problem: RMP LP solved — obj=2445.7449, active_cols=2
2026-04-10 20:55:16 [INFO] src.master_problem: RMP LP solved — obj=2445.7449, active_cols=2
2026-04-10 20:55:19 [INFO] src.master_problem: RMP LP solved — obj=2445.7449, active_cols=2
2026-04-10 20:55:22 [INFO] src.master_problem: RMP LP solved — obj=2445.7449, active_cols=2
2026-04-10 20:55:24 [INFO] src.master_problem: RMP LP solved — obj=2445.7449, active_cols=2
2026-04-10 20:55:26 [INFO] src.master_problem: RMP LP solved — obj=2445.7449, active_cols=2
2026-04-10 20:55:28 [INFO] src.master_problem: RMP LP solved — obj=2408.5297, active_cols=7
2026-04-10 20:55:30 [INFO] src.master_problem: RMP LP solved — obj=2408.5297, active_cols=7
2026-04-10 20:55:33 [INFO] src.master_problem: RMP LP solved — obj=2395.2760, active_cols=9
2026-04-10 20:55:36 [INFO] src.master_problem: RMP LP solved — obj=2373.0772, active_cols=11
2026-04-10 20:55:38 [INFO] src.master_problem: RMP LP solved — obj=2287.6098, active_cols=2
2026-04-10 20:55:40 [INFO] src.master_problem: RMP LP solved — obj=2250.1224, active_cols=9
2026-04-10 20:55:42 [INFO] src.master_problem: RMP LP solved — obj=2227.6132, active_cols=10
2026-04-10 20:55:44 [INFO] src.master_problem: RMP LP solved — obj=2186.1764, active_cols=5
2026-04-10 20:55:46 [INFO] src.master_problem: RMP LP solved — obj=2161.5043, active_cols=8
2026-04-10 20:55:49 [INFO] src.master_problem: RMP LP solved — obj=2146.3686, active_cols=11
2026-04-10 20:55:51 [INFO] src.master_problem: RMP LP solved — obj=2116.3318, active_cols=9
2026-04-10 20:55:53 [INFO] src.master_problem: RMP LP solved — obj=2116.3318, active_cols=9
2026-04-10 20:55:55 [INFO] src.master_problem: RMP LP solved — obj=2089.4031, active_cols=11
2026-04-10 20:55:57 [INFO] src.master_problem: RMP LP solved — obj=2076.7625, active_cols=11
2026-04-10 20:55:59 [INFO] src.master_problem: RMP LP solved — obj=2050.1464, active_cols=10
2026-04-10 20:56:02 [INFO] src.master_problem: RMP LP solved — obj=2044.8630, active_cols=9
2026-04-10 20:56:05 [INFO] src.master_problem: RMP LP solved — obj=2044.8630, active_cols=9
2026-04-10 20:56:07 [INFO] src.master_problem: RMP LP solved — obj=2037.7625, active_cols=11
2026-04-10 20:56:09 [INFO] src.master_problem: RMP LP solved — obj=2037.7625, active_cols=11
2026-04-10 20:56:11 [INFO] src.master_problem: RMP LP solved — obj=2016.5251, active_cols=6
2026-04-10 20:56:13 [INFO] src.master_problem: RMP LP solved — obj=2016.5251, active_cols=6
2026-04-10 20:56:15 [INFO] __main__: RLCG sample collection: 19/26 problems (73.1%)  samples=965  eta=926.5s
2026-04-10 20:56:15 [INFO] src.master_problem: RMP LP solved — obj=2600000.0000, active_cols=0
2026-04-10 20:56:18 [INFO] src.master_problem: RMP LP solved — obj=1601037.5838, active_cols=1
2026-04-10 20:56:21 [INFO] src.master_problem: RMP LP solved — obj=702616.2619, active_cols=2
2026-04-10 20:56:23 [INFO] src.master_problem: RMP LP solved — obj=3643.2625, active_cols=3
2026-04-10 20:56:25 [INFO] src.master_problem: RMP LP solved — obj=3643.2625, active_cols=3
2026-04-10 20:56:28 [INFO] src.master_problem: RMP LP solved — obj=3643.2625, active_cols=3
2026-04-10 20:56:31 [INFO] src.master_problem: RMP LP solved — obj=3643.2625, active_cols=3
2026-04-10 20:56:34 [INFO] src.master_problem: RMP LP solved — obj=3643.2625, active_cols=3
2026-04-10 20:56:36 [INFO] src.master_problem: RMP LP solved — obj=3643.2625, active_cols=3
2026-04-10 20:56:39 [INFO] src.master_problem: RMP LP solved — obj=3643.2625, active_cols=3
2026-04-10 20:56:41 [INFO] src.master_problem: RMP LP solved — obj=3643.2625, active_cols=3
2026-04-10 20:56:44 [INFO] src.master_problem: RMP LP solved — obj=3643.2625, active_cols=3
2026-04-10 20:56:47 [INFO] src.master_problem: RMP LP solved — obj=3643.2625, active_cols=3
2026-04-10 20:56:50 [INFO] src.master_problem: RMP LP solved — obj=3643.2625, active_cols=3
2026-04-10 20:56:52 [INFO] src.master_problem: RMP LP solved — obj=3643.2625, active_cols=3
2026-04-10 20:56:54 [INFO] src.master_problem: RMP LP solved — obj=3643.2625, active_cols=3
2026-04-10 20:56:57 [INFO] src.master_problem: RMP LP solved — obj=3643.2625, active_cols=3
2026-04-10 20:57:00 [INFO] src.master_problem: RMP LP solved — obj=3537.5869, active_cols=14
2026-04-10 20:57:03 [INFO] src.master_problem: RMP LP solved — obj=3395.0764, active_cols=16
2026-04-10 20:57:05 [INFO] src.master_problem: RMP LP solved — obj=3141.2833, active_cols=15
2026-04-10 20:57:08 [INFO] src.master_problem: RMP LP solved — obj=3101.0778, active_cols=17
2026-04-10 20:57:10 [INFO] src.master_problem: RMP LP solved — obj=3072.9722, active_cols=18
2026-04-10 20:57:14 [INFO] src.master_problem: RMP LP solved — obj=3062.1866, active_cols=19
2026-04-10 20:57:16 [INFO] src.master_problem: RMP LP solved — obj=3028.8035, active_cols=17
2026-04-10 20:57:19 [INFO] src.master_problem: RMP LP solved — obj=2948.0951, active_cols=18
2026-04-10 20:57:21 [INFO] src.master_problem: RMP LP solved — obj=2944.3761, active_cols=19
2026-04-10 20:57:24 [INFO] src.master_problem: RMP LP solved — obj=2909.2031, active_cols=21
2026-04-10 20:57:27 [INFO] src.master_problem: RMP LP solved — obj=2887.7045, active_cols=23
2026-04-10 20:57:30 [INFO] src.master_problem: RMP LP solved — obj=2874.7460, active_cols=21
2026-04-10 20:57:32 [INFO] src.master_problem: RMP LP solved — obj=2870.3246, active_cols=22
2026-04-10 20:57:35 [INFO] src.master_problem: RMP LP solved — obj=2857.7328, active_cols=21
2026-04-10 20:57:37 [INFO] src.master_problem: RMP LP solved — obj=2851.4107, active_cols=23
2026-04-10 20:57:40 [INFO] src.master_problem: RMP LP solved — obj=2846.7941, active_cols=23
2026-04-10 20:57:43 [INFO] src.master_problem: RMP LP solved — obj=2834.8527, active_cols=23
2026-04-10 20:57:46 [INFO] src.master_problem: RMP LP solved — obj=2832.5798, active_cols=21
2026-04-10 20:57:48 [INFO] src.master_problem: RMP LP solved — obj=2829.2886, active_cols=22
2026-04-10 20:57:51 [INFO] src.master_problem: RMP LP solved — obj=2809.8520, active_cols=24
2026-04-10 20:57:53 [INFO] src.master_problem: RMP LP solved — obj=2800.2661, active_cols=24
2026-04-10 20:57:57 [INFO] src.master_problem: RMP LP solved — obj=2776.9491, active_cols=22
2026-04-10 20:57:59 [INFO] src.master_problem: RMP LP solved — obj=2771.2752, active_cols=23
2026-04-10 20:58:02 [INFO] src.master_problem: RMP LP solved — obj=2760.4045, active_cols=25
2026-04-10 20:58:04 [INFO] src.master_problem: RMP LP solved — obj=2757.3832, active_cols=24
2026-04-10 20:58:06 [INFO] src.master_problem: RMP LP solved — obj=2754.2028, active_cols=24
2026-04-10 20:58:10 [INFO] src.master_problem: RMP LP solved — obj=2750.6480, active_cols=24
2026-04-10 20:58:13 [INFO] src.master_problem: RMP LP solved — obj=2745.2170, active_cols=24
2026-04-10 20:58:15 [INFO] src.master_problem: RMP LP solved — obj=2744.5125, active_cols=25
2026-04-10 20:58:17 [INFO] src.master_problem: RMP LP solved — obj=2733.1313, active_cols=24
2026-04-10 20:58:20 [INFO] src.master_problem: RMP LP solved — obj=2725.8664, active_cols=24
2026-04-10 20:58:23 [INFO] src.master_problem: RMP LP solved — obj=2708.9057, active_cols=24
2026-04-10 20:58:26 [INFO] src.master_problem: RMP LP solved — obj=2703.2137, active_cols=23
2026-04-10 20:58:28 [INFO] src.master_problem: RMP LP solved — obj=2697.2249, active_cols=24
2026-04-10 20:58:31 [INFO] src.master_problem: RMP LP solved — obj=2684.3508, active_cols=24
2026-04-10 20:58:33 [INFO] src.master_problem: RMP LP solved — obj=2680.2685, active_cols=25
2026-04-10 20:58:36 [INFO] src.master_problem: RMP LP solved — obj=2678.0923, active_cols=24
2026-04-10 20:58:39 [INFO] src.master_problem: RMP LP solved — obj=2671.2747, active_cols=25
2026-04-10 20:58:42 [INFO] src.master_problem: RMP LP solved — obj=2654.6545, active_cols=26
2026-04-10 20:58:44 [INFO] src.master_problem: RMP LP solved — obj=2644.6020, active_cols=25
2026-04-10 20:58:46 [INFO] src.master_problem: RMP LP solved — obj=2637.1110, active_cols=26
2026-04-10 20:58:49 [INFO] src.master_problem: RMP LP solved — obj=2633.0684, active_cols=26
2026-04-10 20:58:52 [INFO] src.master_problem: RMP LP solved — obj=2627.7440, active_cols=26
2026-04-10 20:58:55 [INFO] src.master_problem: RMP LP solved — obj=2625.1469, active_cols=25
2026-04-10 20:58:57 [INFO] src.master_problem: RMP LP solved — obj=2623.2731, active_cols=25
2026-04-10 20:59:00 [INFO] src.master_problem: RMP LP solved — obj=2608.8263, active_cols=26
2026-04-10 20:59:02 [INFO] src.master_problem: RMP LP solved — obj=2603.1103, active_cols=26
2026-04-10 20:59:05 [INFO] __main__: RLCG sample collection: 20/26 problems (76.9%)  samples=1029  eta=805.4s
2026-04-10 20:59:05 [INFO] src.master_problem: RMP LP solved — obj=3500000.0000, active_cols=0
2026-04-10 20:59:09 [INFO] src.master_problem: RMP LP solved — obj=2601162.7581, active_cols=1
2026-04-10 20:59:12 [INFO] src.master_problem: RMP LP solved — obj=1702474.2050, active_cols=2
2026-04-10 20:59:14 [INFO] src.master_problem: RMP LP solved — obj=903725.3993, active_cols=3
2026-04-10 20:59:17 [INFO] src.master_problem: RMP LP solved — obj=205672.6151, active_cols=4
2026-04-10 20:59:20 [INFO] src.master_problem: RMP LP solved — obj=8544.0283, active_cols=5
2026-04-10 20:59:24 [INFO] src.master_problem: RMP LP solved — obj=8544.0283, active_cols=5
2026-04-10 20:59:26 [INFO] src.master_problem: RMP LP solved — obj=8544.0283, active_cols=5
2026-04-10 20:59:29 [INFO] src.master_problem: RMP LP solved — obj=7559.1711, active_cols=5
2026-04-10 20:59:32 [INFO] src.master_problem: RMP LP solved — obj=7559.1711, active_cols=5
2026-04-10 20:59:35 [INFO] src.master_problem: RMP LP solved — obj=7559.1711, active_cols=5
2026-04-10 20:59:39 [INFO] src.master_problem: RMP LP solved — obj=7559.1711, active_cols=5
2026-04-10 20:59:41 [INFO] src.master_problem: RMP LP solved — obj=7559.1711, active_cols=5
2026-04-10 20:59:44 [INFO] src.master_problem: RMP LP solved — obj=7559.1711, active_cols=5
2026-04-10 20:59:47 [INFO] src.master_problem: RMP LP solved — obj=7559.1711, active_cols=5
2026-04-10 20:59:50 [INFO] src.master_problem: RMP LP solved — obj=7559.1711, active_cols=5
2026-04-10 20:59:53 [INFO] src.master_problem: RMP LP solved — obj=7249.6078, active_cols=5
2026-04-10 20:59:56 [INFO] src.master_problem: RMP LP solved — obj=7249.6078, active_cols=5
2026-04-10 20:59:59 [INFO] src.master_problem: RMP LP solved — obj=7249.6078, active_cols=5
2026-04-10 21:00:02 [INFO] src.master_problem: RMP LP solved — obj=7249.6078, active_cols=5
2026-04-10 21:00:06 [INFO] src.master_problem: RMP LP solved — obj=7249.6078, active_cols=5
2026-04-10 21:00:08 [INFO] src.master_problem: RMP LP solved — obj=7141.7094, active_cols=18
2026-04-10 21:00:11 [INFO] src.master_problem: RMP LP solved — obj=6886.4520, active_cols=14
2026-04-10 21:00:14 [INFO] src.master_problem: RMP LP solved — obj=6677.9396, active_cols=14
2026-04-10 21:00:17 [INFO] src.master_problem: RMP LP solved — obj=6656.9879, active_cols=20
2026-04-10 21:00:21 [INFO] src.master_problem: RMP LP solved — obj=6614.4952, active_cols=17
2026-04-10 21:00:23 [INFO] src.master_problem: RMP LP solved — obj=6572.0697, active_cols=21
2026-04-10 21:00:26 [INFO] src.master_problem: RMP LP solved — obj=6532.4463, active_cols=19
2026-04-10 21:00:29 [INFO] src.master_problem: RMP LP solved — obj=6521.1941, active_cols=20
2026-04-10 21:00:33 [INFO] src.master_problem: RMP LP solved — obj=6513.0779, active_cols=22
2026-04-10 21:00:36 [INFO] src.master_problem: RMP LP solved — obj=6489.3793, active_cols=24
2026-04-10 21:00:38 [INFO] src.master_problem: RMP LP solved — obj=6485.3600, active_cols=24
2026-04-10 21:00:41 [INFO] src.master_problem: RMP LP solved — obj=6475.5773, active_cols=25
2026-04-10 21:00:44 [INFO] src.master_problem: RMP LP solved — obj=6466.2868, active_cols=25
2026-04-10 21:00:48 [INFO] src.master_problem: RMP LP solved — obj=6465.0252, active_cols=27
2026-04-10 21:00:51 [INFO] src.master_problem: RMP LP solved — obj=6461.6186, active_cols=26
2026-04-10 21:00:53 [INFO] src.master_problem: RMP LP solved — obj=6454.7535, active_cols=28
2026-04-10 21:00:56 [INFO] src.master_problem: RMP LP solved — obj=6445.7077, active_cols=27
2026-04-10 21:00:59 [INFO] src.master_problem: RMP LP solved — obj=6432.8901, active_cols=28
2026-04-10 21:01:03 [INFO] src.master_problem: RMP LP solved — obj=6390.1577, active_cols=30
2026-04-10 21:01:06 [INFO] src.master_problem: RMP LP solved — obj=6283.3640, active_cols=23
2026-04-10 21:01:09 [INFO] src.master_problem: RMP LP solved — obj=6259.6637, active_cols=26
2026-04-10 21:01:11 [INFO] src.master_problem: RMP LP solved — obj=6217.9213, active_cols=27
2026-04-10 21:01:15 [INFO] src.master_problem: RMP LP solved — obj=6195.0297, active_cols=29
2026-04-10 21:01:18 [INFO] src.master_problem: RMP LP solved — obj=6184.5449, active_cols=30
2026-04-10 21:01:21 [INFO] src.master_problem: RMP LP solved — obj=6154.6378, active_cols=30
2026-04-10 21:01:24 [INFO] src.master_problem: RMP LP solved — obj=6082.2924, active_cols=25
2026-04-10 21:01:26 [INFO] src.master_problem: RMP LP solved — obj=6049.4554, active_cols=31
2026-04-10 21:01:30 [INFO] src.master_problem: RMP LP solved — obj=6032.9601, active_cols=28
2026-04-10 21:01:33 [INFO] src.master_problem: RMP LP solved — obj=6007.0134, active_cols=29
2026-04-10 21:01:36 [INFO] src.master_problem: RMP LP solved — obj=5983.4041, active_cols=27
2026-04-10 21:01:39 [INFO] src.master_problem: RMP LP solved — obj=5982.3758, active_cols=29
2026-04-10 21:01:42 [INFO] src.master_problem: RMP LP solved — obj=5953.5641, active_cols=31
2026-04-10 21:01:46 [INFO] src.master_problem: RMP LP solved — obj=5948.3490, active_cols=32
2026-04-10 21:01:48 [INFO] src.master_problem: RMP LP solved — obj=5932.3670, active_cols=31
2026-04-10 21:01:51 [INFO] src.master_problem: RMP LP solved — obj=5924.1858, active_cols=32
2026-04-10 21:01:54 [INFO] src.master_problem: RMP LP solved — obj=5922.6083, active_cols=32
2026-04-10 21:01:57 [INFO] src.master_problem: RMP LP solved — obj=5918.9708, active_cols=32
2026-04-10 21:02:01 [INFO] src.master_problem: RMP LP solved — obj=5905.4207, active_cols=31
2026-04-10 21:02:03 [INFO] src.master_problem: RMP LP solved — obj=5871.2832, active_cols=30
2026-04-10 21:02:06 [INFO] src.master_problem: RMP LP solved — obj=5866.5103, active_cols=30
2026-04-10 21:02:09 [INFO] src.master_problem: RMP LP solved — obj=5818.1908, active_cols=33
2026-04-10 21:02:12 [INFO] src.master_problem: RMP LP solved — obj=5799.5711, active_cols=33
2026-04-10 21:02:16 [INFO] src.master_problem: RMP LP solved — obj=5789.4401, active_cols=30
2026-04-10 21:02:18 [INFO] __main__: RLCG sample collection: 21/26 problems (80.8%)  samples=1093  eta=685.2s
2026-04-10 21:02:18 [INFO] src.master_problem: RMP LP solved — obj=3200000.0000, active_cols=0
2026-04-10 21:02:21 [INFO] src.master_problem: RMP LP solved — obj=2300845.9089, active_cols=1
2026-04-10 21:02:23 [INFO] src.master_problem: RMP LP solved — obj=1401712.7040, active_cols=2
2026-04-10 21:02:27 [INFO] src.master_problem: RMP LP solved — obj=503583.4239, active_cols=3
2026-04-10 21:02:29 [INFO] src.master_problem: RMP LP solved — obj=5522.3675, active_cols=4
2026-04-10 21:02:32 [INFO] src.master_problem: RMP LP solved — obj=5522.3675, active_cols=4
2026-04-10 21:02:34 [INFO] src.master_problem: RMP LP solved — obj=5522.3675, active_cols=4
2026-04-10 21:02:37 [INFO] src.master_problem: RMP LP solved — obj=5522.3675, active_cols=4
2026-04-10 21:02:40 [INFO] src.master_problem: RMP LP solved — obj=5522.3675, active_cols=4
2026-04-10 21:02:43 [INFO] src.master_problem: RMP LP solved — obj=5522.3675, active_cols=4
2026-04-10 21:02:45 [INFO] src.master_problem: RMP LP solved — obj=5522.3675, active_cols=4
2026-04-10 21:02:48 [INFO] src.master_problem: RMP LP solved — obj=5522.3675, active_cols=4
2026-04-10 21:02:50 [INFO] src.master_problem: RMP LP solved — obj=5522.3675, active_cols=4
2026-04-10 21:02:53 [INFO] src.master_problem: RMP LP solved — obj=5522.3675, active_cols=4
2026-04-10 21:02:56 [INFO] src.master_problem: RMP LP solved — obj=5396.6868, active_cols=13
2026-04-10 21:02:59 [INFO] src.master_problem: RMP LP solved — obj=5134.5807, active_cols=14
2026-04-10 21:03:01 [INFO] src.master_problem: RMP LP solved — obj=5015.0616, active_cols=14
2026-04-10 21:03:04 [INFO] src.master_problem: RMP LP solved — obj=4906.7126, active_cols=13
2026-04-10 21:03:06 [INFO] src.master_problem: RMP LP solved — obj=4862.6877, active_cols=15
2026-04-10 21:03:09 [INFO] src.master_problem: RMP LP solved — obj=4669.6383, active_cols=18
2026-04-10 21:03:12 [INFO] src.master_problem: RMP LP solved — obj=4516.9081, active_cols=14
2026-04-10 21:03:15 [INFO] src.master_problem: RMP LP solved — obj=4261.6656, active_cols=17
2026-04-10 21:03:17 [INFO] src.master_problem: RMP LP solved — obj=4222.8667, active_cols=18
2026-04-10 21:03:20 [INFO] src.master_problem: RMP LP solved — obj=4199.5464, active_cols=18
2026-04-10 21:03:23 [INFO] src.master_problem: RMP LP solved — obj=4185.3104, active_cols=20
2026-04-10 21:03:26 [INFO] src.master_problem: RMP LP solved — obj=4117.7458, active_cols=17
2026-04-10 21:03:28 [INFO] src.master_problem: RMP LP solved — obj=4051.0314, active_cols=20
2026-04-10 21:03:31 [INFO] src.master_problem: RMP LP solved — obj=4025.6007, active_cols=20
2026-04-10 21:03:33 [INFO] src.master_problem: RMP LP solved — obj=3998.5214, active_cols=21
2026-04-10 21:03:36 [INFO] src.master_problem: RMP LP solved — obj=3985.9903, active_cols=22
2026-04-10 21:03:39 [INFO] src.master_problem: RMP LP solved — obj=3873.4675, active_cols=22
2026-04-10 21:03:42 [INFO] src.master_problem: RMP LP solved — obj=3823.0827, active_cols=22
2026-04-10 21:03:44 [INFO] src.master_problem: RMP LP solved — obj=3812.7930, active_cols=23
2026-04-10 21:03:47 [INFO] src.master_problem: RMP LP solved — obj=3801.0775, active_cols=24
2026-04-10 21:03:49 [INFO] src.master_problem: RMP LP solved — obj=3785.3086, active_cols=25
2026-04-10 21:03:53 [INFO] src.master_problem: RMP LP solved — obj=3763.9618, active_cols=21
2026-04-10 21:03:55 [INFO] src.master_problem: RMP LP solved — obj=3728.4922, active_cols=21
2026-04-10 21:03:58 [INFO] src.master_problem: RMP LP solved — obj=3692.7798, active_cols=24
2026-04-10 21:04:00 [INFO] src.master_problem: RMP LP solved — obj=3683.2215, active_cols=24
2026-04-10 21:04:03 [INFO] src.master_problem: RMP LP solved — obj=3650.6048, active_cols=25
2026-04-10 21:04:06 [INFO] src.master_problem: RMP LP solved — obj=3644.4137, active_cols=25
2026-04-10 21:04:09 [INFO] src.master_problem: RMP LP solved — obj=3635.0231, active_cols=25
2026-04-10 21:04:12 [INFO] src.master_problem: RMP LP solved — obj=3621.4286, active_cols=26
2026-04-10 21:04:14 [INFO] src.master_problem: RMP LP solved — obj=3609.9229, active_cols=26
2026-04-10 21:04:17 [INFO] src.master_problem: RMP LP solved — obj=3602.6084, active_cols=26
2026-04-10 21:04:20 [INFO] src.master_problem: RMP LP solved — obj=3598.6518, active_cols=27
2026-04-10 21:04:23 [INFO] src.master_problem: RMP LP solved — obj=3567.2820, active_cols=28
2026-04-10 21:04:26 [INFO] src.master_problem: RMP LP solved — obj=3563.8061, active_cols=27
2026-04-10 21:04:28 [INFO] src.master_problem: RMP LP solved — obj=3554.0465, active_cols=28
2026-04-10 21:04:31 [INFO] src.master_problem: RMP LP solved — obj=3548.8705, active_cols=30
2026-04-10 21:04:33 [INFO] src.master_problem: RMP LP solved — obj=3546.5987, active_cols=29
2026-04-10 21:04:37 [INFO] src.master_problem: RMP LP solved — obj=3525.7927, active_cols=29
2026-04-10 21:04:39 [INFO] src.master_problem: RMP LP solved — obj=3503.5992, active_cols=29
2026-04-10 21:04:42 [INFO] src.master_problem: RMP LP solved — obj=3500.8404, active_cols=29
2026-04-10 21:04:44 [INFO] src.master_problem: RMP LP solved — obj=3477.4696, active_cols=27
2026-04-10 21:04:47 [INFO] src.master_problem: RMP LP solved — obj=3472.6519, active_cols=28
2026-04-10 21:04:50 [INFO] src.master_problem: RMP LP solved — obj=3465.0935, active_cols=30
2026-04-10 21:04:53 [INFO] src.master_problem: RMP LP solved — obj=3450.9232, active_cols=28
2026-04-10 21:04:56 [INFO] src.master_problem: RMP LP solved — obj=3430.9630, active_cols=29
2026-04-10 21:04:58 [INFO] src.master_problem: RMP LP solved — obj=3429.3693, active_cols=30
2026-04-10 21:05:01 [INFO] src.master_problem: RMP LP solved — obj=3415.9043, active_cols=29
2026-04-10 21:05:04 [INFO] src.master_problem: RMP LP solved — obj=3407.1369, active_cols=30
2026-04-10 21:05:07 [INFO] src.master_problem: RMP LP solved — obj=3405.2609, active_cols=30
2026-04-10 21:05:10 [INFO] src.master_problem: RMP LP solved — obj=3393.1572, active_cols=31
2026-04-10 21:05:12 [INFO] __main__: RLCG sample collection: 22/26 problems (84.6%)  samples=1157  eta=554.9s
2026-04-10 21:05:12 [INFO] src.master_problem: RMP LP solved — obj=3500000.0000, active_cols=0
2026-04-10 21:05:15 [INFO] src.master_problem: RMP LP solved — obj=2601084.6202, active_cols=1
2026-04-10 21:05:19 [INFO] src.master_problem: RMP LP solved — obj=1702196.4443, active_cols=2
2026-04-10 21:05:22 [INFO] src.master_problem: RMP LP solved — obj=903584.7100, active_cols=3
2026-04-10 21:05:25 [INFO] src.master_problem: RMP LP solved — obj=205514.4857, active_cols=4
2026-04-10 21:05:28 [INFO] src.master_problem: RMP LP solved — obj=7096.2694, active_cols=5
2026-04-10 21:05:31 [INFO] src.master_problem: RMP LP solved — obj=7096.2694, active_cols=5
2026-04-10 21:05:35 [INFO] src.master_problem: RMP LP solved — obj=7096.2694, active_cols=5
2026-04-10 21:05:38 [INFO] src.master_problem: RMP LP solved — obj=7096.2694, active_cols=5
2026-04-10 21:05:41 [INFO] src.master_problem: RMP LP solved — obj=7083.9342, active_cols=5
2026-04-10 21:05:43 [INFO] src.master_problem: RMP LP solved — obj=7083.9342, active_cols=5
2026-04-10 21:05:47 [INFO] src.master_problem: RMP LP solved — obj=7083.9342, active_cols=5
2026-04-10 21:05:50 [INFO] src.master_problem: RMP LP solved — obj=7083.9342, active_cols=5
2026-04-10 21:05:53 [INFO] src.master_problem: RMP LP solved — obj=7083.9342, active_cols=5
2026-04-10 21:05:56 [INFO] src.master_problem: RMP LP solved — obj=7083.9342, active_cols=5
2026-04-10 21:05:59 [INFO] src.master_problem: RMP LP solved — obj=7083.9342, active_cols=5
2026-04-10 21:06:03 [INFO] src.master_problem: RMP LP solved — obj=6828.2489, active_cols=5
2026-04-10 21:06:06 [INFO] src.master_problem: RMP LP solved — obj=6828.2489, active_cols=5
2026-04-10 21:06:08 [INFO] src.master_problem: RMP LP solved — obj=6786.9175, active_cols=16
2026-04-10 21:06:11 [INFO] src.master_problem: RMP LP solved — obj=6596.6469, active_cols=13
2026-04-10 21:06:14 [INFO] src.master_problem: RMP LP solved — obj=6520.9464, active_cols=18
2026-04-10 21:06:18 [INFO] src.master_problem: RMP LP solved — obj=6507.6227, active_cols=18
2026-04-10 21:06:21 [INFO] src.master_problem: RMP LP solved — obj=6465.5748, active_cols=18
2026-04-10 21:06:24 [INFO] src.master_problem: RMP LP solved — obj=6460.1973, active_cols=19
2026-04-10 21:06:26 [INFO] src.master_problem: RMP LP solved — obj=6395.7879, active_cols=20
2026-04-10 21:06:30 [INFO] src.master_problem: RMP LP solved — obj=6390.9567, active_cols=20
2026-04-10 21:06:33 [INFO] src.master_problem: RMP LP solved — obj=6375.5628, active_cols=20
2026-04-10 21:06:36 [INFO] src.master_problem: RMP LP solved — obj=6337.6184, active_cols=19
2026-04-10 21:06:39 [INFO] src.master_problem: RMP LP solved — obj=6329.7048, active_cols=21
2026-04-10 21:06:42 [INFO] src.master_problem: RMP LP solved — obj=6276.3400, active_cols=14
2026-04-10 21:06:45 [INFO] src.master_problem: RMP LP solved — obj=6252.2980, active_cols=19
2026-04-10 21:06:48 [INFO] src.master_problem: RMP LP solved — obj=6252.2980, active_cols=19
2026-04-10 21:06:51 [INFO] src.master_problem: RMP LP solved — obj=6241.9990, active_cols=20
2026-04-10 21:06:54 [INFO] src.master_problem: RMP LP solved — obj=6222.8473, active_cols=23
2026-04-10 21:06:57 [INFO] src.master_problem: RMP LP solved — obj=6210.7114, active_cols=22
2026-04-10 21:07:01 [INFO] src.master_problem: RMP LP solved — obj=6191.2925, active_cols=24
2026-04-10 21:07:04 [INFO] src.master_problem: RMP LP solved — obj=6171.2336, active_cols=24
2026-04-10 21:07:06 [INFO] src.master_problem: RMP LP solved — obj=6165.2833, active_cols=24
2026-04-10 21:07:09 [INFO] src.master_problem: RMP LP solved — obj=6147.0462, active_cols=24
2026-04-10 21:07:13 [INFO] src.master_problem: RMP LP solved — obj=6130.0049, active_cols=25
2026-04-10 21:07:16 [INFO] src.master_problem: RMP LP solved — obj=6126.1926, active_cols=25
2026-04-10 21:07:19 [INFO] src.master_problem: RMP LP solved — obj=6121.4762, active_cols=27
2026-04-10 21:07:22 [INFO] src.master_problem: RMP LP solved — obj=6115.6232, active_cols=28
2026-04-10 21:07:25 [INFO] src.master_problem: RMP LP solved — obj=6112.5125, active_cols=28
2026-04-10 21:07:29 [INFO] src.master_problem: RMP LP solved — obj=6096.0389, active_cols=27
2026-04-10 21:07:32 [INFO] src.master_problem: RMP LP solved — obj=6090.1704, active_cols=26
2026-04-10 21:07:34 [INFO] src.master_problem: RMP LP solved — obj=6082.8651, active_cols=29
2026-04-10 21:07:37 [INFO] src.master_problem: RMP LP solved — obj=6078.7841, active_cols=30
2026-04-10 21:07:41 [INFO] src.master_problem: RMP LP solved — obj=6067.3356, active_cols=30
2026-04-10 21:07:44 [INFO] src.master_problem: RMP LP solved — obj=6065.7303, active_cols=31
2026-04-10 21:07:47 [INFO] src.master_problem: RMP LP solved — obj=6060.9346, active_cols=31
2026-04-10 21:07:50 [INFO] src.master_problem: RMP LP solved — obj=6053.1694, active_cols=32
2026-04-10 21:07:53 [INFO] src.master_problem: RMP LP solved — obj=6036.7410, active_cols=29
2026-04-10 21:07:57 [INFO] src.master_problem: RMP LP solved — obj=6032.6926, active_cols=32
2026-04-10 21:08:00 [INFO] src.master_problem: RMP LP solved — obj=6019.3797, active_cols=32
2026-04-10 21:08:02 [INFO] src.master_problem: RMP LP solved — obj=6009.9237, active_cols=33
2026-04-10 21:08:05 [INFO] src.master_problem: RMP LP solved — obj=5976.8004, active_cols=30
2026-04-10 21:08:09 [INFO] src.master_problem: RMP LP solved — obj=5950.6627, active_cols=30
2026-04-10 21:08:12 [INFO] src.master_problem: RMP LP solved — obj=5923.8593, active_cols=33
2026-04-10 21:08:15 [INFO] src.master_problem: RMP LP solved — obj=5915.6292, active_cols=31
2026-04-10 21:08:18 [INFO] src.master_problem: RMP LP solved — obj=5884.0858, active_cols=33
2026-04-10 21:08:21 [INFO] src.master_problem: RMP LP solved — obj=5873.0944, active_cols=31
2026-04-10 21:08:25 [INFO] src.master_problem: RMP LP solved — obj=5835.8393, active_cols=30
2026-04-10 21:08:28 [INFO] src.master_problem: RMP LP solved — obj=5832.6417, active_cols=32
2026-04-10 21:08:31 [INFO] __main__: RLCG sample collection: 23/26 problems (88.5%)  samples=1221  eta=424.0s
2026-04-10 21:08:31 [INFO] src.master_problem: RMP LP solved — obj=6200000.0000, active_cols=0
2026-04-10 21:08:34 [INFO] src.master_problem: RMP LP solved — obj=4801138.7756, active_cols=1
2026-04-10 21:08:37 [INFO] src.master_problem: RMP LP solved — obj=3802568.1164, active_cols=2
2026-04-10 21:08:41 [INFO] src.master_problem: RMP LP solved — obj=3003574.8106, active_cols=3
2026-04-10 21:08:43 [INFO] src.master_problem: RMP LP solved — obj=2204159.1840, active_cols=4
2026-04-10 21:08:46 [INFO] src.master_problem: RMP LP solved — obj=1504752.1637, active_cols=5
2026-04-10 21:08:49 [INFO] src.master_problem: RMP LP solved — obj=906100.5356, active_cols=6
2026-04-10 21:08:52 [INFO] src.master_problem: RMP LP solved — obj=606940.6287, active_cols=7
2026-04-10 21:08:55 [INFO] src.master_problem: RMP LP solved — obj=109211.7856, active_cols=8
2026-04-10 21:08:58 [INFO] src.master_problem: RMP LP solved — obj=10839.8193, active_cols=9
2026-04-10 21:09:01 [INFO] src.master_problem: RMP LP solved — obj=9929.8668, active_cols=9
2026-04-10 21:09:03 [INFO] src.master_problem: RMP LP solved — obj=9929.8668, active_cols=9
2026-04-10 21:09:07 [INFO] src.master_problem: RMP LP solved — obj=9929.8668, active_cols=9
2026-04-10 21:09:10 [INFO] src.master_problem: RMP LP solved — obj=9929.8668, active_cols=9
2026-04-10 21:09:13 [INFO] src.master_problem: RMP LP solved — obj=9929.8668, active_cols=9
2026-04-10 21:09:16 [INFO] src.master_problem: RMP LP solved — obj=9929.8668, active_cols=9
2026-04-10 21:09:18 [INFO] src.master_problem: RMP LP solved — obj=9929.8668, active_cols=9
2026-04-10 21:09:22 [INFO] src.master_problem: RMP LP solved — obj=9591.9586, active_cols=11
2026-04-10 21:09:25 [INFO] src.master_problem: RMP LP solved — obj=9573.6658, active_cols=13
2026-04-10 21:09:28 [INFO] src.master_problem: RMP LP solved — obj=9573.6658, active_cols=13
2026-04-10 21:09:30 [INFO] src.master_problem: RMP LP solved — obj=9429.8233, active_cols=17
2026-04-10 21:09:33 [INFO] src.master_problem: RMP LP solved — obj=9397.9812, active_cols=17
2026-04-10 21:09:37 [INFO] src.master_problem: RMP LP solved — obj=9196.9725, active_cols=16
2026-04-10 21:09:40 [INFO] src.master_problem: RMP LP solved — obj=9009.9673, active_cols=16
2026-04-10 21:09:43 [INFO] src.master_problem: RMP LP solved — obj=9003.2195, active_cols=19
2026-04-10 21:09:45 [INFO] src.master_problem: RMP LP solved — obj=8762.0995, active_cols=19
2026-04-10 21:09:49 [INFO] src.master_problem: RMP LP solved — obj=8762.0995, active_cols=19
2026-04-10 21:09:52 [INFO] src.master_problem: RMP LP solved — obj=8661.9073, active_cols=20
2026-04-10 21:09:55 [INFO] src.master_problem: RMP LP solved — obj=8498.4429, active_cols=21
2026-04-10 21:09:57 [INFO] src.master_problem: RMP LP solved — obj=8358.6869, active_cols=21
2026-04-10 21:10:00 [INFO] src.master_problem: RMP LP solved — obj=8222.3774, active_cols=24
2026-04-10 21:10:03 [INFO] src.master_problem: RMP LP solved — obj=8145.2247, active_cols=25
2026-04-10 21:10:07 [INFO] src.master_problem: RMP LP solved — obj=7883.1424, active_cols=23
2026-04-10 21:10:09 [INFO] src.master_problem: RMP LP solved — obj=7761.7609, active_cols=23
2026-04-10 21:10:12 [INFO] src.master_problem: RMP LP solved — obj=7714.3518, active_cols=27
2026-04-10 21:10:15 [INFO] src.master_problem: RMP LP solved — obj=7689.6882, active_cols=26
2026-04-10 21:10:18 [INFO] src.master_problem: RMP LP solved — obj=7620.5837, active_cols=27
2026-04-10 21:10:21 [INFO] src.master_problem: RMP LP solved — obj=7545.4956, active_cols=28
2026-04-10 21:10:24 [INFO] src.master_problem: RMP LP solved — obj=7401.1510, active_cols=28
2026-04-10 21:10:27 [INFO] src.master_problem: RMP LP solved — obj=7326.9062, active_cols=30
2026-04-10 21:10:29 [INFO] src.master_problem: RMP LP solved — obj=7244.2102, active_cols=30
2026-04-10 21:10:33 [INFO] src.master_problem: RMP LP solved — obj=7214.1705, active_cols=33
2026-04-10 21:10:36 [INFO] src.master_problem: RMP LP solved — obj=7202.9849, active_cols=33
2026-04-10 21:10:38 [INFO] src.master_problem: RMP LP solved — obj=7091.2692, active_cols=30
2026-04-10 21:10:41 [INFO] src.master_problem: RMP LP solved — obj=7008.4666, active_cols=32
2026-04-10 21:10:44 [INFO] src.master_problem: RMP LP solved — obj=6937.9781, active_cols=34
2026-04-10 21:10:47 [INFO] src.master_problem: RMP LP solved — obj=6871.4897, active_cols=32
2026-04-10 21:10:50 [INFO] src.master_problem: RMP LP solved — obj=6848.3593, active_cols=33
2026-04-10 21:10:53 [INFO] src.master_problem: RMP LP solved — obj=6843.5438, active_cols=33
2026-04-10 21:10:55 [INFO] src.master_problem: RMP LP solved — obj=6759.2790, active_cols=33
2026-04-10 21:10:58 [INFO] src.master_problem: RMP LP solved — obj=6723.4252, active_cols=34
2026-04-10 21:11:02 [INFO] src.master_problem: RMP LP solved — obj=6702.3852, active_cols=33
2026-04-10 21:11:04 [INFO] src.master_problem: RMP LP solved — obj=6672.8271, active_cols=33
2026-04-10 21:11:07 [INFO] src.master_problem: RMP LP solved — obj=6660.4358, active_cols=34
2026-04-10 21:11:10 [INFO] src.master_problem: RMP LP solved — obj=6599.9035, active_cols=34
2026-04-10 21:11:13 [INFO] src.master_problem: RMP LP solved — obj=6562.6807, active_cols=36
2026-04-10 21:11:16 [INFO] src.master_problem: RMP LP solved — obj=6508.2429, active_cols=38
2026-04-10 21:11:19 [INFO] src.master_problem: RMP LP solved — obj=6496.6858, active_cols=39
2026-04-10 21:11:22 [INFO] src.master_problem: RMP LP solved — obj=6308.0138, active_cols=36
2026-04-10 21:11:24 [INFO] src.master_problem: RMP LP solved — obj=6295.3875, active_cols=34
2026-04-10 21:11:27 [INFO] src.master_problem: RMP LP solved — obj=6236.0435, active_cols=36
2026-04-10 21:11:31 [INFO] src.master_problem: RMP LP solved — obj=6200.2737, active_cols=38
2026-04-10 21:11:33 [INFO] src.master_problem: RMP LP solved — obj=6163.2714, active_cols=36
2026-04-10 21:11:36 [INFO] src.master_problem: RMP LP solved — obj=6132.3654, active_cols=37
2026-04-10 21:11:39 [INFO] __main__: RLCG sample collection: 24/26 problems (92.3%)  samples=1285  eta=286.5s
2026-04-10 21:11:39 [INFO] src.master_problem: RMP LP solved — obj=600000.0000, active_cols=0
2026-04-10 21:11:42 [INFO] src.master_problem: RMP LP solved — obj=765.4891, active_cols=1
2026-04-10 21:11:45 [INFO] src.master_problem: RMP LP solved — obj=765.4891, active_cols=1
2026-04-10 21:11:47 [INFO] src.master_problem: RMP LP solved — obj=765.4891, active_cols=1
2026-04-10 21:11:50 [INFO] src.master_problem: RMP LP solved — obj=765.4891, active_cols=1
2026-04-10 21:11:52 [INFO] src.master_problem: RMP LP solved — obj=765.4891, active_cols=1
2026-04-10 21:11:54 [INFO] src.master_problem: RMP LP solved — obj=765.4891, active_cols=1
2026-04-10 21:11:57 [INFO] src.master_problem: RMP LP solved — obj=765.4891, active_cols=1
2026-04-10 21:12:00 [INFO] src.master_problem: RMP LP solved — obj=765.4891, active_cols=1
2026-04-10 21:12:03 [INFO] src.master_problem: RMP LP solved — obj=765.4891, active_cols=1
2026-04-10 21:12:05 [INFO] src.master_problem: RMP LP solved — obj=765.4891, active_cols=1
2026-04-10 21:12:07 [INFO] src.master_problem: RMP LP solved — obj=765.4891, active_cols=1
2026-04-10 21:12:10 [INFO] __main__: RLCG sample collection: 25/26 problems (96.2%)  samples=1296  eta=138.8s
2026-04-10 21:12:10 [INFO] src.master_problem: RMP LP solved — obj=600000.0000, active_cols=0
2026-04-10 21:12:13 [INFO] src.master_problem: RMP LP solved — obj=1367.2542, active_cols=1
2026-04-10 21:12:16 [INFO] src.master_problem: RMP LP solved — obj=1367.2542, active_cols=1
2026-04-10 21:12:18 [INFO] src.master_problem: RMP LP solved — obj=1367.2542, active_cols=1
2026-04-10 21:12:20 [INFO] src.master_problem: RMP LP solved — obj=1367.2542, active_cols=1
2026-04-10 21:12:23 [INFO] src.master_problem: RMP LP solved — obj=1367.2542, active_cols=1
2026-04-10 21:12:26 [INFO] src.master_problem: RMP LP solved — obj=1367.2542, active_cols=1
2026-04-10 21:12:29 [INFO] src.master_problem: RMP LP solved — obj=1367.2542, active_cols=1
2026-04-10 21:12:31 [INFO] src.master_problem: RMP LP solved — obj=1367.2542, active_cols=1
2026-04-10 21:12:33 [INFO] src.master_problem: RMP LP solved — obj=1367.2542, active_cols=1
2026-04-10 21:12:36 [INFO] __main__: RLCG sample collection: 26/26 problems (100.0%)  samples=1305  eta=0.0s
2026-04-10 21:12:43 [INFO] src.graph_dqn: Graph-DQN train epoch 1/2000 (0.1%)  loss=0.000000  eta=10419.8s
2026-04-10 21:12:46 [INFO] src.graph_dqn: Graph-DQN train epoch 2/2000 (0.1%)  loss=0.000000  eta=9007.0s
2026-04-10 21:12:50 [INFO] src.graph_dqn: Graph-DQN train epoch 3/2000 (0.1%)  loss=0.048672  eta=8496.9s
2026-04-10 21:12:55 [INFO] src.graph_dqn: Graph-DQN train epoch 4/2000 (0.2%)  loss=0.000000  eta=8797.8s
2026-04-10 21:12:59 [INFO] src.graph_dqn: Graph-DQN train epoch 5/2000 (0.2%)  loss=0.000000  eta=8718.1s
2026-04-10 21:13:03 [INFO] src.graph_dqn: Graph-DQN train epoch 6/2000 (0.3%)  loss=0.000000  eta=8531.8s
2026-04-10 21:13:07 [INFO] src.graph_dqn: Graph-DQN train epoch 7/2000 (0.4%)  loss=0.000000  eta=8506.0s
2026-04-10 21:13:12 [INFO] src.graph_dqn: Graph-DQN train epoch 8/2000 (0.4%)  loss=0.000000  eta=8708.8s
2026-04-10 21:13:16 [INFO] src.graph_dqn: Graph-DQN train epoch 9/2000 (0.4%)  loss=0.000000  eta=8568.0s
2026-04-10 21:13:20 [INFO] src.graph_dqn: Graph-DQN train epoch 10/2000 (0.5%)  loss=0.000000  eta=8459.1s
2026-04-10 21:13:25 [INFO] src.graph_dqn: Graph-DQN train epoch 11/2000 (0.5%)  loss=0.000000  eta=8605.7s
2026-04-10 21:13:29 [INFO] src.graph_dqn: Graph-DQN train epoch 12/2000 (0.6%)  loss=0.000000  eta=8568.8s
2026-04-10 21:13:33 [INFO] src.graph_dqn: Graph-DQN train epoch 13/2000 (0.7%)  loss=0.000000  eta=8484.3s
2026-04-10 21:13:37 [INFO] src.graph_dqn: Graph-DQN train epoch 14/2000 (0.7%)  loss=0.000000  eta=8460.8s
2026-04-10 21:13:42 [INFO] src.graph_dqn: Graph-DQN train epoch 15/2000 (0.8%)  loss=0.000000  eta=8552.7s
2026-04-10 21:13:46 [INFO] src.graph_dqn: Graph-DQN train epoch 16/2000 (0.8%)  loss=0.000000  eta=8486.6s
2026-04-10 21:13:50 [INFO] src.graph_dqn: Graph-DQN train epoch 17/2000 (0.9%)  loss=0.000000  eta=8416.1s
2026-04-10 21:13:54 [INFO] src.graph_dqn: Graph-DQN train epoch 18/2000 (0.9%)  loss=0.000000  eta=8485.4s
2026-04-10 21:13:59 [INFO] src.graph_dqn: Graph-DQN train epoch 19/2000 (0.9%)  loss=0.000000  eta=8466.0s
2026-04-10 21:14:02 [INFO] src.graph_dqn: Graph-DQN train epoch 20/2000 (1.0%)  loss=0.000000  eta=8408.1s
2026-04-10 21:14:06 [INFO] src.graph_dqn: Graph-DQN train epoch 21/2000 (1.1%)  loss=0.000000  eta=8388.1s
2026-04-10 21:14:12 [INFO] src.graph_dqn: Graph-DQN train epoch 22/2000 (1.1%)  loss=0.000000  eta=8470.9s
2026-04-10 21:14:15 [INFO] src.graph_dqn: Graph-DQN train epoch 23/2000 (1.1%)  loss=0.000000  eta=8418.2s
2026-04-10 21:14:19 [INFO] src.graph_dqn: Graph-DQN train epoch 24/2000 (1.2%)  loss=0.028754  eta=8370.7s
2026-04-10 21:14:24 [INFO] src.graph_dqn: Graph-DQN train epoch 25/2000 (1.2%)  loss=0.000308  eta=8422.2s
2026-04-10 21:14:28 [INFO] src.graph_dqn: Graph-DQN train epoch 26/2000 (1.3%)  loss=0.000000  eta=8415.9s
2026-04-10 21:14:32 [INFO] src.graph_dqn: Graph-DQN train epoch 27/2000 (1.4%)  loss=0.000000  eta=8378.6s
2026-04-10 21:14:36 [INFO] src.graph_dqn: Graph-DQN train epoch 28/2000 (1.4%)  loss=0.000000  eta=8371.7s
2026-04-10 21:14:41 [INFO] src.graph_dqn: Graph-DQN train epoch 29/2000 (1.5%)  loss=0.000000  eta=8429.9s
2026-04-10 21:14:45 [INFO] src.graph_dqn: Graph-DQN train epoch 30/2000 (1.5%)  loss=0.000000  eta=8394.3s
2026-04-10 21:14:49 [INFO] src.graph_dqn: Graph-DQN train epoch 31/2000 (1.6%)  loss=0.000000  eta=8361.3s
2026-04-10 21:14:54 [INFO] src.graph_dqn: Graph-DQN train epoch 32/2000 (1.6%)  loss=0.000000  eta=8413.6s
2026-04-10 21:14:58 [INFO] src.graph_dqn: Graph-DQN train epoch 33/2000 (1.7%)  loss=0.000000  eta=8398.0s
2026-04-10 21:15:02 [INFO] src.graph_dqn: Graph-DQN train epoch 34/2000 (1.7%)  loss=0.000000  eta=8377.8s
2026-04-10 21:15:07 [INFO] src.graph_dqn: Graph-DQN train epoch 35/2000 (1.8%)  loss=0.000000  eta=8391.8s
2026-04-10 21:15:12 [INFO] src.graph_dqn: Graph-DQN train epoch 36/2000 (1.8%)  loss=0.000000  eta=8411.3s
2026-04-10 21:15:16 [INFO] src.graph_dqn: Graph-DQN train epoch 37/2000 (1.8%)  loss=0.000000  eta=8394.3s
2026-04-10 21:15:19 [INFO] src.graph_dqn: Graph-DQN train epoch 38/2000 (1.9%)  loss=0.000000  eta=8362.9s
2026-04-10 21:15:25 [INFO] src.graph_dqn: Graph-DQN train epoch 39/2000 (1.9%)  loss=0.000000  eta=8416.3s
2026-04-10 21:15:29 [INFO] src.graph_dqn: Graph-DQN train epoch 40/2000 (2.0%)  loss=0.000000  eta=8395.2s
2026-04-10 21:15:33 [INFO] src.graph_dqn: Graph-DQN train epoch 41/2000 (2.1%)  loss=0.000000  eta=8365.4s
2026-04-10 21:15:37 [INFO] src.graph_dqn: Graph-DQN train epoch 42/2000 (2.1%)  loss=0.000000  eta=8382.7s
2026-04-10 21:15:42 [INFO] src.graph_dqn: Graph-DQN train epoch 43/2000 (2.1%)  loss=0.000000  eta=8386.9s
2026-04-10 21:15:45 [INFO] src.graph_dqn: Graph-DQN train epoch 44/2000 (2.2%)  loss=0.000000  eta=8360.1s
2026-04-10 21:15:49 [INFO] src.graph_dqn: Graph-DQN train epoch 45/2000 (2.2%)  loss=0.066134  eta=8337.2s
2026-04-10 21:15:55 [INFO] src.graph_dqn: Graph-DQN train epoch 46/2000 (2.3%)  loss=0.000000  eta=8377.9s
2026-04-10 21:15:58 [INFO] src.graph_dqn: Graph-DQN train epoch 47/2000 (2.4%)  loss=0.000000  eta=8350.4s
2026-04-10 21:16:02 [INFO] src.graph_dqn: Graph-DQN train epoch 48/2000 (2.4%)  loss=0.000000  eta=8326.0s
2026-04-10 21:16:07 [INFO] src.graph_dqn: Graph-DQN train epoch 49/2000 (2.5%)  loss=0.000000  eta=8344.6s
2026-04-10 21:16:11 [INFO] src.graph_dqn: Graph-DQN train epoch 50/2000 (2.5%)  loss=0.000000  eta=8342.0s
2026-04-10 21:16:15 [INFO] src.graph_dqn: Graph-DQN train epoch 51/2000 (2.5%)  loss=0.000000  eta=8319.2s
2026-04-10 21:16:19 [INFO] src.graph_dqn: Graph-DQN train epoch 52/2000 (2.6%)  loss=0.000000  eta=8302.8s
2026-04-10 21:16:24 [INFO] src.graph_dqn: Graph-DQN train epoch 53/2000 (2.6%)  loss=0.000000  eta=8333.1s
2026-04-10 21:16:28 [INFO] src.graph_dqn: Graph-DQN train epoch 54/2000 (2.7%)  loss=0.000000  eta=8312.7s
2026-04-10 21:16:32 [INFO] src.graph_dqn: Graph-DQN train epoch 55/2000 (2.8%)  loss=0.000000  eta=8292.9s
2026-04-10 21:16:37 [INFO] src.graph_dqn: Graph-DQN train epoch 56/2000 (2.8%)  loss=0.000000  eta=8308.2s
2026-04-10 21:16:41 [INFO] src.graph_dqn: Graph-DQN train epoch 57/2000 (2.9%)  loss=0.000000  eta=8305.3s
2026-04-10 21:16:45 [INFO] src.graph_dqn: Graph-DQN train epoch 58/2000 (2.9%)  loss=0.000000  eta=8285.6s
2026-04-10 21:16:49 [INFO] src.graph_dqn: Graph-DQN train epoch 59/2000 (2.9%)  loss=0.000000  eta=8270.8s
2026-04-10 21:16:54 [INFO] src.graph_dqn: Graph-DQN train epoch 60/2000 (3.0%)  loss=0.000000  eta=8294.8s
2026-04-10 21:16:58 [INFO] src.graph_dqn: Graph-DQN train epoch 61/2000 (3.0%)  loss=0.000000  eta=8275.1s
2026-04-10 21:17:02 [INFO] src.graph_dqn: Graph-DQN train epoch 62/2000 (3.1%)  loss=0.000000  eta=8255.0s
2026-04-10 21:17:06 [INFO] src.graph_dqn: Graph-DQN train epoch 63/2000 (3.1%)  loss=0.000000  eta=8269.6s
2026-04-10 21:17:11 [INFO] src.graph_dqn: Graph-DQN train epoch 64/2000 (3.2%)  loss=0.000000  eta=8265.5s
2026-04-10 21:17:15 [INFO] src.graph_dqn: Graph-DQN train epoch 65/2000 (3.2%)  loss=0.000000  eta=8248.6s
2026-04-10 21:17:19 [INFO] src.graph_dqn: Graph-DQN train epoch 66/2000 (3.3%)  loss=0.000000  eta=8238.3s
2026-04-10 21:17:24 [INFO] src.graph_dqn: Graph-DQN train epoch 67/2000 (3.4%)  loss=0.000067  eta=8260.9s
2026-04-10 21:17:28 [INFO] src.graph_dqn: Graph-DQN train epoch 68/2000 (3.4%)  loss=0.004292  eta=8243.3s
2026-04-10 21:17:31 [INFO] src.graph_dqn: Graph-DQN train epoch 69/2000 (3.5%)  loss=0.000000  eta=8227.2s
2026-04-10 21:17:37 [INFO] src.graph_dqn: Graph-DQN train epoch 70/2000 (3.5%)  loss=0.000000  eta=8246.9s
2026-04-10 21:17:41 [INFO] src.graph_dqn: Graph-DQN train epoch 71/2000 (3.5%)  loss=0.000000  eta=8236.6s
2026-04-10 21:17:44 [INFO] src.graph_dqn: Graph-DQN train epoch 72/2000 (3.6%)  loss=0.000000  eta=8216.7s
2026-04-10 21:17:48 [INFO] src.graph_dqn: Graph-DQN train epoch 73/2000 (3.6%)  loss=0.000000  eta=8210.0s
2026-04-10 21:17:53 [INFO] src.graph_dqn: Graph-DQN train epoch 74/2000 (3.7%)  loss=0.000000  eta=8221.2s
2026-04-10 21:17:57 [INFO] src.graph_dqn: Graph-DQN train epoch 75/2000 (3.8%)  loss=0.000000  eta=8205.5s
2026-04-10 21:18:01 [INFO] src.graph_dqn: Graph-DQN train epoch 76/2000 (3.8%)  loss=0.000000  eta=8189.0s
2026-04-10 21:18:06 [INFO] src.graph_dqn: Graph-DQN train epoch 77/2000 (3.9%)  loss=0.000000  eta=8209.8s
2026-04-10 21:18:10 [INFO] src.graph_dqn: Graph-DQN train epoch 78/2000 (3.9%)  loss=0.000000  eta=8202.5s
2026-04-10 21:18:14 [INFO] src.graph_dqn: Graph-DQN train epoch 79/2000 (4.0%)  loss=0.000000  eta=8193.0s
2026-04-10 21:18:19 [INFO] src.graph_dqn: Graph-DQN train epoch 80/2000 (4.0%)  loss=0.000000  eta=8195.8s
2026-04-10 21:18:24 [INFO] src.graph_dqn: Graph-DQN train epoch 81/2000 (4.0%)  loss=0.000000  eta=8199.8s
2026-04-10 21:18:27 [INFO] src.graph_dqn: Graph-DQN train epoch 82/2000 (4.1%)  loss=0.000000  eta=8187.6s
2026-04-10 21:18:31 [INFO] src.graph_dqn: Graph-DQN train epoch 83/2000 (4.2%)  loss=0.000000  eta=8176.9s
2026-04-10 21:18:37 [INFO] src.graph_dqn: Graph-DQN train epoch 84/2000 (4.2%)  loss=0.000000  eta=8198.9s
2026-04-10 21:18:41 [INFO] src.graph_dqn: Graph-DQN train epoch 85/2000 (4.2%)  loss=0.000000  eta=8186.8s
2026-04-10 21:18:45 [INFO] src.graph_dqn: Graph-DQN train epoch 86/2000 (4.3%)  loss=0.000000  eta=8171.7s
2026-04-10 21:18:49 [INFO] src.graph_dqn: Graph-DQN train epoch 87/2000 (4.3%)  loss=0.000000  eta=8178.7s
2026-04-10 21:18:54 [INFO] src.graph_dqn: Graph-DQN train epoch 88/2000 (4.4%)  loss=0.000000  eta=8176.0s
2026-04-10 21:18:58 [INFO] src.graph_dqn: Graph-DQN train epoch 89/2000 (4.5%)  loss=0.000000  eta=8161.5s
2026-04-10 21:19:02 [INFO] src.graph_dqn: Graph-DQN train epoch 90/2000 (4.5%)  loss=0.024324  eta=8153.1s
2026-04-10 21:19:07 [INFO] src.graph_dqn: Graph-DQN train epoch 91/2000 (4.5%)  loss=0.003395  eta=8170.3s
2026-04-10 21:19:11 [INFO] src.graph_dqn: Graph-DQN train epoch 92/2000 (4.6%)  loss=0.000000  eta=8156.4s
2026-04-10 21:19:15 [INFO] src.graph_dqn: Graph-DQN train epoch 93/2000 (4.7%)  loss=0.000000  eta=8145.4s
2026-04-10 21:19:20 [INFO] src.graph_dqn: Graph-DQN train epoch 94/2000 (4.7%)  loss=0.000000  eta=8159.4s
2026-04-10 21:19:24 [INFO] src.graph_dqn: Graph-DQN train epoch 95/2000 (4.8%)  loss=0.000000  eta=8150.2s
2026-04-10 21:19:28 [INFO] src.graph_dqn: Graph-DQN train epoch 96/2000 (4.8%)  loss=0.000000  eta=8138.9s
2026-04-10 21:19:32 [INFO] src.graph_dqn: Graph-DQN train epoch 97/2000 (4.9%)  loss=0.000000  eta=8141.6s
2026-04-10 21:19:37 [INFO] src.graph_dqn: Graph-DQN train epoch 98/2000 (4.9%)  loss=0.000000  eta=8146.2s
2026-04-10 21:19:41 [INFO] src.graph_dqn: Graph-DQN train epoch 99/2000 (5.0%)  loss=0.000000  eta=8132.8s
2026-04-10 21:19:45 [INFO] src.graph_dqn: Graph-DQN train epoch 100/2000 (5.0%)  loss=0.000000  eta=8117.6s
2026-04-10 21:19:45 [INFO] __main__: Saved selector checkpoint: dqn_model_rlcg_epoch_1100.pt
2026-04-10 21:19:50 [INFO] src.graph_dqn: Graph-DQN train epoch 101/2000 (5.1%)  loss=0.000000  eta=8133.5s
2026-04-10 21:19:54 [INFO] src.graph_dqn: Graph-DQN train epoch 102/2000 (5.1%)  loss=0.000000  eta=8119.1s
2026-04-10 21:19:58 [INFO] src.graph_dqn: Graph-DQN train epoch 103/2000 (5.1%)  loss=0.000000  eta=8105.3s
2026-04-10 21:20:02 [INFO] src.graph_dqn: Graph-DQN train epoch 104/2000 (5.2%)  loss=0.000000  eta=8102.1s
2026-04-10 21:20:07 [INFO] src.graph_dqn: Graph-DQN train epoch 105/2000 (5.2%)  loss=0.000000  eta=8105.0s
2026-04-10 21:20:10 [INFO] src.graph_dqn: Graph-DQN train epoch 106/2000 (5.3%)  loss=0.000000  eta=8091.6s
2026-04-10 21:20:14 [INFO] src.graph_dqn: Graph-DQN train epoch 107/2000 (5.3%)  loss=0.000000  eta=8079.8s
2026-04-10 21:20:19 [INFO] src.graph_dqn: Graph-DQN train epoch 108/2000 (5.4%)  loss=0.000000  eta=8094.4s
2026-04-10 21:20:23 [INFO] src.graph_dqn: Graph-DQN train epoch 109/2000 (5.5%)  loss=0.000000  eta=8081.1s
2026-04-10 21:20:27 [INFO] src.graph_dqn: Graph-DQN train epoch 110/2000 (5.5%)  loss=0.000000  eta=8068.9s
2026-04-10 21:20:32 [INFO] src.graph_dqn: Graph-DQN train epoch 111/2000 (5.5%)  loss=0.000000  eta=8068.0s
2026-04-10 21:20:36 [INFO] src.graph_dqn: Graph-DQN train epoch 112/2000 (5.6%)  loss=0.000000  eta=8069.8s
2026-04-10 21:20:40 [INFO] src.graph_dqn: Graph-DQN train epoch 113/2000 (5.7%)  loss=0.000000  eta=8058.0s
2026-04-10 21:20:44 [INFO] src.graph_dqn: Graph-DQN train epoch 114/2000 (5.7%)  loss=0.000000  eta=8045.0s
2026-04-10 21:20:49 [INFO] src.graph_dqn: Graph-DQN train epoch 115/2000 (5.8%)  loss=0.000000  eta=8056.6s
2026-04-10 21:20:53 [INFO] src.graph_dqn: Graph-DQN train epoch 116/2000 (5.8%)  loss=0.000000  eta=8044.8s
2026-04-10 21:20:57 [INFO] src.graph_dqn: Graph-DQN train epoch 117/2000 (5.9%)  loss=0.035764  eta=8036.2s
2026-04-10 21:21:01 [INFO] src.graph_dqn: Graph-DQN train epoch 118/2000 (5.9%)  loss=0.000001  eta=8039.3s
2026-04-10 21:21:06 [INFO] src.graph_dqn: Graph-DQN train epoch 119/2000 (5.9%)  loss=0.000001  eta=8043.2s
2026-04-10 21:21:10 [INFO] src.graph_dqn: Graph-DQN train epoch 120/2000 (6.0%)  loss=0.000000  eta=8034.4s
2026-04-10 21:21:14 [INFO] src.graph_dqn: Graph-DQN train epoch 121/2000 (6.0%)  loss=0.000000  eta=8029.1s
2026-04-10 21:21:20 [INFO] src.graph_dqn: Graph-DQN train epoch 122/2000 (6.1%)  loss=0.000000  eta=8038.1s
2026-04-10 21:21:23 [INFO] src.graph_dqn: Graph-DQN train epoch 123/2000 (6.2%)  loss=0.000000  eta=8025.1s
2026-04-10 21:21:27 [INFO] src.graph_dqn: Graph-DQN train epoch 124/2000 (6.2%)  loss=0.000000  eta=8014.2s
2026-04-10 21:21:32 [INFO] src.graph_dqn: Graph-DQN train epoch 125/2000 (6.2%)  loss=0.000000  eta=8019.5s
2026-04-10 21:21:36 [INFO] src.graph_dqn: Graph-DQN train epoch 126/2000 (6.3%)  loss=0.000000  eta=8014.3s
2026-04-10 21:21:40 [INFO] src.graph_dqn: Graph-DQN train epoch 127/2000 (6.3%)  loss=0.000000  eta=8003.6s
2026-04-10 21:21:44 [INFO] src.graph_dqn: Graph-DQN train epoch 128/2000 (6.4%)  loss=0.000000  eta=7998.7s
2026-04-10 21:21:49 [INFO] src.graph_dqn: Graph-DQN train epoch 129/2000 (6.5%)  loss=0.000000  eta=8006.1s
2026-04-10 21:21:53 [INFO] src.graph_dqn: Graph-DQN train epoch 130/2000 (6.5%)  loss=0.000000  eta=7996.9s
2026-04-10 21:21:57 [INFO] src.graph_dqn: Graph-DQN train epoch 131/2000 (6.6%)  loss=0.000000  eta=7989.2s
2026-04-10 21:22:03 [INFO] src.graph_dqn: Graph-DQN train epoch 132/2000 (6.6%)  loss=0.000000  eta=8000.8s
2026-04-10 21:22:07 [INFO] src.graph_dqn: Graph-DQN train epoch 133/2000 (6.7%)  loss=0.000000  eta=7990.1s
2026-04-10 21:22:10 [INFO] src.graph_dqn: Graph-DQN train epoch 134/2000 (6.7%)  loss=0.000000  eta=7978.7s
2026-04-10 21:22:15 [INFO] src.graph_dqn: Graph-DQN train epoch 135/2000 (6.8%)  loss=0.000000  eta=7976.7s
2026-04-10 21:22:19 [INFO] src.graph_dqn: Graph-DQN train epoch 136/2000 (6.8%)  loss=0.000000  eta=7977.3s
2026-04-10 21:22:23 [INFO] src.graph_dqn: Graph-DQN train epoch 137/2000 (6.9%)  loss=0.000000  eta=7964.9s
2026-04-10 21:22:27 [INFO] src.graph_dqn: Graph-DQN train epoch 138/2000 (6.9%)  loss=0.000000  eta=7954.9s
2026-04-10 21:22:32 [INFO] src.graph_dqn: Graph-DQN train epoch 139/2000 (7.0%)  loss=0.000000  eta=7964.5s
2026-04-10 21:22:36 [INFO] src.graph_dqn: Graph-DQN train epoch 140/2000 (7.0%)  loss=0.000000  eta=7953.3s
2026-04-10 21:22:40 [INFO] src.graph_dqn: Graph-DQN train epoch 141/2000 (7.0%)  loss=0.000000  eta=7942.2s
2026-04-10 21:22:44 [INFO] src.graph_dqn: Graph-DQN train epoch 142/2000 (7.1%)  loss=0.000035  eta=7938.2s
2026-04-10 21:22:49 [INFO] src.graph_dqn: Graph-DQN train epoch 143/2000 (7.1%)  loss=0.006702  eta=7939.5s
2026-04-10 21:22:53 [INFO] src.graph_dqn: Graph-DQN train epoch 144/2000 (7.2%)  loss=0.000000  eta=7927.9s
2026-04-10 21:22:56 [INFO] src.graph_dqn: Graph-DQN train epoch 145/2000 (7.2%)  loss=0.000000  eta=7916.7s
2026-04-10 21:23:01 [INFO] src.graph_dqn: Graph-DQN train epoch 146/2000 (7.3%)  loss=0.000000  eta=7922.1s
2026-04-10 21:23:05 [INFO] src.graph_dqn: Graph-DQN train epoch 147/2000 (7.3%)  loss=0.000000  eta=7913.2s
2026-04-10 21:23:09 [INFO] src.graph_dqn: Graph-DQN train epoch 148/2000 (7.4%)  loss=0.000000  eta=7902.1s
2026-04-10 21:23:13 [INFO] src.graph_dqn: Graph-DQN train epoch 149/2000 (7.4%)  loss=0.000000  eta=7898.0s
2026-04-10 21:23:18 [INFO] src.graph_dqn: Graph-DQN train epoch 150/2000 (7.5%)  loss=0.000000  eta=7902.1s
2026-04-10 21:23:22 [INFO] src.graph_dqn: Graph-DQN train epoch 151/2000 (7.5%)  loss=0.000000  eta=7892.0s
2026-04-10 21:23:26 [INFO] src.graph_dqn: Graph-DQN train epoch 152/2000 (7.6%)  loss=0.000000  eta=7883.5s
2026-04-10 21:23:31 [INFO] src.graph_dqn: Graph-DQN train epoch 153/2000 (7.6%)  loss=0.000000  eta=7892.3s
2026-04-10 21:23:35 [INFO] src.graph_dqn: Graph-DQN train epoch 154/2000 (7.7%)  loss=0.000000  eta=7881.7s
2026-04-10 21:23:39 [INFO] src.graph_dqn: Graph-DQN train epoch 155/2000 (7.8%)  loss=0.000000  eta=7873.7s
2026-04-10 21:23:43 [INFO] src.graph_dqn: Graph-DQN train epoch 156/2000 (7.8%)  loss=0.000000  eta=7871.9s
2026-04-10 21:23:48 [INFO] src.graph_dqn: Graph-DQN train epoch 157/2000 (7.8%)  loss=0.000000  eta=7872.9s
2026-04-10 21:23:52 [INFO] src.graph_dqn: Graph-DQN train epoch 158/2000 (7.9%)  loss=0.000000  eta=7863.1s
2026-04-10 21:23:56 [INFO] src.graph_dqn: Graph-DQN train epoch 159/2000 (8.0%)  loss=0.000000  eta=7855.1s
2026-04-10 21:24:01 [INFO] src.graph_dqn: Graph-DQN train epoch 160/2000 (8.0%)  loss=0.001767  eta=7862.7s
2026-04-10 21:24:05 [INFO] src.graph_dqn: Graph-DQN train epoch 161/2000 (8.1%)  loss=0.000000  eta=7852.6s
2026-04-10 21:24:09 [INFO] src.graph_dqn: Graph-DQN train epoch 162/2000 (8.1%)  loss=0.000000  eta=7842.6s
2026-04-10 21:24:13 [INFO] src.graph_dqn: Graph-DQN train epoch 163/2000 (8.2%)  loss=0.000000  eta=7841.3s
2026-04-10 21:24:18 [INFO] src.graph_dqn: Graph-DQN train epoch 164/2000 (8.2%)  loss=0.000000  eta=7839.1s
2026-04-10 21:24:21 [INFO] src.graph_dqn: Graph-DQN train epoch 165/2000 (8.2%)  loss=0.000000  eta=7828.5s
2026-04-10 21:24:25 [INFO] src.graph_dqn: Graph-DQN train epoch 166/2000 (8.3%)  loss=0.000000  eta=7818.2s
2026-04-10 21:24:30 [INFO] src.graph_dqn: Graph-DQN train epoch 167/2000 (8.3%)  loss=0.000000  eta=7825.0s
2026-04-10 21:24:34 [INFO] src.graph_dqn: Graph-DQN train epoch 168/2000 (8.4%)  loss=0.000000  eta=7814.4s
2026-04-10 21:24:38 [INFO] src.graph_dqn: Graph-DQN train epoch 169/2000 (8.5%)  loss=0.000000  eta=7804.4s
2026-04-10 21:24:42 [INFO] src.graph_dqn: Graph-DQN train epoch 170/2000 (8.5%)  loss=0.000000  eta=7801.1s
2026-04-10 21:24:47 [INFO] src.graph_dqn: Graph-DQN train epoch 171/2000 (8.6%)  loss=0.000000  eta=7801.0s
2026-04-10 21:24:50 [INFO] src.graph_dqn: Graph-DQN train epoch 172/2000 (8.6%)  loss=0.000000  eta=7790.2s
2026-04-10 21:24:54 [INFO] src.graph_dqn: Graph-DQN train epoch 173/2000 (8.6%)  loss=0.000000  eta=7780.8s
2026-04-10 21:24:59 [INFO] src.graph_dqn: Graph-DQN train epoch 174/2000 (8.7%)  loss=0.000000  eta=7785.8s
2026-04-10 21:25:03 [INFO] src.graph_dqn: Graph-DQN train epoch 175/2000 (8.8%)  loss=0.000000  eta=7777.7s
2026-04-10 21:25:07 [INFO] src.graph_dqn: Graph-DQN train epoch 176/2000 (8.8%)  loss=0.000000  eta=7768.6s
2026-04-10 21:25:11 [INFO] src.graph_dqn: Graph-DQN train epoch 177/2000 (8.8%)  loss=0.000000  eta=7763.4s
2026-04-10 21:25:16 [INFO] src.graph_dqn: Graph-DQN train epoch 178/2000 (8.9%)  loss=0.000000  eta=7765.1s
2026-04-10 21:25:20 [INFO] src.graph_dqn: Graph-DQN train epoch 179/2000 (8.9%)  loss=0.000000  eta=7755.2s
2026-04-10 21:25:23 [INFO] src.graph_dqn: Graph-DQN train epoch 180/2000 (9.0%)  loss=0.020785  eta=7745.5s
2026-04-10 21:25:29 [INFO] src.graph_dqn: Graph-DQN train epoch 181/2000 (9.0%)  loss=0.000001  eta=7750.9s
2026-04-10 21:25:33 [INFO] src.graph_dqn: Graph-DQN train epoch 182/2000 (9.1%)  loss=0.000001  eta=7745.3s
2026-04-10 21:25:37 [INFO] src.graph_dqn: Graph-DQN train epoch 183/2000 (9.2%)  loss=0.000001  eta=7736.7s
2026-04-10 21:25:41 [INFO] src.graph_dqn: Graph-DQN train epoch 184/2000 (9.2%)  loss=0.000000  eta=7732.4s
2026-04-10 21:25:46 [INFO] src.graph_dqn: Graph-DQN train epoch 185/2000 (9.2%)  loss=0.000000  eta=7733.4s
2026-04-10 21:25:49 [INFO] src.graph_dqn: Graph-DQN train epoch 186/2000 (9.3%)  loss=0.000000  eta=7723.4s
2026-04-10 21:25:53 [INFO] src.graph_dqn: Graph-DQN train epoch 187/2000 (9.3%)  loss=0.000000  eta=7713.6s
2026-04-10 21:25:58 [INFO] src.graph_dqn: Graph-DQN train epoch 188/2000 (9.4%)  loss=0.000000  eta=7716.8s
2026-04-10 21:26:02 [INFO] src.graph_dqn: Graph-DQN train epoch 189/2000 (9.4%)  loss=0.000000  eta=7710.1s
2026-04-10 21:26:06 [INFO] src.graph_dqn: Graph-DQN train epoch 190/2000 (9.5%)  loss=0.000000  eta=7702.0s
2026-04-10 21:26:10 [INFO] src.graph_dqn: Graph-DQN train epoch 191/2000 (9.6%)  loss=0.000000  eta=7697.1s
2026-04-10 21:26:15 [INFO] src.graph_dqn: Graph-DQN train epoch 192/2000 (9.6%)  loss=0.000000  eta=7699.0s
2026-04-10 21:26:19 [INFO] src.graph_dqn: Graph-DQN train epoch 193/2000 (9.7%)  loss=0.000000  eta=7689.8s
2026-04-10 21:26:22 [INFO] src.graph_dqn: Graph-DQN train epoch 194/2000 (9.7%)  loss=0.000000  eta=7680.3s
2026-04-10 21:26:27 [INFO] src.graph_dqn: Graph-DQN train epoch 195/2000 (9.8%)  loss=0.000000  eta=7682.8s
2026-04-10 21:26:32 [INFO] src.graph_dqn: Graph-DQN train epoch 196/2000 (9.8%)  loss=0.000000  eta=7677.2s
2026-04-10 21:26:35 [INFO] src.graph_dqn: Graph-DQN train epoch 197/2000 (9.8%)  loss=0.000000  eta=7668.5s
2026-04-10 21:26:39 [INFO] src.graph_dqn: Graph-DQN train epoch 198/2000 (9.9%)  loss=0.000000  eta=7662.4s
2026-04-10 21:26:44 [INFO] src.graph_dqn: Graph-DQN train epoch 199/2000 (10.0%)  loss=0.000000  eta=7663.7s
2026-04-10 21:26:48 [INFO] src.graph_dqn: Graph-DQN train epoch 200/2000 (10.0%)  loss=0.000000  eta=7654.0s
2026-04-10 21:26:48 [INFO] __main__: Saved selector checkpoint: dqn_model_rlcg_epoch_1200.pt
2026-04-10 21:26:52 [INFO] src.graph_dqn: Graph-DQN train epoch 201/2000 (10.1%)  loss=0.000000  eta=7644.9s
2026-04-10 21:26:56 [INFO] src.graph_dqn: Graph-DQN train epoch 202/2000 (10.1%)  loss=0.000000  eta=7645.2s
2026-04-10 21:27:01 [INFO] src.graph_dqn: Graph-DQN train epoch 203/2000 (10.2%)  loss=0.000000  eta=7641.0s
2026-04-10 21:27:04 [INFO] src.graph_dqn: Graph-DQN train epoch 204/2000 (10.2%)  loss=0.000000  eta=7632.7s
2026-04-10 21:27:08 [INFO] src.graph_dqn: Graph-DQN train epoch 205/2000 (10.2%)  loss=0.000000  eta=7626.2s
2026-04-10 21:27:14 [INFO] src.graph_dqn: Graph-DQN train epoch 206/2000 (10.3%)  loss=0.000000  eta=7630.1s
2026-04-10 21:27:17 [INFO] src.graph_dqn: Graph-DQN train epoch 207/2000 (10.3%)  loss=0.000000  eta=7621.3s
2026-04-10 21:27:21 [INFO] src.graph_dqn: Graph-DQN train epoch 208/2000 (10.4%)  loss=0.036698  eta=7612.0s
2026-04-10 21:27:26 [INFO] src.graph_dqn: Graph-DQN train epoch 209/2000 (10.4%)  loss=0.000000  eta=7611.9s
2026-04-10 21:27:30 [INFO] src.graph_dqn: Graph-DQN train epoch 210/2000 (10.5%)  loss=0.000000  eta=7608.2s
2026-04-10 21:27:34 [INFO] src.graph_dqn: Graph-DQN train epoch 211/2000 (10.5%)  loss=0.000000  eta=7599.5s
2026-04-10 21:27:38 [INFO] src.graph_dqn: Graph-DQN train epoch 212/2000 (10.6%)  loss=0.000000  eta=7591.4s
2026-04-10 21:27:43 [INFO] src.graph_dqn: Graph-DQN train epoch 213/2000 (10.7%)  loss=0.000000  eta=7596.1s
2026-04-10 21:27:47 [INFO] src.graph_dqn: Graph-DQN train epoch 214/2000 (10.7%)  loss=0.000000  eta=7587.3s
2026-04-10 21:27:50 [INFO] src.graph_dqn: Graph-DQN train epoch 215/2000 (10.8%)  loss=0.000000  eta=7578.5s
2026-04-10 21:27:55 [INFO] src.graph_dqn: Graph-DQN train epoch 216/2000 (10.8%)  loss=0.000000  eta=7577.0s
2026-04-10 21:27:59 [INFO] src.graph_dqn: Graph-DQN train epoch 217/2000 (10.8%)  loss=0.000000  eta=7574.3s
2026-04-10 21:28:03 [INFO] src.graph_dqn: Graph-DQN train epoch 218/2000 (10.9%)  loss=0.000000  eta=7565.3s
2026-04-10 21:28:07 [INFO] src.graph_dqn: Graph-DQN train epoch 219/2000 (10.9%)  loss=0.000000  eta=7557.1s
2026-04-10 21:28:12 [INFO] src.graph_dqn: Graph-DQN train epoch 220/2000 (11.0%)  loss=0.000000  eta=7561.8s
2026-04-10 21:28:16 [INFO] src.graph_dqn: Graph-DQN train epoch 221/2000 (11.1%)  loss=0.000000  eta=7553.7s
2026-04-10 21:28:19 [INFO] src.graph_dqn: Graph-DQN train epoch 222/2000 (11.1%)  loss=0.000000  eta=7544.8s
2026-04-10 21:28:24 [INFO] src.graph_dqn: Graph-DQN train epoch 223/2000 (11.2%)  loss=0.000000  eta=7541.8s
2026-04-10 21:28:29 [INFO] src.graph_dqn: Graph-DQN train epoch 224/2000 (11.2%)  loss=0.000000  eta=7540.7s
2026-04-10 21:28:32 [INFO] src.graph_dqn: Graph-DQN train epoch 225/2000 (11.2%)  loss=0.000000  eta=7532.1s
2026-04-10 21:28:36 [INFO] src.graph_dqn: Graph-DQN train epoch 226/2000 (11.3%)  loss=0.000000  eta=7523.8s
2026-04-10 21:28:41 [INFO] src.graph_dqn: Graph-DQN train epoch 227/2000 (11.3%)  loss=0.000000  eta=7527.1s
2026-04-10 21:28:45 [INFO] src.graph_dqn: Graph-DQN train epoch 228/2000 (11.4%)  loss=0.000000  eta=7519.3s
2026-04-10 21:28:49 [INFO] src.graph_dqn: Graph-DQN train epoch 229/2000 (11.5%)  loss=0.000000  eta=7510.6s
2026-04-10 21:28:53 [INFO] src.graph_dqn: Graph-DQN train epoch 230/2000 (11.5%)  loss=0.093924  eta=7505.8s
2026-04-10 21:28:58 [INFO] src.graph_dqn: Graph-DQN train epoch 231/2000 (11.6%)  loss=0.000000  eta=7506.3s
2026-04-10 21:29:01 [INFO] src.graph_dqn: Graph-DQN train epoch 232/2000 (11.6%)  loss=0.000000  eta=7498.3s
2026-04-10 21:29:05 [INFO] src.graph_dqn: Graph-DQN train epoch 233/2000 (11.7%)  loss=0.000000  eta=7490.6s
2026-04-10 21:29:11 [INFO] src.graph_dqn: Graph-DQN train epoch 234/2000 (11.7%)  loss=0.000000  eta=7494.8s
2026-04-10 21:29:14 [INFO] src.graph_dqn: Graph-DQN train epoch 235/2000 (11.8%)  loss=0.000000  eta=7488.0s
2026-04-10 21:29:18 [INFO] src.graph_dqn: Graph-DQN train epoch 236/2000 (11.8%)  loss=0.000000  eta=7481.5s
2026-04-10 21:29:23 [INFO] src.graph_dqn: Graph-DQN train epoch 237/2000 (11.8%)  loss=0.000000  eta=7478.0s
2026-04-10 21:29:27 [INFO] src.graph_dqn: Graph-DQN train epoch 238/2000 (11.9%)  loss=0.000000  eta=7477.0s
2026-04-10 21:29:31 [INFO] src.graph_dqn: Graph-DQN train epoch 239/2000 (11.9%)  loss=0.000000  eta=7469.7s
2026-04-10 21:29:35 [INFO] src.graph_dqn: Graph-DQN train epoch 240/2000 (12.0%)  loss=0.000000  eta=7461.7s
2026-04-10 21:29:40 [INFO] src.graph_dqn: Graph-DQN train epoch 241/2000 (12.0%)  loss=0.000000  eta=7465.4s
2026-04-10 21:29:44 [INFO] src.graph_dqn: Graph-DQN train epoch 242/2000 (12.1%)  loss=0.000000  eta=7457.3s
2026-04-10 21:29:48 [INFO] src.graph_dqn: Graph-DQN train epoch 243/2000 (12.2%)  loss=0.000000  eta=7449.3s
2026-04-10 21:29:52 [INFO] src.graph_dqn: Graph-DQN train epoch 244/2000 (12.2%)  loss=0.000000  eta=7445.2s
2026-04-10 21:29:57 [INFO] src.graph_dqn: Graph-DQN train epoch 245/2000 (12.2%)  loss=0.000000  eta=7444.4s
2026-04-10 21:30:00 [INFO] src.graph_dqn: Graph-DQN train epoch 246/2000 (12.3%)  loss=0.000001  eta=7436.7s
2026-04-10 21:30:05 [INFO] src.graph_dqn: Graph-DQN train epoch 247/2000 (12.3%)  loss=0.000000  eta=7432.9s
2026-04-10 21:30:10 [INFO] src.graph_dqn: Graph-DQN train epoch 248/2000 (12.4%)  loss=0.000000  eta=7436.7s
2026-04-10 21:30:14 [INFO] src.graph_dqn: Graph-DQN train epoch 249/2000 (12.4%)  loss=0.000000  eta=7428.9s
2026-04-10 21:30:18 [INFO] src.graph_dqn: Graph-DQN train epoch 250/2000 (12.5%)  loss=0.000000  eta=7420.9s
2026-04-10 21:30:22 [INFO] src.graph_dqn: Graph-DQN train epoch 251/2000 (12.6%)  loss=0.000000  eta=7418.2s
2026-04-10 21:30:27 [INFO] src.graph_dqn: Graph-DQN train epoch 252/2000 (12.6%)  loss=0.000000  eta=7416.3s
2026-04-10 21:30:30 [INFO] src.graph_dqn: Graph-DQN train epoch 253/2000 (12.7%)  loss=0.000000  eta=7408.5s
2026-04-10 21:30:34 [INFO] src.graph_dqn: Graph-DQN train epoch 254/2000 (12.7%)  loss=0.000000  eta=7400.9s
2026-04-10 21:30:39 [INFO] src.graph_dqn: Graph-DQN train epoch 255/2000 (12.8%)  loss=0.000000  eta=7404.0s
2026-04-10 21:30:43 [INFO] src.graph_dqn: Graph-DQN train epoch 256/2000 (12.8%)  loss=0.000000  eta=7396.4s
2026-04-10 21:30:47 [INFO] src.graph_dqn: Graph-DQN train epoch 257/2000 (12.8%)  loss=0.000000  eta=7388.5s
2026-04-10 21:30:51 [INFO] src.graph_dqn: Graph-DQN train epoch 258/2000 (12.9%)  loss=0.079800  eta=7385.1s
2026-04-10 21:30:56 [INFO] src.graph_dqn: Graph-DQN train epoch 259/2000 (13.0%)  loss=0.000000  eta=7383.9s
2026-04-10 21:31:00 [INFO] src.graph_dqn: Graph-DQN train epoch 260/2000 (13.0%)  loss=0.000000  eta=7376.9s
2026-04-10 21:31:03 [INFO] src.graph_dqn: Graph-DQN train epoch 261/2000 (13.1%)  loss=0.000000  eta=7369.2s
2026-04-10 21:31:09 [INFO] src.graph_dqn: Graph-DQN train epoch 262/2000 (13.1%)  loss=0.000000  eta=7372.1s
2026-04-10 21:31:12 [INFO] src.graph_dqn: Graph-DQN train epoch 263/2000 (13.2%)  loss=0.000000  eta=7364.3s
2026-04-10 21:31:16 [INFO] src.graph_dqn: Graph-DQN train epoch 264/2000 (13.2%)  loss=0.000000  eta=7357.1s
2026-04-10 21:31:21 [INFO] src.graph_dqn: Graph-DQN train epoch 265/2000 (13.2%)  loss=0.000000  eta=7353.5s
2026-04-10 21:31:25 [INFO] src.graph_dqn: Graph-DQN train epoch 266/2000 (13.3%)  loss=0.000000  eta=7352.2s
2026-04-10 21:31:29 [INFO] src.graph_dqn: Graph-DQN train epoch 267/2000 (13.4%)  loss=0.000000  eta=7345.1s
2026-04-10 21:31:33 [INFO] src.graph_dqn: Graph-DQN train epoch 268/2000 (13.4%)  loss=0.000000  eta=7337.6s
2026-04-10 21:31:38 [INFO] src.graph_dqn: Graph-DQN train epoch 269/2000 (13.5%)  loss=0.000000  eta=7340.2s
2026-04-10 21:31:42 [INFO] src.graph_dqn: Graph-DQN train epoch 270/2000 (13.5%)  loss=0.000000  eta=7332.7s
2026-04-10 21:31:45 [INFO] src.graph_dqn: Graph-DQN train epoch 271/2000 (13.6%)  loss=0.000000  eta=7324.7s
2026-04-10 21:31:50 [INFO] src.graph_dqn: Graph-DQN train epoch 272/2000 (13.6%)  loss=0.000000  eta=7320.8s
2026-04-10 21:31:54 [INFO] src.graph_dqn: Graph-DQN train epoch 273/2000 (13.7%)  loss=0.000000  eta=7319.5s
2026-04-10 21:31:58 [INFO] src.graph_dqn: Graph-DQN train epoch 274/2000 (13.7%)  loss=0.000000  eta=7311.9s
2026-04-10 21:32:02 [INFO] src.graph_dqn: Graph-DQN train epoch 275/2000 (13.8%)  loss=0.000000  eta=7304.6s
2026-04-10 21:32:07 [INFO] src.graph_dqn: Graph-DQN train epoch 276/2000 (13.8%)  loss=0.000000  eta=7306.1s
2026-04-10 21:32:11 [INFO] src.graph_dqn: Graph-DQN train epoch 277/2000 (13.9%)  loss=0.000000  eta=7299.6s
2026-04-10 21:32:15 [INFO] src.graph_dqn: Graph-DQN train epoch 278/2000 (13.9%)  loss=0.000000  eta=7292.3s
2026-04-10 21:32:19 [INFO] src.graph_dqn: Graph-DQN train epoch 279/2000 (14.0%)  loss=0.000000  eta=7287.5s
2026-04-10 21:32:24 [INFO] src.graph_dqn: Graph-DQN train epoch 280/2000 (14.0%)  loss=0.042146  eta=7286.8s
2026-04-10 21:32:27 [INFO] src.graph_dqn: Graph-DQN train epoch 281/2000 (14.1%)  loss=0.000000  eta=7279.6s
2026-04-10 21:32:31 [INFO] src.graph_dqn: Graph-DQN train epoch 282/2000 (14.1%)  loss=0.000000  eta=7272.3s
2026-04-10 21:32:36 [INFO] src.graph_dqn: Graph-DQN train epoch 283/2000 (14.1%)  loss=0.000000  eta=7273.0s
2026-04-10 21:32:40 [INFO] src.graph_dqn: Graph-DQN train epoch 284/2000 (14.2%)  loss=0.000000  eta=7267.3s
2026-04-10 21:32:44 [INFO] src.graph_dqn: Graph-DQN train epoch 285/2000 (14.2%)  loss=0.000000  eta=7259.9s
2026-04-10 21:32:48 [INFO] src.graph_dqn: Graph-DQN train epoch 286/2000 (14.3%)  loss=0.000000  eta=7255.4s
2026-04-10 21:32:53 [INFO] src.graph_dqn: Graph-DQN train epoch 287/2000 (14.3%)  loss=0.000000  eta=7255.4s
2026-04-10 21:32:57 [INFO] src.graph_dqn: Graph-DQN train epoch 288/2000 (14.4%)  loss=0.000000  eta=7248.5s
2026-04-10 21:33:01 [INFO] src.graph_dqn: Graph-DQN train epoch 289/2000 (14.4%)  loss=0.000000  eta=7241.4s
2026-04-10 21:33:06 [INFO] src.graph_dqn: Graph-DQN train epoch 290/2000 (14.5%)  loss=0.000000  eta=7242.5s
2026-04-10 21:33:10 [INFO] src.graph_dqn: Graph-DQN train epoch 291/2000 (14.5%)  loss=0.000000  eta=7237.7s
2026-04-10 21:33:14 [INFO] src.graph_dqn: Graph-DQN train epoch 292/2000 (14.6%)  loss=0.000000  eta=7230.3s
2026-04-10 21:33:18 [INFO] src.graph_dqn: Graph-DQN train epoch 293/2000 (14.6%)  loss=0.000000  eta=7226.0s
2026-04-10 21:33:23 [INFO] src.graph_dqn: Graph-DQN train epoch 294/2000 (14.7%)  loss=0.000000  eta=7225.7s
2026-04-10 21:33:27 [INFO] src.graph_dqn: Graph-DQN train epoch 295/2000 (14.8%)  loss=0.000000  eta=7219.9s
2026-04-10 21:33:31 [INFO] src.graph_dqn: Graph-DQN train epoch 296/2000 (14.8%)  loss=0.000000  eta=7214.5s
2026-04-10 21:33:36 [INFO] src.graph_dqn: Graph-DQN train epoch 297/2000 (14.8%)  loss=0.000000  eta=7217.6s
2026-04-10 21:33:40 [INFO] src.graph_dqn: Graph-DQN train epoch 298/2000 (14.9%)  loss=0.000000  eta=7211.7s
2026-04-10 21:33:44 [INFO] src.graph_dqn: Graph-DQN train epoch 299/2000 (14.9%)  loss=0.000000  eta=7205.4s
2026-04-10 21:33:49 [INFO] src.graph_dqn: Graph-DQN train epoch 300/2000 (15.0%)  loss=0.000000  eta=7204.7s
2026-04-10 21:33:49 [INFO] __main__: Saved selector checkpoint: dqn_model_rlcg_epoch_1300.pt
2026-04-10 21:33:53 [INFO] src.graph_dqn: Graph-DQN train epoch 301/2000 (15.0%)  loss=0.000000  eta=7201.6s
2026-04-10 21:33:57 [INFO] src.graph_dqn: Graph-DQN train epoch 302/2000 (15.1%)  loss=0.000000  eta=7195.1s
2026-04-10 21:34:01 [INFO] src.graph_dqn: Graph-DQN train epoch 303/2000 (15.2%)  loss=0.100455  eta=7190.1s
2026-04-10 21:34:07 [INFO] src.graph_dqn: Graph-DQN train epoch 304/2000 (15.2%)  loss=0.000000  eta=7191.7s
2026-04-10 21:34:10 [INFO] src.graph_dqn: Graph-DQN train epoch 305/2000 (15.2%)  loss=0.000000  eta=7185.7s
2026-04-10 21:34:14 [INFO] src.graph_dqn: Graph-DQN train epoch 306/2000 (15.3%)  loss=0.000000  eta=7179.3s
2026-04-10 21:34:20 [INFO] src.graph_dqn: Graph-DQN train epoch 307/2000 (15.3%)  loss=0.000000  eta=7181.5s
2026-04-10 21:34:24 [INFO] src.graph_dqn: Graph-DQN train epoch 308/2000 (15.4%)  loss=0.000000  eta=7176.8s
2026-04-10 21:34:28 [INFO] src.graph_dqn: Graph-DQN train epoch 309/2000 (15.4%)  loss=0.000000  eta=7171.6s
2026-04-10 21:34:33 [INFO] src.graph_dqn: Graph-DQN train epoch 310/2000 (15.5%)  loss=0.000000  eta=7170.1s
2026-04-10 21:34:37 [INFO] src.graph_dqn: Graph-DQN train epoch 311/2000 (15.6%)  loss=0.000000  eta=7167.7s
2026-04-10 21:34:41 [INFO] src.graph_dqn: Graph-DQN train epoch 312/2000 (15.6%)  loss=0.000000  eta=7161.5s
2026-04-10 21:34:45 [INFO] src.graph_dqn: Graph-DQN train epoch 313/2000 (15.7%)  loss=0.000000  eta=7155.9s
2026-04-10 21:34:50 [INFO] src.graph_dqn: Graph-DQN train epoch 314/2000 (15.7%)  loss=0.000000  eta=7157.1s
2026-04-10 21:34:54 [INFO] src.graph_dqn: Graph-DQN train epoch 315/2000 (15.8%)  loss=0.000000  eta=7150.7s
2026-04-10 21:34:58 [INFO] src.graph_dqn: Graph-DQN train epoch 316/2000 (15.8%)  loss=0.000000  eta=7144.5s
2026-04-10 21:35:03 [INFO] src.graph_dqn: Graph-DQN train epoch 317/2000 (15.8%)  loss=0.000000  eta=7144.4s
2026-04-10 21:35:08 [INFO] src.graph_dqn: Graph-DQN train epoch 318/2000 (15.9%)  loss=0.000000  eta=7141.7s
2026-04-10 21:35:12 [INFO] src.graph_dqn: Graph-DQN train epoch 319/2000 (16.0%)  loss=0.000000  eta=7135.6s
2026-04-10 21:35:16 [INFO] src.graph_dqn: Graph-DQN train epoch 320/2000 (16.0%)  loss=0.000000  eta=7133.2s
2026-04-10 21:35:21 [INFO] src.graph_dqn: Graph-DQN train epoch 321/2000 (16.1%)  loss=0.000000  eta=7132.8s
2026-04-10 21:35:25 [INFO] src.graph_dqn: Graph-DQN train epoch 322/2000 (16.1%)  loss=0.000000  eta=7127.0s
2026-04-10 21:35:29 [INFO] src.graph_dqn: Graph-DQN train epoch 323/2000 (16.2%)  loss=0.000000  eta=7121.0s
2026-04-10 21:35:34 [INFO] src.graph_dqn: Graph-DQN train epoch 324/2000 (16.2%)  loss=0.026673  eta=7123.3s
2026-04-10 21:35:39 [INFO] src.graph_dqn: Graph-DQN train epoch 325/2000 (16.2%)  loss=0.000003  eta=7118.8s
2026-04-10 21:35:43 [INFO] src.graph_dqn: Graph-DQN train epoch 326/2000 (16.3%)  loss=0.000002  eta=7113.3s
2026-04-10 21:35:48 [INFO] src.graph_dqn: Graph-DQN train epoch 327/2000 (16.4%)  loss=0.000001  eta=7114.1s
2026-04-10 21:35:52 [INFO] src.graph_dqn: Graph-DQN train epoch 328/2000 (16.4%)  loss=0.000001  eta=7109.5s
2026-04-10 21:35:56 [INFO] src.graph_dqn: Graph-DQN train epoch 329/2000 (16.4%)  loss=0.000001  eta=7104.2s
2026-04-10 21:36:01 [INFO] src.graph_dqn: Graph-DQN train epoch 330/2000 (16.5%)  loss=0.000001  eta=7101.3s
2026-04-10 21:36:06 [INFO] src.graph_dqn: Graph-DQN train epoch 331/2000 (16.6%)  loss=0.000001  eta=7100.2s
2026-04-10 21:36:10 [INFO] src.graph_dqn: Graph-DQN train epoch 332/2000 (16.6%)  loss=0.000001  eta=7095.2s
2026-04-10 21:36:14 [INFO] src.graph_dqn: Graph-DQN train epoch 333/2000 (16.7%)  loss=0.000001  eta=7090.5s
2026-04-10 21:36:19 [INFO] src.graph_dqn: Graph-DQN train epoch 334/2000 (16.7%)  loss=0.000000  eta=7092.3s
2026-04-10 21:36:23 [INFO] src.graph_dqn: Graph-DQN train epoch 335/2000 (16.8%)  loss=0.000000  eta=7086.5s
2026-04-10 21:36:27 [INFO] src.graph_dqn: Graph-DQN train epoch 336/2000 (16.8%)  loss=0.000000  eta=7080.6s
2026-04-10 21:36:32 [INFO] src.graph_dqn: Graph-DQN train epoch 337/2000 (16.9%)  loss=0.000000  eta=7081.6s
2026-04-10 21:36:37 [INFO] src.graph_dqn: Graph-DQN train epoch 338/2000 (16.9%)  loss=0.000000  eta=7076.5s
2026-04-10 21:36:40 [INFO] src.graph_dqn: Graph-DQN train epoch 339/2000 (17.0%)  loss=0.000000  eta=7070.5s
2026-04-10 21:36:45 [INFO] src.graph_dqn: Graph-DQN train epoch 340/2000 (17.0%)  loss=0.000000  eta=7067.4s
2026-04-10 21:36:50 [INFO] src.graph_dqn: Graph-DQN train epoch 341/2000 (17.1%)  loss=0.000000  eta=7066.0s
2026-04-10 21:36:54 [INFO] src.graph_dqn: Graph-DQN train epoch 342/2000 (17.1%)  loss=0.000000  eta=7061.0s
2026-04-10 21:36:58 [INFO] src.graph_dqn: Graph-DQN train epoch 343/2000 (17.2%)  loss=0.022963  eta=7055.3s
2026-04-10 21:37:03 [INFO] src.graph_dqn: Graph-DQN train epoch 344/2000 (17.2%)  loss=0.000000  eta=7057.1s
2026-04-10 21:37:08 [INFO] src.graph_dqn: Graph-DQN train epoch 345/2000 (17.2%)  loss=0.000000  eta=7052.2s
2026-04-10 21:37:11 [INFO] src.graph_dqn: Graph-DQN train epoch 346/2000 (17.3%)  loss=0.000000  eta=7046.5s
2026-04-10 21:37:17 [INFO] src.graph_dqn: Graph-DQN train epoch 347/2000 (17.3%)  loss=0.000000  eta=7047.4s
2026-04-10 21:37:21 [INFO] src.graph_dqn: Graph-DQN train epoch 348/2000 (17.4%)  loss=0.000000  eta=7042.3s
2026-04-10 21:37:25 [INFO] src.graph_dqn: Graph-DQN train epoch 349/2000 (17.4%)  loss=0.000000  eta=7036.9s
2026-04-10 21:37:30 [INFO] src.graph_dqn: Graph-DQN train epoch 350/2000 (17.5%)  loss=0.000000  eta=7035.5s
2026-04-10 21:37:34 [INFO] src.graph_dqn: Graph-DQN train epoch 351/2000 (17.5%)  loss=0.000000  eta=7033.2s
2026-04-10 21:37:39 [INFO] src.graph_dqn: Graph-DQN train epoch 352/2000 (17.6%)  loss=0.000000  eta=7027.9s
2026-04-10 21:37:43 [INFO] src.graph_dqn: Graph-DQN train epoch 353/2000 (17.6%)  loss=0.000000  eta=7023.2s
2026-04-10 21:37:48 [INFO] src.graph_dqn: Graph-DQN train epoch 354/2000 (17.7%)  loss=0.000000  eta=7023.3s
2026-04-10 21:37:52 [INFO] src.graph_dqn: Graph-DQN train epoch 355/2000 (17.8%)  loss=0.000000  eta=7017.2s
2026-04-10 21:37:56 [INFO] src.graph_dqn: Graph-DQN train epoch 356/2000 (17.8%)  loss=0.000000  eta=7011.4s
2026-04-10 21:38:01 [INFO] src.graph_dqn: Graph-DQN train epoch 357/2000 (17.8%)  loss=0.000000  eta=7011.6s
2026-04-10 21:38:05 [INFO] src.graph_dqn: Graph-DQN train epoch 358/2000 (17.9%)  loss=0.000000  eta=7007.3s
2026-04-10 21:38:09 [INFO] src.graph_dqn: Graph-DQN train epoch 359/2000 (17.9%)  loss=0.000000  eta=7001.4s
2026-04-10 21:38:14 [INFO] src.graph_dqn: Graph-DQN train epoch 360/2000 (18.0%)  loss=0.000000  eta=6999.0s
2026-04-10 21:38:19 [INFO] src.graph_dqn: Graph-DQN train epoch 361/2000 (18.1%)  loss=0.000000  eta=6997.2s
2026-04-10 21:38:22 [INFO] src.graph_dqn: Graph-DQN train epoch 362/2000 (18.1%)  loss=0.000480  eta=6991.1s
2026-04-10 21:38:26 [INFO] src.graph_dqn: Graph-DQN train epoch 363/2000 (18.1%)  loss=0.000000  eta=6985.7s
2026-04-10 21:38:32 [INFO] src.graph_dqn: Graph-DQN train epoch 364/2000 (18.2%)  loss=0.000000  eta=6986.8s
2026-04-10 21:38:36 [INFO] src.graph_dqn: Graph-DQN train epoch 365/2000 (18.2%)  loss=0.000000  eta=6981.3s
2026-04-10 21:38:40 [INFO] src.graph_dqn: Graph-DQN train epoch 366/2000 (18.3%)  loss=0.000000  eta=6976.3s
2026-04-10 21:38:45 [INFO] src.graph_dqn: Graph-DQN train epoch 367/2000 (18.4%)  loss=0.000000  eta=6975.5s
2026-04-10 21:38:49 [INFO] src.graph_dqn: Graph-DQN train epoch 368/2000 (18.4%)  loss=0.000000  eta=6970.6s
2026-04-10 21:38:53 [INFO] src.graph_dqn: Graph-DQN train epoch 369/2000 (18.4%)  loss=0.000000  eta=6964.3s
2026-04-10 21:38:57 [INFO] src.graph_dqn: Graph-DQN train epoch 370/2000 (18.5%)  loss=0.000000  eta=6959.4s
2026-04-10 21:39:02 [INFO] src.graph_dqn: Graph-DQN train epoch 371/2000 (18.6%)  loss=0.000000  eta=6958.4s
2026-04-10 21:39:06 [INFO] src.graph_dqn: Graph-DQN train epoch 372/2000 (18.6%)  loss=0.000000  eta=6952.4s
2026-04-10 21:39:10 [INFO] src.graph_dqn: Graph-DQN train epoch 373/2000 (18.6%)  loss=0.000000  eta=6946.2s
2026-04-10 21:39:15 [INFO] src.graph_dqn: Graph-DQN train epoch 374/2000 (18.7%)  loss=0.000000  eta=6947.2s
2026-04-10 21:39:19 [INFO] src.graph_dqn: Graph-DQN train epoch 375/2000 (18.8%)  loss=0.000000  eta=6941.2s
2026-04-10 21:39:23 [INFO] src.graph_dqn: Graph-DQN train epoch 376/2000 (18.8%)  loss=0.000000  eta=6935.3s
2026-04-10 21:39:28 [INFO] src.graph_dqn: Graph-DQN train epoch 377/2000 (18.9%)  loss=0.000000  eta=6932.6s
2026-04-10 21:39:33 [INFO] src.graph_dqn: Graph-DQN train epoch 378/2000 (18.9%)  loss=0.000000  eta=6930.7s
2026-04-10 21:39:37 [INFO] src.graph_dqn: Graph-DQN train epoch 379/2000 (18.9%)  loss=0.000000  eta=6925.6s
2026-04-10 21:39:41 [INFO] src.graph_dqn: Graph-DQN train epoch 380/2000 (19.0%)  loss=0.000000  eta=6920.9s
2026-04-10 21:39:46 [INFO] src.graph_dqn: Graph-DQN train epoch 381/2000 (19.1%)  loss=0.000000  eta=6921.2s
2026-04-10 21:39:50 [INFO] src.graph_dqn: Graph-DQN train epoch 382/2000 (19.1%)  loss=0.000000  eta=6914.9s
2026-04-10 21:39:54 [INFO] src.graph_dqn: Graph-DQN train epoch 383/2000 (19.1%)  loss=0.000000  eta=6908.4s
2026-04-10 21:39:59 [INFO] src.graph_dqn: Graph-DQN train epoch 384/2000 (19.2%)  loss=0.000000  eta=6906.7s
2026-04-10 21:40:03 [INFO] src.graph_dqn: Graph-DQN train epoch 385/2000 (19.2%)  loss=0.000000  eta=6902.2s
2026-04-10 21:40:07 [INFO] src.graph_dqn: Graph-DQN train epoch 386/2000 (19.3%)  loss=0.000000  eta=6896.1s
2026-04-10 21:40:11 [INFO] src.graph_dqn: Graph-DQN train epoch 387/2000 (19.4%)  loss=0.000000  eta=6891.7s
2026-04-10 21:40:16 [INFO] src.graph_dqn: Graph-DQN train epoch 388/2000 (19.4%)  loss=0.031075  eta=6890.6s
2026-04-10 21:40:20 [INFO] src.graph_dqn: Graph-DQN train epoch 389/2000 (19.4%)  loss=0.000000  eta=6884.0s
2026-04-10 21:40:23 [INFO] src.graph_dqn: Graph-DQN train epoch 390/2000 (19.5%)  loss=0.000000  eta=6877.7s
2026-04-10 21:40:28 [INFO] src.graph_dqn: Graph-DQN train epoch 391/2000 (19.6%)  loss=0.000000  eta=6876.4s
2026-04-10 21:40:33 [INFO] src.graph_dqn: Graph-DQN train epoch 392/2000 (19.6%)  loss=0.000000  eta=6871.6s
2026-04-10 21:40:36 [INFO] src.graph_dqn: Graph-DQN train epoch 393/2000 (19.7%)  loss=0.000000  eta=6865.4s
2026-04-10 21:40:41 [INFO] src.graph_dqn: Graph-DQN train epoch 394/2000 (19.7%)  loss=0.000000  eta=6860.7s
2026-04-10 21:40:46 [INFO] src.graph_dqn: Graph-DQN train epoch 395/2000 (19.8%)  loss=0.000000  eta=6859.1s
2026-04-10 21:40:49 [INFO] src.graph_dqn: Graph-DQN train epoch 396/2000 (19.8%)  loss=0.000000  eta=6852.4s
2026-04-10 21:40:53 [INFO] src.graph_dqn: Graph-DQN train epoch 397/2000 (19.9%)  loss=0.000000  eta=6846.1s
2026-04-10 21:40:58 [INFO] src.graph_dqn: Graph-DQN train epoch 398/2000 (19.9%)  loss=0.000000  eta=6844.7s
2026-04-10 21:41:02 [INFO] src.graph_dqn: Graph-DQN train epoch 399/2000 (20.0%)  loss=0.000000  eta=6839.7s
2026-04-10 21:41:06 [INFO] src.graph_dqn: Graph-DQN train epoch 400/2000 (20.0%)  loss=0.000000  eta=6833.7s
2026-04-10 21:41:06 [INFO] __main__: Saved selector checkpoint: dqn_model_rlcg_epoch_1400.pt
2026-04-10 21:41:10 [INFO] src.graph_dqn: Graph-DQN train epoch 401/2000 (20.1%)  loss=0.000000  eta=6829.2s
2026-04-10 21:41:15 [INFO] src.graph_dqn: Graph-DQN train epoch 402/2000 (20.1%)  loss=0.000000  eta=6827.9s
2026-04-10 21:41:19 [INFO] src.graph_dqn: Graph-DQN train epoch 403/2000 (20.2%)  loss=0.000000  eta=6822.2s
2026-04-10 21:41:23 [INFO] src.graph_dqn: Graph-DQN train epoch 404/2000 (20.2%)  loss=0.000000  eta=6816.1s
2026-04-10 21:41:28 [INFO] src.graph_dqn: Graph-DQN train epoch 405/2000 (20.2%)  loss=0.000000  eta=6816.0s
2026-04-10 21:41:32 [INFO] src.graph_dqn: Graph-DQN train epoch 406/2000 (20.3%)  loss=0.000000  eta=6810.6s
2026-04-10 21:41:36 [INFO] src.graph_dqn: Graph-DQN train epoch 407/2000 (20.3%)  loss=0.000000  eta=6804.4s
2026-04-10 21:41:40 [INFO] src.graph_dqn: Graph-DQN train epoch 408/2000 (20.4%)  loss=0.012674  eta=6800.8s
2026-04-10 21:41:45 [INFO] src.graph_dqn: Graph-DQN train epoch 409/2000 (20.4%)  loss=0.000001  eta=6798.2s
2026-04-10 21:41:49 [INFO] src.graph_dqn: Graph-DQN train epoch 410/2000 (20.5%)  loss=0.000001  eta=6791.9s
2026-04-10 21:41:53 [INFO] src.graph_dqn: Graph-DQN train epoch 411/2000 (20.5%)  loss=0.000001  eta=6785.9s
2026-04-10 21:41:58 [INFO] src.graph_dqn: Graph-DQN train epoch 412/2000 (20.6%)  loss=0.000000  eta=6785.7s
2026-04-10 21:42:02 [INFO] src.graph_dqn: Graph-DQN train epoch 413/2000 (20.6%)  loss=0.000000  eta=6779.6s
2026-04-10 21:42:06 [INFO] src.graph_dqn: Graph-DQN train epoch 414/2000 (20.7%)  loss=0.000000  eta=6773.5s
2026-04-10 21:42:10 [INFO] src.graph_dqn: Graph-DQN train epoch 415/2000 (20.8%)  loss=0.000000  eta=6770.1s
2026-04-10 21:42:15 [INFO] src.graph_dqn: Graph-DQN train epoch 416/2000 (20.8%)  loss=0.000000  eta=6767.1s
2026-04-10 21:42:19 [INFO] src.graph_dqn: Graph-DQN train epoch 417/2000 (20.8%)  loss=0.000000  eta=6761.5s
2026-04-10 21:42:22 [INFO] src.graph_dqn: Graph-DQN train epoch 418/2000 (20.9%)  loss=0.000000  eta=6755.0s
2026-04-10 21:42:28 [INFO] src.graph_dqn: Graph-DQN train epoch 419/2000 (20.9%)  loss=0.000000  eta=6754.8s
2026-04-10 21:42:31 [INFO] src.graph_dqn: Graph-DQN train epoch 420/2000 (21.0%)  loss=0.000000  eta=6748.6s
2026-04-10 21:42:35 [INFO] src.graph_dqn: Graph-DQN train epoch 421/2000 (21.1%)  loss=0.000000  eta=6742.2s
2026-04-10 21:42:40 [INFO] src.graph_dqn: Graph-DQN train epoch 422/2000 (21.1%)  loss=0.000000  eta=6738.6s
2026-04-10 21:42:44 [INFO] src.graph_dqn: Graph-DQN train epoch 423/2000 (21.1%)  loss=0.000000  eta=6735.5s
2026-04-10 21:42:48 [INFO] src.graph_dqn: Graph-DQN train epoch 424/2000 (21.2%)  loss=0.000000  eta=6729.2s
2026-04-10 21:42:52 [INFO] src.graph_dqn: Graph-DQN train epoch 425/2000 (21.2%)  loss=0.000000  eta=6723.2s
2026-04-10 21:42:57 [INFO] src.graph_dqn: Graph-DQN train epoch 426/2000 (21.3%)  loss=0.000000  eta=6722.7s
2026-04-10 21:43:01 [INFO] src.graph_dqn: Graph-DQN train epoch 427/2000 (21.3%)  loss=0.000000  eta=6716.2s
2026-04-10 21:43:04 [INFO] src.graph_dqn: Graph-DQN train epoch 428/2000 (21.4%)  loss=0.000000  eta=6710.1s
2026-04-10 21:43:09 [INFO] src.graph_dqn: Graph-DQN train epoch 429/2000 (21.4%)  loss=0.000000  eta=6706.2s
2026-04-10 21:43:13 [INFO] src.graph_dqn: Graph-DQN train epoch 430/2000 (21.5%)  loss=0.000000  eta=6703.5s
2026-04-10 21:43:17 [INFO] src.graph_dqn: Graph-DQN train epoch 431/2000 (21.6%)  loss=0.000000  eta=6697.5s
2026-04-10 21:43:21 [INFO] src.graph_dqn: Graph-DQN train epoch 432/2000 (21.6%)  loss=0.000000  eta=6691.3s
2026-04-10 21:43:26 [INFO] src.graph_dqn: Graph-DQN train epoch 433/2000 (21.6%)  loss=0.000000  eta=6691.4s
2026-04-10 21:43:30 [INFO] src.graph_dqn: Graph-DQN train epoch 434/2000 (21.7%)  loss=0.000000  eta=6685.4s
2026-04-10 21:43:34 [INFO] src.graph_dqn: Graph-DQN train epoch 435/2000 (21.8%)  loss=0.069600  eta=6679.3s
2026-04-10 21:43:38 [INFO] src.graph_dqn: Graph-DQN train epoch 436/2000 (21.8%)  loss=0.000000  eta=6675.6s
2026-04-10 21:43:43 [INFO] src.graph_dqn: Graph-DQN train epoch 437/2000 (21.9%)  loss=0.000000  eta=6673.1s
2026-04-10 21:43:47 [INFO] src.graph_dqn: Graph-DQN train epoch 438/2000 (21.9%)  loss=0.000000  eta=6667.2s
2026-04-10 21:43:51 [INFO] src.graph_dqn: Graph-DQN train epoch 439/2000 (21.9%)  loss=0.000000  eta=6661.1s
2026-04-10 21:43:56 [INFO] src.graph_dqn: Graph-DQN train epoch 440/2000 (22.0%)  loss=0.000000  eta=6660.6s
2026-04-10 21:44:00 [INFO] src.graph_dqn: Graph-DQN train epoch 441/2000 (22.1%)  loss=0.000000  eta=6654.2s
2026-04-10 21:44:04 [INFO] src.graph_dqn: Graph-DQN train epoch 442/2000 (22.1%)  loss=0.000000  eta=6648.4s
2026-04-10 21:44:08 [INFO] src.graph_dqn: Graph-DQN train epoch 443/2000 (22.1%)  loss=0.000000  eta=6644.4s
2026-04-10 21:44:13 [INFO] src.graph_dqn: Graph-DQN train epoch 444/2000 (22.2%)  loss=0.000000  eta=6641.7s
2026-04-10 21:44:16 [INFO] src.graph_dqn: Graph-DQN train epoch 445/2000 (22.2%)  loss=0.000000  eta=6635.4s
2026-04-10 21:44:20 [INFO] src.graph_dqn: Graph-DQN train epoch 446/2000 (22.3%)  loss=0.000000  eta=6629.1s
2026-04-10 21:44:25 [INFO] src.graph_dqn: Graph-DQN train epoch 447/2000 (22.4%)  loss=0.000000  eta=6628.3s
2026-04-10 21:44:29 [INFO] src.graph_dqn: Graph-DQN train epoch 448/2000 (22.4%)  loss=0.000000  eta=6622.4s
2026-04-10 21:44:33 [INFO] src.graph_dqn: Graph-DQN train epoch 449/2000 (22.4%)  loss=0.000000  eta=6616.2s
2026-04-10 21:44:37 [INFO] src.graph_dqn: Graph-DQN train epoch 450/2000 (22.5%)  loss=0.000000  eta=6612.4s
2026-04-10 21:44:42 [INFO] src.graph_dqn: Graph-DQN train epoch 451/2000 (22.6%)  loss=0.000000  eta=6609.7s
2026-04-10 21:44:46 [INFO] src.graph_dqn: Graph-DQN train epoch 452/2000 (22.6%)  loss=0.000000  eta=6603.6s
2026-04-10 21:44:49 [INFO] src.graph_dqn: Graph-DQN train epoch 453/2000 (22.7%)  loss=0.000000  eta=6597.4s
2026-04-10 21:44:54 [INFO] src.graph_dqn: Graph-DQN train epoch 454/2000 (22.7%)  loss=0.000000  eta=6596.1s
2026-04-10 21:44:58 [INFO] src.graph_dqn: Graph-DQN train epoch 455/2000 (22.8%)  loss=0.000000  eta=6590.7s
2026-04-10 21:45:02 [INFO] src.graph_dqn: Graph-DQN train epoch 456/2000 (22.8%)  loss=0.000000  eta=6584.9s
2026-04-10 21:45:06 [INFO] src.graph_dqn: Graph-DQN train epoch 457/2000 (22.9%)  loss=0.000008  eta=6580.8s
2026-04-10 21:45:11 [INFO] src.graph_dqn: Graph-DQN train epoch 458/2000 (22.9%)  loss=0.039704  eta=6578.4s
2026-04-10 21:45:15 [INFO] src.graph_dqn: Graph-DQN train epoch 459/2000 (22.9%)  loss=0.000001  eta=6572.4s
2026-04-10 21:45:19 [INFO] src.graph_dqn: Graph-DQN train epoch 460/2000 (23.0%)  loss=0.000001  eta=6566.3s
2026-04-10 21:45:24 [INFO] src.graph_dqn: Graph-DQN train epoch 461/2000 (23.1%)  loss=0.000001  eta=6565.1s
2026-04-10 21:45:28 [INFO] src.graph_dqn: Graph-DQN train epoch 462/2000 (23.1%)  loss=0.000001  eta=6559.7s
2026-04-10 21:45:32 [INFO] src.graph_dqn: Graph-DQN train epoch 463/2000 (23.2%)  loss=0.000001  eta=6554.0s
2026-04-10 21:45:36 [INFO] src.graph_dqn: Graph-DQN train epoch 464/2000 (23.2%)  loss=0.000001  eta=6550.3s
2026-04-10 21:45:41 [INFO] src.graph_dqn: Graph-DQN train epoch 465/2000 (23.2%)  loss=0.000001  eta=6547.5s
2026-04-10 21:45:45 [INFO] src.graph_dqn: Graph-DQN train epoch 466/2000 (23.3%)  loss=0.000001  eta=6541.6s
2026-04-10 21:45:48 [INFO] src.graph_dqn: Graph-DQN train epoch 467/2000 (23.4%)  loss=0.000001  eta=6535.6s
2026-04-10 21:45:53 [INFO] src.graph_dqn: Graph-DQN train epoch 468/2000 (23.4%)  loss=0.000001  eta=6534.1s
2026-04-10 21:45:57 [INFO] src.graph_dqn: Graph-DQN train epoch 469/2000 (23.4%)  loss=0.000000  eta=6528.8s
2026-04-10 21:46:01 [INFO] src.graph_dqn: Graph-DQN train epoch 470/2000 (23.5%)  loss=0.000000  eta=6522.9s
2026-04-10 21:46:06 [INFO] src.graph_dqn: Graph-DQN train epoch 471/2000 (23.5%)  loss=0.000000  eta=6519.1s
2026-04-10 21:46:10 [INFO] src.graph_dqn: Graph-DQN train epoch 472/2000 (23.6%)  loss=0.000000  eta=6516.6s
2026-04-10 21:46:14 [INFO] src.graph_dqn: Graph-DQN train epoch 473/2000 (23.6%)  loss=0.000000  eta=6510.7s
2026-04-10 21:46:18 [INFO] src.graph_dqn: Graph-DQN train epoch 474/2000 (23.7%)  loss=0.000000  eta=6504.7s
2026-04-10 21:46:23 [INFO] src.graph_dqn: Graph-DQN train epoch 475/2000 (23.8%)  loss=0.000000  eta=6503.6s
2026-04-10 21:46:27 [INFO] src.graph_dqn: Graph-DQN train epoch 476/2000 (23.8%)  loss=0.000000  eta=6497.9s
2026-04-10 21:46:31 [INFO] src.graph_dqn: Graph-DQN train epoch 477/2000 (23.8%)  loss=0.000000  eta=6491.9s
2026-04-10 21:46:35 [INFO] src.graph_dqn: Graph-DQN train epoch 478/2000 (23.9%)  loss=0.000000  eta=6487.2s
2026-04-10 21:46:40 [INFO] src.graph_dqn: Graph-DQN train epoch 479/2000 (23.9%)  loss=0.000000  eta=6484.8s
2026-04-10 21:46:43 [INFO] src.graph_dqn: Graph-DQN train epoch 480/2000 (24.0%)  loss=0.000000  eta=6478.6s
2026-04-10 21:46:47 [INFO] src.graph_dqn: Graph-DQN train epoch 481/2000 (24.1%)  loss=0.000000  eta=6472.6s
2026-04-10 21:46:52 [INFO] src.graph_dqn: Graph-DQN train epoch 482/2000 (24.1%)  loss=0.000000  eta=6470.4s
2026-04-10 21:46:56 [INFO] src.graph_dqn: Graph-DQN train epoch 483/2000 (24.1%)  loss=0.025778  eta=6465.6s
2026-04-10 21:47:00 [INFO] src.graph_dqn: Graph-DQN train epoch 484/2000 (24.2%)  loss=0.000000  eta=6459.4s
2026-04-10 21:47:04 [INFO] src.graph_dqn: Graph-DQN train epoch 485/2000 (24.2%)  loss=0.000000  eta=6454.1s
2026-04-10 21:47:09 [INFO] src.graph_dqn: Graph-DQN train epoch 486/2000 (24.3%)  loss=0.000000  eta=6452.4s
2026-04-10 21:47:12 [INFO] src.graph_dqn: Graph-DQN train epoch 487/2000 (24.3%)  loss=0.000000  eta=6446.4s
2026-04-10 21:47:16 [INFO] src.graph_dqn: Graph-DQN train epoch 488/2000 (24.4%)  loss=0.000000  eta=6440.4s
2026-04-10 21:47:21 [INFO] src.graph_dqn: Graph-DQN train epoch 489/2000 (24.4%)  loss=0.000000  eta=6437.3s
2026-04-10 21:47:25 [INFO] src.graph_dqn: Graph-DQN train epoch 490/2000 (24.5%)  loss=0.000000  eta=6433.1s
2026-04-10 21:47:29 [INFO] src.graph_dqn: Graph-DQN train epoch 491/2000 (24.6%)  loss=0.000000  eta=6427.3s
2026-04-10 21:47:33 [INFO] src.graph_dqn: Graph-DQN train epoch 492/2000 (24.6%)  loss=0.000000  eta=6421.8s
2026-04-10 21:47:38 [INFO] src.graph_dqn: Graph-DQN train epoch 493/2000 (24.6%)  loss=0.000000  eta=6420.4s
2026-04-10 21:47:42 [INFO] src.graph_dqn: Graph-DQN train epoch 494/2000 (24.7%)  loss=0.000000  eta=6414.6s
2026-04-10 21:47:45 [INFO] src.graph_dqn: Graph-DQN train epoch 495/2000 (24.8%)  loss=0.000000  eta=6408.7s
2026-04-10 21:47:50 [INFO] src.graph_dqn: Graph-DQN train epoch 496/2000 (24.8%)  loss=0.000000  eta=6405.4s
2026-04-10 21:47:54 [INFO] src.graph_dqn: Graph-DQN train epoch 497/2000 (24.9%)  loss=0.000000  eta=6401.5s
2026-04-10 21:47:58 [INFO] src.graph_dqn: Graph-DQN train epoch 498/2000 (24.9%)  loss=0.000000  eta=6395.5s
2026-04-10 21:48:02 [INFO] src.graph_dqn: Graph-DQN train epoch 499/2000 (24.9%)  loss=0.000000  eta=6389.6s
2026-04-10 21:48:07 [INFO] src.graph_dqn: Graph-DQN train epoch 500/2000 (25.0%)  loss=0.000000  eta=6388.5s
2026-04-10 21:48:07 [INFO] __main__: Saved selector checkpoint: dqn_model_rlcg_epoch_1500.pt
2026-04-10 21:48:11 [INFO] src.graph_dqn: Graph-DQN train epoch 501/2000 (25.1%)  loss=0.000000  eta=6382.7s
2026-04-10 21:48:14 [INFO] src.graph_dqn: Graph-DQN train epoch 502/2000 (25.1%)  loss=0.000000  eta=6376.9s
2026-04-10 21:48:19 [INFO] src.graph_dqn: Graph-DQN train epoch 503/2000 (25.1%)  loss=0.000000  eta=6373.5s
2026-04-10 21:48:23 [INFO] src.graph_dqn: Graph-DQN train epoch 504/2000 (25.2%)  loss=0.000000  eta=6369.8s
2026-04-10 21:48:27 [INFO] src.graph_dqn: Graph-DQN train epoch 505/2000 (25.2%)  loss=0.000000  eta=6364.1s
2026-04-10 21:48:31 [INFO] src.graph_dqn: Graph-DQN train epoch 506/2000 (25.3%)  loss=0.000000  eta=6358.3s
2026-04-10 21:48:36 [INFO] src.graph_dqn: Graph-DQN train epoch 507/2000 (25.4%)  loss=0.015343  eta=6357.0s
2026-04-10 21:48:40 [INFO] src.graph_dqn: Graph-DQN train epoch 508/2000 (25.4%)  loss=0.000000  eta=6351.2s
2026-04-10 21:48:44 [INFO] src.graph_dqn: Graph-DQN train epoch 509/2000 (25.4%)  loss=0.000000  eta=6345.3s
2026-04-10 21:48:48 [INFO] src.graph_dqn: Graph-DQN train epoch 510/2000 (25.5%)  loss=0.000000  eta=6341.5s
2026-04-10 21:48:53 [INFO] src.graph_dqn: Graph-DQN train epoch 511/2000 (25.6%)  loss=0.000000  eta=6338.3s
2026-04-10 21:48:56 [INFO] src.graph_dqn: Graph-DQN train epoch 512/2000 (25.6%)  loss=0.000000  eta=6332.5s
2026-04-10 21:49:00 [INFO] src.graph_dqn: Graph-DQN train epoch 513/2000 (25.7%)  loss=0.000000  eta=6326.5s
2026-04-10 21:49:05 [INFO] src.graph_dqn: Graph-DQN train epoch 514/2000 (25.7%)  loss=0.000000  eta=6324.9s
2026-04-10 21:49:09 [INFO] src.graph_dqn: Graph-DQN train epoch 515/2000 (25.8%)  loss=0.000000  eta=6319.6s
2026-04-10 21:49:13 [INFO] src.graph_dqn: Graph-DQN train epoch 516/2000 (25.8%)  loss=0.000000  eta=6313.9s
2026-04-10 21:49:17 [INFO] src.graph_dqn: Graph-DQN train epoch 517/2000 (25.9%)  loss=0.000000  eta=6309.4s
2026-04-10 21:49:22 [INFO] src.graph_dqn: Graph-DQN train epoch 518/2000 (25.9%)  loss=0.000000  eta=6306.6s
2026-04-10 21:49:26 [INFO] src.graph_dqn: Graph-DQN train epoch 519/2000 (25.9%)  loss=0.000000  eta=6301.0s
2026-04-10 21:49:29 [INFO] src.graph_dqn: Graph-DQN train epoch 520/2000 (26.0%)  loss=0.000000  eta=6295.2s
2026-04-10 21:49:34 [INFO] src.graph_dqn: Graph-DQN train epoch 521/2000 (26.1%)  loss=0.000000  eta=6293.0s
2026-04-10 21:49:38 [INFO] src.graph_dqn: Graph-DQN train epoch 522/2000 (26.1%)  loss=0.000000  eta=6288.2s
2026-04-10 21:49:42 [INFO] src.graph_dqn: Graph-DQN train epoch 523/2000 (26.2%)  loss=0.000000  eta=6282.3s
2026-04-10 21:49:46 [INFO] src.graph_dqn: Graph-DQN train epoch 524/2000 (26.2%)  loss=0.000000  eta=6277.6s
2026-04-10 21:49:51 [INFO] src.graph_dqn: Graph-DQN train epoch 525/2000 (26.2%)  loss=0.000000  eta=6275.2s
2026-04-10 21:49:55 [INFO] src.graph_dqn: Graph-DQN train epoch 526/2000 (26.3%)  loss=0.000000  eta=6269.5s
2026-04-10 21:49:58 [INFO] src.graph_dqn: Graph-DQN train epoch 527/2000 (26.4%)  loss=0.000000  eta=6263.6s
2026-04-10 21:50:03 [INFO] src.graph_dqn: Graph-DQN train epoch 528/2000 (26.4%)  loss=0.000000  eta=6261.2s
2026-04-10 21:50:07 [INFO] src.graph_dqn: Graph-DQN train epoch 529/2000 (26.5%)  loss=0.000000  eta=6256.8s
2026-04-10 21:50:11 [INFO] src.graph_dqn: Graph-DQN train epoch 530/2000 (26.5%)  loss=0.000000  eta=6251.2s
2026-04-10 21:50:15 [INFO] src.graph_dqn: Graph-DQN train epoch 531/2000 (26.6%)  loss=0.022653  eta=6246.4s
2026-04-10 21:50:20 [INFO] src.graph_dqn: Graph-DQN train epoch 532/2000 (26.6%)  loss=0.000000  eta=6244.1s
2026-04-10 21:50:24 [INFO] src.graph_dqn: Graph-DQN train epoch 533/2000 (26.7%)  loss=0.000000  eta=6238.5s
2026-04-10 21:50:28 [INFO] src.graph_dqn: Graph-DQN train epoch 534/2000 (26.7%)  loss=0.000000  eta=6232.8s
2026-04-10 21:50:33 [INFO] src.graph_dqn: Graph-DQN train epoch 535/2000 (26.8%)  loss=0.000000  eta=6230.0s
2026-04-10 21:50:37 [INFO] src.graph_dqn: Graph-DQN train epoch 536/2000 (26.8%)  loss=0.000000  eta=6225.6s
2026-04-10 21:50:40 [INFO] src.graph_dqn: Graph-DQN train epoch 537/2000 (26.9%)  loss=0.000000  eta=6219.9s
2026-04-10 21:50:44 [INFO] src.graph_dqn: Graph-DQN train epoch 538/2000 (26.9%)  loss=0.000000  eta=6214.7s
2026-04-10 21:50:49 [INFO] src.graph_dqn: Graph-DQN train epoch 539/2000 (27.0%)  loss=0.000000  eta=6212.5s
2026-04-10 21:50:53 [INFO] src.graph_dqn: Graph-DQN train epoch 540/2000 (27.0%)  loss=0.000000  eta=6206.7s
2026-04-10 21:50:57 [INFO] src.graph_dqn: Graph-DQN train epoch 541/2000 (27.1%)  loss=0.000000  eta=6201.0s
2026-04-10 21:51:01 [INFO] src.graph_dqn: Graph-DQN train epoch 542/2000 (27.1%)  loss=0.000000  eta=6197.6s
2026-04-10 21:51:06 [INFO] src.graph_dqn: Graph-DQN train epoch 543/2000 (27.2%)  loss=0.000000  eta=6193.8s
2026-04-10 21:51:09 [INFO] src.graph_dqn: Graph-DQN train epoch 544/2000 (27.2%)  loss=0.000000  eta=6188.1s
2026-04-10 21:51:13 [INFO] src.graph_dqn: Graph-DQN train epoch 545/2000 (27.3%)  loss=0.000000  eta=6182.3s
2026-04-10 21:51:18 [INFO] src.graph_dqn: Graph-DQN train epoch 546/2000 (27.3%)  loss=0.000000  eta=6180.7s
2026-04-10 21:51:22 [INFO] src.graph_dqn: Graph-DQN train epoch 547/2000 (27.4%)  loss=0.000000  eta=6175.0s
2026-04-10 21:51:26 [INFO] src.graph_dqn: Graph-DQN train epoch 548/2000 (27.4%)  loss=0.000000  eta=6169.5s
2026-04-10 21:51:30 [INFO] src.graph_dqn: Graph-DQN train epoch 549/2000 (27.5%)  loss=0.000000  eta=6166.0s
2026-04-10 21:51:35 [INFO] src.graph_dqn: Graph-DQN train epoch 550/2000 (27.5%)  loss=0.000000  eta=6162.7s
2026-04-10 21:51:39 [INFO] src.graph_dqn: Graph-DQN train epoch 551/2000 (27.6%)  loss=0.000000  eta=6157.3s
2026-04-10 21:51:42 [INFO] src.graph_dqn: Graph-DQN train epoch 552/2000 (27.6%)  loss=0.000000  eta=6151.5s
2026-04-10 21:51:48 [INFO] src.graph_dqn: Graph-DQN train epoch 553/2000 (27.7%)  loss=0.000000  eta=6149.8s
2026-04-10 21:51:51 [INFO] src.graph_dqn: Graph-DQN train epoch 554/2000 (27.7%)  loss=0.000000  eta=6144.0s
2026-04-10 21:51:55 [INFO] src.graph_dqn: Graph-DQN train epoch 555/2000 (27.8%)  loss=0.000000  eta=6138.5s
2026-04-10 21:51:59 [INFO] src.graph_dqn: Graph-DQN train epoch 556/2000 (27.8%)  loss=0.000000  eta=6134.2s
2026-04-10 21:52:04 [INFO] src.graph_dqn: Graph-DQN train epoch 557/2000 (27.9%)  loss=0.000000  eta=6131.3s
2026-04-10 21:52:08 [INFO] src.graph_dqn: Graph-DQN train epoch 558/2000 (27.9%)  loss=0.000000  eta=6125.7s
2026-04-10 21:52:12 [INFO] src.graph_dqn: Graph-DQN train epoch 559/2000 (28.0%)  loss=0.000000  eta=6120.0s
2026-04-10 21:52:17 [INFO] src.graph_dqn: Graph-DQN train epoch 560/2000 (28.0%)  loss=0.018726  eta=6118.1s
2026-04-10 21:52:20 [INFO] src.graph_dqn: Graph-DQN train epoch 561/2000 (28.1%)  loss=0.013841  eta=6112.7s
2026-04-10 21:52:24 [INFO] src.graph_dqn: Graph-DQN train epoch 562/2000 (28.1%)  loss=0.000000  eta=6107.0s
2026-04-10 21:52:28 [INFO] src.graph_dqn: Graph-DQN train epoch 563/2000 (28.1%)  loss=0.000000  eta=6102.4s
2026-04-10 21:52:33 [INFO] src.graph_dqn: Graph-DQN train epoch 564/2000 (28.2%)  loss=0.000000  eta=6099.6s
2026-04-10 21:52:37 [INFO] src.graph_dqn: Graph-DQN train epoch 565/2000 (28.2%)  loss=0.000000  eta=6094.2s
2026-04-10 21:52:41 [INFO] src.graph_dqn: Graph-DQN train epoch 566/2000 (28.3%)  loss=0.000000  eta=6088.5s
2026-04-10 21:52:45 [INFO] src.graph_dqn: Graph-DQN train epoch 567/2000 (28.3%)  loss=0.000000  eta=6085.8s
2026-04-10 21:52:49 [INFO] src.graph_dqn: Graph-DQN train epoch 568/2000 (28.4%)  loss=0.000000  eta=6081.0s
2026-04-10 21:52:53 [INFO] src.graph_dqn: Graph-DQN train epoch 569/2000 (28.4%)  loss=0.000000  eta=6075.2s
2026-04-10 21:52:57 [INFO] src.graph_dqn: Graph-DQN train epoch 570/2000 (28.5%)  loss=0.000000  eta=6070.0s
2026-04-10 21:53:02 [INFO] src.graph_dqn: Graph-DQN train epoch 571/2000 (28.5%)  loss=0.000000  eta=6067.8s
2026-04-10 21:53:06 [INFO] src.graph_dqn: Graph-DQN train epoch 572/2000 (28.6%)  loss=0.000000  eta=6062.3s
2026-04-10 21:53:10 [INFO] src.graph_dqn: Graph-DQN train epoch 573/2000 (28.6%)  loss=0.000000  eta=6056.9s
2026-04-10 21:53:14 [INFO] src.graph_dqn: Graph-DQN train epoch 574/2000 (28.7%)  loss=0.000000  eta=6053.7s
2026-04-10 21:53:18 [INFO] src.graph_dqn: Graph-DQN train epoch 575/2000 (28.7%)  loss=0.000000  eta=6049.5s
2026-04-10 21:53:22 [INFO] src.graph_dqn: Graph-DQN train epoch 576/2000 (28.8%)  loss=0.000000  eta=6043.8s
2026-04-10 21:53:26 [INFO] src.graph_dqn: Graph-DQN train epoch 577/2000 (28.8%)  loss=0.000000  eta=6038.3s
2026-04-10 21:53:31 [INFO] src.graph_dqn: Graph-DQN train epoch 578/2000 (28.9%)  loss=0.000000  eta=6036.5s
2026-04-10 21:53:35 [INFO] src.graph_dqn: Graph-DQN train epoch 579/2000 (28.9%)  loss=0.000000  eta=6031.0s
2026-04-10 21:53:39 [INFO] src.graph_dqn: Graph-DQN train epoch 580/2000 (29.0%)  loss=0.000000  eta=6025.8s
2026-04-10 21:53:43 [INFO] src.graph_dqn: Graph-DQN train epoch 581/2000 (29.0%)  loss=0.000000  eta=6022.3s
2026-04-10 21:53:48 [INFO] src.graph_dqn: Graph-DQN train epoch 582/2000 (29.1%)  loss=0.000000  eta=6018.6s
2026-04-10 21:53:51 [INFO] src.graph_dqn: Graph-DQN train epoch 583/2000 (29.1%)  loss=0.001301  eta=6013.0s
2026-04-10 21:53:55 [INFO] src.graph_dqn: Graph-DQN train epoch 584/2000 (29.2%)  loss=0.014137  eta=6007.6s
2026-04-10 21:54:00 [INFO] src.graph_dqn: Graph-DQN train epoch 585/2000 (29.2%)  loss=0.000000  eta=6005.6s
2026-04-10 21:54:04 [INFO] src.graph_dqn: Graph-DQN train epoch 586/2000 (29.3%)  loss=0.000000  eta=6000.0s
2026-04-10 21:54:08 [INFO] src.graph_dqn: Graph-DQN train epoch 587/2000 (29.3%)  loss=0.000000  eta=5994.5s
2026-04-10 21:54:12 [INFO] src.graph_dqn: Graph-DQN train epoch 588/2000 (29.4%)  loss=0.000000  eta=5990.4s
2026-04-10 21:54:17 [INFO] src.graph_dqn: Graph-DQN train epoch 589/2000 (29.4%)  loss=0.000000  eta=5987.3s
2026-04-10 21:54:20 [INFO] src.graph_dqn: Graph-DQN train epoch 590/2000 (29.5%)  loss=0.000000  eta=5981.5s
2026-04-10 21:54:24 [INFO] src.graph_dqn: Graph-DQN train epoch 591/2000 (29.5%)  loss=0.000000  eta=5976.0s
2026-04-10 21:54:29 [INFO] src.graph_dqn: Graph-DQN train epoch 592/2000 (29.6%)  loss=0.000000  eta=5973.6s
2026-04-10 21:54:33 [INFO] src.graph_dqn: Graph-DQN train epoch 593/2000 (29.6%)  loss=0.000000  eta=5968.5s
2026-04-10 21:54:37 [INFO] src.graph_dqn: Graph-DQN train epoch 594/2000 (29.7%)  loss=0.000000  eta=5963.2s
2026-04-10 21:54:41 [INFO] src.graph_dqn: Graph-DQN train epoch 595/2000 (29.8%)  loss=0.000000  eta=5958.6s
2026-04-10 21:54:46 [INFO] src.graph_dqn: Graph-DQN train epoch 596/2000 (29.8%)  loss=0.000000  eta=5955.7s
2026-04-10 21:54:49 [INFO] src.graph_dqn: Graph-DQN train epoch 597/2000 (29.8%)  loss=0.000000  eta=5950.0s
2026-04-10 21:54:53 [INFO] src.graph_dqn: Graph-DQN train epoch 598/2000 (29.9%)  loss=0.000000  eta=5944.4s
2026-04-10 21:54:58 [INFO] src.graph_dqn: Graph-DQN train epoch 599/2000 (29.9%)  loss=0.000000  eta=5941.5s
2026-04-10 21:55:02 [INFO] src.graph_dqn: Graph-DQN train epoch 600/2000 (30.0%)  loss=0.000000  eta=5937.1s
2026-04-10 21:55:02 [INFO] __main__: Saved selector checkpoint: dqn_model_rlcg_epoch_1600.pt
2026-04-10 21:55:06 [INFO] src.graph_dqn: Graph-DQN train epoch 601/2000 (30.0%)  loss=0.000000  eta=5931.7s
2026-04-10 21:55:10 [INFO] src.graph_dqn: Graph-DQN train epoch 602/2000 (30.1%)  loss=0.004505  eta=5926.6s
2026-04-10 21:55:15 [INFO] src.graph_dqn: Graph-DQN train epoch 603/2000 (30.1%)  loss=0.000000  eta=5924.4s
2026-04-10 21:55:18 [INFO] src.graph_dqn: Graph-DQN train epoch 604/2000 (30.2%)  loss=0.000000  eta=5918.9s
2026-04-10 21:55:22 [INFO] src.graph_dqn: Graph-DQN train epoch 605/2000 (30.2%)  loss=0.000000  eta=5913.4s
2026-04-10 21:55:27 [INFO] src.graph_dqn: Graph-DQN train epoch 606/2000 (30.3%)  loss=0.000000  eta=5910.3s
2026-04-10 21:55:31 [INFO] src.graph_dqn: Graph-DQN train epoch 607/2000 (30.3%)  loss=0.000000  eta=5906.2s
2026-04-10 21:55:35 [INFO] src.graph_dqn: Graph-DQN train epoch 608/2000 (30.4%)  loss=0.000000  eta=5900.8s
2026-04-10 21:55:39 [INFO] src.graph_dqn: Graph-DQN train epoch 609/2000 (30.4%)  loss=0.000000  eta=5895.5s
2026-04-10 21:55:44 [INFO] src.graph_dqn: Graph-DQN train epoch 610/2000 (30.5%)  loss=0.000000  eta=5893.5s
2026-04-10 21:55:48 [INFO] src.graph_dqn: Graph-DQN train epoch 611/2000 (30.6%)  loss=0.000000  eta=5888.1s
2026-04-10 21:55:51 [INFO] src.graph_dqn: Graph-DQN train epoch 612/2000 (30.6%)  loss=0.000000  eta=5882.6s
2026-04-10 21:55:56 [INFO] src.graph_dqn: Graph-DQN train epoch 613/2000 (30.6%)  loss=0.000000  eta=5878.9s
2026-04-10 21:56:00 [INFO] src.graph_dqn: Graph-DQN train epoch 614/2000 (30.7%)  loss=0.000000  eta=5875.1s
2026-04-10 21:56:04 [INFO] src.graph_dqn: Graph-DQN train epoch 615/2000 (30.8%)  loss=0.000000  eta=5869.7s
2026-04-10 21:56:08 [INFO] src.graph_dqn: Graph-DQN train epoch 616/2000 (30.8%)  loss=0.000000  eta=5864.3s
2026-04-10 21:56:13 [INFO] src.graph_dqn: Graph-DQN train epoch 617/2000 (30.9%)  loss=0.000000  eta=5862.3s
2026-04-10 21:56:17 [INFO] src.graph_dqn: Graph-DQN train epoch 618/2000 (30.9%)  loss=0.000000  eta=5856.9s
2026-04-10 21:56:20 [INFO] src.graph_dqn: Graph-DQN train epoch 619/2000 (30.9%)  loss=0.000000  eta=5851.3s
2026-04-10 21:56:24 [INFO] src.graph_dqn: Graph-DQN train epoch 620/2000 (31.0%)  loss=0.000000  eta=5847.0s
2026-04-10 21:56:29 [INFO] src.graph_dqn: Graph-DQN train epoch 621/2000 (31.1%)  loss=0.000000  eta=5844.0s
2026-04-10 21:56:33 [INFO] src.graph_dqn: Graph-DQN train epoch 622/2000 (31.1%)  loss=0.000000  eta=5838.5s
2026-04-10 21:56:37 [INFO] src.graph_dqn: Graph-DQN train epoch 623/2000 (31.1%)  loss=0.000000  eta=5833.2s
2026-04-10 21:56:42 [INFO] src.graph_dqn: Graph-DQN train epoch 624/2000 (31.2%)  loss=0.000000  eta=5830.7s
2026-04-10 21:56:46 [INFO] src.graph_dqn: Graph-DQN train epoch 625/2000 (31.2%)  loss=0.000000  eta=5825.8s
2026-04-10 21:56:49 [INFO] src.graph_dqn: Graph-DQN train epoch 626/2000 (31.3%)  loss=0.000000  eta=5820.3s
2026-04-10 21:56:53 [INFO] src.graph_dqn: Graph-DQN train epoch 627/2000 (31.4%)  loss=0.000000  eta=5815.5s
2026-04-10 21:56:58 [INFO] src.graph_dqn: Graph-DQN train epoch 628/2000 (31.4%)  loss=0.000000  eta=5812.8s
2026-04-10 21:57:02 [INFO] src.graph_dqn: Graph-DQN train epoch 629/2000 (31.4%)  loss=0.000000  eta=5807.4s
2026-04-10 21:57:05 [INFO] src.graph_dqn: Graph-DQN train epoch 630/2000 (31.5%)  loss=0.000000  eta=5801.9s
2026-04-10 21:57:10 [INFO] src.graph_dqn: Graph-DQN train epoch 631/2000 (31.6%)  loss=0.000000  eta=5799.0s
2026-04-10 21:57:15 [INFO] src.graph_dqn: Graph-DQN train epoch 632/2000 (31.6%)  loss=0.000000  eta=5794.8s
2026-04-10 21:57:18 [INFO] src.graph_dqn: Graph-DQN train epoch 633/2000 (31.6%)  loss=0.038065  eta=5789.4s
2026-04-10 21:57:22 [INFO] src.graph_dqn: Graph-DQN train epoch 634/2000 (31.7%)  loss=0.000000  eta=5784.5s
2026-04-10 21:57:27 [INFO] src.graph_dqn: Graph-DQN train epoch 635/2000 (31.8%)  loss=0.000000  eta=5782.3s
2026-04-10 21:57:31 [INFO] src.graph_dqn: Graph-DQN train epoch 636/2000 (31.8%)  loss=0.000000  eta=5777.0s
2026-04-10 21:57:35 [INFO] src.graph_dqn: Graph-DQN train epoch 637/2000 (31.9%)  loss=0.000000  eta=5771.6s
2026-04-10 21:57:40 [INFO] src.graph_dqn: Graph-DQN train epoch 638/2000 (31.9%)  loss=0.000000  eta=5768.5s
2026-04-10 21:57:44 [INFO] src.graph_dqn: Graph-DQN train epoch 639/2000 (31.9%)  loss=0.000000  eta=5764.3s
2026-04-10 21:57:48 [INFO] src.graph_dqn: Graph-DQN train epoch 640/2000 (32.0%)  loss=0.000000  eta=5758.9s
2026-04-10 21:57:51 [INFO] src.graph_dqn: Graph-DQN train epoch 641/2000 (32.0%)  loss=0.000000  eta=5753.5s
2026-04-10 21:57:56 [INFO] src.graph_dqn: Graph-DQN train epoch 642/2000 (32.1%)  loss=0.000000  eta=5751.3s
2026-04-10 21:58:00 [INFO] src.graph_dqn: Graph-DQN train epoch 643/2000 (32.1%)  loss=0.000000  eta=5745.9s
2026-04-10 21:58:04 [INFO] src.graph_dqn: Graph-DQN train epoch 644/2000 (32.2%)  loss=0.000000  eta=5740.6s
2026-04-10 21:58:08 [INFO] src.graph_dqn: Graph-DQN train epoch 645/2000 (32.2%)  loss=0.000000  eta=5736.8s
2026-04-10 21:58:13 [INFO] src.graph_dqn: Graph-DQN train epoch 646/2000 (32.3%)  loss=0.000000  eta=5733.3s
2026-04-10 21:58:17 [INFO] src.graph_dqn: Graph-DQN train epoch 647/2000 (32.4%)  loss=0.000000  eta=5727.9s
2026-04-10 21:58:20 [INFO] src.graph_dqn: Graph-DQN train epoch 648/2000 (32.4%)  loss=0.000000  eta=5722.5s
2026-04-10 21:58:25 [INFO] src.graph_dqn: Graph-DQN train epoch 649/2000 (32.5%)  loss=0.000000  eta=5720.1s
2026-04-10 21:58:29 [INFO] src.graph_dqn: Graph-DQN train epoch 650/2000 (32.5%)  loss=0.000000  eta=5715.0s
2026-04-10 21:58:33 [INFO] src.graph_dqn: Graph-DQN train epoch 651/2000 (32.6%)  loss=0.000000  eta=5709.6s
2026-04-10 21:58:37 [INFO] src.graph_dqn: Graph-DQN train epoch 652/2000 (32.6%)  loss=0.000000  eta=5705.2s
2026-04-10 21:58:42 [INFO] src.graph_dqn: Graph-DQN train epoch 653/2000 (32.6%)  loss=0.000000  eta=5702.3s
2026-04-10 21:58:45 [INFO] src.graph_dqn: Graph-DQN train epoch 654/2000 (32.7%)  loss=0.000000  eta=5696.9s
2026-04-10 21:58:49 [INFO] src.graph_dqn: Graph-DQN train epoch 655/2000 (32.8%)  loss=0.002145  eta=5691.5s
2026-04-10 21:58:54 [INFO] src.graph_dqn: Graph-DQN train epoch 656/2000 (32.8%)  loss=0.002274  eta=5688.4s
2026-04-10 21:58:58 [INFO] src.graph_dqn: Graph-DQN train epoch 657/2000 (32.9%)  loss=0.000001  eta=5684.0s
2026-04-10 21:59:02 [INFO] src.graph_dqn: Graph-DQN train epoch 658/2000 (32.9%)  loss=0.000001  eta=5678.8s
2026-04-10 21:59:06 [INFO] src.graph_dqn: Graph-DQN train epoch 659/2000 (33.0%)  loss=0.000001  eta=5673.9s
2026-04-10 21:59:11 [INFO] src.graph_dqn: Graph-DQN train epoch 660/2000 (33.0%)  loss=0.000001  eta=5671.4s
2026-04-10 21:59:15 [INFO] src.graph_dqn: Graph-DQN train epoch 661/2000 (33.1%)  loss=0.000001  eta=5666.1s
2026-04-10 21:59:18 [INFO] src.graph_dqn: Graph-DQN train epoch 662/2000 (33.1%)  loss=0.000001  eta=5660.7s
2026-04-10 21:59:23 [INFO] src.graph_dqn: Graph-DQN train epoch 663/2000 (33.1%)  loss=0.000001  eta=5657.2s
2026-04-10 21:59:27 [INFO] src.graph_dqn: Graph-DQN train epoch 664/2000 (33.2%)  loss=0.000000  eta=5653.3s
2026-04-10 21:59:31 [INFO] src.graph_dqn: Graph-DQN train epoch 665/2000 (33.2%)  loss=0.000000  eta=5648.1s
2026-04-10 21:59:35 [INFO] src.graph_dqn: Graph-DQN train epoch 666/2000 (33.3%)  loss=0.000000  eta=5642.8s
2026-04-10 21:59:40 [INFO] src.graph_dqn: Graph-DQN train epoch 667/2000 (33.4%)  loss=0.000000  eta=5640.8s
2026-04-10 21:59:44 [INFO] src.graph_dqn: Graph-DQN train epoch 668/2000 (33.4%)  loss=0.000000  eta=5635.5s
2026-04-10 21:59:47 [INFO] src.graph_dqn: Graph-DQN train epoch 669/2000 (33.5%)  loss=0.000000  eta=5630.3s
2026-04-10 21:59:52 [INFO] src.graph_dqn: Graph-DQN train epoch 670/2000 (33.5%)  loss=0.000000  eta=5626.4s
2026-04-10 21:59:56 [INFO] src.graph_dqn: Graph-DQN train epoch 671/2000 (33.6%)  loss=0.000000  eta=5622.8s
2026-04-10 22:00:00 [INFO] src.graph_dqn: Graph-DQN train epoch 672/2000 (33.6%)  loss=0.000000  eta=5617.7s
2026-04-10 22:00:04 [INFO] src.graph_dqn: Graph-DQN train epoch 673/2000 (33.7%)  loss=0.000739  eta=5612.8s
2026-04-10 22:00:09 [INFO] src.graph_dqn: Graph-DQN train epoch 674/2000 (33.7%)  loss=0.000027  eta=5610.9s
2026-04-10 22:00:13 [INFO] src.graph_dqn: Graph-DQN train epoch 675/2000 (33.8%)  loss=0.000000  eta=5605.8s
2026-04-10 22:00:17 [INFO] src.graph_dqn: Graph-DQN train epoch 676/2000 (33.8%)  loss=0.000000  eta=5600.8s
2026-04-10 22:00:21 [INFO] src.graph_dqn: Graph-DQN train epoch 677/2000 (33.9%)  loss=0.000000  eta=5596.9s
2026-04-10 22:00:26 [INFO] src.graph_dqn: Graph-DQN train epoch 678/2000 (33.9%)  loss=0.000000  eta=5593.2s
2026-04-10 22:00:30 [INFO] src.graph_dqn: Graph-DQN train epoch 679/2000 (34.0%)  loss=0.000000  eta=5587.9s
2026-04-10 22:00:33 [INFO] src.graph_dqn: Graph-DQN train epoch 680/2000 (34.0%)  loss=0.000000  eta=5582.9s
2026-04-10 22:00:39 [INFO] src.graph_dqn: Graph-DQN train epoch 681/2000 (34.1%)  loss=0.000000  eta=5580.9s
2026-04-10 22:00:43 [INFO] src.graph_dqn: Graph-DQN train epoch 682/2000 (34.1%)  loss=0.000000  eta=5575.8s
2026-04-10 22:00:46 [INFO] src.graph_dqn: Graph-DQN train epoch 683/2000 (34.2%)  loss=0.000000  eta=5570.7s
2026-04-10 22:00:51 [INFO] src.graph_dqn: Graph-DQN train epoch 684/2000 (34.2%)  loss=0.000000  eta=5566.9s
2026-04-10 22:00:55 [INFO] src.graph_dqn: Graph-DQN train epoch 685/2000 (34.2%)  loss=0.000000  eta=5563.3s
2026-04-10 22:00:59 [INFO] src.graph_dqn: Graph-DQN train epoch 686/2000 (34.3%)  loss=0.000000  eta=5558.0s
2026-04-10 22:01:03 [INFO] src.graph_dqn: Graph-DQN train epoch 687/2000 (34.4%)  loss=0.000000  eta=5552.8s
2026-04-10 22:01:08 [INFO] src.graph_dqn: Graph-DQN train epoch 688/2000 (34.4%)  loss=0.000000  eta=5550.5s
2026-04-10 22:01:12 [INFO] src.graph_dqn: Graph-DQN train epoch 689/2000 (34.4%)  loss=0.000000  eta=5545.3s
2026-04-10 22:01:15 [INFO] src.graph_dqn: Graph-DQN train epoch 690/2000 (34.5%)  loss=0.000000  eta=5540.0s
2026-04-10 22:01:20 [INFO] src.graph_dqn: Graph-DQN train epoch 691/2000 (34.5%)  loss=0.000000  eta=5535.8s
2026-04-10 22:01:24 [INFO] src.graph_dqn: Graph-DQN train epoch 692/2000 (34.6%)  loss=0.000000  eta=5532.7s
2026-04-10 22:01:28 [INFO] src.graph_dqn: Graph-DQN train epoch 693/2000 (34.6%)  loss=0.004229  eta=5527.5s
2026-04-10 22:01:32 [INFO] src.graph_dqn: Graph-DQN train epoch 694/2000 (34.7%)  loss=0.000000  eta=5522.4s
2026-04-10 22:01:37 [INFO] src.graph_dqn: Graph-DQN train epoch 695/2000 (34.8%)  loss=0.000000  eta=5520.0s
2026-04-10 22:01:41 [INFO] src.graph_dqn: Graph-DQN train epoch 696/2000 (34.8%)  loss=0.000000  eta=5515.2s
2026-04-10 22:01:45 [INFO] src.graph_dqn: Graph-DQN train epoch 697/2000 (34.8%)  loss=0.000000  eta=5510.0s
2026-04-10 22:01:49 [INFO] src.graph_dqn: Graph-DQN train epoch 698/2000 (34.9%)  loss=0.000000  eta=5505.7s
2026-04-10 22:01:54 [INFO] src.graph_dqn: Graph-DQN train epoch 699/2000 (34.9%)  loss=0.000000  eta=5502.6s
2026-04-10 22:01:58 [INFO] src.graph_dqn: Graph-DQN train epoch 700/2000 (35.0%)  loss=0.000000  eta=5497.3s
2026-04-10 22:01:58 [INFO] __main__: Saved selector checkpoint: dqn_model_rlcg_epoch_1700.pt
2026-04-10 22:02:01 [INFO] src.graph_dqn: Graph-DQN train epoch 701/2000 (35.0%)  loss=0.000000  eta=5492.1s
2026-04-10 22:02:06 [INFO] src.graph_dqn: Graph-DQN train epoch 702/2000 (35.1%)  loss=0.000000  eta=5489.2s
2026-04-10 22:02:10 [INFO] src.graph_dqn: Graph-DQN train epoch 703/2000 (35.1%)  loss=0.000000  eta=5484.6s
2026-04-10 22:02:14 [INFO] src.graph_dqn: Graph-DQN train epoch 704/2000 (35.2%)  loss=0.000000  eta=5479.4s
2026-04-10 22:02:18 [INFO] src.graph_dqn: Graph-DQN train epoch 705/2000 (35.2%)  loss=0.000000  eta=5475.1s
2026-04-10 22:02:23 [INFO] src.graph_dqn: Graph-DQN train epoch 706/2000 (35.3%)  loss=0.000000  eta=5472.0s
2026-04-10 22:02:27 [INFO] src.graph_dqn: Graph-DQN train epoch 707/2000 (35.4%)  loss=0.000000  eta=5466.9s
2026-04-10 22:02:30 [INFO] src.graph_dqn: Graph-DQN train epoch 708/2000 (35.4%)  loss=0.000000  eta=5461.6s
2026-04-10 22:02:35 [INFO] src.graph_dqn: Graph-DQN train epoch 709/2000 (35.4%)  loss=0.000000  eta=5458.4s
2026-04-10 22:02:39 [INFO] src.graph_dqn: Graph-DQN train epoch 710/2000 (35.5%)  loss=0.000000  eta=5454.0s
2026-04-10 22:02:43 [INFO] src.graph_dqn: Graph-DQN train epoch 711/2000 (35.5%)  loss=0.012566  eta=5448.8s
2026-04-10 22:02:47 [INFO] src.graph_dqn: Graph-DQN train epoch 712/2000 (35.6%)  loss=0.000001  eta=5443.8s
2026-04-10 22:02:52 [INFO] src.graph_dqn: Graph-DQN train epoch 713/2000 (35.6%)  loss=0.000001  eta=5441.2s
2026-04-10 22:02:56 [INFO] src.graph_dqn: Graph-DQN train epoch 714/2000 (35.7%)  loss=0.000001  eta=5436.0s
2026-04-10 22:02:59 [INFO] src.graph_dqn: Graph-DQN train epoch 715/2000 (35.8%)  loss=0.000001  eta=5430.8s
2026-04-10 22:03:04 [INFO] src.graph_dqn: Graph-DQN train epoch 716/2000 (35.8%)  loss=0.000001  eta=5427.2s
2026-04-10 22:03:08 [INFO] src.graph_dqn: Graph-DQN train epoch 717/2000 (35.9%)  loss=0.000001  eta=5423.4s
2026-04-10 22:03:12 [INFO] src.graph_dqn: Graph-DQN train epoch 718/2000 (35.9%)  loss=0.000001  eta=5418.3s
2026-04-10 22:03:16 [INFO] src.graph_dqn: Graph-DQN train epoch 719/2000 (35.9%)  loss=0.000001  eta=5413.1s
2026-04-10 22:03:21 [INFO] src.graph_dqn: Graph-DQN train epoch 720/2000 (36.0%)  loss=0.000000  eta=5410.6s
2026-04-10 22:03:25 [INFO] src.graph_dqn: Graph-DQN train epoch 721/2000 (36.0%)  loss=0.000000  eta=5405.5s
2026-04-10 22:03:28 [INFO] src.graph_dqn: Graph-DQN train epoch 722/2000 (36.1%)  loss=0.000000  eta=5400.4s
2026-04-10 22:03:33 [INFO] src.graph_dqn: Graph-DQN train epoch 723/2000 (36.1%)  loss=0.000000  eta=5396.5s
2026-04-10 22:03:37 [INFO] src.graph_dqn: Graph-DQN train epoch 724/2000 (36.2%)  loss=0.000000  eta=5393.0s
2026-04-10 22:03:41 [INFO] src.graph_dqn: Graph-DQN train epoch 725/2000 (36.2%)  loss=0.000000  eta=5388.2s
2026-04-10 22:03:45 [INFO] src.graph_dqn: Graph-DQN train epoch 726/2000 (36.3%)  loss=0.000000  eta=5383.0s
2026-04-10 22:03:50 [INFO] src.graph_dqn: Graph-DQN train epoch 727/2000 (36.4%)  loss=0.000000  eta=5380.5s
2026-04-10 22:03:54 [INFO] src.graph_dqn: Graph-DQN train epoch 728/2000 (36.4%)  loss=0.000000  eta=5375.3s
2026-04-10 22:03:58 [INFO] src.graph_dqn: Graph-DQN train epoch 729/2000 (36.4%)  loss=0.000000  eta=5370.1s
2026-04-10 22:04:02 [INFO] src.graph_dqn: Graph-DQN train epoch 730/2000 (36.5%)  loss=0.000000  eta=5365.8s
2026-04-10 22:04:06 [INFO] src.graph_dqn: Graph-DQN train epoch 731/2000 (36.5%)  loss=0.000000  eta=5362.5s
2026-04-10 22:04:10 [INFO] src.graph_dqn: Graph-DQN train epoch 732/2000 (36.6%)  loss=0.000000  eta=5357.3s
2026-04-10 22:04:14 [INFO] src.graph_dqn: Graph-DQN train epoch 733/2000 (36.6%)  loss=0.010957  eta=5352.3s
2026-04-10 22:04:19 [INFO] src.graph_dqn: Graph-DQN train epoch 734/2000 (36.7%)  loss=0.000000  eta=5349.2s
2026-04-10 22:04:23 [INFO] src.graph_dqn: Graph-DQN train epoch 735/2000 (36.8%)  loss=0.000000  eta=5344.6s
2026-04-10 22:04:27 [INFO] src.graph_dqn: Graph-DQN train epoch 736/2000 (36.8%)  loss=0.000000  eta=5339.5s
2026-04-10 22:04:31 [INFO] src.graph_dqn: Graph-DQN train epoch 737/2000 (36.9%)  loss=0.000000  eta=5334.9s
2026-04-10 22:04:35 [INFO] src.graph_dqn: Graph-DQN train epoch 738/2000 (36.9%)  loss=0.000000  eta=5331.9s
2026-04-10 22:04:39 [INFO] src.graph_dqn: Graph-DQN train epoch 739/2000 (37.0%)  loss=0.000000  eta=5326.8s
2026-04-10 22:04:43 [INFO] src.graph_dqn: Graph-DQN train epoch 740/2000 (37.0%)  loss=0.000000  eta=5321.6s
2026-04-10 22:04:48 [INFO] src.graph_dqn: Graph-DQN train epoch 741/2000 (37.0%)  loss=0.000000  eta=5318.2s
2026-04-10 22:04:52 [INFO] src.graph_dqn: Graph-DQN train epoch 742/2000 (37.1%)  loss=0.000000  eta=5313.8s
2026-04-10 22:04:55 [INFO] src.graph_dqn: Graph-DQN train epoch 743/2000 (37.1%)  loss=0.000000  eta=5308.7s
2026-04-10 22:04:59 [INFO] src.graph_dqn: Graph-DQN train epoch 744/2000 (37.2%)  loss=0.000000  eta=5303.5s
2026-04-10 22:05:04 [INFO] src.graph_dqn: Graph-DQN train epoch 745/2000 (37.2%)  loss=0.000000  eta=5301.1s
2026-04-10 22:05:08 [INFO] src.graph_dqn: Graph-DQN train epoch 746/2000 (37.3%)  loss=0.000000  eta=5296.1s
2026-04-10 22:05:12 [INFO] src.graph_dqn: Graph-DQN train epoch 747/2000 (37.4%)  loss=0.000000  eta=5291.0s
2026-04-10 22:05:16 [INFO] src.graph_dqn: Graph-DQN train epoch 748/2000 (37.4%)  loss=0.000000  eta=5287.3s
2026-04-10 22:05:21 [INFO] src.graph_dqn: Graph-DQN train epoch 749/2000 (37.5%)  loss=0.000000  eta=5283.4s
2026-04-10 22:05:24 [INFO] src.graph_dqn: Graph-DQN train epoch 750/2000 (37.5%)  loss=0.000000  eta=5278.3s
2026-04-10 22:05:28 [INFO] src.graph_dqn: Graph-DQN train epoch 751/2000 (37.5%)  loss=0.012734  eta=5273.2s
2026-04-10 22:05:33 [INFO] src.graph_dqn: Graph-DQN train epoch 752/2000 (37.6%)  loss=0.000000  eta=5270.7s
2026-04-10 22:05:37 [INFO] src.graph_dqn: Graph-DQN train epoch 753/2000 (37.6%)  loss=0.000000  eta=5265.7s
2026-04-10 22:05:41 [INFO] src.graph_dqn: Graph-DQN train epoch 754/2000 (37.7%)  loss=0.000000  eta=5260.7s
2026-04-10 22:05:45 [INFO] src.graph_dqn: Graph-DQN train epoch 755/2000 (37.8%)  loss=0.000000  eta=5256.5s
2026-04-10 22:05:50 [INFO] src.graph_dqn: Graph-DQN train epoch 756/2000 (37.8%)  loss=0.000000  eta=5252.9s
2026-04-10 22:05:53 [INFO] src.graph_dqn: Graph-DQN train epoch 757/2000 (37.9%)  loss=0.000000  eta=5247.8s
2026-04-10 22:05:57 [INFO] src.graph_dqn: Graph-DQN train epoch 758/2000 (37.9%)  loss=0.000000  eta=5242.8s
2026-04-10 22:06:02 [INFO] src.graph_dqn: Graph-DQN train epoch 759/2000 (38.0%)  loss=0.000000  eta=5240.0s
2026-04-10 22:06:06 [INFO] src.graph_dqn: Graph-DQN train epoch 760/2000 (38.0%)  loss=0.000000  eta=5235.4s
2026-04-10 22:06:10 [INFO] src.graph_dqn: Graph-DQN train epoch 761/2000 (38.0%)  loss=0.000000  eta=5230.3s
2026-04-10 22:06:14 [INFO] src.graph_dqn: Graph-DQN train epoch 762/2000 (38.1%)  loss=0.000000  eta=5225.8s
2026-04-10 22:06:19 [INFO] src.graph_dqn: Graph-DQN train epoch 763/2000 (38.1%)  loss=0.000000  eta=5222.6s
2026-04-10 22:06:22 [INFO] src.graph_dqn: Graph-DQN train epoch 764/2000 (38.2%)  loss=0.000000  eta=5217.4s
2026-04-10 22:06:26 [INFO] src.graph_dqn: Graph-DQN train epoch 765/2000 (38.2%)  loss=0.000000  eta=5212.3s
2026-04-10 22:06:31 [INFO] src.graph_dqn: Graph-DQN train epoch 766/2000 (38.3%)  loss=0.000000  eta=5209.1s
2026-04-10 22:06:35 [INFO] src.graph_dqn: Graph-DQN train epoch 767/2000 (38.4%)  loss=0.000000  eta=5204.7s
2026-04-10 22:06:39 [INFO] src.graph_dqn: Graph-DQN train epoch 768/2000 (38.4%)  loss=0.000000  eta=5199.7s
2026-04-10 22:06:43 [INFO] src.graph_dqn: Graph-DQN train epoch 769/2000 (38.5%)  loss=0.000000  eta=5195.0s
2026-04-10 22:06:48 [INFO] src.graph_dqn: Graph-DQN train epoch 770/2000 (38.5%)  loss=0.000000  eta=5192.2s
2026-04-10 22:06:52 [INFO] src.graph_dqn: Graph-DQN train epoch 771/2000 (38.6%)  loss=0.000000  eta=5187.1s
2026-04-10 22:06:55 [INFO] src.graph_dqn: Graph-DQN train epoch 772/2000 (38.6%)  loss=0.000000  eta=5182.1s
2026-04-10 22:07:00 [INFO] src.graph_dqn: Graph-DQN train epoch 773/2000 (38.6%)  loss=0.003753  eta=5178.4s
2026-04-10 22:07:04 [INFO] src.graph_dqn: Graph-DQN train epoch 774/2000 (38.7%)  loss=0.000000  eta=5174.4s
2026-04-10 22:07:08 [INFO] src.graph_dqn: Graph-DQN train epoch 775/2000 (38.8%)  loss=0.000000  eta=5169.4s
2026-04-10 22:07:12 [INFO] src.graph_dqn: Graph-DQN train epoch 776/2000 (38.8%)  loss=0.000000  eta=5164.4s
2026-04-10 22:07:17 [INFO] src.graph_dqn: Graph-DQN train epoch 777/2000 (38.9%)  loss=0.000000  eta=5161.9s
2026-04-10 22:07:21 [INFO] src.graph_dqn: Graph-DQN train epoch 778/2000 (38.9%)  loss=0.000000  eta=5156.8s
2026-04-10 22:07:24 [INFO] src.graph_dqn: Graph-DQN train epoch 779/2000 (39.0%)  loss=0.000000  eta=5151.7s
2026-04-10 22:07:29 [INFO] src.graph_dqn: Graph-DQN train epoch 780/2000 (39.0%)  loss=0.000000  eta=5147.9s
2026-04-10 22:07:33 [INFO] src.graph_dqn: Graph-DQN train epoch 781/2000 (39.1%)  loss=0.000000  eta=5144.2s
2026-04-10 22:07:37 [INFO] src.graph_dqn: Graph-DQN train epoch 782/2000 (39.1%)  loss=0.000000  eta=5139.2s
2026-04-10 22:07:41 [INFO] src.graph_dqn: Graph-DQN train epoch 783/2000 (39.1%)  loss=0.000000  eta=5134.2s
2026-04-10 22:07:46 [INFO] src.graph_dqn: Graph-DQN train epoch 784/2000 (39.2%)  loss=0.000000  eta=5131.7s
2026-04-10 22:07:50 [INFO] src.graph_dqn: Graph-DQN train epoch 785/2000 (39.2%)  loss=0.000000  eta=5126.6s
2026-04-10 22:07:53 [INFO] src.graph_dqn: Graph-DQN train epoch 786/2000 (39.3%)  loss=0.000000  eta=5121.5s
2026-04-10 22:07:58 [INFO] src.graph_dqn: Graph-DQN train epoch 787/2000 (39.4%)  loss=0.000000  eta=5117.4s
2026-04-10 22:08:02 [INFO] src.graph_dqn: Graph-DQN train epoch 788/2000 (39.4%)  loss=0.000000  eta=5113.9s
2026-04-10 22:08:06 [INFO] src.graph_dqn: Graph-DQN train epoch 789/2000 (39.5%)  loss=0.000000  eta=5108.9s
2026-04-10 22:08:10 [INFO] src.graph_dqn: Graph-DQN train epoch 790/2000 (39.5%)  loss=0.000000  eta=5103.9s
2026-04-10 22:08:15 [INFO] src.graph_dqn: Graph-DQN train epoch 791/2000 (39.6%)  loss=0.000000  eta=5100.9s
2026-04-10 22:08:19 [INFO] src.graph_dqn: Graph-DQN train epoch 792/2000 (39.6%)  loss=0.000000  eta=5096.3s
2026-04-10 22:08:22 [INFO] src.graph_dqn: Graph-DQN train epoch 793/2000 (39.6%)  loss=0.000000  eta=5091.2s
2026-04-10 22:08:26 [INFO] src.graph_dqn: Graph-DQN train epoch 794/2000 (39.7%)  loss=0.000000  eta=5086.6s
2026-04-10 22:08:31 [INFO] src.graph_dqn: Graph-DQN train epoch 795/2000 (39.8%)  loss=0.000000  eta=5083.5s
2026-04-10 22:08:35 [INFO] src.graph_dqn: Graph-DQN train epoch 796/2000 (39.8%)  loss=0.000000  eta=5078.5s
2026-04-10 22:08:39 [INFO] src.graph_dqn: Graph-DQN train epoch 797/2000 (39.9%)  loss=0.000000  eta=5073.5s
2026-04-10 22:08:43 [INFO] src.graph_dqn: Graph-DQN train epoch 798/2000 (39.9%)  loss=0.000000  eta=5070.0s
2026-04-10 22:08:48 [INFO] src.graph_dqn: Graph-DQN train epoch 799/2000 (40.0%)  loss=0.000003  eta=5065.9s
2026-04-10 22:08:51 [INFO] src.graph_dqn: Graph-DQN train epoch 800/2000 (40.0%)  loss=0.000000  eta=5060.8s
2026-04-10 22:08:51 [INFO] __main__: Saved selector checkpoint: dqn_model_rlcg_epoch_1800.pt
2026-04-10 22:08:55 [INFO] src.graph_dqn: Graph-DQN train epoch 801/2000 (40.1%)  loss=0.000000  eta=5055.8s
2026-04-10 22:09:00 [INFO] src.graph_dqn: Graph-DQN train epoch 802/2000 (40.1%)  loss=0.000000  eta=5053.1s
2026-04-10 22:09:04 [INFO] src.graph_dqn: Graph-DQN train epoch 803/2000 (40.2%)  loss=0.000000  eta=5048.1s
2026-04-10 22:09:08 [INFO] src.graph_dqn: Graph-DQN train epoch 804/2000 (40.2%)  loss=0.000000  eta=5043.2s
2026-04-10 22:09:12 [INFO] src.graph_dqn: Graph-DQN train epoch 805/2000 (40.2%)  loss=0.000000  eta=5039.5s
2026-04-10 22:09:17 [INFO] src.graph_dqn: Graph-DQN train epoch 806/2000 (40.3%)  loss=0.000000  eta=5035.6s
2026-04-10 22:09:20 [INFO] src.graph_dqn: Graph-DQN train epoch 807/2000 (40.4%)  loss=0.000000  eta=5030.6s
2026-04-10 22:09:24 [INFO] src.graph_dqn: Graph-DQN train epoch 808/2000 (40.4%)  loss=0.000000  eta=5025.6s
2026-04-10 22:09:29 [INFO] src.graph_dqn: Graph-DQN train epoch 809/2000 (40.5%)  loss=0.000000  eta=5023.0s
2026-04-10 22:09:33 [INFO] src.graph_dqn: Graph-DQN train epoch 810/2000 (40.5%)  loss=0.000000  eta=5018.0s
2026-04-10 22:09:37 [INFO] src.graph_dqn: Graph-DQN train epoch 811/2000 (40.6%)  loss=0.000000  eta=5013.1s
2026-04-10 22:09:41 [INFO] src.graph_dqn: Graph-DQN train epoch 812/2000 (40.6%)  loss=0.000000  eta=5009.0s
2026-04-10 22:09:46 [INFO] src.graph_dqn: Graph-DQN train epoch 813/2000 (40.6%)  loss=0.000000  eta=5005.5s
2026-04-10 22:09:49 [INFO] src.graph_dqn: Graph-DQN train epoch 814/2000 (40.7%)  loss=0.000000  eta=5000.4s
2026-04-10 22:09:53 [INFO] src.graph_dqn: Graph-DQN train epoch 815/2000 (40.8%)  loss=0.000000  eta=4995.4s
2026-04-10 22:09:58 [INFO] src.graph_dqn: Graph-DQN train epoch 816/2000 (40.8%)  loss=0.000000  eta=4992.2s
2026-04-10 22:10:02 [INFO] src.graph_dqn: Graph-DQN train epoch 817/2000 (40.8%)  loss=0.000000  eta=4987.8s
2026-04-10 22:10:06 [INFO] src.graph_dqn: Graph-DQN train epoch 818/2000 (40.9%)  loss=0.000000  eta=4982.9s
2026-04-10 22:10:10 [INFO] src.graph_dqn: Graph-DQN train epoch 819/2000 (40.9%)  loss=0.000000  eta=4978.4s
2026-04-10 22:10:15 [INFO] src.graph_dqn: Graph-DQN train epoch 820/2000 (41.0%)  loss=0.002433  eta=4975.2s
2026-04-10 22:10:18 [INFO] src.graph_dqn: Graph-DQN train epoch 821/2000 (41.0%)  loss=0.000000  eta=4970.2s
2026-04-10 22:10:22 [INFO] src.graph_dqn: Graph-DQN train epoch 822/2000 (41.1%)  loss=0.000000  eta=4965.2s
2026-04-10 22:10:27 [INFO] src.graph_dqn: Graph-DQN train epoch 823/2000 (41.1%)  loss=0.000000  eta=4961.9s
2026-04-10 22:10:31 [INFO] src.graph_dqn: Graph-DQN train epoch 824/2000 (41.2%)  loss=0.000000  eta=4957.5s
2026-04-10 22:10:35 [INFO] src.graph_dqn: Graph-DQN train epoch 825/2000 (41.2%)  loss=0.000000  eta=4952.5s
2026-04-10 22:10:39 [INFO] src.graph_dqn: Graph-DQN train epoch 826/2000 (41.3%)  loss=0.000000  eta=4947.8s
2026-04-10 22:10:44 [INFO] src.graph_dqn: Graph-DQN train epoch 827/2000 (41.3%)  loss=0.000000  eta=4944.9s
2026-04-10 22:10:47 [INFO] src.graph_dqn: Graph-DQN train epoch 828/2000 (41.4%)  loss=0.000000  eta=4939.9s
2026-04-10 22:10:51 [INFO] src.graph_dqn: Graph-DQN train epoch 829/2000 (41.4%)  loss=0.000000  eta=4934.9s
2026-04-10 22:10:56 [INFO] src.graph_dqn: Graph-DQN train epoch 830/2000 (41.5%)  loss=0.000000  eta=4931.1s
2026-04-10 22:11:00 [INFO] src.graph_dqn: Graph-DQN train epoch 831/2000 (41.5%)  loss=0.000000  eta=4927.1s
2026-04-10 22:11:04 [INFO] src.graph_dqn: Graph-DQN train epoch 832/2000 (41.6%)  loss=0.000000  eta=4922.2s
2026-04-10 22:11:07 [INFO] src.graph_dqn: Graph-DQN train epoch 833/2000 (41.6%)  loss=0.000000  eta=4917.4s
2026-04-10 22:11:13 [INFO] src.graph_dqn: Graph-DQN train epoch 834/2000 (41.7%)  loss=0.000000  eta=4914.8s
2026-04-10 22:11:17 [INFO] src.graph_dqn: Graph-DQN train epoch 835/2000 (41.8%)  loss=0.000000  eta=4909.9s
2026-04-10 22:11:20 [INFO] src.graph_dqn: Graph-DQN train epoch 836/2000 (41.8%)  loss=0.000000  eta=4904.9s
2026-04-10 22:11:25 [INFO] src.graph_dqn: Graph-DQN train epoch 837/2000 (41.9%)  loss=0.000000  eta=4901.1s
2026-04-10 22:11:29 [INFO] src.graph_dqn: Graph-DQN train epoch 838/2000 (41.9%)  loss=0.038438  eta=4897.3s
2026-04-10 22:11:33 [INFO] src.graph_dqn: Graph-DQN train epoch 839/2000 (41.9%)  loss=0.000044  eta=4892.4s
2026-04-10 22:11:37 [INFO] src.graph_dqn: Graph-DQN train epoch 840/2000 (42.0%)  loss=0.000001  eta=4887.6s
2026-04-10 22:11:42 [INFO] src.graph_dqn: Graph-DQN train epoch 841/2000 (42.0%)  loss=0.000001  eta=4884.9s
2026-04-10 22:11:46 [INFO] src.graph_dqn: Graph-DQN train epoch 842/2000 (42.1%)  loss=0.000001  eta=4880.0s
2026-04-10 22:11:49 [INFO] src.graph_dqn: Graph-DQN train epoch 843/2000 (42.1%)  loss=0.000001  eta=4875.0s
2026-04-10 22:11:54 [INFO] src.graph_dqn: Graph-DQN train epoch 844/2000 (42.2%)  loss=0.000001  eta=4870.9s
2026-04-10 22:11:58 [INFO] src.graph_dqn: Graph-DQN train epoch 845/2000 (42.2%)  loss=0.000001  eta=4867.3s
2026-04-10 22:12:02 [INFO] src.graph_dqn: Graph-DQN train epoch 846/2000 (42.3%)  loss=0.000001  eta=4862.4s
2026-04-10 22:12:06 [INFO] src.graph_dqn: Graph-DQN train epoch 847/2000 (42.4%)  loss=0.000001  eta=4857.4s
2026-04-10 22:12:11 [INFO] src.graph_dqn: Graph-DQN train epoch 848/2000 (42.4%)  loss=0.000001  eta=4854.5s
2026-04-10 22:12:15 [INFO] src.graph_dqn: Graph-DQN train epoch 849/2000 (42.4%)  loss=0.000000  eta=4849.9s
2026-04-10 22:12:18 [INFO] src.graph_dqn: Graph-DQN train epoch 850/2000 (42.5%)  loss=0.000000  eta=4844.9s
2026-04-10 22:12:23 [INFO] src.graph_dqn: Graph-DQN train epoch 851/2000 (42.5%)  loss=0.000000  eta=4840.5s
2026-04-10 22:12:27 [INFO] src.graph_dqn: Graph-DQN train epoch 852/2000 (42.6%)  loss=0.010109  eta=4837.1s
2026-04-10 22:12:31 [INFO] src.graph_dqn: Graph-DQN train epoch 853/2000 (42.6%)  loss=0.000116  eta=4832.2s
2026-04-10 22:12:35 [INFO] src.graph_dqn: Graph-DQN train epoch 854/2000 (42.7%)  loss=0.000000  eta=4827.4s
2026-04-10 22:12:40 [INFO] src.graph_dqn: Graph-DQN train epoch 855/2000 (42.8%)  loss=0.000000  eta=4824.1s
2026-04-10 22:12:44 [INFO] src.graph_dqn: Graph-DQN train epoch 856/2000 (42.8%)  loss=0.000000  eta=4819.9s
2026-04-10 22:12:48 [INFO] src.graph_dqn: Graph-DQN train epoch 857/2000 (42.9%)  loss=0.000000  eta=4815.1s
2026-04-10 22:12:52 [INFO] src.graph_dqn: Graph-DQN train epoch 858/2000 (42.9%)  loss=0.000000  eta=4810.5s
2026-04-10 22:12:57 [INFO] src.graph_dqn: Graph-DQN train epoch 859/2000 (43.0%)  loss=0.000000  eta=4807.3s
2026-04-10 22:13:00 [INFO] src.graph_dqn: Graph-DQN train epoch 860/2000 (43.0%)  loss=0.000000  eta=4802.3s
2026-04-10 22:13:04 [INFO] src.graph_dqn: Graph-DQN train epoch 861/2000 (43.0%)  loss=0.000000  eta=4797.3s
2026-04-10 22:13:09 [INFO] src.graph_dqn: Graph-DQN train epoch 862/2000 (43.1%)  loss=0.000000  eta=4793.8s
2026-04-10 22:13:13 [INFO] src.graph_dqn: Graph-DQN train epoch 863/2000 (43.1%)  loss=0.000000  eta=4789.6s
2026-04-10 22:13:17 [INFO] src.graph_dqn: Graph-DQN train epoch 864/2000 (43.2%)  loss=0.000000  eta=4785.0s
2026-04-10 22:13:21 [INFO] src.graph_dqn: Graph-DQN train epoch 865/2000 (43.2%)  loss=0.000000  eta=4780.4s
2026-04-10 22:13:26 [INFO] src.graph_dqn: Graph-DQN train epoch 866/2000 (43.3%)  loss=0.000000  eta=4777.5s
2026-04-10 22:13:30 [INFO] src.graph_dqn: Graph-DQN train epoch 867/2000 (43.4%)  loss=0.000000  eta=4772.6s
2026-04-10 22:13:33 [INFO] src.graph_dqn: Graph-DQN train epoch 868/2000 (43.4%)  loss=0.000000  eta=4767.7s
2026-04-10 22:13:38 [INFO] src.graph_dqn: Graph-DQN train epoch 869/2000 (43.5%)  loss=0.000000  eta=4764.2s
2026-04-10 22:13:42 [INFO] src.graph_dqn: Graph-DQN train epoch 870/2000 (43.5%)  loss=0.000000  eta=4760.2s
2026-04-10 22:13:46 [INFO] src.graph_dqn: Graph-DQN train epoch 871/2000 (43.5%)  loss=0.000000  eta=4755.4s
2026-04-10 22:13:50 [INFO] src.graph_dqn: Graph-DQN train epoch 872/2000 (43.6%)  loss=0.000000  eta=4750.6s
2026-04-10 22:13:55 [INFO] src.graph_dqn: Graph-DQN train epoch 873/2000 (43.6%)  loss=0.003528  eta=4747.7s
2026-04-10 22:13:59 [INFO] src.graph_dqn: Graph-DQN train epoch 874/2000 (43.7%)  loss=0.000000  eta=4742.8s
2026-04-10 22:14:02 [INFO] src.graph_dqn: Graph-DQN train epoch 875/2000 (43.8%)  loss=0.000000  eta=4737.9s
2026-04-10 22:14:07 [INFO] src.graph_dqn: Graph-DQN train epoch 876/2000 (43.8%)  loss=0.000000  eta=4734.1s
2026-04-10 22:14:11 [INFO] src.graph_dqn: Graph-DQN train epoch 877/2000 (43.9%)  loss=0.000000  eta=4730.2s
2026-04-10 22:14:15 [INFO] src.graph_dqn: Graph-DQN train epoch 878/2000 (43.9%)  loss=0.000000  eta=4725.4s
2026-04-10 22:14:19 [INFO] src.graph_dqn: Graph-DQN train epoch 879/2000 (44.0%)  loss=0.000000  eta=4720.6s
2026-04-10 22:14:24 [INFO] src.graph_dqn: Graph-DQN train epoch 880/2000 (44.0%)  loss=0.000000  eta=4717.7s
2026-04-10 22:14:28 [INFO] src.graph_dqn: Graph-DQN train epoch 881/2000 (44.0%)  loss=0.000000  eta=4712.9s
2026-04-10 22:14:32 [INFO] src.graph_dqn: Graph-DQN train epoch 882/2000 (44.1%)  loss=0.000000  eta=4708.0s
2026-04-10 22:14:36 [INFO] src.graph_dqn: Graph-DQN train epoch 883/2000 (44.1%)  loss=0.000000  eta=4703.9s
2026-04-10 22:14:41 [INFO] src.graph_dqn: Graph-DQN train epoch 884/2000 (44.2%)  loss=0.000000  eta=4700.2s
2026-04-10 22:14:44 [INFO] src.graph_dqn: Graph-DQN train epoch 885/2000 (44.2%)  loss=0.000000  eta=4695.4s
2026-04-10 22:14:48 [INFO] src.graph_dqn: Graph-DQN train epoch 886/2000 (44.3%)  loss=0.000000  eta=4690.6s
2026-04-10 22:14:53 [INFO] src.graph_dqn: Graph-DQN train epoch 887/2000 (44.4%)  loss=0.000000  eta=4687.5s
2026-04-10 22:14:57 [INFO] src.graph_dqn: Graph-DQN train epoch 888/2000 (44.4%)  loss=0.000000  eta=4682.9s
2026-04-10 22:15:01 [INFO] src.graph_dqn: Graph-DQN train epoch 889/2000 (44.5%)  loss=0.000000  eta=4678.1s
2026-04-10 22:15:05 [INFO] src.graph_dqn: Graph-DQN train epoch 890/2000 (44.5%)  loss=0.000000  eta=4673.8s
2026-04-10 22:15:10 [INFO] src.graph_dqn: Graph-DQN train epoch 891/2000 (44.5%)  loss=0.000000  eta=4670.4s
2026-04-10 22:15:13 [INFO] src.graph_dqn: Graph-DQN train epoch 892/2000 (44.6%)  loss=0.000000  eta=4665.5s
2026-04-10 22:15:17 [INFO] src.graph_dqn: Graph-DQN train epoch 893/2000 (44.6%)  loss=0.000000  eta=4660.7s
2026-04-10 22:15:22 [INFO] src.graph_dqn: Graph-DQN train epoch 894/2000 (44.7%)  loss=0.000000  eta=4657.2s
2026-04-10 22:15:26 [INFO] src.graph_dqn: Graph-DQN train epoch 895/2000 (44.8%)  loss=0.000000  eta=4653.0s
2026-04-10 22:15:30 [INFO] src.graph_dqn: Graph-DQN train epoch 896/2000 (44.8%)  loss=0.000000  eta=4648.1s
2026-04-10 22:15:34 [INFO] src.graph_dqn: Graph-DQN train epoch 897/2000 (44.9%)  loss=0.000000  eta=4643.6s
2026-04-10 22:15:39 [INFO] src.graph_dqn: Graph-DQN train epoch 898/2000 (44.9%)  loss=0.003848  eta=4640.4s
2026-04-10 22:15:42 [INFO] src.graph_dqn: Graph-DQN train epoch 899/2000 (45.0%)  loss=0.042253  eta=4635.5s
2026-04-10 22:15:46 [INFO] src.graph_dqn: Graph-DQN train epoch 900/2000 (45.0%)  loss=0.000000  eta=4630.8s
2026-04-10 22:15:46 [INFO] __main__: Saved selector checkpoint: dqn_model_rlcg_epoch_1900.pt
2026-04-10 22:15:51 [INFO] src.graph_dqn: Graph-DQN train epoch 901/2000 (45.1%)  loss=0.000000  eta=4627.2s
2026-04-10 22:15:55 [INFO] src.graph_dqn: Graph-DQN train epoch 902/2000 (45.1%)  loss=0.000000  eta=4623.0s
2026-04-10 22:15:59 [INFO] src.graph_dqn: Graph-DQN train epoch 903/2000 (45.1%)  loss=0.000000  eta=4618.2s
2026-04-10 22:16:03 [INFO] src.graph_dqn: Graph-DQN train epoch 904/2000 (45.2%)  loss=0.000000  eta=4613.5s
2026-04-10 22:16:08 [INFO] src.graph_dqn: Graph-DQN train epoch 905/2000 (45.2%)  loss=0.000000  eta=4610.4s
2026-04-10 22:16:12 [INFO] src.graph_dqn: Graph-DQN train epoch 906/2000 (45.3%)  loss=0.000000  eta=4605.6s
2026-04-10 22:16:15 [INFO] src.graph_dqn: Graph-DQN train epoch 907/2000 (45.4%)  loss=0.000000  eta=4600.8s
2026-04-10 22:16:20 [INFO] src.graph_dqn: Graph-DQN train epoch 908/2000 (45.4%)  loss=0.000000  eta=4597.0s
2026-04-10 22:16:24 [INFO] src.graph_dqn: Graph-DQN train epoch 909/2000 (45.5%)  loss=0.000000  eta=4593.0s
2026-04-10 22:16:28 [INFO] src.graph_dqn: Graph-DQN train epoch 910/2000 (45.5%)  loss=0.000000  eta=4588.3s
2026-04-10 22:16:32 [INFO] src.graph_dqn: Graph-DQN train epoch 911/2000 (45.6%)  loss=0.000000  eta=4583.6s
2026-04-10 22:16:37 [INFO] src.graph_dqn: Graph-DQN train epoch 912/2000 (45.6%)  loss=0.000000  eta=4580.7s
2026-04-10 22:16:41 [INFO] src.graph_dqn: Graph-DQN train epoch 913/2000 (45.6%)  loss=0.000000  eta=4575.9s
2026-04-10 22:16:45 [INFO] src.graph_dqn: Graph-DQN train epoch 914/2000 (45.7%)  loss=0.000000  eta=4571.2s
2026-04-10 22:16:49 [INFO] src.graph_dqn: Graph-DQN train epoch 915/2000 (45.8%)  loss=0.000000  eta=4567.7s
2026-04-10 22:16:54 [INFO] src.graph_dqn: Graph-DQN train epoch 916/2000 (45.8%)  loss=0.000000  eta=4563.8s
2026-04-10 22:16:58 [INFO] src.graph_dqn: Graph-DQN train epoch 917/2000 (45.9%)  loss=0.000000  eta=4559.2s
2026-04-10 22:17:02 [INFO] src.graph_dqn: Graph-DQN train epoch 918/2000 (45.9%)  loss=0.000000  eta=4554.6s
2026-04-10 22:17:07 [INFO] src.graph_dqn: Graph-DQN train epoch 919/2000 (46.0%)  loss=0.000000  eta=4551.7s
2026-04-10 22:17:11 [INFO] src.graph_dqn: Graph-DQN train epoch 920/2000 (46.0%)  loss=0.000000  eta=4547.1s
2026-04-10 22:17:15 [INFO] src.graph_dqn: Graph-DQN train epoch 921/2000 (46.1%)  loss=0.000000  eta=4542.3s
2026-04-10 22:17:20 [INFO] src.graph_dqn: Graph-DQN train epoch 922/2000 (46.1%)  loss=0.000000  eta=4539.1s
2026-04-10 22:17:24 [INFO] src.graph_dqn: Graph-DQN train epoch 923/2000 (46.2%)  loss=0.035936  eta=4535.1s
2026-04-10 22:17:28 [INFO] src.graph_dqn: Graph-DQN train epoch 924/2000 (46.2%)  loss=0.000000  eta=4530.6s
2026-04-10 22:17:32 [INFO] src.graph_dqn: Graph-DQN train epoch 925/2000 (46.2%)  loss=0.000000  eta=4526.5s
2026-04-10 22:17:37 [INFO] src.graph_dqn: Graph-DQN train epoch 926/2000 (46.3%)  loss=0.000000  eta=4523.3s
2026-04-10 22:17:41 [INFO] src.graph_dqn: Graph-DQN train epoch 927/2000 (46.4%)  loss=0.000000  eta=4518.7s
2026-04-10 22:17:45 [INFO] src.graph_dqn: Graph-DQN train epoch 928/2000 (46.4%)  loss=0.000000  eta=4514.0s
2026-04-10 22:17:50 [INFO] src.graph_dqn: Graph-DQN train epoch 929/2000 (46.5%)  loss=0.000000  eta=4511.0s
2026-04-10 22:17:54 [INFO] src.graph_dqn: Graph-DQN train epoch 930/2000 (46.5%)  loss=0.000000  eta=4506.6s
2026-04-10 22:17:59 [INFO] src.graph_dqn: Graph-DQN train epoch 931/2000 (46.6%)  loss=0.000000  eta=4503.2s
2026-04-10 22:18:07 [INFO] src.graph_dqn: Graph-DQN train epoch 932/2000 (46.6%)  loss=0.000000  eta=4502.5s
2026-04-10 22:18:12 [INFO] src.graph_dqn: Graph-DQN train epoch 933/2000 (46.7%)  loss=0.000000  eta=4499.7s
2026-04-10 22:18:18 [INFO] src.graph_dqn: Graph-DQN train epoch 934/2000 (46.7%)  loss=0.000000  eta=4497.7s
2026-04-10 22:18:24 [INFO] src.graph_dqn: Graph-DQN train epoch 935/2000 (46.8%)  loss=0.000000  eta=4495.2s
2026-04-10 22:18:29 [INFO] src.graph_dqn: Graph-DQN train epoch 936/2000 (46.8%)  loss=0.000000  eta=4492.2s
2026-04-10 22:18:36 [INFO] src.graph_dqn: Graph-DQN train epoch 937/2000 (46.9%)  loss=0.000000  eta=4490.8s
2026-04-10 22:18:42 [INFO] src.graph_dqn: Graph-DQN train epoch 938/2000 (46.9%)  loss=0.000000  eta=4488.4s
2026-04-10 22:18:47 [INFO] src.graph_dqn: Graph-DQN train epoch 939/2000 (46.9%)  loss=0.000000  eta=4485.7s
2026-04-10 22:18:54 [INFO] src.graph_dqn: Graph-DQN train epoch 940/2000 (47.0%)  loss=0.000000  eta=4483.8s
2026-04-10 22:18:59 [INFO] src.graph_dqn: Graph-DQN train epoch 941/2000 (47.0%)  loss=0.000000  eta=4480.5s
2026-04-10 22:19:05 [INFO] src.graph_dqn: Graph-DQN train epoch 942/2000 (47.1%)  loss=0.000000  eta=4478.3s
2026-04-10 22:19:10 [INFO] src.graph_dqn: Graph-DQN train epoch 943/2000 (47.1%)  loss=0.000000  eta=4475.5s
2026-04-10 22:19:15 [INFO] src.graph_dqn: Graph-DQN train epoch 944/2000 (47.2%)  loss=0.000000  eta=4472.1s
2026-04-10 22:19:22 [INFO] src.graph_dqn: Graph-DQN train epoch 945/2000 (47.2%)  loss=0.000000  eta=4470.7s
2026-04-10 22:19:27 [INFO] src.graph_dqn: Graph-DQN train epoch 946/2000 (47.3%)  loss=0.000000  eta=4467.9s
2026-04-10 22:19:33 [INFO] src.graph_dqn: Graph-DQN train epoch 947/2000 (47.3%)  loss=0.054247  eta=4465.4s
2026-04-10 22:19:39 [INFO] src.graph_dqn: Graph-DQN train epoch 948/2000 (47.4%)  loss=0.007772  eta=4463.3s
2026-04-10 22:19:44 [INFO] src.graph_dqn: Graph-DQN train epoch 949/2000 (47.4%)  loss=0.000018  eta=4459.6s
2026-04-10 22:19:50 [INFO] src.graph_dqn: Graph-DQN train epoch 950/2000 (47.5%)  loss=0.000002  eta=4457.4s
2026-04-10 22:19:56 [INFO] src.graph_dqn: Graph-DQN train epoch 951/2000 (47.5%)  loss=0.000001  eta=4454.4s
2026-04-10 22:20:01 [INFO] src.graph_dqn: Graph-DQN train epoch 952/2000 (47.6%)  loss=0.000001  eta=4450.8s
2026-04-10 22:20:07 [INFO] src.graph_dqn: Graph-DQN train epoch 953/2000 (47.6%)  loss=0.000000  eta=4449.3s
2026-04-10 22:20:11 [INFO] src.graph_dqn: Graph-DQN train epoch 954/2000 (47.7%)  loss=0.000000  eta=4444.5s
2026-04-10 22:20:15 [INFO] src.graph_dqn: Graph-DQN train epoch 955/2000 (47.8%)  loss=0.000000  eta=4439.7s
2026-04-10 22:20:19 [INFO] src.graph_dqn: Graph-DQN train epoch 956/2000 (47.8%)  loss=0.000000  eta=4435.6s
2026-04-10 22:20:24 [INFO] src.graph_dqn: Graph-DQN train epoch 957/2000 (47.9%)  loss=0.000000  eta=4431.8s
2026-04-10 22:20:28 [INFO] src.graph_dqn: Graph-DQN train epoch 958/2000 (47.9%)  loss=0.000000  eta=4427.0s
2026-04-10 22:20:31 [INFO] src.graph_dqn: Graph-DQN train epoch 959/2000 (47.9%)  loss=0.000000  eta=4422.1s
2026-04-10 22:20:37 [INFO] src.graph_dqn: Graph-DQN train epoch 960/2000 (48.0%)  loss=0.000000  eta=4419.0s
2026-04-10 22:20:40 [INFO] src.graph_dqn: Graph-DQN train epoch 961/2000 (48.0%)  loss=0.000000  eta=4414.2s
2026-04-10 22:20:44 [INFO] src.graph_dqn: Graph-DQN train epoch 962/2000 (48.1%)  loss=0.000000  eta=4409.4s
2026-04-10 22:20:48 [INFO] src.graph_dqn: Graph-DQN train epoch 963/2000 (48.1%)  loss=0.000000  eta=4405.3s
2026-04-10 22:20:53 [INFO] src.graph_dqn: Graph-DQN train epoch 964/2000 (48.2%)  loss=0.000000  eta=4401.6s
2026-04-10 22:20:57 [INFO] src.graph_dqn: Graph-DQN train epoch 965/2000 (48.2%)  loss=0.000000  eta=4396.7s
2026-04-10 22:21:00 [INFO] src.graph_dqn: Graph-DQN train epoch 966/2000 (48.3%)  loss=0.000000  eta=4391.9s
2026-04-10 22:21:06 [INFO] src.graph_dqn: Graph-DQN train epoch 967/2000 (48.4%)  loss=0.000000  eta=4388.8s
2026-04-10 22:21:10 [INFO] src.graph_dqn: Graph-DQN train epoch 968/2000 (48.4%)  loss=0.000000  eta=4384.1s
2026-04-10 22:21:13 [INFO] src.graph_dqn: Graph-DQN train epoch 969/2000 (48.4%)  loss=0.000000  eta=4379.3s
2026-04-10 22:21:18 [INFO] src.graph_dqn: Graph-DQN train epoch 970/2000 (48.5%)  loss=0.000000  eta=4375.1s
2026-04-10 22:21:22 [INFO] src.graph_dqn: Graph-DQN train epoch 971/2000 (48.5%)  loss=0.000000  eta=4371.4s
2026-04-10 22:21:26 [INFO] src.graph_dqn: Graph-DQN train epoch 972/2000 (48.6%)  loss=0.000000  eta=4366.6s
2026-04-10 22:21:30 [INFO] src.graph_dqn: Graph-DQN train epoch 973/2000 (48.6%)  loss=0.000000  eta=4361.8s
2026-04-10 22:21:35 [INFO] src.graph_dqn: Graph-DQN train epoch 974/2000 (48.7%)  loss=0.000084  eta=4358.4s
2026-04-10 22:21:39 [INFO] src.graph_dqn: Graph-DQN train epoch 975/2000 (48.8%)  loss=0.017541  eta=4353.9s
2026-04-10 22:21:43 [INFO] src.graph_dqn: Graph-DQN train epoch 976/2000 (48.8%)  loss=0.000049  eta=4349.1s
2026-04-10 22:21:47 [INFO] src.graph_dqn: Graph-DQN train epoch 977/2000 (48.9%)  loss=0.000000  eta=4344.8s
2026-04-10 22:21:52 [INFO] src.graph_dqn: Graph-DQN train epoch 978/2000 (48.9%)  loss=0.000000  eta=4341.1s
2026-04-10 22:21:55 [INFO] src.graph_dqn: Graph-DQN train epoch 979/2000 (48.9%)  loss=0.000000  eta=4336.4s
2026-04-10 22:21:59 [INFO] src.graph_dqn: Graph-DQN train epoch 980/2000 (49.0%)  loss=0.000000  eta=4331.6s
2026-04-10 22:22:04 [INFO] src.graph_dqn: Graph-DQN train epoch 981/2000 (49.0%)  loss=0.000000  eta=4328.1s
2026-04-10 22:22:08 [INFO] src.graph_dqn: Graph-DQN train epoch 982/2000 (49.1%)  loss=0.000000  eta=4323.6s
2026-04-10 22:22:12 [INFO] src.graph_dqn: Graph-DQN train epoch 983/2000 (49.1%)  loss=0.000000  eta=4318.8s
2026-04-10 22:22:16 [INFO] src.graph_dqn: Graph-DQN train epoch 984/2000 (49.2%)  loss=0.000000  eta=4314.1s
2026-04-10 22:22:21 [INFO] src.graph_dqn: Graph-DQN train epoch 985/2000 (49.2%)  loss=0.000000  eta=4310.7s
2026-04-10 22:22:24 [INFO] src.graph_dqn: Graph-DQN train epoch 986/2000 (49.3%)  loss=0.000000  eta=4305.8s
2026-04-10 22:22:28 [INFO] src.graph_dqn: Graph-DQN train epoch 987/2000 (49.4%)  loss=0.000000  eta=4301.0s
2026-04-10 22:22:33 [INFO] src.graph_dqn: Graph-DQN train epoch 988/2000 (49.4%)  loss=0.000000  eta=4297.1s
2026-04-10 22:22:37 [INFO] src.graph_dqn: Graph-DQN train epoch 989/2000 (49.5%)  loss=0.000000  eta=4293.0s
2026-04-10 22:22:41 [INFO] src.graph_dqn: Graph-DQN train epoch 990/2000 (49.5%)  loss=0.000000  eta=4288.2s
2026-04-10 22:22:44 [INFO] src.graph_dqn: Graph-DQN train epoch 991/2000 (49.5%)  loss=0.000000  eta=4283.3s
2026-04-10 22:22:50 [INFO] src.graph_dqn: Graph-DQN train epoch 992/2000 (49.6%)  loss=0.000000  eta=4280.1s
2026-04-10 22:22:53 [INFO] src.graph_dqn: Graph-DQN train epoch 993/2000 (49.6%)  loss=0.000118  eta=4275.2s
2026-04-10 22:22:57 [INFO] src.graph_dqn: Graph-DQN train epoch 994/2000 (49.7%)  loss=0.000001  eta=4270.4s
2026-04-10 22:23:01 [INFO] src.graph_dqn: Graph-DQN train epoch 995/2000 (49.8%)  loss=0.000000  eta=4266.1s
2026-04-10 22:23:06 [INFO] src.graph_dqn: Graph-DQN train epoch 996/2000 (49.8%)  loss=0.000000  eta=4262.3s
2026-04-10 22:23:09 [INFO] src.graph_dqn: Graph-DQN train epoch 997/2000 (49.9%)  loss=0.000000  eta=4257.5s
2026-04-10 22:23:13 [INFO] src.graph_dqn: Graph-DQN train epoch 998/2000 (49.9%)  loss=0.000000  eta=4252.7s
2026-04-10 22:23:18 [INFO] src.graph_dqn: Graph-DQN train epoch 999/2000 (50.0%)  loss=0.000000  eta=4249.2s
2026-04-10 22:23:22 [INFO] src.graph_dqn: Graph-DQN train epoch 1000/2000 (50.0%)  loss=0.000000  eta=4244.7s
2026-04-10 22:23:22 [INFO] __main__: Saved selector checkpoint: dqn_model_rlcg_epoch_2000.pt
2026-04-10 22:23:26 [INFO] src.graph_dqn: Graph-DQN train epoch 1001/2000 (50.0%)  loss=0.000000  eta=4239.9s
2026-04-10 22:23:30 [INFO] src.graph_dqn: Graph-DQN train epoch 1002/2000 (50.1%)  loss=0.000000  eta=4235.6s
2026-04-10 22:23:35 [INFO] src.graph_dqn: Graph-DQN train epoch 1003/2000 (50.1%)  loss=0.000000  eta=4232.0s
2026-04-10 22:23:39 [INFO] src.graph_dqn: Graph-DQN train epoch 1004/2000 (50.2%)  loss=0.000000  eta=4227.2s
2026-04-10 22:23:42 [INFO] src.graph_dqn: Graph-DQN train epoch 1005/2000 (50.2%)  loss=0.000000  eta=4222.5s
2026-04-10 22:23:47 [INFO] src.graph_dqn: Graph-DQN train epoch 1006/2000 (50.3%)  loss=0.000000  eta=4218.9s
2026-04-10 22:23:51 [INFO] src.graph_dqn: Graph-DQN train epoch 1007/2000 (50.3%)  loss=0.000000  eta=4214.5s
2026-04-10 22:23:55 [INFO] src.graph_dqn: Graph-DQN train epoch 1008/2000 (50.4%)  loss=0.000000  eta=4209.7s
2026-04-10 22:23:59 [INFO] src.graph_dqn: Graph-DQN train epoch 1009/2000 (50.4%)  loss=0.000000  eta=4205.0s
2026-04-10 22:24:04 [INFO] src.graph_dqn: Graph-DQN train epoch 1010/2000 (50.5%)  loss=0.000000  eta=4201.6s
2026-04-10 22:24:08 [INFO] src.graph_dqn: Graph-DQN train epoch 1011/2000 (50.5%)  loss=0.000000  eta=4196.8s
2026-04-10 22:24:11 [INFO] src.graph_dqn: Graph-DQN train epoch 1012/2000 (50.6%)  loss=0.000000  eta=4192.0s
2026-04-10 22:24:16 [INFO] src.graph_dqn: Graph-DQN train epoch 1013/2000 (50.6%)  loss=0.000000  eta=4188.1s
2026-04-10 22:24:20 [INFO] src.graph_dqn: Graph-DQN train epoch 1014/2000 (50.7%)  loss=0.009468  eta=4183.9s
2026-04-10 22:24:24 [INFO] src.graph_dqn: Graph-DQN train epoch 1015/2000 (50.7%)  loss=0.000001  eta=4179.1s
2026-04-10 22:24:28 [INFO] src.graph_dqn: Graph-DQN train epoch 1016/2000 (50.8%)  loss=0.000001  eta=4174.3s
2026-04-10 22:24:33 [INFO] src.graph_dqn: Graph-DQN train epoch 1017/2000 (50.8%)  loss=0.000001  eta=4171.0s
2026-04-10 22:24:36 [INFO] src.graph_dqn: Graph-DQN train epoch 1018/2000 (50.9%)  loss=0.000000  eta=4166.3s
2026-04-10 22:24:40 [INFO] src.graph_dqn: Graph-DQN train epoch 1019/2000 (50.9%)  loss=0.000000  eta=4161.6s
2026-04-10 22:24:44 [INFO] src.graph_dqn: Graph-DQN train epoch 1020/2000 (51.0%)  loss=0.000000  eta=4157.3s
2026-04-10 22:24:49 [INFO] src.graph_dqn: Graph-DQN train epoch 1021/2000 (51.0%)  loss=0.000000  eta=4153.5s
2026-04-10 22:24:53 [INFO] src.graph_dqn: Graph-DQN train epoch 1022/2000 (51.1%)  loss=0.000000  eta=4148.7s
2026-04-10 22:24:57 [INFO] src.graph_dqn: Graph-DQN train epoch 1023/2000 (51.1%)  loss=0.000000  eta=4144.0s
2026-04-10 22:25:01 [INFO] src.graph_dqn: Graph-DQN train epoch 1024/2000 (51.2%)  loss=0.000000  eta=4140.4s
2026-04-10 22:25:05 [INFO] src.graph_dqn: Graph-DQN train epoch 1025/2000 (51.2%)  loss=0.000000  eta=4135.9s
2026-04-10 22:25:09 [INFO] src.graph_dqn: Graph-DQN train epoch 1026/2000 (51.3%)  loss=0.000000  eta=4131.1s
2026-04-10 22:25:13 [INFO] src.graph_dqn: Graph-DQN train epoch 1027/2000 (51.3%)  loss=0.000000  eta=4126.6s
2026-04-10 22:25:18 [INFO] src.graph_dqn: Graph-DQN train epoch 1028/2000 (51.4%)  loss=0.000000  eta=4123.0s
2026-04-10 22:25:22 [INFO] src.graph_dqn: Graph-DQN train epoch 1029/2000 (51.4%)  loss=0.000000  eta=4118.4s
2026-04-10 22:25:26 [INFO] src.graph_dqn: Graph-DQN train epoch 1030/2000 (51.5%)  loss=0.000000  eta=4113.7s
2026-04-10 22:25:31 [INFO] src.graph_dqn: Graph-DQN train epoch 1031/2000 (51.5%)  loss=0.000000  eta=4110.2s
2026-04-10 22:25:35 [INFO] src.graph_dqn: Graph-DQN train epoch 1032/2000 (51.6%)  loss=0.000000  eta=4105.9s
2026-04-10 22:25:39 [INFO] src.graph_dqn: Graph-DQN train epoch 1033/2000 (51.6%)  loss=0.000000  eta=4101.2s
2026-04-10 22:25:43 [INFO] src.graph_dqn: Graph-DQN train epoch 1034/2000 (51.7%)  loss=0.000000  eta=4097.0s
2026-04-10 22:25:48 [INFO] src.graph_dqn: Graph-DQN train epoch 1035/2000 (51.7%)  loss=0.000000  eta=4093.6s
2026-04-10 22:25:52 [INFO] src.graph_dqn: Graph-DQN train epoch 1036/2000 (51.8%)  loss=0.000000  eta=4089.0s
2026-04-10 22:25:56 [INFO] src.graph_dqn: Graph-DQN train epoch 1037/2000 (51.8%)  loss=0.040347  eta=4084.5s
2026-04-10 22:26:01 [INFO] src.graph_dqn: Graph-DQN train epoch 1038/2000 (51.9%)  loss=0.000003  eta=4081.3s
2026-04-10 22:26:05 [INFO] src.graph_dqn: Graph-DQN train epoch 1039/2000 (51.9%)  loss=0.000001  eta=4076.8s
2026-04-10 22:26:09 [INFO] src.graph_dqn: Graph-DQN train epoch 1040/2000 (52.0%)  loss=0.000001  eta=4072.2s
2026-04-10 22:26:14 [INFO] src.graph_dqn: Graph-DQN train epoch 1041/2000 (52.0%)  loss=0.000000  eta=4068.6s
2026-04-10 22:26:18 [INFO] src.graph_dqn: Graph-DQN train epoch 1042/2000 (52.1%)  loss=0.000000  eta=4064.5s
2026-04-10 22:26:22 [INFO] src.graph_dqn: Graph-DQN train epoch 1043/2000 (52.1%)  loss=0.000000  eta=4059.8s
2026-04-10 22:26:26 [INFO] src.graph_dqn: Graph-DQN train epoch 1044/2000 (52.2%)  loss=0.000000  eta=4055.1s
2026-04-10 22:26:31 [INFO] src.graph_dqn: Graph-DQN train epoch 1045/2000 (52.2%)  loss=0.000000  eta=4051.9s
2026-04-10 22:26:35 [INFO] src.graph_dqn: Graph-DQN train epoch 1046/2000 (52.3%)  loss=0.000000  eta=4047.2s
2026-04-10 22:26:39 [INFO] src.graph_dqn: Graph-DQN train epoch 1047/2000 (52.3%)  loss=0.000000  eta=4042.5s
2026-04-10 22:26:43 [INFO] src.graph_dqn: Graph-DQN train epoch 1048/2000 (52.4%)  loss=0.000000  eta=4038.5s
2026-04-10 22:26:48 [INFO] src.graph_dqn: Graph-DQN train epoch 1049/2000 (52.4%)  loss=0.000000  eta=4034.4s
2026-04-10 22:26:51 [INFO] src.graph_dqn: Graph-DQN train epoch 1050/2000 (52.5%)  loss=0.000000  eta=4029.8s
2026-04-10 22:26:55 [INFO] src.graph_dqn: Graph-DQN train epoch 1051/2000 (52.5%)  loss=0.000000  eta=4025.1s
2026-04-10 22:27:00 [INFO] src.graph_dqn: Graph-DQN train epoch 1052/2000 (52.6%)  loss=0.000000  eta=4021.8s
2026-04-10 22:27:04 [INFO] src.graph_dqn: Graph-DQN train epoch 1053/2000 (52.6%)  loss=0.000000  eta=4017.1s
2026-04-10 22:27:08 [INFO] src.graph_dqn: Graph-DQN train epoch 1054/2000 (52.7%)  loss=0.000000  eta=4012.3s
2026-04-10 22:27:12 [INFO] src.graph_dqn: Graph-DQN train epoch 1055/2000 (52.8%)  loss=0.003198  eta=4008.2s
2026-04-10 22:27:17 [INFO] src.graph_dqn: Graph-DQN train epoch 1056/2000 (52.8%)  loss=0.003229  eta=4004.3s
2026-04-10 22:27:21 [INFO] src.graph_dqn: Graph-DQN train epoch 1057/2000 (52.8%)  loss=0.000000  eta=3999.6s
2026-04-10 22:27:24 [INFO] src.graph_dqn: Graph-DQN train epoch 1058/2000 (52.9%)  loss=0.000000  eta=3994.9s
2026-04-10 22:27:30 [INFO] src.graph_dqn: Graph-DQN train epoch 1059/2000 (52.9%)  loss=0.000000  eta=3991.6s
2026-04-10 22:27:33 [INFO] src.graph_dqn: Graph-DQN train epoch 1060/2000 (53.0%)  loss=0.000000  eta=3986.9s
2026-04-10 22:27:37 [INFO] src.graph_dqn: Graph-DQN train epoch 1061/2000 (53.0%)  loss=0.000000  eta=3982.2s
2026-04-10 22:27:41 [INFO] src.graph_dqn: Graph-DQN train epoch 1062/2000 (53.1%)  loss=0.000000  eta=3978.1s
2026-04-10 22:27:46 [INFO] src.graph_dqn: Graph-DQN train epoch 1063/2000 (53.1%)  loss=0.000000  eta=3974.2s
2026-04-10 22:27:50 [INFO] src.graph_dqn: Graph-DQN train epoch 1064/2000 (53.2%)  loss=0.000000  eta=3969.5s
2026-04-10 22:27:53 [INFO] src.graph_dqn: Graph-DQN train epoch 1065/2000 (53.2%)  loss=0.000000  eta=3964.7s
2026-04-10 22:27:59 [INFO] src.graph_dqn: Graph-DQN train epoch 1066/2000 (53.3%)  loss=0.000000  eta=3961.3s
2026-04-10 22:28:02 [INFO] src.graph_dqn: Graph-DQN train epoch 1067/2000 (53.3%)  loss=0.000000  eta=3956.7s
2026-04-10 22:28:06 [INFO] src.graph_dqn: Graph-DQN train epoch 1068/2000 (53.4%)  loss=0.000000  eta=3952.0s
2026-04-10 22:28:10 [INFO] src.graph_dqn: Graph-DQN train epoch 1069/2000 (53.4%)  loss=0.000000  eta=3947.7s
2026-04-10 22:28:15 [INFO] src.graph_dqn: Graph-DQN train epoch 1070/2000 (53.5%)  loss=0.000000  eta=3944.0s
2026-04-10 22:28:19 [INFO] src.graph_dqn: Graph-DQN train epoch 1071/2000 (53.5%)  loss=0.000000  eta=3939.2s
2026-04-10 22:28:22 [INFO] src.graph_dqn: Graph-DQN train epoch 1072/2000 (53.6%)  loss=0.000000  eta=3934.5s
2026-04-10 22:28:27 [INFO] src.graph_dqn: Graph-DQN train epoch 1073/2000 (53.6%)  loss=0.000000  eta=3930.8s
2026-04-10 22:28:31 [INFO] src.graph_dqn: Graph-DQN train epoch 1074/2000 (53.7%)  loss=0.000000  eta=3926.4s
2026-04-10 22:28:35 [INFO] src.graph_dqn: Graph-DQN train epoch 1075/2000 (53.8%)  loss=0.009057  eta=3921.7s
2026-04-10 22:28:39 [INFO] src.graph_dqn: Graph-DQN train epoch 1076/2000 (53.8%)  loss=0.002482  eta=3917.2s
2026-04-10 22:28:44 [INFO] src.graph_dqn: Graph-DQN train epoch 1077/2000 (53.8%)  loss=0.000168  eta=3913.7s
2026-04-10 22:28:48 [INFO] src.graph_dqn: Graph-DQN train epoch 1078/2000 (53.9%)  loss=0.000000  eta=3908.9s
2026-04-10 22:28:51 [INFO] src.graph_dqn: Graph-DQN train epoch 1079/2000 (53.9%)  loss=0.000000  eta=3904.2s
2026-04-10 22:28:56 [INFO] src.graph_dqn: Graph-DQN train epoch 1080/2000 (54.0%)  loss=0.000000  eta=3900.4s
2026-04-10 22:29:00 [INFO] src.graph_dqn: Graph-DQN train epoch 1081/2000 (54.0%)  loss=0.000000  eta=3896.2s
2026-04-10 22:29:04 [INFO] src.graph_dqn: Graph-DQN train epoch 1082/2000 (54.1%)  loss=0.000000  eta=3891.5s
2026-04-10 22:29:08 [INFO] src.graph_dqn: Graph-DQN train epoch 1083/2000 (54.1%)  loss=0.000000  eta=3886.9s
2026-04-10 22:29:13 [INFO] src.graph_dqn: Graph-DQN train epoch 1084/2000 (54.2%)  loss=0.000000  eta=3883.5s
2026-04-10 22:29:17 [INFO] src.graph_dqn: Graph-DQN train epoch 1085/2000 (54.2%)  loss=0.000000  eta=3878.8s
2026-04-10 22:29:21 [INFO] src.graph_dqn: Graph-DQN train epoch 1086/2000 (54.3%)  loss=0.000000  eta=3874.1s
2026-04-10 22:29:25 [INFO] src.graph_dqn: Graph-DQN train epoch 1087/2000 (54.4%)  loss=0.000000  eta=3870.1s
2026-04-10 22:29:30 [INFO] src.graph_dqn: Graph-DQN train epoch 1088/2000 (54.4%)  loss=0.000000  eta=3866.1s
2026-04-10 22:29:33 [INFO] src.graph_dqn: Graph-DQN train epoch 1089/2000 (54.4%)  loss=0.000000  eta=3861.5s
2026-04-10 22:29:37 [INFO] src.graph_dqn: Graph-DQN train epoch 1090/2000 (54.5%)  loss=0.000000  eta=3856.9s
2026-04-10 22:29:42 [INFO] src.graph_dqn: Graph-DQN train epoch 1091/2000 (54.5%)  loss=0.000000  eta=3853.5s
2026-04-10 22:29:46 [INFO] src.graph_dqn: Graph-DQN train epoch 1092/2000 (54.6%)  loss=0.000000  eta=3848.8s
2026-04-10 22:29:50 [INFO] src.graph_dqn: Graph-DQN train epoch 1093/2000 (54.6%)  loss=0.000000  eta=3844.2s
2026-04-10 22:29:55 [INFO] src.graph_dqn: Graph-DQN train epoch 1094/2000 (54.7%)  loss=0.000000  eta=3840.2s
2026-04-10 22:29:59 [INFO] src.graph_dqn: Graph-DQN train epoch 1095/2000 (54.8%)  loss=0.000000  eta=3836.1s
2026-04-10 22:30:03 [INFO] src.graph_dqn: Graph-DQN train epoch 1096/2000 (54.8%)  loss=0.000000  eta=3831.7s
2026-04-10 22:30:07 [INFO] src.graph_dqn: Graph-DQN train epoch 1097/2000 (54.9%)  loss=0.000000  eta=3827.1s
2026-04-10 22:30:12 [INFO] src.graph_dqn: Graph-DQN train epoch 1098/2000 (54.9%)  loss=0.000000  eta=3823.8s
2026-04-10 22:30:16 [INFO] src.graph_dqn: Graph-DQN train epoch 1099/2000 (54.9%)  loss=0.000000  eta=3819.1s
2026-04-10 22:30:20 [INFO] src.graph_dqn: Graph-DQN train epoch 1100/2000 (55.0%)  loss=0.000000  eta=3814.4s
2026-04-10 22:30:20 [INFO] __main__: Saved selector checkpoint: dqn_model_rlcg_epoch_2100.pt
2026-04-10 22:30:24 [INFO] src.graph_dqn: Graph-DQN train epoch 1101/2000 (55.0%)  loss=0.000000  eta=3810.5s
2026-04-10 22:30:29 [INFO] src.graph_dqn: Graph-DQN train epoch 1102/2000 (55.1%)  loss=0.000000  eta=3806.4s
2026-04-10 22:30:32 [INFO] src.graph_dqn: Graph-DQN train epoch 1103/2000 (55.1%)  loss=0.000000  eta=3801.8s
2026-04-10 22:30:36 [INFO] src.graph_dqn: Graph-DQN train epoch 1104/2000 (55.2%)  loss=0.000000  eta=3797.1s
2026-04-10 22:30:41 [INFO] src.graph_dqn: Graph-DQN train epoch 1105/2000 (55.2%)  loss=0.000000  eta=3793.8s
2026-04-10 22:30:45 [INFO] src.graph_dqn: Graph-DQN train epoch 1106/2000 (55.3%)  loss=0.000000  eta=3789.1s
2026-04-10 22:30:49 [INFO] src.graph_dqn: Graph-DQN train epoch 1107/2000 (55.4%)  loss=0.000000  eta=3784.5s
2026-04-10 22:30:53 [INFO] src.graph_dqn: Graph-DQN train epoch 1108/2000 (55.4%)  loss=0.000000  eta=3780.6s
2026-04-10 22:30:58 [INFO] src.graph_dqn: Graph-DQN train epoch 1109/2000 (55.5%)  loss=0.000000  eta=3776.5s
2026-04-10 22:31:02 [INFO] src.graph_dqn: Graph-DQN train epoch 1110/2000 (55.5%)  loss=0.000000  eta=3771.9s
2026-04-10 22:31:05 [INFO] src.graph_dqn: Graph-DQN train epoch 1111/2000 (55.5%)  loss=0.000001  eta=3767.2s
2026-04-10 22:31:11 [INFO] src.graph_dqn: Graph-DQN train epoch 1112/2000 (55.6%)  loss=0.000000  eta=3763.9s
2026-04-10 22:31:15 [INFO] src.graph_dqn: Graph-DQN train epoch 1113/2000 (55.6%)  loss=0.000000  eta=3759.3s
2026-04-10 22:31:18 [INFO] src.graph_dqn: Graph-DQN train epoch 1114/2000 (55.7%)  loss=0.000000  eta=3754.6s
2026-04-10 22:31:23 [INFO] src.graph_dqn: Graph-DQN train epoch 1115/2000 (55.8%)  loss=0.000000  eta=3750.5s
2026-04-10 22:31:27 [INFO] src.graph_dqn: Graph-DQN train epoch 1116/2000 (55.8%)  loss=0.000000  eta=3746.6s
2026-04-10 22:31:31 [INFO] src.graph_dqn: Graph-DQN train epoch 1117/2000 (55.9%)  loss=0.000000  eta=3742.0s
2026-04-10 22:31:35 [INFO] src.graph_dqn: Graph-DQN train epoch 1118/2000 (55.9%)  loss=0.000000  eta=3737.3s
2026-04-10 22:31:40 [INFO] src.graph_dqn: Graph-DQN train epoch 1119/2000 (56.0%)  loss=0.000000  eta=3733.9s
2026-04-10 22:31:44 [INFO] src.graph_dqn: Graph-DQN train epoch 1120/2000 (56.0%)  loss=0.000000  eta=3729.3s
2026-04-10 22:31:47 [INFO] src.graph_dqn: Graph-DQN train epoch 1121/2000 (56.0%)  loss=0.000000  eta=3724.6s
2026-04-10 22:31:52 [INFO] src.graph_dqn: Graph-DQN train epoch 1122/2000 (56.1%)  loss=0.000000  eta=3720.5s
2026-04-10 22:31:57 [INFO] src.graph_dqn: Graph-DQN train epoch 1123/2000 (56.1%)  loss=0.000000  eta=3716.6s
2026-04-10 22:32:00 [INFO] src.graph_dqn: Graph-DQN train epoch 1124/2000 (56.2%)  loss=0.000000  eta=3711.9s
2026-04-10 22:32:04 [INFO] src.graph_dqn: Graph-DQN train epoch 1125/2000 (56.2%)  loss=0.000000  eta=3707.3s
2026-04-10 22:32:09 [INFO] src.graph_dqn: Graph-DQN train epoch 1126/2000 (56.3%)  loss=0.000000  eta=3703.9s
2026-04-10 22:32:13 [INFO] src.graph_dqn: Graph-DQN train epoch 1127/2000 (56.4%)  loss=0.000000  eta=3699.4s
2026-04-10 22:32:17 [INFO] src.graph_dqn: Graph-DQN train epoch 1128/2000 (56.4%)  loss=0.000000  eta=3694.8s
2026-04-10 22:32:21 [INFO] src.graph_dqn: Graph-DQN train epoch 1129/2000 (56.5%)  loss=0.000000  eta=3690.6s
2026-04-10 22:32:26 [INFO] src.graph_dqn: Graph-DQN train epoch 1130/2000 (56.5%)  loss=0.000000  eta=3686.8s
2026-04-10 22:32:30 [INFO] src.graph_dqn: Graph-DQN train epoch 1131/2000 (56.5%)  loss=0.000000  eta=3682.1s
2026-04-10 22:32:33 [INFO] src.graph_dqn: Graph-DQN train epoch 1132/2000 (56.6%)  loss=0.000000  eta=3677.5s
2026-04-10 22:32:39 [INFO] src.graph_dqn: Graph-DQN train epoch 1133/2000 (56.6%)  loss=0.000000  eta=3674.0s
2026-04-10 22:32:43 [INFO] src.graph_dqn: Graph-DQN train epoch 1134/2000 (56.7%)  loss=0.000000  eta=3669.5s
2026-04-10 22:32:46 [INFO] src.graph_dqn: Graph-DQN train epoch 1135/2000 (56.8%)  loss=0.000000  eta=3664.9s
2026-04-10 22:32:50 [INFO] src.graph_dqn: Graph-DQN train epoch 1136/2000 (56.8%)  loss=0.000000  eta=3660.6s
2026-04-10 22:32:55 [INFO] src.graph_dqn: Graph-DQN train epoch 1137/2000 (56.9%)  loss=0.033722  eta=3656.9s
2026-04-10 22:32:59 [INFO] src.graph_dqn: Graph-DQN train epoch 1138/2000 (56.9%)  loss=0.000000  eta=3652.2s
2026-04-10 22:33:03 [INFO] src.graph_dqn: Graph-DQN train epoch 1139/2000 (57.0%)  loss=0.000000  eta=3647.6s
2026-04-10 22:33:08 [INFO] src.graph_dqn: Graph-DQN train epoch 1140/2000 (57.0%)  loss=0.000000  eta=3644.0s
2026-04-10 22:33:12 [INFO] src.graph_dqn: Graph-DQN train epoch 1141/2000 (57.0%)  loss=0.000000  eta=3639.6s
2026-04-10 22:33:16 [INFO] src.graph_dqn: Graph-DQN train epoch 1142/2000 (57.1%)  loss=0.000000  eta=3635.0s
2026-04-10 22:33:20 [INFO] src.graph_dqn: Graph-DQN train epoch 1143/2000 (57.1%)  loss=0.000000  eta=3630.6s
2026-04-10 22:33:25 [INFO] src.graph_dqn: Graph-DQN train epoch 1144/2000 (57.2%)  loss=0.000000  eta=3626.9s
2026-04-10 22:33:28 [INFO] src.graph_dqn: Graph-DQN train epoch 1145/2000 (57.2%)  loss=0.000000  eta=3622.3s
2026-04-10 22:33:32 [INFO] src.graph_dqn: Graph-DQN train epoch 1146/2000 (57.3%)  loss=0.000000  eta=3617.7s
2026-04-10 22:33:37 [INFO] src.graph_dqn: Graph-DQN train epoch 1147/2000 (57.4%)  loss=0.000000  eta=3614.0s
2026-04-10 22:33:41 [INFO] src.graph_dqn: Graph-DQN train epoch 1148/2000 (57.4%)  loss=0.000000  eta=3609.6s
2026-04-10 22:33:45 [INFO] src.graph_dqn: Graph-DQN train epoch 1149/2000 (57.5%)  loss=0.000000  eta=3605.0s
2026-04-10 22:33:49 [INFO] src.graph_dqn: Graph-DQN train epoch 1150/2000 (57.5%)  loss=0.000000  eta=3600.6s
2026-04-10 22:33:54 [INFO] src.graph_dqn: Graph-DQN train epoch 1151/2000 (57.6%)  loss=0.000000  eta=3596.9s
2026-04-10 22:33:58 [INFO] src.graph_dqn: Graph-DQN train epoch 1152/2000 (57.6%)  loss=0.000000  eta=3592.3s
2026-04-10 22:34:01 [INFO] src.graph_dqn: Graph-DQN train epoch 1153/2000 (57.6%)  loss=0.000000  eta=3587.7s
2026-04-10 22:34:06 [INFO] src.graph_dqn: Graph-DQN train epoch 1154/2000 (57.7%)  loss=0.000000  eta=3584.0s
2026-04-10 22:34:10 [INFO] src.graph_dqn: Graph-DQN train epoch 1155/2000 (57.8%)  loss=0.000000  eta=3579.7s
2026-04-10 22:34:14 [INFO] src.graph_dqn: Graph-DQN train epoch 1156/2000 (57.8%)  loss=0.000000  eta=3575.0s
2026-04-10 22:34:18 [INFO] src.graph_dqn: Graph-DQN train epoch 1157/2000 (57.9%)  loss=0.000000  eta=3570.5s
2026-04-10 22:34:23 [INFO] src.graph_dqn: Graph-DQN train epoch 1158/2000 (57.9%)  loss=0.000000  eta=3566.9s
2026-04-10 22:34:27 [INFO] src.graph_dqn: Graph-DQN train epoch 1159/2000 (58.0%)  loss=0.046264  eta=3562.3s
2026-04-10 22:34:30 [INFO] src.graph_dqn: Graph-DQN train epoch 1160/2000 (58.0%)  loss=0.000000  eta=3557.7s
2026-04-10 22:34:35 [INFO] src.graph_dqn: Graph-DQN train epoch 1161/2000 (58.1%)  loss=0.000000  eta=3553.7s
2026-04-10 22:34:39 [INFO] src.graph_dqn: Graph-DQN train epoch 1162/2000 (58.1%)  loss=0.000000  eta=3549.6s
2026-04-10 22:34:43 [INFO] src.graph_dqn: Graph-DQN train epoch 1163/2000 (58.1%)  loss=0.000000  eta=3545.0s
2026-04-10 22:34:47 [INFO] src.graph_dqn: Graph-DQN train epoch 1164/2000 (58.2%)  loss=0.000000  eta=3540.4s
2026-04-10 22:34:52 [INFO] src.graph_dqn: Graph-DQN train epoch 1165/2000 (58.2%)  loss=0.000000  eta=3536.9s
2026-04-10 22:34:56 [INFO] src.graph_dqn: Graph-DQN train epoch 1166/2000 (58.3%)  loss=0.000000  eta=3532.3s
2026-04-10 22:35:00 [INFO] src.graph_dqn: Graph-DQN train epoch 1167/2000 (58.4%)  loss=0.000000  eta=3527.6s
2026-04-10 22:35:04 [INFO] src.graph_dqn: Graph-DQN train epoch 1168/2000 (58.4%)  loss=0.000000  eta=3523.6s
2026-04-10 22:35:09 [INFO] src.graph_dqn: Graph-DQN train epoch 1169/2000 (58.5%)  loss=0.000000  eta=3519.6s
2026-04-10 22:35:12 [INFO] src.graph_dqn: Graph-DQN train epoch 1170/2000 (58.5%)  loss=0.000000  eta=3515.0s
2026-04-10 22:35:16 [INFO] src.graph_dqn: Graph-DQN train epoch 1171/2000 (58.6%)  loss=0.000000  eta=3510.3s
2026-04-10 22:35:21 [INFO] src.graph_dqn: Graph-DQN train epoch 1172/2000 (58.6%)  loss=0.000000  eta=3506.8s
2026-04-10 22:35:25 [INFO] src.graph_dqn: Graph-DQN train epoch 1173/2000 (58.7%)  loss=0.000000  eta=3502.3s
2026-04-10 22:35:29 [INFO] src.graph_dqn: Graph-DQN train epoch 1174/2000 (58.7%)  loss=0.000000  eta=3497.7s
2026-04-10 22:35:33 [INFO] src.graph_dqn: Graph-DQN train epoch 1175/2000 (58.8%)  loss=0.000000  eta=3493.5s
2026-04-10 22:35:38 [INFO] src.graph_dqn: Graph-DQN train epoch 1176/2000 (58.8%)  loss=0.000000  eta=3489.6s
2026-04-10 22:35:42 [INFO] src.graph_dqn: Graph-DQN train epoch 1177/2000 (58.9%)  loss=0.000000  eta=3485.1s
2026-04-10 22:35:45 [INFO] src.graph_dqn: Graph-DQN train epoch 1178/2000 (58.9%)  loss=0.000000  eta=3480.4s
2026-04-10 22:35:50 [INFO] src.graph_dqn: Graph-DQN train epoch 1179/2000 (59.0%)  loss=0.000000  eta=3476.8s
2026-04-10 22:35:54 [INFO] src.graph_dqn: Graph-DQN train epoch 1180/2000 (59.0%)  loss=0.000000  eta=3472.4s
2026-04-10 22:35:58 [INFO] src.graph_dqn: Graph-DQN train epoch 1181/2000 (59.1%)  loss=0.000000  eta=3467.8s
2026-04-10 22:36:02 [INFO] src.graph_dqn: Graph-DQN train epoch 1182/2000 (59.1%)  loss=0.000000  eta=3463.4s
2026-04-10 22:36:07 [INFO] src.graph_dqn: Graph-DQN train epoch 1183/2000 (59.2%)  loss=0.000000  eta=3459.7s
2026-04-10 22:36:11 [INFO] src.graph_dqn: Graph-DQN train epoch 1184/2000 (59.2%)  loss=0.000000  eta=3455.1s
2026-04-10 22:36:14 [INFO] src.graph_dqn: Graph-DQN train epoch 1185/2000 (59.2%)  loss=0.000000  eta=3450.4s
2026-04-10 22:36:19 [INFO] src.graph_dqn: Graph-DQN train epoch 1186/2000 (59.3%)  loss=0.000000  eta=3446.6s
2026-04-10 22:36:23 [INFO] src.graph_dqn: Graph-DQN train epoch 1187/2000 (59.4%)  loss=0.000000  eta=3442.3s
2026-04-10 22:36:27 [INFO] src.graph_dqn: Graph-DQN train epoch 1188/2000 (59.4%)  loss=0.000000  eta=3437.7s
2026-04-10 22:36:31 [INFO] src.graph_dqn: Graph-DQN train epoch 1189/2000 (59.5%)  loss=0.000000  eta=3433.3s
2026-04-10 22:36:36 [INFO] src.graph_dqn: Graph-DQN train epoch 1190/2000 (59.5%)  loss=0.000000  eta=3429.7s
2026-04-10 22:36:40 [INFO] src.graph_dqn: Graph-DQN train epoch 1191/2000 (59.6%)  loss=0.005125  eta=3425.3s
2026-04-10 22:36:44 [INFO] src.graph_dqn: Graph-DQN train epoch 1192/2000 (59.6%)  loss=0.000000  eta=3420.7s
2026-04-10 22:36:49 [INFO] src.graph_dqn: Graph-DQN train epoch 1193/2000 (59.7%)  loss=0.000000  eta=3417.0s
2026-04-10 22:36:53 [INFO] src.graph_dqn: Graph-DQN train epoch 1194/2000 (59.7%)  loss=0.000000  eta=3412.7s
2026-04-10 22:36:57 [INFO] src.graph_dqn: Graph-DQN train epoch 1195/2000 (59.8%)  loss=0.000000  eta=3408.2s
2026-04-10 22:37:01 [INFO] src.graph_dqn: Graph-DQN train epoch 1196/2000 (59.8%)  loss=0.000000  eta=3404.0s
2026-04-10 22:37:06 [INFO] src.graph_dqn: Graph-DQN train epoch 1197/2000 (59.9%)  loss=0.000000  eta=3400.3s
2026-04-10 22:37:10 [INFO] src.graph_dqn: Graph-DQN train epoch 1198/2000 (59.9%)  loss=0.000000  eta=3395.8s
2026-04-10 22:37:14 [INFO] src.graph_dqn: Graph-DQN train epoch 1199/2000 (60.0%)  loss=0.000000  eta=3391.4s
2026-04-10 22:37:19 [INFO] src.graph_dqn: Graph-DQN train epoch 1200/2000 (60.0%)  loss=0.000000  eta=3388.0s
2026-04-10 22:37:19 [INFO] __main__: Saved selector checkpoint: dqn_model_rlcg_epoch_2200.pt
2026-04-10 22:37:23 [INFO] src.graph_dqn: Graph-DQN train epoch 1201/2000 (60.1%)  loss=0.000000  eta=3383.6s
2026-04-10 22:37:28 [INFO] src.graph_dqn: Graph-DQN train epoch 1202/2000 (60.1%)  loss=0.000000  eta=3379.3s
2026-04-10 22:37:32 [INFO] src.graph_dqn: Graph-DQN train epoch 1203/2000 (60.2%)  loss=0.000000  eta=3375.5s
2026-04-10 22:37:37 [INFO] src.graph_dqn: Graph-DQN train epoch 1204/2000 (60.2%)  loss=0.000000  eta=3371.4s
2026-04-10 22:37:41 [INFO] src.graph_dqn: Graph-DQN train epoch 1205/2000 (60.2%)  loss=0.000000  eta=3367.0s
2026-04-10 22:37:45 [INFO] src.graph_dqn: Graph-DQN train epoch 1206/2000 (60.3%)  loss=0.000000  eta=3362.7s
2026-04-10 22:37:50 [INFO] src.graph_dqn: Graph-DQN train epoch 1207/2000 (60.4%)  loss=0.000000  eta=3359.0s
2026-04-10 22:37:54 [INFO] src.graph_dqn: Graph-DQN train epoch 1208/2000 (60.4%)  loss=0.000000  eta=3354.5s
2026-04-10 22:37:58 [INFO] src.graph_dqn: Graph-DQN train epoch 1209/2000 (60.5%)  loss=0.000000  eta=3350.0s
2026-04-10 22:38:03 [INFO] src.graph_dqn: Graph-DQN train epoch 1210/2000 (60.5%)  loss=0.000000  eta=3346.4s
2026-04-10 22:38:07 [INFO] src.graph_dqn: Graph-DQN train epoch 1211/2000 (60.6%)  loss=0.000000  eta=3342.1s
2026-04-10 22:38:11 [INFO] src.graph_dqn: Graph-DQN train epoch 1212/2000 (60.6%)  loss=0.000000  eta=3337.6s
2026-04-10 22:38:15 [INFO] src.graph_dqn: Graph-DQN train epoch 1213/2000 (60.7%)  loss=0.000000  eta=3333.5s
2026-04-10 22:38:20 [INFO] src.graph_dqn: Graph-DQN train epoch 1214/2000 (60.7%)  loss=0.000000  eta=3329.6s
2026-04-10 22:38:24 [INFO] src.graph_dqn: Graph-DQN train epoch 1215/2000 (60.8%)  loss=0.000000  eta=3325.1s
2026-04-10 22:38:28 [INFO] src.graph_dqn: Graph-DQN train epoch 1216/2000 (60.8%)  loss=0.000000  eta=3320.6s
2026-04-10 22:38:33 [INFO] src.graph_dqn: Graph-DQN train epoch 1217/2000 (60.9%)  loss=0.000000  eta=3317.1s
2026-04-10 22:38:37 [INFO] src.graph_dqn: Graph-DQN train epoch 1218/2000 (60.9%)  loss=0.000113  eta=3312.6s
2026-04-10 22:38:41 [INFO] src.graph_dqn: Graph-DQN train epoch 1219/2000 (61.0%)  loss=0.000000  eta=3308.2s
2026-04-10 22:38:46 [INFO] src.graph_dqn: Graph-DQN train epoch 1220/2000 (61.0%)  loss=0.000000  eta=3304.4s
2026-04-10 22:38:50 [INFO] src.graph_dqn: Graph-DQN train epoch 1221/2000 (61.1%)  loss=0.000000  eta=3300.3s
2026-04-10 22:38:54 [INFO] src.graph_dqn: Graph-DQN train epoch 1222/2000 (61.1%)  loss=0.000000  eta=3295.9s
2026-04-10 22:38:58 [INFO] src.graph_dqn: Graph-DQN train epoch 1223/2000 (61.2%)  loss=0.000000  eta=3291.5s
2026-04-10 22:39:03 [INFO] src.graph_dqn: Graph-DQN train epoch 1224/2000 (61.2%)  loss=0.000000  eta=3287.9s
2026-04-10 22:39:07 [INFO] src.graph_dqn: Graph-DQN train epoch 1225/2000 (61.3%)  loss=0.000000  eta=3283.4s
2026-04-10 22:39:11 [INFO] src.graph_dqn: Graph-DQN train epoch 1226/2000 (61.3%)  loss=0.000000  eta=3278.9s
2026-04-10 22:39:16 [INFO] src.graph_dqn: Graph-DQN train epoch 1227/2000 (61.4%)  loss=0.000000  eta=3275.1s
2026-04-10 22:39:20 [INFO] src.graph_dqn: Graph-DQN train epoch 1228/2000 (61.4%)  loss=0.000000  eta=3270.9s
2026-04-10 22:39:24 [INFO] src.graph_dqn: Graph-DQN train epoch 1229/2000 (61.5%)  loss=0.000000  eta=3266.4s
2026-04-10 22:39:28 [INFO] src.graph_dqn: Graph-DQN train epoch 1230/2000 (61.5%)  loss=0.000000  eta=3262.2s
2026-04-10 22:39:34 [INFO] src.graph_dqn: Graph-DQN train epoch 1231/2000 (61.6%)  loss=0.000000  eta=3258.5s
2026-04-10 22:39:37 [INFO] src.graph_dqn: Graph-DQN train epoch 1232/2000 (61.6%)  loss=0.000000  eta=3254.0s
2026-04-10 22:39:41 [INFO] src.graph_dqn: Graph-DQN train epoch 1233/2000 (61.7%)  loss=0.000000  eta=3249.5s
2026-04-10 22:39:47 [INFO] src.graph_dqn: Graph-DQN train epoch 1234/2000 (61.7%)  loss=0.000000  eta=3246.0s
2026-04-10 22:39:50 [INFO] src.graph_dqn: Graph-DQN train epoch 1235/2000 (61.8%)  loss=0.000000  eta=3241.5s
2026-04-10 22:39:54 [INFO] src.graph_dqn: Graph-DQN train epoch 1236/2000 (61.8%)  loss=0.000000  eta=3237.1s
2026-04-10 22:39:59 [INFO] src.graph_dqn: Graph-DQN train epoch 1237/2000 (61.9%)  loss=0.000000  eta=3233.0s
2026-04-10 22:40:04 [INFO] src.graph_dqn: Graph-DQN train epoch 1238/2000 (61.9%)  loss=0.000000  eta=3229.1s
2026-04-10 22:40:07 [INFO] src.graph_dqn: Graph-DQN train epoch 1239/2000 (62.0%)  loss=0.000000  eta=3224.6s
2026-04-10 22:40:11 [INFO] src.graph_dqn: Graph-DQN train epoch 1240/2000 (62.0%)  loss=0.000000  eta=3220.1s
2026-04-10 22:40:17 [INFO] src.graph_dqn: Graph-DQN train epoch 1241/2000 (62.1%)  loss=0.031356  eta=3216.6s
2026-04-10 22:40:20 [INFO] src.graph_dqn: Graph-DQN train epoch 1242/2000 (62.1%)  loss=0.000000  eta=3212.0s
2026-04-10 22:40:24 [INFO] src.graph_dqn: Graph-DQN train epoch 1243/2000 (62.2%)  loss=0.000000  eta=3207.5s
2026-04-10 22:40:29 [INFO] src.graph_dqn: Graph-DQN train epoch 1244/2000 (62.2%)  loss=0.000000  eta=3203.6s
2026-04-10 22:40:33 [INFO] src.graph_dqn: Graph-DQN train epoch 1245/2000 (62.3%)  loss=0.000000  eta=3199.4s
2026-04-10 22:40:37 [INFO] src.graph_dqn: Graph-DQN train epoch 1246/2000 (62.3%)  loss=0.000000  eta=3195.0s
2026-04-10 22:40:41 [INFO] src.graph_dqn: Graph-DQN train epoch 1247/2000 (62.4%)  loss=0.000000  eta=3190.6s
2026-04-10 22:40:46 [INFO] src.graph_dqn: Graph-DQN train epoch 1248/2000 (62.4%)  loss=0.000000  eta=3187.0s
2026-04-10 22:40:50 [INFO] src.graph_dqn: Graph-DQN train epoch 1249/2000 (62.5%)  loss=0.000000  eta=3182.5s
2026-04-10 22:40:54 [INFO] src.graph_dqn: Graph-DQN train epoch 1250/2000 (62.5%)  loss=0.000000  eta=3178.0s
2026-04-10 22:40:59 [INFO] src.graph_dqn: Graph-DQN train epoch 1251/2000 (62.5%)  loss=0.000000  eta=3174.2s
2026-04-10 22:41:03 [INFO] src.graph_dqn: Graph-DQN train epoch 1252/2000 (62.6%)  loss=0.000000  eta=3170.0s
2026-04-10 22:41:07 [INFO] src.graph_dqn: Graph-DQN train epoch 1253/2000 (62.6%)  loss=0.000000  eta=3165.5s
2026-04-10 22:41:11 [INFO] src.graph_dqn: Graph-DQN train epoch 1254/2000 (62.7%)  loss=0.000000  eta=3161.2s
2026-04-10 22:41:17 [INFO] src.graph_dqn: Graph-DQN train epoch 1255/2000 (62.7%)  loss=0.000000  eta=3157.5s
2026-04-10 22:41:20 [INFO] src.graph_dqn: Graph-DQN train epoch 1256/2000 (62.8%)  loss=0.000000  eta=3153.0s
2026-04-10 22:41:24 [INFO] src.graph_dqn: Graph-DQN train epoch 1257/2000 (62.8%)  loss=0.000000  eta=3148.6s
2026-04-10 22:41:30 [INFO] src.graph_dqn: Graph-DQN train epoch 1258/2000 (62.9%)  loss=0.000000  eta=3145.0s
2026-04-10 22:41:34 [INFO] src.graph_dqn: Graph-DQN train epoch 1259/2000 (62.9%)  loss=0.000000  eta=3140.6s
2026-04-10 22:41:37 [INFO] src.graph_dqn: Graph-DQN train epoch 1260/2000 (63.0%)  loss=0.000181  eta=3136.2s
2026-04-10 22:41:42 [INFO] src.graph_dqn: Graph-DQN train epoch 1261/2000 (63.0%)  loss=0.000000  eta=3132.1s
2026-04-10 22:41:47 [INFO] src.graph_dqn: Graph-DQN train epoch 1262/2000 (63.1%)  loss=0.000000  eta=3128.2s
2026-04-10 22:41:51 [INFO] src.graph_dqn: Graph-DQN train epoch 1263/2000 (63.1%)  loss=0.000000  eta=3123.7s
2026-04-10 22:41:55 [INFO] src.graph_dqn: Graph-DQN train epoch 1264/2000 (63.2%)  loss=0.000000  eta=3119.3s
2026-04-10 22:42:00 [INFO] src.graph_dqn: Graph-DQN train epoch 1265/2000 (63.2%)  loss=0.000000  eta=3115.8s
2026-04-10 22:42:04 [INFO] src.graph_dqn: Graph-DQN train epoch 1266/2000 (63.3%)  loss=0.000000  eta=3111.4s
2026-04-10 22:42:08 [INFO] src.graph_dqn: Graph-DQN train epoch 1267/2000 (63.3%)  loss=0.000000  eta=3106.9s
2026-04-10 22:42:13 [INFO] src.graph_dqn: Graph-DQN train epoch 1268/2000 (63.4%)  loss=0.000000  eta=3103.0s
2026-04-10 22:42:17 [INFO] src.graph_dqn: Graph-DQN train epoch 1269/2000 (63.4%)  loss=0.000000  eta=3098.9s
2026-04-10 22:42:21 [INFO] src.graph_dqn: Graph-DQN train epoch 1270/2000 (63.5%)  loss=0.000000  eta=3094.4s
2026-04-10 22:42:25 [INFO] src.graph_dqn: Graph-DQN train epoch 1271/2000 (63.5%)  loss=0.000000  eta=3090.0s
2026-04-10 22:42:30 [INFO] src.graph_dqn: Graph-DQN train epoch 1272/2000 (63.6%)  loss=0.000000  eta=3086.3s
2026-04-10 22:42:34 [INFO] src.graph_dqn: Graph-DQN train epoch 1273/2000 (63.6%)  loss=0.000000  eta=3081.8s
2026-04-10 22:42:38 [INFO] src.graph_dqn: Graph-DQN train epoch 1274/2000 (63.7%)  loss=0.000000  eta=3077.3s
2026-04-10 22:42:42 [INFO] src.graph_dqn: Graph-DQN train epoch 1275/2000 (63.7%)  loss=0.000000  eta=3073.4s
2026-04-10 22:42:47 [INFO] src.graph_dqn: Graph-DQN train epoch 1276/2000 (63.8%)  loss=0.000000  eta=3069.3s
2026-04-10 22:42:51 [INFO] src.graph_dqn: Graph-DQN train epoch 1277/2000 (63.8%)  loss=0.000000  eta=3064.8s
2026-04-10 22:42:55 [INFO] src.graph_dqn: Graph-DQN train epoch 1278/2000 (63.9%)  loss=0.000000  eta=3060.5s
2026-04-10 22:43:00 [INFO] src.graph_dqn: Graph-DQN train epoch 1279/2000 (63.9%)  loss=0.000000  eta=3056.7s
2026-04-10 22:43:04 [INFO] src.graph_dqn: Graph-DQN train epoch 1280/2000 (64.0%)  loss=0.000000  eta=3052.2s
2026-04-10 22:43:07 [INFO] src.graph_dqn: Graph-DQN train epoch 1281/2000 (64.0%)  loss=0.000000  eta=3047.7s
2026-04-10 22:43:13 [INFO] src.graph_dqn: Graph-DQN train epoch 1282/2000 (64.1%)  loss=0.000000  eta=3044.0s
2026-04-10 22:43:17 [INFO] src.graph_dqn: Graph-DQN train epoch 1283/2000 (64.1%)  loss=0.000000  eta=3039.6s
2026-04-10 22:43:20 [INFO] src.graph_dqn: Graph-DQN train epoch 1284/2000 (64.2%)  loss=0.000000  eta=3035.1s
2026-04-10 22:43:25 [INFO] src.graph_dqn: Graph-DQN train epoch 1285/2000 (64.2%)  loss=0.000000  eta=3030.9s
2026-04-10 22:43:29 [INFO] src.graph_dqn: Graph-DQN train epoch 1286/2000 (64.3%)  loss=0.032399  eta=3027.0s
2026-04-10 22:43:33 [INFO] src.graph_dqn: Graph-DQN train epoch 1287/2000 (64.3%)  loss=0.000000  eta=3022.5s
2026-04-10 22:43:37 [INFO] src.graph_dqn: Graph-DQN train epoch 1288/2000 (64.4%)  loss=0.000000  eta=3018.0s
2026-04-10 22:43:42 [INFO] src.graph_dqn: Graph-DQN train epoch 1289/2000 (64.5%)  loss=0.000000  eta=3014.4s
2026-04-10 22:43:46 [INFO] src.graph_dqn: Graph-DQN train epoch 1290/2000 (64.5%)  loss=0.000000  eta=3010.0s
2026-04-10 22:43:50 [INFO] src.graph_dqn: Graph-DQN train epoch 1291/2000 (64.5%)  loss=0.000000  eta=3005.5s
2026-04-10 22:43:54 [INFO] src.graph_dqn: Graph-DQN train epoch 1292/2000 (64.6%)  loss=0.000000  eta=3001.3s
2026-04-10 22:43:59 [INFO] src.graph_dqn: Graph-DQN train epoch 1293/2000 (64.6%)  loss=0.000000  eta=2997.3s
2026-04-10 22:44:03 [INFO] src.graph_dqn: Graph-DQN train epoch 1294/2000 (64.7%)  loss=0.000000  eta=2992.8s
2026-04-10 22:44:07 [INFO] src.graph_dqn: Graph-DQN train epoch 1295/2000 (64.8%)  loss=0.000000  eta=2988.3s
2026-04-10 22:44:12 [INFO] src.graph_dqn: Graph-DQN train epoch 1296/2000 (64.8%)  loss=0.000000  eta=2984.7s
2026-04-10 22:44:16 [INFO] src.graph_dqn: Graph-DQN train epoch 1297/2000 (64.8%)  loss=0.000000  eta=2980.3s
2026-04-10 22:44:20 [INFO] src.graph_dqn: Graph-DQN train epoch 1298/2000 (64.9%)  loss=0.000000  eta=2975.8s
2026-04-10 22:44:24 [INFO] src.graph_dqn: Graph-DQN train epoch 1299/2000 (65.0%)  loss=0.000000  eta=2971.6s
2026-04-10 22:44:29 [INFO] src.graph_dqn: Graph-DQN train epoch 1300/2000 (65.0%)  loss=0.000000  eta=2967.7s
2026-04-10 22:44:29 [INFO] __main__: Saved selector checkpoint: dqn_model_rlcg_epoch_2300.pt
2026-04-10 22:44:33 [INFO] src.graph_dqn: Graph-DQN train epoch 1301/2000 (65.0%)  loss=0.000000  eta=2963.2s
2026-04-10 22:44:36 [INFO] src.graph_dqn: Graph-DQN train epoch 1302/2000 (65.1%)  loss=0.000000  eta=2958.7s
2026-04-10 22:44:42 [INFO] src.graph_dqn: Graph-DQN train epoch 1303/2000 (65.1%)  loss=0.000000  eta=2955.0s
2026-04-10 22:44:46 [INFO] src.graph_dqn: Graph-DQN train epoch 1304/2000 (65.2%)  loss=0.000000  eta=2950.6s
2026-04-10 22:44:49 [INFO] src.graph_dqn: Graph-DQN train epoch 1305/2000 (65.2%)  loss=0.000000  eta=2946.1s
2026-04-10 22:44:54 [INFO] src.graph_dqn: Graph-DQN train epoch 1306/2000 (65.3%)  loss=0.000000  eta=2941.9s
2026-04-10 22:44:58 [INFO] src.graph_dqn: Graph-DQN train epoch 1307/2000 (65.3%)  loss=0.000000  eta=2938.0s
2026-04-10 22:45:02 [INFO] src.graph_dqn: Graph-DQN train epoch 1308/2000 (65.4%)  loss=0.000000  eta=2933.5s
2026-04-10 22:45:06 [INFO] src.graph_dqn: Graph-DQN train epoch 1309/2000 (65.5%)  loss=0.000000  eta=2929.0s
2026-04-10 22:45:11 [INFO] src.graph_dqn: Graph-DQN train epoch 1310/2000 (65.5%)  loss=0.000000  eta=2925.3s
2026-04-10 22:45:15 [INFO] src.graph_dqn: Graph-DQN train epoch 1311/2000 (65.5%)  loss=0.000000  eta=2920.9s
2026-04-10 22:45:19 [INFO] src.graph_dqn: Graph-DQN train epoch 1312/2000 (65.6%)  loss=0.000000  eta=2916.4s
2026-04-10 22:45:23 [INFO] src.graph_dqn: Graph-DQN train epoch 1313/2000 (65.6%)  loss=0.000000  eta=2912.2s
2026-04-10 22:45:28 [INFO] src.graph_dqn: Graph-DQN train epoch 1314/2000 (65.7%)  loss=0.000000  eta=2908.2s
2026-04-10 22:45:32 [INFO] src.graph_dqn: Graph-DQN train epoch 1315/2000 (65.8%)  loss=0.000000  eta=2903.8s
2026-04-10 22:45:36 [INFO] src.graph_dqn: Graph-DQN train epoch 1316/2000 (65.8%)  loss=0.000000  eta=2899.2s
2026-04-10 22:45:41 [INFO] src.graph_dqn: Graph-DQN train epoch 1317/2000 (65.8%)  loss=0.000000  eta=2895.6s
2026-04-10 22:45:45 [INFO] src.graph_dqn: Graph-DQN train epoch 1318/2000 (65.9%)  loss=0.000000  eta=2891.2s
2026-04-10 22:45:49 [INFO] src.graph_dqn: Graph-DQN train epoch 1319/2000 (66.0%)  loss=0.000000  eta=2886.8s
2026-04-10 22:45:53 [INFO] src.graph_dqn: Graph-DQN train epoch 1320/2000 (66.0%)  loss=0.000000  eta=2882.7s
2026-04-10 22:45:58 [INFO] src.graph_dqn: Graph-DQN train epoch 1321/2000 (66.0%)  loss=0.000000  eta=2878.8s
2026-04-10 22:46:02 [INFO] src.graph_dqn: Graph-DQN train epoch 1322/2000 (66.1%)  loss=0.000000  eta=2874.3s
2026-04-10 22:46:06 [INFO] src.graph_dqn: Graph-DQN train epoch 1323/2000 (66.1%)  loss=0.000000  eta=2869.8s
2026-04-10 22:46:11 [INFO] src.graph_dqn: Graph-DQN train epoch 1324/2000 (66.2%)  loss=0.000000  eta=2866.1s
2026-04-10 22:46:15 [INFO] src.graph_dqn: Graph-DQN train epoch 1325/2000 (66.2%)  loss=0.000000  eta=2861.6s
2026-04-10 22:46:18 [INFO] src.graph_dqn: Graph-DQN train epoch 1326/2000 (66.3%)  loss=0.000660  eta=2857.1s
2026-04-10 22:46:23 [INFO] src.graph_dqn: Graph-DQN train epoch 1327/2000 (66.3%)  loss=0.000000  eta=2852.9s
2026-04-10 22:46:27 [INFO] src.graph_dqn: Graph-DQN train epoch 1328/2000 (66.4%)  loss=0.000000  eta=2848.9s
2026-04-10 22:46:31 [INFO] src.graph_dqn: Graph-DQN train epoch 1329/2000 (66.5%)  loss=0.000000  eta=2844.4s
2026-04-10 22:46:35 [INFO] src.graph_dqn: Graph-DQN train epoch 1330/2000 (66.5%)  loss=0.000000  eta=2839.9s
2026-04-10 22:46:40 [INFO] src.graph_dqn: Graph-DQN train epoch 1331/2000 (66.5%)  loss=0.000000  eta=2836.2s
2026-04-10 22:46:44 [INFO] src.graph_dqn: Graph-DQN train epoch 1332/2000 (66.6%)  loss=0.000000  eta=2831.7s
2026-04-10 22:46:48 [INFO] src.graph_dqn: Graph-DQN train epoch 1333/2000 (66.6%)  loss=0.000000  eta=2827.2s
2026-04-10 22:46:52 [INFO] src.graph_dqn: Graph-DQN train epoch 1334/2000 (66.7%)  loss=0.000000  eta=2822.9s
2026-04-10 22:46:57 [INFO] src.graph_dqn: Graph-DQN train epoch 1335/2000 (66.8%)  loss=0.000000  eta=2819.0s
2026-04-10 22:47:00 [INFO] src.graph_dqn: Graph-DQN train epoch 1336/2000 (66.8%)  loss=0.000000  eta=2814.5s
2026-04-10 22:47:04 [INFO] src.graph_dqn: Graph-DQN train epoch 1337/2000 (66.8%)  loss=0.000000  eta=2810.0s
2026-04-10 22:47:09 [INFO] src.graph_dqn: Graph-DQN train epoch 1338/2000 (66.9%)  loss=0.000000  eta=2806.1s
2026-04-10 22:47:13 [INFO] src.graph_dqn: Graph-DQN train epoch 1339/2000 (67.0%)  loss=0.000000  eta=2801.8s
2026-04-10 22:47:17 [INFO] src.graph_dqn: Graph-DQN train epoch 1340/2000 (67.0%)  loss=0.000000  eta=2797.3s
2026-04-10 22:47:21 [INFO] src.graph_dqn: Graph-DQN train epoch 1341/2000 (67.0%)  loss=0.000000  eta=2792.9s
2026-04-10 22:47:26 [INFO] src.graph_dqn: Graph-DQN train epoch 1342/2000 (67.1%)  loss=0.000000  eta=2789.1s
2026-04-10 22:47:29 [INFO] src.graph_dqn: Graph-DQN train epoch 1343/2000 (67.2%)  loss=0.000000  eta=2784.6s
2026-04-10 22:47:33 [INFO] src.graph_dqn: Graph-DQN train epoch 1344/2000 (67.2%)  loss=0.000000  eta=2780.1s
2026-04-10 22:47:38 [INFO] src.graph_dqn: Graph-DQN train epoch 1345/2000 (67.2%)  loss=0.000000  eta=2776.2s
2026-04-10 22:47:42 [INFO] src.graph_dqn: Graph-DQN train epoch 1346/2000 (67.3%)  loss=0.000000  eta=2771.9s
2026-04-10 22:47:46 [INFO] src.graph_dqn: Graph-DQN train epoch 1347/2000 (67.3%)  loss=0.016546  eta=2767.4s
2026-04-10 22:47:50 [INFO] src.graph_dqn: Graph-DQN train epoch 1348/2000 (67.4%)  loss=0.000000  eta=2763.0s
2026-04-10 22:47:55 [INFO] src.graph_dqn: Graph-DQN train epoch 1349/2000 (67.5%)  loss=0.000000  eta=2759.2s
2026-04-10 22:47:59 [INFO] src.graph_dqn: Graph-DQN train epoch 1350/2000 (67.5%)  loss=0.000000  eta=2754.7s
2026-04-10 22:48:03 [INFO] src.graph_dqn: Graph-DQN train epoch 1351/2000 (67.5%)  loss=0.000000  eta=2750.4s
2026-04-10 22:48:08 [INFO] src.graph_dqn: Graph-DQN train epoch 1352/2000 (67.6%)  loss=0.000000  eta=2746.5s
2026-04-10 22:48:12 [INFO] src.graph_dqn: Graph-DQN train epoch 1353/2000 (67.7%)  loss=0.000000  eta=2742.2s
2026-04-10 22:48:16 [INFO] src.graph_dqn: Graph-DQN train epoch 1354/2000 (67.7%)  loss=0.000000  eta=2737.7s
2026-04-10 22:48:20 [INFO] src.graph_dqn: Graph-DQN train epoch 1355/2000 (67.8%)  loss=0.000000  eta=2733.4s
2026-04-10 22:48:25 [INFO] src.graph_dqn: Graph-DQN train epoch 1356/2000 (67.8%)  loss=0.000000  eta=2729.4s
2026-04-10 22:48:28 [INFO] src.graph_dqn: Graph-DQN train epoch 1357/2000 (67.8%)  loss=0.000000  eta=2725.0s
2026-04-10 22:48:32 [INFO] src.graph_dqn: Graph-DQN train epoch 1358/2000 (67.9%)  loss=0.000000  eta=2720.5s
2026-04-10 22:48:37 [INFO] src.graph_dqn: Graph-DQN train epoch 1359/2000 (68.0%)  loss=0.000000  eta=2716.5s
2026-04-10 22:48:41 [INFO] src.graph_dqn: Graph-DQN train epoch 1360/2000 (68.0%)  loss=0.000000  eta=2712.2s
2026-04-10 22:48:45 [INFO] src.graph_dqn: Graph-DQN train epoch 1361/2000 (68.0%)  loss=0.000000  eta=2707.7s
2026-04-10 22:48:49 [INFO] src.graph_dqn: Graph-DQN train epoch 1362/2000 (68.1%)  loss=0.000000  eta=2703.3s
2026-04-10 22:48:54 [INFO] src.graph_dqn: Graph-DQN train epoch 1363/2000 (68.2%)  loss=0.000000  eta=2699.5s
2026-04-10 22:48:57 [INFO] src.graph_dqn: Graph-DQN train epoch 1364/2000 (68.2%)  loss=0.000000  eta=2695.0s
2026-04-10 22:49:01 [INFO] src.graph_dqn: Graph-DQN train epoch 1365/2000 (68.2%)  loss=0.000000  eta=2690.5s
2026-04-10 22:49:06 [INFO] src.graph_dqn: Graph-DQN train epoch 1366/2000 (68.3%)  loss=0.000000  eta=2686.4s
2026-04-10 22:49:10 [INFO] src.graph_dqn: Graph-DQN train epoch 1367/2000 (68.3%)  loss=0.000000  eta=2682.3s
2026-04-10 22:49:14 [INFO] src.graph_dqn: Graph-DQN train epoch 1368/2000 (68.4%)  loss=0.000000  eta=2677.7s
2026-04-10 22:49:17 [INFO] src.graph_dqn: Graph-DQN train epoch 1369/2000 (68.5%)  loss=0.000000  eta=2673.3s
2026-04-10 22:49:23 [INFO] src.graph_dqn: Graph-DQN train epoch 1370/2000 (68.5%)  loss=0.000000  eta=2669.5s
2026-04-10 22:49:26 [INFO] src.graph_dqn: Graph-DQN train epoch 1371/2000 (68.5%)  loss=0.000000  eta=2665.0s
2026-04-10 22:49:30 [INFO] src.graph_dqn: Graph-DQN train epoch 1372/2000 (68.6%)  loss=0.000000  eta=2660.6s
2026-04-10 22:49:34 [INFO] src.graph_dqn: Graph-DQN train epoch 1373/2000 (68.7%)  loss=0.025359  eta=2656.4s
2026-04-10 22:49:39 [INFO] src.graph_dqn: Graph-DQN train epoch 1374/2000 (68.7%)  loss=0.007262  eta=2652.3s
2026-04-10 22:49:43 [INFO] src.graph_dqn: Graph-DQN train epoch 1375/2000 (68.8%)  loss=0.000000  eta=2647.8s
2026-04-10 22:49:46 [INFO] src.graph_dqn: Graph-DQN train epoch 1376/2000 (68.8%)  loss=0.000000  eta=2643.4s
2026-04-10 22:49:52 [INFO] src.graph_dqn: Graph-DQN train epoch 1377/2000 (68.8%)  loss=0.000000  eta=2639.6s
2026-04-10 22:49:55 [INFO] src.graph_dqn: Graph-DQN train epoch 1378/2000 (68.9%)  loss=0.000000  eta=2635.1s
2026-04-10 22:49:59 [INFO] src.graph_dqn: Graph-DQN train epoch 1379/2000 (69.0%)  loss=0.000000  eta=2630.7s
2026-04-10 22:50:03 [INFO] src.graph_dqn: Graph-DQN train epoch 1380/2000 (69.0%)  loss=0.000000  eta=2626.5s
2026-04-10 22:50:08 [INFO] src.graph_dqn: Graph-DQN train epoch 1381/2000 (69.0%)  loss=0.000000  eta=2622.4s
2026-04-10 22:50:12 [INFO] src.graph_dqn: Graph-DQN train epoch 1382/2000 (69.1%)  loss=0.000000  eta=2618.0s
2026-04-10 22:50:16 [INFO] src.graph_dqn: Graph-DQN train epoch 1383/2000 (69.2%)  loss=0.000000  eta=2613.5s
2026-04-10 22:50:21 [INFO] src.graph_dqn: Graph-DQN train epoch 1384/2000 (69.2%)  loss=0.000000  eta=2609.7s
2026-04-10 22:50:25 [INFO] src.graph_dqn: Graph-DQN train epoch 1385/2000 (69.2%)  loss=0.000000  eta=2605.2s
2026-04-10 22:50:28 [INFO] src.graph_dqn: Graph-DQN train epoch 1386/2000 (69.3%)  loss=0.000000  eta=2600.8s
2026-04-10 22:50:32 [INFO] src.graph_dqn: Graph-DQN train epoch 1387/2000 (69.3%)  loss=0.000000  eta=2596.5s
2026-04-10 22:50:37 [INFO] src.graph_dqn: Graph-DQN train epoch 1388/2000 (69.4%)  loss=0.000000  eta=2592.5s
2026-04-10 22:50:41 [INFO] src.graph_dqn: Graph-DQN train epoch 1389/2000 (69.5%)  loss=0.000000  eta=2588.1s
2026-04-10 22:50:45 [INFO] src.graph_dqn: Graph-DQN train epoch 1390/2000 (69.5%)  loss=0.000000  eta=2583.6s
2026-04-10 22:50:50 [INFO] src.graph_dqn: Graph-DQN train epoch 1391/2000 (69.5%)  loss=0.000000  eta=2579.6s
2026-04-10 22:50:54 [INFO] src.graph_dqn: Graph-DQN train epoch 1392/2000 (69.6%)  loss=0.000000  eta=2575.3s
2026-04-10 22:50:57 [INFO] src.graph_dqn: Graph-DQN train epoch 1393/2000 (69.7%)  loss=0.000000  eta=2570.9s
2026-04-10 22:51:01 [INFO] src.graph_dqn: Graph-DQN train epoch 1394/2000 (69.7%)  loss=0.000000  eta=2566.5s
2026-04-10 22:51:06 [INFO] src.graph_dqn: Graph-DQN train epoch 1395/2000 (69.8%)  loss=0.000000  eta=2562.6s
2026-04-10 22:51:10 [INFO] src.graph_dqn: Graph-DQN train epoch 1396/2000 (69.8%)  loss=0.000000  eta=2558.1s
2026-04-10 22:51:14 [INFO] src.graph_dqn: Graph-DQN train epoch 1397/2000 (69.8%)  loss=0.000000  eta=2553.7s
2026-04-10 22:51:18 [INFO] src.graph_dqn: Graph-DQN train epoch 1398/2000 (69.9%)  loss=0.000001  eta=2549.6s
2026-04-10 22:51:23 [INFO] src.graph_dqn: Graph-DQN train epoch 1399/2000 (70.0%)  loss=0.000000  eta=2545.4s
2026-04-10 22:51:26 [INFO] src.graph_dqn: Graph-DQN train epoch 1400/2000 (70.0%)  loss=0.000000  eta=2540.9s
2026-04-10 22:51:26 [INFO] __main__: Saved selector checkpoint: dqn_model_rlcg_epoch_2400.pt
2026-04-10 22:51:30 [INFO] src.graph_dqn: Graph-DQN train epoch 1401/2000 (70.0%)  loss=0.000000  eta=2536.5s
2026-04-10 22:51:35 [INFO] src.graph_dqn: Graph-DQN train epoch 1402/2000 (70.1%)  loss=0.000000  eta=2532.7s
2026-04-10 22:51:39 [INFO] src.graph_dqn: Graph-DQN train epoch 1403/2000 (70.2%)  loss=0.000000  eta=2528.3s
2026-04-10 22:51:43 [INFO] src.graph_dqn: Graph-DQN train epoch 1404/2000 (70.2%)  loss=0.000000  eta=2523.8s
2026-04-10 22:51:47 [INFO] src.graph_dqn: Graph-DQN train epoch 1405/2000 (70.2%)  loss=0.000000  eta=2519.8s
2026-04-10 22:51:52 [INFO] src.graph_dqn: Graph-DQN train epoch 1406/2000 (70.3%)  loss=0.000000  eta=2515.6s
2026-04-10 22:51:56 [INFO] src.graph_dqn: Graph-DQN train epoch 1407/2000 (70.3%)  loss=0.000000  eta=2511.1s
2026-04-10 22:51:59 [INFO] src.graph_dqn: Graph-DQN train epoch 1408/2000 (70.4%)  loss=0.000000  eta=2506.7s
2026-04-10 22:52:05 [INFO] src.graph_dqn: Graph-DQN train epoch 1409/2000 (70.5%)  loss=0.000000  eta=2502.9s
2026-04-10 22:52:08 [INFO] src.graph_dqn: Graph-DQN train epoch 1410/2000 (70.5%)  loss=0.000000  eta=2498.4s
2026-04-10 22:52:12 [INFO] src.graph_dqn: Graph-DQN train epoch 1411/2000 (70.5%)  loss=0.000000  eta=2494.0s
2026-04-10 22:52:16 [INFO] src.graph_dqn: Graph-DQN train epoch 1412/2000 (70.6%)  loss=0.000000  eta=2489.8s
2026-04-10 22:52:21 [INFO] src.graph_dqn: Graph-DQN train epoch 1413/2000 (70.7%)  loss=0.000138  eta=2485.7s
2026-04-10 22:52:25 [INFO] src.graph_dqn: Graph-DQN train epoch 1414/2000 (70.7%)  loss=0.000000  eta=2481.3s
2026-04-10 22:52:28 [INFO] src.graph_dqn: Graph-DQN train epoch 1415/2000 (70.8%)  loss=0.000000  eta=2476.9s
2026-04-10 22:52:34 [INFO] src.graph_dqn: Graph-DQN train epoch 1416/2000 (70.8%)  loss=0.000000  eta=2473.1s
2026-04-10 22:52:38 [INFO] src.graph_dqn: Graph-DQN train epoch 1417/2000 (70.9%)  loss=0.000000  eta=2468.7s
2026-04-10 22:52:41 [INFO] src.graph_dqn: Graph-DQN train epoch 1418/2000 (70.9%)  loss=0.000000  eta=2464.2s
2026-04-10 22:52:46 [INFO] src.graph_dqn: Graph-DQN train epoch 1419/2000 (71.0%)  loss=0.000000  eta=2460.1s
2026-04-10 22:52:50 [INFO] src.graph_dqn: Graph-DQN train epoch 1420/2000 (71.0%)  loss=0.000000  eta=2456.0s
2026-04-10 22:52:54 [INFO] src.graph_dqn: Graph-DQN train epoch 1421/2000 (71.0%)  loss=0.000000  eta=2451.5s
2026-04-10 22:52:58 [INFO] src.graph_dqn: Graph-DQN train epoch 1422/2000 (71.1%)  loss=0.000000  eta=2447.1s
2026-04-10 22:53:03 [INFO] src.graph_dqn: Graph-DQN train epoch 1423/2000 (71.2%)  loss=0.000000  eta=2443.3s
2026-04-10 22:53:07 [INFO] src.graph_dqn: Graph-DQN train epoch 1424/2000 (71.2%)  loss=0.000000  eta=2438.9s
2026-04-10 22:53:11 [INFO] src.graph_dqn: Graph-DQN train epoch 1425/2000 (71.2%)  loss=0.000000  eta=2434.4s
2026-04-10 22:53:15 [INFO] src.graph_dqn: Graph-DQN train epoch 1426/2000 (71.3%)  loss=0.000000  eta=2430.3s
2026-04-10 22:53:20 [INFO] src.graph_dqn: Graph-DQN train epoch 1427/2000 (71.4%)  loss=0.000000  eta=2426.2s
2026-04-10 22:53:23 [INFO] src.graph_dqn: Graph-DQN train epoch 1428/2000 (71.4%)  loss=0.000000  eta=2421.8s
2026-04-10 22:53:27 [INFO] src.graph_dqn: Graph-DQN train epoch 1429/2000 (71.5%)  loss=0.000000  eta=2417.3s
2026-04-10 22:53:32 [INFO] src.graph_dqn: Graph-DQN train epoch 1430/2000 (71.5%)  loss=0.000000  eta=2413.5s
2026-04-10 22:53:36 [INFO] src.graph_dqn: Graph-DQN train epoch 1431/2000 (71.5%)  loss=0.000000  eta=2409.1s
2026-04-10 22:53:40 [INFO] src.graph_dqn: Graph-DQN train epoch 1432/2000 (71.6%)  loss=0.000000  eta=2404.7s
2026-04-10 22:53:44 [INFO] src.graph_dqn: Graph-DQN train epoch 1433/2000 (71.7%)  loss=0.000000  eta=2400.5s
2026-04-10 22:53:49 [INFO] src.graph_dqn: Graph-DQN train epoch 1434/2000 (71.7%)  loss=0.000000  eta=2396.4s
2026-04-10 22:53:53 [INFO] src.graph_dqn: Graph-DQN train epoch 1435/2000 (71.8%)  loss=0.000000  eta=2392.0s
2026-04-10 22:53:56 [INFO] src.graph_dqn: Graph-DQN train epoch 1436/2000 (71.8%)  loss=0.000000  eta=2387.6s
2026-04-10 22:54:02 [INFO] src.graph_dqn: Graph-DQN train epoch 1437/2000 (71.9%)  loss=0.000000  eta=2383.7s
2026-04-10 22:54:05 [INFO] src.graph_dqn: Graph-DQN train epoch 1438/2000 (71.9%)  loss=0.000000  eta=2379.3s
2026-04-10 22:54:09 [INFO] src.graph_dqn: Graph-DQN train epoch 1439/2000 (72.0%)  loss=0.000000  eta=2374.8s
2026-04-10 22:54:13 [INFO] src.graph_dqn: Graph-DQN train epoch 1440/2000 (72.0%)  loss=0.000000  eta=2370.6s
2026-04-10 22:54:18 [INFO] src.graph_dqn: Graph-DQN train epoch 1441/2000 (72.0%)  loss=0.000000  eta=2366.6s
2026-04-10 22:54:22 [INFO] src.graph_dqn: Graph-DQN train epoch 1442/2000 (72.1%)  loss=0.000000  eta=2362.2s
2026-04-10 22:54:26 [INFO] src.graph_dqn: Graph-DQN train epoch 1443/2000 (72.2%)  loss=0.000000  eta=2357.9s
2026-04-10 22:54:31 [INFO] src.graph_dqn: Graph-DQN train epoch 1444/2000 (72.2%)  loss=0.000000  eta=2354.1s
2026-04-10 22:54:35 [INFO] src.graph_dqn: Graph-DQN train epoch 1445/2000 (72.2%)  loss=0.000000  eta=2349.7s
2026-04-10 22:54:39 [INFO] src.graph_dqn: Graph-DQN train epoch 1446/2000 (72.3%)  loss=0.000000  eta=2345.3s
2026-04-10 22:54:43 [INFO] src.graph_dqn: Graph-DQN train epoch 1447/2000 (72.4%)  loss=0.000000  eta=2341.2s
2026-04-10 22:54:48 [INFO] src.graph_dqn: Graph-DQN train epoch 1448/2000 (72.4%)  loss=0.000000  eta=2337.2s
2026-04-10 22:54:52 [INFO] src.graph_dqn: Graph-DQN train epoch 1449/2000 (72.5%)  loss=0.022815  eta=2332.8s
2026-04-10 22:54:56 [INFO] src.graph_dqn: Graph-DQN train epoch 1450/2000 (72.5%)  loss=0.000000  eta=2328.4s
2026-04-10 22:55:02 [INFO] src.graph_dqn: Graph-DQN train epoch 1451/2000 (72.5%)  loss=0.000000  eta=2324.7s
2026-04-10 22:55:05 [INFO] src.graph_dqn: Graph-DQN train epoch 1452/2000 (72.6%)  loss=0.000000  eta=2320.3s
2026-04-10 22:55:09 [INFO] src.graph_dqn: Graph-DQN train epoch 1453/2000 (72.7%)  loss=0.000000  eta=2316.0s
2026-04-10 22:55:14 [INFO] src.graph_dqn: Graph-DQN train epoch 1454/2000 (72.7%)  loss=0.000000  eta=2312.0s
2026-04-10 22:55:18 [INFO] src.graph_dqn: Graph-DQN train epoch 1455/2000 (72.8%)  loss=0.000000  eta=2307.7s
2026-04-10 22:55:22 [INFO] src.graph_dqn: Graph-DQN train epoch 1456/2000 (72.8%)  loss=0.000000  eta=2303.4s
2026-04-10 22:55:26 [INFO] src.graph_dqn: Graph-DQN train epoch 1457/2000 (72.9%)  loss=0.000000  eta=2299.1s
2026-04-10 22:55:32 [INFO] src.graph_dqn: Graph-DQN train epoch 1458/2000 (72.9%)  loss=0.000000  eta=2295.2s
2026-04-10 22:55:36 [INFO] src.graph_dqn: Graph-DQN train epoch 1459/2000 (73.0%)  loss=0.000000  eta=2290.9s
2026-04-10 22:55:39 [INFO] src.graph_dqn: Graph-DQN train epoch 1460/2000 (73.0%)  loss=0.000000  eta=2286.5s
2026-04-10 22:55:44 [INFO] src.graph_dqn: Graph-DQN train epoch 1461/2000 (73.0%)  loss=0.000000  eta=2282.5s
2026-04-10 22:55:48 [INFO] src.graph_dqn: Graph-DQN train epoch 1462/2000 (73.1%)  loss=0.000000  eta=2278.2s
2026-04-10 22:55:52 [INFO] src.graph_dqn: Graph-DQN train epoch 1463/2000 (73.2%)  loss=0.000000  eta=2273.8s
2026-04-10 22:55:56 [INFO] src.graph_dqn: Graph-DQN train epoch 1464/2000 (73.2%)  loss=0.000000  eta=2269.5s
2026-04-10 22:56:01 [INFO] src.graph_dqn: Graph-DQN train epoch 1465/2000 (73.2%)  loss=0.000000  eta=2265.6s
2026-04-10 22:56:05 [INFO] src.graph_dqn: Graph-DQN train epoch 1466/2000 (73.3%)  loss=0.000000  eta=2261.2s
2026-04-10 22:56:09 [INFO] src.graph_dqn: Graph-DQN train epoch 1467/2000 (73.4%)  loss=0.000000  eta=2256.8s
2026-04-10 22:56:14 [INFO] src.graph_dqn: Graph-DQN train epoch 1468/2000 (73.4%)  loss=0.000000  eta=2252.8s
2026-04-10 22:56:18 [INFO] src.graph_dqn: Graph-DQN train epoch 1469/2000 (73.5%)  loss=0.000000  eta=2248.5s
2026-04-10 22:56:22 [INFO] src.graph_dqn: Graph-DQN train epoch 1470/2000 (73.5%)  loss=0.000000  eta=2244.1s
2026-04-10 22:56:26 [INFO] src.graph_dqn: Graph-DQN train epoch 1471/2000 (73.6%)  loss=0.000000  eta=2239.8s
2026-04-10 22:56:31 [INFO] src.graph_dqn: Graph-DQN train epoch 1472/2000 (73.6%)  loss=0.000000  eta=2235.9s
2026-04-10 22:56:34 [INFO] src.graph_dqn: Graph-DQN train epoch 1473/2000 (73.7%)  loss=0.000000  eta=2231.4s
2026-04-10 22:56:38 [INFO] src.graph_dqn: Graph-DQN train epoch 1474/2000 (73.7%)  loss=0.007890  eta=2227.0s
2026-04-10 22:56:43 [INFO] src.graph_dqn: Graph-DQN train epoch 1475/2000 (73.8%)  loss=0.000000  eta=2223.1s
2026-04-10 22:56:47 [INFO] src.graph_dqn: Graph-DQN train epoch 1476/2000 (73.8%)  loss=0.000000  eta=2218.8s
2026-04-10 22:56:51 [INFO] src.graph_dqn: Graph-DQN train epoch 1477/2000 (73.9%)  loss=0.000000  eta=2214.4s
2026-04-10 22:56:55 [INFO] src.graph_dqn: Graph-DQN train epoch 1478/2000 (73.9%)  loss=0.000000  eta=2210.1s
2026-04-10 22:57:00 [INFO] src.graph_dqn: Graph-DQN train epoch 1479/2000 (74.0%)  loss=0.000000  eta=2206.1s
2026-04-10 22:57:04 [INFO] src.graph_dqn: Graph-DQN train epoch 1480/2000 (74.0%)  loss=0.000000  eta=2201.7s
2026-04-10 22:57:08 [INFO] src.graph_dqn: Graph-DQN train epoch 1481/2000 (74.1%)  loss=0.000000  eta=2197.3s
2026-04-10 22:57:12 [INFO] src.graph_dqn: Graph-DQN train epoch 1482/2000 (74.1%)  loss=0.000000  eta=2193.2s
2026-04-10 22:57:17 [INFO] src.graph_dqn: Graph-DQN train epoch 1483/2000 (74.2%)  loss=0.000000  eta=2189.0s
2026-04-10 22:57:20 [INFO] src.graph_dqn: Graph-DQN train epoch 1484/2000 (74.2%)  loss=0.000000  eta=2184.6s
2026-04-10 22:57:24 [INFO] src.graph_dqn: Graph-DQN train epoch 1485/2000 (74.2%)  loss=0.000000  eta=2180.2s
2026-04-10 22:57:29 [INFO] src.graph_dqn: Graph-DQN train epoch 1486/2000 (74.3%)  loss=0.000000  eta=2176.4s
2026-04-10 22:57:33 [INFO] src.graph_dqn: Graph-DQN train epoch 1487/2000 (74.4%)  loss=0.000000  eta=2172.0s
2026-04-10 22:57:37 [INFO] src.graph_dqn: Graph-DQN train epoch 1488/2000 (74.4%)  loss=0.000000  eta=2167.6s
2026-04-10 22:57:42 [INFO] src.graph_dqn: Graph-DQN train epoch 1489/2000 (74.5%)  loss=0.000000  eta=2163.6s
2026-04-10 22:57:46 [INFO] src.graph_dqn: Graph-DQN train epoch 1490/2000 (74.5%)  loss=0.000000  eta=2159.3s
2026-04-10 22:57:50 [INFO] src.graph_dqn: Graph-DQN train epoch 1491/2000 (74.6%)  loss=0.000000  eta=2154.9s
2026-04-10 22:57:54 [INFO] src.graph_dqn: Graph-DQN train epoch 1492/2000 (74.6%)  loss=0.000000  eta=2150.5s
2026-04-10 22:57:59 [INFO] src.graph_dqn: Graph-DQN train epoch 1493/2000 (74.7%)  loss=0.000000  eta=2146.6s
2026-04-10 22:58:03 [INFO] src.graph_dqn: Graph-DQN train epoch 1494/2000 (74.7%)  loss=0.000000  eta=2142.2s
2026-04-10 22:58:06 [INFO] src.graph_dqn: Graph-DQN train epoch 1495/2000 (74.8%)  loss=0.000000  eta=2137.8s
2026-04-10 22:58:11 [INFO] src.graph_dqn: Graph-DQN train epoch 1496/2000 (74.8%)  loss=0.000000  eta=2133.7s
2026-04-10 22:58:15 [INFO] src.graph_dqn: Graph-DQN train epoch 1497/2000 (74.9%)  loss=0.000000  eta=2129.5s
2026-04-10 22:58:19 [INFO] src.graph_dqn: Graph-DQN train epoch 1498/2000 (74.9%)  loss=0.000000  eta=2125.1s
2026-04-10 22:58:23 [INFO] src.graph_dqn: Graph-DQN train epoch 1499/2000 (75.0%)  loss=0.000000  eta=2120.7s
2026-04-10 22:58:28 [INFO] src.graph_dqn: Graph-DQN train epoch 1500/2000 (75.0%)  loss=0.000000  eta=2116.8s
2026-04-10 22:58:28 [INFO] __main__: Saved selector checkpoint: dqn_model_rlcg_epoch_2500.pt
2026-04-10 22:58:32 [INFO] src.graph_dqn: Graph-DQN train epoch 1501/2000 (75.0%)  loss=0.000000  eta=2112.5s
2026-04-10 22:58:36 [INFO] src.graph_dqn: Graph-DQN train epoch 1502/2000 (75.1%)  loss=0.073012  eta=2108.1s
2026-04-10 22:58:40 [INFO] src.graph_dqn: Graph-DQN train epoch 1503/2000 (75.1%)  loss=0.000000  eta=2104.0s
2026-04-10 22:58:45 [INFO] src.graph_dqn: Graph-DQN train epoch 1504/2000 (75.2%)  loss=0.000000  eta=2099.9s
2026-04-10 22:58:49 [INFO] src.graph_dqn: Graph-DQN train epoch 1505/2000 (75.2%)  loss=0.000000  eta=2095.5s
2026-04-10 22:58:52 [INFO] src.graph_dqn: Graph-DQN train epoch 1506/2000 (75.3%)  loss=0.000000  eta=2091.1s
2026-04-10 22:58:58 [INFO] src.graph_dqn: Graph-DQN train epoch 1507/2000 (75.3%)  loss=0.000000  eta=2087.2s
2026-04-10 22:59:01 [INFO] src.graph_dqn: Graph-DQN train epoch 1508/2000 (75.4%)  loss=0.000000  eta=2082.8s
2026-04-10 22:59:05 [INFO] src.graph_dqn: Graph-DQN train epoch 1509/2000 (75.4%)  loss=0.000000  eta=2078.4s
2026-04-10 22:59:10 [INFO] src.graph_dqn: Graph-DQN train epoch 1510/2000 (75.5%)  loss=0.000000  eta=2074.3s
2026-04-10 22:59:14 [INFO] src.graph_dqn: Graph-DQN train epoch 1511/2000 (75.5%)  loss=0.000000  eta=2070.1s
2026-04-10 22:59:18 [INFO] src.graph_dqn: Graph-DQN train epoch 1512/2000 (75.6%)  loss=0.000000  eta=2065.7s
2026-04-10 22:59:21 [INFO] src.graph_dqn: Graph-DQN train epoch 1513/2000 (75.6%)  loss=0.000000  eta=2061.3s
2026-04-10 22:59:27 [INFO] src.graph_dqn: Graph-DQN train epoch 1514/2000 (75.7%)  loss=0.000000  eta=2057.4s
2026-04-10 22:59:31 [INFO] src.graph_dqn: Graph-DQN train epoch 1515/2000 (75.8%)  loss=0.000000  eta=2053.0s
2026-04-10 22:59:34 [INFO] src.graph_dqn: Graph-DQN train epoch 1516/2000 (75.8%)  loss=0.000000  eta=2048.7s
2026-04-10 22:59:39 [INFO] src.graph_dqn: Graph-DQN train epoch 1517/2000 (75.8%)  loss=0.000000  eta=2044.5s
2026-04-10 22:59:43 [INFO] src.graph_dqn: Graph-DQN train epoch 1518/2000 (75.9%)  loss=0.000000  eta=2040.4s
2026-04-10 22:59:47 [INFO] src.graph_dqn: Graph-DQN train epoch 1519/2000 (75.9%)  loss=0.000000  eta=2036.0s
2026-04-10 22:59:51 [INFO] src.graph_dqn: Graph-DQN train epoch 1520/2000 (76.0%)  loss=0.000000  eta=2031.6s
2026-04-10 22:59:56 [INFO] src.graph_dqn: Graph-DQN train epoch 1521/2000 (76.0%)  loss=0.000000  eta=2027.7s
2026-04-10 23:00:00 [INFO] src.graph_dqn: Graph-DQN train epoch 1522/2000 (76.1%)  loss=0.000000  eta=2023.3s
2026-04-10 23:00:04 [INFO] src.graph_dqn: Graph-DQN train epoch 1523/2000 (76.1%)  loss=0.000000  eta=2019.1s
2026-04-10 23:00:09 [INFO] src.graph_dqn: Graph-DQN train epoch 1524/2000 (76.2%)  loss=0.000000  eta=2015.0s
2026-04-10 23:00:13 [INFO] src.graph_dqn: Graph-DQN train epoch 1525/2000 (76.2%)  loss=0.000000  eta=2010.8s
2026-04-10 23:00:17 [INFO] src.graph_dqn: Graph-DQN train epoch 1526/2000 (76.3%)  loss=0.000000  eta=2006.5s
2026-04-10 23:00:21 [INFO] src.graph_dqn: Graph-DQN train epoch 1527/2000 (76.3%)  loss=0.000000  eta=2002.0s
2026-04-10 23:00:26 [INFO] src.graph_dqn: Graph-DQN train epoch 1528/2000 (76.4%)  loss=0.000000  eta=1998.1s
2026-04-10 23:00:30 [INFO] src.graph_dqn: Graph-DQN train epoch 1529/2000 (76.4%)  loss=0.000000  eta=1993.8s
2026-04-10 23:00:34 [INFO] src.graph_dqn: Graph-DQN train epoch 1530/2000 (76.5%)  loss=0.000000  eta=1989.4s
2026-04-10 23:00:38 [INFO] src.graph_dqn: Graph-DQN train epoch 1531/2000 (76.5%)  loss=0.000000  eta=1985.3s
2026-04-10 23:00:43 [INFO] src.graph_dqn: Graph-DQN train epoch 1532/2000 (76.6%)  loss=0.000138  eta=1981.2s
2026-04-10 23:00:46 [INFO] src.graph_dqn: Graph-DQN train epoch 1533/2000 (76.6%)  loss=0.000000  eta=1976.8s
2026-04-10 23:00:50 [INFO] src.graph_dqn: Graph-DQN train epoch 1534/2000 (76.7%)  loss=0.000000  eta=1972.4s
2026-04-10 23:00:55 [INFO] src.graph_dqn: Graph-DQN train epoch 1535/2000 (76.8%)  loss=0.000000  eta=1968.4s
2026-04-10 23:00:59 [INFO] src.graph_dqn: Graph-DQN train epoch 1536/2000 (76.8%)  loss=0.000000  eta=1964.1s
2026-04-10 23:01:03 [INFO] src.graph_dqn: Graph-DQN train epoch 1537/2000 (76.8%)  loss=0.000000  eta=1959.7s
2026-04-10 23:01:08 [INFO] src.graph_dqn: Graph-DQN train epoch 1538/2000 (76.9%)  loss=0.000000  eta=1955.6s
2026-04-10 23:01:12 [INFO] src.graph_dqn: Graph-DQN train epoch 1539/2000 (77.0%)  loss=0.000000  eta=1951.4s
2026-04-10 23:01:16 [INFO] src.graph_dqn: Graph-DQN train epoch 1540/2000 (77.0%)  loss=0.000000  eta=1947.0s
2026-04-10 23:01:19 [INFO] src.graph_dqn: Graph-DQN train epoch 1541/2000 (77.0%)  loss=0.000000  eta=1942.6s
2026-04-10 23:01:25 [INFO] src.graph_dqn: Graph-DQN train epoch 1542/2000 (77.1%)  loss=0.000000  eta=1938.7s
2026-04-10 23:01:29 [INFO] src.graph_dqn: Graph-DQN train epoch 1543/2000 (77.1%)  loss=0.000000  eta=1934.4s
2026-04-10 23:01:32 [INFO] src.graph_dqn: Graph-DQN train epoch 1544/2000 (77.2%)  loss=0.000000  eta=1930.0s
2026-04-10 23:01:37 [INFO] src.graph_dqn: Graph-DQN train epoch 1545/2000 (77.2%)  loss=0.000000  eta=1925.9s
2026-04-10 23:01:42 [INFO] src.graph_dqn: Graph-DQN train epoch 1546/2000 (77.3%)  loss=0.000000  eta=1921.8s
2026-04-10 23:01:45 [INFO] src.graph_dqn: Graph-DQN train epoch 1547/2000 (77.3%)  loss=0.000000  eta=1917.4s
2026-04-10 23:01:49 [INFO] src.graph_dqn: Graph-DQN train epoch 1548/2000 (77.4%)  loss=0.000000  eta=1913.0s
2026-04-10 23:01:55 [INFO] src.graph_dqn: Graph-DQN train epoch 1549/2000 (77.5%)  loss=0.000000  eta=1909.2s
2026-04-10 23:01:58 [INFO] src.graph_dqn: Graph-DQN train epoch 1550/2000 (77.5%)  loss=0.000000  eta=1904.8s
2026-04-10 23:02:02 [INFO] src.graph_dqn: Graph-DQN train epoch 1551/2000 (77.5%)  loss=0.000000  eta=1900.5s
2026-04-10 23:02:07 [INFO] src.graph_dqn: Graph-DQN train epoch 1552/2000 (77.6%)  loss=0.000000  eta=1896.4s
2026-04-10 23:02:11 [INFO] src.graph_dqn: Graph-DQN train epoch 1553/2000 (77.6%)  loss=0.000000  eta=1892.2s
2026-04-10 23:02:15 [INFO] src.graph_dqn: Graph-DQN train epoch 1554/2000 (77.7%)  loss=0.000000  eta=1887.8s
2026-04-10 23:02:19 [INFO] src.graph_dqn: Graph-DQN train epoch 1555/2000 (77.8%)  loss=0.020404  eta=1883.4s
2026-04-10 23:02:24 [INFO] src.graph_dqn: Graph-DQN train epoch 1556/2000 (77.8%)  loss=0.000000  eta=1879.5s
2026-04-10 23:02:28 [INFO] src.graph_dqn: Graph-DQN train epoch 1557/2000 (77.8%)  loss=0.000000  eta=1875.1s
2026-04-10 23:02:32 [INFO] src.graph_dqn: Graph-DQN train epoch 1558/2000 (77.9%)  loss=0.000000  eta=1870.8s
2026-04-10 23:02:36 [INFO] src.graph_dqn: Graph-DQN train epoch 1559/2000 (78.0%)  loss=0.000000  eta=1866.6s
2026-04-10 23:02:41 [INFO] src.graph_dqn: Graph-DQN train epoch 1560/2000 (78.0%)  loss=0.000000  eta=1862.4s
2026-04-10 23:02:44 [INFO] src.graph_dqn: Graph-DQN train epoch 1561/2000 (78.0%)  loss=0.000000  eta=1858.0s
2026-04-10 23:02:48 [INFO] src.graph_dqn: Graph-DQN train epoch 1562/2000 (78.1%)  loss=0.000000  eta=1853.7s
2026-04-10 23:02:53 [INFO] src.graph_dqn: Graph-DQN train epoch 1563/2000 (78.1%)  loss=0.000000  eta=1849.7s
2026-04-10 23:02:57 [INFO] src.graph_dqn: Graph-DQN train epoch 1564/2000 (78.2%)  loss=0.000000  eta=1845.3s
2026-04-10 23:03:01 [INFO] src.graph_dqn: Graph-DQN train epoch 1565/2000 (78.2%)  loss=0.000000  eta=1841.0s
2026-04-10 23:03:05 [INFO] src.graph_dqn: Graph-DQN train epoch 1566/2000 (78.3%)  loss=0.000000  eta=1836.8s
2026-04-10 23:03:10 [INFO] src.graph_dqn: Graph-DQN train epoch 1567/2000 (78.3%)  loss=0.000000  eta=1832.7s
2026-04-10 23:03:13 [INFO] src.graph_dqn: Graph-DQN train epoch 1568/2000 (78.4%)  loss=0.000000  eta=1828.3s
2026-04-10 23:03:17 [INFO] src.graph_dqn: Graph-DQN train epoch 1569/2000 (78.5%)  loss=0.000000  eta=1823.9s
2026-04-10 23:03:22 [INFO] src.graph_dqn: Graph-DQN train epoch 1570/2000 (78.5%)  loss=0.000000  eta=1819.9s
2026-04-10 23:03:26 [INFO] src.graph_dqn: Graph-DQN train epoch 1571/2000 (78.5%)  loss=0.000000  eta=1815.6s
2026-04-10 23:03:30 [INFO] src.graph_dqn: Graph-DQN train epoch 1572/2000 (78.6%)  loss=0.000000  eta=1811.2s
2026-04-10 23:03:34 [INFO] src.graph_dqn: Graph-DQN train epoch 1573/2000 (78.6%)  loss=0.000000  eta=1807.0s
2026-04-10 23:03:39 [INFO] src.graph_dqn: Graph-DQN train epoch 1574/2000 (78.7%)  loss=0.000000  eta=1802.9s
2026-04-10 23:03:43 [INFO] src.graph_dqn: Graph-DQN train epoch 1575/2000 (78.8%)  loss=0.000000  eta=1798.6s
2026-04-10 23:03:46 [INFO] src.graph_dqn: Graph-DQN train epoch 1576/2000 (78.8%)  loss=0.000000  eta=1794.2s
2026-04-10 23:03:52 [INFO] src.graph_dqn: Graph-DQN train epoch 1577/2000 (78.8%)  loss=0.000000  eta=1790.2s
2026-04-10 23:03:55 [INFO] src.graph_dqn: Graph-DQN train epoch 1578/2000 (78.9%)  loss=0.000000  eta=1785.9s
2026-04-10 23:03:59 [INFO] src.graph_dqn: Graph-DQN train epoch 1579/2000 (79.0%)  loss=0.000000  eta=1781.5s
2026-04-10 23:04:03 [INFO] src.graph_dqn: Graph-DQN train epoch 1580/2000 (79.0%)  loss=0.000020  eta=1777.3s
2026-04-10 23:04:08 [INFO] src.graph_dqn: Graph-DQN train epoch 1581/2000 (79.0%)  loss=0.000000  eta=1773.2s
2026-04-10 23:04:12 [INFO] src.graph_dqn: Graph-DQN train epoch 1582/2000 (79.1%)  loss=0.000000  eta=1768.8s
2026-04-10 23:04:15 [INFO] src.graph_dqn: Graph-DQN train epoch 1583/2000 (79.1%)  loss=0.000000  eta=1764.4s
2026-04-10 23:04:20 [INFO] src.graph_dqn: Graph-DQN train epoch 1584/2000 (79.2%)  loss=0.000000  eta=1760.3s
2026-04-10 23:04:24 [INFO] src.graph_dqn: Graph-DQN train epoch 1585/2000 (79.2%)  loss=0.000000  eta=1756.1s
2026-04-10 23:04:28 [INFO] src.graph_dqn: Graph-DQN train epoch 1586/2000 (79.3%)  loss=0.000000  eta=1751.7s
2026-04-10 23:04:32 [INFO] src.graph_dqn: Graph-DQN train epoch 1587/2000 (79.3%)  loss=0.000000  eta=1747.4s
2026-04-10 23:04:37 [INFO] src.graph_dqn: Graph-DQN train epoch 1588/2000 (79.4%)  loss=0.000000  eta=1743.4s
2026-04-10 23:04:41 [INFO] src.graph_dqn: Graph-DQN train epoch 1589/2000 (79.5%)  loss=0.000000  eta=1739.0s
2026-04-10 23:04:45 [INFO] src.graph_dqn: Graph-DQN train epoch 1590/2000 (79.5%)  loss=0.000000  eta=1734.7s
2026-04-10 23:04:49 [INFO] src.graph_dqn: Graph-DQN train epoch 1591/2000 (79.5%)  loss=0.000000  eta=1730.6s
2026-04-10 23:04:54 [INFO] src.graph_dqn: Graph-DQN train epoch 1592/2000 (79.6%)  loss=0.000000  eta=1726.3s
2026-04-10 23:04:57 [INFO] src.graph_dqn: Graph-DQN train epoch 1593/2000 (79.7%)  loss=0.000000  eta=1722.0s
2026-04-10 23:05:01 [INFO] src.graph_dqn: Graph-DQN train epoch 1594/2000 (79.7%)  loss=0.000000  eta=1717.6s
2026-04-10 23:05:06 [INFO] src.graph_dqn: Graph-DQN train epoch 1595/2000 (79.8%)  loss=0.000000  eta=1713.7s
2026-04-10 23:05:10 [INFO] src.graph_dqn: Graph-DQN train epoch 1596/2000 (79.8%)  loss=0.000000  eta=1709.3s
2026-04-10 23:05:14 [INFO] src.graph_dqn: Graph-DQN train epoch 1597/2000 (79.8%)  loss=0.000000  eta=1704.9s
2026-04-10 23:05:18 [INFO] src.graph_dqn: Graph-DQN train epoch 1598/2000 (79.9%)  loss=0.000000  eta=1700.8s
2026-04-10 23:05:23 [INFO] src.graph_dqn: Graph-DQN train epoch 1599/2000 (80.0%)  loss=0.000000  eta=1696.6s
2026-04-10 23:05:26 [INFO] src.graph_dqn: Graph-DQN train epoch 1600/2000 (80.0%)  loss=0.000106  eta=1692.3s
2026-04-10 23:05:27 [INFO] __main__: Saved selector checkpoint: dqn_model_rlcg_epoch_2600.pt
2026-04-10 23:05:30 [INFO] src.graph_dqn: Graph-DQN train epoch 1601/2000 (80.0%)  loss=0.000001  eta=1687.9s
2026-04-10 23:05:36 [INFO] src.graph_dqn: Graph-DQN train epoch 1602/2000 (80.1%)  loss=0.000000  eta=1683.9s
2026-04-10 23:05:39 [INFO] src.graph_dqn: Graph-DQN train epoch 1603/2000 (80.2%)  loss=0.000000  eta=1679.6s
2026-04-10 23:05:43 [INFO] src.graph_dqn: Graph-DQN train epoch 1604/2000 (80.2%)  loss=0.000000  eta=1675.2s
2026-04-10 23:05:47 [INFO] src.graph_dqn: Graph-DQN train epoch 1605/2000 (80.2%)  loss=0.000000  eta=1671.0s
2026-04-10 23:05:52 [INFO] src.graph_dqn: Graph-DQN train epoch 1606/2000 (80.3%)  loss=0.000000  eta=1666.9s
2026-04-10 23:05:56 [INFO] src.graph_dqn: Graph-DQN train epoch 1607/2000 (80.3%)  loss=0.000000  eta=1662.5s
2026-04-10 23:05:59 [INFO] src.graph_dqn: Graph-DQN train epoch 1608/2000 (80.4%)  loss=0.000000  eta=1658.2s
2026-04-10 23:06:05 [INFO] src.graph_dqn: Graph-DQN train epoch 1609/2000 (80.5%)  loss=0.000000  eta=1654.2s
2026-04-10 23:06:08 [INFO] src.graph_dqn: Graph-DQN train epoch 1610/2000 (80.5%)  loss=0.000000  eta=1649.8s
2026-04-10 23:06:12 [INFO] src.graph_dqn: Graph-DQN train epoch 1611/2000 (80.5%)  loss=0.000000  eta=1645.5s
2026-04-10 23:06:16 [INFO] src.graph_dqn: Graph-DQN train epoch 1612/2000 (80.6%)  loss=0.000000  eta=1641.2s
2026-04-10 23:06:21 [INFO] src.graph_dqn: Graph-DQN train epoch 1613/2000 (80.7%)  loss=0.000000  eta=1637.1s
2026-04-10 23:06:25 [INFO] src.graph_dqn: Graph-DQN train epoch 1614/2000 (80.7%)  loss=0.000000  eta=1632.8s
2026-04-10 23:06:28 [INFO] src.graph_dqn: Graph-DQN train epoch 1615/2000 (80.8%)  loss=0.000000  eta=1628.4s
2026-04-10 23:06:33 [INFO] src.graph_dqn: Graph-DQN train epoch 1616/2000 (80.8%)  loss=0.000000  eta=1624.4s
2026-04-10 23:06:37 [INFO] src.graph_dqn: Graph-DQN train epoch 1617/2000 (80.8%)  loss=0.000000  eta=1620.1s
2026-04-10 23:06:41 [INFO] src.graph_dqn: Graph-DQN train epoch 1618/2000 (80.9%)  loss=0.000000  eta=1615.8s
2026-04-10 23:06:45 [INFO] src.graph_dqn: Graph-DQN train epoch 1619/2000 (81.0%)  loss=0.000000  eta=1611.5s
2026-04-10 23:06:50 [INFO] src.graph_dqn: Graph-DQN train epoch 1620/2000 (81.0%)  loss=0.000000  eta=1607.4s
2026-04-10 23:06:54 [INFO] src.graph_dqn: Graph-DQN train epoch 1621/2000 (81.0%)  loss=0.000000  eta=1603.1s
2026-04-10 23:06:58 [INFO] src.graph_dqn: Graph-DQN train epoch 1622/2000 (81.1%)  loss=0.000000  eta=1598.7s
2026-04-10 23:07:02 [INFO] src.graph_dqn: Graph-DQN train epoch 1623/2000 (81.2%)  loss=0.094001  eta=1594.6s
2026-04-10 23:07:07 [INFO] src.graph_dqn: Graph-DQN train epoch 1624/2000 (81.2%)  loss=0.000000  eta=1590.4s
2026-04-10 23:07:10 [INFO] src.graph_dqn: Graph-DQN train epoch 1625/2000 (81.2%)  loss=0.000000  eta=1586.0s
2026-04-10 23:07:14 [INFO] src.graph_dqn: Graph-DQN train epoch 1626/2000 (81.3%)  loss=0.000000  eta=1581.7s
2026-04-10 23:07:19 [INFO] src.graph_dqn: Graph-DQN train epoch 1627/2000 (81.3%)  loss=0.000000  eta=1577.7s
2026-04-10 23:07:23 [INFO] src.graph_dqn: Graph-DQN train epoch 1628/2000 (81.4%)  loss=0.000000  eta=1573.3s
2026-04-10 23:07:27 [INFO] src.graph_dqn: Graph-DQN train epoch 1629/2000 (81.5%)  loss=0.000000  eta=1569.0s
2026-04-10 23:07:31 [INFO] src.graph_dqn: Graph-DQN train epoch 1630/2000 (81.5%)  loss=0.000000  eta=1564.9s
2026-04-10 23:07:36 [INFO] src.graph_dqn: Graph-DQN train epoch 1631/2000 (81.5%)  loss=0.000000  eta=1560.7s
2026-04-10 23:07:39 [INFO] src.graph_dqn: Graph-DQN train epoch 1632/2000 (81.6%)  loss=0.000000  eta=1556.3s
2026-04-10 23:07:43 [INFO] src.graph_dqn: Graph-DQN train epoch 1633/2000 (81.7%)  loss=0.000000  eta=1552.0s
2026-04-10 23:07:48 [INFO] src.graph_dqn: Graph-DQN train epoch 1634/2000 (81.7%)  loss=0.000000  eta=1548.0s
2026-04-10 23:07:52 [INFO] src.graph_dqn: Graph-DQN train epoch 1635/2000 (81.8%)  loss=0.000000  eta=1543.7s
2026-04-10 23:07:56 [INFO] src.graph_dqn: Graph-DQN train epoch 1636/2000 (81.8%)  loss=0.000000  eta=1539.3s
2026-04-10 23:08:00 [INFO] src.graph_dqn: Graph-DQN train epoch 1637/2000 (81.8%)  loss=0.000000  eta=1535.1s
2026-04-10 23:08:05 [INFO] src.graph_dqn: Graph-DQN train epoch 1638/2000 (81.9%)  loss=0.000000  eta=1531.0s
2026-04-10 23:08:09 [INFO] src.graph_dqn: Graph-DQN train epoch 1639/2000 (82.0%)  loss=0.000000  eta=1526.7s
2026-04-10 23:08:12 [INFO] src.graph_dqn: Graph-DQN train epoch 1640/2000 (82.0%)  loss=0.000000  eta=1522.3s
2026-04-10 23:08:18 [INFO] src.graph_dqn: Graph-DQN train epoch 1641/2000 (82.0%)  loss=0.000000  eta=1518.3s
2026-04-10 23:08:21 [INFO] src.graph_dqn: Graph-DQN train epoch 1642/2000 (82.1%)  loss=0.000000  eta=1513.9s
2026-04-10 23:08:25 [INFO] src.graph_dqn: Graph-DQN train epoch 1643/2000 (82.2%)  loss=0.000000  eta=1509.6s
2026-04-10 23:08:29 [INFO] src.graph_dqn: Graph-DQN train epoch 1644/2000 (82.2%)  loss=0.000000  eta=1505.4s
2026-04-10 23:08:34 [INFO] src.graph_dqn: Graph-DQN train epoch 1645/2000 (82.2%)  loss=0.000000  eta=1501.3s
2026-04-10 23:08:38 [INFO] src.graph_dqn: Graph-DQN train epoch 1646/2000 (82.3%)  loss=0.000000  eta=1496.9s
2026-04-10 23:08:42 [INFO] src.graph_dqn: Graph-DQN train epoch 1647/2000 (82.3%)  loss=0.000000  eta=1492.6s
2026-04-10 23:08:47 [INFO] src.graph_dqn: Graph-DQN train epoch 1648/2000 (82.4%)  loss=0.000000  eta=1488.6s
2026-04-10 23:08:50 [INFO] src.graph_dqn: Graph-DQN train epoch 1649/2000 (82.5%)  loss=0.000000  eta=1484.2s
2026-04-10 23:08:54 [INFO] src.graph_dqn: Graph-DQN train epoch 1650/2000 (82.5%)  loss=0.000000  eta=1479.9s
2026-04-10 23:08:58 [INFO] src.graph_dqn: Graph-DQN train epoch 1651/2000 (82.5%)  loss=0.009303  eta=1475.6s
2026-04-10 23:09:03 [INFO] src.graph_dqn: Graph-DQN train epoch 1652/2000 (82.6%)  loss=0.000000  eta=1471.6s
2026-04-10 23:09:07 [INFO] src.graph_dqn: Graph-DQN train epoch 1653/2000 (82.7%)  loss=0.000000  eta=1467.2s
2026-04-10 23:09:11 [INFO] src.graph_dqn: Graph-DQN train epoch 1654/2000 (82.7%)  loss=0.000000  eta=1462.9s
2026-04-10 23:09:16 [INFO] src.graph_dqn: Graph-DQN train epoch 1655/2000 (82.8%)  loss=0.000000  eta=1458.8s
2026-04-10 23:09:20 [INFO] src.graph_dqn: Graph-DQN train epoch 1656/2000 (82.8%)  loss=0.000000  eta=1454.6s
2026-04-10 23:09:23 [INFO] src.graph_dqn: Graph-DQN train epoch 1657/2000 (82.8%)  loss=0.000000  eta=1450.2s
2026-04-10 23:09:27 [INFO] src.graph_dqn: Graph-DQN train epoch 1658/2000 (82.9%)  loss=0.000000  eta=1446.0s
2026-04-10 23:09:32 [INFO] src.graph_dqn: Graph-DQN train epoch 1659/2000 (83.0%)  loss=0.000000  eta=1441.9s
2026-04-10 23:09:36 [INFO] src.graph_dqn: Graph-DQN train epoch 1660/2000 (83.0%)  loss=0.000000  eta=1437.6s
2026-04-10 23:09:40 [INFO] src.graph_dqn: Graph-DQN train epoch 1661/2000 (83.0%)  loss=0.000000  eta=1433.2s
2026-04-10 23:09:45 [INFO] src.graph_dqn: Graph-DQN train epoch 1662/2000 (83.1%)  loss=0.000000  eta=1429.1s
2026-04-10 23:09:49 [INFO] src.graph_dqn: Graph-DQN train epoch 1663/2000 (83.2%)  loss=0.000000  eta=1424.9s
2026-04-10 23:09:53 [INFO] src.graph_dqn: Graph-DQN train epoch 1664/2000 (83.2%)  loss=0.000000  eta=1420.6s
2026-04-10 23:09:57 [INFO] src.graph_dqn: Graph-DQN train epoch 1665/2000 (83.2%)  loss=0.000000  eta=1416.3s
2026-04-10 23:10:02 [INFO] src.graph_dqn: Graph-DQN train epoch 1666/2000 (83.3%)  loss=0.000000  eta=1412.2s
2026-04-10 23:10:05 [INFO] src.graph_dqn: Graph-DQN train epoch 1667/2000 (83.4%)  loss=0.000000  eta=1407.9s
2026-04-10 23:10:09 [INFO] src.graph_dqn: Graph-DQN train epoch 1668/2000 (83.4%)  loss=0.000000  eta=1403.6s
2026-04-10 23:10:14 [INFO] src.graph_dqn: Graph-DQN train epoch 1669/2000 (83.5%)  loss=0.000000  eta=1399.4s
2026-04-10 23:10:18 [INFO] src.graph_dqn: Graph-DQN train epoch 1670/2000 (83.5%)  loss=0.000000  eta=1395.2s
2026-04-10 23:10:22 [INFO] src.graph_dqn: Graph-DQN train epoch 1671/2000 (83.5%)  loss=0.000000  eta=1390.9s
2026-04-10 23:10:25 [INFO] src.graph_dqn: Graph-DQN train epoch 1672/2000 (83.6%)  loss=0.000000  eta=1386.6s
2026-04-10 23:10:31 [INFO] src.graph_dqn: Graph-DQN train epoch 1673/2000 (83.7%)  loss=0.000000  eta=1382.5s
2026-04-10 23:10:35 [INFO] src.graph_dqn: Graph-DQN train epoch 1674/2000 (83.7%)  loss=0.000000  eta=1378.2s
2026-04-10 23:10:38 [INFO] src.graph_dqn: Graph-DQN train epoch 1675/2000 (83.8%)  loss=0.000005  eta=1373.9s
2026-04-10 23:10:43 [INFO] src.graph_dqn: Graph-DQN train epoch 1676/2000 (83.8%)  loss=0.000014  eta=1369.7s
2026-04-10 23:10:47 [INFO] src.graph_dqn: Graph-DQN train epoch 1677/2000 (83.9%)  loss=0.000000  eta=1365.5s
2026-04-10 23:10:51 [INFO] src.graph_dqn: Graph-DQN train epoch 1678/2000 (83.9%)  loss=0.000000  eta=1361.2s
2026-04-10 23:10:55 [INFO] src.graph_dqn: Graph-DQN train epoch 1679/2000 (84.0%)  loss=0.000000  eta=1356.9s
2026-04-10 23:11:00 [INFO] src.graph_dqn: Graph-DQN train epoch 1680/2000 (84.0%)  loss=0.000000  eta=1352.8s
2026-04-10 23:11:04 [INFO] src.graph_dqn: Graph-DQN train epoch 1681/2000 (84.0%)  loss=0.000000  eta=1348.5s
2026-04-10 23:11:07 [INFO] src.graph_dqn: Graph-DQN train epoch 1682/2000 (84.1%)  loss=0.000000  eta=1344.2s
2026-04-10 23:11:12 [INFO] src.graph_dqn: Graph-DQN train epoch 1683/2000 (84.2%)  loss=0.000000  eta=1340.0s
2026-04-10 23:11:16 [INFO] src.graph_dqn: Graph-DQN train epoch 1684/2000 (84.2%)  loss=0.000000  eta=1335.8s
2026-04-10 23:11:20 [INFO] src.graph_dqn: Graph-DQN train epoch 1685/2000 (84.2%)  loss=0.000000  eta=1331.5s
2026-04-10 23:11:24 [INFO] src.graph_dqn: Graph-DQN train epoch 1686/2000 (84.3%)  loss=0.000000  eta=1327.2s
2026-04-10 23:11:29 [INFO] src.graph_dqn: Graph-DQN train epoch 1687/2000 (84.4%)  loss=0.000000  eta=1323.1s
2026-04-10 23:11:33 [INFO] src.graph_dqn: Graph-DQN train epoch 1688/2000 (84.4%)  loss=0.000000  eta=1318.8s
2026-04-10 23:11:36 [INFO] src.graph_dqn: Graph-DQN train epoch 1689/2000 (84.5%)  loss=0.000000  eta=1314.5s
2026-04-10 23:11:41 [INFO] src.graph_dqn: Graph-DQN train epoch 1690/2000 (84.5%)  loss=0.000000  eta=1310.3s
2026-04-10 23:11:45 [INFO] src.graph_dqn: Graph-DQN train epoch 1691/2000 (84.5%)  loss=0.000000  eta=1306.2s
2026-04-10 23:11:49 [INFO] src.graph_dqn: Graph-DQN train epoch 1692/2000 (84.6%)  loss=0.000000  eta=1301.8s
2026-04-10 23:11:53 [INFO] src.graph_dqn: Graph-DQN train epoch 1693/2000 (84.7%)  loss=0.000000  eta=1297.5s
2026-04-10 23:11:58 [INFO] src.graph_dqn: Graph-DQN train epoch 1694/2000 (84.7%)  loss=0.010417  eta=1293.5s
2026-04-10 23:12:02 [INFO] src.graph_dqn: Graph-DQN train epoch 1695/2000 (84.8%)  loss=0.000000  eta=1289.2s
2026-04-10 23:12:06 [INFO] src.graph_dqn: Graph-DQN train epoch 1696/2000 (84.8%)  loss=0.000000  eta=1284.9s
2026-04-10 23:12:10 [INFO] src.graph_dqn: Graph-DQN train epoch 1697/2000 (84.9%)  loss=0.000000  eta=1280.6s
2026-04-10 23:12:15 [INFO] src.graph_dqn: Graph-DQN train epoch 1698/2000 (84.9%)  loss=0.000000  eta=1276.5s
2026-04-10 23:12:18 [INFO] src.graph_dqn: Graph-DQN train epoch 1699/2000 (85.0%)  loss=0.000000  eta=1272.2s
2026-04-10 23:12:22 [INFO] src.graph_dqn: Graph-DQN train epoch 1700/2000 (85.0%)  loss=0.000000  eta=1267.9s
2026-04-10 23:12:22 [INFO] __main__: Saved selector checkpoint: dqn_model_rlcg_epoch_2700.pt
2026-04-10 23:12:27 [INFO] src.graph_dqn: Graph-DQN train epoch 1701/2000 (85.0%)  loss=0.000000  eta=1263.8s
2026-04-10 23:12:31 [INFO] src.graph_dqn: Graph-DQN train epoch 1702/2000 (85.1%)  loss=0.000000  eta=1259.5s
2026-04-10 23:12:35 [INFO] src.graph_dqn: Graph-DQN train epoch 1703/2000 (85.2%)  loss=0.000000  eta=1255.2s
2026-04-10 23:12:39 [INFO] src.graph_dqn: Graph-DQN train epoch 1704/2000 (85.2%)  loss=0.000000  eta=1251.0s
2026-04-10 23:12:44 [INFO] src.graph_dqn: Graph-DQN train epoch 1705/2000 (85.2%)  loss=0.000000  eta=1246.9s
2026-04-10 23:12:48 [INFO] src.graph_dqn: Graph-DQN train epoch 1706/2000 (85.3%)  loss=0.000000  eta=1242.6s
2026-04-10 23:12:52 [INFO] src.graph_dqn: Graph-DQN train epoch 1707/2000 (85.4%)  loss=0.000000  eta=1238.3s
2026-04-10 23:12:57 [INFO] src.graph_dqn: Graph-DQN train epoch 1708/2000 (85.4%)  loss=0.000000  eta=1234.2s
2026-04-10 23:13:01 [INFO] src.graph_dqn: Graph-DQN train epoch 1709/2000 (85.5%)  loss=0.000000  eta=1230.0s
2026-04-10 23:13:05 [INFO] src.graph_dqn: Graph-DQN train epoch 1710/2000 (85.5%)  loss=0.000000  eta=1225.7s
2026-04-10 23:13:09 [INFO] src.graph_dqn: Graph-DQN train epoch 1711/2000 (85.5%)  loss=0.000000  eta=1221.5s
2026-04-10 23:13:14 [INFO] src.graph_dqn: Graph-DQN train epoch 1712/2000 (85.6%)  loss=0.000000  eta=1217.3s
2026-04-10 23:13:18 [INFO] src.graph_dqn: Graph-DQN train epoch 1713/2000 (85.7%)  loss=0.000000  eta=1213.0s
2026-04-10 23:13:21 [INFO] src.graph_dqn: Graph-DQN train epoch 1714/2000 (85.7%)  loss=0.000000  eta=1208.7s
2026-04-10 23:13:26 [INFO] src.graph_dqn: Graph-DQN train epoch 1715/2000 (85.8%)  loss=0.000000  eta=1204.6s
2026-04-10 23:13:30 [INFO] src.graph_dqn: Graph-DQN train epoch 1716/2000 (85.8%)  loss=0.000000  eta=1200.4s
2026-04-10 23:13:34 [INFO] src.graph_dqn: Graph-DQN train epoch 1717/2000 (85.9%)  loss=0.000000  eta=1196.1s
2026-04-10 23:13:39 [INFO] src.graph_dqn: Graph-DQN train epoch 1718/2000 (85.9%)  loss=0.000000  eta=1191.9s
2026-04-10 23:13:43 [INFO] src.graph_dqn: Graph-DQN train epoch 1719/2000 (86.0%)  loss=0.008154  eta=1187.8s
2026-04-10 23:13:47 [INFO] src.graph_dqn: Graph-DQN train epoch 1720/2000 (86.0%)  loss=0.000000  eta=1183.4s
2026-04-10 23:13:51 [INFO] src.graph_dqn: Graph-DQN train epoch 1721/2000 (86.1%)  loss=0.000000  eta=1179.1s
2026-04-10 23:13:56 [INFO] src.graph_dqn: Graph-DQN train epoch 1722/2000 (86.1%)  loss=0.000000  eta=1175.0s
2026-04-10 23:14:00 [INFO] src.graph_dqn: Graph-DQN train epoch 1723/2000 (86.2%)  loss=0.000000  eta=1170.8s
2026-04-10 23:14:04 [INFO] src.graph_dqn: Graph-DQN train epoch 1724/2000 (86.2%)  loss=0.000000  eta=1166.5s
2026-04-10 23:14:08 [INFO] src.graph_dqn: Graph-DQN train epoch 1725/2000 (86.2%)  loss=0.000000  eta=1162.2s
2026-04-10 23:14:13 [INFO] src.graph_dqn: Graph-DQN train epoch 1726/2000 (86.3%)  loss=0.000000  eta=1158.1s
2026-04-10 23:14:16 [INFO] src.graph_dqn: Graph-DQN train epoch 1727/2000 (86.4%)  loss=0.000000  eta=1153.8s
2026-04-10 23:14:20 [INFO] src.graph_dqn: Graph-DQN train epoch 1728/2000 (86.4%)  loss=0.000000  eta=1149.5s
2026-04-10 23:14:25 [INFO] src.graph_dqn: Graph-DQN train epoch 1729/2000 (86.5%)  loss=0.000000  eta=1145.4s
2026-04-10 23:14:29 [INFO] src.graph_dqn: Graph-DQN train epoch 1730/2000 (86.5%)  loss=0.000000  eta=1141.1s
2026-04-10 23:14:33 [INFO] src.graph_dqn: Graph-DQN train epoch 1731/2000 (86.6%)  loss=0.000000  eta=1136.8s
2026-04-10 23:14:37 [INFO] src.graph_dqn: Graph-DQN train epoch 1732/2000 (86.6%)  loss=0.000000  eta=1132.6s
2026-04-10 23:14:42 [INFO] src.graph_dqn: Graph-DQN train epoch 1733/2000 (86.7%)  loss=0.000000  eta=1128.5s
2026-04-10 23:14:46 [INFO] src.graph_dqn: Graph-DQN train epoch 1734/2000 (86.7%)  loss=0.000000  eta=1124.1s
2026-04-10 23:14:49 [INFO] src.graph_dqn: Graph-DQN train epoch 1735/2000 (86.8%)  loss=0.000000  eta=1119.8s
2026-04-10 23:14:54 [INFO] src.graph_dqn: Graph-DQN train epoch 1736/2000 (86.8%)  loss=0.000000  eta=1115.7s
2026-04-10 23:14:58 [INFO] src.graph_dqn: Graph-DQN train epoch 1737/2000 (86.9%)  loss=0.000000  eta=1111.5s
2026-04-10 23:15:02 [INFO] src.graph_dqn: Graph-DQN train epoch 1738/2000 (86.9%)  loss=0.000000  eta=1107.2s
2026-04-10 23:15:06 [INFO] src.graph_dqn: Graph-DQN train epoch 1739/2000 (87.0%)  loss=0.000000  eta=1102.9s
2026-04-10 23:15:11 [INFO] src.graph_dqn: Graph-DQN train epoch 1740/2000 (87.0%)  loss=0.000000  eta=1098.8s
2026-04-10 23:15:15 [INFO] src.graph_dqn: Graph-DQN train epoch 1741/2000 (87.1%)  loss=0.014344  eta=1094.5s
2026-04-10 23:15:19 [INFO] src.graph_dqn: Graph-DQN train epoch 1742/2000 (87.1%)  loss=0.000000  eta=1090.2s
2026-04-10 23:15:23 [INFO] src.graph_dqn: Graph-DQN train epoch 1743/2000 (87.2%)  loss=0.000000  eta=1086.1s
2026-04-10 23:15:28 [INFO] src.graph_dqn: Graph-DQN train epoch 1744/2000 (87.2%)  loss=0.000000  eta=1081.9s
2026-04-10 23:15:31 [INFO] src.graph_dqn: Graph-DQN train epoch 1745/2000 (87.2%)  loss=0.000000  eta=1077.6s
2026-04-10 23:15:35 [INFO] src.graph_dqn: Graph-DQN train epoch 1746/2000 (87.3%)  loss=0.000000  eta=1073.3s
2026-04-10 23:15:40 [INFO] src.graph_dqn: Graph-DQN train epoch 1747/2000 (87.4%)  loss=0.000000  eta=1069.2s
2026-04-10 23:15:44 [INFO] src.graph_dqn: Graph-DQN train epoch 1748/2000 (87.4%)  loss=0.000000  eta=1064.9s
2026-04-10 23:15:48 [INFO] src.graph_dqn: Graph-DQN train epoch 1749/2000 (87.5%)  loss=0.000000  eta=1060.6s
2026-04-10 23:15:52 [INFO] src.graph_dqn: Graph-DQN train epoch 1750/2000 (87.5%)  loss=0.000000  eta=1056.4s
2026-04-10 23:15:57 [INFO] src.graph_dqn: Graph-DQN train epoch 1751/2000 (87.5%)  loss=0.000000  eta=1052.2s
2026-04-10 23:16:01 [INFO] src.graph_dqn: Graph-DQN train epoch 1752/2000 (87.6%)  loss=0.000000  eta=1047.9s
2026-04-10 23:16:04 [INFO] src.graph_dqn: Graph-DQN train epoch 1753/2000 (87.6%)  loss=0.000000  eta=1043.6s
2026-04-10 23:16:10 [INFO] src.graph_dqn: Graph-DQN train epoch 1754/2000 (87.7%)  loss=0.000000  eta=1039.6s
2026-04-10 23:16:13 [INFO] src.graph_dqn: Graph-DQN train epoch 1755/2000 (87.8%)  loss=0.000000  eta=1035.2s
2026-04-10 23:16:17 [INFO] src.graph_dqn: Graph-DQN train epoch 1756/2000 (87.8%)  loss=0.000000  eta=1031.0s
2026-04-10 23:16:21 [INFO] src.graph_dqn: Graph-DQN train epoch 1757/2000 (87.8%)  loss=0.000000  eta=1026.7s
2026-04-10 23:16:26 [INFO] src.graph_dqn: Graph-DQN train epoch 1758/2000 (87.9%)  loss=0.000000  eta=1022.6s
2026-04-10 23:16:30 [INFO] src.graph_dqn: Graph-DQN train epoch 1759/2000 (87.9%)  loss=0.000000  eta=1018.3s
2026-04-10 23:16:33 [INFO] src.graph_dqn: Graph-DQN train epoch 1760/2000 (88.0%)  loss=0.000000  eta=1014.0s
2026-04-10 23:16:39 [INFO] src.graph_dqn: Graph-DQN train epoch 1761/2000 (88.0%)  loss=0.000000  eta=1009.9s
2026-04-10 23:16:43 [INFO] src.graph_dqn: Graph-DQN train epoch 1762/2000 (88.1%)  loss=0.000000  eta=1005.7s
2026-04-10 23:16:47 [INFO] src.graph_dqn: Graph-DQN train epoch 1763/2000 (88.1%)  loss=0.000000  eta=1001.4s
2026-04-10 23:16:51 [INFO] src.graph_dqn: Graph-DQN train epoch 1764/2000 (88.2%)  loss=0.000000  eta=997.2s
2026-04-10 23:16:56 [INFO] src.graph_dqn: Graph-DQN train epoch 1765/2000 (88.2%)  loss=0.000000  eta=993.0s
2026-04-10 23:16:59 [INFO] src.graph_dqn: Graph-DQN train epoch 1766/2000 (88.3%)  loss=0.000000  eta=988.7s
2026-04-10 23:17:03 [INFO] src.graph_dqn: Graph-DQN train epoch 1767/2000 (88.3%)  loss=0.000000  eta=984.4s
2026-04-10 23:17:08 [INFO] src.graph_dqn: Graph-DQN train epoch 1768/2000 (88.4%)  loss=0.021089  eta=980.3s
2026-04-10 23:17:12 [INFO] src.graph_dqn: Graph-DQN train epoch 1769/2000 (88.4%)  loss=0.014150  eta=976.1s
2026-04-10 23:17:16 [INFO] src.graph_dqn: Graph-DQN train epoch 1770/2000 (88.5%)  loss=0.000003  eta=971.8s
2026-04-10 23:17:20 [INFO] src.graph_dqn: Graph-DQN train epoch 1771/2000 (88.5%)  loss=0.000003  eta=967.6s
2026-04-10 23:17:25 [INFO] src.graph_dqn: Graph-DQN train epoch 1772/2000 (88.6%)  loss=0.000002  eta=963.4s
2026-04-10 23:17:29 [INFO] src.graph_dqn: Graph-DQN train epoch 1773/2000 (88.6%)  loss=0.000001  eta=959.1s
2026-04-10 23:17:33 [INFO] src.graph_dqn: Graph-DQN train epoch 1774/2000 (88.7%)  loss=0.000001  eta=954.8s
2026-04-10 23:17:38 [INFO] src.graph_dqn: Graph-DQN train epoch 1775/2000 (88.8%)  loss=0.000001  eta=950.7s
2026-04-10 23:17:42 [INFO] src.graph_dqn: Graph-DQN train epoch 1776/2000 (88.8%)  loss=0.000001  eta=946.5s
2026-04-10 23:17:45 [INFO] src.graph_dqn: Graph-DQN train epoch 1777/2000 (88.8%)  loss=0.000000  eta=942.2s
2026-04-10 23:17:50 [INFO] src.graph_dqn: Graph-DQN train epoch 1778/2000 (88.9%)  loss=0.000000  eta=938.0s
2026-04-10 23:17:54 [INFO] src.graph_dqn: Graph-DQN train epoch 1779/2000 (88.9%)  loss=0.000000  eta=933.8s
2026-04-10 23:17:58 [INFO] src.graph_dqn: Graph-DQN train epoch 1780/2000 (89.0%)  loss=0.000000  eta=929.5s
2026-04-10 23:18:02 [INFO] src.graph_dqn: Graph-DQN train epoch 1781/2000 (89.0%)  loss=0.000000  eta=925.3s
2026-04-10 23:18:07 [INFO] src.graph_dqn: Graph-DQN train epoch 1782/2000 (89.1%)  loss=0.000000  eta=921.2s
2026-04-10 23:18:11 [INFO] src.graph_dqn: Graph-DQN train epoch 1783/2000 (89.1%)  loss=0.000000  eta=916.9s
2026-04-10 23:18:15 [INFO] src.graph_dqn: Graph-DQN train epoch 1784/2000 (89.2%)  loss=0.000000  eta=912.6s
2026-04-10 23:18:19 [INFO] src.graph_dqn: Graph-DQN train epoch 1785/2000 (89.2%)  loss=0.000000  eta=908.4s
2026-04-10 23:18:24 [INFO] src.graph_dqn: Graph-DQN train epoch 1786/2000 (89.3%)  loss=0.000000  eta=904.2s
2026-04-10 23:18:28 [INFO] src.graph_dqn: Graph-DQN train epoch 1787/2000 (89.3%)  loss=0.000000  eta=899.9s
2026-04-10 23:18:31 [INFO] src.graph_dqn: Graph-DQN train epoch 1788/2000 (89.4%)  loss=0.000000  eta=895.7s
2026-04-10 23:18:37 [INFO] src.graph_dqn: Graph-DQN train epoch 1789/2000 (89.5%)  loss=0.000000  eta=891.6s
2026-04-10 23:18:41 [INFO] src.graph_dqn: Graph-DQN train epoch 1790/2000 (89.5%)  loss=0.000000  eta=887.3s
2026-04-10 23:18:44 [INFO] src.graph_dqn: Graph-DQN train epoch 1791/2000 (89.5%)  loss=0.000000  eta=883.0s
2026-04-10 23:18:49 [INFO] src.graph_dqn: Graph-DQN train epoch 1792/2000 (89.6%)  loss=0.003819  eta=878.8s
2026-04-10 23:18:53 [INFO] src.graph_dqn: Graph-DQN train epoch 1793/2000 (89.6%)  loss=0.000010  eta=874.6s
2026-04-10 23:18:57 [INFO] src.graph_dqn: Graph-DQN train epoch 1794/2000 (89.7%)  loss=0.000000  eta=870.4s
2026-04-10 23:19:01 [INFO] src.graph_dqn: Graph-DQN train epoch 1795/2000 (89.8%)  loss=0.000000  eta=866.1s
2026-04-10 23:19:06 [INFO] src.graph_dqn: Graph-DQN train epoch 1796/2000 (89.8%)  loss=0.000000  eta=862.0s
2026-04-10 23:19:10 [INFO] src.graph_dqn: Graph-DQN train epoch 1797/2000 (89.8%)  loss=0.000000  eta=857.7s
2026-04-10 23:19:14 [INFO] src.graph_dqn: Graph-DQN train epoch 1798/2000 (89.9%)  loss=0.000000  eta=853.4s
2026-04-10 23:19:18 [INFO] src.graph_dqn: Graph-DQN train epoch 1799/2000 (90.0%)  loss=0.000000  eta=849.2s
2026-04-10 23:19:23 [INFO] src.graph_dqn: Graph-DQN train epoch 1800/2000 (90.0%)  loss=0.000000  eta=845.0s
2026-04-10 23:19:23 [INFO] __main__: Saved selector checkpoint: dqn_model_rlcg_epoch_2800.pt
2026-04-10 23:19:27 [INFO] src.graph_dqn: Graph-DQN train epoch 1801/2000 (90.0%)  loss=0.000000  eta=840.8s
2026-04-10 23:19:30 [INFO] src.graph_dqn: Graph-DQN train epoch 1802/2000 (90.1%)  loss=0.000000  eta=836.5s
2026-04-10 23:19:36 [INFO] src.graph_dqn: Graph-DQN train epoch 1803/2000 (90.1%)  loss=0.000000  eta=832.4s
2026-04-10 23:19:40 [INFO] src.graph_dqn: Graph-DQN train epoch 1804/2000 (90.2%)  loss=0.000000  eta=828.1s
2026-04-10 23:19:43 [INFO] src.graph_dqn: Graph-DQN train epoch 1805/2000 (90.2%)  loss=0.000000  eta=823.9s
2026-04-10 23:19:48 [INFO] src.graph_dqn: Graph-DQN train epoch 1806/2000 (90.3%)  loss=0.000000  eta=819.6s
2026-04-10 23:19:52 [INFO] src.graph_dqn: Graph-DQN train epoch 1807/2000 (90.3%)  loss=0.000000  eta=815.5s
2026-04-10 23:19:56 [INFO] src.graph_dqn: Graph-DQN train epoch 1808/2000 (90.4%)  loss=0.000000  eta=811.2s
2026-04-10 23:20:00 [INFO] src.graph_dqn: Graph-DQN train epoch 1809/2000 (90.5%)  loss=0.000000  eta=806.9s
2026-04-10 23:20:05 [INFO] src.graph_dqn: Graph-DQN train epoch 1810/2000 (90.5%)  loss=0.000000  eta=802.8s
2026-04-10 23:20:09 [INFO] src.graph_dqn: Graph-DQN train epoch 1811/2000 (90.5%)  loss=0.000000  eta=798.5s
2026-04-10 23:20:13 [INFO] src.graph_dqn: Graph-DQN train epoch 1812/2000 (90.6%)  loss=0.000000  eta=794.3s
2026-04-10 23:20:17 [INFO] src.graph_dqn: Graph-DQN train epoch 1813/2000 (90.6%)  loss=0.000000  eta=790.0s
2026-04-10 23:20:22 [INFO] src.graph_dqn: Graph-DQN train epoch 1814/2000 (90.7%)  loss=0.000000  eta=785.9s
2026-04-10 23:20:25 [INFO] src.graph_dqn: Graph-DQN train epoch 1815/2000 (90.8%)  loss=0.000000  eta=781.6s
2026-04-10 23:20:29 [INFO] src.graph_dqn: Graph-DQN train epoch 1816/2000 (90.8%)  loss=0.022067  eta=777.3s
2026-04-10 23:20:34 [INFO] src.graph_dqn: Graph-DQN train epoch 1817/2000 (90.8%)  loss=0.000000  eta=773.2s
2026-04-10 23:20:38 [INFO] src.graph_dqn: Graph-DQN train epoch 1818/2000 (90.9%)  loss=0.000000  eta=768.9s
2026-04-10 23:20:42 [INFO] src.graph_dqn: Graph-DQN train epoch 1819/2000 (91.0%)  loss=0.000000  eta=764.6s
2026-04-10 23:20:46 [INFO] src.graph_dqn: Graph-DQN train epoch 1820/2000 (91.0%)  loss=0.000000  eta=760.4s
2026-04-10 23:20:51 [INFO] src.graph_dqn: Graph-DQN train epoch 1821/2000 (91.0%)  loss=0.000000  eta=756.3s
2026-04-10 23:20:55 [INFO] src.graph_dqn: Graph-DQN train epoch 1822/2000 (91.1%)  loss=0.000000  eta=752.0s
2026-04-10 23:20:59 [INFO] src.graph_dqn: Graph-DQN train epoch 1823/2000 (91.1%)  loss=0.000000  eta=747.7s
2026-04-10 23:21:04 [INFO] src.graph_dqn: Graph-DQN train epoch 1824/2000 (91.2%)  loss=0.000000  eta=743.6s
2026-04-10 23:21:08 [INFO] src.graph_dqn: Graph-DQN train epoch 1825/2000 (91.2%)  loss=0.000000  eta=739.3s
2026-04-10 23:21:11 [INFO] src.graph_dqn: Graph-DQN train epoch 1826/2000 (91.3%)  loss=0.000000  eta=735.1s
2026-04-10 23:21:16 [INFO] src.graph_dqn: Graph-DQN train epoch 1827/2000 (91.3%)  loss=0.000000  eta=730.8s
2026-04-10 23:21:20 [INFO] src.graph_dqn: Graph-DQN train epoch 1828/2000 (91.4%)  loss=0.000000  eta=726.7s
2026-04-10 23:21:24 [INFO] src.graph_dqn: Graph-DQN train epoch 1829/2000 (91.5%)  loss=0.000000  eta=722.4s
2026-04-10 23:21:28 [INFO] src.graph_dqn: Graph-DQN train epoch 1830/2000 (91.5%)  loss=0.000000  eta=718.1s
2026-04-10 23:21:33 [INFO] src.graph_dqn: Graph-DQN train epoch 1831/2000 (91.5%)  loss=0.000000  eta=714.0s
2026-04-10 23:21:37 [INFO] src.graph_dqn: Graph-DQN train epoch 1832/2000 (91.6%)  loss=0.000000  eta=709.7s
2026-04-10 23:21:41 [INFO] src.graph_dqn: Graph-DQN train epoch 1833/2000 (91.6%)  loss=0.000000  eta=705.5s
2026-04-10 23:21:45 [INFO] src.graph_dqn: Graph-DQN train epoch 1834/2000 (91.7%)  loss=0.000000  eta=701.2s
2026-04-10 23:21:50 [INFO] src.graph_dqn: Graph-DQN train epoch 1835/2000 (91.8%)  loss=0.000000  eta=697.1s
2026-04-10 23:21:53 [INFO] src.graph_dqn: Graph-DQN train epoch 1836/2000 (91.8%)  loss=0.000000  eta=692.8s
2026-04-10 23:21:57 [INFO] src.graph_dqn: Graph-DQN train epoch 1837/2000 (91.8%)  loss=0.000000  eta=688.5s
2026-04-10 23:22:02 [INFO] src.graph_dqn: Graph-DQN train epoch 1838/2000 (91.9%)  loss=0.023294  eta=684.4s
2026-04-10 23:22:06 [INFO] src.graph_dqn: Graph-DQN train epoch 1839/2000 (92.0%)  loss=0.000000  eta=680.1s
2026-04-10 23:22:10 [INFO] src.graph_dqn: Graph-DQN train epoch 1840/2000 (92.0%)  loss=0.000000  eta=675.9s
2026-04-10 23:22:14 [INFO] src.graph_dqn: Graph-DQN train epoch 1841/2000 (92.0%)  loss=0.000000  eta=671.6s
2026-04-10 23:22:19 [INFO] src.graph_dqn: Graph-DQN train epoch 1842/2000 (92.1%)  loss=0.000000  eta=667.5s
2026-04-10 23:22:22 [INFO] src.graph_dqn: Graph-DQN train epoch 1843/2000 (92.2%)  loss=0.000000  eta=663.2s
2026-04-10 23:22:26 [INFO] src.graph_dqn: Graph-DQN train epoch 1844/2000 (92.2%)  loss=0.000000  eta=658.9s
2026-04-10 23:22:31 [INFO] src.graph_dqn: Graph-DQN train epoch 1845/2000 (92.2%)  loss=0.000000  eta=654.7s
2026-04-10 23:22:35 [INFO] src.graph_dqn: Graph-DQN train epoch 1846/2000 (92.3%)  loss=0.000000  eta=650.5s
2026-04-10 23:22:39 [INFO] src.graph_dqn: Graph-DQN train epoch 1847/2000 (92.3%)  loss=0.000000  eta=646.3s
2026-04-10 23:22:43 [INFO] src.graph_dqn: Graph-DQN train epoch 1848/2000 (92.4%)  loss=0.000000  eta=642.0s
2026-04-10 23:22:48 [INFO] src.graph_dqn: Graph-DQN train epoch 1849/2000 (92.5%)  loss=0.000000  eta=637.9s
2026-04-10 23:22:52 [INFO] src.graph_dqn: Graph-DQN train epoch 1850/2000 (92.5%)  loss=0.000000  eta=633.6s
2026-04-10 23:22:56 [INFO] src.graph_dqn: Graph-DQN train epoch 1851/2000 (92.5%)  loss=0.000000  eta=629.3s
2026-04-10 23:23:00 [INFO] src.graph_dqn: Graph-DQN train epoch 1852/2000 (92.6%)  loss=0.000000  eta=625.2s
2026-04-10 23:23:05 [INFO] src.graph_dqn: Graph-DQN train epoch 1853/2000 (92.7%)  loss=0.000000  eta=621.0s
2026-04-10 23:23:09 [INFO] src.graph_dqn: Graph-DQN train epoch 1854/2000 (92.7%)  loss=0.000000  eta=616.7s
2026-04-10 23:23:13 [INFO] src.graph_dqn: Graph-DQN train epoch 1855/2000 (92.8%)  loss=0.000000  eta=612.5s
2026-04-10 23:23:18 [INFO] src.graph_dqn: Graph-DQN train epoch 1856/2000 (92.8%)  loss=0.000000  eta=608.3s
2026-04-10 23:23:21 [INFO] src.graph_dqn: Graph-DQN train epoch 1857/2000 (92.8%)  loss=0.000000  eta=604.0s
2026-04-10 23:23:25 [INFO] src.graph_dqn: Graph-DQN train epoch 1858/2000 (92.9%)  loss=0.000000  eta=599.8s
2026-04-10 23:23:30 [INFO] src.graph_dqn: Graph-DQN train epoch 1859/2000 (93.0%)  loss=0.000000  eta=595.6s
2026-04-10 23:23:34 [INFO] src.graph_dqn: Graph-DQN train epoch 1860/2000 (93.0%)  loss=0.000000  eta=591.4s
2026-04-10 23:23:38 [INFO] src.graph_dqn: Graph-DQN train epoch 1861/2000 (93.0%)  loss=0.021185  eta=587.1s
2026-04-10 23:23:42 [INFO] src.graph_dqn: Graph-DQN train epoch 1862/2000 (93.1%)  loss=0.000003  eta=582.9s
2026-04-10 23:23:47 [INFO] src.graph_dqn: Graph-DQN train epoch 1863/2000 (93.2%)  loss=0.000002  eta=578.7s
2026-04-10 23:23:51 [INFO] src.graph_dqn: Graph-DQN train epoch 1864/2000 (93.2%)  loss=0.000001  eta=574.5s
2026-04-10 23:23:55 [INFO] src.graph_dqn: Graph-DQN train epoch 1865/2000 (93.2%)  loss=0.000001  eta=570.2s
2026-04-10 23:23:59 [INFO] src.graph_dqn: Graph-DQN train epoch 1866/2000 (93.3%)  loss=0.000000  eta=566.0s
2026-04-10 23:24:03 [INFO] src.graph_dqn: Graph-DQN train epoch 1867/2000 (93.3%)  loss=0.000000  eta=561.8s
2026-04-10 23:24:07 [INFO] src.graph_dqn: Graph-DQN train epoch 1868/2000 (93.4%)  loss=0.000000  eta=557.5s
2026-04-10 23:24:11 [INFO] src.graph_dqn: Graph-DQN train epoch 1869/2000 (93.5%)  loss=0.000000  eta=553.3s
2026-04-10 23:24:16 [INFO] src.graph_dqn: Graph-DQN train epoch 1870/2000 (93.5%)  loss=0.000000  eta=549.1s
2026-04-10 23:24:20 [INFO] src.graph_dqn: Graph-DQN train epoch 1871/2000 (93.5%)  loss=0.000000  eta=544.8s
2026-04-10 23:24:23 [INFO] src.graph_dqn: Graph-DQN train epoch 1872/2000 (93.6%)  loss=0.000000  eta=540.6s
2026-04-10 23:24:28 [INFO] src.graph_dqn: Graph-DQN train epoch 1873/2000 (93.7%)  loss=0.000000  eta=536.4s
2026-04-10 23:24:32 [INFO] src.graph_dqn: Graph-DQN train epoch 1874/2000 (93.7%)  loss=0.000000  eta=532.2s
2026-04-10 23:24:36 [INFO] src.graph_dqn: Graph-DQN train epoch 1875/2000 (93.8%)  loss=0.000000  eta=527.9s
2026-04-10 23:24:40 [INFO] src.graph_dqn: Graph-DQN train epoch 1876/2000 (93.8%)  loss=0.000000  eta=523.7s
2026-04-10 23:24:45 [INFO] src.graph_dqn: Graph-DQN train epoch 1877/2000 (93.8%)  loss=0.000000  eta=519.5s
2026-04-10 23:24:49 [INFO] src.graph_dqn: Graph-DQN train epoch 1878/2000 (93.9%)  loss=0.000000  eta=515.3s
2026-04-10 23:24:53 [INFO] src.graph_dqn: Graph-DQN train epoch 1879/2000 (94.0%)  loss=0.000000  eta=511.0s
2026-04-10 23:24:57 [INFO] src.graph_dqn: Graph-DQN train epoch 1880/2000 (94.0%)  loss=0.005601  eta=506.8s
2026-04-10 23:25:02 [INFO] src.graph_dqn: Graph-DQN train epoch 1881/2000 (94.0%)  loss=0.000000  eta=502.6s
2026-04-10 23:25:06 [INFO] src.graph_dqn: Graph-DQN train epoch 1882/2000 (94.1%)  loss=0.000000  eta=498.3s
2026-04-10 23:25:09 [INFO] src.graph_dqn: Graph-DQN train epoch 1883/2000 (94.2%)  loss=0.000000  eta=494.1s
2026-04-10 23:25:15 [INFO] src.graph_dqn: Graph-DQN train epoch 1884/2000 (94.2%)  loss=0.000000  eta=489.9s
2026-04-10 23:25:18 [INFO] src.graph_dqn: Graph-DQN train epoch 1885/2000 (94.2%)  loss=0.000000  eta=485.7s
2026-04-10 23:25:22 [INFO] src.graph_dqn: Graph-DQN train epoch 1886/2000 (94.3%)  loss=0.000000  eta=481.4s
2026-04-10 23:25:26 [INFO] src.graph_dqn: Graph-DQN train epoch 1887/2000 (94.3%)  loss=0.000000  eta=477.2s
2026-04-10 23:25:31 [INFO] src.graph_dqn: Graph-DQN train epoch 1888/2000 (94.4%)  loss=0.000000  eta=473.0s
2026-04-10 23:25:35 [INFO] src.graph_dqn: Graph-DQN train epoch 1889/2000 (94.5%)  loss=0.000000  eta=468.8s
2026-04-10 23:25:39 [INFO] src.graph_dqn: Graph-DQN train epoch 1890/2000 (94.5%)  loss=0.000000  eta=464.5s
2026-04-10 23:25:44 [INFO] src.graph_dqn: Graph-DQN train epoch 1891/2000 (94.5%)  loss=0.000000  eta=460.3s
2026-04-10 23:25:48 [INFO] src.graph_dqn: Graph-DQN train epoch 1892/2000 (94.6%)  loss=0.000000  eta=456.1s
2026-04-10 23:25:51 [INFO] src.graph_dqn: Graph-DQN train epoch 1893/2000 (94.7%)  loss=0.000000  eta=451.8s
2026-04-10 23:25:55 [INFO] src.graph_dqn: Graph-DQN train epoch 1894/2000 (94.7%)  loss=0.000000  eta=447.6s
2026-04-10 23:26:00 [INFO] src.graph_dqn: Graph-DQN train epoch 1895/2000 (94.8%)  loss=0.000000  eta=443.4s
2026-04-10 23:26:04 [INFO] src.graph_dqn: Graph-DQN train epoch 1896/2000 (94.8%)  loss=0.000000  eta=439.2s
2026-04-10 23:26:08 [INFO] src.graph_dqn: Graph-DQN train epoch 1897/2000 (94.8%)  loss=0.000000  eta=434.9s
2026-04-10 23:26:13 [INFO] src.graph_dqn: Graph-DQN train epoch 1898/2000 (94.9%)  loss=0.000000  eta=430.7s
2026-04-10 23:26:17 [INFO] src.graph_dqn: Graph-DQN train epoch 1899/2000 (95.0%)  loss=0.000000  eta=426.5s
2026-04-10 23:26:20 [INFO] src.graph_dqn: Graph-DQN train epoch 1900/2000 (95.0%)  loss=0.000000  eta=422.3s
2026-04-10 23:26:20 [INFO] __main__: Saved selector checkpoint: dqn_model_rlcg_epoch_2900.pt
2026-04-10 23:26:24 [INFO] src.graph_dqn: Graph-DQN train epoch 1901/2000 (95.0%)  loss=0.000000  eta=418.0s
2026-04-10 23:26:29 [INFO] src.graph_dqn: Graph-DQN train epoch 1902/2000 (95.1%)  loss=0.000000  eta=413.8s
2026-04-10 23:26:33 [INFO] src.graph_dqn: Graph-DQN train epoch 1903/2000 (95.2%)  loss=0.000000  eta=409.6s
2026-04-10 23:26:37 [INFO] src.graph_dqn: Graph-DQN train epoch 1904/2000 (95.2%)  loss=0.005481  eta=405.4s
2026-04-10 23:26:42 [INFO] src.graph_dqn: Graph-DQN train epoch 1905/2000 (95.2%)  loss=0.005262  eta=401.2s
2026-04-10 23:26:46 [INFO] src.graph_dqn: Graph-DQN train epoch 1906/2000 (95.3%)  loss=0.000000  eta=396.9s
2026-04-10 23:26:50 [INFO] src.graph_dqn: Graph-DQN train epoch 1907/2000 (95.3%)  loss=0.000000  eta=392.7s
2026-04-10 23:26:54 [INFO] src.graph_dqn: Graph-DQN train epoch 1908/2000 (95.4%)  loss=0.000000  eta=388.5s
2026-04-10 23:26:59 [INFO] src.graph_dqn: Graph-DQN train epoch 1909/2000 (95.5%)  loss=0.000000  eta=384.3s
2026-04-10 23:27:03 [INFO] src.graph_dqn: Graph-DQN train epoch 1910/2000 (95.5%)  loss=0.000000  eta=380.0s
2026-04-10 23:27:06 [INFO] src.graph_dqn: Graph-DQN train epoch 1911/2000 (95.5%)  loss=0.000000  eta=375.8s
2026-04-10 23:27:11 [INFO] src.graph_dqn: Graph-DQN train epoch 1912/2000 (95.6%)  loss=0.000000  eta=371.6s
2026-04-10 23:27:15 [INFO] src.graph_dqn: Graph-DQN train epoch 1913/2000 (95.7%)  loss=0.000000  eta=367.4s
2026-04-10 23:27:19 [INFO] src.graph_dqn: Graph-DQN train epoch 1914/2000 (95.7%)  loss=0.000000  eta=363.1s
2026-04-10 23:27:23 [INFO] src.graph_dqn: Graph-DQN train epoch 1915/2000 (95.8%)  loss=0.000000  eta=358.9s
2026-04-10 23:27:28 [INFO] src.graph_dqn: Graph-DQN train epoch 1916/2000 (95.8%)  loss=0.000000  eta=354.7s
2026-04-10 23:27:32 [INFO] src.graph_dqn: Graph-DQN train epoch 1917/2000 (95.9%)  loss=0.000000  eta=350.5s
2026-04-10 23:27:35 [INFO] src.graph_dqn: Graph-DQN train epoch 1918/2000 (95.9%)  loss=0.000000  eta=346.2s
2026-04-10 23:27:40 [INFO] src.graph_dqn: Graph-DQN train epoch 1919/2000 (96.0%)  loss=0.000000  eta=342.0s
2026-04-10 23:27:45 [INFO] src.graph_dqn: Graph-DQN train epoch 1920/2000 (96.0%)  loss=0.000000  eta=337.8s
2026-04-10 23:27:48 [INFO] src.graph_dqn: Graph-DQN train epoch 1921/2000 (96.0%)  loss=0.000000  eta=333.6s
2026-04-10 23:27:52 [INFO] src.graph_dqn: Graph-DQN train epoch 1922/2000 (96.1%)  loss=0.000000  eta=329.3s
2026-04-10 23:27:57 [INFO] src.graph_dqn: Graph-DQN train epoch 1923/2000 (96.2%)  loss=0.000000  eta=325.1s
2026-04-10 23:28:01 [INFO] src.graph_dqn: Graph-DQN train epoch 1924/2000 (96.2%)  loss=0.000000  eta=320.9s
2026-04-10 23:28:05 [INFO] src.graph_dqn: Graph-DQN train epoch 1925/2000 (96.2%)  loss=0.000000  eta=316.6s
2026-04-10 23:28:09 [INFO] src.graph_dqn: Graph-DQN train epoch 1926/2000 (96.3%)  loss=0.000000  eta=312.4s
2026-04-10 23:28:14 [INFO] src.graph_dqn: Graph-DQN train epoch 1927/2000 (96.4%)  loss=0.000000  eta=308.2s
2026-04-10 23:28:17 [INFO] src.graph_dqn: Graph-DQN train epoch 1928/2000 (96.4%)  loss=0.000064  eta=304.0s
2026-04-10 23:28:21 [INFO] src.graph_dqn: Graph-DQN train epoch 1929/2000 (96.5%)  loss=0.026792  eta=299.7s
2026-04-10 23:28:26 [INFO] src.graph_dqn: Graph-DQN train epoch 1930/2000 (96.5%)  loss=0.000000  eta=295.6s
2026-04-10 23:28:30 [INFO] src.graph_dqn: Graph-DQN train epoch 1931/2000 (96.5%)  loss=0.000000  eta=291.3s
2026-04-10 23:28:34 [INFO] src.graph_dqn: Graph-DQN train epoch 1932/2000 (96.6%)  loss=0.000000  eta=287.1s
2026-04-10 23:28:38 [INFO] src.graph_dqn: Graph-DQN train epoch 1933/2000 (96.7%)  loss=0.000000  eta=282.9s
2026-04-10 23:28:43 [INFO] src.graph_dqn: Graph-DQN train epoch 1934/2000 (96.7%)  loss=0.000000  eta=278.6s
2026-04-10 23:28:46 [INFO] src.graph_dqn: Graph-DQN train epoch 1935/2000 (96.8%)  loss=0.000000  eta=274.4s
2026-04-10 23:28:50 [INFO] src.graph_dqn: Graph-DQN train epoch 1936/2000 (96.8%)  loss=0.000000  eta=270.2s
2026-04-10 23:28:55 [INFO] src.graph_dqn: Graph-DQN train epoch 1937/2000 (96.9%)  loss=0.000000  eta=266.0s
2026-04-10 23:28:59 [INFO] src.graph_dqn: Graph-DQN train epoch 1938/2000 (96.9%)  loss=0.000000  eta=261.7s
2026-04-10 23:29:03 [INFO] src.graph_dqn: Graph-DQN train epoch 1939/2000 (97.0%)  loss=0.000000  eta=257.5s
2026-04-10 23:29:07 [INFO] src.graph_dqn: Graph-DQN train epoch 1940/2000 (97.0%)  loss=0.000000  eta=253.3s
2026-04-10 23:29:12 [INFO] src.graph_dqn: Graph-DQN train epoch 1941/2000 (97.0%)  loss=0.000000  eta=249.1s
2026-04-10 23:29:16 [INFO] src.graph_dqn: Graph-DQN train epoch 1942/2000 (97.1%)  loss=0.000000  eta=244.9s
2026-04-10 23:29:19 [INFO] src.graph_dqn: Graph-DQN train epoch 1943/2000 (97.2%)  loss=0.000000  eta=240.6s
2026-04-10 23:29:24 [INFO] src.graph_dqn: Graph-DQN train epoch 1944/2000 (97.2%)  loss=0.000000  eta=236.4s
2026-04-10 23:29:28 [INFO] src.graph_dqn: Graph-DQN train epoch 1945/2000 (97.2%)  loss=0.000000  eta=232.2s
2026-04-10 23:29:32 [INFO] src.graph_dqn: Graph-DQN train epoch 1946/2000 (97.3%)  loss=0.000000  eta=228.0s
2026-04-10 23:29:36 [INFO] src.graph_dqn: Graph-DQN train epoch 1947/2000 (97.4%)  loss=0.000000  eta=223.7s
2026-04-10 23:29:41 [INFO] src.graph_dqn: Graph-DQN train epoch 1948/2000 (97.4%)  loss=0.000000  eta=219.5s
2026-04-10 23:29:45 [INFO] src.graph_dqn: Graph-DQN train epoch 1949/2000 (97.5%)  loss=0.000000  eta=215.3s
2026-04-10 23:29:49 [INFO] src.graph_dqn: Graph-DQN train epoch 1950/2000 (97.5%)  loss=0.000000  eta=211.1s
2026-04-10 23:29:54 [INFO] src.graph_dqn: Graph-DQN train epoch 1951/2000 (97.5%)  loss=0.000000  eta=206.9s
2026-04-10 23:29:58 [INFO] src.graph_dqn: Graph-DQN train epoch 1952/2000 (97.6%)  loss=0.029723  eta=202.6s
2026-04-10 23:30:02 [INFO] src.graph_dqn: Graph-DQN train epoch 1953/2000 (97.7%)  loss=0.000000  eta=198.4s
2026-04-10 23:30:06 [INFO] src.graph_dqn: Graph-DQN train epoch 1954/2000 (97.7%)  loss=0.000000  eta=194.2s
2026-04-10 23:30:11 [INFO] src.graph_dqn: Graph-DQN train epoch 1955/2000 (97.8%)  loss=0.000000  eta=190.0s
2026-04-10 23:30:15 [INFO] src.graph_dqn: Graph-DQN train epoch 1956/2000 (97.8%)  loss=0.000000  eta=185.7s
2026-04-10 23:30:18 [INFO] src.graph_dqn: Graph-DQN train epoch 1957/2000 (97.9%)  loss=0.000000  eta=181.5s
2026-04-10 23:30:23 [INFO] src.graph_dqn: Graph-DQN train epoch 1958/2000 (97.9%)  loss=0.000000  eta=177.3s
2026-04-10 23:30:27 [INFO] src.graph_dqn: Graph-DQN train epoch 1959/2000 (98.0%)  loss=0.000000  eta=173.1s
2026-04-10 23:30:31 [INFO] src.graph_dqn: Graph-DQN train epoch 1960/2000 (98.0%)  loss=0.000000  eta=168.8s
2026-04-10 23:30:35 [INFO] src.graph_dqn: Graph-DQN train epoch 1961/2000 (98.0%)  loss=0.000000  eta=164.6s
2026-04-10 23:30:40 [INFO] src.graph_dqn: Graph-DQN train epoch 1962/2000 (98.1%)  loss=0.000000  eta=160.4s
2026-04-10 23:30:44 [INFO] src.graph_dqn: Graph-DQN train epoch 1963/2000 (98.2%)  loss=0.000000  eta=156.2s
2026-04-10 23:30:48 [INFO] src.graph_dqn: Graph-DQN train epoch 1964/2000 (98.2%)  loss=0.000000  eta=152.0s
2026-04-10 23:30:53 [INFO] src.graph_dqn: Graph-DQN train epoch 1965/2000 (98.2%)  loss=0.000000  eta=147.8s
2026-04-10 23:30:57 [INFO] src.graph_dqn: Graph-DQN train epoch 1966/2000 (98.3%)  loss=0.000000  eta=143.5s
2026-04-10 23:31:01 [INFO] src.graph_dqn: Graph-DQN train epoch 1967/2000 (98.4%)  loss=0.000000  eta=139.3s
2026-04-10 23:31:05 [INFO] src.graph_dqn: Graph-DQN train epoch 1968/2000 (98.4%)  loss=0.000000  eta=135.1s
2026-04-10 23:31:10 [INFO] src.graph_dqn: Graph-DQN train epoch 1969/2000 (98.5%)  loss=0.000000  eta=130.9s
2026-04-10 23:31:13 [INFO] src.graph_dqn: Graph-DQN train epoch 1970/2000 (98.5%)  loss=0.000000  eta=126.6s
2026-04-10 23:31:17 [INFO] src.graph_dqn: Graph-DQN train epoch 1971/2000 (98.6%)  loss=0.000000  eta=122.4s
2026-04-10 23:31:22 [INFO] src.graph_dqn: Graph-DQN train epoch 1972/2000 (98.6%)  loss=0.000000  eta=118.2s
2026-04-10 23:31:26 [INFO] src.graph_dqn: Graph-DQN train epoch 1973/2000 (98.7%)  loss=0.000000  eta=114.0s
2026-04-10 23:31:30 [INFO] src.graph_dqn: Graph-DQN train epoch 1974/2000 (98.7%)  loss=0.000000  eta=109.7s
2026-04-10 23:31:34 [INFO] src.graph_dqn: Graph-DQN train epoch 1975/2000 (98.8%)  loss=0.000000  eta=105.5s
2026-04-10 23:31:39 [INFO] src.graph_dqn: Graph-DQN train epoch 1976/2000 (98.8%)  loss=0.000000  eta=101.3s
2026-04-10 23:31:43 [INFO] src.graph_dqn: Graph-DQN train epoch 1977/2000 (98.9%)  loss=0.000000  eta=97.1s
2026-04-10 23:31:46 [INFO] src.graph_dqn: Graph-DQN train epoch 1978/2000 (98.9%)  loss=0.000000  eta=92.9s
2026-04-10 23:31:51 [INFO] src.graph_dqn: Graph-DQN train epoch 1979/2000 (99.0%)  loss=0.000000  eta=88.6s
2026-04-10 23:31:55 [INFO] src.graph_dqn: Graph-DQN train epoch 1980/2000 (99.0%)  loss=0.000000  eta=84.4s
2026-04-10 23:31:59 [INFO] src.graph_dqn: Graph-DQN train epoch 1981/2000 (99.1%)  loss=0.036640  eta=80.2s
2026-04-10 23:32:03 [INFO] src.graph_dqn: Graph-DQN train epoch 1982/2000 (99.1%)  loss=0.000000  eta=76.0s
2026-04-10 23:32:08 [INFO] src.graph_dqn: Graph-DQN train epoch 1983/2000 (99.2%)  loss=0.000000  eta=71.8s
2026-04-10 23:32:12 [INFO] src.graph_dqn: Graph-DQN train epoch 1984/2000 (99.2%)  loss=0.000000  eta=67.5s
2026-04-10 23:32:16 [INFO] src.graph_dqn: Graph-DQN train epoch 1985/2000 (99.2%)  loss=0.000000  eta=63.3s
2026-04-10 23:32:20 [INFO] src.graph_dqn: Graph-DQN train epoch 1986/2000 (99.3%)  loss=0.000000  eta=59.1s
2026-04-10 23:32:25 [INFO] src.graph_dqn: Graph-DQN train epoch 1987/2000 (99.4%)  loss=0.000000  eta=54.9s
2026-04-10 23:32:28 [INFO] src.graph_dqn: Graph-DQN train epoch 1988/2000 (99.4%)  loss=0.000000  eta=50.6s
2026-04-10 23:32:32 [INFO] src.graph_dqn: Graph-DQN train epoch 1989/2000 (99.5%)  loss=0.000000  eta=46.4s
2026-04-10 23:32:37 [INFO] src.graph_dqn: Graph-DQN train epoch 1990/2000 (99.5%)  loss=0.000000  eta=42.2s
2026-04-10 23:32:41 [INFO] src.graph_dqn: Graph-DQN train epoch 1991/2000 (99.6%)  loss=0.000000  eta=38.0s
2026-04-10 23:32:45 [INFO] src.graph_dqn: Graph-DQN train epoch 1992/2000 (99.6%)  loss=0.000000  eta=33.8s
2026-04-10 23:32:49 [INFO] src.graph_dqn: Graph-DQN train epoch 1993/2000 (99.7%)  loss=0.000000  eta=29.5s
2026-04-10 23:32:54 [INFO] src.graph_dqn: Graph-DQN train epoch 1994/2000 (99.7%)  loss=0.000000  eta=25.3s
2026-04-10 23:32:58 [INFO] src.graph_dqn: Graph-DQN train epoch 1995/2000 (99.8%)  loss=0.000000  eta=21.1s
2026-04-10 23:33:01 [INFO] src.graph_dqn: Graph-DQN train epoch 1996/2000 (99.8%)  loss=0.000000  eta=16.9s
2026-04-10 23:33:07 [INFO] src.graph_dqn: Graph-DQN train epoch 1997/2000 (99.9%)  loss=0.000000  eta=12.7s
2026-04-10 23:33:10 [INFO] src.graph_dqn: Graph-DQN train epoch 1998/2000 (99.9%)  loss=0.000000  eta=8.4s
2026-04-10 23:33:14 [INFO] src.graph_dqn: Graph-DQN train epoch 1999/2000 (100.0%)  loss=0.000000  eta=4.2s
2026-04-10 23:33:19 [INFO] src.graph_dqn: Graph-DQN train epoch 2000/2000 (100.0%)  loss=0.000000  eta=0.0s
2026-04-10 23:33:19 [INFO] __main__: Saved selector checkpoint: dqn_model_rlcg_epoch_3000.pt
2026-04-10 23:33:19 [INFO] __main__: Selector training finished: method=rlcg  samples=1305  elapsed=11938.5s
