epoch,loss,elapsed_seconds,eta_seconds,progress_percent,num_samples,method,candidate_source
1,8.480223003259388,4.331171751022339,4326.8405792713165,0.1,1305,rlcg,ga
2,2.3076465776800075,8.443984985351562,4213.54850769043,0.2,1305,rlcg,ga
3,2.9271880656061855,12.930102825164795,4297.104172229767,0.3,1305,rlcg,ga
4,0.2628570193395056,18.174098253250122,4525.35046505928,0.4,1305,rlcg,ga
5,0.31147628110871123,22.26809549331665,4431.351003170013,0.5,1305,rlcg,ga
6,0.09124736128227665,26.284451961517334,4354.457541624705,0.6,1305,rlcg,ga
7,0.10904993314365563,31.866016626358032,4520.422072853361,0.7000000000000001,1305,rlcg,ga
8,0.6838026192321992,35.85571551322937,4446.108723640442,0.8,1305,rlcg,ga
9,0.7139482601987212,39.814013957977295,4383.965314706167,0.8999999999999999,1305,rlcg,ga
10,0.3439767126460278,44.79280233383179,4434.487431049347,1.0,1305,rlcg,ga
11,0.3643575403248593,49.43529558181763,4444.682484583422,1.0999999999999999,1305,rlcg,ga
12,1.3248670713609656,53.65437722206116,4417.543724616368,1.2,1305,rlcg,ga
13,0.2470132452776598,58.230472803115845,4421.036665898103,1.3,1305,rlcg,ga
14,0.1087881810521256,63.33681392669678,4460.721323694502,1.4000000000000001,1305,rlcg,ga
15,0.04906205103353236,67.346431016922,4422.415636777878,1.5,1305,rlcg,ga
16,0.04730820026844783,71.29564476013184,4384.682152748108,1.6,1305,rlcg,ga
17,0.02361738193054411,76.82935571670532,4442.544509971843,1.7000000000000002,1305,rlcg,ga
18,0.031390629118278196,80.95622730255127,4416.61195617252,1.7999999999999998,1305,rlcg,ga
19,0.19512780471488617,84.95840620994568,4386.536657471406,1.9,1305,rlcg,ga
20,0.1426585884267713,90.05742073059082,4412.81361579895,2.0,1305,rlcg,ga
21,0.018465556061224485,94.55165600776672,4407.908153885886,2.1,1305,rlcg,ga
22,0.034510659074431675,98.55683302879333,4381.29921373454,2.1999999999999997,1305,rlcg,ga
23,0.020742707971699043,103.0143620967865,4375.870946459148,2.3,1305,rlcg,ga
24,0.02331055479654358,108.32223677635193,4405.104295571645,2.4,1305,rlcg,ga
25,0.19903390384567293,112.69482755661011,4395.098274707794,2.5,1305,rlcg,ga
26,0.06097611408470131,116.84795570373535,4377.304186747625,2.6,1305,rlcg,ga
27,0.025281005494326263,122.33563256263733,4408.613721609116,2.7,1305,rlcg,ga
28,0.02884935447601576,126.37708687782288,4387.090301615851,2.8000000000000003,1305,rlcg,ga
29,0.018035737159136048,130.37743043899536,4365.396032974638,2.9000000000000004,1305,rlcg,ga
30,0.016320816885109963,135.5236029624939,4381.929829120636,3.0,1305,rlcg,ga
31,0.008361682262127877,139.93078088760376,4373.965376777033,3.1,1305,rlcg,ga
32,0.022491158120481646,143.92418003082275,4353.706445932388,3.2,1305,rlcg,ga
33,0.001969937082151433,148.39052963256836,4348.292186505867,3.3000000000000003,1305,rlcg,ga
34,0.02142936279015945,153.40653276443481,4358.550313248354,3.4000000000000004,1305,rlcg,ga
35,0.011710202747036075,157.39181756973267,4339.5172558512,3.5000000000000004,1305,rlcg,ga
36,0.011741453857361996,161.3868911266327,4321.582306835387,3.5999999999999996,1305,rlcg,ga
37,0.0028340862112119125,166.80953931808472,4341.556388197719,3.6999999999999997,1305,rlcg,ga
38,0.01698450140370265,170.83794140815735,4324.89735880651,3.8,1305,rlcg,ga
39,0.011448635720575641,174.8840765953064,4309.323015592037,3.9,1305,rlcg,ga
40,0.008919500861980947,179.76140880584717,4314.273811340332,4.0,1305,rlcg,ga
41,0.008805030541662668,184.44281768798828,4314.162491775141,4.1000000000000005,1305,rlcg,ga
42,0.0048827279462201455,188.45334935188293,4298.531159026282,4.2,1305,rlcg,ga
43,0.00995990531296056,192.71571254730225,4289.045044366704,4.3,1305,rlcg,ga
44,0.0065486659754577245,198.07417345046997,4303.611586787484,4.3999999999999995,1305,rlcg,ga
45,0.0037934739213260535,202.151225566864,4290.098231474559,4.5,1305,rlcg,ga
46,0.009948277640152936,206.2315502166748,4277.063019711039,4.6,1305,rlcg,ga
47,0.005647923966687091,211.85283255577087,4295.654243098928,4.7,1305,rlcg,ga
48,0.007496844523807551,215.92568397521973,4282.526065508525,4.8,1305,rlcg,ga
49,0.005750117580478879,220.03405952453613,4270.456951180283,4.9,1305,rlcg,ga
50,0.004086121539556461,225.01141500473022,4275.216885089874,5.0,1305,rlcg,ga
51,1.1562221121085898,229.65386414527893,4273.3630798797985,5.1,1305,rlcg,ga
52,0.6026145361214774,233.7776882648468,4261.94708605913,5.2,1305,rlcg,ga
53,0.02561205636773966,238.3415412902832,4258.668671733928,5.3,1305,rlcg,ga
54,0.025575235249136585,243.65884041786194,4268.541908061063,5.4,1305,rlcg,ga
55,0.007646081257772572,247.80385375022888,4257.720759890296,5.5,1305,rlcg,ga
56,0.0032524897651586885,251.94297575950623,4247.038734231676,5.6000000000000005,1305,rlcg,ga
57,0.005769333020975135,257.67985105514526,4263.0192902631925,5.7,1305,rlcg,ga
58,0.011746807935387174,261.9594147205353,4254.582218392142,5.800000000000001,1305,rlcg,ga
59,0.009408587296487234,266.25927805900574,4246.609841585159,5.8999999999999995,1305,rlcg,ga
60,0.030075491467163144,271.90214228630066,4259.800229152044,6.0,1305,rlcg,ga
61,0.11404386575785697,276.2464213371277,4252.383436648573,6.1,1305,rlcg,ga
62,0.008502519076694737,280.5281193256378,4244.118966571747,6.2,1305,rlcg,ga
63,0.004615278009990225,285.92610812187195,4252.583544606254,6.3,1305,rlcg,ga
64,0.010554103501945617,290.5914750099182,4249.900322020054,6.4,1305,rlcg,ga
65,0.008426747374715582,294.9679093360901,4242.999926603758,6.5,1305,rlcg,ga
66,0.008174026925231854,300.32294607162476,4250.024721680265,6.6000000000000005,1305,rlcg,ga
67,0.005792002463642292,305.2909300327301,4251.290115231898,6.7,1305,rlcg,ga
68,0.00830971916414318,309.66592264175415,4244.244704442865,6.800000000000001,1305,rlcg,ga
69,0.0016998523065235723,314.9400279521942,4249.408203239026,6.9,1305,rlcg,ga
70,0.008149201791707814,320.0813663005829,4252.509580850601,7.000000000000001,1305,rlcg,ga
71,0.0016024167244949713,324.58163833618164,4246.990732595955,7.1,1305,rlcg,ga
72,0.015812580749218996,329.8996376991272,4252.039774788751,7.199999999999999,1305,rlcg,ga
73,0.002710014528270739,334.936785697937,4253.2383608491455,7.3,1305,rlcg,ga
74,0.06571011621049845,339.3742878437042,4246.7647370712175,7.3999999999999995,1305,rlcg,ga
75,0.023372120371506475,344.54647755622864,4249.40655652682,7.5,1305,rlcg,ga
76,0.030337054212971233,349.7114143371582,4251.754563783345,7.6,1305,rlcg,ga
77,0.010686550588402696,354.245796918869,4246.348968261248,7.7,1305,rlcg,ga
78,0.004016612196969404,359.4534258842468,4248.923829041994,7.8,1305,rlcg,ga
79,0.007841672582028692,364.7976961135864,4252.894659754596,7.9,1305,rlcg,ga
80,0.02825093373528963,369.34667897224426,4247.486808180809,8.0,1305,rlcg,ga
81,0.011102978894489045,374.67259407043457,4250.9149870460415,8.1,1305,rlcg,ga
82,0.006581291680026678,379.92777395248413,4253.337762053419,8.200000000000001,1305,rlcg,ga
83,0.005462785240796577,384.6701362133026,4249.909818163837,8.3,1305,rlcg,ga
84,0.0019078968704624396,390.1810326576233,4254.831260885511,8.4,1305,rlcg,ga
85,0.006085469715172668,395.2632782459259,4254.892936412026,8.5,1305,rlcg,ga
86,0.007075879338820262,399.7197127342224,4248.183923710225,8.6,1305,rlcg,ga
87,0.004307264587961018,405.07894921302795,4251.000926798788,8.7,1305,rlcg,ga
88,0.030632329243203863,410.1600561141968,4250.749672456222,8.799999999999999,1305,rlcg,ga
89,0.008699319583985739,414.7217674255371,4245.073372187239,8.9,1305,rlcg,ga
90,0.007160575016700806,420.1702284812927,4248.387865755293,9.0,1305,rlcg,ga
91,0.003942585209234374,425.3544280529022,4248.870056044924,9.1,1305,rlcg,ga
92,0.0042098116024357635,429.8738555908203,4242.668053005053,9.2,1305,rlcg,ga
93,0.0014364697501544751,435.34390664100647,4245.773369068741,9.3,1305,rlcg,ga
94,0.0024242509014987435,440.51576018333435,4245.822114107456,9.4,1305,rlcg,ga
95,1.3596665434562818,445.0919144153595,4240.086132062109,9.5,1305,rlcg,ga
96,0.010184853771247877,450.56070828437805,4242.780003011227,9.6,1305,rlcg,ga
97,0.009675742170320517,455.5096471309662,4240.466096487242,9.700000000000001,1305,rlcg,ga
98,0.007357640772716648,459.9448986053467,4233.370393285946,9.8,1305,rlcg,ga
99,0.0022461686082930715,465.2491717338562,4234.237411436408,9.9,1305,rlcg,ga
100,0.0020759495424301703,470.31491231918335,4232.83421087265,10.0,1305,rlcg,ga
101,0.006839284718257534,474.83476758003235,4226.4995648955355,10.100000000000001,1305,rlcg,ga
102,0.0029389781316479287,480.2146186828613,4227.77183899225,10.2,1305,rlcg,ga
103,0.001677186497816741,485.35037994384766,4226.78923116147,10.299999999999999,1305,rlcg,ga
104,0.009190118375688425,489.71452474594116,4219.07898242657,10.4,1305,rlcg,ga
105,0.0011899412805184025,494.9899821281433,4219.200323854174,10.5,1305,rlcg,ga
106,0.0050860362537579204,500.19420409202576,4218.619042059161,10.6,1305,rlcg,ga
107,0.004762579503509276,504.72491788864136,4212.330389481839,10.7,1305,rlcg,ga
108,0.003142556067666788,510.37170815467834,4215.292256240492,10.8,1305,rlcg,ga
109,0.010571000118245903,515.4611830711365,4213.540496480574,10.9,1305,rlcg,ga
110,0.0015049644279032308,519.9146299362183,4206.582005847584,11.0,1305,rlcg,ga
111,0.002150672699364365,525.1808805465698,4206.1784036567615,11.1,1305,rlcg,ga
112,0.003853251301063311,530.3819930553436,4205.171516367367,11.200000000000001,1305,rlcg,ga
113,0.0006046404675988039,534.9510617256165,4199.129130536476,11.3,1305,rlcg,ga
114,0.008555060618719022,540.3367955684662,4199.4596567865,11.4,1305,rlcg,ga
115,0.00685804485545746,545.5021221637726,4197.994592303815,11.5,1305,rlcg,ga
116,0.00042631155237309726,550.0487344264984,4191.750700284694,11.600000000000001,1305,rlcg,ga
117,0.012979632991244872,555.4188349246979,4191.750694346224,11.700000000000001,1305,rlcg,ga
118,0.0007612469689498104,560.5828216075897,4190.119056422832,11.799999999999999,1305,rlcg,ga
119,0.004078706386182185,565.1404340267181,4183.9388435087285,11.899999999999999,1305,rlcg,ga
120,0.005133260812355176,570.8200719356537,4186.013860861461,12.0,1305,rlcg,ga
121,0.002392247381969509,575.8570530414581,4183.292145648279,12.1,1305,rlcg,ga
122,0.0038163364131091173,580.308801651001,4176.3207200785155,12.2,1305,rlcg,ga
123,0.00617320866729623,585.7170534133911,4176.210210110114,12.3,1305,rlcg,ga
124,0.0014448073852577998,590.7773110866547,4173.55584283798,12.4,1305,rlcg,ga
125,0.004745178809792194,595.5934407711029,4169.15408539772,12.5,1305,rlcg,ga
126,0.001544507644504668,601.4036874771118,4171.641451230124,12.6,1305,rlcg,ga
127,0.006909538777701451,606.3323669433594,4167.938238909864,12.7,1305,rlcg,ga
128,0.0026494598258452783,610.76282787323,4160.821764886379,12.8,1305,rlcg,ga
129,0.00553915016151499,616.2677474021912,4161.001612304717,12.9,1305,rlcg,ga
130,0.0016685714117633589,621.3344519138336,4158.161332038732,13.0,1305,rlcg,ga
131,0.004224548785150909,625.8450677394867,4151.598197447434,13.100000000000001,1305,rlcg,ga
132,0.006146137575883249,631.7332336902618,4154.12459729657,13.200000000000001,1305,rlcg,ga
133,0.001576697999920512,636.6688861846924,4150.31522046713,13.3,1305,rlcg,ga
134,0.006079948742081949,641.105206489563,4143.2620061191155,13.4,1305,rlcg,ga
135,0.004458666853200838,646.7495143413544,4143.987628927937,13.5,1305,rlcg,ga
136,0.0010248093752552238,651.6538977622986,4139.918879901661,13.600000000000001,1305,rlcg,ga
137,0.005779028127767985,656.2637846469879,4133.982818615697,13.700000000000001,1305,rlcg,ga
138,0.0015522326528823692,661.9721500873566,4134.927488226821,13.8,1305,rlcg,ga
139,0.004256575257585447,666.8954119682312,4130.913307227676,13.900000000000002,1305,rlcg,ga
140,0.003017454885183714,671.4258222579956,4124.472908156258,14.000000000000002,1305,rlcg,ga
141,0.019091622221727236,677.2812652587891,4126.131963526949,14.099999999999998,1305,rlcg,ga
142,0.0039737977473171164,682.1323828697205,4121.616792269157,14.2,1305,rlcg,ga
143,0.001116079082085596,686.8551325798035,4116.3276127335075,14.299999999999999,1305,rlcg,ga
144,0.002222375246161133,692.9675769805908,4119.307263162402,14.399999999999999,1305,rlcg,ga
145,0.006754037365810423,697.5427651405334,4113.096994449353,14.499999999999998,1305,rlcg,ga
146,0.0008998458981355536,702.1059460639954,4106.838889990768,14.6,1305,rlcg,ga
147,0.0023320834553792946,708.2514734268188,4109.785760769228,14.7,1305,rlcg,ga
148,0.0014857462141425117,712.7831594944,4103.319269521817,14.799999999999999,1305,rlcg,ga
149,0.6499282224100911,717.3421010971069,4097.034416333141,14.899999999999999,1305,rlcg,ga
150,0.0003172731139259352,723.3587002754211,4099.032634894053,15.0,1305,rlcg,ga
151,0.0011221761772243954,727.8722097873688,4092.473550393882,15.1,1305,rlcg,ga
152,0.006017247183361525,732.3250472545624,4085.602895209664,15.2,1305,rlcg,ga
153,0.0008331015162856044,738.4058604240417,4087.776233850741,15.299999999999999,1305,rlcg,ga
154,0.0031266347701996737,742.9239053726196,4081.2572983456894,15.4,1305,rlcg,ga
155,0.0003918963572284094,747.4868462085724,4075.008935782217,15.5,1305,rlcg,ga
156,0.005889062256191922,753.8002772331238,4078.252781953567,15.6,1305,rlcg,ga
157,0.0022151957853914685,758.2705683708191,4071.4782747554173,15.7,1305,rlcg,ga
158,0.0016333648511089173,762.7330436706543,4064.691283358803,15.8,1305,rlcg,ga
159,0.007098759506800123,768.7512385845184,4066.162211632579,15.9,1305,rlcg,ga
160,0.003157257838272443,773.2162363529205,4059.385240852833,16.0,1305,rlcg,ga
161,0.0019718117047366436,777.7897841930389,4053.2026642109295,16.1,1305,rlcg,ga
162,0.0062031027121567245,783.8374707698822,4054.6654352170444,16.2,1305,rlcg,ga
163,0.0014866580886103986,788.3685593605042,4048.2483692315454,16.3,1305,rlcg,ga
164,0.006218632378045845,792.8914353847504,4041.812438912508,16.400000000000002,1305,rlcg,ga
165,0.13731147216457856,799.2800347805023,4044.841388131633,16.5,1305,rlcg,ga
166,0.029968386914662155,803.9628686904907,4039.1869426980074,16.6,1305,rlcg,ga
167,0.0026423866262504864,808.8380553722382,4034.5035935633196,16.7,1305,rlcg,ga
168,0.007557748023733717,814.7323431968689,4034.864937736874,16.8,1305,rlcg,ga
169,0.0011035901463801632,819.2760231494904,4028.511096078263,16.900000000000002,1305,rlcg,ga
170,0.004585032890916268,823.9555060863495,4022.841588539235,17.0,1305,rlcg,ga
171,0.002174251455011582,829.8519225120544,4023.0832968566847,17.1,1305,rlcg,ga
172,0.0016423622862310155,834.3186807632446,4016.371323674224,17.2,1305,rlcg,ga
173,0.002481248594859308,839.2353587150574,4011.836078944234,17.299999999999997,1305,rlcg,ga
174,0.0059921789712503734,845.2293169498444,4012.4104356354683,17.4,1305,rlcg,ga
175,0.003504391554657929,849.8004353046417,4006.2020521504537,17.5,1305,rlcg,ga
176,0.003497968012826094,854.6892499923706,4001.499670418826,17.599999999999998,1305,rlcg,ga
177,0.0013564561168309714,860.4512891769409,4000.8554293368497,17.7,1305,rlcg,ga
178,0.0014769482534719722,865.0232331752777,3994.6578520790918,17.8,1305,rlcg,ga
179,0.002341762800045921,870.2251927852631,3991.36806299833,17.9,1305,rlcg,ga
180,0.0005339119368798551,875.716721534729,3989.376175880432,18.0,1305,rlcg,ga
181,0.0014938367095453215,880.2600536346436,3983.0551598164257,18.099999999999998,1305,rlcg,ga
182,0.002404222229581865,885.3409044742584,3979.1695596700183,18.2,1305,rlcg,ga
183,0.010782808260139363,890.8880698680878,3977.352749083211,18.3,1305,rlcg,ga
184,0.0007182756209905123,895.539547920227,3971.52321251579,18.4,1305,rlcg,ga
185,0.00027248950764764554,900.7968077659607,3968.375126104097,18.5,1305,rlcg,ga
186,0.00017325663021051436,906.1978347301483,3965.833534786778,18.6,1305,rlcg,ga
187,0.0001350821066433021,910.6446487903595,3959.112831371991,18.7,1305,rlcg,ga
188,0.00017376164574266074,915.9562592506409,3956.1515027208534,18.8,1305,rlcg,ga
189,0.010428441946003666,921.3514175415039,3953.5238075458183,18.9,1305,rlcg,ga
190,0.01101124829601808,926.0479943752289,3947.8888181259754,19.0,1305,rlcg,ga
191,0.0006104600493305998,931.5488755702972,3945.670368253249,19.1,1305,rlcg,ga
192,0.00028044666952622185,936.7738542556763,3942.2566366593046,19.2,1305,rlcg,ga
193,0.00018037803725533816,941.2771472930908,3935.80651743795,19.3,1305,rlcg,ga
194,0.00013968394673994096,946.7690005302429,3933.4835795225554,19.400000000000002,1305,rlcg,ga
195,9.300662554943114e-05,951.8581507205963,3929.4656991286156,19.5,1305,rlcg,ga
196,5.5777626459587714e-05,956.488630771637,3923.555403777531,19.6,1305,rlcg,ga
197,3.946005539358433e-05,962.1997966766357,3922.063130615931,19.7,1305,rlcg,ga
198,0.0069728877737946894,967.2180676460266,3917.721667939966,19.8,1305,rlcg,ga
199,1.4532743475648827e-05,971.7559719085693,3911.43986682796,19.900000000000002,1305,rlcg,ga
200,1.422657647600523e-05,977.405219078064,3909.620876312256,20.0,1305,rlcg,ga
201,1.3441533154374745e-05,982.3693470954895,3905.040339946747,20.1,1305,rlcg,ga
202,1.262734638312151e-05,986.9597091674805,3898.979445126977,20.200000000000003,1305,rlcg,ga
203,1.1120675938105711e-05,992.6455955505371,3897.234185486591,20.3,1305,rlcg,ga
204,9.015994996700059e-06,997.6437017917633,3892.7666011090378,20.4,1305,rlcg,ga
205,6.5238281711579165e-06,1002.220047712326,3886.6582338112157,20.5,1305,rlcg,ga
206,3.857771826641723e-06,1008.0970420837402,3885.577919487814,20.599999999999998,1305,rlcg,ga
207,2.160645039864527e-06,1012.8926763534546,3880.3086586873887,20.7,1305,rlcg,ga
208,1.7979949484383009e-06,1017.4965016841888,3874.313602566719,20.8,1305,rlcg,ga
209,7.276988402722667e-07,1023.524843454361,3873.7232113511936,20.9,1305,rlcg,ga
210,0.005496551293163414,1028.1485409736633,3867.796892234257,21.0,1305,rlcg,ga
211,0.00841779330802432,1032.6414597034454,3861.3938943413195,21.099999999999998,1305,rlcg,ga
212,8.237912137563562e-07,1038.8205971717834,3861.2765592988935,21.2,1305,rlcg,ga
213,8.20597419616856e-07,1043.4408690929413,3855.342553878614,21.3,1305,rlcg,ga
214,8.197761786569028e-07,1048.0428814888,3849.353760982228,21.4,1305,rlcg,ga
215,8.165823845174025e-07,1054.2028377056122,3849.0661748786306,21.5,1305,rlcg,ga
216,8.047197078268094e-07,1058.7754697799683,3842.9628162384033,21.6,1305,rlcg,ga
217,7.746971330026462e-07,1063.3611340522766,3836.9205896909334,21.7,1305,rlcg,ga
218,7.235008859203141e-07,1069.500940322876,3836.466675837106,21.8,1305,rlcg,ga
219,6.639044482075391e-07,1074.0719771385193,3830.3662746355412,21.9,1305,rlcg,ga
220,6.092323786025988e-07,1078.7682020664215,3824.7236255082216,22.0,1305,rlcg,ga
221,5.085488702830684e-07,1084.9283566474915,3824.249727730298,22.1,1305,rlcg,ga
222,3.7690098272543756e-07,1089.6747205257416,3818.7699665271484,22.2,1305,rlcg,ga
223,1.8514025959960574e-07,1094.42125082016,3813.2973627231577,22.3,1305,rlcg,ga
224,9.773624927105232e-08,1100.4007105827332,3812.1024616616114,22.400000000000002,1305,rlcg,ga
225,6.887338403433962e-08,1104.966959476471,3805.9973048634,22.5,1305,rlcg,ga
226,6.841668248947324e-08,1110.106642961502,3801.86965332833,22.6,1305,rlcg,ga
227,1.3976134692133187e-08,1116.0001766681671,3800.3001610770625,22.7,1305,rlcg,ga
228,2.8317863255662492e-09,1120.522959470749,3794.051424172886,22.8,1305,rlcg,ga
229,6.668383094582036e-09,1125.6509277820587,3789.8553070740927,22.900000000000002,1305,rlcg,ga
230,0.019977288957727827,1131.4348270893097,3787.847029820732,23.0,1305,rlcg,ga
231,0.005118210006650659,1136.2924091815948,3782.722349180287,23.1,1305,rlcg,ga
232,1.0796586654623578e-07,1141.9050993919373,3780.0996393664127,23.200000000000003,1305,rlcg,ga
233,1.0778319261882497e-07,1147.2799398899078,3776.668299980941,23.3,1305,rlcg,ga
234,1.0778319261882497e-07,1151.8667674064636,3770.6407856126116,23.400000000000002,1305,rlcg,ga
235,1.0760051869141416e-07,1157.638415813446,3768.482502541644,23.5,1305,rlcg,ga
236,1.0714384502378003e-07,1162.6679220199585,3763.891069590036,23.599999999999998,1305,rlcg,ga
237,1.065044974287351e-07,1167.314445257187,3758.0629608912814,23.7,1305,rlcg,ga
238,1.0586514983369017e-07,1173.178956747055,3756.1443909296468,23.799999999999997,1305,rlcg,ga
239,1.046777916073057e-07,1178.1833174228668,3751.4539939698816,23.9,1305,rlcg,ga
240,9.855828194440096e-08,1182.7258083820343,3745.298393209776,24.0,1305,rlcg,ga
241,8.796318300368115e-08,1188.66987991333,3743.570285702148,24.099999999999998,1305,rlcg,ga
242,7.599786234398684e-08,1193.3913569450378,3737.977886629499,24.2,1305,rlcg,ga
243,6.174883881933502e-08,1197.9885122776031,3732.0053654080066,24.3,1305,rlcg,ga
244,5.654239771937616e-08,1204.0686359405518,3730.6388884059716,24.4,1305,rlcg,ga
245,6.001335845268207e-08,1208.6181228160858,3724.517072351611,24.5,1305,rlcg,ga
246,1.808671342963674e-08,1213.0844349861145,3718.1531056078466,24.6,1305,rlcg,ga
247,4.293349189830987e-09,1219.2520487308502,3716.9910635397982,24.7,1305,rlcg,ga
248,1.525498320700037e-08,1223.7663435935974,3710.7753644451022,24.8,1305,rlcg,ga
249,8.495327266347078e-09,1228.4346046447754,3705.037703165567,24.9,1305,rlcg,ga
250,8.221325958029445e-10,1234.5323984622955,3703.5971953868866,25.0,1305,rlcg,ga
251,9.134810915352789e-11,1239.2349133491516,3697.955976488106,25.1,1305,rlcg,ga
252,1.096176591132441e-09,1243.729905128479,3691.7062263337393,25.2,1305,rlcg,ga
253,0.02441236242023015,1249.8171730041504,3690.1716530992107,25.3,1305,rlcg,ga
254,5.8369220625180965e-08,1254.3702292442322,3684.095240221249,25.4,1305,rlcg,ga
255,5.8277883661475564e-08,1258.9596540927887,3678.13702862403,25.5,1305,rlcg,ga
256,5.8369220625180965e-08,1265.0338282585144,3676.5045633763075,25.6,1305,rlcg,ga
257,5.8186541122323707e-08,1269.5532240867615,3670.342589480404,25.7,1305,rlcg,ga
258,5.8277883661475564e-08,1274.0648891925812,3664.1711154298264,25.8,1305,rlcg,ga
259,5.8277883661475564e-08,1280.2285978794098,3662.7389615005504,25.900000000000002,1305,rlcg,ga
260,5.8003856044020006e-08,1284.8068878650665,3656.7580654621124,26.0,1305,rlcg,ga
261,5.8734585206341924e-08,1289.4920253753662,3651.0904473271858,26.1,1305,rlcg,ga
262,5.8277883661475564e-08,1295.4750502109528,3649.0862101361954,26.200000000000003,1305,rlcg,ga
263,6.101810965701309e-08,1299.9579811096191,3642.848030714027,26.3,1305,rlcg,ga
264,6.613318034058786e-08,1304.497773885727,3636.7816726511173,26.400000000000002,1305,rlcg,ga
265,6.09267726933077e-08,1310.5485455989838,3634.917664208502,26.5,1305,rlcg,ga
266,6.485441824514063e-08,1315.1412365436554,3628.998750462568,26.6,1305,rlcg,ga
267,6.576782133487335e-08,1320.0947620868683,3624.08037681526,26.700000000000003,1305,rlcg,ga
268,3.854793423280063e-08,1325.9707000255585,3621.68116574145,26.8,1305,rlcg,ga
269,9.956879676649724e-09,1330.486570596695,3615.5601602460365,26.900000000000002,1305,rlcg,ga
270,5.115477342700043e-09,1335.2525353431702,3610.1272251870896,27.0,1305,rlcg,ga
271,1.2514589948069404e-08,1341.0052325725555,3607.3535592080916,27.1,1305,rlcg,ga
272,2.9231340916991463e-09,1345.5287449359894,3601.268111446324,27.200000000000003,1305,rlcg,ga
273,2.05530498000183e-08,1350.5490894317627,3596.5171722230452,27.3,1305,rlcg,ga
274,0.040720808551337556,1356.2235660552979,3593.497477942139,27.400000000000002,1305,rlcg,ga
275,0.010423694596308286,1360.7063381671906,3587.316709713502,27.500000000000004,1305,rlcg,ga
276,1.5068299697276733e-05,1365.556263923645,3582.1113589881115,27.6,1305,rlcg,ga
277,8.975598475828024e-06,1371.2467777729034,3579.1026004686246,27.700000000000003,1305,rlcg,ga
278,5.700908533486599e-06,1375.8634297847748,3573.2855982180117,27.800000000000004,1305,rlcg,ga
279,3.0145794866870647e-06,1381.0654482841492,3568.9899219099334,27.900000000000002,1305,rlcg,ga
280,2.249784524984287e-06,1386.7292177677155,3565.8751314026968,28.000000000000004,1305,rlcg,ga
281,1.7967182604089323e-06,1391.2122774124146,3559.721094162014,28.1,1305,rlcg,ga
282,1.391896177832594e-06,1396.3297159671783,3555.19409951927,28.199999999999996,1305,rlcg,ga
283,1.1644140711068478e-06,1401.8344531059265,3551.644179777207,28.299999999999997,1305,rlcg,ga
284,9.42662759493123e-07,1406.3586733341217,3545.6084862930675,28.4,1305,rlcg,ga
285,6.36902972250745e-07,1411.7713389396667,3541.8123064626734,28.499999999999996,1305,rlcg,ga
286,4.5459656799003577e-07,1417.0918135643005,3537.7746674297578,28.599999999999998,1305,rlcg,ga
287,3.619275186193587e-07,1421.55713057518,3531.603603136249,28.7,1305,rlcg,ga
288,1.9135041487085635e-07,1426.706528186798,3527.135583572918,28.799999999999997,1305,rlcg,ga
289,2.0532304121331237e-07,1432.043262720108,3523.123736311408,28.9,1305,rlcg,ga
290,6.12007947353168e-08,1436.5507471561432,3517.072518899523,28.999999999999996,1305,rlcg,ga
291,2.4206868450467785e-08,1441.734227180481,3512.678924642478,29.099999999999998,1305,rlcg,ga
292,4.311509743079515e-08,1447.228837966919,3509.0343057554064,29.2,1305,rlcg,ga
293,3.014457813719238e-08,1451.653793334961,3502.7960132690014,29.299999999999997,1305,rlcg,ga
294,0.02478444911682286,1456.8660361766815,3498.4606174855007,29.4,1305,rlcg,ga
295,0.001517177247205488,1462.2058157920837,3494.424068248878,29.5,1305,rlcg,ga
296,1.930674516606605e-06,1466.7046344280243,3488.378589990977,29.599999999999998,1305,rlcg,ga
297,1.9250252066444163e-06,1471.9731285572052,3484.165351433385,29.7,1305,rlcg,ga
298,1.91755339474742e-06,1477.3542265892029,3480.210292166512,29.799999999999997,1305,rlcg,ga
299,1.8878477729029126e-06,1481.8747713565826,3474.2281428794795,29.9,1305,rlcg,ga
300,1.8495750538576607e-06,1487.1425287723541,3469.9992338021602,30.0,1305,rlcg,ga
301,1.8405533570553607e-06,1492.4433596134186,3465.8402271421246,30.099999999999998,1305,rlcg,ga
302,1.5609187584216016e-06,1497.0516123771667,3460.0729319180873,30.2,1305,rlcg,ga
303,1.3589678810305426e-06,1502.5142750740051,3456.2787119689165,30.3,1305,rlcg,ga
304,1.091198278462209e-06,1507.7191083431244,3451.8832217329427,30.4,1305,rlcg,ga
305,8.592886069368694e-07,1512.254273891449,3445.956460178875,30.5,1305,rlcg,ga
306,4.102340067551254e-07,1517.763248205185,3442.247366844439,30.599999999999998,1305,rlcg,ga
307,1.6303903376862006e-07,1522.9006407260895,3437.6877655478174,30.7,1305,rlcg,ga
308,1.1764733937936495e-07,1527.4789946079254,3431.8683904827412,30.8,1305,rlcg,ga
309,2.6212424000589556e-07,1533.0899677276611,3428.3662385107245,30.9,1305,rlcg,ga
310,0.006268385443140635,1538.2526450157166,3423.852661486595,31.0,1305,rlcg,ga
311,7.602125825538832e-06,1542.8107721805573,3417.9955692360254,31.1,1305,rlcg,ga
312,5.092568672351339e-06,1548.5093355178833,3414.6616116548194,31.2,1305,rlcg,ga
313,3.099527300988463e-06,1553.4426259994507,3409.6328564269097,31.3,1305,rlcg,ga
314,1.9533029789554663e-06,1557.9555430412292,3403.686313777972,31.4,1305,rlcg,ga
315,1.2524904133716305e-06,1563.6393756866455,3400.295150302705,31.5,1305,rlcg,ga
316,8.477448928259113e-07,1568.5498597621918,3395.215519232086,31.6,1305,rlcg,ga
317,6.10424353298642e-07,1573.0325028896332,3389.2151402953295,31.7,1305,rlcg,ga
318,4.6486474557554925e-07,1578.8448522090912,3386.076066687422,31.8,1305,rlcg,ga
319,3.743652250774747e-07,1583.6235752105713,3380.713651154856,31.900000000000002,1305,rlcg,ga
320,2.819436683807472e-07,1588.1103546619415,3374.7345036566257,32.0,1305,rlcg,ga
321,1.7756098898703507e-07,1593.9001672267914,3371.5209144766086,32.1,1305,rlcg,ga
322,2.953642181975417e-07,1598.7320022583008,3366.27421593518,32.2,1305,rlcg,ga
323,9.426546694658797e-08,1603.3645491600037,3360.612383223908,32.300000000000004,1305,rlcg,ga
324,3.6903749014004724e-08,1609.320419549942,3357.7179123943233,32.4,1305,rlcg,ga
325,2.6216460066273008e-08,1613.995775461197,3352.145072111716,32.5,1305,rlcg,ga
326,1.5198818668437643e-07,1618.6512968540192,3346.536730305548,32.6,1305,rlcg,ga
327,2.9778905512615182e-08,1624.8647623062134,3344.140627009424,32.7,1305,rlcg,ga
328,7.325768652746733e-08,1629.43971991539,3338.364304216896,32.800000000000004,1305,rlcg,ga
329,0.021725361830987014,1634.0540249347687,3332.6755341374765,32.9,1305,rlcg,ga
330,0.09265445530186106,1640.3064749240875,3330.319206664056,33.0,1305,rlcg,ga
331,2.218251361001383e-06,1645.096082687378,3324.982716972374,33.1,1305,rlcg,ga
332,2.015668607113519e-06,1649.734802722931,3319.345928370234,33.2,1305,rlcg,ga
333,1.7368116048503654e-06,1655.8865666389465,3316.7457656101415,33.300000000000004,1305,rlcg,ga
334,1.3252292488526795e-06,1660.4840941429138,3311.025169758025,33.4,1305,rlcg,ga
335,1.0063379986918177e-06,1665.0222749710083,3305.193471211106,33.5,1305,rlcg,ga
336,7.216460240997688e-07,1671.219650030136,3302.648356011935,33.6,1305,rlcg,ga
337,4.839772087347006e-07,1675.999434709549,3297.292656416709,33.7,1305,rlcg,ga
338,3.4954630363004644e-07,1680.8492770195007,3292.0775780677795,33.800000000000004,1305,rlcg,ga
339,2.606750058475882e-07,1686.8253269195557,3289.0605931971277,33.900000000000006,1305,rlcg,ga
340,2.335489172688275e-07,1691.429933309555,3283.363988189136,34.0,1305,rlcg,ga
341,1.9491516715816624e-07,1696.530080795288,3278.6314464636207,34.1,1305,rlcg,ga
342,1.4988825367052212e-07,1702.201865196228,3274.996571050053,34.2,1305,rlcg,ga
343,1.3920193724617193e-07,1706.8486251831055,3269.386433659767,34.300000000000004,1305,rlcg,ga
344,1.4897440123465223e-07,1712.2979593276978,3265.3123875551446,34.4,1305,rlcg,ga
345,3.124382061405657e-07,1717.7998373508453,3261.3301259849386,34.5,1305,rlcg,ga
346,7.28009905580474e-08,1722.4819827079773,3255.789643615657,34.599999999999994,1305,rlcg,ga
347,2.3932832469842558e-08,1727.9029521942139,3251.644460469227,34.699999999999996,1305,rlcg,ga
348,2.9048148473061023e-08,1733.1115021705627,3247.093963836802,34.8,1305,rlcg,ga
349,5.389519944167928e-09,1737.601905822754,3241.2001165920137,34.9,1305,rlcg,ga
350,1.004828563650492e-09,1742.9786117076874,3236.9602788857055,35.0,1305,rlcg,ga
351,1.0961766728040197e-09,1748.2708103656769,3232.557709194656,35.099999999999994,1305,rlcg,ga
352,1.311658860306466e-07,1752.7688202857971,3226.688055526127,35.199999999999996,1305,rlcg,ga
353,0.0005402086333050807,1758.498986005783,3223.0845437556427,35.3,1305,rlcg,ga
354,0.011434415381927944,1763.5828309059143,3218.289572783109,35.4,1305,rlcg,ga
355,0.025157464069842407,1768.129930973053,3212.5177619087863,35.5,1305,rlcg,ga
356,5.090966021420855e-07,1773.7543647289276,3208.7017159703073,35.6,1305,rlcg,ga
357,5.105571906970835e-07,1778.8423199653625,3203.90927657627,35.699999999999996,1305,rlcg,ga
358,5.090966021420855e-07,1783.3051490783691,3197.9941500232208,35.8,1305,rlcg,ga
359,5.060840769174912e-07,1788.8087604045868,3193.94544685053,35.9,1305,rlcg,ga
360,5.02158694996916e-07,1793.7767522335052,3188.936448415121,36.0,1305,rlcg,ga
361,4.958597786182188e-07,1798.2966780662537,3183.134563114505,36.1,1305,rlcg,ga
362,4.810708400104695e-07,1803.9159009456635,3179.2771955893186,36.199999999999996,1305,rlcg,ga
363,4.65825116226157e-07,1809.0067222118378,3174.4828706582384,36.3,1305,rlcg,ga
364,4.1186929077366757e-07,1813.5327265262604,3168.700038655774,36.4,1305,rlcg,ga
365,3.6384449144147367e-07,1819.306866645813,3165.095507726278,36.5,1305,rlcg,ga
366,2.7682613474370417e-07,1824.2395281791687,3160.0214777748442,36.6,1305,rlcg,ga
367,1.8952389861460618e-07,1828.8429143428802,3154.38028550148,36.7,1305,rlcg,ga
368,1.260500278152611e-07,1834.6615045070648,3150.8317142621336,36.8,1305,rlcg,ga
369,5.4532884159821206e-08,1839.4715476036072,3145.5461965796103,36.9,1305,rlcg,ga
370,3.26105827685103e-08,1844.0578055381775,3139.8822094298703,37.0,1305,rlcg,ga
371,2.155785118336736e-08,1850.1117486953735,3136.712371777331,37.1,1305,rlcg,ga
372,9.774186235176349e-09,1854.760903120041,3131.155503116628,37.2,1305,rlcg,ga
373,2.2836993803034653e-09,1859.2603528499603,3125.3518531821046,37.3,1305,rlcg,ga
374,2.7404430023672404e-10,1865.3637409210205,3122.239844429302,37.4,1305,rlcg,ga
375,0.0,1870.0613329410553,3116.768888235092,37.5,1305,rlcg,ga
376,3.653923712768485e-10,1874.7078278064728,3111.2172461469127,37.6,1305,rlcg,ga
377,5.480885133570973e-10,1880.9454686641693,3108.299806307102,37.7,1305,rlcg,ga
378,0.0,1885.4889378547668,3102.5770353059916,37.8,1305,rlcg,ga
379,8.221325958029445e-10,1890.101627111435,3096.9739061641185,37.9,1305,rlcg,ga
380,0.1704262562637704,1896.3378534317017,3094.024918756987,38.0,1305,rlcg,ga
381,2.274534322046657e-08,1900.889775276184,3088.322233322724,38.1,1305,rlcg,ga
382,2.2653997893591494e-08,1905.5563583374023,3082.8110718652215,38.2,1305,rlcg,ga
383,2.2653997893591494e-08,1911.7089040279388,3079.698156097228,38.3,1305,rlcg,ga
384,2.274534322046657e-08,1916.3450877666473,3074.1369116256637,38.4,1305,rlcg,ga
385,2.274534322046657e-08,1920.8773691654205,3068.41449879671,38.5,1305,rlcg,ga
386,2.274534322046657e-08,1927.037509918213,3065.287645310318,38.6,1305,rlcg,ga
387,2.2653997893591494e-08,1931.594318151474,3059.6054703536265,38.7,1305,rlcg,ga
388,2.2653997893591494e-08,1936.447014093399,3054.395805734949,38.800000000000004,1305,rlcg,ga
389,2.274534322046657e-08,1942.5462646484375,3051.1459323912477,38.9,1305,rlcg,ga
390,2.2653997893591494e-08,1947.133377790451,3045.516308851731,39.0,1305,rlcg,ga
391,2.2653997893591494e-08,1952.1281161308289,3040.5269123367643,39.1,1305,rlcg,ga
392,2.2836688547341647e-08,1957.976880311966,3036.862100075702,39.2,1305,rlcg,ga
393,2.2379961912966267e-08,1962.50639128685,3031.1485483743454,39.300000000000004,1305,rlcg,ga
394,2.3019379201091797e-08,1967.4214787483215,3026.0340510697533,39.4,1305,rlcg,ga
395,2.3293415181717024e-08,1973.0797486305237,3022.058855497384,39.5,1305,rlcg,ga
396,1.9274209648320786e-08,1977.6761572360992,3016.4555529560703,39.6,1305,rlcg,ga
397,1.2879975437154543e-08,1982.6345479488373,3011.407134541936,39.7,1305,rlcg,ga
398,2.073574184763006e-08,1988.2091903686523,3007.291287944544,39.800000000000004,1305,rlcg,ga
399,5.572214779502915e-09,1992.6961903572083,3001.5298506383006,39.900000000000006,1305,rlcg,ga
400,2.0096559076720735e-09,1997.7656552791595,2996.6484829187393,40.0,1305,rlcg,ga
401,1.8269620741751193e-10,2003.3612487316132,2992.5520897512124,40.1,1305,rlcg,ga
402,9.134810915352789e-11,2008.0450859069824,2987.0919437123766,40.2,1305,rlcg,ga
403,1.5529163800767833e-09,2013.2677307128906,2982.433834331503,40.300000000000004,1305,rlcg,ga
404,9.134810915352789e-11,2018.7014682292938,2978.0843442194528,40.400000000000006,1305,rlcg,ga
405,0.02916073534097624,2023.1937246322632,2972.3463361881395,40.5,1305,rlcg,ga
406,1.096176939597844e-09,2028.3623147010803,2967.603977666112,40.6,1305,rlcg,ga
407,1.0048288685577195e-09,2033.7136161327362,2963.1257355447487,40.699999999999996,1305,rlcg,ga
408,1.096176939597844e-09,2038.2778761386871,2957.50123204437,40.8,1305,rlcg,ga
409,1.096176939597844e-09,2043.4971129894257,2952.828346642422,40.9,1305,rlcg,ga
410,1.096176939597844e-09,2048.8496112823486,2948.3445625770382,41.0,1305,rlcg,ga
411,1.096176939597844e-09,2053.279625892639,2942.5345490286245,41.099999999999994,1305,rlcg,ga
412,1.096176939597844e-09,2058.5156211853027,2937.881517613976,41.199999999999996,1305,rlcg,ga
413,1.0961768960396686e-09,2063.8431022167206,2933.355692496889,41.3,1305,rlcg,ga
414,8.221328135938215e-10,2068.372504234314,2927.696346573208,41.4,1305,rlcg,ga
415,1.187524967079793e-09,2073.5581986904144,2922.967581286488,41.5,1305,rlcg,ga
416,1.0048287324384216e-09,2079.0776472091675,2918.705158582101,41.6,1305,rlcg,ga
417,6.394366225106253e-10,2083.5442531108856,2912.964747155027,41.699999999999996,1305,rlcg,ga
418,5.480885786943604e-10,2088.677230119705,2908.158248635571,41.8,1305,rlcg,ga
419,9.134810915352789e-11,2093.9867885112762,2903.5950456445144,41.9,1305,rlcg,ga
420,8.221325958029445e-10,2098.6358366012573,2898.1161553064985,42.0,1305,rlcg,ga
421,1.8269621830705578e-10,2103.842354297638,2893.4078934402196,42.1,1305,rlcg,ga
422,0.0,2109.261700630188,2888.9887747967978,42.199999999999996,1305,rlcg,ga
423,9.134810915352789e-11,2113.7378058433533,2883.278283620839,42.3,1305,rlcg,ga
424,9.134810915352789e-11,2119.029305934906,2878.681321270061,42.4,1305,rlcg,ga
425,6.028951867840385e-09,2124.3225948810577,2874.0835107214316,42.5,1305,rlcg,ga
426,0.07420740094628195,2128.8367264270782,2868.4325844346076,42.6,1305,rlcg,ga
427,0.007944409123114334,2134.157562017441,2863.8695153067765,42.699999999999996,1305,rlcg,ga
428,1.0120811531747517e-07,2139.4041152000427,2859.2036305944494,42.8,1305,rlcg,ga
429,1.0120811531747517e-07,2143.824741601944,2853.435728332657,42.9,1305,rlcg,ga
430,1.0084276746265355e-07,2149.1142480373383,2848.8258636774017,43.0,1305,rlcg,ga
431,1.0102544139006435e-07,2154.3647170066833,2844.1613085308654,43.1,1305,rlcg,ga
432,1.0075142074191686e-07,2158.8544232845306,2838.493778762994,43.2,1305,rlcg,ga
433,1.0056872660351267e-07,2164.153573989868,2833.891631529458,43.3,1305,rlcg,ga
434,9.99293622821284e-08,2169.4589438438416,2829.2943829852866,43.4,1305,rlcg,ga
435,9.746316738870044e-08,2173.941956758499,2823.625759927706,43.5,1305,rlcg,ga
436,9.444897928720312e-08,2179.2711429595947,2819.05716658076,43.6,1305,rlcg,ga
437,8.969921185487839e-08,2184.5192534923553,2814.380640082829,43.7,1305,rlcg,ga
438,8.98818387394598e-08,2189.1864438056946,2808.9561219607313,43.8,1305,rlcg,ga
439,8.047370443345178e-08,2194.6438331604004,2804.544852854179,43.9,1305,rlcg,ga
440,4.960054612007764e-08,2200.021027326584,2800.0267620520162,44.0,1305,rlcg,ga
441,3.699511098010279e-08,2204.52872633934,2794.402625904062,44.1,1305,rlcg,ga
442,7.947245542620566e-09,2209.9221529960632,2789.9017225606412,44.2,1305,rlcg,ga
443,1.0596308115668152e-08,2215.0620658397675,2785.0780376360053,44.3,1305,rlcg,ga
444,1.2514589948069404e-08,2219.610034227371,2779.511664482924,44.4,1305,rlcg,ga
445,5.57221547098895e-09,2225.1385979652405,2775.172858136423,44.5,1305,rlcg,ga
446,2.557743027167559e-09,2230.271471261978,2770.337208697614,44.6,1305,rlcg,ga
447,1.6442643204423816e-09,2234.8761882781982,2764.8468280041243,44.7,1305,rlcg,ga
448,1.8269620741751193e-10,2240.7497885227203,2760.9238465726376,44.800000000000004,1305,rlcg,ga
449,1.8269602011735783e-09,2245.692784547806,2755.8501654473075,44.9,1305,rlcg,ga
450,0.05561543177820595,2250.214191675186,2750.2617898252274,45.0,1305,rlcg,ga
451,0.0021379873615629806,2256.237414121628,2746.5062978997194,45.1,1305,rlcg,ga
452,9.18907669642541e-08,2261.273381948471,2741.5438347516856,45.2,1305,rlcg,ga
453,9.18907669642541e-08,2265.901781797409,2736.0889064970925,45.300000000000004,1305,rlcg,ga
454,9.225612039452217e-08,2271.9808900356293,2732.382303875448,45.4,1305,rlcg,ga
455,9.243879432193297e-08,2276.6812694072723,2727.0138281911286,45.5,1305,rlcg,ga
456,9.225612039452217e-08,2281.2516486644745,2721.4931948979693,45.6,1305,rlcg,ga
457,9.225612039452217e-08,2287.3601393699646,2717.8042793826926,45.7,1305,rlcg,ga
458,9.243879432193297e-08,2291.9409596920013,2712.2969435656432,45.800000000000004,1305,rlcg,ga
459,9.207344646711135e-08,2296.536098718643,2706.810521583411,45.9,1305,rlcg,ga
460,9.070338643608383e-08,2302.6896390914917,2703.157402411751,46.0,1305,rlcg,ga
461,8.741521126979223e-08,2307.23113822937,2697.6086410100443,46.1,1305,rlcg,ga
462,8.960731512506127e-08,2311.677515745163,2691.9534707162284,46.2,1305,rlcg,ga
463,8.68671616974439e-08,2317.7765023708344,2688.220263008937,46.300000000000004,1305,rlcg,ga
464,9.362611933520871e-08,2322.243996143341,2682.592202441446,46.400000000000006,1305,rlcg,ga
465,1.9639595131961155e-08,2326.782550573349,2677.0508915198743,46.5,1305,rlcg,ga
466,1.836075080412358e-08,2332.840263366699,2673.2547223987494,46.6,1305,rlcg,ga
467,1.0870348277878217e-08,2337.4820261001587,2667.832804949431,46.7,1305,rlcg,ga
468,4.0648832147355796e-08,2342.1496279239655,2662.4435941357897,46.800000000000004,1305,rlcg,ga
469,4.512463886758234e-08,2348.4403994083405,2658.8952070060323,46.9,1305,rlcg,ga
470,3.10582962396494e-09,2352.9572265148163,2653.334744793304,47.0,1305,rlcg,ga
471,1.0504962086417499e-08,2357.5253188610077,2647.8362923088607,47.099999999999994,1305,rlcg,ga
472,0.0021701846121515937,2363.567197084427,2643.990423857156,47.199999999999996,1305,rlcg,ga
473,0.01124056044321907,2368.177738904953,2638.5405251647153,47.3,1305,rlcg,ga
474,9.500031525419018e-07,2372.8205909729004,2633.130022893978,47.4,1305,rlcg,ga
475,9.411477601562423e-07,2378.8331813812256,2629.2366741581973,47.5,1305,rlcg,ga
476,9.207863858419246e-07,2383.3579919338226,2623.6966129691664,47.599999999999994,1305,rlcg,ga
477,8.896520335434212e-07,2387.9134316444397,2618.1943915095226,47.699999999999996,1305,rlcg,ga
478,8.221892095831048e-07,2394.105795621872,2614.4837349678182,47.8,1305,rlcg,ga
479,7.41744181587293e-07,2398.6641278266907,2608.9854083459413,47.9,1305,rlcg,ga
480,6.41598519860228e-07,2403.5827131271362,2603.8812725543976,48.0,1305,rlcg,ga
481,5.268222900817592e-07,2409.3591463565826,2599.703527981427,48.1,1305,rlcg,ga
482,4.830910430947261e-07,2413.8613951206207,2594.1497980756876,48.199999999999996,1305,rlcg,ga
483,3.0193953106150397e-07,2418.9138507843018,2589.1893599492423,48.3,1305,rlcg,ga
484,2.108942041499964e-07,2424.7229750156403,2585.0352378265916,48.4,1305,rlcg,ga
485,1.275113634800831e-07,2429.2886955738068,2579.5539757123925,48.5,1305,rlcg,ga
486,8.57710791484121e-08,2434.3057928085327,2574.553863176103,48.6,1305,rlcg,ga
487,9.253005349073716e-08,2439.9851558208466,2570.2513037702147,48.699999999999996,1305,rlcg,ga
488,3.050966255216934e-08,2444.510730981827,2564.7325702104417,48.8,1305,rlcg,ga
489,2.384148714296748e-08,2449.631951570511,2559.8403420297163,48.9,1305,rlcg,ga
490,3.471220340031124e-09,2455.3752512931824,2555.594649305149,49.0,1305,rlcg,ga
491,1.498094443865192e-08,2459.995991706848,2550.179144152313,49.1,1305,rlcg,ga
492,1.7355945239189682e-08,2465.486760854721,2545.6651921020293,49.2,1305,rlcg,ga
493,1.1914279807273788e-05,2470.8308250904083,2540.9964063302987,49.3,1305,rlcg,ga
494,0.036230853782225673,2475.481536626816,2535.61469136269,49.4,1305,rlcg,ga
495,5.480885133570973e-10,2481.1022169589996,2531.225494069283,49.5,1305,rlcg,ga
496,5.480885133570973e-10,2486.3219401836395,2526.4239069607947,49.6,1305,rlcg,ga
497,5.480885133570973e-10,2490.827402830124,2520.897753769723,49.7,1305,rlcg,ga
498,5.480885133570973e-10,2496.381926059723,2516.433186510002,49.8,1305,rlcg,ga
499,5.480885133570973e-10,2501.465253829956,2511.4911666709577,49.9,1305,rlcg,ga
500,5.480885133570973e-10,2505.945587873459,2505.945587873459,50.0,1305,rlcg,ga
501,5.480885133570973e-10,2511.6223425865173,2501.5959060891655,50.1,1305,rlcg,ga
502,5.480885133570973e-10,2516.6478848457336,2496.594913651744,50.2,1305,rlcg,ga
503,4.567404423169729e-10,2521.253130197525,2491.1785401752877,50.3,1305,rlcg,ga
504,4.567404423169729e-10,2526.8784551620483,2486.769273334079,50.4,1305,rlcg,ga
505,5.480885133570973e-10,2531.7723309993744,2481.63822543503,50.5,1305,rlcg,ga
506,5.480885133570973e-10,2536.4561002254486,2476.3029911291933,50.6,1305,rlcg,ga
507,3.653923712768485e-10,2542.2548081874847,2472.054478178363,50.7,1305,rlcg,ga
508,5.480885133570973e-10,2547.2712349891663,2467.042219713917,50.8,1305,rlcg,ga
509,2.7404430023672404e-10,2551.8115742206573,2461.5706934034242,50.9,1305,rlcg,ga
510,7.307845683209955e-10,2557.6863181591034,2457.3848939175696,51.0,1305,rlcg,ga
511,1.8269620741751193e-10,2562.4008893966675,2452.0822601075743,51.1,1305,rlcg,ga
512,1.8269620741751193e-10,2566.8521642684937,2446.530969068408,51.2,1305,rlcg,ga
513,3.653923712768485e-10,2572.694014310837,2442.3040642677925,51.300000000000004,1305,rlcg,ga
514,6.394365408390464e-10,2577.626188516617,2437.210754122715,51.4,1305,rlcg,ga
515,0.017986912177465286,2582.215588569641,2431.795263021895,51.5,1305,rlcg,ga
516,0.032539776667461454,2588.296461582184,2427.781952336777,51.6,1305,rlcg,ga
517,7.588318293741137e-07,2592.9836564064026,2422.4586190411846,51.7,1305,rlcg,ga
518,7.58740482653377e-07,2597.593844652176,2417.066087108781,51.800000000000004,1305,rlcg,ga
519,7.570976466926214e-07,2603.774160385132,2413.13173631069,51.9,1305,rlcg,ga
520,7.561848833853686e-07,2608.328459262848,2407.6878085503213,52.0,1305,rlcg,ga
521,7.515303710617403e-07,2612.8959789276123,2402.2594508758657,52.1,1305,rlcg,ga
522,7.455062294103227e-07,2619.044341802597,2398.2819834897346,52.2,1305,rlcg,ga
523,7.362875388433418e-07,2623.507611989975,2392.7593325415255,52.300000000000004,1305,rlcg,ga
524,7.267959482929494e-07,2628.0069596767426,2387.2734977216205,52.400000000000006,1305,rlcg,ga
525,6.855401904685726e-07,2634.0591752529144,2383.1963966573985,52.5,1305,rlcg,ga
526,6.279480623275798e-07,2638.671457052231,2377.814202742885,52.6,1305,rlcg,ga
527,4.775117842613347e-07,2643.19579911232,2372.3560018598237,52.7,1305,rlcg,ga
528,3.171865461279253e-07,2649.558068037033,2368.544333548257,52.800000000000004,1305,rlcg,ga
529,2.1262890552224099e-07,2654.0742530822754,2363.079344426752,52.900000000000006,1305,rlcg,ga
530,2.093412877699196e-07,2658.518114089966,2357.553799287328,53.0,1305,rlcg,ga
531,8.59537530758229e-08,2664.527778148651,2353.4153068770565,53.1,1305,rlcg,ga
532,3.014428403239226e-08,2668.933934688568,2347.8591756282885,53.2,1305,rlcg,ga
533,8.129938989538714e-09,2673.3173937797546,2342.2874725987713,53.300000000000004,1305,rlcg,ga
534,1.1875245314980394e-09,2679.3946492671967,2338.1983268886024,53.400000000000006,1305,rlcg,ga
535,2.1923516141705687e-09,2683.8548288345337,2332.696253099174,53.5,1305,rlcg,ga
536,1.8269620741751193e-10,2688.2630367279053,2327.1530765704256,53.6,1305,rlcg,ga
537,4.567404423169729e-10,2694.389265060425,2323.0953998565674,53.7,1305,rlcg,ga
538,0.0,2698.8562853336334,2317.605211569031,53.800000000000004,1305,rlcg,ga
539,9.134810915352789e-11,2703.28137922287,2312.0829607082424,53.900000000000006,1305,rlcg,ga
540,1.2788725589799885e-09,2709.276654958725,2307.9023357055803,54.0,1305,rlcg,ga
541,0.14411519140113513,2713.683381795883,2302.3672315051945,54.1,1305,rlcg,ga
542,1.2650669033200234e-07,2718.2704355716705,2296.9886706491234,54.2,1305,rlcg,ga
543,1.2623270174267191e-07,2724.320900440216,2292.8446620647856,54.300000000000004,1305,rlcg,ga
544,1.2650669033200234e-07,2728.815695285797,2287.3896269307415,54.400000000000006,1305,rlcg,ga
545,1.2650669033200234e-07,2733.2544751167297,2281.891350785526,54.50000000000001,1305,rlcg,ga
546,1.2650669033200234e-07,2739.2918617725372,2277.7262000819264,54.6,1305,rlcg,ga
547,1.260500278152611e-07,2743.7428438663483,2272.2404173152754,54.7,1305,rlcg,ga
548,1.257760280750378e-07,2748.2276372909546,2266.7862993713707,54.800000000000004,1305,rlcg,ga
549,1.2550202833481447e-07,2754.2047843933105,2262.561671696508,54.900000000000006,1305,rlcg,ga
550,1.2477136607784993e-07,2758.697027683258,2257.1157499226656,55.00000000000001,1305,rlcg,ga
551,1.2376670408066206e-07,2763.1692554950714,2251.6569795232062,55.1,1305,rlcg,ga
552,1.2239669422865256e-07,2769.2317645549774,2247.4924465953436,55.2,1305,rlcg,ga
553,1.1792133911958828e-07,2773.6635327339172,2242.002891739712,55.300000000000004,1305,rlcg,ga
554,1.0887921388150404e-07,2778.140150785446,2236.5532621846733,55.400000000000006,1305,rlcg,ga
555,9.04292977500664e-08,2784.2579460144043,2232.4230377953327,55.50000000000001,1305,rlcg,ga
556,7.334902349117272e-08,2788.8264214992523,2227.048437312352,55.60000000000001,1305,rlcg,ga
557,5.909994978750289e-08,2793.2943391799927,2221.596754500425,55.7,1305,rlcg,ga
558,2.639915072002316e-08,2799.396514415741,2217.443117153687,55.800000000000004,1305,rlcg,ga
559,7.673203295062856e-09,2803.8477172851562,2211.9800417222787,55.900000000000006,1305,rlcg,ga
560,0.010769885892580556,2808.3728516101837,2206.5786691222866,56.00000000000001,1305,rlcg,ga
561,0.045519595426028694,2814.6461560726166,2202.548418031869,56.10000000000001,1305,rlcg,ga
562,1.8212654120769253e-07,2819.261090517044,2197.217718232144,56.2,1305,rlcg,ga
563,1.817612379564425e-07,2823.7868132591248,2191.820315087456,56.3,1305,rlcg,ga
564,1.8139592355429956e-07,2829.9388043880463,2187.6831892077807,56.39999999999999,1305,rlcg,ga
565,1.8139592355429956e-07,2834.477177143097,2182.2965877119423,56.49999999999999,1305,rlcg,ga
566,1.7993469939840652e-07,2839.018976688385,2176.9156111002812,56.599999999999994,1305,rlcg,ga
567,1.775602059634955e-07,2845.2446055412292,2172.823481833073,56.699999999999996,1305,rlcg,ga
568,1.78473452957062e-07,2849.8719830513,2167.508268799581,56.8,1305,rlcg,ga
569,1.7920407061045496e-07,2854.417970895767,2162.1338232971457,56.89999999999999,1305,rlcg,ga
570,1.69980007403891e-07,2860.6810410022736,2158.057627422768,56.99999999999999,1305,rlcg,ga
571,1.709846136466144e-07,2865.148540496826,2152.6247353294893,57.099999999999994,1305,rlcg,ga
572,1.3901924105508873e-07,2869.588997364044,2147.174984041628,57.199999999999996,1305,rlcg,ga
573,1.6988865929473748e-07,2875.7364358901978,2143.0007995202695,57.3,1305,rlcg,ga
574,1.4002386960504269e-07,2880.259913921356,2137.6145005757808,57.4,1305,rlcg,ga
575,9.216470563591554e-08,2884.658646583557,2132.138999648717,57.49999999999999,1305,rlcg,ga
576,6.193151832219228e-08,2890.6739914417267,2127.8572437001603,57.599999999999994,1305,rlcg,ga
577,1.525498320700037e-08,2895.122421979904,2122.4207703596185,57.699999999999996,1305,rlcg,ga
578,3.3158649154314305e-08,2899.668847322464,2117.0592622319728,57.8,1305,rlcg,ga
579,7.01521405543404e-08,2905.783759832382,2112.841041259815,57.9,1305,rlcg,ga
580,1.5894407464433962e-08,2910.3493473529816,2107.4943549797454,57.99999999999999,1305,rlcg,ga
581,0.05870679986704533,2914.8157351017,2102.0788175690404,58.099999999999994,1305,rlcg,ga
582,0.0001358942080434533,2920.854036092758,2097.7955104583734,58.199999999999996,1305,rlcg,ga
583,1.7874780761474302e-07,2925.323553800583,2092.3840856515326,58.3,1305,rlcg,ga
584,1.7801718996135007e-07,2929.6775708198547,2086.8936120908556,58.4,1305,rlcg,ga
585,1.7874780761474302e-07,2935.7310178279877,2082.6126023907946,58.5,1305,rlcg,ga
586,1.7874780761474302e-07,2940.21915435791,2077.219675604394,58.599999999999994,1305,rlcg,ga
587,1.7838250436349298e-07,2944.717071056366,2071.8367126853136,58.699999999999996,1305,rlcg,ga
588,1.7701259486951956e-07,2950.795300245285,2067.564053913363,58.8,1305,rlcg,ga
589,1.7591665183732347e-07,2955.2111418247223,2062.1252619523957,58.9,1305,rlcg,ga
590,1.7445539440298443e-07,2959.703732252121,2056.743271565034,59.0,1305,rlcg,ga
591,1.70528240013137e-07,2965.759978055954,2052.4464145937145,59.099999999999994,1305,rlcg,ga
592,1.6924958977508412e-07,2970.289186477661,2047.0911960859557,59.199999999999996,1305,rlcg,ga
593,1.423986634171311e-07,2974.7186512947083,2041.6703053574138,59.3,1305,rlcg,ga
594,9.956305518916873e-08,2980.8115956783295,2037.3897438474778,59.4,1305,rlcg,ga
595,6.887338960434128e-08,2985.2835698127747,2031.9997407969313,59.5,1305,rlcg,ga
596,2.6125114739397933e-08,2989.7409744262695,2026.602942396331,59.599999999999994,1305,rlcg,ga
597,2.274534322046657e-08,2995.874626636505,2022.3408283660165,59.699999999999996,1305,rlcg,ga
598,1.8269405477248505e-08,3000.431515932083,2017.0124906433066,59.8,1305,rlcg,ga
599,3.3798729223636306e-09,3004.9502398967743,2011.661178962615,59.9,1305,rlcg,ga
600,1.2057856344385964e-08,3011.0323700904846,2007.3549133936567,60.0,1305,rlcg,ga
601,3.562568106164021e-09,3015.591506958008,2002.0316327391765,60.099999999999994,1305,rlcg,ga
602,3.653923712768485e-10,3020.0502054691315,1996.6444880011868,60.199999999999996,1305,rlcg,ga
603,3.745263638429815e-09,3026.1510071754456,1992.341542037566,60.3,1305,rlcg,ga
604,1.8269620741751193e-10,3030.588744163513,1986.9422892197872,60.4,1305,rlcg,ga
605,0.02065896334097967,3034.948380947113,1981.4952239241484,60.5,1305,rlcg,ga
606,0.024940136017924826,3041.0207052230835,1977.1652769932261,60.6,1305,rlcg,ga
607,1.0961766728040197e-09,3045.5072317123413,1971.802869955437,60.699999999999996,1305,rlcg,ga
608,1.0961766728040197e-09,3049.8732991218567,1966.3656796969863,60.8,1305,rlcg,ga
609,1.0961766728040197e-09,3055.9806678295135,1962.0499854209193,60.9,1305,rlcg,ga
610,1.0961766728040197e-09,3060.5272018909454,1956.730506126998,61.0,1305,rlcg,ga
611,1.0961766728040197e-09,3065.1508576869965,1951.462657349004,61.1,1305,rlcg,ga
612,1.0961766728040197e-09,3071.259402990341,1947.1383143141384,61.199999999999996,1305,rlcg,ga
613,1.0961766728040197e-09,3075.796825170517,1941.8162664616475,61.3,1305,rlcg,ga
614,1.0961766728040197e-09,3080.2860226631165,1936.4664572442398,61.4,1305,rlcg,ga
615,1.0048287324384216e-09,3086.411356449127,1932.1436946876647,61.5,1305,rlcg,ga
616,1.0048287324384216e-09,3090.889670610428,1926.7883660948119,61.6,1305,rlcg,ga
617,1.0048287324384216e-09,3095.3296406269073,1921.412078379425,61.7,1305,rlcg,ga
618,6.394366225106253e-10,3101.414421081543,1917.0555159436071,61.8,1305,rlcg,ga
619,1.096176591132441e-09,3105.8881204128265,1911.7017348582986,61.9,1305,rlcg,ga
620,1.6442644892303111e-09,3110.3355436325073,1906.3346880328272,62.0,1305,rlcg,ga
621,2.7404389024539837e-09,3116.3904733657837,1901.951673761082,62.1,1305,rlcg,ga
622,7.307845683209955e-10,3120.81120800972,1896.5701553499584,62.2,1305,rlcg,ga
623,6.851077929917024e-09,3125.2627601623535,1891.2103701142978,62.3,1305,rlcg,ga
624,2.4754943193996694e-08,3131.357880115509,1886.8438508388326,62.4,1305,rlcg,ga
625,3.2884615961412305e-08,3135.819818496704,1881.4918910980223,62.5,1305,rlcg,ga
626,9.226103819963805e-09,3140.266123533249,1876.1334348265736,62.6,1305,rlcg,ga
627,2.1923516141705687e-09,3146.326931476593,1871.7383499852776,62.7,1305,rlcg,ga
628,0.007361330291557048,3150.7307074069977,1866.3564062984124,62.8,1305,rlcg,ga
629,0.022866528518667436,3155.0985865592957,1860.9564000214605,62.9,1305,rlcg,ga
630,0.016980039945650147,3161.130416870117,1856.5369114951482,63.0,1305,rlcg,ga
631,5.503470788199554e-05,3165.5710730552673,1851.1818160972962,63.1,1305,rlcg,ga
632,1.0748916409081882e-05,3170.0058619976044,1845.8261981251871,63.2,1305,rlcg,ga
633,7.985078754667122e-06,3176.220225095749,1841.5052489891623,63.3,1305,rlcg,ga
634,5.0141699112580655e-06,3180.777306318283,1836.2215995465167,63.4,1305,rlcg,ga
635,3.472481536682538e-06,3185.304212808609,1830.9228939766017,63.5,1305,rlcg,ga
636,2.2015757359193204e-06,3191.369626522064,1826.5071447390428,63.6,1305,rlcg,ga
637,1.7707941293630792e-06,3195.8942692279816,1821.2081942382374,63.7,1305,rlcg,ga
638,1.3894606444099739e-06,3200.3413009643555,1815.8676347164528,63.800000000000004,1305,rlcg,ga
639,1.0863390037079853e-06,3206.564417362213,1811.533262390859,63.9,1305,rlcg,ga
640,8.578453144621482e-07,3211.2905526161194,1806.3509358465672,64.0,1305,rlcg,ga
641,6.538693394417825e-07,3215.822676897049,1801.0613744244001,64.1,1305,rlcg,ga
642,5.754637093984851e-07,3222.0012600421906,1796.6922914253955,64.2,1305,rlcg,ga
643,2.4924866054691593e-07,3226.4944479465485,1791.3818319081147,64.3,1305,rlcg,ga
644,1.360052773707557e-07,3230.8948044776917,1786.022593779593,64.4,1305,rlcg,ga
645,9.828427105328475e-08,3236.925752878189,1781.5637864678401,64.5,1305,rlcg,ga
646,7.554116637456691e-08,3241.490016222,1776.296386598433,64.60000000000001,1305,rlcg,ga
647,1.616844623278241e-08,3245.9470806121826,1770.9726730387947,64.7,1305,rlcg,ga
648,4.658739557431768e-09,3251.9904475212097,1766.5133295176938,64.8,1305,rlcg,ga
649,8.221325958029445e-10,3256.433317899704,1761.1835047500708,64.9,1305,rlcg,ga
650,2.10100367380497e-09,3260.8710503578186,1755.853642500364,65.0,1305,rlcg,ga
651,1.8269620741751193e-10,3266.939178466797,1751.4005734023222,65.10000000000001,1305,rlcg,ga
652,0.0,3271.3697221279144,1746.0685019946532,65.2,1305,rlcg,ga
653,3.653923712768485e-10,3275.7753822803497,1740.7259688381027,65.3,1305,rlcg,ga
654,0.0,3281.908669233322,1736.3003051295555,65.4,1305,rlcg,ga
655,9.134810915352789e-11,3286.348937511444,1730.9776846434324,65.5,1305,rlcg,ga
656,3.745263638429815e-09,3290.7039408683777,1725.6130421626858,65.60000000000001,1305,rlcg,ga
657,0.11207495329480423,3296.798280954361,1721.1595287174214,65.7,1305,rlcg,ga
658,1.7947802575255148e-07,3301.2398624420166,1715.841995372598,65.8,1305,rlcg,ga
659,1.79752003190989e-07,3305.7351853847504,1710.5549290078907,65.9,1305,rlcg,ga
660,1.79752003190989e-07,3311.7989745140076,1706.0782595981245,66.0,1305,rlcg,ga
661,1.7947802575255148e-07,3316.2631981372833,1700.7764359584553,66.10000000000001,1305,rlcg,ga
662,1.7911272250130144e-07,3320.6721484661102,1695.4489217243881,66.2,1305,rlcg,ga
663,1.7911272250130144e-07,3326.7263565063477,1690.9604557204211,66.3,1305,rlcg,ga
664,1.7838210484790848e-07,3331.1663196086884,1685.6504267899381,66.4,1305,rlcg,ga
665,1.7874740809915852e-07,3335.5972793102264,1680.3384790510163,66.5,1305,rlcg,ga
666,1.7628157770054208e-07,3341.5826132297516,1675.8086979260315,66.60000000000001,1305,rlcg,ga
667,1.7463769076813113e-07,3346.157611131668,1670.5704415394985,66.7,1305,rlcg,ga
668,1.7025397369688041e-07,3350.606237411499,1665.271363503918,66.8,1305,rlcg,ga
669,1.5746796962187778e-07,3356.547098636627,1660.713138488376,66.9,1305,rlcg,ga
670,1.360052773707557e-07,3361.146030664444,1655.4898359989047,67.0,1305,rlcg,ga
671,1.1253261437346995e-07,3365.5857009887695,1650.1903064460585,67.10000000000001,1305,rlcg,ga
672,7.919472297903336e-08,3371.5349214076996,1645.6301402109011,67.2,1305,rlcg,ga
673,3.662971860882594e-08,3376.2635731697083,1640.4727911240634,67.30000000000001,1305,rlcg,ga
674,1.7904021382024974e-08,3380.724696159363,1635.1873159465167,67.4,1305,rlcg,ga
675,2.968756297346333e-08,3386.7212641239166,1630.6435716152191,67.5,1305,rlcg,ga
676,2.87743118146463e-08,3391.2390871047974,1625.386781393423,67.60000000000001,1305,rlcg,ga
677,0.012765776979316818,3395.6667087078094,1620.0891387187921,67.7,1305,rlcg,ga
678,2.877436965990319e-08,3401.6087749004364,1615.5133119733637,67.80000000000001,1305,rlcg,ga
679,2.7952254748719447e-08,3406.1939108371735,1610.2919666844364,67.9,1305,rlcg,ga
680,2.7221487255203198e-08,3410.6822719573975,1605.0269515093632,68.0,1305,rlcg,ga
681,2.585129341346094e-08,3416.7636868953705,1600.5104495148644,68.10000000000001,1305,rlcg,ga
682,2.301955134300087e-08,3421.4689564704895,1595.3476952457704,68.2,1305,rlcg,ga
683,1.8726247105206866e-08,3425.9295291900635,1590.0727097412155,68.30000000000001,1305,rlcg,ga
684,1.4706965954818182e-08,3431.882597208023,1585.4896209323615,68.4,1305,rlcg,ga
685,1.3610788928103987e-08,3436.4662268161774,1580.2727904337162,68.5,1305,rlcg,ga
686,1.3884815325930632e-08,3440.904888153076,1574.991450262486,68.60000000000001,1305,rlcg,ga
687,1.8908857786147036e-08,3446.8022649288177,1570.377160003959,68.7,1305,rlcg,ga
688,1.4158833621936659e-08,3451.3988704681396,1565.1692552122959,68.8,1305,rlcg,ga
689,2.2105939696724456e-08,3455.794864177704,1559.8725729452335,68.89999999999999,1305,rlcg,ga
690,1.141843343725581e-08,3461.5058970451355,1555.169316063757,69.0,1305,rlcg,ga
691,3.169723177435531e-08,3466.2686007022858,1550.0390703574622,69.1,1305,rlcg,ga
692,2.0096559076720735e-09,3470.6536893844604,1544.7418155063788,69.19999999999999,1305,rlcg,ga
693,2.2836993803034653e-09,3476.271723508835,1539.9933897795272,69.3,1305,rlcg,ga
694,2.9231340916991463e-09,3481.1535210609436,1534.917834934653,69.39999999999999,1305,rlcg,ga
695,3.653923712768485e-10,3485.5680236816406,1529.6377657883459,69.5,1305,rlcg,ga
696,4.567404423169729e-10,3491.1583507061005,1524.8737623773777,69.6,1305,rlcg,ga
697,1.5529163800767833e-09,3496.0282833576202,1519.7942178728254,69.69999999999999,1305,rlcg,ga
698,9.134810915352789e-11,3500.512771129608,1514.548505560375,69.8,1305,rlcg,ga
699,2.1108468258647347e-05,3506.145623445511,1509.7994744736752,69.89999999999999,1305,rlcg,ga
700,0.013218572384874111,3511.0137259960175,1504.7201682840077,70.0,1305,rlcg,ga
701,7.930472695560398e-07,3515.402416706085,1499.4369794509557,70.1,1305,rlcg,ga
702,3.328036205627656e-07,3520.95237326622,1494.649298053182,70.19999999999999,1305,rlcg,ga
703,1.4879309137506139e-07,3525.9618847370148,1489.6311234237464,70.3,1305,rlcg,ga
704,6.503770129007583e-08,3530.41165971756,1484.3776296539745,70.39999999999999,1305,rlcg,ga
705,3.7452123443224965e-08,3536.109743833542,1479.648758058007,70.5,1305,rlcg,ga
706,2.603396037156369e-08,3540.9311139583588,1474.5520502886084,70.6,1305,rlcg,ga
707,1.6716613673553283e-08,3545.3742587566376,1469.2993745625108,70.7,1305,rlcg,ga
708,1.4067540303522978e-08,3551.0126712322235,1464.5419491522734,70.8,1305,rlcg,ga
709,1.4158864548241174e-08,3556.064598083496,1459.5413230497852,70.89999999999999,1305,rlcg,ga
710,1.6716541366982165e-08,3560.599760055542,1454.3294794593057,71.0,1305,rlcg,ga
711,1.890884994567547e-08,3566.3415820598602,1449.6100101481006,71.1,1305,rlcg,ga
712,5.1884011680095714e-08,3571.276701927185,1444.5613625772885,71.2,1305,rlcg,ga
713,2.1831928805608242e-08,3575.6775317192078,1439.2979685882365,71.3,1305,rlcg,ga
714,1.1783817570592741e-08,3581.31432557106,1434.5320687861667,71.39999999999999,1305,rlcg,ga
715,4.750087323564665e-09,3586.1697664260864,1429.4522845194888,71.5,1305,rlcg,ga
716,1.1692495770577138e-08,3590.530003786087,1424.1767054123584,71.6,1305,rlcg,ga
717,1.1509776019965837e-08,3596.200928211212,1419.4210079271588,71.7,1305,rlcg,ga
718,5.480867361835422e-09,3601.0595393180847,1414.3437187850977,71.8,1305,rlcg,ga
719,4.658739557431768e-09,3605.4987869262695,1409.1031420393347,71.89999999999999,1305,rlcg,ga
720,1.2788725589799885e-09,3611.026626586914,1404.288132561578,72.0,1305,rlcg,ga
721,2.1923516141705687e-09,3615.988254547119,1399.252043021701,72.1,1305,rlcg,ga
722,0.10173014068951904,3620.4067327976227,1394.0070245398047,72.2,1305,rlcg,ga
723,5.27060501031235e-08,3626.0062806606293,1389.2167907925232,72.3,1305,rlcg,ga
724,5.279739264227536e-08,3630.966778278351,1384.1807055315257,72.39999999999999,1305,rlcg,ga
725,5.25233650248198e-08,3635.3414323329926,1378.9226122642385,72.5,1305,rlcg,ga
726,5.27060501031235e-08,3640.716416120529,1374.0444876267566,72.6,1305,rlcg,ga
727,5.261470756397165e-08,3645.7856419086456,1369.0501791486386,72.7,1305,rlcg,ga
728,5.27060501031235e-08,3650.1421887874603,1363.7893892172933,72.8,1305,rlcg,ga
729,5.27060501031235e-08,3655.571076631546,1358.929714358229,72.89999999999999,1305,rlcg,ga
730,5.261470756397165e-08,3660.690784215927,1353.9541256689045,73.0,1305,rlcg,ga
731,5.261470756397165e-08,3665.1262378692627,1348.7263447152282,73.1,1305,rlcg,ga
732,5.234067994651609e-08,3670.5416560173035,1343.859513405242,73.2,1305,rlcg,ga
733,5.1518602669595875e-08,3675.7605459690094,1338.9195985998986,73.3,1305,rlcg,ga
734,5.033116081151469e-08,3680.372228384018,1333.758872956606,73.4,1305,rlcg,ga
735,4.8412973064772245e-08,3685.9180405139923,1328.9364363757932,73.5,1305,rlcg,ga
736,4.2749724486464515e-08,3690.9419617652893,1323.9248341114626,73.6,1305,rlcg,ga
737,4.612940958597594e-08,3695.3923420906067,1318.7085291313833,73.7,1305,rlcg,ga
738,2.822604889435501e-08,3700.9090609550476,1313.8728644582961,73.8,1305,rlcg,ga
739,2.046170447314322e-08,3705.9155032634735,1308.8551371471813,73.9,1305,rlcg,ga
740,3.57162792786913e-08,3710.3093843460083,1303.62221612157,74.0,1305,rlcg,ga
741,1.0897352813361249e-07,3715.78493475914,1298.7696330669596,74.1,1305,rlcg,ga
742,0.029475006380614534,3720.7480161190033,1293.7371808068774,74.2,1305,rlcg,ga
743,0.018263587710345912,3725.1430253982544,1288.5084219749006,74.3,1305,rlcg,ga
744,5.843321532073478e-07,3730.4292488098145,1283.5885587302591,74.4,1305,rlcg,ga
745,5.859748748714511e-07,3735.536568403244,1278.606476433325,74.5,1305,rlcg,ga
746,5.846968097068098e-07,3739.9786269664764,1273.3975485918027,74.6,1305,rlcg,ga
747,5.825060188691792e-07,3745.2698543071747,1268.4782772954686,74.7,1305,rlcg,ga
748,5.780323614835582e-07,3750.4476375579834,1263.5197923323685,74.8,1305,rlcg,ga
749,5.680816127072085e-07,3754.8595786094666,1258.3040777449614,74.9,1305,rlcg,ga
750,5.563045456029575e-07,3760.0921704769135,1253.3640568256378,75.0,1305,rlcg,ga
751,5.369501443083801e-07,3765.360186815262,1248.4350020199736,75.1,1305,rlcg,ga
752,5.209743241749176e-07,3769.716103553772,1243.204246916669,75.2,1305,rlcg,ga
753,4.2675611888855995e-07,3774.86469578743,1238.2358298266872,75.3,1305,rlcg,ga
754,3.262278999942819e-07,3780.335191488266,1233.3719590266755,75.4,1305,rlcg,ga
755,2.398429708999425e-07,3784.8410205841064,1228.1934437657037,75.5,1305,rlcg,ga
756,1.5034426629384203e-07,3790.1221590042114,1223.266940207708,75.6,1305,rlcg,ga
757,4.786491782986113e-08,3795.419195652008,1218.3446030956911,75.7,1305,rlcg,ga
758,2.5028973604620244e-08,3799.9373254776,1213.172602593112,75.8,1305,rlcg,ga
759,1.1053042416282399e-08,3805.2726459503174,1208.2618019420643,75.9,1305,rlcg,ga
760,3.1514452784625504e-08,3810.636721134186,1203.3589645686898,76.0,1305,rlcg,ga
761,1.0677850831985131e-07,3815.151953458786,1198.1883270389617,76.1,1305,rlcg,ga
762,0.010237086321565277,3820.5516364574432,1193.2956554814582,76.2,1305,rlcg,ga
763,1.0872837582300238e-06,3825.8768486976624,1188.3785231210304,76.3,1305,rlcg,ga
764,2.0925152238518163e-07,3830.3593516349792,1183.2000091437894,76.4,1305,rlcg,ga
765,1.1563883985413266e-07,3835.8859202861786,1178.3440408722245,76.5,1305,rlcg,ga
766,6.695571410718599e-08,3841.148120164871,1173.4055615125062,76.6,1305,rlcg,ga
767,3.105792547246063e-08,3845.7991621494293,1168.280579896763,76.7,1305,rlcg,ga
768,2.137528179557744e-08,3851.501432657242,1163.4743911152082,76.8,1305,rlcg,ga
769,1.5072361549400006e-08,3856.6198053359985,1158.490474684806,76.9,1305,rlcg,ga
770,8.404001801999971e-09,3861.1261084079742,1153.3233830309537,77.0,1305,rlcg,ga
771,7.490521875645883e-09,3866.89786529541,1148.5338666052512,77.10000000000001,1305,rlcg,ga
772,8.586687925699884e-09,3871.805227279663,1143.4865179012477,77.2,1305,rlcg,ga
773,7.0337804314908766e-09,3876.340726852417,1138.3303298777473,77.3,1305,rlcg,ga
774,1.7356124295959095e-09,3882.0922503471375,1133.5308121168646,77.4,1305,rlcg,ga
775,8.221325958029445e-10,3886.9297263622284,1128.4634689438726,77.5,1305,rlcg,ga
776,6.394365408390464e-10,3891.4543929100037,1123.3064226956712,77.60000000000001,1305,rlcg,ga
777,2.740443165710398e-10,3897.2941608428955,1118.5284399845114,77.7,1305,rlcg,ga
778,5.480885133570973e-10,3902.051153421402,1113.438761001994,77.8,1305,rlcg,ga
779,1.7264598518452995e-08,3906.59037733078,1108.288155828116,77.9,1305,rlcg,ga
780,0.010467941971051161,3912.448526620865,1103.5111228930646,78.0,1305,rlcg,ga
781,9.406174682937134e-07,3917.264921426773,1098.4392033194154,78.10000000000001,1305,rlcg,ga
782,3.5226127564089935e-07,3921.753125190735,1093.2764466644248,78.2,1305,rlcg,ga
783,1.3984551943635204e-07,3927.6696405410767,1088.511254147399,78.3,1305,rlcg,ga
784,8.641266528520576e-08,3932.280893087387,1083.3835113608102,78.4,1305,rlcg,ga
785,6.312024532067965e-08,3936.649826526642,1078.1907168193984,78.5,1305,rlcg,ga
786,5.115405907292433e-08,3942.559865474701,1073.4196071394226,78.60000000000001,1305,rlcg,ga
787,4.503383854059752e-08,3947.196592569351,1068.300983757651,78.7,1305,rlcg,ga
788,4.028371427970014e-08,3951.569998025894,1063.1127405856469,78.8,1305,rlcg,ga
789,4.2658519591146836e-08,3957.500607252121,1058.343001432443,78.9,1305,rlcg,ga
790,2.8500172339796385e-08,3962.193912267685,1053.2414197167263,79.0,1305,rlcg,ga
791,2.1923246298809255e-08,3966.603198289871,1048.0658260968175,79.10000000000001,1305,rlcg,ga
792,9.088601597771394e-08,3972.3031651973724,1043.2311342942594,79.2,1305,rlcg,ga
793,8.632140080230417e-08,3977.055211544037,1038.1468206678628,79.3,1305,rlcg,ga
794,3.6173000337620235e-08,3981.493373632431,1032.9819080205043,79.4,1305,rlcg,ga
795,2.539435491212055e-08,3987.35311627388,1028.1853947624468,79.5,1305,rlcg,ga
796,8.129938989538714e-09,3992.1007549762726,1023.1011985115065,79.60000000000001,1305,rlcg,ga
797,4.110654006030596e-09,3996.533810853958,1017.9377209577833,79.7,1305,rlcg,ga
798,9.043409681559623e-09,4002.189047574997,1013.0854481330189,79.80000000000001,1305,rlcg,ga
799,2.1923516141705687e-09,4006.995816707611,1008.0177210991606,79.9,1305,rlcg,ga
800,1.0870348277878217e-08,4011.4332077503204,1002.8583019375801,80.0,1305,rlcg,ga
801,0.009007694496785672,4017.1245346069336,998.0122127175773,80.10000000000001,1305,rlcg,ga
802,3.010462253654226e-07,4022.03391122818,992.9709656149371,80.2,1305,rlcg,ga
803,2.6113791007662753e-07,4026.448693037033,987.8087080053492,80.30000000000001,1305,rlcg,ga
804,2.1081568670576844e-07,4032.0094351768494,982.9276732520675,80.4,1305,rlcg,ga
805,1.5473587820270737e-07,4036.932260990143,977.890423469662,80.5,1305,rlcg,ga
806,1.1966107076415757e-07,4041.392061471939,972.7420098331959,80.60000000000001,1305,rlcg,ga
807,9.782991677137285e-08,4047.043654203415,967.8803287004448,80.7,1305,rlcg,ga
808,9.052208851143304e-08,4051.922112226486,962.8329771627286,80.80000000000001,1305,rlcg,ga
809,8.485869497151767e-08,4056.3181734085083,957.6721521891532,80.9,1305,rlcg,ga
810,7.43539557232806e-08,4061.810028553009,952.7702536111992,81.0,1305,rlcg,ga
811,6.40325167690162e-08,4066.7045319080353,947.7276899267799,81.10000000000001,1305,rlcg,ga
812,3.7634517117335425e-08,4071.0345997810364,942.5548088162986,81.2,1305,rlcg,ga
813,7.855900177632087e-09,4076.4365248680115,937.6305413903056,81.3,1305,rlcg,ga
814,1.224054978585934e-08,4081.5304083824158,932.6347124805034,81.39999999999999,1305,rlcg,ga
815,4.9143757633093235e-08,4086.0079386234283,927.4987345341524,81.5,1305,rlcg,ga
816,7.307815693406211e-09,4091.285882472992,922.5448558517537,81.6,1305,rlcg,ga
817,9.50014537603548e-09,4096.405206441879,917.5546545640937,81.69999999999999,1305,rlcg,ga
818,0.0027048165766015817,4100.823406457901,912.4081417791422,81.8,1305,rlcg,ga
819,0.0069866579285799615,4106.164353847504,907.4673358319878,81.89999999999999,1305,rlcg,ga
820,3.0403894381651164e-07,4111.291556835175,902.4786344272334,82.0,1305,rlcg,ga
821,3.0394759605037875e-07,4115.670689821243,897.3264963191268,82.1,1305,rlcg,ga
822,3.0513465320265504e-07,4120.902437925339,892.3608685531763,82.19999999999999,1305,rlcg,ga
823,3.0029503292077615e-07,4126.086841106415,887.3844117567869,82.3,1305,rlcg,ga
824,2.972816605767872e-07,4130.447197675705,882.2314402802476,82.39999999999999,1305,rlcg,ga
825,2.880589361743015e-07,4135.509565114975,877.2293016910553,82.5,1305,rlcg,ga
826,2.6760409699229504e-07,4140.921067237854,872.3005638007107,82.6,1305,rlcg,ga
827,2.462355532979823e-07,4145.390744924545,867.1736382973959,82.69999999999999,1305,rlcg,ga
828,1.9518654260543974e-07,4150.468797445297,862.1746777301823,82.8,1305,rlcg,ga
829,1.646830877030754e-07,4155.871868848801,857.2425688457724,82.89999999999999,1305,rlcg,ga
830,2.1911308213856992e-07,4160.4410219192505,852.1385225617742,83.0,1305,rlcg,ga
831,1.4212451939045187e-07,4165.769550323486,847.1901973582062,83.1,1305,rlcg,ga
832,7.691125428282667e-08,4171.051379442215,842.2315285412169,83.2,1305,rlcg,ga
833,1.4706907058720307e-08,4175.477721691132,837.1005756571658,83.3,1305,rlcg,ga
834,2.6307805393148086e-08,4180.666534423828,832.1230751970688,83.39999999999999,1305,rlcg,ga
835,2.5485700238995625e-08,4186.110506534576,827.195489315216,83.5,1305,rlcg,ga
836,4.8869680185085054e-08,4190.612297296524,822.0818382256339,83.6,1305,rlcg,ga
837,7.76455071273035e-09,4196.259716510773,817.1927524387766,83.7,1305,rlcg,ga
838,2.3110724527966875e-08,4201.423118829727,812.2082878883248,83.8,1305,rlcg,ga
839,0.015715758095748975,4205.972700357437,807.1056075775296,83.89999999999999,1305,rlcg,ga
840,1.3747134380188853e-07,4211.286699056625,802.1498474393575,84.0,1305,rlcg,ga
841,1.3728864199724548e-07,4216.499887704849,797.1741761534731,84.1,1305,rlcg,ga
842,1.3756265846380814e-07,4220.9428079128265,792.0534010097708,84.2,1305,rlcg,ga
843,1.3701460880434349e-07,4226.347184896469,787.1132954077648,84.3,1305,rlcg,ga
844,1.3619257613099484e-07,4231.471084594727,782.1202478634805,84.39999999999999,1305,rlcg,ga
845,1.3555315326742286e-07,4235.907537937164,777.0007909825572,84.5,1305,rlcg,ga
846,1.338175669672874e-07,4241.194801330566,772.0378243556825,84.6,1305,rlcg,ga
847,1.291590918950965e-07,4246.3242399692535,767.0455828988142,84.7,1305,rlcg,ga
848,1.1892904252281334e-07,4250.729568481445,761.9232245391267,84.8,1305,rlcg,ga
849,1.1445299048294309e-07,4256.075787782669,756.9698986515705,84.89999999999999,1305,rlcg,ga
850,9.97472863213491e-08,4261.379007577896,752.0080601608051,85.0,1305,rlcg,ga
851,9.581895777732634e-08,4265.964910507202,746.9198256939753,85.1,1305,rlcg,ga
852,7.919498607041261e-08,4271.37780380249,741.9764260126394,85.2,1305,rlcg,ga
853,1.3427072043742064e-07,4276.570684432983,736.9940100957192,85.3,1305,rlcg,ga
854,2.649049882917669e-08,4281.088838338852,731.8957498799446,85.39999999999999,1305,rlcg,ga
855,1.0139573815053906e-08,4286.485120534897,726.9477689796022,85.5,1305,rlcg,ga
856,1.9365554975195864e-08,4291.714846134186,721.9707217795831,85.6,1305,rlcg,ga
857,1.1509776019965837e-08,4296.217057943344,716.8716911154006,85.7,1305,rlcg,ga
858,1.461568439711185e-09,4301.7360417842865,711.94232859367,85.8,1305,rlcg,ga
859,1.8269620741751193e-10,4306.812126398087,706.9388938557977,85.9,1305,rlcg,ga
860,9.134810915352789e-11,4311.324774980545,701.8435680200892,86.0,1305,rlcg,ga
861,1.6442643204423816e-09,4316.916532278061,696.9238071854243,86.1,1305,rlcg,ga
862,9.134810915352789e-11,4321.900271177292,691.9051478218871,86.2,1305,rlcg,ga
863,3.653923712768485e-10,4326.351125001907,686.8019746526779,86.3,1305,rlcg,ga
864,4.476044373631377e-09,4331.8230447769165,681.8610348259963,86.4,1305,rlcg,ga
865,0.022801675883249356,4336.822361707687,676.8451084746102,86.5,1305,rlcg,ga
866,0.0014638806593120883,4341.245625972748,671.7400853121808,86.6,1305,rlcg,ga
867,1.0696118224726212e-07,4346.781379699707,666.8072935410164,86.7,1305,rlcg,ga
868,1.0696118224726212e-07,4351.788321495056,661.7926940522439,86.8,1305,rlcg,ga
869,1.065044974287351e-07,4356.310971498489,656.7051061752618,86.9,1305,rlcg,ga
870,1.065044974287351e-07,4361.806789159775,651.7642328629545,87.0,1305,rlcg,ga
871,1.0568247590627935e-07,4366.849611759186,646.7549941641046,87.1,1305,rlcg,ga
872,1.0613916072480638e-07,4371.301365613937,641.6589160534222,87.2,1305,rlcg,ga
873,1.0449511767989488e-07,4376.885287284851,636.7290165924123,87.3,1305,rlcg,ga
874,1.0148103133029522e-07,4381.963333129883,631.7246910461845,87.4,1305,rlcg,ga
875,9.399144491002363e-08,4386.472200393677,626.6388857705251,87.5,1305,rlcg,ga
876,8.951592253756591e-08,4391.951158285141,621.691716469586,87.6,1305,rlcg,ga
877,7.919472297903336e-08,4396.947749614716,616.6756821010376,87.7,1305,rlcg,ga
878,5.234067994651609e-08,4401.461870908737,611.592651766362,87.8,1305,rlcg,ga
879,3.635568820364716e-08,4407.018171310425,606.6543785307867,87.9,1305,rlcg,ga
880,4.466792617182308e-08,4412.051455974579,601.6433803601694,88.0,1305,rlcg,ga
881,1.9365554975195864e-08,4416.490137338638,596.5520162807015,88.1,1305,rlcg,ga
882,8.952062960822934e-09,4421.922639846802,591.5950924058079,88.2,1305,rlcg,ga
883,2.7312598413327473e-08,4426.921895503998,586.5796849082308,88.3,1305,rlcg,ga
884,0.0064037984357100276,4431.329967260361,581.4867377852961,88.4,1305,rlcg,ga
885,1.7038335081606437e-06,4436.750375509262,576.5268849531813,88.5,1305,rlcg,ga
886,1.6894165630839773e-06,4441.882463932037,571.528894907734,88.6,1305,rlcg,ga
887,1.6530923513245993e-06,4446.325220584869,566.4427845840928,88.7,1305,rlcg,ga
888,1.5826576917478637e-06,4451.6737406253815,561.4723636824801,88.8,1305,rlcg,ga
889,1.4664775199503048e-06,4456.766816616058,556.469197575233,88.9,1305,rlcg,ga
890,1.2838805337004735e-06,4461.211674213409,551.3857125432305,89.0,1305,rlcg,ga
891,1.0513804471155922e-06,4466.534165143967,546.4110258144692,89.1,1305,rlcg,ga
892,8.283073811388621e-07,4471.856522798538,541.4355431191052,89.2,1305,rlcg,ga
893,5.206235533248334e-07,4476.5583572387695,536.3849319423834,89.3,1305,rlcg,ga
894,3.562787332718343e-07,4482.143666982651,531.4398531321713,89.4,1305,rlcg,ga
895,2.678821039104199e-07,4487.211126327515,526.4325902395403,89.5,1305,rlcg,ga
896,3.4202561388483584e-07,4491.743237018585,521.3630542968003,89.60000000000001,1305,rlcg,ga
897,5.782127567956989e-08,4497.424570322037,516.4266786434446,89.7,1305,rlcg,ga
898,4.841297863477392e-08,4502.383802175522,511.40662340969175,89.8,1305,rlcg,ga
899,1.1053043804699238e-08,4506.963860750198,506.34410448917697,89.9,1305,rlcg,ga
900,5.480867361835422e-09,4512.553586006165,501.39484288957374,90.0,1305,rlcg,ga
901,4.750087323564665e-09,4517.540823936462,496.37795956682567,90.10000000000001,1305,rlcg,ga
902,3.3798729223636306e-09,4522.107577562332,491.3154574291666,90.2,1305,rlcg,ga
903,1.1875245314980394e-09,4527.808347463608,486.3758689966444,90.3,1305,rlcg,ga
904,1.141842929922915e-08,4532.666961431503,481.34516404582337,90.4,1305,rlcg,ga
905,1.4250173460481639e-08,4537.128143310547,476.2731200160242,90.5,1305,rlcg,ga
906,0.04750138799696371,4542.836921215057,471.3318659980305,90.60000000000001,1305,rlcg,ga
907,7.216188235873431e-08,4547.676870584488,466.29983347779216,90.7,1305,rlcg,ga
908,7.197921365830455e-08,4552.124432563782,461.22846673553704,90.8,1305,rlcg,ga
909,7.216188235873431e-08,4557.7369203567505,456.2750932370345,90.9,1305,rlcg,ga
910,7.234456186159158e-08,4562.588664531708,451.2450327558827,91.0,1305,rlcg,ga
911,7.20705453950289e-08,4567.042571783066,446.1764971335815,91.10000000000001,1305,rlcg,ga
912,7.17965233530198e-08,4572.610172510147,441.21677103168076,91.2,1305,rlcg,ga
913,7.143116434730529e-08,4577.607502698898,436.2013721082194,91.3,1305,rlcg,ga
914,7.133981135419134e-08,4582.093739032745,431.1379229286822,91.4,1305,rlcg,ga
915,7.060907173790734e-08,4587.7954778671265,426.1886509494052,91.5,1305,rlcg,ga
916,6.78688466135333e-08,4592.704921245575,421.1650801142232,91.60000000000001,1305,rlcg,ga
917,6.613333958927702e-08,4597.195527553558,416.10384818641796,91.7,1305,rlcg,ga
918,6.311905931868061e-08,4602.888112545013,411.1512257393151,91.8,1305,rlcg,ga
919,6.741201996958727e-08,4607.833997011185,406.13117927954954,91.9,1305,rlcg,ga
920,6.549380486286592e-08,4612.411534786224,401.079263894454,92.0,1305,rlcg,ga
921,6.485441824514063e-08,4618.1516325473785,396.12809877442214,92.10000000000001,1305,rlcg,ga
922,1.21666031971688e-07,4623.086713790894,391.10711895410986,92.2,1305,rlcg,ga
923,3.6173000337620235e-08,4627.767584323883,386.06511808552386,92.30000000000001,1305,rlcg,ga
924,1.8543442851735345e-08,4633.912549495697,381.1443222528924,92.4,1305,rlcg,ga
925,6.265222338499015e-07,4638.719964981079,376.11242959306037,92.5,1305,rlcg,ga
926,0.016151862947431796,4643.420437812805,371.07247559195184,92.60000000000001,1305,rlcg,ga
927,4.311540268648816e-08,4649.757119178772,366.1621032363,92.7,1305,rlcg,ga
928,4.320674801336323e-08,4654.452527999878,361.12131682757627,92.80000000000001,1305,rlcg,ga
929,4.293271272966881e-08,4659.014979124069,356.07111250571415,92.9,1305,rlcg,ga
930,4.275001301581818e-08,4665.148684263229,351.14022354669487,93.0,1305,rlcg,ga
931,4.2841351373385195e-08,4669.763904333115,346.09420988075726,93.10000000000001,1305,rlcg,ga
932,4.174521023860751e-08,4674.280029535294,341.04189056695213,93.2,1305,rlcg,ga
933,4.0466359284482506e-08,4680.502423763275,336.11325015234615,93.30000000000001,1305,rlcg,ga
934,3.8456743624564474e-08,4684.987301826477,331.05905987210645,93.4,1305,rlcg,ga
935,3.169720581368279e-08,4689.56832408905,326.01277119335646,93.5,1305,rlcg,ga
936,2.9961647913477676e-08,4695.591196775436,321.0660647367813,93.60000000000001,1305,rlcg,ga
937,3.818257792769299e-08,4700.107054233551,316.0157357702383,93.7,1305,rlcg,ga
938,3.964417990719921e-08,4704.862691164017,310.9823953647865,93.8,1305,rlcg,ga
939,1.2971322157891232e-08,4710.867509365082,306.0307966680193,93.89999999999999,1305,rlcg,ga
940,1.653383032800594e-08,4715.386177062988,300.98209640827645,94.0,1305,rlcg,ga
941,7.664452453448983e-06,4720.0981431007385,295.94664234106676,94.1,1305,rlcg,ga
942,0.005243469256705531,4725.96398806572,290.98292070892967,94.19999999999999,1305,rlcg,ga
943,3.43493144567592e-07,4730.534330606461,285.93897862626545,94.3,1305,rlcg,ga
944,2.3163018034060996e-07,4735.507570981979,280.91994065147355,94.39999999999999,1305,rlcg,ga
945,1.115306230151305e-07,4741.357608556747,275.9520301276416,94.5,1305,rlcg,ga
946,8.120593704975485e-08,4745.988560914993,270.91266626787547,94.6,1305,rlcg,ga
947,4.512530513343283e-08,4751.06952047348,265.89935014265575,94.69999999999999,1305,rlcg,ga
948,3.398109022911524e-08,4756.757661104202,260.91919660065287,94.8,1305,rlcg,ga
949,2.311084335466929e-08,4761.35230755806,255.87878575917966,94.89999999999999,1305,rlcg,ga
950,1.5985805061119484e-08,4766.488833189011,250.8678333257376,95.0,1305,rlcg,ga
951,9.408815033172732e-09,4772.0752584934235,245.87979775623353,95.1,1305,rlcg,ga
952,9.226113141413334e-09,4776.624453783035,240.83820775376626,95.19999999999999,1305,rlcg,ga
953,7.399162430477214e-09,4782.200711250305,235.84830370279633,95.3,1305,rlcg,ga
954,7.125121555002029e-09,4787.850291490555,230.8607058789994,95.39999999999999,1305,rlcg,ga
955,3.014481857832043e-09,4792.902928113937,225.84359347133795,95.5,1305,rlcg,ga
956,2.1557856737034718e-08,4799.156939029694,220.8817001227062,95.6,1305,rlcg,ga
957,1.2240592995569309e-08,4804.058104991913,215.85632028699274,95.7,1305,rlcg,ga
958,2.1923516141705687e-09,4808.646145105362,210.8174719148492,95.8,1305,rlcg,ga
959,5.480867361835422e-09,4814.717977523804,205.84300008183163,95.89999999999999,1305,rlcg,ga
960,9.774186235176349e-09,4819.38547706604,200.8077282110853,96.0,1305,rlcg,ga
961,1.3702204993455866e-09,4824.031571149826,195.77235304354144,96.1,1305,rlcg,ga
962,1.0687688986014333e-08,4830.325275659561,190.80286951669768,96.2,1305,rlcg,ga
963,0.009317929366931274,4834.851104736328,185.76271118924615,96.3,1305,rlcg,ga
964,2.6673342116218118e-08,4839.512102365494,180.7286677231932,96.39999999999999,1305,rlcg,ga
965,2.685603416382988e-08,4845.900018692017,175.75803176603222,96.5,1305,rlcg,ga
966,2.630795662713298e-08,4850.642102718353,170.72653363604968,96.6,1305,rlcg,ga
967,2.5394489768231503e-08,4855.545662403107,165.70114463216396,96.7,1305,rlcg,ga
968,2.3932951645010376e-08,4861.7782373428345,160.71994173034182,96.8,1305,rlcg,ga
969,2.3476213511276697e-08,4866.654994010925,155.69278102614953,96.89999999999999,1305,rlcg,ga
970,2.3202165334362366e-08,4871.8234713077545,150.67495272085853,97.0,1305,rlcg,ga
971,2.3110801190355528e-08,4877.819113969803,145.68151833689444,97.1,1305,rlcg,ga
972,2.311077784317353e-08,4882.62264752388,140.65168120439193,97.2,1305,rlcg,ga
973,4.302387946802486e-08,4888.4568474292755,135.65090943534506,97.3,1305,rlcg,ga
974,8.010831302045479e-08,4893.8272359371185,130.63604531248984,97.39999999999999,1305,rlcg,ga
975,5.8003856044020006e-08,4898.628683567047,125.60586368120676,97.5,1305,rlcg,ga
976,1.370210933970275e-08,4904.735251426697,120.6082438875419,97.6,1305,rlcg,ga
977,1.662517704874263e-08,4909.603907108307,115.57921173335853,97.7,1305,rlcg,ga
978,1.4158833621936659e-08,4914.318120241165,110.54703337965839,97.8,1305,rlcg,ga
979,1.1618600370909819e-07,4920.436351299286,105.54562142725717,97.89999999999999,1305,rlcg,ga
980,3.35655201465548e-07,4925.065071344376,100.51153206825256,98.0,1305,rlcg,ga
981,0.01932779691601685,4929.709244728088,95.47856845039132,98.1,1305,rlcg,ga
982,0.04443866784763643,4935.85525727272,90.47392528605815,98.2,1305,rlcg,ga
983,3.355634686451448e-07,4940.428748130798,85.43976471843689,98.3,1305,rlcg,ga
984,3.362025653450996e-07,4945.109684467316,80.4082875523145,98.4,1305,rlcg,ga
985,3.345585780546526e-07,4951.390050649643,75.40187894390328,98.5,1305,rlcg,ga
986,3.3172718235880307e-07,4956.001801252365,70.36919393258904,98.6,1305,rlcg,ga
987,3.2670369953402384e-07,4960.673262119293,65.33814833591805,98.7,1305,rlcg,ga
988,3.215887570857174e-07,4966.998877048492,60.32792158358461,98.8,1305,rlcg,ga
989,3.1318573969848085e-07,4971.683623790741,55.29678449109997,98.9,1305,rlcg,ga
990,2.9491784237949644e-07,4976.779935598373,50.27050439998402,99.0,1305,rlcg,ga
991,2.7345466088294854e-07,4982.795010328293,45.25242693537348,99.1,1305,rlcg,ga
992,2.4916165457258777e-07,4987.50058054924,40.22177887539692,99.2,1305,rlcg,ga
993,2.2952487852029197e-07,4992.73187661171,35.19549157732308,99.3,1305,rlcg,ga
994,1.9783525496531257e-07,4998.532987833023,30.17223131488754,99.4,1305,rlcg,ga
995,2.3144159783382626e-07,5003.2548360824585,25.14198410091649,99.5,1305,rlcg,ga
996,8.522307962440728e-08,5008.991887807846,20.116433284369123,99.6,1305,rlcg,ga
997,4.695149243834261e-08,5014.439938783646,15.088585573070304,99.7,1305,rlcg,ga
998,9.855828194440096e-08,5019.348957777023,10.058815546647565,99.8,1305,rlcg,ga
999,2.2653997893591494e-08,5026.132402181625,5.0311635657471925,99.9,1305,rlcg,ga
1000,1.0596308115668152e-08,5031.022476911545,0.0,100.0,1305,rlcg,ga
1001,3.471220340031124e-09,5.212509870529175,10419.80723118782,0.05,1305,rlcg,ga
1002,1.5529163800767833e-09,9.015990734100342,9006.974743366241,0.1,1305,rlcg,ga
1003,0.04867208908279253,12.76451301574707,8496.910830815634,0.15,1305,rlcg,ga
1004,3.6538616510802144e-08,17.630892992019653,8797.815603017807,0.2,1305,rlcg,ga
1005,3.571651902288855e-08,21.849934577941895,8718.123896598816,0.25,1305,rlcg,ga
1006,3.544248373919413e-08,25.672561168670654,8531.847828388214,0.3,1305,rlcg,ga
1007,3.334155725047592e-08,29.875415802001953,8505.95767048427,0.35000000000000003,1305,rlcg,ga
1008,3.041851306285074e-08,34.975205183029175,8708.826090574265,0.4,1305,rlcg,ga
1009,2.4115668085200347e-08,38.73011803627014,8567.962778912652,0.44999999999999996,1305,rlcg,ga
1010,1.836084907136722e-08,42.5080406665802,8459.10009264946,0.5,1305,rlcg,ga
1011,1.5072362246330813e-08,47.59331917762756,8605.737440391022,0.5499999999999999,1305,rlcg,ga
1012,1.1875208900345782e-08,51.72300934791565,8568.778548638025,0.6,1305,rlcg,ga
1013,9.50017220787151e-09,55.50847506523132,8484.256919585741,0.65,1305,rlcg,ga
1014,8.038605858952742e-09,59.6432991027832,8460.828001294816,0.7000000000000001,1305,rlcg,ga
1015,5.7549158872151566e-09,64.62971234321594,8552.665266752243,0.75,1305,rlcg,ga
1016,5.754911662072146e-09,68.44039225578308,8486.608639717102,0.8,1305,rlcg,ga
1017,6.94242739481876e-09,72.15025734901428,8416.115313123253,0.8500000000000001,1305,rlcg,ga
1018,1.9730997264141688e-08,77.06206607818604,8485.38972038693,0.8999999999999999,1305,rlcg,ga
1019,1.224054978585934e-08,81.1980402469635,8465.964091012353,0.95,1305,rlcg,ga
1020,6.39434153851036e-09,84.93058013916016,8408.127433776855,1.0,1305,rlcg,ga
1021,1.6990561143966155e-08,89.00987529754639,8388.121105421156,1.05,1305,rlcg,ga
1022,4.202001772163493e-09,94.21652150154114,8470.921796820381,1.0999999999999999,1305,rlcg,ga
1023,1.9317706467647225e-07,97.93593263626099,8418.23212269078,1.15,1305,rlcg,ga
1024,0.02875398766321676,101.66812992095947,8370.676030158997,1.2,1305,rlcg,ga
1025,0.0003084190982889912,106.61054468154907,8422.233029842377,1.25,1305,rlcg,ga
1026,2.5856289013478037e-07,110.84799528121948,8415.920872504896,1.3,1305,rlcg,ga
1027,2.5856289013478037e-07,114.65888214111328,8378.59164683024,1.35,1305,rlcg,ga
1028,2.5801497986147685e-07,118.8679473400116,8371.699719803673,1.4000000000000001,1305,rlcg,ga
1029,2.5856289013478037e-07,124.03242254257202,8429.927752807222,1.4500000000000002,1305,rlcg,ga
1030,2.5701048512768244e-07,127.83242988586426,8394.329562505087,1.5,1305,rlcg,ga
1031,2.5801497986147685e-07,131.64081621170044,8361.315068414135,1.55,1305,rlcg,ga
1032,2.5701048512768244e-07,136.80588960647583,8413.562210798264,1.6,1305,rlcg,ga
1033,2.5354041646580815e-07,140.89208507537842,8398.022161917253,1.6500000000000001,1305,rlcg,ga
1034,2.4815263954558594e-07,144.8862099647522,8377.832023255965,1.7000000000000002,1305,rlcg,ga
1035,2.2998002939411506e-07,149.47169637680054,8391.76809658323,1.7500000000000002,1305,rlcg,ga
1036,1.776514871945155e-07,154.17877316474915,8411.30862487687,1.7999999999999998,1305,rlcg,ga
1037,1.6660085197723688e-07,158.22225427627563,8394.332030927813,1.8499999999999999,1305,rlcg,ga
1038,9.645754293006955e-08,161.97273206710815,8362.907903043848,1.9,1305,rlcg,ga
1039,3.772584301726429e-08,167.38163352012634,8416.291880332506,1.95,1305,rlcg,ga
1040,1.4798250997178542e-08,171.330482006073,8395.193618297577,2.0,1305,rlcg,ga
1041,5.480867361835422e-09,175.08055019378662,8365.43409340556,2.0500000000000003,1305,rlcg,ga
1042,1.9822284397294466e-08,179.81318259239197,8382.719321807224,2.1,1305,rlcg,ga
1043,4.576403942936853e-08,184.28095722198486,8386.926355428475,2.15,1305,rlcg,ga
1044,7.791597760992545e-08,188.05842518806458,8360.051810633053,2.1999999999999997,1305,rlcg,ga
1045,0.06613416236455524,191.90586066246033,8337.243502113555,2.25,1305,rlcg,ga
1046,3.0102424138007947e-07,197.2273998260498,8377.876940436985,2.3,1305,rlcg,ga
1047,3.016634328626239e-07,200.95716547966003,8350.411578335661,2.35,1305,rlcg,ga
1048,3.022112985323558e-07,204.73683309555054,8325.964545885721,2.4,1305,rlcg,ga
1049,3.0403754716717647e-07,209.577650308609,8344.612158206044,2.45,1305,rlcg,ga
1050,3.022112985323558e-07,213.8967514038086,8341.973304748535,2.5,1305,rlcg,ga
1051,3.022112985323558e-07,217.69151949882507,8319.230813788434,2.55,1305,rlcg,ga
1052,3.016634328626239e-07,221.63563060760498,8302.811700454125,2.6,1305,rlcg,ga
1053,2.992893185580713e-07,226.83876705169678,8333.114706597238,2.65,1305,rlcg,ga
1054,2.98102261405795e-07,230.6698877811432,8312.659289298233,2.7,1305,rlcg,ga
1055,2.9636731628200104e-07,234.50243997573853,8292.859013687481,2.75,1305,rlcg,ga
1056,2.878751753832988e-07,239.33017754554749,8308.176163366863,2.8000000000000003,1305,rlcg,ga
1057,2.5500149566009353e-07,243.6455156803131,8305.319946786813,2.85,1305,rlcg,ga
1058,2.211218715870175e-07,247.45948910713196,8285.62634217328,2.9000000000000004,1305,rlcg,ga
1059,1.4879162712343808e-07,251.40606546401978,8270.833441790888,2.9499999999999997,1305,rlcg,ga
1060,1.0166370525770603e-07,256.53898334503174,8294.76046148936,3.0,1305,rlcg,ga
1061,4.028345920302516e-08,260.32922649383545,8275.055248713885,3.05,1305,rlcg,ga
1062,2.110112454899198e-08,264.0930440425873,8255.0374089441,3.1,1305,rlcg,ga
1063,1.3154015599364608e-08,268.96392607688904,8269.573409697367,3.15,1305,rlcg,ga
1064,2.557743027167559e-09,273.2409155368805,8265.537694990635,3.2,1305,rlcg,ga
1065,9.956879676649724e-09,277.0831038951874,8248.550862110578,3.25,1305,rlcg,ga
1066,1.918307967306475e-09,281.14172768592834,8238.304565827051,3.3000000000000003,1305,rlcg,ga
1067,6.714756687117564e-05,286.3308482170105,8260.858650798227,3.35,1305,rlcg,ga
1068,0.004292276717034639,290.13589334487915,8243.272734445683,3.4000000000000004,1305,rlcg,ga
1069,4.786506618900645e-08,293.981999874115,8227.235387781391,3.45,1305,rlcg,ga
1070,4.147096474315874e-08,299.11076045036316,8246.91096670287,3.5000000000000004,1305,rlcg,ga
1071,3.672109974052117e-08,303.15995478630066,8236.557081447521,3.55,1305,rlcg,ga
1072,2.7860695115621542e-08,306.8463680744171,8216.663856214947,3.5999999999999996,1305,rlcg,ga
1073,1.7904035059292042e-08,311.0183641910553,8210.032709536488,3.65,1305,rlcg,ga
1074,1.0779007698844256e-08,315.8731155395508,8221.238115259119,3.6999999999999997,1305,rlcg,ga
1075,5.754912620352004e-09,319.6958558559418,8205.526966969173,3.75,1305,rlcg,ga
1076,5.75491388353909e-09,323.4735233783722,8188.987618157738,3.8,1305,rlcg,ga
1077,2.0096570401846332e-09,328.73389410972595,8209.808810039,3.85,1305,rlcg,ga
1078,2.740443165710398e-10,332.88040947914124,8202.514705370633,3.9,1305,rlcg,ga
1079,2.101004893433881e-09,336.93372893333435,8193.034092163738,3.95,1305,rlcg,ga
1080,1.4615688317347633e-09,341.4931652545929,8195.83596611023,4.0,1305,rlcg,ga
1081,5.480885514705009e-10,346.1108465194702,8199.835981121769,4.05,1305,rlcg,ga
1082,9.134810915352789e-11,350.0413157939911,8187.551752352132,4.1000000000000005,1305,rlcg,ga
1083,9.134810915352789e-11,354.0340178012848,8176.906170181481,4.15,1305,rlcg,ga
1084,0.0,359.44890880584717,8198.858443714324,4.2,1305,rlcg,ga
1085,3.653923712768485e-10,363.38408756256104,8186.829737438875,4.25,1305,rlcg,ga
1086,9.134810915352789e-11,367.16971707344055,8171.660912541456,4.3,1305,rlcg,ga
1087,0.0,371.95395040512085,8178.711576149382,4.35,1305,rlcg,ga
1088,2.7404430023672404e-10,376.3024003505707,8176.024880344217,4.3999999999999995,1305,rlcg,ga
1089,2.9231340916991463e-09,380.1030914783478,8161.539413653063,4.45,1305,rlcg,ga
1090,0.024323517974761292,384.17692041397095,8153.087977674273,4.5,1305,rlcg,ga
1091,0.0033948141659103275,389.4679753780365,8170.267747216172,4.55,1305,rlcg,ga
1092,2.1262890552224099e-07,393.28683400154114,8156.426948640657,4.6,1305,rlcg,ga
1093,2.118069955087142e-07,397.2333285808563,8145.418898964441,4.65,1305,rlcg,ga
1094,2.1262890552224099e-07,402.40592527389526,8159.422272043024,4.7,1305,rlcg,ga
1095,2.1144171455924995e-07,406.43896222114563,8150.17076875034,4.75,1305,rlcg,ga
1096,2.1061980454572315e-07,410.3629307746887,8138.864793697992,4.8,1305,rlcg,ga
1097,2.093412877699196e-07,414.99413323402405,8141.585933446884,4.8500000000000005,1305,rlcg,ga
1098,2.0769746774286604e-07,419.73135256767273,8146.214618201158,4.9,1305,rlcg,ga
1099,2.0367922118625877e-07,423.5396456718445,8132.816832547236,4.95,1305,rlcg,ga
1100,1.9975227814067825e-07,427.24226331710815,8117.603003025055,5.0,1305,rlcg,ga
1101,1.87697382358356e-07,432.58683490753174,8133.489103855472,5.050000000000001,1305,rlcg,ga
1102,1.589292383813424e-07,436.328325510025,8119.129037431643,5.1,1305,rlcg,ga
1103,1.5171419809504603e-07,440.08861780166626,8105.321436599621,5.1499999999999995,1305,rlcg,ga
1104,1.0349042223002833e-07,444.41784930229187,8102.07925266486,5.2,1305,rlcg,ga
1105,4.8687000682227796e-08,449.09062814712524,8105.016574655261,5.25,1305,rlcg,ga
1106,2.6764529239800242e-08,452.85542392730713,8091.58653696528,5.3,1305,rlcg,ga
1107,8.129938989538714e-09,456.70509791374207,8079.838788324427,5.35,1305,rlcg,ga
1108,8.403980545610389e-09,462.05029249191284,8094.436605506473,5.4,1305,rlcg,ga
1109,1.461568439711185e-09,465.80845952033997,8081.135751862044,5.45,1305,rlcg,ga
1110,6.577036373845348e-09,469.61640787124634,8068.863735242323,5.5,1305,rlcg,ga
1111,1.004828563650492e-09,474.08543491363525,8067.994473440152,5.55,1305,rlcg,ga
1112,1.3702204993455866e-09,478.7145025730133,8069.758757659367,5.6000000000000005,1305,rlcg,ga
1113,2.7404430023672404e-10,482.53978991508484,8057.987465219159,5.65,1305,rlcg,ga
1114,0.0,486.28070044517517,8044.959658242109,5.7,1305,rlcg,ga
1115,2.7404430023672404e-10,491.514363527298,8056.561523903971,5.75,1305,rlcg,ga
1116,1.2788725589799885e-09,495.3286964893341,8044.821242981943,5.800000000000001,1305,rlcg,ga
1117,0.035763844615811655,499.32640314102173,8036.167667645674,5.8500000000000005,1305,rlcg,ga
1118,1.4732395412741135e-06,504.0596890449524,8039.324871038987,5.8999999999999995,1305,rlcg,ga
1119,7.886717748744378e-07,508.84737753868103,8043.209387817304,5.949999999999999,1305,rlcg,ga
1120,4.2146225896988677e-07,512.8330972194672,8034.385189771652,6.0,1305,rlcg,ga
1121,2.1875080426394854e-07,517.0402138233185,8029.079022925747,6.05,1305,rlcg,ga
1122,1.3007052267064836e-07,522.1795523166656,8038.140977464738,6.1,1305,rlcg,ga
1123,8.851240490076143e-08,525.8841648101807,8025.077864623652,6.15,1305,rlcg,ga
1124,4.165406562780455e-08,529.7200362682343,8014.151516445221,6.2,1305,rlcg,ga
1125,3.0966677715898385e-08,534.6341068744659,8019.511603116989,6.25,1305,rlcg,ga
1126,2.2562818436248236e-08,538.850691318512,8014.334885165805,6.3,1305,rlcg,ga
1127,1.4524269028690776e-08,542.6881582736969,8003.5820507609005,6.35,1305,rlcg,ga
1128,1.2423269362237939e-08,546.916512966156,7998.654002130032,6.4,1305,rlcg,ga
1129,1.2331917937218311e-08,551.9989984035492,8006.125007853027,6.45,1305,rlcg,ga
1130,8.221295467306685e-09,555.9347734451294,7996.907894941476,6.5,1305,rlcg,ga
1131,3.0144825329837613e-09,559.9692828655243,7989.180073860038,6.550000000000001,1305,rlcg,ga
1132,3.471220340031124e-09,565.3650145530701,8000.771569584354,6.6000000000000005,1305,rlcg,ga
1133,2.7404389024539837e-09,569.1910238265991,7990.07249236286,6.65,1305,rlcg,ga
1134,1.3702204993455866e-09,572.9580864906311,7978.655144712819,6.7,1305,rlcg,ga
1135,2.0187667098656384e-08,577.4040007591248,7976.7293438205015,6.75,1305,rlcg,ga
1136,6.302994120842866e-09,582.0358240604401,7977.314529769561,6.800000000000001,1305,rlcg,ga
1137,7.307814321323687e-09,585.7173273563385,7964.900590254441,6.8500000000000005,1305,rlcg,ga
1138,1.004828563650492e-09,589.5709583759308,7954.9356847535,6.9,1305,rlcg,ga
1139,2.7404430023672404e-10,594.8742957115173,7964.468088626862,6.950000000000001,1305,rlcg,ga
1140,0.0,598.6392295360565,7953.349763836179,7.000000000000001,1305,rlcg,ga
1141,9.134810915352789e-11,602.3902609348297,7942.152447360628,7.049999999999999,1305,rlcg,ga
1142,3.476264490077605e-05,606.6879262924194,7938.212444023347,7.1,1305,rlcg,ga
1143,0.006702133521806293,611.3858885765076,7939.465699906117,7.1499999999999995,1305,rlcg,ga
1144,2.721902792577514e-07,615.0980477333069,7927.930393007067,7.199999999999999,1305,rlcg,ga
1145,1.9574473086580405e-07,618.8229615688324,7916.666163518512,7.249999999999999,1305,rlcg,ga
1146,1.2559871703017882e-07,623.8561789989471,7922.118875781151,7.3,1305,rlcg,ga
1147,7.6548054368749e-08,627.758552312851,7913.174132215734,7.35,1305,rlcg,ga
1148,4.338987285500549e-08,631.4864900112152,7902.114726356558,7.3999999999999995,1305,rlcg,ga
1149,2.55773264289855e-08,635.7648532390594,7897.991566077175,7.449999999999999,1305,rlcg,ga
1150,1.71733796845192e-08,640.7123408317566,7902.118870258331,7.5,1305,rlcg,ga
1151,1.187521796044626e-08,644.5034563541412,7891.966164230511,7.55,1305,rlcg,ga
1152,9.774216900131811e-09,648.4276645183563,7883.515289670542,7.6,1305,rlcg,ga
1153,1.0687680187262908e-08,653.7705836296082,7892.250117411022,7.6499999999999995,1305,rlcg,ga
1154,1.0139588015019078e-08,657.5216426849365,7881.7204701064475,7.7,1305,rlcg,ga
1155,6.028955287157151e-09,661.4726870059967,7873.65875823267,7.75,1305,rlcg,ga
1156,2.840880712861425e-08,665.9505972862244,7871.877573049986,7.8,1305,rlcg,ga
1157,5.709045851884418e-08,670.6729004383087,7872.930926801293,7.85,1305,rlcg,ga
1158,1.580307711612644e-08,674.4675133228302,7863.095946459831,7.9,1305,rlcg,ga
1159,4.4211210688340595e-08,678.4137876033783,7855.092974703266,7.95,1305,rlcg,ga
1160,0.0017673633216872986,683.7130978107452,7862.70062482357,8.0,1305,rlcg,ga
1161,1.9182925651356636e-08,687.4726428985596,7852.560188139447,8.05,1305,rlcg,ga
1162,1.9639660997367088e-08,691.2449831962585,7842.643698239031,8.1,1305,rlcg,ga
1163,1.5255037567603235e-08,695.7723894119263,7841.312143249745,8.15,1305,rlcg,ga
1164,1.525502746210655e-08,700.2284691333771,7839.143105663905,8.200000000000001,1305,rlcg,ga
1165,9.043426582131667e-09,703.9227712154388,7828.474455638365,8.25,1305,rlcg,ga
1166,9.956895183360158e-09,707.6474685668945,7818.225646696894,8.3,1305,rlcg,ga
1167,7.307821551980798e-09,712.9181883335114,7825.024186918121,8.35,1305,rlcg,ga
1168,9.865551250346693e-09,716.6043727397919,7814.400064638683,8.4,1305,rlcg,ga
1169,4.932784511041123e-09,720.3414921760559,7804.409894522831,8.450000000000001,1305,rlcg,ga
1170,1.0048287324384216e-09,724.6882030963898,7801.055362743489,8.5,1305,rlcg,ga
1171,1.8269620741751193e-10,729.3474524021149,7801.032107856538,8.55,1305,rlcg,ga
1172,8.221326774745234e-10,732.9991385936737,7790.246659007184,8.6,1305,rlcg,ga
1173,7.307846499925743e-10,736.7667691707611,7780.76813453746,8.649999999999999,1305,rlcg,ga
1174,1.5711765247374824e-08,741.9118595123291,7785.810663617891,8.7,1305,rlcg,ga
1175,2.2288615192229576e-08,745.8087940216064,7777.720280511039,8.75,1305,rlcg,ga
1176,1.3245362320101295e-08,749.605635881424,7768.640226407486,8.799999999999999,1305,rlcg,ga
1177,3.6539158722969178e-09,753.7742264270782,7763.448671054033,8.85,1305,rlcg,ga
1178,6.394365408390464e-10,758.6072869300842,7765.070094306817,8.9,1305,rlcg,ga
1179,3.836611056097309e-09,762.3220760822296,7755.243019808604,8.95,1305,rlcg,ga
1180,0.020784946984806704,766.043251991272,7745.54843680064,9.0,1305,rlcg,ga
1181,8.862650557599562e-07,771.2515552043915,7750.865076888333,9.049999999999999,1305,rlcg,ga
1182,7.17708727450135e-07,775.3821513652802,7745.300830670765,9.1,1305,rlcg,ga
1183,5.290317447263733e-07,779.2091364860535,7736.737710356061,9.15,1305,rlcg,ga
1184,3.381166774404888e-07,783.4634804725647,7732.443915968355,9.2,1305,rlcg,ga
1185,2.1802867522777212e-07,788.2500288486481,7733.37190465025,9.25,1305,rlcg,ga
1186,1.4898102503926476e-07,791.9217102527618,7723.365496766182,9.3,1305,rlcg,ga
1187,1.0943113847624981e-07,795.6116964817047,7713.6043086702175,9.35,1305,rlcg,ga
1188,7.663880869830063e-08,800.6391756534576,7716.798863213113,9.4,1305,rlcg,ga
1189,6.540329028295632e-08,804.6450672149658,7710.117548816419,9.45,1305,rlcg,ga
1190,6.092725984794106e-08,808.5022976398468,7702.048203832224,9.5,1305,rlcg,ga
1191,6.266253880159109e-08,812.6851530075073,7697.107025081574,9.55,1305,rlcg,ga
1192,5.6816508010248576e-08,817.5923247337341,7698.9943912426625,9.6,1305,rlcg,ga
1193,3.060102447470924e-08,821.3274917602539,7689.838225962585,9.65,1305,rlcg,ga
1194,3.0052949812851904e-08,825.0125463008881,7680.271436182495,9.700000000000001,1305,rlcg,ga
1195,3.900466639906428e-08,830.0007085800171,7682.82707172785,9.75,1305,rlcg,ga
1196,2.2836688547341647e-08,834.1038446426392,7677.159876200618,9.8,1305,rlcg,ga
1197,8.952062960822934e-09,837.8781054019928,7668.498599186767,9.85,1305,rlcg,ga
1198,1.9913629724169544e-08,841.9316885471344,7662.42880182796,9.9,1305,rlcg,ga
1199,4.841434741232159e-09,846.7914605140686,7663.675479325817,9.950000000000001,1305,rlcg,ga
1200,7.307814321323687e-09,850.4452548027039,7654.007293224335,10.0,1305,rlcg,ga
1201,8.221325958029445e-10,854.1579530239105,7644.926156666741,10.05,1305,rlcg,ga
1202,7.307845683209955e-10,858.9178946018219,7645.219675713246,10.100000000000001,1305,rlcg,ga
1203,9.134810915352789e-11,863.1696929931641,7640.9652133434265,10.15,1305,rlcg,ga
1204,0.0,866.967467546463,7632.713586830625,10.2,1305,rlcg,ga
1205,3.653923712768485e-10,870.9586074352264,7626.1985382743005,10.25,1305,rlcg,ga
1206,0.0,876.1373932361603,7630.050890610057,10.299999999999999,1305,rlcg,ga
1207,8.221328135938215e-10,879.8710460662842,7621.298481144191,10.35,1305,rlcg,ga
1208,0.03669791650021461,883.5341918468475,7611.986883603609,10.4,1305,rlcg,ga
1209,1.259596268296281e-07,888.263190984726,7611.863038534182,10.45,1305,rlcg,ga
1210,1.2522884713982274e-07,892.5865294933319,7608.237560919353,10.5,1305,rlcg,ga
1211,1.2404143629516243e-07,896.3037974834442,7599.46679477669,10.549999999999999,1305,rlcg,ga
1212,1.2358469816142875e-07,900.0935003757477,7591.35461637659,10.6,1305,rlcg,ga
1213,1.239499812016854e-07,905.4107179641724,7596.098370901296,10.65,1305,rlcg,ga
1214,1.227625693116289e-07,909.112357378006,7587.264814379059,10.7,1305,rlcg,ga
1215,1.2139253820322983e-07,912.8150012493134,7578.487335953601,10.75,1305,rlcg,ga
1216,1.1983978926077918e-07,917.3904092311859,7576.965231798313,10.8,1305,rlcg,ga
1217,1.1600360612019671e-07,921.8334209918976,7574.327141145408,10.85,1305,rlcg,ga
1218,1.1289816155050206e-07,925.5011034011841,7565.334707618853,10.9,1305,rlcg,ga
1219,1.0248583785350898e-07,929.2555277347565,7557.096323724207,10.95,1305,rlcg,ga
1220,1.054085540480736e-07,934.6021308898926,7561.780877200041,11.0,1305,rlcg,ga
1221,1.0951860603656238e-07,938.378221988678,7553.732384243702,11.05,1305,rlcg,ga
1222,7.22529798831497e-08,942.0441238880157,7544.839875103116,11.1,1305,rlcg,ga
1223,3.343267955949309e-08,946.4378049373627,7541.793629478447,11.15,1305,rlcg,ga
1224,4.960042049829987e-08,951.0848906040192,7540.744489789009,11.200000000000001,1305,rlcg,ga
1225,1.2404070382088536e-07,954.7763278484344,7532.1243641376495,11.25,1305,rlcg,ga
1226,1.9274209648320786e-08,958.4952416419983,7523.763533950907,11.3,1305,rlcg,ga
1227,5.937604450172891e-09,963.707733631134,7527.109302766523,11.35,1305,rlcg,ga
1228,2.3932832469842558e-08,967.4900877475739,7519.265067932898,11.4,1305,rlcg,ga
1229,3.6137925204018066e-07,971.1630856990814,7510.610588528703,11.450000000000001,1305,rlcg,ga
1230,0.0939236201545208,975.3341743946075,7505.832559471544,11.5,1305,rlcg,ga
1231,3.880398772599825e-07,980.1920540332794,7506.3192362981445,11.55,1305,rlcg,ga
1232,3.8730944917176876e-07,983.9360935688019,7498.271609610525,11.600000000000001,1305,rlcg,ga
1233,3.884050913040894e-07,987.7293853759766,7490.634437593779,11.65,1305,rlcg,ga
1234,3.880398772599825e-07,993.0820171833038,7494.798471562883,11.700000000000001,1305,rlcg,ga
1235,3.8730944917176876e-07,996.9905154705048,7488.03514810826,11.75,1305,rlcg,ga
1236,3.869442351276619e-07,1000.924925327301,7481.489696090504,11.799999999999999,1305,rlcg,ga
1237,3.862138516430197e-07,1005.2654201984406,7477.98707092764,11.85,1305,rlcg,ga
1238,3.846616919555655e-07,1009.9519040584564,7477.038886348741,11.899999999999999,1305,rlcg,ga
1239,3.8018786451882785e-07,1013.7716479301453,7469.673104623373,11.95,1305,rlcg,ga
1240,3.710575357179418e-07,1017.5078134536743,7461.723965326946,12.0,1305,rlcg,ga
1241,3.65944494496874e-07,1022.8274314403534,7465.367020346812,12.049999999999999,1305,rlcg,ga
1242,3.408353599109526e-07,1026.5401709079742,7457.262894447185,12.1,1305,rlcg,ga
1243,2.636766673093345e-07,1030.2614421844482,7449.256600485907,12.15,1305,rlcg,ga
1244,1.7984335130014253e-07,1034.5257720947266,7445.1936713046725,12.2,1305,rlcg,ga
1245,1.8204089400886605e-07,1039.249499320984,7444.41988289113,12.25,1305,rlcg,ga
1246,5.893340562666513e-07,1042.9996283054352,7436.672146535502,12.3,1305,rlcg,ga
1247,1.1536398219208722e-07,1047.302184343338,7432.877445967091,12.35,1305,rlcg,ga
1248,6.604189329455143e-08,1052.6825802326202,7436.693066804641,12.4,1305,rlcg,ga
1249,3.854793423280063e-08,1056.4295918941498,7428.948656251632,12.45,1305,rlcg,ga
1250,7.76456272934198e-09,1060.1320912837982,7420.9246389865875,12.5,1305,rlcg,ga
1251,9.134806232848937e-10,1064.5943846702576,7418.229397562871,12.55,1305,rlcg,ga
1252,2.7404430023672404e-10,1069.1713173389435,7416.315328208228,12.6,1305,rlcg,ga
1253,0.0,1072.895129442215,7408.489293025887,12.65,1305,rlcg,ga
1254,1.8269620741751193e-10,1076.6500380039215,7400.909316357665,12.7,1305,rlcg,ga
1255,0.0,1081.9638721942902,7404.02728227073,12.75,1305,rlcg,ga
1256,0.0,1085.7031400203705,7396.352641388774,12.8,1305,rlcg,ga
1257,1.3702204993455866e-09,1089.4179453849792,7388.542719089568,12.85,1305,rlcg,ga
1258,0.07979974901995883,1093.7769486904144,7385.114126429076,12.9,1305,rlcg,ga
1259,1.516364336845539e-08,1098.4688956737518,7383.916399104255,12.950000000000001,1305,rlcg,ga
1260,1.516364336845539e-08,1102.2948546409607,7376.89633490489,13.0,1305,rlcg,ga
1261,1.4980951320843628e-08,1106.022391796112,7369.244978289038,13.05,1305,rlcg,ga
1262,1.4889604600106939e-08,1111.3253593444824,7372.074330308054,13.100000000000001,1305,rlcg,ga
1263,1.4432872390285111e-08,1115.0327107906342,7364.303492940424,13.15,1305,rlcg,ga
1264,1.3976140180463283e-08,1118.8222346305847,7357.103785298086,13.200000000000001,1305,rlcg,ga
1265,1.3428061249904768e-08,1123.154772758484,7353.485021645167,13.25,1305,rlcg,ga
1266,1.1783821670505998e-08,1127.8385865688324,7352.150786129156,13.3,1305,rlcg,ga
1267,9.682843608908146e-09,1131.641503572464,7345.073878992809,13.350000000000001,1305,rlcg,ga
1268,6.4856916567847276e-09,1135.3745319843292,7337.569736555441,13.4,1305,rlcg,ga
1269,4.202003427374157e-09,1140.680555820465,7340.215769982249,13.450000000000001,1305,rlcg,ga
1270,2.92313509353718e-09,1144.408145904541,7332.689231166132,13.5,1305,rlcg,ga
1271,1.6442649302568368e-09,1148.0640797615051,7324.733556854768,13.55,1305,rlcg,ga
1272,1.0961769831560193e-09,1152.3442318439484,7320.775119949789,13.600000000000001,1305,rlcg,ga
1273,9.134808846339458e-10,1157.046911239624,7319.48723703601,13.65,1305,rlcg,ga
1274,4.56740507654236e-10,1160.7474818229675,7311.861874549057,13.700000000000001,1305,rlcg,ga
1275,6.394366225106253e-10,1164.4993171691895,7304.586625879461,13.750000000000002,1305,rlcg,ga
1276,9.134810915352789e-11,1169.6570148468018,7306.118455057558,13.8,1305,rlcg,ga
1277,9.134810915352789e-11,1173.5267124176025,7299.590344749202,13.850000000000001,1305,rlcg,ga
1278,4.567404423169729e-10,1177.2634584903717,7292.257825613022,13.900000000000002,1305,rlcg,ga
1279,2.3750479740416945e-09,1181.4075133800507,7287.463550276225,13.950000000000001,1305,rlcg,ga
1280,0.04214559450916834,1186.2283594608307,7286.831350973673,14.000000000000002,1305,rlcg,ga
1281,4.1616496666699425e-07,1189.9834609031677,7279.649712784858,14.05,1305,rlcg,ga
1282,8.860717612168771e-09,1193.7121696472168,7272.331586716024,14.099999999999998,1305,rlcg,ga
1283,8.952065029836265e-09,1198.751479625702,7272.990425856291,14.149999999999999,1305,rlcg,ga
1284,8.860717612168771e-09,1202.7453022003174,7267.292037238538,14.2,1305,rlcg,ga
1285,8.860717612168771e-09,1206.459466934204,7259.922757165474,14.249999999999998,1305,rlcg,ga
1286,8.860717612168771e-09,1210.6392607688904,7255.369555796777,14.299999999999999,1305,rlcg,ga
1287,8.860717612168771e-09,1215.583392381668,7255.381014459224,14.35,1305,rlcg,ga
1288,8.952065029836265e-09,1219.3742887973785,7248.502716739973,14.399999999999999,1305,rlcg,ga
1289,8.860717612168771e-09,1223.1176934242249,7241.364614009857,14.45,1305,rlcg,ga
1290,9.043411750572953e-09,1228.2606768608093,7242.5026118344285,14.499999999999998,1305,rlcg,ga
1291,8.03859364088455e-09,1232.3985540866852,7237.694601148265,14.549999999999999,1305,rlcg,ga
1292,7.216468972669523e-09,1236.0924470424652,7230.294176536065,14.6,1305,rlcg,ga
1293,5.389520967785049e-09,1240.3109204769135,7225.975226123179,14.649999999999999,1305,rlcg,ga
1294,3.6539162153175488e-09,1245.2241656780243,7225.688526009217,14.7,1305,rlcg,ga
1295,4.4760450651174116e-09,1249.1909897327423,7219.900466082459,14.75,1305,rlcg,ga
1296,4.932782158899653e-09,1253.225864648819,7214.516464059418,14.799999999999999,1305,rlcg,ga
1297,1.1875247002859688e-09,1258.7440328598022,7217.646760808901,14.85,1305,rlcg,ga
1298,1.096176591132441e-09,1262.6822063922882,7211.695017717029,14.899999999999999,1305,rlcg,ga
1299,2.2105924538479427e-08,1266.550357580185,7205.358388775567,14.95,1305,rlcg,ga
1300,1.662517704874263e-08,1271.4183201789856,7204.703814347586,15.0,1305,rlcg,ga
1301,9.774186235176349e-09,1275.860233783722,7201.61640265297,15.049999999999999,1305,rlcg,ga
1302,2.3110724527966875e-08,1279.7005002498627,7195.137249749228,15.1,1305,rlcg,ga
1303,0.1004550147323125,1283.79514336586,7190.1001923823915,15.15,1305,rlcg,ga
1304,5.005714432317294e-08,1289.0806376934052,7191.713031342155,15.2,1305,rlcg,ga
1305,4.9965790654907285e-08,1293.0023472309113,7185.701569037359,15.25,1305,rlcg,ga
1306,4.9965790654907285e-08,1296.8513996601105,7179.30153929486,15.299999999999999,1305,rlcg,ga
1307,4.987444811575543e-08,1302.2493541240692,7181.4597932640045,15.35,1305,rlcg,ga
1308,4.987444811575543e-08,1306.42050242424,7176.82951331758,15.4,1305,rlcg,ga
1309,4.9965790654907285e-08,1310.4780356884003,7171.580447731667,15.45,1305,rlcg,ga
1310,4.969176303745173e-08,1315.2290048599243,7170.119413591201,15.5,1305,rlcg,ga
1311,4.969176303745173e-08,1319.8014924526215,7167.667912387387,15.55,1305,rlcg,ga
1312,4.987444811575543e-08,1323.6866416931152,7161.484138390957,15.6,1305,rlcg,ga
1313,4.960042049829987e-08,1327.6734144687653,7155.86278021983,15.65,1305,rlcg,ga
1314,4.960042049829987e-08,1332.9433455467224,7157.141657935586,15.7,1305,rlcg,ga
1315,4.969176303745173e-08,1336.7712223529816,7150.665110046901,15.75,1305,rlcg,ga
1316,5.0239818272362835e-08,1340.6621911525726,7144.541550319405,15.8,1305,rlcg,ga
1317,4.695149243834261e-08,1345.6699640750885,7144.361355010644,15.85,1305,rlcg,ga
1318,4.941773541999617e-08,1350.2089111804962,7141.671033350927,15.9,1305,rlcg,ga
1319,4.8504315603924095e-08,1354.11367893219,7135.627254811947,15.950000000000001,1305,rlcg,ga
1320,2.9778905512615182e-08,1358.7081143856049,7133.2176005244255,16.0,1305,rlcg,ga
1321,1.2605936668806093e-08,1363.6941854953766,7132.842795784229,16.05,1305,rlcg,ga
1322,1.6990561143966155e-08,1367.6374609470367,7127.005153630831,16.1,1305,rlcg,ga
1323,4.024656980172566e-07,1371.5485615730286,7121.012191201142,16.150000000000002,1305,rlcg,ga
1324,0.026672804951034416,1377.0622384548187,7123.321949537889,16.2,1305,rlcg,ga
1325,2.76143958799227e-06,1381.2587101459503,7118.794890752206,16.25,1305,rlcg,ga
1326,2.0485112650526893e-06,1385.2712123394012,7113.325182380851,16.3,1305,rlcg,ga
1327,1.3950718406202463e-06,1390.5003366470337,7114.088878319533,16.35,1305,rlcg,ga
1328,1.0920259869618206e-06,1394.682097196579,7109.477032050854,16.400000000000002,1305,rlcg,ga
1329,8.844817324873359e-07,1398.72784781456,7104.1770021219745,16.45,1305,rlcg,ga
1330,7.370900219106525e-07,1403.2519614696503,7101.305380770655,16.5,1305,rlcg,ga
1331,6.802945491015711e-07,1408.1202111244202,7100.15901017117,16.55,1305,rlcg,ga
1332,6.132714829043667e-07,1412.2404959201813,7095.2323710688615,16.6,1305,rlcg,ga
1333,5.524668863629279e-07,1416.3973627090454,7090.493704612549,16.650000000000002,1305,rlcg,ga
1334,4.77056993874971e-07,1421.8602211475372,7092.272839616158,16.7,1305,rlcg,ga
1335,3.624759615220306e-07,1425.8182802200317,7086.529661392098,16.75,1305,rlcg,ga
1336,3.070510980125681e-07,1429.7413322925568,7080.623740877423,16.8,1305,rlcg,ga
1337,2.1071115265487668e-07,1435.049821138382,7081.566328050829,16.85,1305,rlcg,ga
1338,9.179935778109392e-08,1439.142474412918,7076.4934688587855,16.900000000000002,1305,rlcg,ga
1339,6.412369465826514e-08,1443.051650762558,7070.527409783506,16.950000000000003,1305,rlcg,ga
1340,2.895680593390917e-08,1447.5376644134521,7067.389773312736,17.0,1305,rlcg,ga
1341,1.5803060743697272e-08,1452.3836991786957,7065.995768145032,17.05,1305,rlcg,ga
1342,4.8504315603924095e-08,1456.4883830547333,7060.9875412419515,17.1,1305,rlcg,ga
1343,0.022963136260199694,1460.4598784446716,7055.341162049041,17.150000000000002,1305,rlcg,ga
1344,2.7253431218080367e-07,1465.9647765159607,7057.086249739625,17.2,1305,rlcg,ga
1345,2.714385139359825e-07,1470.091159105301,7052.176429910936,17.25,1305,rlcg,ga
1346,2.7043404150397387e-07,1474.058715581894,7046.511894718071,17.299999999999997,1305,rlcg,ga
1347,2.6988615353245615e-07,1479.3957419395447,7047.380868663018,17.349999999999998,1305,rlcg,ga
1348,2.693382432591527e-07,1483.484831571579,7042.290062517955,17.4,1305,rlcg,ga
1349,2.693382432591527e-07,1487.5031323432922,7036.870118907667,17.45,1305,rlcg,ga
1350,2.662335001503142e-07,1492.371380329132,7035.46507869448,17.5,1305,rlcg,ga
1351,2.575583954009859e-07,1497.0578680038452,7033.186394126327,17.549999999999997,1305,rlcg,ga
1352,2.4239955937411364e-07,1501.0952315330505,7027.8549476320095,17.599999999999998,1305,rlcg,ga
1353,2.304366361563918e-07,1505.2779223918915,7023.208890026757,17.65,1305,rlcg,ga
1354,1.9975227814067825e-07,1510.4766743183136,7023.28984725408,17.7,1305,rlcg,ga
1355,1.6724014381781735e-07,1514.3584344387054,7017.238379300481,17.75,1305,rlcg,ga
1356,1.3573127763053237e-07,1518.2736508846283,7011.353601276205,17.8,1305,rlcg,ga
1357,9.453946669225607e-08,1523.5213506221771,7011.612266308788,17.849999999999998,1305,rlcg,ga
1358,5.069652539267565e-08,1527.7854084968567,7007.328605452063,17.9,1305,rlcg,ga
1359,3.781718555641614e-08,1531.6874225139618,7001.390140237914,17.95,1305,rlcg,ga
1360,3.59903124715933e-08,1536.363038778305,6998.987176656723,18.0,1305,rlcg,ga
1361,1.2550202833481447e-07,1541.1785261631012,6997.2066603360745,18.05,1305,rlcg,ga
1362,0.00047968809849965535,1545.051662683487,6991.145368716994,18.099999999999998,1305,rlcg,ga
1363,1.2971322157891232e-08,1549.0509572029114,6985.665060443984,18.15,1305,rlcg,ga
1364,1.3062668878627919e-08,1554.519689798355,6986.7972871156835,18.2,1305,rlcg,ga
1365,1.2971322157891232e-08,1558.5139083862305,6981.28832934654,18.25,1305,rlcg,ga
1366,1.2971322157891232e-08,1562.6260335445404,6976.314040469342,18.3,1305,rlcg,ga
1367,1.2971322157891232e-08,1567.676602602005,6975.52014182309,18.35,1305,rlcg,ga
1368,1.2605936668806093e-08,1571.8066635131836,6970.620855580206,18.4,1305,rlcg,ga
1369,1.342805576157467e-08,1575.6110348701477,6964.286173098133,18.45,1305,rlcg,ga
1370,1.3610747809186436e-08,1579.7413575649261,6959.401115758999,18.5,1305,rlcg,ga
1371,9.408797958367985e-09,1584.7631447315216,6958.434400990967,18.55,1305,rlcg,ga
1372,5.846257032505397e-09,1588.6322207450867,6952.401224120971,18.6,1305,rlcg,ga
1373,6.851077929917024e-09,1592.465475320816,6946.223400394016,18.65,1305,rlcg,ga
1374,2.557743027167559e-09,1597.9340257644653,6947.167716291498,18.7,1305,rlcg,ga
1375,1.461568439711185e-09,1601.8261289596558,6941.246558825174,18.75,1305,rlcg,ga
1376,3.653923712768485e-10,1605.703010559082,6935.270449861568,18.8,1305,rlcg,ga
1377,9.134810915352789e-11,1610.3383812904358,6932.5708032742095,18.85,1305,rlcg,ga
1378,9.134810915352789e-11,1615.180356502533,6930.747455680181,18.9,1305,rlcg,ga
1379,9.134810915352789e-11,1619.2573764324188,6925.636430598815,18.95,1305,rlcg,ga
1380,6.394365408390464e-10,1623.4308414459229,6920.94200826946,19.0,1305,rlcg,ga
1381,9.134810915352789e-11,1628.7604711055756,6921.163261732092,19.05,1305,rlcg,ga
1382,0.0,1632.5636641979218,6914.8900750582125,19.1,1305,rlcg,ga
1383,1.8269620741751193e-10,1636.3140842914581,6908.406982504668,19.15,1305,rlcg,ga
1384,0.0,1641.1913928985596,6906.680445114771,19.2,1305,rlcg,ga
1385,0.0,1645.4053466320038,6902.1548956121715,19.25,1305,rlcg,ga
1386,1.8269620741751193e-10,1649.2602577209473,6896.129678657018,19.3,1305,rlcg,ga
1387,1.5529163800767833e-09,1653.5026922225952,6891.730859315365,19.35,1305,rlcg,ga
1388,0.031074948144846896,1658.5267114639282,6890.580048659413,19.400000000000002,1305,rlcg,ga
1389,5.535541235097288e-08,1662.247948884964,6884.013999109709,19.45,1305,rlcg,ga
1390,5.4624672037758064e-08,1666.0281944274902,6877.706135969895,19.5,1305,rlcg,ga
1391,5.2980506333024726e-08,1671.0152230262756,6876.377222120915,19.55,1305,rlcg,ga
1392,5.051424941275504e-08,1675.1771218776703,6871.644928518606,19.6,1305,rlcg,ga
1393,4.43942463228397e-08,1678.9648668766022,6865.385600688804,19.650000000000002,1305,rlcg,ga
1394,3.790881523106004e-08,1683.1286041736603,6860.671417012432,19.7,1305,rlcg,ga
1395,3.224543841748402e-08,1688.065020084381,6859.099638570713,19.75,1305,rlcg,ga
1396,2.3384913136438607e-08,1691.7346396446228,6852.379701994885,19.8,1305,rlcg,ga
1397,1.6259876585215816e-08,1695.5164580345154,6846.128166824503,19.85,1305,rlcg,ga
1398,1.0870384518280125e-08,1700.501523733139,6844.732263870574,19.900000000000002,1305,rlcg,ga
1399,8.312651770841954e-09,1704.58585190773,6839.704132592169,19.950000000000003,1305,rlcg,ga
1400,7.21647700915288e-09,1708.4152829647064,6833.661131858826,20.0,1305,rlcg,ga
1401,7.3078226844933585e-09,1712.6295175552368,6829.1635874584135,20.05,1305,rlcg,ga
1402,9.591501418221698e-09,1717.659425020218,6827.909853687333,20.1,1305,rlcg,ga
1403,1.552902336376566e-08,1721.557809829712,6822.153405206078,20.150000000000002,1305,rlcg,ga
1404,4.658739557431768e-09,1725.3711972236633,6816.0703731905105,20.200000000000003,1305,rlcg,ga
1405,4.932782158899653e-09,1730.7020635604858,6815.974793528332,20.25,1305,rlcg,ga
1406,2.2836993803034653e-09,1734.693348646164,6810.594083108337,20.3,1305,rlcg,ga
1407,7.207035016728688e-08,1738.4850072860718,6804.438861441555,20.349999999999998,1305,rlcg,ga
1408,0.012673619971826654,1742.9060246944427,6800.750959101846,20.4,1305,rlcg,ga
1409,6.925496981939536e-07,1747.6135611534119,6798.174023948846,20.45,1305,rlcg,ga
1410,6.109429813272024e-07,1751.3832411766052,6791.949642611713,20.5,1305,rlcg,ga
1411,5.111587256143205e-07,1755.1909003257751,6785.884040432255,20.549999999999997,1305,rlcg,ga
1412,4.2642837602616614e-07,1760.5345640182495,6785.749727332477,20.599999999999998,1305,rlcg,ga
1413,3.5036378673909384e-07,1764.3260216712952,6779.625657124323,20.65,1305,rlcg,ga
1414,2.7127797453096884e-07,1768.1076951026917,6773.475373026255,20.7,1305,rlcg,ga
1415,2.0341862481929563e-07,1772.6056563854218,6770.072205712997,20.75,1305,rlcg,ga
1416,1.6542250367231182e-07,1777.2304832935333,6767.14684023307,20.8,1305,rlcg,ga
1417,1.2294927393835595e-07,1781.1306071281433,6761.462232814991,20.849999999999998,1305,rlcg,ga
1418,1.0075278324164251e-07,1784.8339290618896,6755.0413296074385,20.9,1305,rlcg,ga
1419,7.992648220508649e-08,1790.158831357956,6754.752058178827,20.95,1305,rlcg,ga
1420,4.9418117338077836e-08,1793.9239580631256,6748.571080332711,21.0,1305,rlcg,ga
1421,3.1971252074037406e-08,1797.64821767807,6742.248303357892,21.05,1305,rlcg,ga
1422,6.302999957638366e-09,1802.0967321395874,6738.646074209168,21.099999999999998,1305,rlcg,ga
1423,2.4663955877209773e-09,1806.6627938747406,6735.478075509376,21.15,1305,rlcg,ga
1424,2.7404385594333526e-09,1810.3962631225586,6729.208751606491,21.2,1305,rlcg,ga
1425,9.134807757385074e-10,1814.1922256946564,6723.182954044903,21.25,1305,rlcg,ga
1426,9.134806232848937e-10,1819.48717212677,6722.706124243043,21.3,1305,rlcg,ga
1427,1.552916548864713e-09,1823.1577248573303,6716.2227194393,21.349999999999998,1305,rlcg,ga
1428,1.4615686084991147e-09,1826.920159816742,6710.0899327848565,21.4,1305,rlcg,ga
1429,2.7404430023672404e-10,1831.2945358753204,6706.209127879087,21.45,1305,rlcg,ga
1430,1.461568439711185e-09,1835.9914922714233,6703.503820618918,21.5,1305,rlcg,ga
1431,2.7404430023672404e-10,1839.7949233055115,6697.536507346515,21.55,1305,rlcg,ga
1432,0.0,1843.513230085373,6691.270242532095,21.6,1305,rlcg,ga
1433,1.8269620741751193e-10,1849.0071876049042,6691.441715881951,21.65,1305,rlcg,ga
1434,9.134806232848937e-10,1852.7766275405884,6685.364513199451,21.7,1305,rlcg,ga
1435,0.06960009724700905,1856.5466768741608,6679.3001133518665,21.75,1305,rlcg,ga
1436,2.1923516141705687e-09,1860.9764597415924,6675.6128051280975,21.8,1305,rlcg,ga
1437,2.10100367380497e-09,1865.7268714904785,6673.068879038028,21.85,1305,rlcg,ga
1438,2.1923516141705687e-09,1869.5398516654968,6667.1717997751275,21.9,1305,rlcg,ga
1439,2.1923516141705687e-09,1873.297681570053,6661.088111459801,21.95,1305,rlcg,ga
1440,2.10100367380497e-09,1878.623303413391,6660.573530283842,22.0,1305,rlcg,ga
1441,2.10100367380497e-09,1882.310198545456,6654.24398986931,22.05,1305,rlcg,ga
1442,2.1923516141705687e-09,1886.1214723587036,6648.364827906924,22.1,1305,rlcg,ga
1443,2.10100367380497e-09,1890.4877321720123,6644.445595918336,22.15,1305,rlcg,ga
1444,2.1923516141705687e-09,1895.191954612732,6641.708741841016,22.2,1305,rlcg,ga
1445,2.10100367380497e-09,1898.8857567310333,6635.432251048891,22.25,1305,rlcg,ga
1446,2.1923516141705687e-09,1902.5594453811646,6629.0972603639675,22.3,1305,rlcg,ga
1447,2.0096559076720735e-09,1907.825778245926,6628.307457753743,22.35,1305,rlcg,ga
1448,2.10100367380497e-09,1911.6343142986298,6622.447445963109,22.400000000000002,1305,rlcg,ga
1449,2.4663950868019604e-09,1915.3367278575897,6616.2299886572855,22.45,1305,rlcg,ga
1450,2.10100367380497e-09,1919.7171666622162,6612.3591296143,22.5,1305,rlcg,ga
1451,1.461568439711185e-09,1924.4599487781525,6609.730511435384,22.55,1305,rlcg,ga
1452,7.307845683209955e-10,1928.185358285904,6603.608262448184,22.6,1305,rlcg,ga
1453,4.567404423169729e-10,1931.8868238925934,6597.414826847333,22.650000000000002,1305,rlcg,ga
1454,1.8269602011735783e-09,1937.0301649570465,6596.142367893379,22.7,1305,rlcg,ga
1455,4.841434741232159e-09,1940.9492383003235,6590.695765217582,22.75,1305,rlcg,ga
1456,1.9365554975195864e-08,1944.7632508277893,6584.900129995847,22.8,1305,rlcg,ga
1457,7.71358896335016e-06,1949.0624651908875,6580.751386848007,22.85,1305,rlcg,ga
1458,0.039704126776891877,1953.9082856178284,6578.442306599762,22.900000000000002,1305,rlcg,ga
1459,1.196647143184111e-06,1957.6537351608276,6572.427899526874,22.95,1305,rlcg,ga
1460,1.174089165629241e-06,1961.3518443107605,6566.264870083851,23.0,1305,rlcg,ga
1461,1.1412120793082563e-06,1966.5551147460938,6565.137357037393,23.05,1305,rlcg,ga
1462,1.0981948783539122e-06,1970.461356639862,6559.674386389843,23.1,1305,rlcg,ga
1463,1.0721699209344997e-06,1974.2960488796234,6553.980620146827,23.150000000000002,1305,rlcg,ga
1464,1.053186313312062e-06,1978.7301032543182,6550.278962497054,23.200000000000003,1305,rlcg,ga
1465,1.0208912896615955e-06,1983.4461958408356,6547.505184119747,23.25,1305,rlcg,ga
1466,9.64775498621023e-07,1987.1993260383606,6541.55314622928,23.3,1305,rlcg,ga
1467,8.955199553669605e-07,1990.9353017807007,6535.554213340072,23.35,1305,rlcg,ga
1468,7.944111028587815e-07,1996.0528593063354,6534.087565079713,23.400000000000002,1305,rlcg,ga
1469,4.986912988904499e-07,1999.992926120758,6528.761556270534,23.45,1305,rlcg,ga
1470,3.21843203729804e-07,2003.7546701431274,6522.860947487203,23.5,1305,rlcg,ga
1471,3.2686520906127463e-07,2008.159206867218,6519.056108917148,23.549999999999997,1305,rlcg,ga
1472,1.9399884114063335e-07,2012.990224123001,6516.629369618529,23.599999999999998,1305,rlcg,ga
1473,9.435679276484525e-08,2016.7507543563843,6510.736579074417,23.65,1305,rlcg,ga
1474,4.749954767325372e-08,2020.4686212539673,6504.715434669946,23.7,1305,rlcg,ga
1475,1.0322267256527282e-08,2025.7151777744293,6503.611886538958,23.75,1305,rlcg,ga
1476,5.024129925032549e-09,2029.5276141166687,6497.899335953369,23.799999999999997,1305,rlcg,ga
1477,2.557743027167559e-09,2033.2415964603424,6491.880401276943,23.849999999999998,1305,rlcg,ga
1478,8.221325958029445e-10,2037.3679945468903,6487.184283891982,23.9,1305,rlcg,ga
1479,5.298172178035031e-09,2042.20756316185,6484.755122273849,23.95,1305,rlcg,ga
1480,6.394365408390464e-10,2045.8849284648895,6478.635606805485,24.0,1305,rlcg,ga
1481,2.7404430023672404e-10,2049.5980927944183,6472.639299282166,24.05,1305,rlcg,ga
1482,9.134810915352789e-11,2054.507200717926,6470.418943339859,24.099999999999998,1305,rlcg,ga
1483,0.025778313249463735,2058.580941915512,6465.563745105243,24.15,1305,rlcg,ga
1484,2.7404430023672404e-10,2062.246174812317,6459.432233503043,24.2,1305,rlcg,ga
1485,2.7404430023672404e-10,2066.1509158611298,6454.059046452807,24.25,1305,rlcg,ga
1486,2.7404430023672404e-10,2071.2402544021606,6452.3821916972665,24.3,1305,rlcg,ga
1487,2.7404430023672404e-10,2074.964120388031,6446.449105024827,24.349999999999998,1305,rlcg,ga
1488,2.7404430023672404e-10,2078.6339292526245,6440.357584077805,24.4,1305,rlcg,ga
1489,2.7404430023672404e-10,2083.2735805511475,6437.272761171338,24.45,1305,rlcg,ga
1490,2.7404430023672404e-10,2087.568548679352,6433.119405113921,24.5,1305,rlcg,ga
1491,2.7404430023672404e-10,2091.316748380661,6427.285078017143,24.55,1305,rlcg,ga
1492,2.7404430023672404e-10,2095.1863737106323,6421.831405600882,24.6,1305,rlcg,ga
1493,2.7404430023672404e-10,2100.3797595500946,6420.4306240202695,24.65,1305,rlcg,ga
1494,2.7404430023672404e-10,2104.111909866333,6414.559789997364,24.7,1305,rlcg,ga
1495,3.653923712768485e-10,2107.850354194641,6408.716733460475,24.75,1305,rlcg,ga
1496,3.653923712768485e-10,2112.4147429466248,6405.386639902668,24.8,1305,rlcg,ga
1497,1.8269620741751193e-10,2116.7838735580444,6401.461090458231,24.85,1305,rlcg,ga
1498,9.134810915352789e-11,2120.491891145706,6395.539800202512,24.9,1305,rlcg,ga
1499,1.8269620741751193e-10,2124.176698207855,6389.557563146274,24.95,1305,rlcg,ga
1500,9.134810915352789e-11,2129.49657869339,6388.48973608017,25.0,1305,rlcg,ga
1501,0.0,2133.259589910507,6382.746757037625,25.05,1305,rlcg,ga
1502,0.0,2136.9910082817078,6376.917391247009,25.1,1305,rlcg,ga
1503,9.134810915352789e-11,2141.5150237083435,6373.455249485865,25.15,1305,rlcg,ga
1504,2.7404430023672404e-10,2145.986008167267,6369.831484559982,25.2,1305,rlcg,ga
1505,1.8269602011735783e-09,2149.7594063282013,6364.1392325953675,25.25,1305,rlcg,ga
1506,7.307845683209955e-10,2153.476653814316,6358.288776281794,25.3,1305,rlcg,ga
1507,0.015343214147553184,2158.7334558963776,6356.980374069608,25.35,1305,rlcg,ga
1508,3.1145722863988745e-07,2162.4884419441223,6351.245581457933,25.4,1305,rlcg,ga
1509,3.099960044839944e-07,2166.1613850593567,6345.278241892929,25.45,1305,rlcg,ga
1510,3.078955832701105e-07,2170.5677864551544,6341.462748663098,25.5,1305,rlcg,ga
1511,3.0552094487359186e-07,2175.2014939785004,6338.307288716218,25.55,1305,rlcg,ga
1512,2.99493363171716e-07,2178.9165947437286,6332.476353473961,25.6,1305,rlcg,ga
1513,2.9154724246997145e-07,2182.5806550979614,6326.505719552961,25.650000000000002,1305,rlcg,ga
1514,2.7483313008108075e-07,2187.756186723709,6324.9138005280765,25.7,1305,rlcg,ga
1515,2.519092527021907e-07,2191.6296887397766,6319.553568502075,25.75,1305,rlcg,ga
1516,2.123623016117305e-07,2195.391825914383,6313.878817164621,25.8,1305,rlcg,ga
1517,1.9701717179884128e-07,2199.574773788452,6309.418548410589,25.85,1305,rlcg,ga
1518,1.0340036274049025e-07,2204.324743747711,6306.581602768549,25.900000000000002,1305,rlcg,ga
1519,7.800760449684614e-08,2208.109915971756,6300.984172551389,25.95,1305,rlcg,ga
1520,6.211429722480574e-08,2211.8104662895203,6295.152865593249,26.0,1305,rlcg,ga
1521,3.407211339972526e-08,2216.8148477077484,6293.031016813358,26.05,1305,rlcg,ga
1522,4.740824390087795e-08,2220.852744102478,6288.161601117745,26.1,1305,rlcg,ga
1523,2.367377381100965e-07,2224.5545477867126,6282.346208567829,26.150000000000002,1305,rlcg,ga
1524,1.1472464574793517e-07,2228.6201083660126,6277.563511351593,26.200000000000003,1305,rlcg,ga
1525,2.18318885578542e-08,2233.5375006198883,6275.1767874558755,26.25,1305,rlcg,ga
1526,3.005294149324041e-08,2237.2791402339935,6269.48565153024,26.3,1305,rlcg,ga
1527,5.846257032505397e-09,2240.9422612190247,6263.582449289608,26.35,1305,rlcg,ga
1528,8.221325958029445e-10,2245.8615481853485,6261.189770698547,26.400000000000002,1305,rlcg,ga
1529,9.134810915352789e-11,2250.050602912903,6256.756969536635,26.450000000000003,1305,rlcg,ga
1530,2.7404430023672404e-10,2253.8441751003265,6251.22818376883,26.5,1305,rlcg,ga
1531,0.022653260724292308,2257.8809480667114,6246.378743333331,26.55,1305,rlcg,ga
1532,1.7355973290654622e-08,2262.8585307598114,6244.12842698384,26.6,1305,rlcg,ga
1533,1.7264625350289025e-08,2266.608459711075,6238.488950086579,26.650000000000002,1305,rlcg,ga
1534,1.7173277322807075e-08,2270.345337867737,6232.820721561988,26.700000000000003,1305,rlcg,ga
1535,1.7173276103178165e-08,2275.1183652877808,6229.997018965605,26.75,1305,rlcg,ga
1536,1.7081928075696218e-08,2279.312299013138,6225.584339095585,26.8,1305,rlcg,ga
1537,1.7173272182942383e-08,2283.0567870140076,6219.948006334251,26.85,1305,rlcg,ga
1538,1.6990578828585358e-08,2286.928104877472,6214.663363068519,26.900000000000002,1305,rlcg,ga
1539,1.680788408036672e-08,2291.9344367980957,6212.460504938808,26.950000000000003,1305,rlcg,ga
1540,1.799538178002873e-08,2295.6427114009857,6206.737701195258,27.0,1305,rlcg,ga
1541,1.8360763174645384e-08,2299.342036008835,6200.998208016432,27.05,1305,rlcg,ga
1542,2.301939300903339e-08,2303.8923003673553,6197.555302464214,27.1,1305,rlcg,ga
1543,1.991364348855296e-08,2308.3261091709137,6193.795839893224,27.150000000000002,1305,rlcg,ga
1544,1.5437683530665454e-08,2312.027111053467,6188.072561937219,27.200000000000003,1305,rlcg,ga
1545,2.064440344650487e-08,2315.7097537517548,6182.307691208813,27.250000000000004,1305,rlcg,ga
1546,5.361948104830938e-08,2320.9568963050842,6180.716716534051,27.3,1305,rlcg,ga
1547,3.425480126575219e-08,2324.6510593891144,6174.987183349876,27.35,1305,rlcg,ga
1548,1.0596309504084992e-08,2328.4151005744934,6169.45022998935,27.400000000000002,1305,rlcg,ga
1549,2.2836688547341647e-08,2332.9667041301727,6166.001252628197,27.450000000000003,1305,rlcg,ga
1550,7.417108961175528e-08,2337.5641791820526,6162.669199661774,27.500000000000004,1305,rlcg,ga
1551,1.1692469461439213e-08,2341.3702852725983,6157.251439854799,27.55,1305,rlcg,ga
1552,2.375047320669064e-09,2345.037750482559,6151.4758382223645,27.6,1305,rlcg,ga
1553,4.567404423169729e-10,2350.2643728256226,6149.787608460534,27.650000000000002,1305,rlcg,ga
1554,9.134810915352789e-11,2353.929752588272,6144.011592495743,27.700000000000003,1305,rlcg,ga
1555,0.0,2357.6854634284973,6138.478368746268,27.750000000000004,1305,rlcg,ga
1556,0.0,2361.939524412155,6134.245815199913,27.800000000000004,1305,rlcg,ga
1557,2.7404430023672404e-10,2366.708021402359,6131.34591541042,27.85,1305,rlcg,ga
1558,2.6490907933004556e-09,2370.4319915771484,6125.740021244172,27.900000000000002,1305,rlcg,ga
1559,4.658616653684138e-08,2374.113651752472,6120.0317928002005,27.950000000000003,1305,rlcg,ga
1560,0.01872607017367707,2379.2643580436707,6118.108349255152,28.000000000000004,1305,rlcg,ga
1561,0.013841391442250148,2383.047837972641,6112.666379398628,28.050000000000004,1305,rlcg,ga
1562,3.8157157881820566e-07,2386.751860141754,6107.027001572673,28.1,1305,rlcg,ga
1563,3.8157157881820566e-07,2390.865797519684,6102.4407656053045,28.15,1305,rlcg,ga
1564,3.799279483563313e-07,2395.6520540714264,6099.56799582725,28.199999999999996,1305,rlcg,ga
1565,3.781016272407068e-07,2399.4624242782593,6094.209874051863,28.249999999999996,1305,rlcg,ga
1566,3.7709710184195686e-07,2403.134773015976,6088.507534460972,28.299999999999997,1305,rlcg,ga
1567,3.7426629714343083e-07,2408.007080078125,6085.84505423625,28.349999999999998,1305,rlcg,ga
1568,3.677829895998169e-07,2412.0023267269135,6080.96361245236,28.4,1305,rlcg,ga
1569,3.4586787217125383e-07,2415.6532776355743,6075.21940298156,28.449999999999996,1305,rlcg,ga
1570,3.2121103034592035e-07,2419.493139743805,6069.956473392353,28.499999999999996,1305,rlcg,ga
1571,3.3280713657868165e-07,2424.57772064209,6067.813595092026,28.549999999999997,1305,rlcg,ga
1572,3.215736755030765e-07,2428.319397211075,6062.307865764711,28.599999999999998,1305,rlcg,ga
1573,2.1390854853822696e-07,2432.096833705902,6056.897350258852,28.65,1305,rlcg,ga
1574,8.102157341360499e-08,2436.7476003170013,6053.662156885095,28.7,1305,rlcg,ga
1575,4.402853118003857e-08,2441.01673412323,6049.476254131483,28.749999999999996,1305,rlcg,ga
1576,4.640344277343317e-08,2444.6762425899506,6043.7829330696,28.799999999999997,1305,rlcg,ga
1577,6.384967261625604e-08,2448.412096261978,6038.284944507444,28.849999999999998,1305,rlcg,ga
1578,3.480283994855666e-08,2453.673159599304,6036.545385727008,28.9,1305,rlcg,ga
1579,1.0504961394931464e-08,2457.3919203281403,6031.0084953131045,28.95,1305,rlcg,ga
1580,3.2885251562307335e-09,2461.2291753292084,6025.767980978408,28.999999999999996,1305,rlcg,ga
1581,8.58667468401457e-09,2465.779899120331,6022.274831070137,29.049999999999997,1305,rlcg,ga
1582,2.877411806243747e-08,2470.239103794098,6018.555067319641,29.099999999999998,1305,rlcg,ga
1583,0.0013013376584355171,2473.956171274185,6013.0289788945465,29.15,1305,rlcg,ga
1584,0.01413736069287036,2477.6961629390717,6007.564669044052,29.2,1305,rlcg,ga
1585,2.822604889435501e-08,2482.8997020721436,6005.646287918091,29.25,1305,rlcg,ga
1586,2.831739143350686e-08,2486.5545721054077,5999.979803680968,29.299999999999997,1305,rlcg,ga
1587,2.822604889435501e-08,2490.29115486145,5994.516868516575,29.349999999999998,1305,rlcg,ga
1588,2.8134703567479932e-08,2494.589813709259,5990.409552648765,29.4,1305,rlcg,ga
1589,2.831739143350686e-08,2499.2951414585114,5987.275797280068,29.45,1305,rlcg,ga
1590,2.831739143350686e-08,2502.917535305023,5981.5486860679375,29.5,1305,rlcg,ga
1591,2.831739143350686e-08,2506.606843471527,5975.988227498108,29.549999999999997,1305,rlcg,ga
1592,2.831739143350686e-08,2511.6117300987244,5973.563033748318,29.599999999999998,1305,rlcg,ga
1593,2.840873676038194e-08,2515.516280889511,5968.518393274102,29.65,1305,rlcg,ga
1594,2.9048148473061023e-08,2519.3087894916534,5963.212387247921,29.7,1305,rlcg,ga
1595,2.5577045565870703e-08,2523.3751969337463,5958.55823813767,29.75,1305,rlcg,ga
1596,2.1649197904104046e-08,2528.1880321502686,5955.664424729828,29.799999999999997,1305,rlcg,ga
1597,2.5485700238995625e-08,2531.8451375961304,5950.048120682364,29.849999999999998,1305,rlcg,ga
1598,1.6351138280394176e-08,2535.506155014038,5944.447540685087,29.9,1305,rlcg,ga
1599,2.073574184763006e-08,2540.3018128871918,5941.507245166871,29.95,1305,rlcg,ga
1600,5.224933740736424e-08,2544.458448410034,5937.069712956747,30.0,1305,rlcg,ga
1601,1.1327082578492461e-08,2548.222710609436,5931.719753981033,30.049999999999997,1305,rlcg,ga
1602,0.004504853855624261,2552.095910549164,5926.628044763673,30.099999999999998,1305,rlcg,ga
1603,3.9219834629474816e-07,2557.205311059952,5924.404344196937,30.15,1305,rlcg,ga
1604,3.901892118655516e-07,2560.882449865341,5918.8607616092995,30.2,1305,rlcg,ga
1605,3.867187975259976e-07,2564.5996346473694,5913.415686500959,30.25,1305,rlcg,ga
1606,3.774948346774697e-07,2569.328573703766,5910.303682744307,30.3,1305,rlcg,ga
1607,3.6461776126019113e-07,2573.6160690784454,5906.173285381012,30.349999999999998,1305,rlcg,ga
1608,3.481784570512587e-07,2577.3586966991425,5900.794910863826,30.4,1305,rlcg,ga
1609,3.0589324531013366e-07,2581.1428430080414,5895.516739941191,30.45,1305,rlcg,ga
1610,2.4853623583663067e-07,2586.3628647327423,5893.515380292643,30.5,1305,rlcg,ga
1611,1.9528780072763334e-07,2590.0814878940582,5888.09032190646,30.55,1305,rlcg,ga
1612,1.5144535006734033e-07,2593.7566821575165,5882.5723445010335,30.599999999999998,1305,rlcg,ga
1613,1.0404035917811552e-07,2598.2539191246033,5878.920368394494,30.65,1305,rlcg,ga
1614,1.1326391083746791e-07,2602.6834588050842,5875.112823947633,30.7,1305,rlcg,ga
1615,4.5398780955922776e-08,2606.394566297531,5869.685324100945,30.75,1305,rlcg,ga
1616,2.6855877348953768e-08,2610.134703397751,5864.328619322219,30.8,1305,rlcg,ga
1617,1.004822916333055e-08,2615.3559992313385,5862.29715873086,30.85,1305,rlcg,ga
1618,1.2869888801158113e-07,2619.0885770320892,5856.926235369494,30.9,1305,rlcg,ga
1619,4.950907795914802e-08,2622.7265644073486,5851.349572611549,30.95,1305,rlcg,ga
1620,5.3345442301740023e-08,2626.9053387641907,5846.9828507977145,31.0,1305,rlcg,ga
1621,2.411552312359271e-08,2631.7095680236816,5844.005626899609,31.05,1305,rlcg,ga
1622,4.841434741232159e-09,2635.375529050827,5838.5007701479735,31.1,1305,rlcg,ga
1623,1.452421222883009e-08,2639.1134486198425,5833.160864766491,31.15,1305,rlcg,ga
1624,1.6442643204423816e-09,2644.1720271110535,5830.738316193605,31.2,1305,rlcg,ga
1625,2.7404430023672404e-10,2648.0754907131195,5825.766079568863,31.25,1305,rlcg,ga
1626,4.567404423169729e-10,2651.742742538452,5820.278799117945,31.3,1305,rlcg,ga
1627,4.5216036790954176e-08,2655.7309284210205,5815.500103224978,31.35,1305,rlcg,ga
1628,1.4615690059674648e-09,2660.6677942276,5812.7965185991525,31.4,1305,rlcg,ga
1629,9.134810915352789e-11,2664.361167907715,5807.375455010297,31.45,1305,rlcg,ga
1630,9.134810915352789e-11,2668.0341012477875,5801.915426522966,31.5,1305,rlcg,ga
1631,5.480885133570973e-10,2672.8864142894745,5799.019811667655,31.55,1305,rlcg,ga
1632,9.226103819963805e-09,2677.1375353336334,5794.8166904057125,31.6,1305,rlcg,ga
1633,0.03806488276441313,2680.843412399292,5789.435931674301,31.65,1305,rlcg,ga
1634,7.307814321323687e-09,2684.740689754486,5784.47284259405,31.7,1305,rlcg,ga
1635,7.399161738991181e-09,2689.9141421318054,5782.256384267581,31.75,1305,rlcg,ga
1636,7.307814321323687e-09,2693.6923677921295,5777.038348535321,31.8,1305,rlcg,ga
1637,7.307814321323687e-09,2697.386750936508,5771.645434107473,31.85,1305,rlcg,ga
1638,7.307814321323687e-09,2702.125465154648,5768.487278276851,31.900000000000002,1305,rlcg,ga
1639,7.307814321323687e-09,2706.385934114456,5764.305565461307,31.95,1305,rlcg,ga
1640,7.399161738991181e-09,2710.0681416988373,5758.894801110029,32.0,1305,rlcg,ga
1641,7.399161738991181e-09,2713.732723712921,5753.452061662807,32.05,1305,rlcg,ga
1642,7.307814321323687e-09,2718.968994617462,5751.33939982946,32.1,1305,rlcg,ga
1643,7.216466903656193e-09,2722.653673171997,5745.94251087776,32.15,1305,rlcg,ga
1644,7.216466903656193e-09,2726.368246078491,5740.613884600052,32.2,1305,rlcg,ga
1645,7.581855877395362e-09,2730.8091666698456,5736.816156337427,32.25,1305,rlcg,ga
1646,7.125119485988699e-09,2735.384670972824,5733.298520893504,32.300000000000004,1305,rlcg,ga
1647,8.952062960822934e-09,2739.0809445381165,5727.938976754362,32.35,1305,rlcg,ga
1648,8.403980545610389e-09,2742.7338750362396,5722.494134334869,32.4,1305,rlcg,ga
1649,8.769368822418753e-09,2747.871571779251,5720.145598572832,32.45,1305,rlcg,ga
1650,1.1144389137019086e-08,2751.649742126465,5714.964849031889,32.5,1305,rlcg,ga
1651,2.4663950868019604e-09,2755.3259892463684,5709.577203522813,32.550000000000004,1305,rlcg,ga
1652,4.293349189830987e-09,2759.4764704704285,5705.175279438861,32.6,1305,rlcg,ga
1653,2.073574184763006e-08,2764.3557708263397,5702.277524200734,32.65,1305,rlcg,ga
1654,5.024129925032549e-09,2768.0456087589264,5696.925671849411,32.7,1305,rlcg,ga
1655,0.0021449440737216783,2771.6903400421143,5691.486270773501,32.75,1305,rlcg,ga
1656,0.00227437734593177,2776.502320289612,5688.443778154326,32.800000000000004,1305,rlcg,ga
1657,8.914955103077651e-07,2780.6400179862976,5684.017571013086,32.85,1305,rlcg,ga
1658,8.85382323201132e-07,2784.3879339694977,5678.797275664234,32.9,1305,rlcg,ga
1659,8.742506098416116e-07,2788.276099205017,5673.866842236612,32.95,1305,rlcg,ga
1660,8.556366473493448e-07,2793.394784927368,5671.437896670717,33.0,1305,rlcg,ga
1661,8.109246890892014e-07,2797.067719936371,5666.072128585174,33.050000000000004,1305,rlcg,ga
1662,7.412966851045117e-07,2800.7441399097443,5660.718518427851,33.1,1305,rlcg,ga
1663,6.491187210569437e-07,2805.3314414024353,5657.206843371125,33.15,1305,rlcg,ga
1664,4.972291082657617e-07,2809.72971200943,5653.311589223793,33.2,1305,rlcg,ga
1665,4.046566256275579e-07,2813.496153354645,5648.146413125489,33.25,1305,rlcg,ga
1666,2.7308220015232135e-07,2817.1763598918915,5642.812708852527,33.300000000000004,1305,rlcg,ga
1667,1.3490928956075532e-07,2822.5303621292114,5640.829044555081,33.35,1305,rlcg,ga
1668,1.1362862448525611e-07,2826.2333550453186,5635.543157066413,33.4,1305,rlcg,ga
1669,4.311509743079515e-08,2829.9488282203674,5630.286831631254,33.45,1305,rlcg,ga
1670,3.215386170958137e-08,2834.3665492534637,5626.429120159861,33.5,1305,rlcg,ga
1671,8.495327266347078e-09,2838.905140399933,5622.809137990329,33.550000000000004,1305,rlcg,ga
1672,1.7812674661288287e-08,2842.6707241535187,5617.6588120176675,33.6,1305,rlcg,ga
1673,0.000739032188710316,2846.564702272415,5612.765765104747,33.650000000000006,1305,rlcg,ga
1674,2.7089661020264602e-05,2851.977148294449,5610.863054359701,33.7,1305,rlcg,ga
1675,2.75663241576332e-07,2855.810022830963,5605.849304075593,33.75,1305,rlcg,ga
1676,2.727406036993667e-07,2859.6024742126465,5600.759875528911,33.800000000000004,1305,rlcg,ga
1677,2.4789819847150096e-07,2864.016159772873,5596.888300412866,33.85,1305,rlcg,ga
1678,2.1784961976510583e-07,2868.5323824882507,5593.21505848004,33.900000000000006,1305,rlcg,ga
1679,1.5236088297761607e-07,2872.195301294327,5587.879223873057,33.95,1305,rlcg,ga
1680,1.0879169052316883e-07,2876.0521392822266,5582.9247409596155,34.0,1305,rlcg,ga
1681,5.0240637862990644e-08,2881.421662092209,5580.903336710166,34.050000000000004,1305,rlcg,ga
1682,4.612998385696005e-08,2885.191159963608,5575.779983624685,34.1,1305,rlcg,ga
1683,3.726954987385021e-08,2888.9739055633545,5570.686140010157,34.150000000000006,1305,rlcg,ga
1684,9.289727051398035e-08,2893.447634935379,5566.925566630056,34.2,1305,rlcg,ga
1685,7.828172759382211e-08,2898.003518104553,5563.320622346697,34.25,1305,rlcg,ga
1686,7.828195967178049e-08,2901.644814014435,5557.961057747765,34.300000000000004,1305,rlcg,ga
1687,8.175229682624777e-08,2905.364901304245,5552.757082114225,34.35,1305,rlcg,ga
1688,9.435679276484525e-08,2910.638776540756,5550.5204575893495,34.4,1305,rlcg,ga
1689,1.2824202573704765e-07,2914.3467803001404,5545.29554277719,34.449999999999996,1305,rlcg,ga
1690,2.8500082087257013e-08,2918.038198709488,5540.043536680332,34.5,1305,rlcg,ga
1691,2.05530498000183e-08,2922.2687034606934,5535.817268929159,34.55,1305,rlcg,ga
1692,2.6581841373773314e-08,2927.0610110759735,5532.652893767881,34.599999999999994,1305,rlcg,ga
1693,0.0042294697718678305,2930.815165758133,5527.525860960866,34.65,1305,rlcg,ga
1694,1.1746467660284705e-07,2934.5928366184235,5522.447038362625,34.699999999999996,1305,rlcg,ga
1695,1.1700800293521292e-07,2939.7834038734436,5520.0249525968975,34.75,1305,rlcg,ga
1696,1.1746467660284705e-07,2943.699855566025,5515.207775370829,34.8,1305,rlcg,ga
1697,1.1837801278722241e-07,2947.389485836029,5509.96915357869,34.849999999999994,1305,rlcg,ga
1698,1.1910868619507985e-07,2951.5819368362427,5505.672896505428,34.9,1305,rlcg,ga
1699,1.2130070641320742e-07,2956.409191131592,5502.558451591132,34.949999999999996,1305,rlcg,ga
1700,1.2212269448842926e-07,2960.1024174690247,5497.333061013904,35.0,1305,rlcg,ga
1701,1.0212040122168118e-07,2963.7952797412872,5492.111367166808,35.05,1305,rlcg,ga
1702,1.2696336399963646e-07,2968.752310037613,5489.231479243335,35.099999999999994,1305,rlcg,ga
1703,1.1572933004146406e-07,2972.759906053543,5484.59402297503,35.15,1305,rlcg,ga
1704,5.425885654236565e-08,2976.472013235092,5479.414388000965,35.199999999999996,1305,rlcg,ga
1705,7.663724338626568e-08,2980.6443877220154,5475.084371773064,35.25,1305,rlcg,ga
1706,6.887338960434128e-08,2985.477857351303,5471.966497751539,35.3,1305,rlcg,ga
1707,3.069236152553099e-08,2989.22975730896,5466.865737200122,35.35,1305,rlcg,ga
1708,1.3884789359813338e-08,2992.903742313385,5461.6266032046515,35.4,1305,rlcg,ga
1709,7.581855877395362e-09,2997.6688351631165,5458.378654718736,35.449999999999996,1305,rlcg,ga
1710,1.1381132069267363e-07,3001.7908794879913,5453.95807681621,35.5,1305,rlcg,ga
1711,0.012566412614981405,3005.4890553951263,5448.7698908640195,35.55,1305,rlcg,ga
1712,5.730966236411106e-07,3009.305557012558,5443.799940213728,35.6,1305,rlcg,ga
1713,5.641438665372048e-07,3014.428953886032,5441.192235135097,35.65,1305,rlcg,ga
1714,5.629571000050746e-07,3018.1378185749054,5436.0297404584435,35.699999999999996,1305,rlcg,ga
1715,5.616790303103831e-07,3021.7821667194366,5430.755362565702,35.75,1305,rlcg,ga
1716,5.548326510879599e-07,3026.3912785053253,5427.215644693908,35.8,1305,rlcg,ga
1717,5.491728606803112e-07,3030.860736846924,5423.423047942264,35.85,1305,rlcg,ga
1718,5.383099294885355e-07,3034.5638992786407,5418.2603326952885,35.9,1305,rlcg,ga
1719,5.151229431328941e-07,3038.248504638672,5413.0686153576335,35.949999999999996,1305,rlcg,ga
1720,4.7678100108687534e-07,3043.4644293785095,5410.60343000624,36.0,1305,rlcg,ga
1721,4.439149940491456e-07,3047.1713004112244,5405.453666055419,36.05,1305,rlcg,ga
1722,3.646666240372766e-07,3050.94584107399,5400.427679906592,36.1,1305,rlcg,ga
1723,2.834921385110699e-07,3055.3614008426666,5396.537356675084,36.15,1305,rlcg,ga
1724,2.3226308550183987e-07,3060.0051658153534,5393.047778425955,36.199999999999996,1305,rlcg,ga
1725,1.6696616637937982e-07,3063.860547542572,5388.168549126593,36.25,1305,rlcg,ga
1726,7.90120434761761e-08,3067.5374360084534,5382.978916631915,36.3,1305,rlcg,ga
1727,3.5624936739539446e-08,3072.737907409668,5380.461287665072,36.35,1305,rlcg,ga
1728,1.5803060743697272e-08,3076.4010043144226,5375.2501064394855,36.4,1305,rlcg,ga
1729,3.224520703645644e-08,3080.072464466095,5370.057753547882,36.449999999999996,1305,rlcg,ga
1730,8.67802140475126e-09,3084.258457660675,5365.764714012408,36.5,1305,rlcg,ga
1731,1.836075080412358e-08,3089.026027202606,5362.481571162938,36.55,1305,rlcg,ga
1732,5.115323808843491e-08,3092.7062816619873,5357.310881348907,36.6,1305,rlcg,ga
1733,0.01095737177589587,3096.4507603645325,5352.255270643742,36.65,1305,rlcg,ga
1734,2.539435491212055e-08,3101.378462791443,5349.244051626658,36.7,1305,rlcg,ga
1735,2.5485700238995625e-08,3105.348242521286,5344.578948012826,36.75,1305,rlcg,ga
1736,2.5211664258370397e-08,3109.071174144745,5339.491799074671,36.8,1305,rlcg,ga
1737,2.539435491212055e-08,3113.076420068741,5334.892155423093,36.85,1305,rlcg,ga
1738,2.539435491212055e-08,3118.0234978199005,5331.904680553815,36.9,1305,rlcg,ga
1739,2.530300958524547e-08,3121.7318913936615,5326.798261227885,36.95,1305,rlcg,ga
1740,2.539435491212055e-08,3125.3885867595673,5321.607593671695,37.0,1305,rlcg,ga
1741,2.4846285738593316e-08,3130.106263399124,5318.223732280023,37.05,1305,rlcg,ga
1742,2.411552312359271e-08,3134.233417034149,5313.8350924918595,37.1,1305,rlcg,ga
1743,2.320206985484195e-08,3137.9079344272614,5308.681391083537,37.15,1305,rlcg,ga
1744,2.1192469875867053e-08,3141.5362508296967,5303.453670755509,37.2,1305,rlcg,ga
1745,1.9274209648320786e-08,3146.8391127586365,5301.051122835019,37.25,1305,rlcg,ga
1746,1.516363648626368e-08,3150.6208271980286,5296.083803359688,37.3,1305,rlcg,ga
1747,1.452421222883009e-08,3154.349680185318,5291.0309896548915,37.35,1305,rlcg,ga
1748,1.3976134692133187e-08,3158.892828941345,5287.344681597011,37.4,1305,rlcg,ga
1749,2.5303012367523925e-08,3163.275691986084,5283.388372062205,37.45,1305,rlcg,ga
1750,4.21822924843554e-07,3166.9783103466034,5278.297183911005,37.5,1305,rlcg,ga
1751,0.012733532183770612,3170.6895179748535,5273.223978629283,37.55,1305,rlcg,ga
1752,4.062113559442899e-07,3175.961530685425,5270.7446679460245,37.6,1305,rlcg,ga
1753,4.052983211824881e-07,3179.6797206401825,5265.684743211565,37.65,1305,rlcg,ga
1754,4.051156263471531e-07,3183.4271037578583,5260.676619737787,37.7,1305,rlcg,ga
1755,4.033808164224907e-07,3187.6534690856934,5256.461680810184,37.75,1305,rlcg,ga
1756,4.030154257118693e-07,3192.292815685272,5252.926273429204,37.8,1305,rlcg,ga
1757,4.0027614440603924e-07,3195.954468011856,5247.782567686574,37.85,1305,rlcg,ga
1758,3.9306321268389626e-07,3199.7165026664734,5242.807251070923,37.9,1305,rlcg,ga
1759,3.832021693562352e-07,3204.781340122223,5239.965274165585,37.95,1305,rlcg,ga
1760,3.7717613797693716e-07,3208.773997068405,5235.368100480029,38.0,1305,rlcg,ga
1761,3.485060565201392e-07,3212.447060585022,5230.252178797427,38.05,1305,rlcg,ga
1762,2.8805811649655734e-07,3216.537814617157,5225.818654194278,38.1,1305,rlcg,ga
1763,2.53905808837085e-07,3221.363133430481,5222.576927986245,38.15,1305,rlcg,ga
1764,1.3655331026032285e-07,3224.991960287094,5217.395370307393,38.2,1305,rlcg,ga
1765,8.312227374827668e-08,3228.693873643875,5212.335861372792,38.25,1305,rlcg,ga
1766,9.773624927105232e-08,3233.499431371689,5209.057830695383,38.3,1305,rlcg,ga
1767,8.03821258089894e-08,3237.6631922721863,5204.744088750464,38.35,1305,rlcg,ga
1768,5.77298340020109e-08,3241.373154401779,5199.702768519521,38.4,1305,rlcg,ga
1769,1.2514589948069404e-08,3245.2834615707397,5194.985619237426,38.45,1305,rlcg,ga
1770,2.6490496046898236e-08,3250.3980865478516,5192.194346043971,38.5,1305,rlcg,ga
1771,3.635568820364716e-08,3254.073464155197,5187.1028371553,38.550000000000004,1305,rlcg,ga
1772,3.927958822230206e-09,3257.7935943603516,5182.086183775275,38.6,1305,rlcg,ga
1773,0.0037533479631977457,3262.3282878398895,5178.365859223213,38.65,1305,rlcg,ga
1774,2.796590399916794e-07,3266.708442926407,5174.398644738727,38.7,1305,rlcg,ga
1775,1.4250238275046593e-08,3270.446677684784,5169.415716340465,38.75,1305,rlcg,ga
1776,1.4158890857379098e-08,3274.1448397636414,5164.372788493167,38.800000000000004,1305,rlcg,ga
1777,1.3884849301307423e-08,3279.4515800476074,5161.865228311743,38.85,1305,rlcg,ga
1778,1.3702155162903242e-08,3283.1431138515472,5156.813477026466,38.9,1305,rlcg,ga
1779,1.3245418771496579e-08,3286.814489364624,5151.733621969455,38.95,1305,rlcg,ga
1780,1.2240598571015758e-08,3291.304658651352,5147.938055839293,39.0,1305,rlcg,ga
1781,1.1418471812008313e-08,3295.835033416748,5144.203464449443,39.050000000000004,1305,rlcg,ga
1782,1.141847146354291e-08,3299.5518367290497,5139.199663856754,39.1,1305,rlcg,ga
1783,1.0596344356070062e-08,3303.263904809952,5134.191790745481,39.15,1305,rlcg,ga
1784,1.1235774885880907e-08,3308.578642129898,5131.672995956576,39.2,1305,rlcg,ga
1785,9.682867043206498e-09,3312.229197025299,5126.571304949985,39.25,1305,rlcg,ga
1786,1.1692498906765765e-08,3315.9173839092255,5121.53143010916,39.300000000000004,1305,rlcg,ga
1787,2.6125201507283276e-08,3320.1773266792297,5117.376235402675,39.35,1305,rlcg,ga
1788,2.7129977278425217e-08,3324.8660368919373,5113.880249635822,39.4,1305,rlcg,ga
1789,1.7721356166249242e-08,3328.6173660755157,5108.9424972337765,39.45,1305,rlcg,ga
1790,1.9091564817771125e-08,3332.323674917221,5103.938793227642,39.5,1305,rlcg,ga
1791,6.229688290335324e-08,3337.295177936554,5100.872149336654,39.550000000000004,1305,rlcg,ga
1792,2.1649197904104046e-08,3341.263526201248,5096.27063087261,39.6,1305,rlcg,ga
1793,1.1875162902912588e-08,3344.9226665496826,5091.200073802605,39.65,1305,rlcg,ga
1794,4.476044373631377e-09,3348.9075367450714,5086.627820295411,39.7,1305,rlcg,ga
1795,1.2788725589799885e-09,3353.8646490573883,5083.53069448321,39.75,1305,rlcg,ga
1796,1.8269620741751193e-10,3357.529553413391,5078.474349635329,39.800000000000004,1305,rlcg,ga
1797,1.096176591132441e-09,3361.2474246025085,5073.5014451653915,39.85,1305,rlcg,ga
1798,2.1923516141705687e-09,3365.9677522182465,5070.041651837508,39.900000000000006,1305,rlcg,ga
1799,2.9396131893503537e-06,3370.2064974308014,5065.854822796486,39.95,1305,rlcg,ga
1800,2.557745030843626e-09,3373.8728699684143,5060.8093049526215,40.0,1305,rlcg,ga
1801,2.649093058325575e-09,3377.5873522758484,5055.839245166968,40.050000000000004,1305,rlcg,ga
1802,1.004828912115895e-09,3382.7972457408905,5053.10611022143,40.1,1305,rlcg,ga
1803,2.740443165710398e-10,3386.5020880699158,5048.123286948554,40.150000000000006,1305,rlcg,ga
1804,9.134810915352789e-11,3390.2302117347717,5043.178275167646,40.2,1305,rlcg,ga
1805,2.740443165710398e-10,3394.790486574173,5039.471591870977,40.25,1305,rlcg,ga
1806,6.394366225106253e-10,3399.2632603645325,5035.633167339021,40.300000000000004,1305,rlcg,ga
1807,3.6539240939025193e-10,3402.90837931633,5030.569636337523,40.35,1305,rlcg,ga
1808,0.0,3406.618730545044,5025.605850011994,40.400000000000006,1305,rlcg,ga
1809,9.134810915352789e-11,3411.925874710083,5022.995941631283,40.45,1305,rlcg,ga
1810,3.6539241483502386e-10,3415.636397123337,5018.0337192305815,40.5,1305,rlcg,ga
1811,9.134810915352789e-11,3419.3343238830566,5013.056117258882,40.550000000000004,1305,rlcg,ga
1812,0.0,3423.690509080887,5009.044734960706,40.6,1305,rlcg,ga
1813,9.134810915352789e-11,3428.384246826172,5005.525339462074,40.65,1305,rlcg,ga
1814,6.394365408390464e-10,3432.010876893997,5000.448280093711,40.699999999999996,1305,rlcg,ga
1815,1.8269620741751193e-10,3435.6856162548065,4995.4447303827565,40.75,1305,rlcg,ga
1816,0.0,3440.603406906128,4992.2480806088915,40.8,1305,rlcg,ga
1817,9.134810915352789e-11,3444.651099920273,4987.787333177092,40.849999999999994,1305,rlcg,ga
1818,7.307847207746093e-10,3448.3694565296173,4982.851708579472,40.9,1305,rlcg,ga
1819,2.2836722604390015e-08,3452.392422914505,4978.358304593445,40.949999999999996,1305,rlcg,ga
1820,0.0024333484323206447,3457.3101618289948,4975.1536475100165,41.0,1305,rlcg,ga
1821,2.7403943740202548e-08,3460.985646724701,4970.160873920126,41.05,1305,rlcg,ga
1822,2.7403943740202548e-08,3464.6578607559204,4965.166617968947,41.099999999999994,1305,rlcg,ga
1823,2.722125587417562e-08,3469.5100898742676,4961.8631540486185,41.15,1305,rlcg,ga
1824,2.722125587417562e-08,3473.620728969574,4957.497545228422,41.199999999999996,1305,rlcg,ga
1825,2.703856522042547e-08,3477.3021035194397,4952.521177739809,41.25,1305,rlcg,ga
1826,2.6947219893550392e-08,3481.1347382068634,4947.7629329961965,41.3,1305,rlcg,ga
1827,2.6581841373773314e-08,3486.3076581954956,4944.907960173297,41.349999999999994,1305,rlcg,ga
1828,2.603376941252286e-08,3489.9771678447723,4939.919372843084,41.4,1305,rlcg,ga
1829,2.3932832469842558e-08,3493.623834133148,4934.901700566848,41.449999999999996,1305,rlcg,ga
1830,2.4846285738593316e-08,3498.136032819748,4931.107419757958,41.5,1305,rlcg,ga
1831,1.8543442851735345e-08,3502.497999191284,4927.1000734712525,41.55,1305,rlcg,ga
1832,1.717325319157792e-08,3506.225448846817,4922.201110881109,41.6,1305,rlcg,ga
1833,1.973093907041939e-08,3510.0056858062744,4917.378913968694,41.65,1305,rlcg,ga
1834,6.39434153851036e-09,3515.377274274826,4914.7840549214,41.699999999999996,1305,rlcg,ga
1835,1.644248360726925e-08,3519.11208486557,4909.89889684837,41.75,1305,rlcg,ga
1836,3.4254776350475876e-08,3522.7937395572662,4904.942479479256,41.8,1305,rlcg,ga
1837,9.043409681559623e-09,3527.2511818408966,4901.0670543380675,41.85,1305,rlcg,ga
1838,0.03843810243489242,3531.819347143173,4897.343772530272,41.9,1305,rlcg,ga
1839,4.4299523083857076e-05,3535.495895385742,4892.38466572449,41.949999999999996,1305,rlcg,ga
1840,9.89611057200651e-07,3539.301293373108,4887.606547991436,42.0,1305,rlcg,ga
1841,9.432303901205118e-07,3544.595778465271,4884.882886137038,42.05,1305,rlcg,ga
1842,8.798633671768894e-07,3548.360664129257,4880.0494644438,42.1,1305,rlcg,ga
1843,8.126558875129826e-07,3551.999150276184,4875.0450971168975,42.15,1305,rlcg,ga
1844,7.448984346605866e-07,3556.2431173324585,4870.87327445062,42.199999999999996,1305,rlcg,ga
1845,6.676340427506587e-07,3560.933262825012,4867.311146228272,42.25,1305,rlcg,ga
1846,5.940222763456404e-07,3564.641025543213,4862.406316166511,42.3,1305,rlcg,ga
1847,5.508276228694838e-07,3568.307323217392,4857.447867378574,42.35,1305,rlcg,ga
1848,5.084651493792105e-07,3573.428752183914,4854.469248249847,42.4,1305,rlcg,ga
1849,4.6108097337390176e-07,3577.366377353668,4849.880683550144,42.449999999999996,1305,rlcg,ga
1850,4.31225632149376e-07,3581.028903245926,4844.921457332723,42.5,1305,rlcg,ga
1851,3.745279156465373e-07,3585.070990562439,4840.477753415091,42.55,1305,rlcg,ga
1852,0.010108838966966007,3589.933046102524,4837.139832072415,42.6,1305,rlcg,ga
1853,0.00011620140501837268,3593.641488313675,4832.247112656254,42.65,1305,rlcg,ga
1854,2.8285290243039874e-07,3597.399616241455,4827.423840998486,42.699999999999996,1305,rlcg,ga
1855,2.8285290243039874e-07,3602.288472890854,4824.117311649155,42.75,1305,rlcg,ga
1856,2.80661350544328e-07,3606.526467323303,4819.937241376003,42.8,1305,rlcg,ga
1857,2.7846979865825724e-07,3610.267594575882,4815.094353092454,42.85,1305,rlcg,ga
1858,2.7308220015232135e-07,3614.173846721649,4810.473814634177,42.9,1305,rlcg,ga
1859,2.6002396932906575e-07,3619.1385736465454,4807.260899337263,42.95,1305,rlcg,ga
1860,2.443172453306758e-07,3622.764145374298,4802.268750845,43.0,1305,rlcg,ga
1861,2.1646445584965164e-07,3626.420531272888,4797.32054020885,43.05,1305,rlcg,ga
1862,1.7153255737804133e-07,3631.1349058151245,4793.772068233888,43.1,1305,rlcg,ga
1863,1.5408878073710021e-07,3635.3981759548187,4789.626565539547,43.15,1305,rlcg,ga
1864,1.0924456173632565e-07,3639.3060014247894,4785.013446317778,43.2,1305,rlcg,ga
1865,6.85080250286251e-08,3643.177649497986,4780.354488069612,43.25,1305,rlcg,ga
1866,3.882196463797941e-08,3648.4063246250153,4777.474332707583,43.3,1305,rlcg,ga
1867,1.616844623278241e-08,3652.1194887161255,4772.608282255329,43.35,1305,rlcg,ga
1868,6.028951867840385e-09,3655.829100370407,4767.740255321774,43.4,1305,rlcg,ga
1869,2.9231340916991463e-09,3660.5665996074677,4764.21268602537,43.45,1305,rlcg,ga
1870,1.2149203065122653e-08,3664.933704137802,4760.201247903122,43.5,1305,rlcg,ga
1871,2.10100367380497e-09,3668.681671142578,4755.386460068852,43.55,1305,rlcg,ga
1872,2.0096572144173348e-09,3672.463181257248,4750.617509699743,43.6,1305,rlcg,ga
1873,0.0035279173458791957,3677.691354751587,4747.718392674729,43.65,1305,rlcg,ga
1874,1.3428112909900759e-08,3681.3622527122498,4742.807661961091,43.7,1305,rlcg,ga
1875,1.3154067869175055e-08,3685.0240454673767,4737.888058458057,43.75,1305,rlcg,ga
1876,1.1966550045636022e-08,3689.5898201465607,4734.131230416364,43.8,1305,rlcg,ga
1877,1.0870377548972065e-08,3694.0458433628082,4730.232020634474,43.85,1305,rlcg,ga
1878,9.774204529610006e-09,3697.7881116867065,4725.419432018776,43.9,1305,rlcg,ga
1879,8.860727826560895e-09,3701.499598264694,4720.570022360322,43.95,1305,rlcg,ga
1880,8.586682001788034e-09,3706.773562192917,4717.711806427349,44.0,1305,rlcg,ga
1881,8.129945000566915e-09,3710.5129449367523,4712.898961843615,44.05,1305,rlcg,ga
1882,7.490513207568985e-09,3714.209048509598,4708.033691874978,44.1,1305,rlcg,ga
1883,7.4905105287412e-09,3718.4507954120636,4703.861311976529,44.15,1305,rlcg,ga
1884,7.216466903656193e-09,3723.1130714416504,4700.219669376564,44.2,1305,rlcg,ga
1885,4.019306931383733e-09,3726.806294441223,4695.354822940071,44.25,1305,rlcg,ga
1886,4.841434741232159e-09,3730.5771956443787,4690.5902888801775,44.3,1305,rlcg,ga
1887,3.3798729223636306e-09,3735.706196784973,4687.532127420152,44.35,1305,rlcg,ga
1888,2.9231340916991463e-09,3739.617311000824,4682.944200262293,44.4,1305,rlcg,ga
1889,6.485688956177854e-09,3743.296652317047,4678.068144796669,44.45,1305,rlcg,ga
1890,5.024129925032549e-09,3747.4377048015594,4673.770620595204,44.5,1305,rlcg,ga
1891,2.6490907933004556e-09,3752.2830560207367,4670.350066360266,44.55,1305,rlcg,ga
1892,8.221286407206207e-09,3755.97589802742,4665.494725352446,44.6,1305,rlcg,ga
1893,1.3702204993455866e-09,3759.7251098155975,4660.711866255169,44.65,1305,rlcg,ga
1894,1.8269620741751193e-10,3764.538414478302,4657.2477476655495,44.7,1305,rlcg,ga
1895,7.307845683209955e-10,3768.693321466446,4652.967732089857,44.75,1305,rlcg,ga
1896,1.461568439711185e-09,3772.40065741539,4648.1365243153905,44.800000000000004,1305,rlcg,ga
1897,1.2788730381199176e-09,3776.3494391441345,4643.604717253043,44.85,1305,rlcg,ga
1898,0.003848460442255405,3781.3681540489197,4640.387200180299,44.9,1305,rlcg,ga
1899,0.042253352581769564,3785.0641338825226,4635.545730149786,44.95,1305,rlcg,ga
1900,1.0961766728040197e-09,3788.8128991127014,4630.771321137747,45.0,1305,rlcg,ga
1901,1.0961766728040197e-09,3793.517105817795,4627.164594110718,45.050000000000004,1305,rlcg,ga
1902,1.0961766728040197e-09,3797.768233537674,4623.003902909497,45.1,1305,rlcg,ga
1903,1.0961766728040197e-09,3801.492947101593,4618.2035027358215,45.15,1305,rlcg,ga
1904,1.0961766728040197e-09,3805.2807285785675,4613.48194526782,45.2,1305,rlcg,ga
1905,1.0961766728040197e-09,3810.454674720764,4610.439634054404,45.25,1305,rlcg,ga
1906,1.0961766728040197e-09,3814.1432654857635,4605.599042429829,45.300000000000004,1305,rlcg,ga
1907,1.0961766728040197e-09,3817.865579366684,4600.801629821153,45.35,1305,rlcg,ga
1908,1.0961766728040197e-09,3822.4119007587433,4596.997572278136,45.4,1305,rlcg,ga
1909,1.1875247002859688e-09,3826.8121886253357,4593.016609230188,45.45,1305,rlcg,ga
1910,1.1875247002859688e-09,3830.5858657360077,4588.284168848624,45.5,1305,rlcg,ga
1911,1.3702207389155512e-09,3834.3801510334015,4583.578468139818,45.550000000000004,1305,rlcg,ga
1912,1.1875247002859688e-09,3839.711850166321,4580.708873882628,45.6,1305,rlcg,ga
1913,2.2836997233240963e-09,3843.453949689865,4575.941339882676,45.65,1305,rlcg,ga
1914,5.115478366317164e-09,3847.254224061966,4571.245172134895,45.7,1305,rlcg,ga
1915,2.6490911363210866e-09,3852.032279729843,4567.710408204241,45.75,1305,rlcg,ga
1916,8.221325958029445e-10,3856.5231297016144,4563.833048686189,45.800000000000004,1305,rlcg,ga
1917,1.8269621830705578e-10,3860.386768102646,4559.213598533441,45.85,1305,rlcg,ga
1918,1.8269620741751193e-10,3864.219218492508,4554.559035303806,45.9,1305,rlcg,ga
1919,9.134810915352789e-11,3869.6162881851196,4551.746689366826,45.95,1305,rlcg,ga
1920,0.0,3873.4381573200226,4547.079575984373,46.0,1305,rlcg,ga
1921,0.0,3877.1857163906097,4542.327239940791,46.050000000000004,1305,rlcg,ga
1922,3.379874534016119e-09,3882.237274169922,4539.101715352685,46.1,1305,rlcg,ga
1923,0.035936079625095436,3886.659213781357,4535.137565809882,46.150000000000006,1305,rlcg,ga
1924,7.453713161510441e-08,3890.5807962417603,4530.589758394084,46.2,1305,rlcg,ga
1925,7.417178236642117e-08,3894.90163898468,4526.507310171384,46.25,1305,rlcg,ga
1926,7.15229003038971e-08,3899.9768254756927,4523.299255465328,46.300000000000004,1305,rlcg,ga
1927,6.695586255344766e-08,3903.8473286628723,4518.69275475217,46.35,1305,rlcg,ga
1928,5.846109004402212e-08,3907.643006801605,4514.001404408751,46.400000000000006,1305,rlcg,ga
1929,4.786533110982906e-08,3912.8862957954407,4510.980864151687,46.45,1305,rlcg,ga
1930,3.918765956434239e-08,3916.9396255016327,4506.586450845964,46.5,1305,rlcg,ga
1931,2.804356313826181e-08,3921.913460254669,4503.249719669431,46.550000000000004,1305,rlcg,ga
1932,1.817816468999432e-08,3929.130089521408,4502.479544644702,46.6,1305,rlcg,ga
1933,1.2240595086361727e-08,3934.585366010666,4499.681227795691,46.650000000000006,1305,rlcg,ga
1934,1.1418457002228686e-08,3940.7787885665894,4497.719688021396,46.7,1305,rlcg,ga
1935,8.495342250359405e-09,3946.5332260131836,4495.249075619295,46.75,1305,rlcg,ga
1936,6.302998128195001e-09,3951.749459028244,4492.159641459457,46.800000000000004,1305,rlcg,ga
1937,6.942426719667042e-09,3958.4566509723663,4490.757118445705,46.85,1305,rlcg,ga
1938,9.865535024926368e-09,3964.3058047294617,4488.3718172949775,46.9,1305,rlcg,ga
1939,2.2836993803034653e-09,3969.8737602233887,4485.661405321636,46.949999999999996,1305,rlcg,ga
1940,6.302994120842866e-09,3976.240466594696,4483.845632542956,47.0,1305,rlcg,ga
1941,3.927959165250836e-09,3981.224951505661,4480.464637241759,47.05,1305,rlcg,ga
1942,8.769368822418753e-09,3987.258493900299,4478.258478287173,47.099999999999994,1305,rlcg,ga
1943,9.408797958367985e-09,3992.7632122039795,4475.45144782567,47.15,1305,rlcg,ga
1944,1.2788725589799885e-09,3997.7507865428925,4472.06020189544,47.199999999999996,1305,rlcg,ga
1945,8.221325958029445e-10,4004.5528802871704,4470.6913107967885,47.25,1305,rlcg,ga
1946,4.202001772163493e-09,4010.0440361499786,4467.850332031794,47.3,1305,rlcg,ga
1947,0.05424749732465337,4015.86315369606,4465.368427499421,47.349999999999994,1305,rlcg,ga
1948,0.007772113445410458,4022.022264957428,4463.256775037145,47.4,1305,rlcg,ga
1949,1.7589139240263993e-05,4026.8229422569275,4459.632152067472,47.449999999999996,1305,rlcg,ga
1950,1.5664827306059072e-06,4032.842528820038,4457.352268695831,47.5,1305,rlcg,ga
1951,1.1634174767806698e-06,4038.3018209934235,4454.446488141011,47.55,1305,rlcg,ga
1952,7.482754714230354e-07,4043.078784227371,4450.784207846938,47.599999999999994,1305,rlcg,ga
1953,4.6028131601254376e-07,4049.7976903915405,4449.25307643226,47.65,1305,rlcg,ga
1954,2.449684853529936e-07,4053.553120136261,4444.461806774139,47.699999999999996,1305,rlcg,ga
1955,1.6642542055476158e-07,4057.3034148216248,4439.6670874226165,47.75,1305,rlcg,ga
1956,1.0486396970280884e-07,4061.7284922599792,4435.611449706505,47.8,1305,rlcg,ga
1957,7.791792622845891e-08,4066.335235595703,4431.753031061984,47.85,1305,rlcg,ga
1958,5.809611156252766e-08,4070.084694623947,4426.960596866549,47.9,1305,rlcg,ga
1959,4.8322086318367486e-08,4073.8042669296265,4422.137895593058,47.949999999999996,1305,rlcg,ga
1960,4.1197105521609174e-08,4079.0720431804657,4418.994713445505,48.0,1305,rlcg,ga
1961,3.1697218881135406e-08,4082.7788650989532,4414.159459768796,48.05,1305,rlcg,ga
1962,3.087506860071326e-08,4086.5564002990723,4409.402851881952,48.1,1305,rlcg,ga
1963,2.7221269682117213e-08,4090.950122833252,4405.311814515142,48.15,1305,rlcg,ga
1964,1.616844899872655e-08,4095.6557030677795,4401.555299147531,48.199999999999996,1305,rlcg,ga
1965,4.7316862594950015e-08,4099.3683824539185,4396.731892061975,48.25,1305,rlcg,ga
1966,1.488959771791523e-08,4103.0493013858795,4391.876788439959,48.3,1305,rlcg,ga
1967,6.120299285507879e-09,4108.354944705963,4388.759728936153,48.35,1305,rlcg,ga
1968,1.461568439711185e-09,4112.241291046143,4384.1250127682015,48.4,1305,rlcg,ga
1969,2.7404430023672404e-10,4115.953485965729,4379.306546987273,48.449999999999996,1305,rlcg,ga
1970,1.5529163800767833e-09,4120.217275857925,4375.076076426458,48.5,1305,rlcg,ga
1971,5.480885133570973e-10,4124.980202198029,4371.374488220155,48.55,1305,rlcg,ga
1972,1.5529163800767833e-09,4128.742839574814,4366.6127974104,48.6,1305,rlcg,ga
1973,3.3798729223636306e-09,4132.470450162888,4361.816189431949,48.65,1305,rlcg,ga
1974,8.44055094369919e-05,4137.504746675491,4358.398223910734,48.699999999999996,1305,rlcg,ga
1975,0.017540725072052097,4141.514497756958,4353.89985661629,48.75,1305,rlcg,ga
1976,4.921794804999555e-05,4145.249552965164,4349.114285078205,48.8,1305,rlcg,ga
1977,1.0413644642219433e-08,4149.448245763779,4344.816331030037,48.85,1305,rlcg,ga
1978,1.0322296876086536e-08,4154.24605345726,4341.144648909325,48.9,1305,rlcg,ga
1979,1.0322296527621132e-08,4158.032269954681,4336.415676837314,48.949999999999996,1305,rlcg,ga
1980,1.0322296876086536e-08,4161.764203310013,4331.632129975727,49.0,1305,rlcg,ga
1981,1.0230948761488237e-08,4166.686053514481,4328.086736525236,49.05,1305,rlcg,ga
1982,9.682862513156259e-09,4170.738139152527,4323.6368896713575,49.1,1305,rlcg,ga
1983,9.682861990458153e-09,4174.383720874786,4318.767288026102,49.15,1305,rlcg,ga
1984,6.942434756150398e-09,4178.270604610443,4314.149323459564,49.2,1305,rlcg,ga
1985,7.764556026827745e-09,4183.27624630928,4310.685675130882,49.25,1305,rlcg,ga
1986,8.129951534293221e-09,4186.932251214981,4305.830935833663,49.3,1305,rlcg,ga
1987,1.89089356681646e-08,4190.623674869537,4301.01497734837,49.35,1305,rlcg,ga
1988,8.769368822418753e-09,4195.233903884888,4297.142419768732,49.4,1305,rlcg,ga
1989,1.0322267256527282e-08,4199.554907798767,4292.972711612289,49.45,1305,rlcg,ga
1990,1.863479096088887e-08,4203.266866445541,4288.181348595956,49.5,1305,rlcg,ga
1991,9.50014537603548e-09,4206.898860454559,4283.310746920939,49.55,1305,rlcg,ga
1992,4.932782158899653e-09,4212.127118587494,4280.064652758259,49.6,1305,rlcg,ga
1993,0.00011758659273958934,4215.778195619583,4275.215149032145,49.65,1305,rlcg,ga
1994,7.492606193576564e-07,4219.432159900665,4270.370978732464,49.7,1305,rlcg,ga
1995,3.516854393502012e-08,4223.605692625046,4266.053991043387,49.75,1305,rlcg,ga
1996,3.71781299753789e-08,4228.3537764549255,4262.316457390307,49.8,1305,rlcg,ga
1997,3.5533916182419946e-08,4232.043009281158,4257.511673328989,49.85,1305,rlcg,ga
1998,4.1745369138831264e-08,4235.719324827194,4252.696155788426,49.9,1305,rlcg,ga
1999,3.2976265150118774e-08,4240.703885316849,4249.19378298515,49.95,1305,rlcg,ga
2000,2.5759886059744133e-08,4244.6602103710175,4244.6602103710175,50.0,1305,rlcg,ga
2001,2.950498975255398e-08,4248.413647413254,4239.925308457385,50.05,1305,rlcg,ga
2002,2.7130035646380216e-08,4252.542741060257,4235.56652253307,50.1,1305,rlcg,ga
2003,1.5894468445879484e-08,4257.476197481155,4232.007745651757,50.14999999999999,1305,rlcg,ga
2004,1.0596326061636406e-08,4261.2032124996185,4227.249402041454,50.2,1305,rlcg,ga
2005,1.562038629358836e-08,4264.946791887283,4222.509510375969,50.24999999999999,1305,rlcg,ga
2006,1.9000209559632066e-08,4269.825211286545,4218.892902603206,50.3,1305,rlcg,ga
2007,3.0326974686142416e-08,4273.892017841339,4214.473459499952,50.349999999999994,1305,rlcg,ga
2008,1.0504961394931464e-08,4277.570424795151,4209.672481544434,50.4,1305,rlcg,ga
2009,4.110654006030596e-09,4281.332350969315,4204.955757988693,50.449999999999996,1305,rlcg,ga
2010,6.485688956177854e-09,4286.457190990448,4201.576850574795,50.5,1305,rlcg,ga
2011,1.973093907041939e-08,4290.167576313019,4196.8108140193635,50.55,1305,rlcg,ga
2012,1.461568439711185e-09,4293.844127178192,4192.0138316719895,50.6,1305,rlcg,ga
2013,4.841434741232159e-09,4298.390472650528,4188.066531595332,50.64999999999999,1305,rlcg,ga
2014,0.009467693434232467,4302.713142871857,4183.900551155473,50.7,1305,rlcg,ga
2015,6.605663169104021e-07,4306.351631164551,4179.070302164615,50.74999999999999,1305,rlcg,ga
2016,6.296158093830635e-07,4310.06943655014,4174.31921807612,50.8,1305,rlcg,ga
2017,5.717288481492649e-07,4315.296964168549,4171.029415710604,50.849999999999994,1305,rlcg,ga
2018,4.668090710152383e-07,4318.99973320961,4166.264968577443,50.9,1305,rlcg,ga
2019,3.863523457327793e-07,4322.787670850754,4161.584597747389,50.949999999999996,1305,rlcg,ga
2020,3.0789720572502677e-07,4327.000087022781,4157.313809100318,51.0,1305,rlcg,ga
2021,2.5062977137415174e-07,4331.664063215256,4153.476119380741,51.05,1305,rlcg,ga
2022,2.2405023823520775e-07,4335.3838312625885,4148.733255356958,51.1,1305,rlcg,ga
2023,1.8916064224913323e-07,4339.084575653076,4143.97422327767,51.15,1305,rlcg,ga
2024,1.6441010574317783e-07,4344.060565233231,4140.432726237923,51.2,1305,rlcg,ga
2025,1.5582433776614181e-07,4347.992706537247,4135.895501340308,51.24999999999999,1305,rlcg,ga
2026,1.8039159506028143e-07,4351.6571316719055,4131.105308234342,51.300000000000004,1305,rlcg,ga
2027,9.390011909176635e-08,4355.668365240097,4126.645880602351,51.349999999999994,1305,rlcg,ga
2028,5.1244580627586767e-08,4360.589824914932,4123.04796674836,51.4,1305,rlcg,ga
2029,2.4480904431093013e-08,4364.392145872116,4118.391422392444,51.449999999999996,1305,rlcg,ga
2030,2.05530498000183e-08,4368.190603256226,4113.732898212173,51.5,1305,rlcg,ga
2031,6.39434153851036e-09,4373.203294277191,4110.217257181957,51.55,1305,rlcg,ga
2032,2.6490907933004556e-09,4377.338140249252,4105.875309846198,51.6,1305,rlcg,ga
2033,4.932782158899653e-09,4381.101240158081,4101.185768860469,51.65,1305,rlcg,ga
2034,1.552902197534882e-08,4385.37891793251,4096.978756985305,51.7,1305,rlcg,ga
2035,1.6442643204423816e-09,4390.570832252502,4093.6240126798693,51.74999999999999,1305,rlcg,ga
2036,5.572214779502915e-09,4394.3989980220795,4088.996751055294,51.800000000000004,1305,rlcg,ga
2037,0.04034651146338132,4398.355529546738,4084.4902362136054,51.849999999999994,1305,rlcg,ga
2038,3.0468399899608504e-06,4403.738203287125,4081.3065043951956,51.9,1305,rlcg,ga
2039,1.4951515392403892e-06,4407.6652245521545,4076.7721663085867,51.949999999999996,1305,rlcg,ga
2040,7.735302589719551e-07,4411.593692302704,4072.240331356341,52.0,1305,rlcg,ga
2041,4.424155449808729e-07,4416.438489675522,4068.5538055704383,52.05,1305,rlcg,ga
2042,3.17491980365895e-07,4420.898639678955,4064.5114172864087,52.1,1305,rlcg,ga
2043,2.3255445833863882e-07,4424.619673728943,4059.7900553773725,52.15,1305,rlcg,ga
2044,1.7784264695141965e-07,4428.330277681351,4055.0610588729614,52.2,1305,rlcg,ga
2045,1.502569687465327e-07,4433.706816911697,4051.856469043705,52.25,1305,rlcg,ga
2046,1.3436341432540525e-07,4437.4618220329285,4047.1688128292662,52.300000000000004,1305,rlcg,ga
2047,1.2550317478599028e-07,4441.206263780594,4042.473323192842,52.349999999999994,1305,rlcg,ga
2048,1.3089138728796622e-07,4445.772337675095,4038.5260166666885,52.400000000000006,1305,rlcg,ga
2049,1.1801289770728998e-07,4450.169668912888,4034.4245520840395,52.449999999999996,1305,rlcg,ga
2050,9.965438108909759e-08,4453.959841489792,4029.773189919335,52.5,1305,rlcg,ga
2051,5.005714432317294e-08,4457.713501930237,4025.090497937008,52.55,1305,rlcg,ga
2052,2.5485700238995625e-08,4462.997553110123,4021.788669532696,52.6,1305,rlcg,ga
2053,6.284492698737146e-08,4466.708163976669,4017.068025912542,52.65,1305,rlcg,ga
2054,1.9217232488438315e-07,4470.392213344574,4012.325459036021,52.7,1305,rlcg,ga
2055,0.0031975546091820837,4474.796462774277,4008.2300069399917,52.75,1305,rlcg,ga
2056,0.003229464198997016,4479.374953985214,4004.289731592842,52.800000000000004,1305,rlcg,ga
2057,3.013130411428981e-07,4483.099185228348,3999.5861226777033,52.849999999999994,1305,rlcg,ga
2058,3.0049108373807653e-07,4486.856733083725,3994.9140288892904,52.900000000000006,1305,rlcg,ga
2059,2.988466308978511e-07,4492.168184757233,3991.6244210165787,52.949999999999996,1305,rlcg,ga
2060,2.93366875837582e-07,4495.879483938217,3986.911995190494,53.0,1305,rlcg,ga
2061,2.889820854928901e-07,4499.616115808487,3982.2238762904526,53.05,1305,rlcg,ga
2062,2.772002360494486e-07,4503.990700483322,3978.1010141745337,53.1,1305,rlcg,ga
2063,2.525413159764518e-07,4508.581807851791,3974.16853617792,53.15,1305,rlcg,ga
2064,2.375626783787676e-07,4512.302309513092,3969.468948970163,53.2,1305,rlcg,ga
2065,2.554609068719335e-07,4515.965195655823,3964.7206177823427,53.25,1305,rlcg,ga
2066,1.5628094487688398e-07,4521.152191877365,3961.30970657923,53.300000000000004,1305,rlcg,ga
2067,1.1536417071187023e-07,4524.949717283249,3956.6804931820734,53.349999999999994,1305,rlcg,ga
2068,6.448910915709509e-08,4528.661670684814,3951.9781620582835,53.400000000000006,1305,rlcg,ga
2069,9.271312153251874e-08,4532.850715875626,3947.693186604498,53.449999999999996,1305,rlcg,ga
2070,2.320206985484195e-08,4537.670546770096,3943.9566434543813,53.5,1305,rlcg,ga
2071,1.644248360726925e-08,4541.325943946838,3939.20803167751,53.55,1305,rlcg,ga
2072,1.9822288557100216e-08,4544.989941835403,3934.4689048724376,53.6,1305,rlcg,ga
2073,8.860715543155441e-09,4549.886867761612,3930.796949128626,53.65,1305,rlcg,ga
2074,9.444814087399878e-08,4553.948598623276,3926.402609241297,53.7,1305,rlcg,ga
2075,0.009056989534309097,4557.640838623047,3921.690954164018,53.75,1305,rlcg,ga
2076,0.0024823753888249555,4561.644647121429,3917.248749015056,53.800000000000004,1305,rlcg,ga
2077,0.0001683943810376742,4566.635709524155,3913.6534446525493,53.849999999999994,1305,rlcg,ga
2078,4.3889334589471306e-07,4570.320764303207,3908.938538671202,53.900000000000006,1305,rlcg,ga
2079,4.3715871299592013e-07,4574.032123804092,3904.2479944611387,53.949999999999996,1305,rlcg,ga
2080,4.3286776020266546e-07,4578.727805137634,3900.3977599320588,54.0,1305,rlcg,ga
2081,4.3040278842280194e-07,4582.998344182968,3896.184531271183,54.05,1305,rlcg,ga
2082,4.229163911578984e-07,4586.713053703308,3891.4996148795162,54.1,1305,rlcg,ga
2083,4.0584352666733366e-07,4590.535432338715,3886.907656006095,54.15,1305,rlcg,ga
2084,3.9570919377194054e-07,4595.722158670425,3883.470015998255,54.2,1305,rlcg,ga
2085,3.5608355919348783e-07,4599.439033269882,3878.789599485661,54.25,1305,rlcg,ga
2086,3.149035793525734e-07,4603.157849550247,3874.1125916104284,54.300000000000004,1305,rlcg,ga
2087,2.2906683817134734e-07,4607.72146987915,3870.1469199628937,54.35,1305,rlcg,ga
2088,1.46417033330491e-07,4612.20646572113,3866.1142433250643,54.400000000000006,1305,rlcg,ga
2089,1.3390463871446034e-07,4615.988697767258,3861.49284083193,54.449999999999996,1305,rlcg,ga
2090,6.914740050090228e-08,4619.7599284648895,3856.8637934890357,54.50000000000001,1305,rlcg,ga
2091,6.585915829857875e-08,4625.057652711868,3853.5081634418784,54.55,1305,rlcg,ga
2092,4.914370780254061e-08,4628.767579317093,3848.828719798461,54.6,1305,rlcg,ga
2093,1.945690169593255e-08,4632.5248827934265,3844.1903647700256,54.65,1305,rlcg,ga
2094,5.024129925032549e-09,4637.072791099548,3840.2083626473395,54.7,1305,rlcg,ga
2095,1.2788725589799885e-09,4641.515931367874,3836.1387377971932,54.75,1305,rlcg,ga
2096,3.653923712768485e-10,4645.473697185516,3831.6680859997323,54.800000000000004,1305,rlcg,ga
2097,9.134810915352789e-11,4649.317798137665,3827.1048055773117,54.85,1305,rlcg,ga
2098,0.0,4654.652791023254,3823.7675933542578,54.900000000000006,1305,rlcg,ga
2099,0.0,4658.396549463272,3819.122193872983,54.949999999999996,1305,rlcg,ga
2100,4.567404423169729e-10,4662.08550453186,3814.433594616976,55.00000000000001,1305,rlcg,ga
2101,0.0,4666.637154340744,3810.451227749618,55.05,1305,rlcg,ga
2102,2.4663959144072926e-09,4671.086322784424,3806.3843174776885,55.1,1305,rlcg,ga
2103,1.8269620741751193e-10,4674.8393812179565,3801.7506119243044,55.15,1305,rlcg,ga
2104,1.8269620741751193e-10,4678.614577531815,3797.136468721472,55.2,1305,rlcg,ga
2105,0.0,4683.93733048439,3793.777294826723,55.25,1305,rlcg,ga
2106,1.4615687663975003e-09,4687.645416736603,3789.1094055719004,55.300000000000004,1305,rlcg,ga
2107,9.134810915352789e-11,4691.438037633896,3784.511443186151,55.35,1305,rlcg,ga
2108,0.0,4696.023859977722,3780.5535046030036,55.400000000000006,1305,rlcg,ga
2109,9.134810915352789e-11,4700.496633529663,3776.503607281271,55.45,1305,rlcg,ga
2110,2.256269368563397e-08,4704.258990526199,3771.8833347462314,55.50000000000001,1305,rlcg,ga
2111,1.3052757170521458e-06,4707.960440397263,3767.2158699488446,55.55,1305,rlcg,ga
2112,3.5077402111940386e-08,4713.335091590881,3763.886296162502,55.60000000000001,1305,rlcg,ga
2113,1.4981017616386543e-08,4717.097514390945,3759.268189815606,55.65,1305,rlcg,ga
2114,9.408823744807806e-09,4720.789892196655,3754.59591066987,55.7,1305,rlcg,ga
2115,8.678035866065483e-09,4725.236707210541,3750.5242025841508,55.75,1305,rlcg,ga
2116,8.129951534293221e-09,4729.84167265892,3746.577095547029,55.800000000000004,1305,rlcg,ga
2117,2.375048278948922e-09,4733.633620738983,3741.9861120076293,55.85,1305,rlcg,ga
2118,1.0961766728040197e-09,4737.31262922287,3737.3074588323525,55.900000000000006,1305,rlcg,ga
2119,1.114439257811494e-08,4742.621566295624,3733.913851569656,55.95,1305,rlcg,ga
2120,1.616844623278241e-08,4746.3565402030945,3729.280138731003,56.00000000000001,1305,rlcg,ga
2121,3.589896714471823e-08,4750.064549446106,3724.626885783342,56.05,1305,rlcg,ga
2122,3.014428403239226e-08,4754.400343179703,3720.466578709249,56.10000000000001,1305,rlcg,ga
2123,1.9135704547054423e-07,4759.087424278259,3716.580294828169,56.15,1305,rlcg,ga
2124,3.041832279529594e-08,4762.810038566589,3711.9409197369496,56.2,1305,rlcg,ga
2125,1.4706905670303465e-08,4766.581391334534,3707.3410821490816,56.25,1305,rlcg,ga
2126,3.781718555641614e-08,4771.828446865082,3703.888155026716,56.3,1305,rlcg,ga
2127,3.2336555145609974e-08,4775.727832078934,3699.3881077239657,56.35,1305,rlcg,ga
2128,7.399161738991181e-09,4779.515687704086,3694.8029075159266,56.39999999999999,1305,rlcg,ga
2129,2.10100367380497e-09,4783.804192304611,3690.6053600507676,56.45,1305,rlcg,ga
2130,6.394365408390464e-10,4788.546851873398,3686.757310734387,56.49999999999999,1305,rlcg,ga
2131,9.134810915352789e-11,4792.298207998276,3682.146014810347,56.55,1305,rlcg,ga
2132,3.653923712768485e-10,4796.028333187103,3677.519958662904,56.599999999999994,1305,rlcg,ga
2133,1.8269620741751193e-10,4801.233498811722,3674.0242219503634,56.65,1305,rlcg,ga
2134,1.096176591132441e-09,4805.083090305328,3669.4902612031874,56.699999999999996,1305,rlcg,ga
2135,6.394365408390464e-10,4808.845908641815,3664.89137530852,56.75,1305,rlcg,ga
2136,4.019306588363102e-09,4813.054302692413,3660.632849935075,56.8,1305,rlcg,ga
2137,0.03372249119069608,4817.890934705734,3656.8512547502633,56.85,1305,rlcg,ga
2138,2.950487231971318e-08,4821.580517292023,3652.198950708018,56.89999999999999,1305,rlcg,ga
2139,2.9596217646588254e-08,4825.340884923935,3647.6018454078203,56.95,1305,rlcg,ga
2140,2.9596217646588254e-08,4830.421102762222,3644.0018845399227,56.99999999999999,1305,rlcg,ga
2141,2.9596217646588254e-08,4834.446169614792,3639.6049602972016,57.05,1305,rlcg,ga
2142,2.9596217646588254e-08,4838.1276071071625,3634.9505139211433,57.099999999999994,1305,rlcg,ga
2143,2.9596217646588254e-08,4842.253425121307,3630.6309582930535,57.15,1305,rlcg,ga
2144,2.968756297346333e-08,4847.18455862999,3626.9143200937688,57.199999999999996,1305,rlcg,ga
2145,2.9596217646588254e-08,4850.864543914795,3622.2612969844104,57.25,1305,rlcg,ga
2146,2.987025083949026e-08,4854.6325216293335,3617.6755440414054,57.3,1305,rlcg,ga
2147,2.968756297346333e-08,4859.580564022064,3613.9688065482314,57.35,1305,rlcg,ga
2148,2.9778905512615182e-08,4863.690748214722,3609.638081427651,57.4,1305,rlcg,ga
2149,2.7860667586854704e-08,4867.404229879379,3605.013924827983,57.45,1305,rlcg,ga
2150,2.9230839126811172e-08,4871.384682178497,3600.588678131933,57.49999999999999,1305,rlcg,ga
2151,2.868276995328394e-08,4876.385040998459,3596.916507217804,57.550000000000004,1305,rlcg,ga
2152,2.320206985484195e-08,4880.132214307785,3592.3195466432317,57.599999999999994,1305,rlcg,ga
2153,1.342805576157467e-08,4883.888743877411,3587.7309332733457,57.65,1305,rlcg,ga
2154,2.8134703567479932e-08,4888.756542205811,3583.9584356205523,57.699999999999996,1305,rlcg,ga
2155,1.2057856344385964e-08,4892.929165124893,3579.675449809987,57.75,1305,rlcg,ga
2156,2.9778905512615182e-08,4896.560770511627,3574.9976559790775,57.8,1305,rlcg,ga
2157,5.846257032505397e-09,4900.403493642807,3570.475492775182,57.85,1305,rlcg,ga
2158,1.7538637286801448e-08,4905.551692485809,3566.9037349508217,57.9,1305,rlcg,ga
2159,0.04626438864317913,4909.292352199554,3562.307910439884,57.95,1305,rlcg,ga
2160,2.128381520274213e-08,4912.960327625275,3557.6609269010623,57.99999999999999,1305,rlcg,ga
2161,2.128381520274213e-08,4917.553161621094,3553.6839815676976,58.050000000000004,1305,rlcg,ga
2162,2.1192469875867053e-08,4921.962368249893,3549.5735495640365,58.099999999999994,1305,rlcg,ga
2163,2.1375160529617206e-08,4925.682139158249,3544.966423452668,58.15,1305,rlcg,ga
2164,2.1375160529617206e-08,4929.412670850754,3540.3685505422945,58.199999999999996,1305,rlcg,ga
2165,2.1375160529617206e-08,4934.661921739578,3536.8606906888817,58.25,1305,rlcg,ga
2166,2.1192469875867053e-08,4938.43421959877,3532.2934297987777,58.3,1305,rlcg,ga
2167,2.128381520274213e-08,4942.084531068802,3527.640457909436,58.35,1305,rlcg,ga
2168,2.1192469875867053e-08,4946.591595411301,3523.599492621748,58.4,1305,rlcg,ga
2169,2.110112454899198e-08,4951.165877342224,3519.605512464832,58.45,1305,rlcg,ga
2170,2.027901242553146e-08,4954.844727277756,3514.9753193508877,58.5,1305,rlcg,ga
2171,2.046170447314322e-08,4958.510446310043,3510.3374551588604,58.550000000000004,1305,rlcg,ga
2172,1.9822284397294466e-08,4963.746636867523,3506.810763930298,58.599999999999994,1305,rlcg,ga
2173,2.18318885578542e-08,4967.539145946503,3502.2633194354275,58.650000000000006,1305,rlcg,ga
2174,2.3932832469842558e-08,4971.279009580612,3497.680120880397,58.699999999999996,1305,rlcg,ga
2175,2.6764529239800242e-08,4975.653916358948,3493.5442391456436,58.75,1305,rlcg,ga
2176,2.6764529239800242e-08,4980.315055370331,3489.608508184654,58.8,1305,rlcg,ga
2177,8.403980545610389e-09,4984.096512079239,3485.0564396271984,58.85,1305,rlcg,ga
2178,2.8317863255662492e-09,4987.793232679367,3480.4465511565704,58.9,1305,rlcg,ga
2179,4.750087323564665e-09,4992.866856336594,3476.7970220969837,58.95,1305,rlcg,ga
2180,1.2971322157891232e-08,4996.826730251312,3472.3711176322686,59.0,1305,rlcg,ga
2181,2.9231340916991463e-09,5000.51954293251,3467.7608007296567,59.050000000000004,1305,rlcg,ga
2182,3.562568106164021e-09,5004.628423690796,3463.439975109197,59.099999999999994,1305,rlcg,ga
2183,1.1875250541961437e-09,5009.525321483612,3459.66372582596,59.150000000000006,1305,rlcg,ga
2184,3.836611747583342e-09,5013.237038373947,3455.068769690153,59.199999999999996,1305,rlcg,ga
2185,0.0,5016.864794015884,3450.417558753541,59.25,1305,rlcg,ga
2186,9.134810915352789e-11,5021.677616596222,3446.581433313091,59.3,1305,rlcg,ga
2187,0.0,5025.8144817352295,3442.2806854681894,59.35,1305,rlcg,ga
2188,9.134810915352789e-11,5029.551451444626,3437.706884320738,59.4,1305,rlcg,ga
2189,9.134810915352789e-11,5033.486133813858,3433.2693477906123,59.45,1305,rlcg,ga
2190,5.480885133570973e-10,5038.65315079689,3429.671472391161,59.5,1305,rlcg,ga
2191,0.005125475477898258,5042.664689540863,3425.2860905445486,59.550000000000004,1305,rlcg,ga
2192,5.754909614837903e-09,5046.426781177521,3420.732247643824,59.599999999999994,1305,rlcg,ga
2193,5.754909614837903e-09,5051.450377464294,3417.033071763357,59.650000000000006,1305,rlcg,ga
2194,5.754909614837903e-09,5055.6028571128845,3412.743637213556,59.699999999999996,1305,rlcg,ga
2195,5.754909614837903e-09,5059.420365810394,3408.228781989428,59.75,1305,rlcg,ga
2196,5.754909614837903e-09,5063.632298707962,3403.9802409374606,59.8,1305,rlcg,ga
2197,5.754909614837903e-09,5068.642667531967,3400.267386823867,59.85,1305,rlcg,ga
2198,5.754909614837903e-09,5072.5699508190155,3395.827295957304,59.9,1305,rlcg,ga
2199,5.663562197170409e-09,5076.473673343658,3391.372320557355,59.95,1305,rlcg,ga
2200,5.663562197170409e-09,5081.926505088806,3387.951003392538,60.0,1305,rlcg,ga
2201,5.480867361835422e-09,5085.9924783706665,3383.603655468911,60.050000000000004,1305,rlcg,ga
2202,5.024129925032549e-09,5090.080028057098,3379.271100157708,60.099999999999994,1305,rlcg,ga
2203,5.846257032505397e-09,5095.0516974925995,3375.5246906912726,60.150000000000006,1305,rlcg,ga
2204,3.2885251562307335e-09,5099.521339178085,3371.4443405197308,60.199999999999996,1305,rlcg,ga
2205,3.927958822230206e-09,5103.495231389999,3367.0362729917415,60.25,1305,rlcg,ga
2206,2.2836993803034653e-09,5107.646733760834,3362.745859540715,60.3,1305,rlcg,ga
2207,5.480867361835422e-09,5112.642260313034,3359.0102008518934,60.35,1305,rlcg,ga
2208,5.389519944167928e-09,5116.523419380188,3354.541844494295,60.4,1305,rlcg,ga
2209,1.2423243227332715e-08,5120.342955589294,3350.034142159744,60.45,1305,rlcg,ga
2210,3.1971773900978365e-09,5125.4553463459015,3346.371672407655,60.5,1305,rlcg,ga
2211,9.134806232848937e-10,5129.626326084137,3342.0934527501104,60.550000000000004,1305,rlcg,ga
2212,2.7404430023672404e-10,5133.510865449905,3337.6291765466376,60.6,1305,rlcg,ga
2213,6.394365408390464e-10,5137.882928848267,3333.4821640590144,60.650000000000006,1305,rlcg,ga
2214,1.8269620741751193e-10,5142.652867794037,3329.5923839259576,60.699999999999996,1305,rlcg,ga
2215,9.134810915352789e-11,5146.487349510193,3325.0967649098766,60.75000000000001,1305,rlcg,ga
2216,0.0,5150.321785211563,3320.6022036232443,60.8,1305,rlcg,ga
2217,0.0,5155.681839704514,3317.0902879939476,60.85,1305,rlcg,ga
2218,0.00011337756882225416,5159.483394384384,3312.5747244733902,60.9,1305,rlcg,ga
2219,0.0,5163.518595457077,3308.210027114008,60.95,1305,rlcg,ga
2220,0.0,5168.393834114075,3304.382943122113,61.0,1305,rlcg,ga
2221,0.0,5172.898359775543,3300.3176267527833,61.050000000000004,1305,rlcg,ga
2222,0.0,5176.793999671936,3295.863937598009,61.1,1305,rlcg,ga
2223,0.0,5180.787706375122,3291.473465129575,61.150000000000006,1305,rlcg,ga
2224,0.0,5186.007479190826,3287.8609508595437,61.199999999999996,1305,rlcg,ga
2225,0.0,5189.8935787677765,3283.4020600367567,61.25000000000001,1305,rlcg,ga
2226,0.0,5193.744506597519,3278.9218989449273,61.3,1305,rlcg,ga
2227,9.134810915352789e-11,5198.676775455475,3275.1239995330743,61.35,1305,rlcg,ga
2228,9.134810915352789e-11,5202.903673887253,3270.8808112711395,61.4,1305,rlcg,ga
2229,0.0,5206.771691083908,3266.4125092153718,61.45,1305,rlcg,ga
2230,0.0,5211.0440447330475,3262.1983044263798,61.5,1305,rlcg,ga
2231,1.8269620741751193e-10,5216.06995511055,3258.454748562155,61.550000000000004,1305,rlcg,ga
2232,9.134810915352789e-11,5219.8952260017395,3253.9606603647208,61.6,1305,rlcg,ga
2233,0.0,5223.850923776627,3249.548790378485,61.650000000000006,1305,rlcg,ga
2234,9.134810915352789e-11,5229.207015037537,3246.006947746153,61.7,1305,rlcg,ga
2235,0.0,5233.062377214432,3241.532565642947,61.75000000000001,1305,rlcg,ga
2236,0.0,5236.984235286713,3237.1002878309446,61.8,1305,rlcg,ga
2237,1.8269620741751193e-10,5241.431962013245,3232.9931988812496,61.85000000000001,1305,rlcg,ga
2238,1.8269620741751193e-10,5246.150815963745,3229.0524408435977,61.9,1305,rlcg,ga
2239,1.1875245314980394e-09,5250.041158437729,3224.601550904852,61.95,1305,rlcg,ga
2240,2.4663950868019604e-09,5253.813273906708,3220.0791033621754,62.0,1305,rlcg,ga
2241,0.03135630198260887,5259.235205173492,3216.566898248735,62.050000000000004,1305,rlcg,ga
2242,4.019211666387331e-08,5262.948186635971,3212.0086356441752,62.1,1305,rlcg,ga
2243,4.028345920302516e-08,5266.791516542435,3207.531116671458,62.150000000000006,1305,rlcg,ga
2244,4.000942879784638e-08,5271.451020240784,3203.5506200177115,62.2,1305,rlcg,ga
2245,4.0100774124721456e-08,5275.900099039078,3199.441425521689,62.25000000000001,1305,rlcg,ga
2246,3.991808625869453e-08,5279.726383447647,3194.95480988726,62.3,1305,rlcg,ga
2247,3.991808625869453e-08,5283.690126419067,3190.552257573021,62.35000000000001,1305,rlcg,ga
2248,3.991808625869453e-08,5289.012637138367,3186.969153147478,62.4,1305,rlcg,ga
2249,3.982674371954268e-08,5292.8281219005585,3182.4771173317204,62.45,1305,rlcg,ga
2250,3.946137077521205e-08,5296.668802976608,3178.0012817859642,62.5,1305,rlcg,ga
2251,3.83652463667737e-08,5301.619263410568,3174.1909099076875,62.55,1305,rlcg,ga
2252,3.7543155151237356e-08,5305.927683830261,3169.995133789964,62.6,1305,rlcg,ga
2253,3.662971860882594e-08,5309.791900634766,3165.5343573616683,62.64999999999999,1305,rlcg,ga
2254,3.9278682909185116e-08,5313.944817304611,3161.2462788749926,62.7,1305,rlcg,ga
2255,3.306730382743923e-08,5319.090640544891,3157.5478304429835,62.74999999999999,1305,rlcg,ga
2256,2.703856522042547e-08,5322.87938451767,3153.043202293906,62.8,1305,rlcg,ga
2257,2.2836688547341647e-08,5326.824610710144,3148.6322082399656,62.849999999999994,1305,rlcg,ga
2258,2.987025083949026e-08,5332.1377389431,3145.0287776596033,62.9,1305,rlcg,ga
2259,1.653383032800594e-08,5336.095611572266,3140.6249786934477,62.949999999999996,1305,rlcg,ga
2260,0.0001814153562259764,5339.96339058876,3136.1689754251456,63.0,1305,rlcg,ga
2261,3.2287901017629323e-07,5344.455178499222,3132.0796010395916,63.05,1305,rlcg,ga
2262,1.504418310366742e-07,5349.268565893173,3128.1776558075762,63.1,1305,rlcg,ga
2263,1.3007282951161607e-07,5353.158116579056,3123.7351796664807,63.14999999999999,1305,rlcg,ga
2264,9.719072250110522e-08,5357.084845304489,3119.3152263798293,63.2,1305,rlcg,ga
2265,7.179736001845235e-08,5362.545671701431,3115.787406087393,63.24999999999999,1305,rlcg,ga
2266,4.338953763128783e-08,5366.55521607399,3111.415109477337,63.3,1305,rlcg,ga
2267,2.2197405766861663e-08,5370.3962779045105,3106.945912947125,63.349999999999994,1305,rlcg,ga
2268,2.375027074829151e-08,5375.210616111755,3103.039567029815,63.4,1305,rlcg,ga
2269,5.4533487004968354e-08,5379.57773566246,3098.8741723950043,63.449999999999996,1305,rlcg,ga
2270,1.3545923347815057e-07,5383.329248428345,3094.3546073643247,63.5,1305,rlcg,ga
2271,1.240412209435434e-07,5387.393258333206,3090.0154880605096,63.55,1305,rlcg,ga
2272,8.723257606559932e-08,5392.563900709152,3086.3101570096405,63.6,1305,rlcg,ga
2273,6.713793153947412e-08,5396.352832317352,3081.8134399801384,63.65,1305,rlcg,ga
2274,3.078369574507135e-08,5400.132631063461,3077.31262963271,63.7,1305,rlcg,ga
2275,1.3207798864749542e-07,5405.0316388607025,3073.449363273734,63.74999999999999,1305,rlcg,ga
2276,3.0601007879044416e-08,5409.351085662842,3069.255631677035,63.800000000000004,1305,rlcg,ga
2277,4.3206439969947e-08,5413.143524885178,3064.7633269318594,63.849999999999994,1305,rlcg,ga
2278,1.5437675254612133e-08,5417.25093460083,3060.4500585147107,63.9,1305,rlcg,ga
2279,3.014481857832043e-09,5422.301930189133,3056.669031795438,63.949999999999996,1305,rlcg,ga
2280,6.394365408390464e-10,5426.1298842430115,3052.198059886694,64.0,1305,rlcg,ga
2281,6.394365408390464e-10,5429.976895570755,3047.738788380464,64.05,1305,rlcg,ga
2282,4.567398194350651e-09,5435.067909479141,3043.9771911123426,64.1,1305,rlcg,ga
2283,1.8269620741751193e-10,5439.105709552765,3039.6249366713437,64.14999999999999,1305,rlcg,ga
2284,2.7404430023672404e-10,5442.872551441193,3035.1220769718802,64.2,1305,rlcg,ga
2285,2.7404430023672404e-10,5447.065935611725,3030.857699581622,64.25,1305,rlcg,ga
2286,0.03239942738836,5452.013425350189,3027.0121195179127,64.3,1305,rlcg,ga
2287,5.298172178035031e-09,5455.758201599121,3022.498521942638,64.35,1305,rlcg,ga
2288,5.298172178035031e-09,5459.613179683685,3018.0470372164473,64.4,1305,rlcg,ga
2289,5.298172178035031e-09,5464.865539312363,3014.3672602413426,64.45,1305,rlcg,ga
2290,5.389519944167928e-09,5468.833832740784,3009.9783110433764,64.5,1305,rlcg,ga
2291,5.298172178035031e-09,5472.640528917313,3005.501266461948,64.55,1305,rlcg,ga
2292,5.298172178035031e-09,5476.88579082489,3001.265588161008,64.60000000000001,1305,rlcg,ga
2293,5.206824760367537e-09,5481.6832711696625,2997.331842781865,64.64999999999999,1305,rlcg,ga
2294,5.298172178035031e-09,5485.412755727768,2992.8140691992303,64.7,1305,rlcg,ga
2295,5.298172178035031e-09,5489.217718601227,2988.33860356283,64.75,1305,rlcg,ga
2296,5.206824760367537e-09,5494.483735322952,2984.6578315334555,64.8,1305,rlcg,ga
2297,5.115477342700043e-09,5498.515507698059,2980.3056298471365,64.85,1305,rlcg,ga
2298,5.389519944167928e-09,5502.224816799164,2975.7795234152636,64.9,1305,rlcg,ga
2299,6.028951867840385e-09,5506.501786708832,2971.561010379439,64.95,1305,rlcg,ga
2300,6.39434153851036e-09,5511.408639192581,2967.681574949851,65.0,1305,rlcg,ga
2301,4.841434741232159e-09,5515.198965549469,2963.2006740346496,65.05,1305,rlcg,ga
2302,8.403980545610389e-09,5518.964485406876,2958.7075351874028,65.10000000000001,1305,rlcg,ga
2303,3.1971773900978365e-09,5524.2135763168335,2955.0091041387823,65.14999999999999,1305,rlcg,ga
2304,6.485688956177854e-09,5528.113416671753,2950.5881426407504,65.2,1305,rlcg,ga
2305,1.0596308115668152e-08,5531.865746021271,2946.089420294853,65.25,1305,rlcg,ga
2306,2.9231340916991463e-09,5536.25430560112,2941.9299296226473,65.3,1305,rlcg,ga
2307,9.134806232848937e-10,5541.063318967819,2937.9930222224175,65.35,1305,rlcg,ga
2308,4.567404423169729e-10,5544.811074495316,2933.4933207574595,65.4,1305,rlcg,ga
2309,9.134810915352789e-11,5548.587596893311,2929.009953745819,65.45,1305,rlcg,ga
2310,0.0,5553.854011774063,2925.3124184153457,65.5,1305,rlcg,ga
2311,4.567404423169729e-10,5557.779108047485,2920.907555640517,65.55,1305,rlcg,ga
2312,9.134810915352789e-11,5561.513667345047,2916.403508485817,65.60000000000001,1305,rlcg,ga
2313,0.0,5565.787167549133,2912.182623081688,65.64999999999999,1305,rlcg,ga
2314,9.134810915352789e-11,5570.592001676559,2908.239051103592,65.7,1305,rlcg,ga
2315,1.8269620741751193e-10,5574.353692770004,2903.7507829258193,65.75,1305,rlcg,ga
2316,0.0,5578.066281795502,2899.23809783292,65.8,1305,rlcg,ga
2317,4.1288268818869365e-08,5583.371821403503,2895.552736536518,65.85,1305,rlcg,ga
2318,2.9231340916991463e-09,5587.303826332092,2891.154180241643,65.9,1305,rlcg,ga
2319,1.2788725589799885e-09,5591.239151716232,2886.7580457306703,65.95,1305,rlcg,ga
2320,2.0644500014979672e-08,5595.9215092659,2882.747444167282,66.0,1305,rlcg,ga
2321,3.0622989878134703e-07,5600.640083551407,2878.754441128998,66.05,1305,rlcg,ga
2322,2.192351782958498e-09,5604.4403212070465,2874.289362918591,66.10000000000001,1305,rlcg,ga
2323,6.485697319347526e-09,5608.166831493378,2869.7875622985775,66.14999999999999,1305,rlcg,ga
2324,1.3062668878627919e-08,5613.469393968582,2866.091624110846,66.2,1305,rlcg,ga
2325,4.813894544731669e-08,5617.196937084198,2861.5908924768555,66.25,1305,rlcg,ga
2326,0.0006604778774483703,5620.88165640831,2857.0695598938164,66.3,1305,rlcg,ga
2327,4.6699002770514325e-07,5625.278172969818,2852.9104825988597,66.35,1305,rlcg,ga
2328,4.379488987191598e-07,5629.904960870743,2848.8675705610985,66.4,1305,rlcg,ga
2329,4.081761931029944e-07,5633.659674167633,2844.3834773261715,66.45,1305,rlcg,ga
2330,3.733806681401771e-07,5637.40541601181,2839.895961449558,66.5,1305,rlcg,ga
2331,3.301819194986046e-07,5642.704568862915,2836.1903505404134,66.55,1305,rlcg,ga
2332,2.7154880741760993e-07,5646.4416654109955,2831.6989733442533,66.60000000000001,1305,rlcg,ga
2333,2.1720347848856442e-07,5650.152924776077,2827.1957995691246,66.64999999999999,1305,rlcg,ga
2334,2.7082290659191165e-07,5654.346565961838,2822.9346423767493,66.7,1305,rlcg,ga
2335,9.161747487014787e-08,5659.183342933655,2818.9939498508465,66.75,1305,rlcg,ga
2336,7.819023016179863e-08,5662.846991062164,2814.4688638213156,66.8,1305,rlcg,ga
2337,6.147516454579808e-08,5666.57693862915,2809.9779433890253,66.85,1305,rlcg,ga
2338,5.645109403411674e-08,5671.583002328873,2806.1195422583805,66.9,1305,rlcg,ga
2339,8.138693233220316e-08,5675.566811323166,2801.7547888608005,66.95,1305,rlcg,ga
2340,4.466793174182475e-08,5679.273594379425,2797.254158425687,67.0,1305,rlcg,ga
2341,1.836075080412358e-08,5683.304278850555,2792.9138849832343,67.05,1305,rlcg,ga
2342,7.133955453518935e-08,5688.323071241379,2789.0585550497963,67.10000000000001,1305,rlcg,ga
2343,7.179625608005572e-08,5692.04280424118,2784.56598837413,67.15,1305,rlcg,ga
2344,1.8543442851735345e-08,5695.799912929535,2780.0928146441765,67.2,1305,rlcg,ga
2345,3.736046728521043e-08,5700.742811918259,2776.1981723468107,67.25,1305,rlcg,ga
2346,7.855897433467037e-09,5704.825454950333,2771.883987769328,67.30000000000001,1305,rlcg,ga
2347,0.016546197321147153,5708.531707525253,2767.3876800400812,67.35,1305,rlcg,ga
2348,4.430255601521567e-08,5712.463911771774,2763.001832696733,67.4,1305,rlcg,ga
2349,4.402852561003689e-08,5717.53321647644,2759.165399500491,67.45,1305,rlcg,ga
2350,4.4211210688340595e-08,5721.359842538834,2754.7288130742527,67.5,1305,rlcg,ga
2351,4.4211210688340595e-08,5725.330424785614,2750.3622840013795,67.55,1305,rlcg,ga
2352,4.430255601521567e-08,5730.369183301926,2746.5083067896794,67.60000000000001,1305,rlcg,ga
2353,4.457658363267123e-08,5734.466834306717,2742.2025438259025,67.65,1305,rlcg,ga
2354,4.4941953789278636e-08,5738.217759132385,2737.7316635151547,67.7,1305,rlcg,ga
2355,4.4941953789278636e-08,5742.230707406998,2733.3865728985347,67.75,1305,rlcg,ga
2356,4.457658363267123e-08,5747.078891277313,2729.438647479785,67.80000000000001,1305,rlcg,ga
2357,4.512463886758234e-08,5750.835136175156,2724.971991570099,67.85,1305,rlcg,ga
2358,4.905236526338876e-08,5754.563550949097,2720.4932251173195,67.9,1305,rlcg,ga
2359,5.4532884159821206e-08,5759.374887228012,2716.5263448956266,67.95,1305,rlcg,ga
2360,5.371080688290098e-08,5763.510221719742,2712.2401043387017,68.0,1305,rlcg,ga
2361,4.2841067025616365e-08,5767.208577871323,2707.7489208374536,68.05,1305,rlcg,ga
2362,4.768223275155742e-08,5771.095547437668,2703.3472534987013,68.10000000000001,1305,rlcg,ga
2363,2.365879648921733e-08,5776.12511920929,2699.480338177782,68.15,1305,rlcg,ga
2364,1.3154015599364608e-08,5779.878214359283,2695.0165281030077,68.2,1305,rlcg,ga
2365,6.302994120842866e-09,5783.527863502502,2690.5056361348634,68.25,1305,rlcg,ga
2366,2.375047320669064e-09,5788.127865314484,2686.4370912220948,68.30000000000001,1305,rlcg,ga
2367,4.841434741232159e-09,5792.477186203003,2682.2516890025618,68.35,1305,rlcg,ga
2368,1.461568439711185e-09,5796.140381097794,2677.749064951611,68.4,1305,rlcg,ga
2369,6.394365408390464e-10,5799.869707584381,2673.2781486382355,68.45,1305,rlcg,ga
2370,2.557743027167559e-09,5805.102852344513,2669.4998518080592,68.5,1305,rlcg,ga
2371,3.653923712768485e-10,5808.848336458206,2665.0369100162006,68.55,1305,rlcg,ga
2372,9.134810915352789e-11,5812.562982797623,2660.5608988315635,68.60000000000001,1305,rlcg,ga
2373,0.025359195584995057,5816.9985704422,2656.415224812279,68.65,1305,rlcg,ga
2374,0.007261792636008881,5821.545460939407,2652.319838826832,68.7,1305,rlcg,ga
2375,1.8269620741751193e-10,5825.2574198246,2647.844281738455,68.75,1305,rlcg,ga
2376,1.8269620741751193e-10,5828.944355010986,2643.3584865747507,68.8,1305,rlcg,ga
2377,1.8269620741751193e-10,5834.200963258743,2639.584023318952,68.85,1305,rlcg,ga
2378,1.8269620741751193e-10,5837.9715411663055,2635.1366463029335,68.89999999999999,1305,rlcg,ga
2379,1.8269620741751193e-10,5841.697484254837,2630.670150632526,68.95,1305,rlcg,ga
2380,1.8269620741751193e-10,5846.003060102463,2626.4651429445858,69.0,1305,rlcg,ga
2381,1.8269620741751193e-10,5850.679926395416,2622.4264116138766,69.05,1305,rlcg,ga
2382,1.8269620741751193e-10,5854.423946857452,2617.969608652609,69.1,1305,rlcg,ga
2383,1.8269620741751193e-10,5858.1812789440155,2613.519775204959,69.15,1305,rlcg,ga
2384,9.134810915352789e-11,5863.35399055481,2609.7009090908705,69.19999999999999,1305,rlcg,ga
2385,1.8269620741751193e-10,5867.074903249741,2605.2354263527723,69.25,1305,rlcg,ga
2386,9.134810915352789e-11,5870.843491792679,2600.792138499788,69.3,1305,rlcg,ga
2387,1.8269620741751193e-10,5875.006829738617,2596.524287404305,69.35,1305,rlcg,ga
2388,9.134810915352789e-11,5879.758601665497,2592.5160405038077,69.39999999999999,1305,rlcg,ga
2389,2.7404430023672404e-10,5883.510653972626,2588.066961538714,69.45,1305,rlcg,ga
2390,1.8269620741751193e-10,5887.219774007797,2583.600044708459,69.5,1305,rlcg,ga
2391,1.8269620741751193e-10,5892.096347570419,2579.64534555743,69.55,1305,rlcg,ga
2392,5.480885133570973e-10,5896.169185638428,2575.3382649914984,69.6,1305,rlcg,ga
2393,1.461568439711185e-09,5899.904304265976,2570.8843594324826,69.65,1305,rlcg,ga
2394,4.750087323564665e-09,5903.816495418549,2566.5084621403457,69.69999999999999,1305,rlcg,ga
2395,2.2288653000725802e-08,5908.832489490509,2562.611939886565,69.75,1305,rlcg,ga
2396,1.2149203065122653e-08,5912.526185750961,2558.1417021443995,69.8,1305,rlcg,ga
2397,5.572214779502915e-09,5916.186105728149,2553.657996960683,69.85,1305,rlcg,ga
2398,1.2165083877557854e-06,5920.9432721138,2549.647961239276,69.89999999999999,1305,rlcg,ga
2399,6.485688956177854e-09,5925.145083904266,2545.3982812197737,69.95,1305,rlcg,ga
2400,9.865534344329877e-09,5928.877857923508,2540.9476533957895,70.0,1305,rlcg,ga
2401,8.586675375500604e-09,5932.715358972549,2536.54282656999,70.05,1305,rlcg,ga
2402,1.662517704874263e-08,5937.8609120845795,2532.6967371088303,70.1,1305,rlcg,ga
2403,1.5437675254612133e-08,5941.657408714294,2528.2747491107857,70.15,1305,rlcg,ga
2404,2.5759739001899306e-08,5945.364166498184,2523.8155578582046,70.19999999999999,1305,rlcg,ga
2405,1.452421222883009e-08,5950.015874862671,2519.7576124863263,70.25,1305,rlcg,ga
2406,1.836075080412358e-08,5954.373079538345,2515.5744020240236,70.3,1305,rlcg,ga
2407,6.302994120842866e-09,5958.083540439606,2511.1183649471823,70.35,1305,rlcg,ga
2408,2.0096559076720735e-09,5961.854401111603,2506.6887822855606,70.39999999999999,1305,rlcg,ga
2409,5.206824760367537e-09,5967.122695922852,2502.8882280272574,70.45,1305,rlcg,ga
2410,4.658739557431768e-09,5970.8492839336395,2498.440480511239,70.5,1305,rlcg,ga
2411,1.096176591132441e-09,5974.54040312767,2493.9789492857526,70.55,1305,rlcg,ga
2412,3.836611056097309e-09,5978.994512319565,2489.836241674153,70.6,1305,rlcg,ga
2413,0.00013758033889097048,5983.5016968250275,2485.7151422762145,70.65,1305,rlcg,ga
2414,2.0450186228020103e-07,5987.273328542709,2481.288663738351,70.7,1305,rlcg,ga
2415,1.2888179253597237e-07,5991.052874326706,2476.8663826721713,70.75,1305,rlcg,ga
2416,6.777752027802269e-08,5996.369540929794,2473.0789632083342,70.8,1305,rlcg,ga
2417,3.8182679766707005e-08,6000.1529495716095,2468.65855299947,70.85000000000001,1305,rlcg,ga
2418,1.7904063372106034e-08,6003.937449932098,2464.2394893233304,70.89999999999999,1305,rlcg,ga
2419,1.187518886358511e-08,6008.443887233734,2460.116912250034,70.95,1305,rlcg,ga
2420,4.841439445515099e-09,6012.924554109573,2455.9832685799665,71.0,1305,rlcg,ga
2421,2.0096570401846332e-09,6016.642778396606,2451.5384719856684,71.05,1305,rlcg,ga
2422,1.2788730816780929e-09,6020.382541656494,2447.103452234496,71.1,1305,rlcg,ga
2423,2.192353095148531e-09,6025.6082084178925,2443.2719158518084,71.15,1305,rlcg,ga
2424,1.0961768307024056e-09,6029.397961854935,2438.8576025480634,71.2,1305,rlcg,ga
2425,2.1923521150895855e-09,6033.129408836365,2434.4206386532696,71.25,1305,rlcg,ga
2426,4.5674048043037637e-10,6037.590553283691,2430.278385403113,71.3,1305,rlcg,ga
2427,6.394365408390464e-10,6042.238670825958,2426.210762707269,71.35000000000001,1305,rlcg,ga
2428,7.307845683209955e-10,6045.949647665024,2421.766945703357,71.39999999999999,1305,rlcg,ga
2429,1.5529163800767833e-09,6049.713299036026,2417.34520206408,71.45,1305,rlcg,ga
2430,8.58667468401457e-09,6054.997395515442,2413.5304303802823,71.5,1305,rlcg,ga
2431,3.927958822230206e-09,6058.724432229996,2409.0944807399483,71.55,1305,rlcg,ga
2432,1.6442643204423816e-09,6062.523738861084,2404.6881869225526,71.6,1305,rlcg,ga
2433,3.014481857832043e-09,6066.766137123108,2400.458059838662,71.65,1305,rlcg,ga
2434,2.7404430023672404e-10,6071.546313524246,2396.4401767466697,71.7,1305,rlcg,ga
2435,1.8269620741751193e-10,6075.259152173996,2392.0009902287857,71.75,1305,rlcg,ga
2436,0.0,6078.950959205627,2387.554555008339,71.8,1305,rlcg,ga
2437,9.134810915352789e-11,6084.075208902359,2383.6703845595184,71.85000000000001,1305,rlcg,ga
2438,0.0,6087.941278219223,2379.292766591936,71.89999999999999,1305,rlcg,ga
2439,3.653923712768485e-10,6091.635242462158,2374.84876373959,71.95,1305,rlcg,ga
2440,3.927958822230206e-09,6095.759912252426,2370.573299209278,72.0,1305,rlcg,ga
2441,5.846257032505397e-09,6100.633242607117,2366.5884681591797,72.05,1305,rlcg,ga
2442,9.50014537603548e-09,6104.472626924515,2362.202306396588,72.1,1305,rlcg,ga
2443,1.0322267256527282e-08,6108.463871717453,2357.8755208223283,72.15,1305,rlcg,ga
2444,3.836611056097309e-09,6113.8078854084015,2354.070072220964,72.2,1305,rlcg,ga
2445,1.096176591132441e-09,6117.670056343079,2349.693343439729,72.25,1305,rlcg,ga
2446,9.134806232848937e-10,6121.527940034866,2345.3156838031227,72.3,1305,rlcg,ga
2447,8.221325958029445e-10,6126.034274816513,2341.186561142731,72.35000000000001,1305,rlcg,ga
2448,1.918307967306475e-09,6130.824937820435,2337.1653077879,72.39999999999999,1305,rlcg,ga
2449,0.02281511569845056,6134.633796453476,2332.7696493070143,72.45,1305,rlcg,ga
2450,1.918307967306475e-09,6138.574350357056,2328.424753583711,72.5,1305,rlcg,ga
2451,1.918307967306475e-09,6144.093906879425,2324.6778462279835,72.55,1305,rlcg,ga
2452,1.918307967306475e-09,6148.044427871704,2320.3363267725163,72.6,1305,rlcg,ga
2453,1.8269602011735783e-09,6151.9593551158905,2315.9819458006823,72.65,1305,rlcg,ga
2454,1.918307967306475e-09,6156.801768541336,2311.9764550368436,72.7,1305,rlcg,ga
2455,1.8269602011735783e-09,6161.045629739761,2307.7456138887756,72.75,1305,rlcg,ga
2456,1.918307967306475e-09,6164.895415306091,2303.3675178066715,72.8,1305,rlcg,ga
2457,1.8269602011735783e-09,6169.014852762222,2299.09064176382,72.85000000000001,1305,rlcg,ga
2458,1.918307967306475e-09,6174.242528676987,2295.225960591857,72.89999999999999,1305,rlcg,ga
2459,1.8269602011735783e-09,6178.133371829987,2290.863710870475,72.95,1305,rlcg,ga
2460,1.8269602011735783e-09,6181.943121910095,2286.472113583186,73.0,1305,rlcg,ga
2461,2.0096559076720735e-09,6186.989364624023,2282.537486332887,73.05,1305,rlcg,ga
2462,2.4663950868019604e-09,6191.054598093033,2278.240337738749,73.1,1305,rlcg,ga
2463,1.73561226080798e-09,6194.7739090919495,2273.816533959245,73.15,1305,rlcg,ga
2464,1.6442643204423816e-09,6198.884006500244,2269.536767407193,73.2,1305,rlcg,ga
2465,1.096176591132441e-09,6203.870215654373,2265.5771777304362,73.25,1305,rlcg,ga
2466,1.3702204993455866e-09,6207.585118055344,2261.1531057582215,73.3,1305,rlcg,ga
2467,2.9231340916991463e-09,6211.432258605957,2256.7780462419723,73.35000000000001,1305,rlcg,ga
2468,9.134806232848937e-10,6216.338135957718,2252.7873898702364,73.4,1305,rlcg,ga
2469,4.567404423169729e-10,6220.507213592529,2248.529156172657,73.45,1305,rlcg,ga
2470,9.134810915352789e-11,6224.248626232147,2244.1168516347207,73.5,1305,rlcg,ga
2471,2.7404430023672404e-10,6228.259136199951,2239.8022318489275,73.55000000000001,1305,rlcg,ga
2472,9.134810915352789e-11,6233.305662155151,2235.8596396860867,73.6,1305,rlcg,ga
2473,1.8269620741751193e-10,6236.962320327759,2231.4182911152257,73.65,1305,rlcg,ga
2474,0.007890351887406713,6240.744571208954,2227.0228252753805,73.7,1305,rlcg,ga
2475,1.004828912115895e-09,6245.7142598629,2223.0508382562857,73.75,1305,rlcg,ga
2476,6.394365408390464e-10,6249.98203587532,2218.828310839206,73.8,1305,rlcg,ga
2477,6.394365408390464e-10,6253.731732130051,2214.422272108339,73.85000000000001,1305,rlcg,ga
2478,6.394365408390464e-10,6257.700377702713,2210.094450041148,73.9,1305,rlcg,ga
2479,6.394365408390464e-10,6262.724193572998,2206.1388132870397,73.95,1305,rlcg,ga
2480,6.394365408390464e-10,6266.450435400009,2201.725828654058,74.0,1305,rlcg,ga
2481,6.394365408390464e-10,6270.145028591156,2197.3026805123627,74.05000000000001,1305,rlcg,ga
2482,6.394365408390464e-10,6274.801764965057,2193.2168112360996,74.1,1305,rlcg,ga
2483,7.307845683209955e-10,6279.142497301102,2189.020007487976,74.15,1305,rlcg,ga
2484,6.394365408390464e-10,6282.856499910355,2184.605090265326,74.2,1305,rlcg,ga
2485,7.307845683209955e-10,6286.653421878815,2180.219873580867,74.25,1305,rlcg,ga
2486,9.134806232848937e-10,6291.984413385391,2176.3660756931968,74.3,1305,rlcg,ga
2487,6.394365408390464e-10,6295.8344469070435,2171.9993754292627,74.35000000000001,1305,rlcg,ga
2488,4.567404423169729e-10,6299.5637283325195,2167.5918205015114,74.4,1305,rlcg,ga
2489,1.2788725589799885e-09,6304.379065752029,2163.557892947809,74.45,1305,rlcg,ga
2490,3.471220340031124e-09,6308.662313938141,2159.340792019095,74.5,1305,rlcg,ga
2491,1.6442643204423816e-09,6312.359625816345,2154.923574473856,74.55000000000001,1305,rlcg,ga
2492,1.918307967306475e-09,6316.153522491455,2150.5402073898513,74.6,1305,rlcg,ga
2493,1.3702204993455866e-09,6321.387183427811,2146.646551907501,74.65,1305,rlcg,ga
2494,7.307845683209955e-10,6325.088843345642,2142.2322320835974,74.7,1305,rlcg,ga
2495,2.557743027167559e-09,6328.805039405823,2137.823775852803,74.75,1305,rlcg,ga
2496,6.485688956177854e-09,6333.3679983615875,2133.7015181645984,74.8,1305,rlcg,ga
2497,2.10100367380497e-09,6337.743324518204,2129.5156260739186,74.85000000000001,1305,rlcg,ga
2498,5.480885133570973e-10,6341.492287158966,2125.11957820681,74.9,1305,rlcg,ga
2499,9.134810915352789e-11,6345.135062932968,2120.6889036220255,74.95,1305,rlcg,ga
2500,5.480885133570973e-10,6350.542241334915,2116.847413778305,75.0,1305,rlcg,ga
2501,9.134810915352789e-11,6354.376745462418,2112.4810099838414,75.05,1305,rlcg,ga
2502,0.07301245219862781,6358.184789419174,2108.106541365345,75.1,1305,rlcg,ga
2503,9.134810915352789e-11,6362.9469203948975,2104.048316324861,75.14999999999999,1305,rlcg,ga
2504,9.134810915352789e-11,6367.353826284409,2099.8720065406033,75.2,1305,rlcg,ga
2505,9.134810915352789e-11,6371.162198543549,2095.498530417979,75.25,1305,rlcg,ga
2506,9.134810915352789e-11,6374.860463380814,2091.0896871913155,75.3,1305,rlcg,ga
2507,9.134810915352789e-11,6380.147684335709,2087.201598127078,75.35,1305,rlcg,ga
2508,9.134810915352789e-11,6383.9033579826355,2082.8119709068014,75.4,1305,rlcg,ga
2509,9.134810915352789e-11,6387.623780250549,2078.411713785965,75.44999999999999,1305,rlcg,ga
2510,9.134810915352789e-11,6392.187422037125,2074.2859846345636,75.5,1305,rlcg,ga
2511,9.134810915352789e-11,6396.599473237991,2070.110617083639,75.55,1305,rlcg,ga
2512,9.134810915352789e-11,6400.302422761917,2065.706072954905,75.6,1305,rlcg,ga
2513,9.134810915352789e-11,6403.968128919601,2061.2904684625555,75.64999999999999,1305,rlcg,ga
2514,9.134810915352789e-11,6409.3131766319275,2057.414929883169,75.7,1305,rlcg,ga
2515,9.134810915352789e-11,6413.079480409622,2053.0320448836083,75.75,1305,rlcg,ga
2516,1.8269620741751193e-10,6416.884105920792,2048.6622079588815,75.8,1305,rlcg,ga
2517,9.134810915352789e-11,6421.315090417862,2044.4925436201902,75.85,1305,rlcg,ga
2518,9.134810915352789e-11,6425.895478487015,2040.3699740650463,75.9,1305,rlcg,ga
2519,9.134810915352789e-11,6429.60665345192,2035.9715604413268,75.94999999999999,1305,rlcg,ga
2520,9.134810915352789e-11,6433.324953079224,2031.576300972387,76.0,1305,rlcg,ga
2521,0.0,6438.554789304733,2027.6579513984016,76.05,1305,rlcg,ga
2522,0.0,6442.445370674133,2023.3172714732173,76.1,1305,rlcg,ga
2523,9.134810915352789e-11,6446.631348609924,2019.0697001227418,76.14999999999999,1305,rlcg,ga
2524,1.8269620741751193e-10,6451.435614109039,2015.015323041931,76.2,1305,rlcg,ga
2525,9.134810915352789e-11,6455.875380277634,2010.8464299225416,76.25,1305,rlcg,ga
2526,0.0,6459.5921313762665,2006.4526017512126,76.3,1305,rlcg,ga
2527,0.0,6463.2510850429535,2002.0417571875041,76.35,1305,rlcg,ga
2528,2.7404430023672404e-10,6468.578550815582,1998.1473010372738,76.4,1305,rlcg,ga
2529,0.0,6472.33936047554,1993.7683706893258,76.44999999999999,1305,rlcg,ga
2530,0.0,6476.239414215088,1989.4330226673792,76.5,1305,rlcg,ga
2531,2.7404430023672404e-10,6480.830926895142,1985.3100618640256,76.55,1305,rlcg,ga
2532,0.00013773536088366163,6485.30655169487,1981.1510875934728,76.6,1305,rlcg,ga
2533,0.0,6489.021805047989,1976.760067160738,76.64999999999999,1305,rlcg,ga
2534,0.0,6492.747425794601,1972.3730771970568,76.7,1305,rlcg,ga
2535,0.0,6497.981371879578,1968.4438683543995,76.75,1305,rlcg,ga
2536,0.0,6501.698642015457,1964.0547981088366,76.8,1305,rlcg,ga
2537,9.134810915352789e-11,6505.5378539562225,1959.703335316677,76.85,1305,rlcg,ga
2538,0.0,6510.072824716568,1955.5615377237027,76.9,1305,rlcg,ga
2539,9.134810915352789e-11,6514.545068025589,1951.4004394800504,76.95,1305,rlcg,ga
2540,9.134810915352789e-11,6518.296387672424,1947.0235963177365,77.0,1305,rlcg,ga
2541,6.394366497344848e-10,6522.041757583618,1942.6457928169257,77.05,1305,rlcg,ga
2542,4.5674048043037637e-10,6527.382176399231,1938.7425660122226,77.10000000000001,1305,rlcg,ga
2543,1.1875249235216177e-09,6531.1516234874725,1934.3721917911698,77.14999999999999,1305,rlcg,ga
2544,4.841440665144009e-09,6534.959254026413,1930.0138729508053,77.2,1305,rlcg,ga
2545,6.668393722776826e-09,6539.629263877869,1925.9102362876583,77.25,1305,rlcg,ga
2546,3.197177733118468e-09,6544.213696241379,1921.780736153678,77.3,1305,rlcg,ga
2547,4.5674048043037637e-10,6547.995552778244,1917.415633748251,77.35,1305,rlcg,ga
2548,6.394365408390464e-10,6551.755566596985,1913.0449070425311,77.4,1305,rlcg,ga
2549,4.750087323564665e-09,6557.159848690033,1909.1537067522313,77.45,1305,rlcg,ga
2550,5.937604450172891e-09,6560.980453968048,1904.8007769584656,77.5,1305,rlcg,ga
2551,2.7404385594333526e-09,6564.813590288162,1900.4521612117242,77.55,1305,rlcg,ga
2552,2.8317863255662492e-09,6569.565011739731,1896.369281739304,77.60000000000001,1305,rlcg,ga
2553,7.125119485988699e-09,6573.888573408127,1892.1623904143162,77.64999999999999,1305,rlcg,ga
2554,2.192351782958498e-09,6577.648094415665,1887.793468538859,77.7,1305,rlcg,ga
2555,0.020404356832235255,6581.444903612137,1883.4360013552414,77.75,1305,rlcg,ga
2556,1.5346329927737058e-08,6586.703750371933,1879.4964429081865,77.8,1305,rlcg,ga
2557,1.5346329927737058e-08,6590.5291867256165,1875.1473537054899,77.85,1305,rlcg,ga
2558,1.5346329927737058e-08,6594.238901853561,1870.7661069443348,77.9,1305,rlcg,ga
2559,1.5346329927737058e-08,6598.805646657944,1866.6281527749543,77.95,1305,rlcg,ga
2560,1.5437675254612133e-08,6603.223764419556,1862.4477284260283,78.0,1305,rlcg,ga
2561,1.5437675254612133e-08,6606.862079381943,1858.0476956109378,78.05,1305,rlcg,ga
2562,1.5346329927737058e-08,6610.584788560867,1853.6723030663634,78.10000000000001,1305,rlcg,ga
2563,1.5346329927737058e-08,6615.83674621582,1849.7253090827344,78.14999999999999,1305,rlcg,ga
2564,1.516363648626368e-08,6619.551754951477,1845.3481874417157,78.2,1305,rlcg,ga
2565,1.516363648626368e-08,6623.275161266327,1840.9742461027818,78.25,1305,rlcg,ga
2566,1.552902197534882e-08,6627.766619205475,1836.8139928066248,78.3,1305,rlcg,ga
2567,1.525498320700037e-08,6632.27921962738,1832.6591589653199,78.35,1305,rlcg,ga
2568,1.689921442322947e-08,6635.984306812286,1828.2813906523643,78.4,1305,rlcg,ga
2569,1.1875162902912588e-08,6639.695523262024,1823.906163496451,78.45,1305,rlcg,ga
2570,1.616844623278241e-08,6644.9047203063965,1819.9420571539813,78.5,1305,rlcg,ga
2571,1.0230920535790595e-08,6648.695515394211,1815.5890363488961,78.55,1305,rlcg,ga
2572,7.125119485988699e-09,6652.414192676544,1811.2170957160051,78.60000000000001,1305,rlcg,ga
2573,2.1923516141705687e-09,6656.730582714081,1807.008238282844,78.64999999999999,1305,rlcg,ga
2574,6.39434153851036e-09,6661.550586462021,1802.9355462724398,78.7,1305,rlcg,ga
2575,2.1923516141705687e-09,6665.294008016586,1798.5713989886026,78.75,1305,rlcg,ga
2576,2.8317870007179676e-09,6669.032835245132,1794.2068033908217,78.8,1305,rlcg,ga
2577,2.2836993803034653e-09,6674.226995706558,1790.2333666353043,78.85,1305,rlcg,ga
2578,7.307845683209955e-10,6678.048797130585,1785.8913766724381,78.9,1305,rlcg,ga
2579,5.024137417038714e-09,6681.732216835022,1781.5131496437898,78.95,1305,rlcg,ga
2580,2.0433650912881015e-05,6685.868333339691,1777.2561392421958,79.0,1305,rlcg,ga
2581,0.0,6690.644602537155,1773.168936409278,79.05,1305,rlcg,ga
2582,0.0,6694.354537725449,1768.7991130020455,79.10000000000001,1305,rlcg,ga
2583,0.0,6698.012677669525,1764.4164792092179,79.14999999999999,1305,rlcg,ga
2584,0.0,6702.84446644783,1760.3429911883195,79.2,1305,rlcg,ga
2585,0.0,6706.956406116486,1756.08006847845,79.25,1305,rlcg,ga
2586,0.0,6710.669641494751,1751.7132607684907,79.3,1305,rlcg,ga
2587,9.134810915352789e-11,6714.621346473694,1747.4093359128146,79.35,1305,rlcg,ga
2588,1.8269620741751193e-10,6719.634043455124,1743.3811246243768,79.4,1305,rlcg,ga
2589,9.134810915352789e-11,6723.39068031311,1739.0267901879724,79.45,1305,rlcg,ga
2590,0.0,6727.104209184647,1734.6620916765442,79.5,1305,rlcg,ga
2591,9.134810915352789e-11,6731.875297546387,1730.570079633233,79.55,1305,rlcg,ga
2592,0.0,6736.072480201721,1726.3301331170242,79.60000000000001,1305,rlcg,ga
2593,9.134810915352789e-11,6739.803265571594,1721.9710791510606,79.65,1305,rlcg,ga
2594,9.134810915352789e-11,6743.5737545490265,1717.622926190028,79.7,1305,rlcg,ga
2595,3.653923712768485e-10,6748.908406734467,1713.6726675407263,79.75,1305,rlcg,ga
2596,9.134810915352789e-11,6752.606833934784,1709.3064917980282,79.80000000000001,1305,rlcg,ga
2597,0.0,6756.301552534103,1704.9402164503717,79.85,1305,rlcg,ga
2598,9.134810915352789e-11,6760.930762767792,1700.8098664785048,79.9,1305,rlcg,ga
2599,1.8269620741751193e-10,6765.330344676971,1696.6213059508846,79.95,1305,rlcg,ga
2600,0.00010630130978350578,6769.054301738739,1692.2635754346848,80.0,1305,rlcg,ga
2601,6.497098744928951e-07,6772.812474966049,1687.91516396718,80.05,1305,rlcg,ga
2602,9.134810915352789e-11,6778.107351064682,1683.9492669935971,80.10000000000001,1305,rlcg,ga
2603,0.0,6781.828848838806,1679.5920480280765,80.15,1305,rlcg,ga
2604,9.134810915352789e-11,6785.542549133301,1675.23369666882,80.2,1305,rlcg,ga
2605,9.134810915352789e-11,6789.935211181641,1671.0432451194702,80.25,1305,rlcg,ga
2606,0.0,6794.493459939957,1666.8931651409348,80.30000000000001,1305,rlcg,ga
2607,9.134810915352789e-11,6798.248843431473,1662.5462324011005,80.35,1305,rlcg,ga
2608,4.567404423169729e-10,6801.873197793961,1658.168092994547,80.4,1305,rlcg,ga
2609,5.480885133570973e-10,6807.1568348407745,1654.1941096474475,80.45,1305,rlcg,ga
2610,3.2885251562307335e-09,6810.8553030490875,1649.8345144031955,80.5,1305,rlcg,ga
2611,9.134810915352789e-11,6814.519085407257,1645.4673645086423,80.55,1305,rlcg,ga
2612,0.0,6818.700352191925,1641.225643083415,80.60000000000001,1305,rlcg,ga
2613,0.0,6823.430436372757,1637.1156719629616,80.65,1305,rlcg,ga
2614,1.8269620741751193e-10,6827.125739812851,1632.757456981264,80.7,1305,rlcg,ga
2615,0.0,6830.875762224197,1628.413107403292,80.75,1305,rlcg,ga
2616,1.8269620741751193e-10,6835.866447687149,1624.364304400906,80.80000000000001,1305,rlcg,ga
2617,9.134810915352789e-11,6839.945212602615,1620.0983404000017,80.85,1305,rlcg,ga
2618,0.0,6843.734498977661,1615.7642636646888,80.9,1305,rlcg,ga
2619,9.134810915352789e-11,6847.78822016716,1611.4930894896152,80.95,1305,rlcg,ga
2620,0.0,6852.687120437622,1607.4204356582068,81.0,1305,rlcg,ga
2621,9.134810915352789e-11,6856.434083223343,1603.0774321663466,81.05,1305,rlcg,ga
2622,9.134810915352789e-11,6860.174801826477,1598.733708440448,81.10000000000001,1305,rlcg,ga
2623,0.09400143687295731,6864.986517906189,1594.6395053916403,81.15,1305,rlcg,ga
2624,9.134810915352789e-11,6869.2057321071625,1590.4072384681604,81.2,1305,rlcg,ga
2625,9.134810915352789e-11,6872.849803686142,1586.04226238911,81.25,1305,rlcg,ga
2626,9.134810915352789e-11,6876.65271115303,1581.7147072393818,81.3,1305,rlcg,ga
2627,9.134810915352789e-11,6881.811141252518,1577.6985591193534,81.35,1305,rlcg,ga
2628,9.134810915352789e-11,6885.495751619339,1573.3442380850083,81.39999999999999,1305,rlcg,ga
2629,9.134810915352789e-11,6889.243358612061,1569.0050865838402,81.45,1305,rlcg,ga
2630,9.134810915352789e-11,6893.873286724091,1564.8669423852243,81.5,1305,rlcg,ga
2631,9.134810915352789e-11,6898.2846438884735,1560.6787453064662,81.55,1305,rlcg,ga
2632,9.134810915352789e-11,6902.001526117325,1556.3336774578293,81.6,1305,rlcg,ga
2633,9.134810915352789e-11,6905.674106836319,1551.979422663153,81.65,1305,rlcg,ga
2634,9.134810915352789e-11,6910.966238498688,1547.9887657836716,81.69999999999999,1305,rlcg,ga
2635,9.134810915352789e-11,6914.716025352478,1543.6522013783815,81.75,1305,rlcg,ga
2636,9.134810915352789e-11,6918.491487026215,1539.3220667955648,81.8,1305,rlcg,ga
2637,9.134810915352789e-11,6922.9400951862335,1535.14187816286,81.85,1305,rlcg,ga
2638,1.8269620741751193e-10,6927.506796598434,1530.987460542512,81.89999999999999,1305,rlcg,ga
2639,1.8269620741751193e-10,6931.2470326423645,1526.6505056643637,81.95,1305,rlcg,ga
2640,9.134810915352789e-11,6934.938358068466,1522.30354201503,82.0,1305,rlcg,ga
2641,0.0,6940.209831953049,1518.3030650037435,82.05,1305,rlcg,ga
2642,1.8269620741751193e-10,6943.862061500549,1513.9480012285003,82.1,1305,rlcg,ga
2643,1.8269620741751193e-10,6947.600572824478,1509.612540778051,82.15,1305,rlcg,ga
2644,0.0,6951.856123447418,1505.3897688243815,82.19999999999999,1305,rlcg,ga
2645,1.8269620741751193e-10,6956.568935632706,1501.2656365651128,82.25,1305,rlcg,ga
2646,0.0,6960.366803884506,1496.9440149302045,82.3,1305,rlcg,ga
2647,1.8269620741751193e-10,6964.09201169014,1492.6074560574489,82.35,1305,rlcg,ga
2648,0.0,6969.127948045731,1488.5516005534573,82.39999999999999,1305,rlcg,ga
2649,9.134810915352789e-11,6973.014515161514,1484.2499058955073,82.45,1305,rlcg,ga
2650,3.653923712768485e-10,6976.666306018829,1479.898913397934,82.5,1305,rlcg,ga
2651,0.009303184578487693,6980.766427993774,1475.6435392912335,82.55,1305,rlcg,ga
2652,2.119254409899789e-08,6985.666174888611,1471.5567971314995,82.6,1305,rlcg,ga
2653,2.119254409899789e-08,6989.425533056259,1467.2296793530077,82.65,1305,rlcg,ga
2654,2.0735814676899284e-08,6993.1853013038635,1462.9033338882327,82.69999999999999,1305,rlcg,ga
2655,2.0644467956162597e-08,6998.092266798019,1458.8168169458113,82.75,1305,rlcg,ga
2656,2.0187738534063992e-08,7002.226476430893,1454.568784959074,82.8,1305,rlcg,ga
2657,1.900023813379511e-08,7005.983555555344,1450.2428241131456,82.85,1305,rlcg,ga
2658,1.72646574091061e-08,7010.020850658417,1445.975350377068,82.89999999999999,1305,rlcg,ga
2659,1.4980994617669946e-08,7014.999256134033,1441.901595142679,82.95,1305,rlcg,ga
2660,1.196654516712038e-08,7018.761075973511,1437.577569777708,83.0,1305,rlcg,ga
2661,8.860737148010426e-09,7022.480224132538,1433.2455123304808,83.05,1305,rlcg,ga
2662,4.6587467009725295e-09,7027.259713888168,1429.1298335103493,83.1,1305,rlcg,ga
2663,3.197180700519165e-09,7031.460202217102,1424.8960241414097,83.15,1305,rlcg,ga
2664,3.836615324798495e-09,7035.138331890106,1420.5567785547337,83.2,1305,rlcg,ga
2665,3.379875361621451e-09,7039.0824229717255,1416.2718388561734,83.25,1305,rlcg,ga
2666,2.6490912942194725e-09,7044.207909107208,1412.2241546469431,83.3,1305,rlcg,ga
2667,8.952065704987983e-09,7047.945774078369,1407.8979860636446,83.35000000000001,1305,rlcg,ga
2668,1.8269603699615078e-09,7051.648216247559,1403.5654722986746,83.39999999999999,1305,rlcg,ga
2669,1.1875245314980394e-09,7056.2899470329285,1399.4199954870583,83.45,1305,rlcg,ga
2670,3.653923712768485e-10,7060.571581125259,1395.202767527746,83.5,1305,rlcg,ga
2671,1.2788725589799885e-09,7064.29842376709,1390.8762306519275,83.55,1305,rlcg,ga
2672,4.841434741232159e-09,7068.045590400696,1386.554398116883,83.6,1305,rlcg,ga
2673,1.2971322157891232e-08,7073.317762374878,1382.5313259393806,83.65,1305,rlcg,ga
2674,3.836611056097309e-09,7077.065724134445,1378.2099319401605,83.7,1305,rlcg,ga
2675,4.618250579954909e-06,7080.8212995529175,1373.8906999132523,83.75,1305,rlcg,ga
2676,1.4125073321472218e-05,7085.371611595154,1369.7257769432163,83.8,1305,rlcg,ga
2677,9.134810915352789e-11,7089.740816116333,1365.5255119890135,83.85000000000001,1305,rlcg,ga
2678,9.134810915352789e-11,7093.411552190781,1361.1910129948938,83.89999999999999,1305,rlcg,ga
2679,9.134810915352789e-11,7097.10414981842,1356.8614842714196,83.95,1305,rlcg,ga
2680,9.134810915352789e-11,7102.428769350052,1352.8435751142952,84.0,1305,rlcg,ga
2681,1.8269620741751193e-10,7106.155769824982,1348.5209343094393,84.05,1305,rlcg,ga
2682,3.653923712768485e-10,7109.892471790314,1344.200835927064,84.1,1305,rlcg,ga
2683,2.6490907933004556e-09,7114.201648712158,1339.989258848338,84.15,1305,rlcg,ga
2684,9.134808410757705e-10,7118.824830293655,1335.8364883448903,84.2,1305,rlcg,ga
2685,8.221325958029445e-10,7122.532943248749,1331.5120932482823,84.25,1305,rlcg,ga
2686,1.918307967306475e-09,7126.190838813782,1327.1790767423063,84.3,1305,rlcg,ga
2687,1.0961766728040197e-09,7131.319131374359,1323.119672863173,84.35000000000001,1305,rlcg,ga
2688,6.394365408390464e-10,7135.273675441742,1318.8420537546353,84.39999999999999,1305,rlcg,ga
2689,9.134807049564725e-10,7139.00191450119,1314.523147075115,84.45,1305,rlcg,ga
2690,5.480885133570973e-10,7143.234714508057,1310.2974920103534,84.5,1305,rlcg,ga
2691,1.918308882028158e-09,7147.9962294101715,1306.168441684058,84.55,1305,rlcg,ga
2692,1.2879975437154543e-08,7151.685567140579,1301.8434720326823,84.6,1305,rlcg,ga
2693,4.110654006030596e-09,7155.495164394379,1297.5410605251473,84.65,1305,rlcg,ga
2694,0.010416672695623762,7160.509247779846,1293.4568062695598,84.7,1305,rlcg,ga
2695,1.0522585790599335e-07,7164.458055496216,1289.179768098138,84.75,1305,rlcg,ga
2696,1.0540852068251127e-07,7168.223732471466,1284.8702916694147,84.8,1305,rlcg,ga
2697,1.0522585790599335e-07,7172.281845808029,1280.6136707600654,84.85000000000001,1305,rlcg,ga
2698,1.0476916198013161e-07,7177.147302865982,1276.5008748324653,84.89999999999999,1305,rlcg,ga
2699,1.0513450983495323e-07,7180.873288631439,1272.1853207051572,84.95,1305,rlcg,ga
2700,1.0476916198013161e-07,7184.593471288681,1267.8694361097678,85.0,1305,rlcg,ga
2701,1.0431248831249748e-07,7189.627597570419,1263.7852155635246,85.05,1305,rlcg,ga
2702,1.0349046679004173e-07,7193.719688177109,1259.5349395280718,85.1,1305,rlcg,ga
2703,9.974568473079884e-08,7197.536079645157,1255.2367678535593,85.15,1305,rlcg,ga
2704,1.046778138873124e-07,7201.678483963013,1250.9957929888806,85.2,1305,rlcg,ga
2705,9.02466461026623e-08,7206.614926338196,1246.892318633294,85.25,1305,rlcg,ga
2706,7.362305110318351e-08,7210.4047083854675,1242.590260413439,85.3,1305,rlcg,ga
2707,6.549379929286424e-08,7214.15331196785,1238.2817342745038,85.35000000000001,1305,rlcg,ga
2708,9.32607492003804e-08,7219.324402332306,1234.2170523893637,85.39999999999999,1305,rlcg,ga
2709,1.3490928956075532e-07,7223.356182098389,1229.957079573218,85.45,1305,rlcg,ga
2710,9.097731953229884e-08,7227.162286281586,1225.6591011822566,85.5,1305,rlcg,ga
2711,3.2701928095385374e-08,7231.497438669205,1221.4510577296314,85.55,1305,rlcg,ga
2712,1.3245362320101295e-08,7236.373819112778,1217.3339134956077,85.6,1305,rlcg,ga
2713,4.567392139764274e-09,7240.133731842041,1213.0288272263078,85.65,1305,rlcg,ga
2714,2.0096559076720735e-09,7243.886841058731,1208.723241856942,85.7,1305,rlcg,ga
2715,5.754909614837903e-09,7248.987426519394,1204.6422253982655,85.75,1305,rlcg,ga
2716,1.6442643204423816e-09,7253.06201338768,1200.3902166678909,85.8,1305,rlcg,ga
2717,2.6490907933004556e-09,7256.839942455292,1196.0895187622864,85.85000000000001,1305,rlcg,ga
2718,3.653923712768485e-10,7261.243801832199,1191.8921723612802,85.9,1305,rlcg,ga
2719,0.008153753993154936,7266.015518426895,1187.754718253611,85.95,1305,rlcg,ga
2720,6.394365408390464e-10,7269.729957342148,1183.44441166035,86.0,1305,rlcg,ga
2721,6.394365408390464e-10,7273.419180870056,1179.1307097401186,86.05000000000001,1305,rlcg,ga
2722,6.394365408390464e-10,7278.468360424042,1175.03728466776,86.1,1305,rlcg,ga
2723,6.394365408390464e-10,7282.414334535599,1170.7653921453057,86.15,1305,rlcg,ga
2724,6.394365408390464e-10,7286.193111419678,1166.4671106449132,86.2,1305,rlcg,ga
2725,6.394365408390464e-10,7290.421403169632,1162.2410932589264,86.25,1305,rlcg,ga
2726,6.394365408390464e-10,7295.251522302628,1158.1106124628732,86.3,1305,rlcg,ga
2727,6.394365408390464e-10,7298.992700815201,1153.8071843211055,86.35000000000001,1305,rlcg,ga
2728,6.394365408390464e-10,7302.664716959,1149.4935202620654,86.4,1305,rlcg,ga
2729,7.307845683209955e-10,7307.540541410446,1145.3692809266795,86.45,1305,rlcg,ga
2730,6.394365408390464e-10,7311.586508274078,1141.1146573606948,86.5,1305,rlcg,ga
2731,5.480885133570973e-10,7315.347643613815,1136.8160116303388,86.55000000000001,1305,rlcg,ga
2732,8.221325958029445e-10,7319.416463375092,1132.5655959494943,86.6,1305,rlcg,ga
2733,9.134806232848937e-10,7324.383031606674,1128.453704234842,86.65,1305,rlcg,ga
2734,4.019306588363102e-09,7328.084618330002,1124.1467753608886,86.7,1305,rlcg,ga
2735,2.7952012913729782e-08,7331.742758274078,1119.8339083242827,86.75,1305,rlcg,ga
2736,2.2562652566716416e-08,7336.474372148514,1115.6850427691297,86.8,1305,rlcg,ga
2737,2.603376941252286e-08,7340.776322841644,1111.470450723864,86.85000000000001,1305,rlcg,ga
2738,9.134757099227116e-09,7344.50713467598,1107.1696601180138,86.9,1305,rlcg,ga
2739,1.9274209648320786e-08,7348.4319014549255,1102.8986350084724,86.95,1305,rlcg,ga
2740,2.0096321771781306e-08,7353.621328353882,1098.8169800988562,87.0,1305,rlcg,ga
2741,0.014343910654663318,7357.365717887878,1094.519081523813,87.05000000000001,1305,rlcg,ga
2742,7.398841010889803e-08,7361.087091445923,1090.218409640096,87.1,1305,rlcg,ga
2743,7.417108961175528e-08,7365.820487737656,1086.067622116223,87.15,1305,rlcg,ga
2744,7.435376911461253e-08,7370.2151029109955,1081.8664371245504,87.2,1305,rlcg,ga
2745,7.462777443572707e-08,7373.923784255981,1077.5647936878358,87.25,1305,rlcg,ga
2746,7.444510607831794e-08,7377.698954820633,1073.2735020185792,87.3,1305,rlcg,ga
2747,7.435375796916441e-08,7383.00648355484,1069.2047168513873,87.35000000000001,1305,rlcg,ga
2748,7.407974150260176e-08,7386.70556306839,1064.9026326620333,87.4,1305,rlcg,ga
2749,7.517581851430052e-08,7390.436330795288,1060.605785608701,87.45,1305,rlcg,ga
2750,7.535848687170966e-08,7395.0315754413605,1056.4330822059092,87.5,1305,rlcg,ga
2751,7.106554363862837e-08,7399.451680421829,1052.2349905340016,87.55,1305,rlcg,ga
2752,6.722926293317785e-08,7403.131947278976,1047.9319194778454,87.6,1305,rlcg,ga
2753,7.572384587742416e-08,7406.820123195648,1043.6306733766833,87.64999999999999,1305,rlcg,ga
2754,5.736446942084993e-08,7412.102608680725,1039.5537296097245,87.7,1305,rlcg,ga
2755,5.4806906201830315e-08,7415.752912521362,1035.2475575884528,87.75,1305,rlcg,ga
2756,7.736794467680013e-08,7419.48294210434,1030.9532106340885,87.8,1305,rlcg,ga
2757,3.5259561007485596e-08,7423.76881313324,1026.7363810992483,87.85,1305,rlcg,ga
2758,3.014428403239226e-08,7428.498320579529,1022.5805424233477,87.9,1305,rlcg,ga
2759,9.50014537603548e-09,7432.195630311966,1018.2826304179562,87.94999999999999,1305,rlcg,ga
2760,2.3019379201091797e-08,7436.049761295319,1014.0067856311798,88.0,1305,rlcg,ga
2761,5.572214779502915e-09,7441.379844665527,1009.9317336031017,88.05,1305,rlcg,ga
2762,2.375047320669064e-09,7445.317421197891,1005.6671658598734,88.1,1305,rlcg,ga
2763,7.307845683209955e-10,7449.068341970444,1001.3778769410073,88.14999999999999,1305,rlcg,ga
2764,1.8269620741751193e-10,7453.406480789185,997.1677604683937,88.2,1305,rlcg,ga
2765,1.004828563650492e-09,7458.179363250732,993.0153826424485,88.25,1305,rlcg,ga
2766,1.096176591132441e-09,7461.873863220215,988.7194133598696,88.3,1305,rlcg,ga
2767,2.10100367380497e-09,7465.64966917038,984.4348460196379,88.35,1305,rlcg,ga
2768,0.02108927056243266,7470.880044698715,980.3417253224561,88.4,1305,rlcg,ga
2769,0.014149965522578878,7474.703047990799,976.063541032152,88.44999999999999,1305,rlcg,ga
2770,3.254665704122905e-06,7478.5147795677185,971.7844063845059,88.5,1305,rlcg,ga
2771,2.650288112061919e-06,7482.731361865997,967.5581489934011,88.55,1305,rlcg,ga
2772,1.8439643705884615e-06,7487.558349132538,963.4104422134424,88.6,1305,rlcg,ga
2773,1.3426855256445563e-06,7491.3454394340515,959.1288295270897,88.64999999999999,1305,rlcg,ga
2774,8.812538612191476e-07,7495.086495876312,954.8419098467002,88.7,1305,rlcg,ga
2775,6.596601507501584e-07,7500.272937774658,950.738823098196,88.75,1305,rlcg,ga
2776,5.095255323881962e-07,7504.242923974991,946.4810895103583,88.8,1305,rlcg,ga
2777,4.270536679207165e-07,7507.96089220047,942.1920534387755,88.85,1305,rlcg,ga
2778,3.665976218078143e-07,7512.203444004059,937.9691589251415,88.9,1305,rlcg,ga
2779,3.4833043535825194e-07,7517.043446063995,933.8204618213294,88.94999999999999,1305,rlcg,ga
2780,2.9554776886390645e-07,7520.863760948181,929.544959218314,89.0,1305,rlcg,ga
2781,2.367384482825878e-07,7524.593665361404,925.2588504852047,89.05,1305,rlcg,ga
2782,1.332655573469833e-07,7529.921679258347,921.1688698531525,89.1,1305,rlcg,ga
2783,7.892071765791881e-08,7533.78263926506,916.8989527316426,89.14999999999999,1305,rlcg,ga
2784,5.0422497775220094e-08,7537.522863149643,912.6148758073559,89.2,1305,rlcg,ga
2785,4.4850611250126785e-08,7541.713510274887,908.3856609014565,89.25,1305,rlcg,ga
2786,3.114907426484843e-08,7546.465608358383,904.2237627036357,89.3,1305,rlcg,ga
2787,9.865532955913037e-09,7550.25491642952,899.9464449913194,89.35,1305,rlcg,ga
2788,2.0644395126893373e-08,7554.040636539459,895.669247732867,89.4,1305,rlcg,ga
2789,5.572214779502915e-09,7559.24121427536,891.5594724494695,89.45,1305,rlcg,ga
2790,3.471220340031124e-09,7563.231028795242,887.3064335458112,89.5,1305,rlcg,ga
2791,1.0870348277878217e-08,7566.928145170212,883.0195322951276,89.55,1305,rlcg,ga
2792,0.0038190211715146373,7571.201385736465,878.8001608444101,89.60000000000001,1305,rlcg,ga
2793,9.799595378960172e-06,7575.9497590065,874.6355828858595,89.64999999999999,1305,rlcg,ga
2794,2.9006796885160035e-07,7579.724027395248,870.3585003586522,89.7,1305,rlcg,ga
2795,2.895200808800827e-07,7583.4895305633545,866.0809770281267,89.75,1305,rlcg,ga
2796,2.8888084514243206e-07,7588.696455717087,861.9677488676425,89.8,1305,rlcg,ga
2797,2.850456516435941e-07,7592.530405759811,857.6982038782644,89.85,1305,rlcg,ga
2798,2.7463569132608033e-07,7596.244855165482,853.4157178773239,89.9,1305,rlcg,ga
2799,2.706176691811926e-07,7600.428095579147,849.1862408067864,89.95,1305,rlcg,ga
2800,2.3573401940875452e-07,7605.264995574951,845.0294439527715,90.0,1305,rlcg,ga
2801,2.2157912196489355e-07,7609.205534696579,840.7728491974576,90.05,1305,rlcg,ga
2802,1.9756092522835262e-07,7613.009572029114,836.5016066935423,90.10000000000001,1305,rlcg,ga
2803,1.218488723784451e-07,7618.30740571022,832.3940981280721,90.14999999999999,1305,rlcg,ga
2804,7.681993957734888e-08,7622.240811109543,828.137028258021,90.2,1305,rlcg,ga
2805,1.9637340135022722e-07,7626.019869565964,823.8636424184842,90.25,1305,rlcg,ga
2806,1.8249186673894927e-07,7630.33743596077,819.6486503745236,90.3,1305,rlcg,ga
2807,1.1910868619507985e-07,7634.996062994003,815.4699724171787,90.35,1305,rlcg,ga
2808,5.142726013044402e-08,7638.736896753311,811.1932987702621,90.4,1305,rlcg,ga
2809,2.5485700238995625e-08,7642.4575934410095,806.9150914025613,90.45,1305,rlcg,ga
2810,1.1144389137019086e-08,7647.743993282318,802.8018556484203,90.5,1305,rlcg,ga
2811,2.5759736219620852e-08,7651.6023008823395,798.5382854040654,90.55,1305,rlcg,ga
2812,7.307814321323687e-09,7655.331692934036,794.2617871256061,90.60000000000001,1305,rlcg,ga
2813,2.6490907933004556e-09,7659.559403657913,790.0372909454109,90.64999999999999,1305,rlcg,ga
2814,5.115477342700043e-09,7664.258560419083,785.8611313329384,90.7,1305,rlcg,ga
2815,1.2057856344385964e-08,7667.997008323669,781.5864719227993,90.75,1305,rlcg,ga
2816,0.022066593626569275,7671.676219463348,777.3064010910002,90.8,1305,rlcg,ga
2817,2.2653997893591494e-08,7676.728173017502,773.1652480254288,90.85,1305,rlcg,ga
2818,2.2653997893591494e-08,7680.709621429443,768.915924697556,90.9,1305,rlcg,ga
2819,2.274534322046657e-08,7684.47780418396,764.645674852829,90.95,1305,rlcg,ga
2820,2.2562652566716416e-08,7688.624929189682,760.4134545352426,91.0,1305,rlcg,ga
2821,2.2653997893591494e-08,7693.504235029221,756.2532993246732,91.05,1305,rlcg,ga
2822,2.2653997893591494e-08,7697.252830028534,751.981890090603,91.10000000000001,1305,rlcg,ga
2823,2.274534322046657e-08,7701.066166877747,747.7173403935067,91.14999999999999,1305,rlcg,ga
2824,2.2562652566716416e-08,7706.160100221634,743.5768517757715,91.2,1305,rlcg,ga
2825,2.2379961912966267e-08,7710.177547693253,739.332093614421,91.25,1305,rlcg,ga
2826,2.21972698653545e-08,7713.954073905945,735.0646269767985,91.3,1305,rlcg,ga
2827,2.100977782825529e-08,7718.175171136856,730.8397945302004,91.35,1305,rlcg,ga
2828,1.8726134899347106e-08,7722.948285341263,726.6669064981925,91.4,1305,rlcg,ga
2829,1.5803060743697272e-08,7726.684215307236,722.396391917735,91.45,1305,rlcg,ga
2830,1.498094443865192e-08,7730.461930036545,718.1303432274381,91.5,1305,rlcg,ga
2831,2.6307805393148086e-08,7735.396862268448,713.9716382978531,91.55,1305,rlcg,ga
2832,2.0370359146268146e-08,7739.488404512405,709.7347445186042,91.60000000000001,1305,rlcg,ga
2833,5.3254099762588166e-08,7743.244619131088,705.4674584805744,91.64999999999999,1305,rlcg,ga
2834,1.6990561143966155e-08,7747.268393754959,701.2249473082466,91.7,1305,rlcg,ga
2835,4.11055504185615e-08,7752.162058591843,697.0608935518558,91.75,1305,rlcg,ga
2836,7.125119485988699e-09,7755.90771818161,692.7934998811452,91.8,1305,rlcg,ga
2837,1.2423243227332715e-08,7759.720563411713,688.5326357300546,91.85,1305,rlcg,ga
2838,0.023293832344041854,7764.5582456588745,684.3625874846239,91.9,1305,rlcg,ga
2839,1.0988389818047769e-07,7768.712005853653,680.1319374347131,91.95,1305,rlcg,ga
2840,1.0988389818047769e-07,7772.457687854767,675.8658859004136,92.0,1305,rlcg,ga
2841,1.0988389818047769e-07,7776.326043128967,671.6109944907694,92.05,1305,rlcg,ga
2842,1.0951856147654897e-07,7781.377681493759,667.4580204538615,92.10000000000001,1305,rlcg,ga
2843,1.0970123540395978e-07,7785.059604644775,663.1873890012102,92.15,1305,rlcg,ga
2844,1.0951856147654897e-07,7788.845425128937,658.9261856399753,92.2,1305,rlcg,ga
2845,1.0887921388150404e-07,7793.571216583252,654.7444653498133,92.25,1305,rlcg,ga
2846,1.0778319261882497e-07,7797.851740121841,650.5250097393073,92.30000000000001,1305,rlcg,ga
2847,1.0696118224726212e-07,7801.712150812149,646.2706871003029,92.35,1305,rlcg,ga
2848,1.0449511767989488e-07,7805.596397638321,642.0187513209003,92.4,1305,rlcg,ga
2849,9.664020570658747e-08,7810.831427097321,637.8775259554877,92.45,1305,rlcg,ga
2850,8.759783514885953e-08,7814.542514562607,633.6115552348056,92.5,1305,rlcg,ga
2851,8.26655833543032e-08,7818.273903369904,629.3478182615436,92.55,1305,rlcg,ga
2852,6.101810965701309e-08,7822.995050907135,625.1637513683891,92.60000000000001,1305,rlcg,ga
2853,6.485441824514063e-08,7827.385400295258,620.9528623008118,92.65,1305,rlcg,ga
2854,4.0557489608203945e-08,7831.23987531662,616.6995802568636,92.7,1305,rlcg,ga
2855,6.960410204576864e-08,7835.204715490341,612.4553551191912,92.75,1305,rlcg,ga
2856,1.6990561143966155e-08,7840.322827100754,608.3009089991956,92.80000000000001,1305,rlcg,ga
2857,4.658739557431768e-09,7843.991220712662,604.0337881324231,92.85,1305,rlcg,ga
2858,8.129938989538714e-09,7847.747706890106,599.7740443371331,92.9,1305,rlcg,ga
2859,1.6716522375617703e-08,7852.433708190918,595.5853431172236,92.95,1305,rlcg,ga
2860,3.5350903546637446e-08,7856.677080631256,591.3627910152554,93.0,1305,rlcg,ga
2861,0.021185018750755305,7860.5314729213715,587.1111632112152,93.05,1305,rlcg,ga
2862,2.6501858862513014e-06,7864.4988651275635,582.8683369428581,93.10000000000001,1305,rlcg,ga
2863,1.5128933290694038e-06,7869.659938097,578.7135864301072,93.15,1305,rlcg,ga
2864,8.902808323937871e-07,7873.363644838333,574.4514247306943,93.2,1305,rlcg,ga
2865,5.389828461497108e-07,7877.078039646149,570.1906355776027,93.25,1305,rlcg,ga
2866,3.1090476322683625e-07,7881.745964050293,565.9989063144367,93.30000000000001,1305,rlcg,ga
2867,1.693489951067301e-07,7886.014719009399,561.7782311881365,93.35,1305,rlcg,ga
2868,1.0714758614834641e-07,7889.74181842804,557.5192291394542,93.4,1305,rlcg,ga
2869,8.348969009373038e-08,7893.50594329834,553.2633914243361,93.45,1305,rlcg,ga
2870,7.061002130613044e-08,7898.726662397385,549.1093401666622,93.5,1305,rlcg,ga
2871,5.946588027647828e-08,7902.410684108734,544.8481978888431,93.55,1305,rlcg,ga
2872,5.745613742668817e-08,7906.058569192886,540.5852013123331,93.60000000000001,1305,rlcg,ga
2873,4.238450486691119e-08,7910.541836738586,536.3795052139885,93.65,1305,rlcg,ga
2874,3.215388383713446e-08,7915.060107707977,532.1758663667042,93.7,1305,rlcg,ga
2875,1.9091523154376384e-08,7918.81622838974,527.9210818926495,93.75,1305,rlcg,ga
2876,4.201898972691706e-08,7922.660925149918,523.6726837519145,93.8,1305,rlcg,ga
2877,1.625979155965749e-08,7927.988126277924,519.5218644284414,93.85,1305,rlcg,ga
2878,1.1692469461439213e-08,7931.734820604324,515.2671182714203,93.89999999999999,1305,rlcg,ga
2879,1.5646920644703154e-07,7935.426712036133,511.0093837979621,93.95,1305,rlcg,ga
2880,0.005601220453801205,7939.852689981461,506.7991078711584,94.0,1305,rlcg,ga
2881,1.4615558949566778e-08,7944.449256896973,502.59939477445005,94.05,1305,rlcg,ga
2882,1.4706905670303465e-08,7948.173592567444,498.3445716912647,94.1,1305,rlcg,ga
2883,1.4706905670303465e-08,7951.928242921829,494.0921956568527,94.15,1305,rlcg,ga
2884,1.4615558949566778e-08,7957.184487581253,489.9328028447053,94.19999999999999,1305,rlcg,ga
2885,1.4615558949566778e-08,7960.8873155117035,485.6774754821472,94.25,1305,rlcg,ga
2886,1.4432865508093403e-08,7964.62237405777,481.42468220709816,94.3,1305,rlcg,ga
2887,1.4706905670303465e-08,7968.9554278850555,477.20824766879196,94.35,1305,rlcg,ga
2888,1.4432865508093403e-08,7973.631466388702,473.012036141703,94.39999999999999,1305,rlcg,ga
2889,1.525498320700037e-08,7977.333045959473,468.75805616807884,94.45,1305,rlcg,ga
2890,1.6351138280394176e-08,7981.102596998215,464.5086167565096,94.5,1305,rlcg,ga
2891,1.4432865508093403e-08,7986.267857074738,460.34013560081803,94.55,1305,rlcg,ga
2892,1.5072291159388606e-08,7990.115127563477,456.0953666896712,94.6,1305,rlcg,ga
2893,9.774186235176349e-09,7993.789984226227,451.84127221986637,94.65,1305,rlcg,ga
2894,3.836611056097309e-09,7998.002601146698,447.6178858086332,94.69999999999999,1305,rlcg,ga
2895,2.10100367380497e-09,8002.783878087997,443.4260196302057,94.75,1305,rlcg,ga
2896,5.480885133570973e-10,8006.46076464653,439.1729533350426,94.8,1305,rlcg,ga
2897,2.0096559076720735e-09,8010.214399814606,434.924661666264,94.85,1305,rlcg,ga
2898,6.759733256414578e-09,8015.128533124924,430.7392573122979,94.89999999999999,1305,rlcg,ga
2899,5.480885133570973e-10,8019.1671230793,426.5065189210163,94.95,1305,rlcg,ga
2900,5.480885133570973e-10,8022.804758310318,422.2528820163334,95.0,1305,rlcg,ga
2901,1.5529163800767833e-09,8026.683987855911,418.01247490675087,95.05,1305,rlcg,ga
2902,1.8269602011735783e-09,8031.78756570816,413.83553177676185,95.1,1305,rlcg,ga
2903,4.183630464861335e-08,8035.602607965469,409.5919353508416,95.15,1305,rlcg,ga
2904,0.005481329274802004,8039.446070432663,405.3502220386217,95.19999999999999,1305,rlcg,ga
2905,0.005261678690584425,8044.3764362335205,401.1631293659757,95.25,1305,rlcg,ga
2906,3.4476230121420617e-07,8048.562918424606,396.9385699537852,95.3,1305,rlcg,ga
2907,3.4476230121420617e-07,8052.288368701935,392.69156701063366,95.35,1305,rlcg,ga
2908,3.454927516042057e-07,8056.365649700165,388.46207535241956,95.39999999999999,1305,rlcg,ga
2909,3.434840074562605e-07,8061.371690750122,384.27701616462036,95.45,1305,rlcg,ga
2910,3.401056214357714e-07,8065.117804765701,380.03172902037295,95.5,1305,rlcg,ga
2911,3.348097057454533e-07,8068.817873954773,375.78481987544365,95.55,1305,rlcg,ga
2912,3.244004144815133e-07,8073.628533840179,371.58959779180805,95.6,1305,rlcg,ga
2913,3.069599945206827e-07,8077.812261581421,367.36522046920254,95.65,1305,rlcg,ga
2914,2.813923351317903e-07,8081.484909296036,363.1179217343051,95.7,1305,rlcg,ga
2915,2.3144135364669512e-07,8085.173725366592,358.87194081261623,95.75,1305,rlcg,ga
2916,2.1819971306777216e-07,8090.45196056366,354.6962237407879,95.8,1305,rlcg,ga
2917,1.198393707483854e-07,8094.211785316467,350.453614074735,95.85000000000001,1305,rlcg,ga
2918,9.48134887288204e-08,8097.982523202896,346.21197440179276,95.89999999999999,1305,rlcg,ga
2919,3.279327063453723e-08,8102.698224782944,342.01071193716416,95.95,1305,rlcg,ga
2920,4.6768807360038906e-08,8107.118171930313,337.796590497097,96.0,1305,rlcg,ga
2921,8.44923672102038e-08,8110.849367141724,333.5539302468478,96.05,1305,rlcg,ga
2922,3.087504107194642e-08,8114.50248003006,329.3086334247382,96.1,1305,rlcg,ga
2923,2.3019379201091797e-08,8119.800176382065,325.1298042545077,96.15,1305,rlcg,ga
2924,6.485688956177854e-09,8123.477810382843,320.88581787375006,96.2,1305,rlcg,ga
2925,1.7081906470841234e-08,8127.207916736603,316.64446428843803,96.25,1305,rlcg,ga
2926,1.0048226397386413e-08,8131.754600763321,312.4350158133366,96.3,1305,rlcg,ga
2927,2.7404385594333526e-09,8136.239663600922,308.2228829490741,96.35000000000001,1305,rlcg,ga
2928,6.41414259878597e-05,8139.955792665482,303.9817515933173,96.39999999999999,1305,rlcg,ga
2929,0.02679238399040814,8143.637567996979,299.7399001180838,96.45,1305,rlcg,ga
2930,5.133592316673862e-08,8148.897336006165,295.5558619276853,96.5,1305,rlcg,ga
2931,5.142726013044402e-08,8152.541346311569,291.3129740525619,96.55,1305,rlcg,ga
2932,5.133592316673862e-08,8156.191802978516,287.07093302408794,96.6,1305,rlcg,ga
2933,5.1244580627586767e-08,8160.4470756053925,282.85046770075496,96.65,1305,rlcg,ga
2934,5.1244580627586767e-08,8165.234088182449,278.64811262670264,96.7,1305,rlcg,ga
2935,5.115323808843491e-08,8168.9337368011475,274.4086268176088,96.75,1305,rlcg,ga
2936,5.115323808843491e-08,8172.685960531235,270.17143671177655,96.8,1305,rlcg,ga
2937,5.06051828535238e-08,8177.840170621872,265.9803462824875,96.85000000000001,1305,rlcg,ga
2938,5.0422497775220094e-08,8181.738044977188,261.74806955035456,96.89999999999999,1305,rlcg,ga
2939,4.987444811575543e-08,8185.485418796539,257.5114030668319,96.95,1305,rlcg,ga
2940,4.695149243834261e-08,8189.675374031067,253.28892909374372,97.0,1305,rlcg,ga
2941,4.813894544731669e-08,8194.572646141052,249.08798872865555,97.05,1305,rlcg,ga
2942,4.0374801742177014e-08,8198.323617458344,244.85209568104256,97.1,1305,rlcg,ga
2943,3.1331762130875354e-08,8202.013215065002,240.61490131688333,97.15,1305,rlcg,ga
2944,3.7177779419183506e-08,8206.999480485916,236.41562289465583,97.2,1305,rlcg,ga
2945,2.75866343939527e-08,8210.997876405716,232.18760061815556,97.25,1305,rlcg,ga
2946,5.973933641067296e-08,8214.734496593475,227.95255026518316,97.3,1305,rlcg,ga
2947,2.475494041171824e-08,8218.78618979454,223.72658862820208,97.35000000000001,1305,rlcg,ga
2948,2.1192469875867053e-08,8223.726874351501,219.52453668700036,97.39999999999999,1305,rlcg,ga
2949,5.389519944167928e-09,8227.469256162643,215.29037047937163,97.45,1305,rlcg,ga
2950,1.863478817861042e-08,8231.165469408035,211.0555248566161,97.5,1305,rlcg,ga
2951,2.703856522042547e-08,8236.104204893112,206.8524377446247,97.55,1305,rlcg,ga
2952,0.029723496908174562,8240.200091838837,202.6278711107916,97.6,1305,rlcg,ga
2953,7.782464064622006e-08,8244.11156821251,198.39899831335788,97.65,1305,rlcg,ga
2954,7.76419611433628e-08,8248.534940719604,194.18250116330637,97.7,1305,rlcg,ga
2955,7.736794467680013e-08,8253.445676088333,189.97701044704627,97.75,1305,rlcg,ga
2956,7.745928721595199e-08,8257.240777254105,185.74570255581784,97.8,1305,rlcg,ga
2957,7.76419611433628e-08,8260.927360534668,181.51245605671465,97.85000000000001,1305,rlcg,ga
2958,7.691125428282667e-08,8265.84533405304,177.30618183361912,97.89999999999999,1305,rlcg,ga
2959,7.700259124653207e-08,8269.895258188248,173.08101357106534,97.95,1305,rlcg,ga
2960,7.62718788105495e-08,8273.642785310745,168.8498527614447,98.0,1305,rlcg,ga
2961,7.608919930769223e-08,8277.750344991684,164.6263454638829,98.05,1305,rlcg,ga
2962,7.645455831340675e-08,8282.707283258438,160.41940711713687,98.1,1305,rlcg,ga
2963,7.179625608005572e-08,8286.502689123154,156.1898112570325,98.15,1305,rlcg,ga
2964,6.814266602291058e-08,8290.260953187943,151.95997673867896,98.2,1305,rlcg,ga
2965,5.398483450035654e-08,8295.21957063675,147.75200253042567,98.25,1305,rlcg,ga
2966,4.5672696890216676e-08,8299.407056570053,143.52992875044947,98.3,1305,rlcg,ga
2967,2.594242408564778e-08,8303.137884140015,139.30022886457482,98.35000000000001,1305,rlcg,ga
2968,1.2331896506596028e-08,8307.282540082932,135.07776487939736,98.4,1305,rlcg,ga
2969,9.317451237631298e-09,8312.224024772644,130.86792522496216,98.45,1305,rlcg,ga
2970,2.7404385594333526e-09,8315.961750745773,126.63901143267685,98.5,1305,rlcg,ga
2971,4.932782158899653e-09,8319.662156105042,122.41004694421463,98.55000000000001,1305,rlcg,ga
2972,1.096176591132441e-09,8324.44418668747,118.1969762815661,98.6,1305,rlcg,ga
2973,3.653923712768485e-10,8328.616590499878,113.97498628661742,98.65,1305,rlcg,ga
2974,9.134810915352789e-11,8332.304765462875,109.74666864338178,98.7,1305,rlcg,ga
2975,0.0,8336.15424656868,105.52093982998304,98.75,1305,rlcg,ga
2976,9.134810915352789e-11,8341.265496730804,101.31091696434123,98.8,1305,rlcg,ga
2977,1.8269620741751193e-10,8345.067467212677,97.08475050373818,98.85000000000001,1305,rlcg,ga
2978,0.0,8348.783279895782,92.85805468033686,98.9,1305,rlcg,ga
2979,3.653923712768485e-10,8353.51112151146,88.64261422523487,98.95,1305,rlcg,ga
2980,0.0,8357.861481428146,84.42284324674984,99.0,1305,rlcg,ga
2981,0.03663951875065998,8361.564646959305,80.19673311066435,99.05000000000001,1305,rlcg,ga
2982,8.960727064671944e-08,8365.374093055725,75.97211588042592,99.1,1305,rlcg,ga
2983,8.750650933060225e-08,8370.548320531845,71.75961747304063,99.15,1305,rlcg,ga
2984,8.4218345184529e-08,8374.373399496078,67.5352693507757,99.2,1305,rlcg,ga
2985,7.910339158532963e-08,8378.112847805023,63.3106764317763,99.25,1305,rlcg,ga
2986,6.878205264063588e-08,8382.811949014664,59.09333700211755,99.3,1305,rlcg,ga
2987,5.836923177062909e-08,8387.129755020142,54.873018024791236,99.35000000000001,1305,rlcg,ga
2988,4.174495655034937e-08,8390.963677406311,50.64968014531041,99.4,1305,rlcg,ga
2989,2.5942429655649455e-08,8394.892458200455,46.427258441530284,99.45,1305,rlcg,ga
2990,1.4706907058720307e-08,8399.937811374664,42.21074277072694,99.5,1305,rlcg,ga
2991,7.490509848144709e-09,8403.657061338425,37.98740007636661,99.55000000000001,1305,rlcg,ga
2992,4.2933498813170206e-09,8407.401273488998,33.764663748952444,99.6,1305,rlcg,ga
2993,2.3750474894569933e-09,8412.00878405571,29.54543978343645,99.65,1305,rlcg,ga
2994,1.1875247002859688e-09,8416.366684675217,25.325075279864905,99.7,1305,rlcg,ga
2995,5.480885133570973e-10,8420.190456151962,21.103234225944107,99.75,1305,rlcg,ga
2996,3.653923712768485e-10,8423.95938706398,16.881682138404358,99.8,1305,rlcg,ga
2997,1.8269621830705578e-10,8429.189024448395,12.662777703226311,99.85000000000001,1305,rlcg,ga
2998,4.56740507654236e-10,8432.934445142746,8.441375820963003,99.9,1305,rlcg,ga
2999,9.134810915352789e-11,8436.74193072319,4.220481205964461,99.95,1305,rlcg,ga
3000,0.0,8441.377999782562,0.0,100.0,1305,rlcg,ga
