2026-04-08 09:32:00 [INFO] __main__: Training device: cuda
2026-04-08 09:32:05 [INFO] __main__: TensorBoard logging enabled at: /content/drive/MyDrive/SOS_0408/results/train_20260408_093200_stage_1_50cust/tensorboard
2026-04-08 09:32:09 [INFO] __main__: Loaded mixed training pool: 26 instances from 3 depots.
2026-04-08 09:32:09 [INFO] __main__: 
=== Curriculum stage: tiny_warmup  epochs=2  max_customers=8 ===
2026-04-08 09:32:09 [INFO] __main__: 
--- Epoch 1 / 1000 ---
2026-04-08 09:32:10 [INFO] src.pomo_trainer:   batch 10/625 (1.6%)  loss=-150.8444  avg_reward=-376.43  penalty_ratio=0.00%  eta=91.6s
2026-04-08 09:32:11 [INFO] src.pomo_trainer:   batch 20/625 (3.2%)  loss=-116.0206  avg_reward=94.91  penalty_ratio=0.00%  eta=65.6s
2026-04-08 09:32:12 [INFO] src.pomo_trainer:   batch 30/625 (4.8%)  loss=2.0307  avg_reward=200.44  penalty_ratio=0.00%  eta=55.5s
2026-04-08 09:32:12 [INFO] src.pomo_trainer:   batch 40/625 (6.4%)  loss=-30.2096  avg_reward=-161.77  penalty_ratio=0.00%  eta=51.2s
2026-04-08 09:32:13 [INFO] src.pomo_trainer:   batch 50/625 (8.0%)  loss=-95.6664  avg_reward=114.98  penalty_ratio=0.00%  eta=50.2s
2026-04-08 09:32:14 [INFO] src.pomo_trainer:   batch 60/625 (9.6%)  loss=-45.4486  avg_reward=626.31  penalty_ratio=0.00%  eta=46.1s
2026-04-08 09:32:14 [INFO] src.pomo_trainer:   batch 70/625 (11.2%)  loss=-69.7572  avg_reward=-66.05  penalty_ratio=0.00%  eta=42.6s
2026-04-08 09:32:15 [INFO] src.pomo_trainer:   batch 80/625 (12.8%)  loss=-25.9465  avg_reward=407.41  penalty_ratio=0.00%  eta=39.7s
2026-04-08 09:32:15 [INFO] src.pomo_trainer:   batch 90/625 (14.4%)  loss=-4.0207  avg_reward=-1052.32  penalty_ratio=0.00%  eta=38.0s
2026-04-08 09:32:16 [INFO] src.pomo_trainer:   batch 100/625 (16.0%)  loss=-7.2585  avg_reward=-900.27  penalty_ratio=0.00%  eta=36.4s
2026-04-08 09:32:16 [INFO] src.pomo_trainer:   batch 110/625 (17.6%)  loss=-23.3278  avg_reward=530.19  penalty_ratio=0.00%  eta=34.9s
2026-04-08 09:32:17 [INFO] src.pomo_trainer:   batch 120/625 (19.2%)  loss=-13.4260  avg_reward=408.80  penalty_ratio=0.00%  eta=33.6s
2026-04-08 09:32:17 [INFO] src.pomo_trainer:   batch 130/625 (20.8%)  loss=-22.4970  avg_reward=370.14  penalty_ratio=0.00%  eta=32.3s
2026-04-08 09:32:18 [INFO] src.pomo_trainer:   batch 140/625 (22.4%)  loss=1.0993  avg_reward=139.36  penalty_ratio=0.00%  eta=31.2s
2026-04-08 09:32:18 [INFO] src.pomo_trainer:   batch 150/625 (24.0%)  loss=-6.3397  avg_reward=805.26  penalty_ratio=0.00%  eta=30.2s
2026-04-08 09:32:19 [INFO] src.pomo_trainer:   batch 160/625 (25.6%)  loss=-1.5909  avg_reward=769.76  penalty_ratio=0.00%  eta=29.2s
2026-04-08 09:32:19 [INFO] src.pomo_trainer:   batch 170/625 (27.2%)  loss=-10.5887  avg_reward=-40.65  penalty_ratio=0.00%  eta=28.4s
2026-04-08 09:32:20 [INFO] src.pomo_trainer:   batch 180/625 (28.8%)  loss=-7.1979  avg_reward=161.36  penalty_ratio=0.00%  eta=27.5s
2026-04-08 09:32:20 [INFO] src.pomo_trainer:   batch 190/625 (30.4%)  loss=-25.2779  avg_reward=694.85  penalty_ratio=0.00%  eta=26.6s
2026-04-08 09:32:21 [INFO] src.pomo_trainer:   batch 200/625 (32.0%)  loss=-24.2165  avg_reward=383.10  penalty_ratio=0.00%  eta=25.7s
2026-04-08 09:32:21 [INFO] src.pomo_trainer:   batch 210/625 (33.6%)  loss=-6.1583  avg_reward=-534.01  penalty_ratio=0.00%  eta=24.9s
2026-04-08 09:32:22 [INFO] src.pomo_trainer:   batch 220/625 (35.2%)  loss=-12.2605  avg_reward=60.68  penalty_ratio=0.00%  eta=24.3s
2026-04-08 09:32:23 [INFO] src.pomo_trainer:   batch 230/625 (36.8%)  loss=0.5033  avg_reward=-658.86  penalty_ratio=0.00%  eta=23.4s
2026-04-08 09:32:23 [INFO] src.pomo_trainer:   batch 240/625 (38.4%)  loss=-17.2752  avg_reward=-45.71  penalty_ratio=0.00%  eta=22.7s
2026-04-08 09:32:24 [INFO] src.pomo_trainer:   batch 250/625 (40.0%)  loss=-9.6687  avg_reward=548.08  penalty_ratio=0.00%  eta=22.1s
2026-04-08 09:32:24 [INFO] src.pomo_trainer:   batch 260/625 (41.6%)  loss=-67.9366  avg_reward=85.29  penalty_ratio=0.00%  eta=21.7s
2026-04-08 09:32:25 [INFO] src.pomo_trainer:   batch 270/625 (43.2%)  loss=1.1137  avg_reward=101.11  penalty_ratio=0.00%  eta=21.1s
2026-04-08 09:32:26 [INFO] src.pomo_trainer:   batch 280/625 (44.8%)  loss=-15.6454  avg_reward=29.26  penalty_ratio=0.00%  eta=20.6s
2026-04-08 09:32:26 [INFO] src.pomo_trainer:   batch 290/625 (46.4%)  loss=-1.9284  avg_reward=-488.94  penalty_ratio=0.00%  eta=20.1s
2026-04-08 09:32:27 [INFO] src.pomo_trainer:   batch 300/625 (48.0%)  loss=-14.0902  avg_reward=-56.03  penalty_ratio=0.00%  eta=19.6s
2026-04-08 09:32:28 [INFO] src.pomo_trainer:   batch 310/625 (49.6%)  loss=-2.1080  avg_reward=130.81  penalty_ratio=0.00%  eta=19.0s
2026-04-08 09:32:28 [INFO] src.pomo_trainer:   batch 320/625 (51.2%)  loss=-8.7673  avg_reward=8.75  penalty_ratio=0.00%  eta=18.3s
2026-04-08 09:32:29 [INFO] src.pomo_trainer:   batch 330/625 (52.8%)  loss=-6.0255  avg_reward=758.90  penalty_ratio=0.00%  eta=17.7s
2026-04-08 09:32:29 [INFO] src.pomo_trainer:   batch 340/625 (54.4%)  loss=-2.2373  avg_reward=250.49  penalty_ratio=0.00%  eta=16.9s
2026-04-08 09:32:30 [INFO] src.pomo_trainer:   batch 350/625 (56.0%)  loss=-13.2887  avg_reward=626.44  penalty_ratio=0.00%  eta=16.3s
2026-04-08 09:32:30 [INFO] src.pomo_trainer:   batch 360/625 (57.6%)  loss=-3.0549  avg_reward=159.87  penalty_ratio=0.00%  eta=15.7s
2026-04-08 09:32:31 [INFO] src.pomo_trainer:   batch 370/625 (59.2%)  loss=-3.8113  avg_reward=357.56  penalty_ratio=0.00%  eta=15.0s
2026-04-08 09:32:31 [INFO] src.pomo_trainer:   batch 380/625 (60.8%)  loss=-3.2334  avg_reward=-706.15  penalty_ratio=0.00%  eta=14.3s
2026-04-08 09:32:32 [INFO] src.pomo_trainer:   batch 390/625 (62.4%)  loss=-29.4777  avg_reward=584.22  penalty_ratio=0.00%  eta=13.8s
2026-04-08 09:32:32 [INFO] src.pomo_trainer:   batch 400/625 (64.0%)  loss=-0.0000  avg_reward=29.80  penalty_ratio=0.00%  eta=13.1s
2026-04-08 09:32:33 [INFO] src.pomo_trainer:   batch 410/625 (65.6%)  loss=-4.5103  avg_reward=176.12  penalty_ratio=0.00%  eta=12.5s
2026-04-08 09:32:33 [INFO] src.pomo_trainer:   batch 420/625 (67.2%)  loss=-2.6254  avg_reward=-501.72  penalty_ratio=0.00%  eta=11.9s
2026-04-08 09:32:34 [INFO] src.pomo_trainer:   batch 430/625 (68.8%)  loss=-4.0625  avg_reward=-874.13  penalty_ratio=0.00%  eta=11.3s
2026-04-08 09:32:34 [INFO] src.pomo_trainer:   batch 440/625 (70.4%)  loss=1.8870  avg_reward=-713.66  penalty_ratio=0.00%  eta=10.7s
2026-04-08 09:32:35 [INFO] src.pomo_trainer:   batch 450/625 (72.0%)  loss=-58.5920  avg_reward=250.42  penalty_ratio=0.00%  eta=10.1s
2026-04-08 09:32:35 [INFO] src.pomo_trainer:   batch 460/625 (73.6%)  loss=-0.0000  avg_reward=39.58  penalty_ratio=0.00%  eta=9.5s
2026-04-08 09:32:36 [INFO] src.pomo_trainer:   batch 470/625 (75.2%)  loss=-56.0994  avg_reward=-13.17  penalty_ratio=0.00%  eta=8.9s
2026-04-08 09:32:36 [INFO] src.pomo_trainer:   batch 480/625 (76.8%)  loss=-0.0822  avg_reward=-216.58  penalty_ratio=0.00%  eta=8.3s
2026-04-08 09:32:37 [INFO] src.pomo_trainer:   batch 490/625 (78.4%)  loss=-1.1760  avg_reward=-587.32  penalty_ratio=0.00%  eta=7.7s
2026-04-08 09:32:37 [INFO] src.pomo_trainer:   batch 500/625 (80.0%)  loss=2.6217  avg_reward=461.07  penalty_ratio=0.00%  eta=7.1s
2026-04-08 09:32:38 [INFO] src.pomo_trainer:   batch 510/625 (81.6%)  loss=-0.0000  avg_reward=-565.54  penalty_ratio=0.00%  eta=6.5s
2026-04-08 09:32:39 [INFO] src.pomo_trainer:   batch 520/625 (83.2%)  loss=-42.2461  avg_reward=668.46  penalty_ratio=0.00%  eta=6.0s
2026-04-08 09:32:39 [INFO] src.pomo_trainer:   batch 530/625 (84.8%)  loss=0.9074  avg_reward=130.71  penalty_ratio=0.00%  eta=5.4s
2026-04-08 09:32:40 [INFO] src.pomo_trainer:   batch 540/625 (86.4%)  loss=-23.8220  avg_reward=580.39  penalty_ratio=0.00%  eta=4.9s
2026-04-08 09:32:41 [INFO] src.pomo_trainer:   batch 550/625 (88.0%)  loss=-1.3079  avg_reward=-554.71  penalty_ratio=0.00%  eta=4.3s
2026-04-08 09:32:41 [INFO] src.pomo_trainer:   batch 560/625 (89.6%)  loss=-12.1662  avg_reward=617.19  penalty_ratio=0.00%  eta=3.8s
2026-04-08 09:32:42 [INFO] src.pomo_trainer:   batch 570/625 (91.2%)  loss=-0.5293  avg_reward=811.19  penalty_ratio=0.00%  eta=3.2s
2026-04-08 09:32:43 [INFO] src.pomo_trainer:   batch 580/625 (92.8%)  loss=-21.3288  avg_reward=600.63  penalty_ratio=0.00%  eta=2.6s
2026-04-08 09:32:43 [INFO] src.pomo_trainer:   batch 590/625 (94.4%)  loss=-42.5025  avg_reward=20.37  penalty_ratio=0.00%  eta=2.0s
2026-04-08 09:32:44 [INFO] src.pomo_trainer:   batch 600/625 (96.0%)  loss=-0.0000  avg_reward=-419.46  penalty_ratio=0.00%  eta=1.4s
2026-04-08 09:32:44 [INFO] src.pomo_trainer:   batch 610/625 (97.6%)  loss=-0.0576  avg_reward=-139.38  penalty_ratio=0.00%  eta=0.9s
2026-04-08 09:32:45 [INFO] src.pomo_trainer:   batch 620/625 (99.2%)  loss=-9.5713  avg_reward=-742.61  penalty_ratio=0.00%  eta=0.3s
2026-04-08 09:32:45 [INFO] __main__: Epoch 1  stage=tiny_warmup  loss=-16.700967  reward=58.51  var=35747.39  penalty=0.00%  mem_max=nan%
2026-04-08 09:32:45 [INFO] __main__: Training progress: 1/1000 (0.1%)  elapsed=36.3s  eta=36234.4s
2026-04-08 09:32:45 [INFO] __main__: 
--- Epoch 2 / 1000 ---
2026-04-08 09:32:46 [INFO] src.pomo_trainer:   batch 10/625 (1.6%)  loss=0.0004  avg_reward=-297.31  penalty_ratio=0.00%  eta=30.8s
2026-04-08 09:32:46 [INFO] src.pomo_trainer:   batch 20/625 (3.2%)  loss=-19.3159  avg_reward=633.49  penalty_ratio=0.00%  eta=28.0s
2026-04-08 09:32:47 [INFO] src.pomo_trainer:   batch 30/625 (4.8%)  loss=-17.0248  avg_reward=850.40  penalty_ratio=0.00%  eta=30.1s
2026-04-08 09:32:47 [INFO] src.pomo_trainer:   batch 40/625 (6.4%)  loss=-11.9630  avg_reward=-955.07  penalty_ratio=0.00%  eta=28.8s
2026-04-08 09:32:48 [INFO] src.pomo_trainer:   batch 50/625 (8.0%)  loss=-19.2583  avg_reward=576.43  penalty_ratio=0.00%  eta=28.6s
2026-04-08 09:32:48 [INFO] src.pomo_trainer:   batch 60/625 (9.6%)  loss=-21.1258  avg_reward=101.90  penalty_ratio=0.00%  eta=27.8s
2026-04-08 09:32:49 [INFO] src.pomo_trainer:   batch 70/625 (11.2%)  loss=-6.9887  avg_reward=241.77  penalty_ratio=0.00%  eta=27.9s
2026-04-08 09:32:49 [INFO] src.pomo_trainer:   batch 80/625 (12.8%)  loss=-14.0014  avg_reward=369.70  penalty_ratio=0.00%  eta=27.3s
2026-04-08 09:32:50 [INFO] src.pomo_trainer:   batch 90/625 (14.4%)  loss=-31.7491  avg_reward=6.42  penalty_ratio=0.00%  eta=27.2s
2026-04-08 09:32:50 [INFO] src.pomo_trainer:   batch 100/625 (16.0%)  loss=6.4757  avg_reward=223.07  penalty_ratio=0.00%  eta=26.8s
2026-04-08 09:32:51 [INFO] src.pomo_trainer:   batch 110/625 (17.6%)  loss=-3.1721  avg_reward=-813.03  penalty_ratio=0.00%  eta=26.3s
2026-04-08 09:32:51 [INFO] src.pomo_trainer:   batch 120/625 (19.2%)  loss=-4.3593  avg_reward=-652.52  penalty_ratio=0.00%  eta=25.8s
2026-04-08 09:32:52 [INFO] src.pomo_trainer:   batch 130/625 (20.8%)  loss=-1.9462  avg_reward=-443.72  penalty_ratio=0.00%  eta=25.2s
2026-04-08 09:32:52 [INFO] src.pomo_trainer:   batch 140/625 (22.4%)  loss=-56.7575  avg_reward=287.16  penalty_ratio=0.00%  eta=25.4s
2026-04-08 09:32:53 [INFO] src.pomo_trainer:   batch 150/625 (24.0%)  loss=-11.1913  avg_reward=244.67  penalty_ratio=0.00%  eta=25.0s
2026-04-08 09:32:54 [INFO] src.pomo_trainer:   batch 160/625 (25.6%)  loss=-0.0000  avg_reward=-601.68  penalty_ratio=0.00%  eta=24.7s
2026-04-08 09:32:54 [INFO] src.pomo_trainer:   batch 170/625 (27.2%)  loss=-50.1144  avg_reward=272.01  penalty_ratio=0.00%  eta=24.2s
2026-04-08 09:32:55 [INFO] src.pomo_trainer:   batch 180/625 (28.8%)  loss=-0.0000  avg_reward=-563.45  penalty_ratio=0.00%  eta=23.8s
2026-04-08 09:32:55 [INFO] src.pomo_trainer:   batch 190/625 (30.4%)  loss=-87.3549  avg_reward=219.94  penalty_ratio=0.00%  eta=23.6s
2026-04-08 09:32:56 [INFO] src.pomo_trainer:   batch 200/625 (32.0%)  loss=-11.2381  avg_reward=112.10  penalty_ratio=0.00%  eta=23.3s
2026-04-08 09:32:57 [INFO] src.pomo_trainer:   batch 210/625 (33.6%)  loss=-0.9007  avg_reward=-554.53  penalty_ratio=0.00%  eta=22.6s
2026-04-08 09:32:57 [INFO] src.pomo_trainer:   batch 220/625 (35.2%)  loss=-6.1455  avg_reward=148.04  penalty_ratio=0.00%  eta=22.0s
2026-04-08 09:32:58 [INFO] src.pomo_trainer:   batch 230/625 (36.8%)  loss=-21.7314  avg_reward=680.92  penalty_ratio=0.00%  eta=21.4s
2026-04-08 09:32:58 [INFO] src.pomo_trainer:   batch 240/625 (38.4%)  loss=-12.0599  avg_reward=534.70  penalty_ratio=0.00%  eta=20.8s
2026-04-08 09:32:59 [INFO] src.pomo_trainer:   batch 250/625 (40.0%)  loss=-51.1006  avg_reward=184.96  penalty_ratio=0.00%  eta=20.2s
2026-04-08 09:32:59 [INFO] src.pomo_trainer:   batch 260/625 (41.6%)  loss=-2.1550  avg_reward=-256.93  penalty_ratio=0.00%  eta=19.7s
2026-04-08 09:33:00 [INFO] src.pomo_trainer:   batch 270/625 (43.2%)  loss=3.3914  avg_reward=878.99  penalty_ratio=0.00%  eta=19.1s
2026-04-08 09:33:00 [INFO] src.pomo_trainer:   batch 280/625 (44.8%)  loss=-9.5210  avg_reward=-492.85  penalty_ratio=0.00%  eta=18.5s
2026-04-08 09:33:01 [INFO] src.pomo_trainer:   batch 290/625 (46.4%)  loss=-29.8887  avg_reward=166.31  penalty_ratio=0.00%  eta=18.0s
2026-04-08 09:33:01 [INFO] src.pomo_trainer:   batch 300/625 (48.0%)  loss=4.2040  avg_reward=-197.86  penalty_ratio=0.00%  eta=17.3s
2026-04-08 09:33:02 [INFO] src.pomo_trainer:   batch 310/625 (49.6%)  loss=-45.7810  avg_reward=-68.66  penalty_ratio=0.00%  eta=16.8s
2026-04-08 09:33:02 [INFO] src.pomo_trainer:   batch 320/625 (51.2%)  loss=-4.7097  avg_reward=273.26  penalty_ratio=0.00%  eta=16.2s
2026-04-08 09:33:03 [INFO] src.pomo_trainer:   batch 330/625 (52.8%)  loss=-16.7339  avg_reward=-70.86  penalty_ratio=0.00%  eta=15.7s
2026-04-08 09:33:03 [INFO] src.pomo_trainer:   batch 340/625 (54.4%)  loss=-59.6091  avg_reward=212.39  penalty_ratio=0.00%  eta=15.1s
2026-04-08 09:33:04 [INFO] src.pomo_trainer:   batch 350/625 (56.0%)  loss=-49.2103  avg_reward=-186.05  penalty_ratio=0.00%  eta=14.6s
2026-04-08 09:33:04 [INFO] src.pomo_trainer:   batch 360/625 (57.6%)  loss=-31.4459  avg_reward=290.85  penalty_ratio=0.00%  eta=14.1s
2026-04-08 09:33:05 [INFO] src.pomo_trainer:   batch 370/625 (59.2%)  loss=-58.7251  avg_reward=12.45  penalty_ratio=0.00%  eta=13.5s
2026-04-08 09:33:05 [INFO] src.pomo_trainer:   batch 380/625 (60.8%)  loss=-59.5104  avg_reward=91.84  penalty_ratio=0.00%  eta=13.0s
2026-04-08 09:33:06 [INFO] src.pomo_trainer:   batch 390/625 (62.4%)  loss=-1.7889  avg_reward=-416.50  penalty_ratio=0.00%  eta=12.5s
2026-04-08 09:33:07 [INFO] src.pomo_trainer:   batch 400/625 (64.0%)  loss=-2.0463  avg_reward=182.62  penalty_ratio=0.00%  eta=12.0s
2026-04-08 09:33:07 [INFO] src.pomo_trainer:   batch 410/625 (65.6%)  loss=-2.4694  avg_reward=736.19  penalty_ratio=0.00%  eta=11.5s
2026-04-08 09:33:08 [INFO] src.pomo_trainer:   batch 420/625 (67.2%)  loss=-7.4884  avg_reward=-1037.49  penalty_ratio=0.00%  eta=11.0s
2026-04-08 09:33:08 [INFO] src.pomo_trainer:   batch 430/625 (68.8%)  loss=-35.8492  avg_reward=618.86  penalty_ratio=0.00%  eta=10.5s
2026-04-08 09:33:09 [INFO] src.pomo_trainer:   batch 440/625 (70.4%)  loss=-13.0303  avg_reward=646.55  penalty_ratio=0.00%  eta=10.0s
2026-04-08 09:33:10 [INFO] src.pomo_trainer:   batch 450/625 (72.0%)  loss=-21.4745  avg_reward=210.25  penalty_ratio=0.00%  eta=9.6s
2026-04-08 09:33:10 [INFO] src.pomo_trainer:   batch 460/625 (73.6%)  loss=-60.9573  avg_reward=8.66  penalty_ratio=0.00%  eta=9.1s
2026-04-08 09:33:11 [INFO] src.pomo_trainer:   batch 470/625 (75.2%)  loss=-10.3438  avg_reward=-1323.65  penalty_ratio=0.00%  eta=8.5s
2026-04-08 09:33:11 [INFO] src.pomo_trainer:   batch 480/625 (76.8%)  loss=-5.1851  avg_reward=-757.87  penalty_ratio=0.00%  eta=7.9s
2026-04-08 09:33:12 [INFO] src.pomo_trainer:   batch 490/625 (78.4%)  loss=-39.1822  avg_reward=51.57  penalty_ratio=0.00%  eta=7.4s
2026-04-08 09:33:13 [INFO] src.pomo_trainer:   batch 500/625 (80.0%)  loss=-58.9649  avg_reward=500.05  penalty_ratio=0.00%  eta=6.8s
2026-04-08 09:33:13 [INFO] src.pomo_trainer:   batch 510/625 (81.6%)  loss=-59.5812  avg_reward=650.03  penalty_ratio=0.00%  eta=6.3s
2026-04-08 09:33:14 [INFO] src.pomo_trainer:   batch 520/625 (83.2%)  loss=-29.0332  avg_reward=598.27  penalty_ratio=0.00%  eta=5.8s
2026-04-08 09:33:14 [INFO] src.pomo_trainer:   batch 530/625 (84.8%)  loss=-9.2741  avg_reward=218.56  penalty_ratio=0.00%  eta=5.2s
2026-04-08 09:33:15 [INFO] src.pomo_trainer:   batch 540/625 (86.4%)  loss=-90.2205  avg_reward=328.56  penalty_ratio=0.00%  eta=4.7s
2026-04-08 09:33:15 [INFO] src.pomo_trainer:   batch 550/625 (88.0%)  loss=-6.5554  avg_reward=-761.66  penalty_ratio=0.00%  eta=4.1s
2026-04-08 09:33:16 [INFO] src.pomo_trainer:   batch 560/625 (89.6%)  loss=-24.7791  avg_reward=738.51  penalty_ratio=0.00%  eta=3.6s
2026-04-08 09:33:16 [INFO] src.pomo_trainer:   batch 570/625 (91.2%)  loss=-2.0686  avg_reward=-19.89  penalty_ratio=0.00%  eta=3.0s
2026-04-08 09:33:17 [INFO] src.pomo_trainer:   batch 580/625 (92.8%)  loss=-6.2782  avg_reward=-816.80  penalty_ratio=0.00%  eta=2.5s
2026-04-08 09:33:17 [INFO] src.pomo_trainer:   batch 590/625 (94.4%)  loss=-31.8236  avg_reward=454.21  penalty_ratio=0.00%  eta=1.9s
2026-04-08 09:33:18 [INFO] src.pomo_trainer:   batch 600/625 (96.0%)  loss=-55.9242  avg_reward=207.99  penalty_ratio=0.00%  eta=1.4s
2026-04-08 09:33:19 [INFO] src.pomo_trainer:   batch 610/625 (97.6%)  loss=-0.0000  avg_reward=-507.29  penalty_ratio=0.00%  eta=0.8s
2026-04-08 09:33:19 [INFO] src.pomo_trainer:   batch 620/625 (99.2%)  loss=0.4619  avg_reward=-223.51  penalty_ratio=0.00%  eta=0.3s
2026-04-08 09:33:20 [INFO] __main__: Epoch 2  stage=tiny_warmup  loss=-17.988013  reward=45.86  var=35728.61  penalty=0.00%  mem_max=nan%
2026-04-08 09:33:20 [INFO] __main__: Training progress: 2/1000 (0.2%)  elapsed=70.9s  eta=35358.4s
2026-04-08 09:33:20 [INFO] __main__: 
=== Curriculum stage: main  epochs=998  max_customers=50 ===
2026-04-08 09:33:20 [INFO] __main__: 
--- Epoch 3 / 1000 ---
2026-04-08 09:33:26 [INFO] src.pomo_trainer:   batch 10/625 (1.6%)  loss=976.3588  avg_reward=2918.59  penalty_ratio=0.00%  eta=388.4s
2026-04-08 09:33:32 [INFO] src.pomo_trainer:   batch 20/625 (3.2%)  loss=-7.5262  avg_reward=1309.08  penalty_ratio=0.00%  eta=376.6s
2026-04-08 09:33:39 [INFO] src.pomo_trainer:   batch 30/625 (4.8%)  loss=-10.0897  avg_reward=2957.95  penalty_ratio=0.00%  eta=372.8s
2026-04-08 09:33:44 [INFO] src.pomo_trainer:   batch 40/625 (6.4%)  loss=-15.2769  avg_reward=3818.29  penalty_ratio=0.00%  eta=358.0s
2026-04-08 09:33:50 [INFO] src.pomo_trainer:   batch 50/625 (8.0%)  loss=848.2750  avg_reward=3436.97  penalty_ratio=0.00%  eta=344.1s
2026-04-08 09:33:54 [INFO] src.pomo_trainer:   batch 60/625 (9.6%)  loss=-8.0585  avg_reward=434.68  penalty_ratio=0.00%  eta=321.3s
2026-04-08 09:34:01 [INFO] src.pomo_trainer:   batch 70/625 (11.2%)  loss=-18.9145  avg_reward=2061.15  penalty_ratio=0.00%  eta=324.2s
2026-04-08 09:34:07 [INFO] src.pomo_trainer:   batch 80/625 (12.8%)  loss=25.8810  avg_reward=1223.80  penalty_ratio=0.00%  eta=318.8s
2026-04-08 09:34:14 [INFO] src.pomo_trainer:   batch 90/625 (14.4%)  loss=598.7529  avg_reward=1972.30  penalty_ratio=0.00%  eta=320.9s
2026-04-08 09:34:19 [INFO] src.pomo_trainer:   batch 100/625 (16.0%)  loss=-1.3874  avg_reward=1964.77  penalty_ratio=0.00%  eta=308.8s
2026-04-08 09:34:25 [INFO] src.pomo_trainer:   batch 110/625 (17.6%)  loss=577.7311  avg_reward=3264.76  penalty_ratio=0.00%  eta=307.7s
2026-04-08 09:34:31 [INFO] src.pomo_trainer:   batch 120/625 (19.2%)  loss=-51.8719  avg_reward=4373.22  penalty_ratio=0.00%  eta=298.8s
2026-04-08 09:34:36 [INFO] src.pomo_trainer:   batch 130/625 (20.8%)  loss=918.3974  avg_reward=2797.18  penalty_ratio=0.00%  eta=291.3s
2026-04-08 09:34:42 [INFO] src.pomo_trainer:   batch 140/625 (22.4%)  loss=-2.2767  avg_reward=2535.25  penalty_ratio=0.00%  eta=285.3s
2026-04-08 09:34:48 [INFO] src.pomo_trainer:   batch 150/625 (24.0%)  loss=12.9466  avg_reward=1487.62  penalty_ratio=0.00%  eta=279.0s
2026-04-08 09:34:53 [INFO] src.pomo_trainer:   batch 160/625 (25.6%)  loss=75.1083  avg_reward=1210.78  penalty_ratio=0.00%  eta=271.4s
2026-04-08 09:34:58 [INFO] src.pomo_trainer:   batch 170/625 (27.2%)  loss=169.0869  avg_reward=2088.78  penalty_ratio=0.00%  eta=264.2s
2026-04-08 09:35:04 [INFO] src.pomo_trainer:   batch 180/625 (28.8%)  loss=-9.3465  avg_reward=2540.19  penalty_ratio=0.00%  eta=258.4s
2026-04-08 09:35:10 [INFO] src.pomo_trainer:   batch 190/625 (30.4%)  loss=19.2726  avg_reward=2415.20  penalty_ratio=0.00%  eta=251.8s
2026-04-08 09:35:16 [INFO] src.pomo_trainer:   batch 200/625 (32.0%)  loss=-4.6432  avg_reward=594.33  penalty_ratio=0.00%  eta=246.3s
2026-04-08 09:35:20 [INFO] src.pomo_trainer:   batch 210/625 (33.6%)  loss=575.5106  avg_reward=2251.17  penalty_ratio=0.00%  eta=237.5s
2026-04-08 09:35:25 [INFO] src.pomo_trainer:   batch 220/625 (35.2%)  loss=-5.9042  avg_reward=16.29  penalty_ratio=0.00%  eta=229.7s
2026-04-08 09:35:30 [INFO] src.pomo_trainer:   batch 230/625 (36.8%)  loss=-10.1141  avg_reward=397.41  penalty_ratio=0.00%  eta=223.4s
2026-04-08 09:35:36 [INFO] src.pomo_trainer:   batch 240/625 (38.4%)  loss=-5.6621  avg_reward=-231.29  penalty_ratio=0.00%  eta=219.3s
2026-04-08 09:35:40 [INFO] src.pomo_trainer:   batch 250/625 (40.0%)  loss=-28.5686  avg_reward=3123.42  penalty_ratio=0.00%  eta=211.0s
2026-04-08 09:35:46 [INFO] src.pomo_trainer:   batch 260/625 (41.6%)  loss=513.0633  avg_reward=3693.85  penalty_ratio=0.00%  eta=204.9s
2026-04-08 09:35:51 [INFO] src.pomo_trainer:   batch 270/625 (43.2%)  loss=-3.9882  avg_reward=924.94  penalty_ratio=0.00%  eta=198.4s
2026-04-08 09:35:57 [INFO] src.pomo_trainer:   batch 280/625 (44.8%)  loss=594.8430  avg_reward=2895.34  penalty_ratio=0.00%  eta=194.3s
2026-04-08 09:36:03 [INFO] src.pomo_trainer:   batch 290/625 (46.4%)  loss=456.6096  avg_reward=1830.16  penalty_ratio=0.00%  eta=188.5s
2026-04-08 09:36:08 [INFO] src.pomo_trainer:   batch 300/625 (48.0%)  loss=123.2976  avg_reward=1950.10  penalty_ratio=0.00%  eta=182.4s
2026-04-08 09:36:15 [INFO] src.pomo_trainer:   batch 310/625 (49.6%)  loss=218.4386  avg_reward=911.53  penalty_ratio=0.00%  eta=177.6s
2026-04-08 09:36:20 [INFO] src.pomo_trainer:   batch 320/625 (51.2%)  loss=13.4260  avg_reward=684.83  penalty_ratio=0.00%  eta=171.8s
2026-04-08 09:36:27 [INFO] src.pomo_trainer:   batch 330/625 (52.8%)  loss=-8.8993  avg_reward=4123.29  penalty_ratio=0.00%  eta=167.0s
2026-04-08 09:36:30 [INFO] src.pomo_trainer:   batch 340/625 (54.4%)  loss=253.9568  avg_reward=1888.58  penalty_ratio=0.00%  eta=159.4s
2026-04-08 09:36:36 [INFO] src.pomo_trainer:   batch 350/625 (56.0%)  loss=139.6164  avg_reward=3405.51  penalty_ratio=0.00%  eta=154.6s
2026-04-08 09:36:42 [INFO] src.pomo_trainer:   batch 360/625 (57.6%)  loss=-0.2525  avg_reward=-279.40  penalty_ratio=0.00%  eta=148.7s
2026-04-08 09:36:47 [INFO] src.pomo_trainer:   batch 370/625 (59.2%)  loss=-24.9327  avg_reward=2599.34  penalty_ratio=0.00%  eta=142.9s
2026-04-08 09:36:53 [INFO] src.pomo_trainer:   batch 380/625 (60.8%)  loss=212.2534  avg_reward=2698.11  penalty_ratio=0.00%  eta=137.4s
2026-04-08 09:36:58 [INFO] src.pomo_trainer:   batch 390/625 (62.4%)  loss=19.3454  avg_reward=670.76  penalty_ratio=0.00%  eta=131.5s
2026-04-08 09:37:03 [INFO] src.pomo_trainer:   batch 400/625 (64.0%)  loss=-41.6885  avg_reward=5317.56  penalty_ratio=0.00%  eta=125.4s
2026-04-08 09:37:09 [INFO] src.pomo_trainer:   batch 410/625 (65.6%)  loss=-18.9066  avg_reward=1053.33  penalty_ratio=0.00%  eta=120.2s
2026-04-08 09:37:14 [INFO] src.pomo_trainer:   batch 420/625 (67.2%)  loss=-21.3917  avg_reward=1329.22  penalty_ratio=0.00%  eta=114.5s
2026-04-08 09:37:19 [INFO] src.pomo_trainer:   batch 430/625 (68.8%)  loss=229.2060  avg_reward=2082.96  penalty_ratio=0.00%  eta=108.5s
2026-04-08 09:37:24 [INFO] src.pomo_trainer:   batch 440/625 (70.4%)  loss=-13.6761  avg_reward=1689.53  penalty_ratio=0.00%  eta=102.7s
2026-04-08 09:37:29 [INFO] src.pomo_trainer:   batch 450/625 (72.0%)  loss=-46.6981  avg_reward=2499.77  penalty_ratio=0.00%  eta=97.1s
2026-04-08 09:37:35 [INFO] src.pomo_trainer:   batch 460/625 (73.6%)  loss=-14.8932  avg_reward=2161.68  penalty_ratio=0.00%  eta=91.6s
2026-04-08 09:37:39 [INFO] src.pomo_trainer:   batch 470/625 (75.2%)  loss=12.4070  avg_reward=1496.38  penalty_ratio=0.00%  eta=85.7s
2026-04-08 09:37:46 [INFO] src.pomo_trainer:   batch 480/625 (76.8%)  loss=345.1308  avg_reward=2764.74  penalty_ratio=0.00%  eta=80.4s
2026-04-08 09:37:52 [INFO] src.pomo_trainer:   batch 490/625 (78.4%)  loss=0.0028  avg_reward=-282.35  penalty_ratio=0.00%  eta=75.1s
2026-04-08 09:37:58 [INFO] src.pomo_trainer:   batch 500/625 (80.0%)  loss=-53.3759  avg_reward=965.44  penalty_ratio=0.00%  eta=69.5s
2026-04-08 09:38:03 [INFO] src.pomo_trainer:   batch 510/625 (81.6%)  loss=290.6763  avg_reward=1528.82  penalty_ratio=0.00%  eta=63.8s
2026-04-08 09:38:07 [INFO] src.pomo_trainer:   batch 520/625 (83.2%)  loss=323.1850  avg_reward=1163.26  penalty_ratio=0.00%  eta=58.1s
2026-04-08 09:38:14 [INFO] src.pomo_trainer:   batch 530/625 (84.8%)  loss=-56.4357  avg_reward=5212.03  penalty_ratio=0.00%  eta=52.8s
2026-04-08 09:38:20 [INFO] src.pomo_trainer:   batch 540/625 (86.4%)  loss=-33.5468  avg_reward=4474.04  penalty_ratio=0.00%  eta=47.3s
2026-04-08 09:38:26 [INFO] src.pomo_trainer:   batch 550/625 (88.0%)  loss=209.9171  avg_reward=1473.45  penalty_ratio=0.00%  eta=41.7s
2026-04-08 09:38:30 [INFO] src.pomo_trainer:   batch 560/625 (89.6%)  loss=-0.0000  avg_reward=-1140.62  penalty_ratio=0.00%  eta=36.0s
2026-04-08 09:38:36 [INFO] src.pomo_trainer:   batch 570/625 (91.2%)  loss=-5.9728  avg_reward=2873.78  penalty_ratio=0.00%  eta=30.5s
2026-04-08 09:38:41 [INFO] src.pomo_trainer:   batch 580/625 (92.8%)  loss=-13.1610  avg_reward=201.07  penalty_ratio=0.00%  eta=24.9s
2026-04-08 09:38:45 [INFO] src.pomo_trainer:   batch 590/625 (94.4%)  loss=321.7488  avg_reward=1857.35  penalty_ratio=0.00%  eta=19.3s
2026-04-08 09:38:51 [INFO] src.pomo_trainer:   batch 600/625 (96.0%)  loss=234.2129  avg_reward=830.71  penalty_ratio=0.00%  eta=13.8s
2026-04-08 09:38:56 [INFO] src.pomo_trainer:   batch 610/625 (97.6%)  loss=210.8971  avg_reward=1524.16  penalty_ratio=0.00%  eta=8.3s
2026-04-08 09:39:01 [INFO] src.pomo_trainer:   batch 620/625 (99.2%)  loss=-19.0673  avg_reward=459.67  penalty_ratio=0.00%  eta=2.8s
2026-04-08 09:39:06 [INFO] __main__: Epoch 3  stage=main  loss=162.829165  reward=1868.85  var=291410.17  penalty=0.00%  mem_max=nan%
2026-04-08 09:39:06 [INFO] __main__: Training progress: 3/1000 (0.3%)  elapsed=416.7s  eta=138495.7s
2026-04-08 09:39:06 [INFO] __main__: 
--- Epoch 4 / 1000 ---
2026-04-08 09:39:12 [INFO] src.pomo_trainer:   batch 10/625 (1.6%)  loss=24.5703  avg_reward=1325.81  penalty_ratio=0.00%  eta=372.2s
2026-04-08 09:39:18 [INFO] src.pomo_trainer:   batch 20/625 (3.2%)  loss=307.3465  avg_reward=3910.00  penalty_ratio=0.00%  eta=367.1s
2026-04-08 09:39:21 [INFO] src.pomo_trainer:   batch 30/625 (4.8%)  loss=29.2316  avg_reward=3970.48  penalty_ratio=0.00%  eta=314.3s
2026-04-08 09:39:26 [INFO] src.pomo_trainer:   batch 40/625 (6.4%)  loss=0.1991  avg_reward=-392.85  penalty_ratio=0.00%  eta=297.0s
2026-04-08 09:39:31 [INFO] src.pomo_trainer:   batch 50/625 (8.0%)  loss=10.2243  avg_reward=803.79  penalty_ratio=0.00%  eta=292.9s
2026-04-08 09:39:37 [INFO] src.pomo_trainer:   batch 60/625 (9.6%)  loss=461.4802  avg_reward=2331.38  penalty_ratio=0.00%  eta=296.1s
2026-04-08 09:39:40 [INFO] src.pomo_trainer:   batch 70/625 (11.2%)  loss=6.8612  avg_reward=2296.66  penalty_ratio=0.00%  eta=271.1s
2026-04-08 09:39:47 [INFO] src.pomo_trainer:   batch 80/625 (12.8%)  loss=-20.1092  avg_reward=2565.20  penalty_ratio=0.00%  eta=278.7s
2026-04-08 09:39:52 [INFO] src.pomo_trainer:   batch 90/625 (14.4%)  loss=-0.0000  avg_reward=-1291.04  penalty_ratio=0.00%  eta=273.0s
2026-04-08 09:39:57 [INFO] src.pomo_trainer:   batch 100/625 (16.0%)  loss=242.7437  avg_reward=2991.46  penalty_ratio=0.00%  eta=268.6s
2026-04-08 09:40:02 [INFO] src.pomo_trainer:   batch 110/625 (17.6%)  loss=-0.2451  avg_reward=-385.46  penalty_ratio=0.00%  eta=262.1s
2026-04-08 09:40:07 [INFO] src.pomo_trainer:   batch 120/625 (19.2%)  loss=-4.2078  avg_reward=2042.21  penalty_ratio=0.00%  eta=260.2s
2026-04-08 09:40:13 [INFO] src.pomo_trainer:   batch 130/625 (20.8%)  loss=222.2081  avg_reward=1306.71  penalty_ratio=0.00%  eta=255.4s
2026-04-08 09:40:18 [INFO] src.pomo_trainer:   batch 140/625 (22.4%)  loss=87.4678  avg_reward=1522.98  penalty_ratio=0.00%  eta=250.3s
2026-04-08 09:40:23 [INFO] src.pomo_trainer:   batch 150/625 (24.0%)  loss=283.9262  avg_reward=2178.95  penalty_ratio=0.00%  eta=244.6s
2026-04-08 09:40:30 [INFO] src.pomo_trainer:   batch 160/625 (25.6%)  loss=380.7782  avg_reward=1857.26  penalty_ratio=0.00%  eta=244.7s
2026-04-08 09:40:34 [INFO] src.pomo_trainer:   batch 170/625 (27.2%)  loss=131.9086  avg_reward=3306.26  penalty_ratio=0.00%  eta=236.8s
2026-04-08 09:40:40 [INFO] src.pomo_trainer:   batch 180/625 (28.8%)  loss=216.7527  avg_reward=2613.25  penalty_ratio=0.00%  eta=232.6s
2026-04-08 09:40:46 [INFO] src.pomo_trainer:   batch 190/625 (30.4%)  loss=-95.9580  avg_reward=2432.40  penalty_ratio=0.00%  eta=230.6s
2026-04-08 09:40:51 [INFO] src.pomo_trainer:   batch 200/625 (32.0%)  loss=291.6444  avg_reward=1914.25  penalty_ratio=0.00%  eta=223.9s
2026-04-08 09:40:57 [INFO] src.pomo_trainer:   batch 210/625 (33.6%)  loss=-29.6304  avg_reward=2626.90  penalty_ratio=0.00%  eta=219.3s
2026-04-08 09:41:01 [INFO] src.pomo_trainer:   batch 220/625 (35.2%)  loss=1.7824  avg_reward=490.48  penalty_ratio=0.00%  eta=212.0s
2026-04-08 09:41:06 [INFO] src.pomo_trainer:   batch 230/625 (36.8%)  loss=378.4705  avg_reward=3316.47  penalty_ratio=0.00%  eta=206.2s
2026-04-08 09:41:11 [INFO] src.pomo_trainer:   batch 240/625 (38.4%)  loss=461.2864  avg_reward=3175.96  penalty_ratio=0.00%  eta=201.0s
2026-04-08 09:41:17 [INFO] src.pomo_trainer:   batch 250/625 (40.0%)  loss=410.7899  avg_reward=2071.18  penalty_ratio=0.00%  eta=196.6s
2026-04-08 09:41:21 [INFO] src.pomo_trainer:   batch 260/625 (41.6%)  loss=31.1033  avg_reward=1357.55  penalty_ratio=0.00%  eta=189.5s
2026-04-08 09:41:26 [INFO] src.pomo_trainer:   batch 270/625 (43.2%)  loss=5.1887  avg_reward=225.06  penalty_ratio=0.00%  eta=184.3s
2026-04-08 09:41:31 [INFO] src.pomo_trainer:   batch 280/625 (44.8%)  loss=327.1992  avg_reward=2168.03  penalty_ratio=0.00%  eta=179.5s
2026-04-08 09:41:35 [INFO] src.pomo_trainer:   batch 290/625 (46.4%)  loss=-3.5324  avg_reward=-1029.14  penalty_ratio=0.00%  eta=172.1s
2026-04-08 09:41:41 [INFO] src.pomo_trainer:   batch 300/625 (48.0%)  loss=-14.8145  avg_reward=3812.00  penalty_ratio=0.00%  eta=168.7s
2026-04-08 09:41:45 [INFO] src.pomo_trainer:   batch 310/625 (49.6%)  loss=-20.8604  avg_reward=849.60  penalty_ratio=0.00%  eta=162.1s
2026-04-08 09:41:52 [INFO] src.pomo_trainer:   batch 320/625 (51.2%)  loss=171.1462  avg_reward=2275.66  penalty_ratio=0.00%  eta=158.5s
2026-04-08 09:41:57 [INFO] src.pomo_trainer:   batch 330/625 (52.8%)  loss=269.0070  avg_reward=1671.82  penalty_ratio=0.00%  eta=153.3s
2026-04-08 09:42:03 [INFO] src.pomo_trainer:   batch 340/625 (54.4%)  loss=-0.0000  avg_reward=-1418.12  penalty_ratio=0.00%  eta=148.3s
2026-04-08 09:42:06 [INFO] src.pomo_trainer:   batch 350/625 (56.0%)  loss=-0.0000  avg_reward=-508.67  penalty_ratio=0.00%  eta=141.5s
2026-04-08 09:42:13 [INFO] src.pomo_trainer:   batch 360/625 (57.6%)  loss=265.5076  avg_reward=2086.11  penalty_ratio=0.00%  eta=137.7s
2026-04-08 09:42:18 [INFO] src.pomo_trainer:   batch 370/625 (59.2%)  loss=368.4328  avg_reward=2456.51  penalty_ratio=0.00%  eta=132.7s
2026-04-08 09:42:23 [INFO] src.pomo_trainer:   batch 380/625 (60.8%)  loss=-0.0000  avg_reward=-1121.68  penalty_ratio=0.00%  eta=127.3s
2026-04-08 09:42:30 [INFO] src.pomo_trainer:   batch 390/625 (62.4%)  loss=0.7216  avg_reward=1246.43  penalty_ratio=0.00%  eta=123.2s
2026-04-08 09:42:37 [INFO] src.pomo_trainer:   batch 400/625 (64.0%)  loss=291.4056  avg_reward=2347.61  penalty_ratio=0.00%  eta=118.6s
2026-04-08 09:42:43 [INFO] src.pomo_trainer:   batch 410/625 (65.6%)  loss=0.3208  avg_reward=-264.10  penalty_ratio=0.00%  eta=113.8s
2026-04-08 09:42:47 [INFO] src.pomo_trainer:   batch 420/625 (67.2%)  loss=317.0854  avg_reward=1882.16  penalty_ratio=0.00%  eta=107.9s
2026-04-08 09:42:52 [INFO] src.pomo_trainer:   batch 430/625 (68.8%)  loss=262.6973  avg_reward=2213.80  penalty_ratio=0.00%  eta=102.8s
2026-04-08 09:42:57 [INFO] src.pomo_trainer:   batch 440/625 (70.4%)  loss=131.9924  avg_reward=1752.00  penalty_ratio=0.00%  eta=97.4s
2026-04-08 09:43:03 [INFO] src.pomo_trainer:   batch 450/625 (72.0%)  loss=-48.4997  avg_reward=808.22  penalty_ratio=0.00%  eta=92.5s
2026-04-08 09:43:08 [INFO] src.pomo_trainer:   batch 460/625 (73.6%)  loss=-30.7193  avg_reward=1369.30  penalty_ratio=0.00%  eta=87.0s
2026-04-08 09:43:13 [INFO] src.pomo_trainer:   batch 470/625 (75.2%)  loss=236.2803  avg_reward=1418.52  penalty_ratio=0.00%  eta=81.6s
2026-04-08 09:43:17 [INFO] src.pomo_trainer:   batch 480/625 (76.8%)  loss=463.2376  avg_reward=2609.37  penalty_ratio=0.00%  eta=76.0s
2026-04-08 09:43:23 [INFO] src.pomo_trainer:   batch 490/625 (78.4%)  loss=200.0755  avg_reward=1589.16  penalty_ratio=0.00%  eta=70.8s
2026-04-08 09:43:27 [INFO] src.pomo_trainer:   batch 500/625 (80.0%)  loss=15.3711  avg_reward=1546.24  penalty_ratio=0.00%  eta=65.4s
2026-04-08 09:43:31 [INFO] src.pomo_trainer:   batch 510/625 (81.6%)  loss=43.1021  avg_reward=3954.15  penalty_ratio=0.00%  eta=59.9s
2026-04-08 09:43:37 [INFO] src.pomo_trainer:   batch 520/625 (83.2%)  loss=-40.7187  avg_reward=2752.72  penalty_ratio=0.00%  eta=54.8s
2026-04-08 09:43:41 [INFO] src.pomo_trainer:   batch 530/625 (84.8%)  loss=5.1507  avg_reward=351.43  penalty_ratio=0.00%  eta=49.3s
2026-04-08 09:43:46 [INFO] src.pomo_trainer:   batch 540/625 (86.4%)  loss=42.6767  avg_reward=2170.98  penalty_ratio=0.00%  eta=44.2s
2026-04-08 09:43:50 [INFO] src.pomo_trainer:   batch 550/625 (88.0%)  loss=0.0579  avg_reward=-251.12  penalty_ratio=0.00%  eta=38.8s
2026-04-08 09:43:56 [INFO] src.pomo_trainer:   batch 560/625 (89.6%)  loss=27.5679  avg_reward=1630.92  penalty_ratio=0.00%  eta=33.8s
2026-04-08 09:44:02 [INFO] src.pomo_trainer:   batch 570/625 (91.2%)  loss=458.7711  avg_reward=2319.28  penalty_ratio=0.00%  eta=28.6s
2026-04-08 09:44:08 [INFO] src.pomo_trainer:   batch 580/625 (92.8%)  loss=74.0189  avg_reward=1162.66  penalty_ratio=0.00%  eta=23.4s
2026-04-08 09:44:14 [INFO] src.pomo_trainer:   batch 590/625 (94.4%)  loss=45.5494  avg_reward=3838.41  penalty_ratio=0.00%  eta=18.3s
2026-04-08 09:44:20 [INFO] src.pomo_trainer:   batch 600/625 (96.0%)  loss=215.1906  avg_reward=2348.85  penalty_ratio=0.00%  eta=13.1s
2026-04-08 09:44:26 [INFO] src.pomo_trainer:   batch 610/625 (97.6%)  loss=29.7334  avg_reward=1646.74  penalty_ratio=0.00%  eta=7.9s
2026-04-08 09:44:32 [INFO] src.pomo_trainer:   batch 620/625 (99.2%)  loss=56.0337  avg_reward=1176.50  penalty_ratio=0.00%  eta=2.6s
2026-04-08 09:44:35 [INFO] __main__: Epoch 4  stage=main  loss=109.233362  reward=1738.49  var=253760.66  penalty=0.00%  mem_max=nan%
2026-04-08 09:44:35 [INFO] __main__: Training progress: 4/1000 (0.4%)  elapsed=746.1s  eta=185785.3s
2026-04-08 09:44:35 [INFO] __main__: 
--- Epoch 5 / 1000 ---
2026-04-08 09:44:42 [INFO] src.pomo_trainer:   batch 10/625 (1.6%)  loss=325.6133  avg_reward=2155.11  penalty_ratio=0.00%  eta=407.9s
2026-04-08 09:44:48 [INFO] src.pomo_trainer:   batch 20/625 (3.2%)  loss=24.7789  avg_reward=1321.00  penalty_ratio=0.00%  eta=387.2s
2026-04-08 09:44:51 [INFO] src.pomo_trainer:   batch 30/625 (4.8%)  loss=16.3996  avg_reward=2141.25  penalty_ratio=0.00%  eta=315.9s
2026-04-08 09:44:55 [INFO] src.pomo_trainer:   batch 40/625 (6.4%)  loss=19.0453  avg_reward=2465.02  penalty_ratio=0.00%  eta=294.8s
2026-04-08 09:45:01 [INFO] src.pomo_trainer:   batch 50/625 (8.0%)  loss=-8.7091  avg_reward=1144.25  penalty_ratio=0.00%  eta=298.3s
2026-04-08 09:45:05 [INFO] src.pomo_trainer:   batch 60/625 (9.6%)  loss=-4.9875  avg_reward=685.98  penalty_ratio=0.00%  eta=284.9s
2026-04-08 09:45:11 [INFO] src.pomo_trainer:   batch 70/625 (11.2%)  loss=345.1346  avg_reward=3938.69  penalty_ratio=0.00%  eta=288.8s
2026-04-08 09:45:19 [INFO] src.pomo_trainer:   batch 80/625 (12.8%)  loss=-4.9914  avg_reward=2972.25  penalty_ratio=0.00%  eta=296.9s
2026-04-08 09:45:25 [INFO] src.pomo_trainer:   batch 90/625 (14.4%)  loss=-23.8376  avg_reward=3601.65  penalty_ratio=0.00%  eta=300.0s
2026-04-08 09:45:32 [INFO] src.pomo_trainer:   batch 100/625 (16.0%)  loss=-56.8032  avg_reward=3759.93  penalty_ratio=0.00%  eta=298.4s
2026-04-08 09:45:38 [INFO] src.pomo_trainer:   batch 110/625 (17.6%)  loss=-0.1940  avg_reward=-127.62  penalty_ratio=0.00%  eta=295.1s
2026-04-08 09:45:45 [INFO] src.pomo_trainer:   batch 120/625 (19.2%)  loss=252.5994  avg_reward=1660.56  penalty_ratio=0.00%  eta=294.2s
2026-04-08 09:45:51 [INFO] src.pomo_trainer:   batch 130/625 (20.8%)  loss=264.8203  avg_reward=2179.91  penalty_ratio=0.00%  eta=288.8s
2026-04-08 09:45:56 [INFO] src.pomo_trainer:   batch 140/625 (22.4%)  loss=142.6212  avg_reward=2267.24  penalty_ratio=0.00%  eta=280.1s
2026-04-08 09:46:02 [INFO] src.pomo_trainer:   batch 150/625 (24.0%)  loss=9.7326  avg_reward=1505.66  penalty_ratio=0.00%  eta=275.2s
2026-04-08 09:46:08 [INFO] src.pomo_trainer:   batch 160/625 (25.6%)  loss=457.4019  avg_reward=1927.95  penalty_ratio=0.00%  eta=271.5s
2026-04-08 09:46:13 [INFO] src.pomo_trainer:   batch 170/625 (27.2%)  loss=-0.0317  avg_reward=-285.40  penalty_ratio=0.00%  eta=262.3s
2026-04-08 09:46:17 [INFO] src.pomo_trainer:   batch 180/625 (28.8%)  loss=298.9888  avg_reward=2154.08  penalty_ratio=0.00%  eta=251.4s
2026-04-08 09:46:22 [INFO] src.pomo_trainer:   batch 190/625 (30.4%)  loss=423.8813  avg_reward=2387.50  penalty_ratio=0.00%  eta=245.9s
2026-04-08 09:46:27 [INFO] src.pomo_trainer:   batch 200/625 (32.0%)  loss=-10.6856  avg_reward=1468.58  penalty_ratio=0.00%  eta=238.6s
2026-04-08 09:46:33 [INFO] src.pomo_trainer:   batch 210/625 (33.6%)  loss=318.0833  avg_reward=2615.63  penalty_ratio=0.00%  eta=232.5s
2026-04-08 09:46:40 [INFO] src.pomo_trainer:   batch 220/625 (35.2%)  loss=202.2198  avg_reward=1715.44  penalty_ratio=0.00%  eta=229.4s
2026-04-08 09:46:44 [INFO] src.pomo_trainer:   batch 230/625 (36.8%)  loss=0.0002  avg_reward=93.57  penalty_ratio=0.00%  eta=221.0s
2026-04-08 09:46:51 [INFO] src.pomo_trainer:   batch 240/625 (38.4%)  loss=77.5826  avg_reward=933.99  penalty_ratio=0.00%  eta=218.4s
2026-04-08 09:46:57 [INFO] src.pomo_trainer:   batch 250/625 (40.0%)  loss=143.0463  avg_reward=1894.84  penalty_ratio=0.00%  eta=212.7s
2026-04-08 09:47:02 [INFO] src.pomo_trainer:   batch 260/625 (41.6%)  loss=189.0892  avg_reward=1804.47  penalty_ratio=0.00%  eta=205.7s
2026-04-08 09:47:07 [INFO] src.pomo_trainer:   batch 270/625 (43.2%)  loss=315.9478  avg_reward=3245.33  penalty_ratio=0.00%  eta=200.1s
2026-04-08 09:47:13 [INFO] src.pomo_trainer:   batch 280/625 (44.8%)  loss=-2.5302  avg_reward=2199.36  penalty_ratio=0.00%  eta=195.0s
2026-04-08 09:47:18 [INFO] src.pomo_trainer:   batch 290/625 (46.4%)  loss=7.6897  avg_reward=731.68  penalty_ratio=0.00%  eta=188.4s
2026-04-08 09:47:24 [INFO] src.pomo_trainer:   batch 300/625 (48.0%)  loss=349.4793  avg_reward=2011.44  penalty_ratio=0.00%  eta=182.7s
2026-04-08 09:47:29 [INFO] src.pomo_trainer:   batch 310/625 (49.6%)  loss=186.3973  avg_reward=1956.17  penalty_ratio=0.00%  eta=177.0s
2026-04-08 09:47:37 [INFO] src.pomo_trainer:   batch 320/625 (51.2%)  loss=146.2013  avg_reward=2848.45  penalty_ratio=0.00%  eta=173.2s
2026-04-08 09:47:42 [INFO] src.pomo_trainer:   batch 330/625 (52.8%)  loss=-1.0750  avg_reward=32.84  penalty_ratio=0.00%  eta=167.1s
2026-04-08 09:47:46 [INFO] src.pomo_trainer:   batch 340/625 (54.4%)  loss=-31.1353  avg_reward=4304.57  penalty_ratio=0.00%  eta=160.0s
2026-04-08 09:47:52 [INFO] src.pomo_trainer:   batch 350/625 (56.0%)  loss=-48.4064  avg_reward=2130.38  penalty_ratio=0.00%  eta=154.8s
2026-04-08 09:47:58 [INFO] src.pomo_trainer:   batch 360/625 (57.6%)  loss=-33.5018  avg_reward=3049.58  penalty_ratio=0.00%  eta=149.7s
2026-04-08 09:48:02 [INFO] src.pomo_trainer:   batch 370/625 (59.2%)  loss=109.4655  avg_reward=816.41  penalty_ratio=0.00%  eta=142.9s
2026-04-08 09:48:07 [INFO] src.pomo_trainer:   batch 380/625 (60.8%)  loss=-2.6419  avg_reward=1077.84  penalty_ratio=0.00%  eta=136.6s
2026-04-08 09:48:11 [INFO] src.pomo_trainer:   batch 390/625 (62.4%)  loss=0.0410  avg_reward=26.28  penalty_ratio=0.00%  eta=130.3s
2026-04-08 09:48:18 [INFO] src.pomo_trainer:   batch 400/625 (64.0%)  loss=331.7902  avg_reward=1201.94  penalty_ratio=0.00%  eta=125.6s
2026-04-08 09:48:24 [INFO] src.pomo_trainer:   batch 410/625 (65.6%)  loss=-4.2921  avg_reward=2785.94  penalty_ratio=0.00%  eta=120.3s
2026-04-08 09:48:29 [INFO] src.pomo_trainer:   batch 420/625 (67.2%)  loss=-3.7475  avg_reward=310.38  penalty_ratio=0.00%  eta=114.0s
2026-04-08 09:48:34 [INFO] src.pomo_trainer:   batch 430/625 (68.8%)  loss=171.9510  avg_reward=1935.31  penalty_ratio=0.00%  eta=108.5s
2026-04-08 09:48:40 [INFO] src.pomo_trainer:   batch 440/625 (70.4%)  loss=205.7462  avg_reward=2414.99  penalty_ratio=0.00%  eta=103.2s
2026-04-08 09:48:48 [INFO] src.pomo_trainer:   batch 450/625 (72.0%)  loss=155.7978  avg_reward=2119.82  penalty_ratio=0.00%  eta=98.4s
2026-04-08 09:48:52 [INFO] src.pomo_trainer:   batch 460/625 (73.6%)  loss=-29.5066  avg_reward=627.74  penalty_ratio=0.00%  eta=92.3s
2026-04-08 09:48:57 [INFO] src.pomo_trainer:   batch 470/625 (75.2%)  loss=26.5060  avg_reward=1382.76  penalty_ratio=0.00%  eta=86.5s
2026-04-08 09:49:02 [INFO] src.pomo_trainer:   batch 480/625 (76.8%)  loss=5.3713  avg_reward=263.90  penalty_ratio=0.00%  eta=80.8s
2026-04-08 09:49:08 [INFO] src.pomo_trainer:   batch 490/625 (78.4%)  loss=-36.7858  avg_reward=3964.84  penalty_ratio=0.00%  eta=75.3s
2026-04-08 09:49:13 [INFO] src.pomo_trainer:   batch 500/625 (80.0%)  loss=50.9231  avg_reward=1814.30  penalty_ratio=0.00%  eta=69.6s
2026-04-08 09:49:18 [INFO] src.pomo_trainer:   batch 510/625 (81.6%)  loss=185.3710  avg_reward=1847.42  penalty_ratio=0.00%  eta=63.8s
2026-04-08 09:49:23 [INFO] src.pomo_trainer:   batch 520/625 (83.2%)  loss=-10.6774  avg_reward=48.17  penalty_ratio=0.00%  eta=58.1s
2026-04-08 09:49:28 [INFO] src.pomo_trainer:   batch 530/625 (84.8%)  loss=290.0382  avg_reward=3703.54  penalty_ratio=0.00%  eta=52.5s
2026-04-08 09:49:34 [INFO] src.pomo_trainer:   batch 540/625 (86.4%)  loss=4.3369  avg_reward=1941.22  penalty_ratio=0.00%  eta=47.1s
2026-04-08 09:49:40 [INFO] src.pomo_trainer:   batch 550/625 (88.0%)  loss=297.7223  avg_reward=2678.82  penalty_ratio=0.00%  eta=41.6s
2026-04-08 09:49:46 [INFO] src.pomo_trainer:   batch 560/625 (89.6%)  loss=-0.0000  avg_reward=-1142.78  penalty_ratio=0.00%  eta=36.0s
2026-04-08 09:49:51 [INFO] src.pomo_trainer:   batch 570/625 (91.2%)  loss=-13.6399  avg_reward=2892.94  penalty_ratio=0.00%  eta=30.5s
2026-04-08 09:49:57 [INFO] src.pomo_trainer:   batch 580/625 (92.8%)  loss=-23.0449  avg_reward=11.01  penalty_ratio=0.00%  eta=25.0s
2026-04-08 09:50:03 [INFO] src.pomo_trainer:   batch 590/625 (94.4%)  loss=154.0803  avg_reward=1975.02  penalty_ratio=0.00%  eta=19.5s
2026-04-08 09:50:07 [INFO] src.pomo_trainer:   batch 600/625 (96.0%)  loss=3.5295  avg_reward=334.57  penalty_ratio=0.00%  eta=13.8s
2026-04-08 09:50:11 [INFO] src.pomo_trainer:   batch 610/625 (97.6%)  loss=-0.0000  avg_reward=-468.19  penalty_ratio=0.00%  eta=8.3s
2026-04-08 09:50:16 [INFO] src.pomo_trainer:   batch 620/625 (99.2%)  loss=274.4294  avg_reward=2241.24  penalty_ratio=0.00%  eta=2.7s
2026-04-08 09:50:19 [INFO] __main__: Epoch 5  stage=main  loss=94.068302  reward=1899.75  var=252047.21  penalty=0.00%  mem_max=nan%
2026-04-08 09:50:19 [INFO] __main__: Training progress: 5/1000 (0.5%)  elapsed=1090.6s  eta=217023.9s
2026-04-08 09:50:31 [INFO] __main__: Validation reward (all stages): 1212.2312
2026-04-08 09:50:32 [INFO] __main__: Saved best model (val_reward=1212.2312)
2026-04-08 09:50:32 [INFO] __main__: 
--- Epoch 6 / 1000 ---
2026-04-08 09:50:38 [INFO] src.pomo_trainer:   batch 10/625 (1.6%)  loss=-2.0358  avg_reward=189.37  penalty_ratio=0.00%  eta=421.4s
2026-04-08 09:50:44 [INFO] src.pomo_trainer:   batch 20/625 (3.2%)  loss=-19.0832  avg_reward=2104.53  penalty_ratio=0.00%  eta=376.8s
2026-04-08 09:50:49 [INFO] src.pomo_trainer:   batch 30/625 (4.8%)  loss=202.2393  avg_reward=1895.98  penalty_ratio=0.00%  eta=354.0s
2026-04-08 09:50:55 [INFO] src.pomo_trainer:   batch 40/625 (6.4%)  loss=2.7132  avg_reward=629.25  penalty_ratio=0.00%  eta=340.4s
2026-04-08 09:51:00 [INFO] src.pomo_trainer:   batch 50/625 (8.0%)  loss=21.7626  avg_reward=1431.19  penalty_ratio=0.00%  eta=330.5s
2026-04-08 09:51:06 [INFO] src.pomo_trainer:   batch 60/625 (9.6%)  loss=254.0961  avg_reward=2333.88  penalty_ratio=0.00%  eta=324.8s
2026-04-08 09:51:12 [INFO] src.pomo_trainer:   batch 70/625 (11.2%)  loss=19.0038  avg_reward=2145.37  penalty_ratio=0.00%  eta=317.0s
2026-04-08 09:51:18 [INFO] src.pomo_trainer:   batch 80/625 (12.8%)  loss=179.3327  avg_reward=1845.69  penalty_ratio=0.00%  eta=313.8s
2026-04-08 09:51:23 [INFO] src.pomo_trainer:   batch 90/625 (14.4%)  loss=-18.9468  avg_reward=886.69  penalty_ratio=0.00%  eta=304.7s
2026-04-08 09:51:29 [INFO] src.pomo_trainer:   batch 100/625 (16.0%)  loss=296.0534  avg_reward=3697.53  penalty_ratio=0.00%  eta=299.6s
2026-04-08 09:51:35 [INFO] src.pomo_trainer:   batch 110/625 (17.6%)  loss=-56.1584  avg_reward=4475.23  penalty_ratio=0.00%  eta=298.6s
2026-04-08 09:51:41 [INFO] src.pomo_trainer:   batch 120/625 (19.2%)  loss=259.1834  avg_reward=2289.99  penalty_ratio=0.00%  eta=293.8s
2026-04-08 09:51:46 [INFO] src.pomo_trainer:   batch 130/625 (20.8%)  loss=-20.5807  avg_reward=850.41  penalty_ratio=0.00%  eta=283.5s
2026-04-08 09:51:50 [INFO] src.pomo_trainer:   batch 140/625 (22.4%)  loss=12.9923  avg_reward=908.27  penalty_ratio=0.00%  eta=273.1s
2026-04-08 09:51:57 [INFO] src.pomo_trainer:   batch 150/625 (24.0%)  loss=462.8453  avg_reward=2909.45  penalty_ratio=0.00%  eta=270.7s
2026-04-08 09:52:02 [INFO] src.pomo_trainer:   batch 160/625 (25.6%)  loss=0.1711  avg_reward=2906.24  penalty_ratio=0.00%  eta=262.5s
2026-04-08 09:52:08 [INFO] src.pomo_trainer:   batch 170/625 (27.2%)  loss=-7.6927  avg_reward=2645.86  penalty_ratio=0.00%  eta=256.9s
2026-04-08 09:52:12 [INFO] src.pomo_trainer:   batch 180/625 (28.8%)  loss=152.2950  avg_reward=2327.81  penalty_ratio=0.00%  eta=249.3s
2026-04-08 09:52:18 [INFO] src.pomo_trainer:   batch 190/625 (30.4%)  loss=5.0672  avg_reward=-1127.52  penalty_ratio=0.00%  eta=243.9s
2026-04-08 09:52:23 [INFO] src.pomo_trainer:   batch 200/625 (32.0%)  loss=212.0759  avg_reward=3288.58  penalty_ratio=0.00%  eta=236.2s
2026-04-08 09:52:29 [INFO] src.pomo_trainer:   batch 210/625 (33.6%)  loss=0.5902  avg_reward=-5.25  penalty_ratio=0.00%  eta=231.3s
2026-04-08 09:52:36 [INFO] src.pomo_trainer:   batch 220/625 (35.2%)  loss=82.8605  avg_reward=3735.98  penalty_ratio=0.00%  eta=229.1s
2026-04-08 09:52:41 [INFO] src.pomo_trainer:   batch 230/625 (36.8%)  loss=168.5839  avg_reward=2272.99  penalty_ratio=0.00%  eta=222.9s
2026-04-08 09:52:49 [INFO] src.pomo_trainer:   batch 240/625 (38.4%)  loss=10.7088  avg_reward=1280.42  penalty_ratio=0.00%  eta=220.2s
2026-04-08 09:52:54 [INFO] src.pomo_trainer:   batch 250/625 (40.0%)  loss=237.5213  avg_reward=1986.68  penalty_ratio=0.00%  eta=213.5s
2026-04-08 09:53:00 [INFO] src.pomo_trainer:   batch 260/625 (41.6%)  loss=39.4272  avg_reward=950.78  penalty_ratio=0.00%  eta=208.1s
2026-04-08 09:53:06 [INFO] src.pomo_trainer:   batch 270/625 (43.2%)  loss=242.9389  avg_reward=1387.37  penalty_ratio=0.00%  eta=203.2s
2026-04-08 09:53:13 [INFO] src.pomo_trainer:   batch 280/625 (44.8%)  loss=264.7583  avg_reward=1807.05  penalty_ratio=0.00%  eta=199.0s
2026-04-08 09:53:19 [INFO] src.pomo_trainer:   batch 290/625 (46.4%)  loss=93.7041  avg_reward=1991.23  penalty_ratio=0.00%  eta=193.5s
2026-04-08 09:53:24 [INFO] src.pomo_trainer:   batch 300/625 (48.0%)  loss=17.6125  avg_reward=4026.17  penalty_ratio=0.00%  eta=187.0s
2026-04-08 09:53:29 [INFO] src.pomo_trainer:   batch 310/625 (49.6%)  loss=215.1176  avg_reward=2899.60  penalty_ratio=0.00%  eta=180.6s
2026-04-08 09:53:34 [INFO] src.pomo_trainer:   batch 320/625 (51.2%)  loss=-3.3555  avg_reward=3831.07  penalty_ratio=0.00%  eta=174.2s
2026-04-08 09:53:40 [INFO] src.pomo_trainer:   batch 330/625 (52.8%)  loss=2.0347  avg_reward=2538.30  penalty_ratio=0.00%  eta=168.3s
2026-04-08 09:53:47 [INFO] src.pomo_trainer:   batch 340/625 (54.4%)  loss=171.1420  avg_reward=1800.07  penalty_ratio=0.00%  eta=164.0s
2026-04-08 09:53:53 [INFO] src.pomo_trainer:   batch 350/625 (56.0%)  loss=-20.8692  avg_reward=1243.91  penalty_ratio=0.00%  eta=158.3s
2026-04-08 09:53:59 [INFO] src.pomo_trainer:   batch 360/625 (57.6%)  loss=-6.2921  avg_reward=3609.35  penalty_ratio=0.00%  eta=153.0s
2026-04-08 09:54:04 [INFO] src.pomo_trainer:   batch 370/625 (59.2%)  loss=34.5090  avg_reward=997.44  penalty_ratio=0.00%  eta=146.7s
2026-04-08 09:54:10 [INFO] src.pomo_trainer:   batch 380/625 (60.8%)  loss=-4.3580  avg_reward=704.08  penalty_ratio=0.00%  eta=141.1s
2026-04-08 09:54:15 [INFO] src.pomo_trainer:   batch 390/625 (62.4%)  loss=-1.8163  avg_reward=236.24  penalty_ratio=0.00%  eta=134.5s
2026-04-08 09:54:19 [INFO] src.pomo_trainer:   batch 400/625 (64.0%)  loss=327.9941  avg_reward=3491.08  penalty_ratio=0.00%  eta=128.1s
2026-04-08 09:54:26 [INFO] src.pomo_trainer:   batch 410/625 (65.6%)  loss=318.1792  avg_reward=1749.10  penalty_ratio=0.00%  eta=123.1s
2026-04-08 09:54:31 [INFO] src.pomo_trainer:   batch 420/625 (67.2%)  loss=23.7137  avg_reward=1912.50  penalty_ratio=0.00%  eta=116.9s
2026-04-08 09:54:36 [INFO] src.pomo_trainer:   batch 430/625 (68.8%)  loss=298.0893  avg_reward=3376.49  penalty_ratio=0.00%  eta=111.0s
2026-04-08 09:54:43 [INFO] src.pomo_trainer:   batch 440/625 (70.4%)  loss=152.4291  avg_reward=1252.68  penalty_ratio=0.00%  eta=105.9s
2026-04-08 09:54:49 [INFO] src.pomo_trainer:   batch 450/625 (72.0%)  loss=259.8934  avg_reward=1776.09  penalty_ratio=0.00%  eta=100.0s
2026-04-08 09:54:53 [INFO] src.pomo_trainer:   batch 460/625 (73.6%)  loss=222.1013  avg_reward=2426.27  penalty_ratio=0.00%  eta=93.9s
2026-04-08 09:54:58 [INFO] src.pomo_trainer:   batch 470/625 (75.2%)  loss=0.0384  avg_reward=-4.99  penalty_ratio=0.00%  eta=88.0s
2026-04-08 09:55:04 [INFO] src.pomo_trainer:   batch 480/625 (76.8%)  loss=368.0607  avg_reward=3017.44  penalty_ratio=0.00%  eta=82.3s
2026-04-08 09:55:09 [INFO] src.pomo_trainer:   batch 490/625 (78.4%)  loss=12.6520  avg_reward=3704.71  penalty_ratio=0.00%  eta=76.4s
2026-04-08 09:55:13 [INFO] src.pomo_trainer:   batch 500/625 (80.0%)  loss=19.0049  avg_reward=2485.20  penalty_ratio=0.00%  eta=70.4s
2026-04-08 09:55:18 [INFO] src.pomo_trainer:   batch 510/625 (81.6%)  loss=12.9350  avg_reward=599.06  penalty_ratio=0.00%  eta=64.5s
2026-04-08 09:55:23 [INFO] src.pomo_trainer:   batch 520/625 (83.2%)  loss=-28.0393  avg_reward=5189.91  penalty_ratio=0.00%  eta=58.8s
2026-04-08 09:55:27 [INFO] src.pomo_trainer:   batch 530/625 (84.8%)  loss=-15.5087  avg_reward=883.25  penalty_ratio=0.00%  eta=52.9s
2026-04-08 09:55:30 [INFO] src.pomo_trainer:   batch 540/625 (86.4%)  loss=-7.7716  avg_reward=-87.18  penalty_ratio=0.00%  eta=47.0s
2026-04-08 09:55:37 [INFO] src.pomo_trainer:   batch 550/625 (88.0%)  loss=-20.0820  avg_reward=3825.53  penalty_ratio=0.00%  eta=41.6s
2026-04-08 09:55:41 [INFO] src.pomo_trainer:   batch 560/625 (89.6%)  loss=-5.0517  avg_reward=-567.33  penalty_ratio=0.00%  eta=35.9s
2026-04-08 09:55:46 [INFO] src.pomo_trainer:   batch 570/625 (91.2%)  loss=-6.0534  avg_reward=148.95  penalty_ratio=0.00%  eta=30.4s
2026-04-08 09:55:52 [INFO] src.pomo_trainer:   batch 580/625 (92.8%)  loss=205.6184  avg_reward=2329.93  penalty_ratio=0.00%  eta=24.8s
2026-04-08 09:55:57 [INFO] src.pomo_trainer:   batch 590/625 (94.4%)  loss=-8.7263  avg_reward=-119.94  penalty_ratio=0.00%  eta=19.3s
2026-04-08 09:56:02 [INFO] src.pomo_trainer:   batch 600/625 (96.0%)  loss=101.0296  avg_reward=2380.75  penalty_ratio=0.00%  eta=13.8s
2026-04-08 09:56:07 [INFO] src.pomo_trainer:   batch 610/625 (97.6%)  loss=-24.6071  avg_reward=2841.77  penalty_ratio=0.00%  eta=8.2s
2026-04-08 09:56:13 [INFO] src.pomo_trainer:   batch 620/625 (99.2%)  loss=249.3414  avg_reward=3630.63  penalty_ratio=0.00%  eta=2.8s
2026-04-08 09:56:17 [INFO] __main__: Epoch 6  stage=main  loss=101.851690  reward=1864.99  var=253288.39  penalty=0.00%  mem_max=nan%
2026-04-08 09:56:17 [INFO] __main__: Training progress: 6/1000 (0.6%)  elapsed=1448.6s  eta=239988.4s
2026-04-08 09:56:17 [INFO] __main__: 
--- Epoch 7 / 1000 ---
2026-04-08 09:56:25 [INFO] src.pomo_trainer:   batch 10/625 (1.6%)  loss=231.5311  avg_reward=2642.51  penalty_ratio=0.00%  eta=457.0s
2026-04-08 09:56:29 [INFO] src.pomo_trainer:   batch 20/625 (3.2%)  loss=57.9798  avg_reward=2090.28  penalty_ratio=0.00%  eta=358.4s
2026-04-08 09:56:34 [INFO] src.pomo_trainer:   batch 30/625 (4.8%)  loss=-0.9788  avg_reward=-1063.42  penalty_ratio=0.00%  eta=331.7s
2026-04-08 09:56:40 [INFO] src.pomo_trainer:   batch 40/625 (6.4%)  loss=189.7570  avg_reward=2035.21  penalty_ratio=0.00%  eta=330.2s
2026-04-08 09:56:46 [INFO] src.pomo_trainer:   batch 50/625 (8.0%)  loss=39.8365  avg_reward=1607.98  penalty_ratio=0.00%  eta=322.9s
2026-04-08 09:56:52 [INFO] src.pomo_trainer:   batch 60/625 (9.6%)  loss=27.6137  avg_reward=1318.89  penalty_ratio=0.00%  eta=324.6s
2026-04-08 09:56:58 [INFO] src.pomo_trainer:   batch 70/625 (11.2%)  loss=330.9478  avg_reward=2064.51  penalty_ratio=0.00%  eta=323.2s
2026-04-08 09:57:04 [INFO] src.pomo_trainer:   batch 80/625 (12.8%)  loss=52.9592  avg_reward=2508.81  penalty_ratio=0.00%  eta=315.4s
2026-04-08 09:57:10 [INFO] src.pomo_trainer:   batch 90/625 (14.4%)  loss=284.9530  avg_reward=3273.71  penalty_ratio=0.00%  eta=313.2s
2026-04-08 09:57:15 [INFO] src.pomo_trainer:   batch 100/625 (16.0%)  loss=-12.1550  avg_reward=2348.39  penalty_ratio=0.00%  eta=302.5s
2026-04-08 09:57:21 [INFO] src.pomo_trainer:   batch 110/625 (17.6%)  loss=-0.6704  avg_reward=625.46  penalty_ratio=0.00%  eta=299.4s
2026-04-08 09:57:26 [INFO] src.pomo_trainer:   batch 120/625 (19.2%)  loss=98.2358  avg_reward=2431.93  penalty_ratio=0.00%  eta=288.9s
2026-04-08 09:57:31 [INFO] src.pomo_trainer:   batch 130/625 (20.8%)  loss=153.2892  avg_reward=2727.65  penalty_ratio=0.00%  eta=278.8s
2026-04-08 09:57:37 [INFO] src.pomo_trainer:   batch 140/625 (22.4%)  loss=311.5250  avg_reward=2187.46  penalty_ratio=0.00%  eta=273.9s
2026-04-08 09:57:42 [INFO] src.pomo_trainer:   batch 150/625 (24.0%)  loss=121.6920  avg_reward=2441.64  penalty_ratio=0.00%  eta=266.3s
2026-04-08 09:57:48 [INFO] src.pomo_trainer:   batch 160/625 (25.6%)  loss=289.5486  avg_reward=2939.30  penalty_ratio=0.00%  eta=264.1s
2026-04-08 09:57:54 [INFO] src.pomo_trainer:   batch 170/625 (27.2%)  loss=250.6144  avg_reward=1839.18  penalty_ratio=0.00%  eta=257.6s
2026-04-08 09:58:00 [INFO] src.pomo_trainer:   batch 180/625 (28.8%)  loss=-0.1048  avg_reward=7.30  penalty_ratio=0.00%  eta=253.4s
2026-04-08 09:58:05 [INFO] src.pomo_trainer:   batch 190/625 (30.4%)  loss=19.9719  avg_reward=565.36  penalty_ratio=0.00%  eta=245.8s
2026-04-08 09:58:11 [INFO] src.pomo_trainer:   batch 200/625 (32.0%)  loss=166.7806  avg_reward=3215.74  penalty_ratio=0.00%  eta=240.9s
2026-04-08 09:58:18 [INFO] src.pomo_trainer:   batch 210/625 (33.6%)  loss=208.1688  avg_reward=3334.14  penalty_ratio=0.00%  eta=237.8s
2026-04-08 09:58:24 [INFO] src.pomo_trainer:   batch 220/625 (35.2%)  loss=-15.7204  avg_reward=3864.92  penalty_ratio=0.00%  eta=233.6s
2026-04-08 09:58:29 [INFO] src.pomo_trainer:   batch 230/625 (36.8%)  loss=297.6732  avg_reward=1818.28  penalty_ratio=0.00%  eta=226.1s
2026-04-08 09:58:36 [INFO] src.pomo_trainer:   batch 240/625 (38.4%)  loss=172.1326  avg_reward=2230.53  penalty_ratio=0.00%  eta=221.7s
2026-04-08 09:58:41 [INFO] src.pomo_trainer:   batch 250/625 (40.0%)  loss=64.1658  avg_reward=1504.56  penalty_ratio=0.00%  eta=215.9s
2026-04-08 09:58:48 [INFO] src.pomo_trainer:   batch 260/625 (41.6%)  loss=204.2309  avg_reward=2842.43  penalty_ratio=0.00%  eta=210.8s
2026-04-08 09:58:53 [INFO] src.pomo_trainer:   batch 270/625 (43.2%)  loss=-1.7421  avg_reward=31.95  penalty_ratio=0.00%  eta=204.0s
2026-04-08 09:58:59 [INFO] src.pomo_trainer:   batch 280/625 (44.8%)  loss=211.0687  avg_reward=2413.76  penalty_ratio=0.00%  eta=199.2s
2026-04-08 09:59:06 [INFO] src.pomo_trainer:   batch 290/625 (46.4%)  loss=172.2035  avg_reward=2737.55  penalty_ratio=0.00%  eta=194.2s
2026-04-08 09:59:11 [INFO] src.pomo_trainer:   batch 300/625 (48.0%)  loss=-0.3286  avg_reward=127.88  penalty_ratio=0.00%  eta=187.5s
2026-04-08 09:59:16 [INFO] src.pomo_trainer:   batch 310/625 (49.6%)  loss=295.3566  avg_reward=1702.08  penalty_ratio=0.00%  eta=181.8s
2026-04-08 09:59:20 [INFO] src.pomo_trainer:   batch 320/625 (51.2%)  loss=-10.8930  avg_reward=1036.04  penalty_ratio=0.00%  eta=174.2s
2026-04-08 09:59:26 [INFO] src.pomo_trainer:   batch 330/625 (52.8%)  loss=-6.5509  avg_reward=587.15  penalty_ratio=0.00%  eta=168.1s
2026-04-08 09:59:31 [INFO] src.pomo_trainer:   batch 340/625 (54.4%)  loss=464.4526  avg_reward=3005.39  penalty_ratio=0.00%  eta=162.1s
2026-04-08 09:59:36 [INFO] src.pomo_trainer:   batch 350/625 (56.0%)  loss=-1.1997  avg_reward=416.23  penalty_ratio=0.00%  eta=156.2s
2026-04-08 09:59:42 [INFO] src.pomo_trainer:   batch 360/625 (57.6%)  loss=31.2007  avg_reward=1555.20  penalty_ratio=0.00%  eta=150.8s
2026-04-08 09:59:48 [INFO] src.pomo_trainer:   batch 370/625 (59.2%)  loss=278.0886  avg_reward=1469.24  penalty_ratio=0.00%  eta=145.2s
2026-04-08 09:59:53 [INFO] src.pomo_trainer:   batch 380/625 (60.8%)  loss=10.4107  avg_reward=1269.66  penalty_ratio=0.00%  eta=138.7s
2026-04-08 09:59:57 [INFO] src.pomo_trainer:   batch 390/625 (62.4%)  loss=12.6692  avg_reward=810.22  penalty_ratio=0.00%  eta=132.1s
2026-04-08 10:00:03 [INFO] src.pomo_trainer:   batch 400/625 (64.0%)  loss=70.4388  avg_reward=2305.54  penalty_ratio=0.00%  eta=126.6s
2026-04-08 10:00:09 [INFO] src.pomo_trainer:   batch 410/625 (65.6%)  loss=-40.8619  avg_reward=4787.42  penalty_ratio=0.00%  eta=121.3s
2026-04-08 10:00:16 [INFO] src.pomo_trainer:   batch 420/625 (67.2%)  loss=247.6831  avg_reward=2370.98  penalty_ratio=0.00%  eta=116.2s
2026-04-08 10:00:20 [INFO] src.pomo_trainer:   batch 430/625 (68.8%)  loss=0.0592  avg_reward=-9.81  penalty_ratio=0.00%  eta=109.9s
2026-04-08 10:00:25 [INFO] src.pomo_trainer:   batch 440/625 (70.4%)  loss=-1.3531  avg_reward=135.09  penalty_ratio=0.00%  eta=104.2s
2026-04-08 10:00:32 [INFO] src.pomo_trainer:   batch 450/625 (72.0%)  loss=10.2428  avg_reward=950.47  penalty_ratio=0.00%  eta=98.9s
2026-04-08 10:00:38 [INFO] src.pomo_trainer:   batch 460/625 (73.6%)  loss=-35.5932  avg_reward=3660.74  penalty_ratio=0.00%  eta=93.6s
2026-04-08 10:00:44 [INFO] src.pomo_trainer:   batch 470/625 (75.2%)  loss=198.4041  avg_reward=1626.73  penalty_ratio=0.00%  eta=87.9s
2026-04-08 10:00:48 [INFO] src.pomo_trainer:   batch 480/625 (76.8%)  loss=-48.3065  avg_reward=3175.29  penalty_ratio=0.00%  eta=81.6s
2026-04-08 10:00:53 [INFO] src.pomo_trainer:   batch 490/625 (78.4%)  loss=2.2418  avg_reward=2505.25  penalty_ratio=0.00%  eta=75.8s
2026-04-08 10:00:59 [INFO] src.pomo_trainer:   batch 500/625 (80.0%)  loss=298.6578  avg_reward=1900.84  penalty_ratio=0.00%  eta=70.4s
2026-04-08 10:01:03 [INFO] src.pomo_trainer:   batch 510/625 (81.6%)  loss=217.1775  avg_reward=1726.50  penalty_ratio=0.00%  eta=64.4s
2026-04-08 10:01:09 [INFO] src.pomo_trainer:   batch 520/625 (83.2%)  loss=-11.4668  avg_reward=-128.81  penalty_ratio=0.00%  eta=58.8s
2026-04-08 10:01:11 [INFO] src.pomo_trainer:   batch 530/625 (84.8%)  loss=284.0099  avg_reward=2352.76  penalty_ratio=0.00%  eta=52.6s
2026-04-08 10:01:17 [INFO] src.pomo_trainer:   batch 540/625 (86.4%)  loss=-30.0833  avg_reward=2051.69  penalty_ratio=0.00%  eta=47.2s
2026-04-08 10:01:21 [INFO] src.pomo_trainer:   batch 550/625 (88.0%)  loss=-25.0453  avg_reward=2478.57  penalty_ratio=0.00%  eta=41.4s
2026-04-08 10:01:26 [INFO] src.pomo_trainer:   batch 560/625 (89.6%)  loss=35.5387  avg_reward=1154.56  penalty_ratio=0.00%  eta=35.9s
2026-04-08 10:01:32 [INFO] src.pomo_trainer:   batch 570/625 (91.2%)  loss=0.6867  avg_reward=-545.74  penalty_ratio=0.00%  eta=30.3s
2026-04-08 10:01:37 [INFO] src.pomo_trainer:   batch 580/625 (92.8%)  loss=-12.0958  avg_reward=598.88  penalty_ratio=0.00%  eta=24.8s
2026-04-08 10:01:43 [INFO] src.pomo_trainer:   batch 590/625 (94.4%)  loss=-0.0000  avg_reward=-1158.60  penalty_ratio=0.00%  eta=19.3s
2026-04-08 10:01:47 [INFO] src.pomo_trainer:   batch 600/625 (96.0%)  loss=201.0253  avg_reward=2877.50  penalty_ratio=0.00%  eta=13.8s
2026-04-08 10:01:53 [INFO] src.pomo_trainer:   batch 610/625 (97.6%)  loss=391.1255  avg_reward=1803.09  penalty_ratio=0.00%  eta=8.3s
2026-04-08 10:02:00 [INFO] src.pomo_trainer:   batch 620/625 (99.2%)  loss=-20.3368  avg_reward=749.42  penalty_ratio=0.00%  eta=2.8s
2026-04-08 10:02:02 [INFO] __main__: Epoch 7  stage=main  loss=92.605904  reward=1902.44  var=261076.97  penalty=0.00%  mem_max=nan%
2026-04-08 10:02:02 [INFO] __main__: Training progress: 7/1000 (0.7%)  elapsed=1793.4s  eta=254406.8s
2026-04-08 10:02:02 [INFO] __main__: 
--- Epoch 8 / 1000 ---
2026-04-08 10:02:08 [INFO] src.pomo_trainer:   batch 10/625 (1.6%)  loss=-6.6210  avg_reward=823.74  penalty_ratio=0.00%  eta=382.4s
2026-04-08 10:02:14 [INFO] src.pomo_trainer:   batch 20/625 (3.2%)  loss=309.9305  avg_reward=3730.73  penalty_ratio=0.00%  eta=343.7s
2026-04-08 10:02:20 [INFO] src.pomo_trainer:   batch 30/625 (4.8%)  loss=-4.9040  avg_reward=1990.72  penalty_ratio=0.00%  eta=344.9s
2026-04-08 10:02:24 [INFO] src.pomo_trainer:   batch 40/625 (6.4%)  loss=31.0776  avg_reward=-107.37  penalty_ratio=0.00%  eta=319.3s
2026-04-08 10:02:29 [INFO] src.pomo_trainer:   batch 50/625 (8.0%)  loss=-0.0000  avg_reward=-1174.16  penalty_ratio=0.00%  eta=311.7s
2026-04-08 10:02:36 [INFO] src.pomo_trainer:   batch 60/625 (9.6%)  loss=182.5045  avg_reward=2617.34  penalty_ratio=0.00%  eta=316.6s
2026-04-08 10:02:39 [INFO] src.pomo_trainer:   batch 70/625 (11.2%)  loss=-5.9247  avg_reward=1065.93  penalty_ratio=0.00%  eta=290.2s
2026-04-08 10:02:44 [INFO] src.pomo_trainer:   batch 80/625 (12.8%)  loss=229.5141  avg_reward=1941.32  penalty_ratio=0.00%  eta=281.4s
2026-04-08 10:02:49 [INFO] src.pomo_trainer:   batch 90/625 (14.4%)  loss=-0.0002  avg_reward=27.35  penalty_ratio=0.00%  eta=278.2s
2026-04-08 10:02:54 [INFO] src.pomo_trainer:   batch 100/625 (16.0%)  loss=-6.4133  avg_reward=458.36  penalty_ratio=0.00%  eta=271.1s
2026-04-08 10:03:01 [INFO] src.pomo_trainer:   batch 110/625 (17.6%)  loss=-35.9619  avg_reward=2912.90  penalty_ratio=0.00%  eta=272.9s
2026-04-08 10:03:05 [INFO] src.pomo_trainer:   batch 120/625 (19.2%)  loss=-0.0000  avg_reward=-170.92  penalty_ratio=0.00%  eta=265.9s
2026-04-08 10:03:12 [INFO] src.pomo_trainer:   batch 130/625 (20.8%)  loss=-24.7648  avg_reward=2438.38  penalty_ratio=0.00%  eta=264.8s
2026-04-08 10:03:18 [INFO] src.pomo_trainer:   batch 140/625 (22.4%)  loss=7.4001  avg_reward=2705.43  penalty_ratio=0.00%  eta=261.9s
2026-04-08 10:03:22 [INFO] src.pomo_trainer:   batch 150/625 (24.0%)  loss=-0.0000  avg_reward=-1118.29  penalty_ratio=0.00%  eta=252.1s
2026-04-08 10:03:28 [INFO] src.pomo_trainer:   batch 160/625 (25.6%)  loss=162.0851  avg_reward=2863.70  penalty_ratio=0.00%  eta=248.6s
2026-04-08 10:03:34 [INFO] src.pomo_trainer:   batch 170/625 (27.2%)  loss=-13.9165  avg_reward=3979.38  penalty_ratio=0.00%  eta=246.4s
2026-04-08 10:03:38 [INFO] src.pomo_trainer:   batch 180/625 (28.8%)  loss=-36.8542  avg_reward=2994.29  penalty_ratio=0.00%  eta=237.8s
2026-04-08 10:03:45 [INFO] src.pomo_trainer:   batch 190/625 (30.4%)  loss=-6.6526  avg_reward=1370.09  penalty_ratio=0.00%  eta=234.4s
2026-04-08 10:03:50 [INFO] src.pomo_trainer:   batch 200/625 (32.0%)  loss=-14.7670  avg_reward=542.00  penalty_ratio=0.00%  eta=227.9s
2026-04-08 10:03:54 [INFO] src.pomo_trainer:   batch 210/625 (33.6%)  loss=3.8733  avg_reward=1480.87  penalty_ratio=0.00%  eta=221.1s
2026-04-08 10:04:00 [INFO] src.pomo_trainer:   batch 220/625 (35.2%)  loss=194.0428  avg_reward=1991.24  penalty_ratio=0.00%  eta=217.0s
2026-04-08 10:04:06 [INFO] src.pomo_trainer:   batch 230/625 (36.8%)  loss=240.3937  avg_reward=3372.10  penalty_ratio=0.00%  eta=212.3s
2026-04-08 10:04:12 [INFO] src.pomo_trainer:   batch 240/625 (38.4%)  loss=-6.0541  avg_reward=2258.62  penalty_ratio=0.00%  eta=208.3s
2026-04-08 10:04:17 [INFO] src.pomo_trainer:   batch 250/625 (40.0%)  loss=-18.8760  avg_reward=3028.46  penalty_ratio=0.00%  eta=202.5s
2026-04-08 10:04:21 [INFO] src.pomo_trainer:   batch 260/625 (41.6%)  loss=102.5943  avg_reward=1585.02  penalty_ratio=0.00%  eta=195.1s
2026-04-08 10:04:27 [INFO] src.pomo_trainer:   batch 270/625 (43.2%)  loss=-19.6826  avg_reward=522.94  penalty_ratio=0.00%  eta=189.7s
2026-04-08 10:04:32 [INFO] src.pomo_trainer:   batch 280/625 (44.8%)  loss=11.8418  avg_reward=4018.67  penalty_ratio=0.00%  eta=184.2s
2026-04-08 10:04:36 [INFO] src.pomo_trainer:   batch 290/625 (46.4%)  loss=-10.6898  avg_reward=358.34  penalty_ratio=0.00%  eta=177.1s
2026-04-08 10:04:42 [INFO] src.pomo_trainer:   batch 300/625 (48.0%)  loss=-12.1612  avg_reward=2147.60  penalty_ratio=0.00%  eta=173.3s
2026-04-08 10:04:47 [INFO] src.pomo_trainer:   batch 310/625 (49.6%)  loss=-0.2277  avg_reward=30.85  penalty_ratio=0.00%  eta=167.7s
2026-04-08 10:04:52 [INFO] src.pomo_trainer:   batch 320/625 (51.2%)  loss=-8.2560  avg_reward=1347.92  penalty_ratio=0.00%  eta=162.2s
2026-04-08 10:04:58 [INFO] src.pomo_trainer:   batch 330/625 (52.8%)  loss=203.9467  avg_reward=3109.41  penalty_ratio=0.00%  eta=157.1s
2026-04-08 10:05:05 [INFO] src.pomo_trainer:   batch 340/625 (54.4%)  loss=-4.6698  avg_reward=2857.49  penalty_ratio=0.00%  eta=153.0s
2026-04-08 10:05:09 [INFO] src.pomo_trainer:   batch 350/625 (56.0%)  loss=182.2244  avg_reward=1688.99  penalty_ratio=0.00%  eta=146.7s
2026-04-08 10:05:14 [INFO] src.pomo_trainer:   batch 360/625 (57.6%)  loss=19.0437  avg_reward=2245.68  penalty_ratio=0.00%  eta=141.1s
2026-04-08 10:05:19 [INFO] src.pomo_trainer:   batch 370/625 (59.2%)  loss=162.6270  avg_reward=1577.89  penalty_ratio=0.00%  eta=135.7s
2026-04-08 10:05:22 [INFO] src.pomo_trainer:   batch 380/625 (60.8%)  loss=134.1308  avg_reward=3618.01  penalty_ratio=0.00%  eta=128.7s
2026-04-08 10:05:28 [INFO] src.pomo_trainer:   batch 390/625 (62.4%)  loss=-26.1283  avg_reward=3907.67  penalty_ratio=0.00%  eta=124.0s
2026-04-08 10:05:33 [INFO] src.pomo_trainer:   batch 400/625 (64.0%)  loss=132.5416  avg_reward=1046.67  penalty_ratio=0.00%  eta=118.8s
2026-04-08 10:05:38 [INFO] src.pomo_trainer:   batch 410/625 (65.6%)  loss=189.9870  avg_reward=1831.43  penalty_ratio=0.00%  eta=113.2s
2026-04-08 10:05:44 [INFO] src.pomo_trainer:   batch 420/625 (67.2%)  loss=187.7342  avg_reward=3085.67  penalty_ratio=0.00%  eta=108.4s
2026-04-08 10:05:49 [INFO] src.pomo_trainer:   batch 430/625 (68.8%)  loss=71.2788  avg_reward=2559.52  penalty_ratio=0.00%  eta=103.0s
2026-04-08 10:05:57 [INFO] src.pomo_trainer:   batch 440/625 (70.4%)  loss=330.6024  avg_reward=2427.50  penalty_ratio=0.00%  eta=98.8s
2026-04-08 10:05:59 [INFO] src.pomo_trainer:   batch 450/625 (72.0%)  loss=-0.0000  avg_reward=-181.22  penalty_ratio=0.00%  eta=92.1s
2026-04-08 10:06:06 [INFO] src.pomo_trainer:   batch 460/625 (73.6%)  loss=264.5937  avg_reward=2392.72  penalty_ratio=0.00%  eta=87.6s
2026-04-08 10:06:11 [INFO] src.pomo_trainer:   batch 470/625 (75.2%)  loss=-0.4425  avg_reward=-243.41  penalty_ratio=0.00%  eta=82.0s
2026-04-08 10:06:16 [INFO] src.pomo_trainer:   batch 480/625 (76.8%)  loss=157.7664  avg_reward=1991.11  penalty_ratio=0.00%  eta=76.7s
2026-04-08 10:06:22 [INFO] src.pomo_trainer:   batch 490/625 (78.4%)  loss=98.5515  avg_reward=1926.58  penalty_ratio=0.00%  eta=71.5s
2026-04-08 10:06:26 [INFO] src.pomo_trainer:   batch 500/625 (80.0%)  loss=-0.0000  avg_reward=-1133.41  penalty_ratio=0.00%  eta=66.0s
2026-04-08 10:06:31 [INFO] src.pomo_trainer:   batch 510/625 (81.6%)  loss=52.1820  avg_reward=1349.82  penalty_ratio=0.00%  eta=60.7s
2026-04-08 10:06:36 [INFO] src.pomo_trainer:   batch 520/625 (83.2%)  loss=0.0027  avg_reward=-772.79  penalty_ratio=0.00%  eta=55.2s
2026-04-08 10:06:41 [INFO] src.pomo_trainer:   batch 530/625 (84.8%)  loss=-28.6144  avg_reward=4737.50  penalty_ratio=0.00%  eta=50.0s
2026-04-08 10:06:46 [INFO] src.pomo_trainer:   batch 540/625 (86.4%)  loss=-12.0938  avg_reward=3217.90  penalty_ratio=0.00%  eta=44.6s
2026-04-08 10:06:53 [INFO] src.pomo_trainer:   batch 550/625 (88.0%)  loss=42.3465  avg_reward=2031.08  penalty_ratio=0.00%  eta=39.6s
2026-04-08 10:06:57 [INFO] src.pomo_trainer:   batch 560/625 (89.6%)  loss=-0.0000  avg_reward=-1296.84  penalty_ratio=0.00%  eta=34.2s
2026-04-08 10:07:01 [INFO] src.pomo_trainer:   batch 570/625 (91.2%)  loss=21.6698  avg_reward=2143.94  penalty_ratio=0.00%  eta=28.8s
2026-04-08 10:07:08 [INFO] src.pomo_trainer:   batch 580/625 (92.8%)  loss=2.3481  avg_reward=5124.70  penalty_ratio=0.00%  eta=23.7s
2026-04-08 10:07:13 [INFO] src.pomo_trainer:   batch 590/625 (94.4%)  loss=4.0784  avg_reward=4077.98  penalty_ratio=0.00%  eta=18.5s
2026-04-08 10:07:19 [INFO] src.pomo_trainer:   batch 600/625 (96.0%)  loss=262.7807  avg_reward=1883.31  penalty_ratio=0.00%  eta=13.2s
2026-04-08 10:07:24 [INFO] src.pomo_trainer:   batch 610/625 (97.6%)  loss=-4.2165  avg_reward=-268.06  penalty_ratio=0.00%  eta=7.9s
2026-04-08 10:07:29 [INFO] src.pomo_trainer:   batch 620/625 (99.2%)  loss=-11.2670  avg_reward=2980.13  penalty_ratio=0.00%  eta=2.6s
2026-04-08 10:07:33 [INFO] __main__: Epoch 8  stage=main  loss=72.290724  reward=1864.02  var=237778.03  penalty=0.00%  mem_max=nan%
2026-04-08 10:07:33 [INFO] __main__: Training progress: 8/1000 (0.8%)  elapsed=2124.5s  eta=263433.3s
2026-04-08 10:07:33 [INFO] __main__: 
--- Epoch 9 / 1000 ---
2026-04-08 10:07:39 [INFO] src.pomo_trainer:   batch 10/625 (1.6%)  loss=-7.2214  avg_reward=362.28  penalty_ratio=0.00%  eta=341.9s
2026-04-08 10:07:44 [INFO] src.pomo_trainer:   batch 20/625 (3.2%)  loss=46.8320  avg_reward=1748.33  penalty_ratio=0.00%  eta=309.0s
2026-04-08 10:07:48 [INFO] src.pomo_trainer:   batch 30/625 (4.8%)  loss=-9.8920  avg_reward=882.26  penalty_ratio=0.00%  eta=293.9s
2026-04-08 10:07:54 [INFO] src.pomo_trainer:   batch 40/625 (6.4%)  loss=123.0120  avg_reward=2459.03  penalty_ratio=0.00%  eta=303.8s
2026-04-08 10:08:00 [INFO] src.pomo_trainer:   batch 50/625 (8.0%)  loss=158.9714  avg_reward=1514.01  penalty_ratio=0.00%  eta=301.8s
2026-04-08 10:08:04 [INFO] src.pomo_trainer:   batch 60/625 (9.6%)  loss=188.6671  avg_reward=1731.38  penalty_ratio=0.00%  eta=292.5s
2026-04-08 10:08:10 [INFO] src.pomo_trainer:   batch 70/625 (11.2%)  loss=81.1260  avg_reward=2362.97  penalty_ratio=0.00%  eta=290.9s
2026-04-08 10:08:16 [INFO] src.pomo_trainer:   batch 80/625 (12.8%)  loss=2.8968  avg_reward=2594.61  penalty_ratio=0.00%  eta=287.8s
2026-04-08 10:08:22 [INFO] src.pomo_trainer:   batch 90/625 (14.4%)  loss=-23.7139  avg_reward=207.35  penalty_ratio=0.00%  eta=287.9s
2026-04-08 10:08:29 [INFO] src.pomo_trainer:   batch 100/625 (16.0%)  loss=31.9040  avg_reward=2732.95  penalty_ratio=0.00%  eta=290.9s
2026-04-08 10:08:35 [INFO] src.pomo_trainer:   batch 110/625 (17.6%)  loss=-4.1556  avg_reward=2967.24  penalty_ratio=0.00%  eta=289.8s
2026-04-08 10:08:40 [INFO] src.pomo_trainer:   batch 120/625 (19.2%)  loss=14.8659  avg_reward=2241.57  penalty_ratio=0.00%  eta=281.2s
2026-04-08 10:08:46 [INFO] src.pomo_trainer:   batch 130/625 (20.8%)  loss=233.7832  avg_reward=2006.48  penalty_ratio=0.00%  eta=278.0s
2026-04-08 10:08:52 [INFO] src.pomo_trainer:   batch 140/625 (22.4%)  loss=219.2580  avg_reward=2283.39  penalty_ratio=0.00%  eta=273.3s
2026-04-08 10:08:55 [INFO] src.pomo_trainer:   batch 150/625 (24.0%)  loss=1.8223  avg_reward=583.15  penalty_ratio=0.00%  eta=259.5s
2026-04-08 10:09:01 [INFO] src.pomo_trainer:   batch 160/625 (25.6%)  loss=211.8874  avg_reward=1649.93  penalty_ratio=0.00%  eta=254.0s
2026-04-08 10:09:04 [INFO] src.pomo_trainer:   batch 170/625 (27.2%)  loss=10.6579  avg_reward=800.07  penalty_ratio=0.00%  eta=243.8s
2026-04-08 10:09:09 [INFO] src.pomo_trainer:   batch 180/625 (28.8%)  loss=7.5175  avg_reward=2107.95  penalty_ratio=0.00%  eta=235.5s
2026-04-08 10:09:13 [INFO] src.pomo_trainer:   batch 190/625 (30.4%)  loss=166.6167  avg_reward=2766.80  penalty_ratio=0.00%  eta=228.8s
2026-04-08 10:09:21 [INFO] src.pomo_trainer:   batch 200/625 (32.0%)  loss=245.8698  avg_reward=3212.04  penalty_ratio=0.00%  eta=228.5s
2026-04-08 10:09:28 [INFO] src.pomo_trainer:   batch 210/625 (33.6%)  loss=226.9062  avg_reward=2196.63  penalty_ratio=0.00%  eta=226.0s
2026-04-08 10:09:34 [INFO] src.pomo_trainer:   batch 220/625 (35.2%)  loss=-2.3195  avg_reward=3748.47  penalty_ratio=0.00%  eta=222.1s
2026-04-08 10:09:41 [INFO] src.pomo_trainer:   batch 230/625 (36.8%)  loss=143.7473  avg_reward=2090.59  penalty_ratio=0.00%  eta=219.6s
2026-04-08 10:09:47 [INFO] src.pomo_trainer:   batch 240/625 (38.4%)  loss=-3.1141  avg_reward=2967.14  penalty_ratio=0.00%  eta=214.3s
2026-04-08 10:09:54 [INFO] src.pomo_trainer:   batch 250/625 (40.0%)  loss=-5.6703  avg_reward=2547.50  penalty_ratio=0.00%  eta=211.0s
2026-04-08 10:10:00 [INFO] src.pomo_trainer:   batch 260/625 (41.6%)  loss=51.5023  avg_reward=1823.58  penalty_ratio=0.00%  eta=205.6s
2026-04-08 10:10:04 [INFO] src.pomo_trainer:   batch 270/625 (43.2%)  loss=-9.7852  avg_reward=1373.58  penalty_ratio=0.00%  eta=198.7s
2026-04-08 10:10:11 [INFO] src.pomo_trainer:   batch 280/625 (44.8%)  loss=100.5527  avg_reward=2988.97  penalty_ratio=0.00%  eta=193.8s
2026-04-08 10:10:16 [INFO] src.pomo_trainer:   batch 290/625 (46.4%)  loss=215.0645  avg_reward=2190.27  penalty_ratio=0.00%  eta=188.3s
2026-04-08 10:10:23 [INFO] src.pomo_trainer:   batch 300/625 (48.0%)  loss=-21.5849  avg_reward=1314.81  penalty_ratio=0.00%  eta=184.0s
2026-04-08 10:10:30 [INFO] src.pomo_trainer:   batch 310/625 (49.6%)  loss=-20.6380  avg_reward=2106.44  penalty_ratio=0.00%  eta=179.0s
2026-04-08 10:10:34 [INFO] src.pomo_trainer:   batch 320/625 (51.2%)  loss=35.6327  avg_reward=1286.49  penalty_ratio=0.00%  eta=172.3s
2026-04-08 10:10:40 [INFO] src.pomo_trainer:   batch 330/625 (52.8%)  loss=-8.3243  avg_reward=539.77  penalty_ratio=0.00%  eta=166.5s
2026-04-08 10:10:44 [INFO] src.pomo_trainer:   batch 340/625 (54.4%)  loss=-20.2421  avg_reward=1043.83  penalty_ratio=0.00%  eta=159.7s
2026-04-08 10:10:49 [INFO] src.pomo_trainer:   batch 350/625 (56.0%)  loss=-15.3959  avg_reward=409.27  penalty_ratio=0.00%  eta=153.8s
2026-04-08 10:10:55 [INFO] src.pomo_trainer:   batch 360/625 (57.6%)  loss=26.1543  avg_reward=1235.21  penalty_ratio=0.00%  eta=148.6s
2026-04-08 10:10:58 [INFO] src.pomo_trainer:   batch 370/625 (59.2%)  loss=33.9519  avg_reward=1557.38  penalty_ratio=0.00%  eta=141.3s
2026-04-08 10:11:04 [INFO] src.pomo_trainer:   batch 380/625 (60.8%)  loss=35.5854  avg_reward=1948.35  penalty_ratio=0.00%  eta=136.1s
2026-04-08 10:11:09 [INFO] src.pomo_trainer:   batch 390/625 (62.4%)  loss=1.7006  avg_reward=1236.45  penalty_ratio=0.00%  eta=129.9s
2026-04-08 10:11:15 [INFO] src.pomo_trainer:   batch 400/625 (64.0%)  loss=70.7228  avg_reward=2120.40  penalty_ratio=0.00%  eta=124.5s
2026-04-08 10:11:21 [INFO] src.pomo_trainer:   batch 410/625 (65.6%)  loss=171.8121  avg_reward=3654.38  penalty_ratio=0.00%  eta=119.2s
2026-04-08 10:11:24 [INFO] src.pomo_trainer:   batch 420/625 (67.2%)  loss=57.6469  avg_reward=2425.90  penalty_ratio=0.00%  eta=112.6s
2026-04-08 10:11:29 [INFO] src.pomo_trainer:   batch 430/625 (68.8%)  loss=-0.4516  avg_reward=-28.09  penalty_ratio=0.00%  eta=107.1s
2026-04-08 10:11:34 [INFO] src.pomo_trainer:   batch 440/625 (70.4%)  loss=17.6116  avg_reward=1365.07  penalty_ratio=0.00%  eta=101.2s
2026-04-08 10:11:41 [INFO] src.pomo_trainer:   batch 450/625 (72.0%)  loss=15.6896  avg_reward=1859.97  penalty_ratio=0.00%  eta=96.2s
2026-04-08 10:11:45 [INFO] src.pomo_trainer:   batch 460/625 (73.6%)  loss=-10.1693  avg_reward=1249.12  penalty_ratio=0.00%  eta=90.3s
2026-04-08 10:11:50 [INFO] src.pomo_trainer:   batch 470/625 (75.2%)  loss=37.5158  avg_reward=1623.00  penalty_ratio=0.00%  eta=84.7s
2026-04-08 10:11:55 [INFO] src.pomo_trainer:   batch 480/625 (76.8%)  loss=4.8473  avg_reward=1503.76  penalty_ratio=0.00%  eta=79.2s
2026-04-08 10:12:01 [INFO] src.pomo_trainer:   batch 490/625 (78.4%)  loss=-10.3717  avg_reward=869.08  penalty_ratio=0.00%  eta=73.7s
2026-04-08 10:12:07 [INFO] src.pomo_trainer:   batch 500/625 (80.0%)  loss=-6.8886  avg_reward=178.80  penalty_ratio=0.00%  eta=68.5s
2026-04-08 10:12:13 [INFO] src.pomo_trainer:   batch 510/625 (81.6%)  loss=-20.7924  avg_reward=1908.44  penalty_ratio=0.00%  eta=63.1s
2026-04-08 10:12:18 [INFO] src.pomo_trainer:   batch 520/625 (83.2%)  loss=-4.8916  avg_reward=322.74  penalty_ratio=0.00%  eta=57.5s
2026-04-08 10:12:23 [INFO] src.pomo_trainer:   batch 530/625 (84.8%)  loss=-0.2490  avg_reward=113.53  penalty_ratio=0.00%  eta=51.9s
2026-04-08 10:12:30 [INFO] src.pomo_trainer:   batch 540/625 (86.4%)  loss=-3.2180  avg_reward=587.75  penalty_ratio=0.00%  eta=46.6s
2026-04-08 10:12:34 [INFO] src.pomo_trainer:   batch 550/625 (88.0%)  loss=-0.0000  avg_reward=-1172.63  penalty_ratio=0.00%  eta=40.9s
2026-04-08 10:12:40 [INFO] src.pomo_trainer:   batch 560/625 (89.6%)  loss=16.3095  avg_reward=4696.26  penalty_ratio=0.00%  eta=35.6s
2026-04-08 10:12:45 [INFO] src.pomo_trainer:   batch 570/625 (91.2%)  loss=247.6214  avg_reward=2928.24  penalty_ratio=0.00%  eta=30.0s
2026-04-08 10:12:51 [INFO] src.pomo_trainer:   batch 580/625 (92.8%)  loss=-11.4082  avg_reward=675.65  penalty_ratio=0.00%  eta=24.6s
2026-04-08 10:12:57 [INFO] src.pomo_trainer:   batch 590/625 (94.4%)  loss=99.7443  avg_reward=2631.75  penalty_ratio=0.00%  eta=19.2s
2026-04-08 10:13:02 [INFO] src.pomo_trainer:   batch 600/625 (96.0%)  loss=-1.5211  avg_reward=1248.96  penalty_ratio=0.00%  eta=13.7s
2026-04-08 10:13:07 [INFO] src.pomo_trainer:   batch 610/625 (97.6%)  loss=221.8121  avg_reward=2707.31  penalty_ratio=0.00%  eta=8.2s
2026-04-08 10:13:13 [INFO] src.pomo_trainer:   batch 620/625 (99.2%)  loss=1.8403  avg_reward=5134.13  penalty_ratio=0.00%  eta=2.7s
2026-04-08 10:13:17 [INFO] __main__: Epoch 9  stage=main  loss=63.795138  reward=1957.82  var=238440.90  penalty=0.00%  mem_max=nan%
2026-04-08 10:13:17 [INFO] __main__: Training progress: 9/1000 (0.9%)  elapsed=2468.5s  eta=271809.8s
2026-04-08 10:13:17 [INFO] __main__: 
--- Epoch 10 / 1000 ---
2026-04-08 10:13:22 [INFO] src.pomo_trainer:   batch 10/625 (1.6%)  loss=110.4524  avg_reward=2914.83  penalty_ratio=0.00%  eta=283.5s
2026-04-08 10:13:27 [INFO] src.pomo_trainer:   batch 20/625 (3.2%)  loss=17.2074  avg_reward=1152.42  penalty_ratio=0.00%  eta=289.0s
2026-04-08 10:13:33 [INFO] src.pomo_trainer:   batch 30/625 (4.8%)  loss=115.7852  avg_reward=3355.47  penalty_ratio=0.00%  eta=303.8s
2026-04-08 10:13:39 [INFO] src.pomo_trainer:   batch 40/625 (6.4%)  loss=-10.3032  avg_reward=3658.36  penalty_ratio=0.00%  eta=317.7s
2026-04-08 10:13:44 [INFO] src.pomo_trainer:   batch 50/625 (8.0%)  loss=213.6728  avg_reward=3108.03  penalty_ratio=0.00%  eta=306.9s
2026-04-08 10:13:51 [INFO] src.pomo_trainer:   batch 60/625 (9.6%)  loss=-14.6381  avg_reward=3219.65  penalty_ratio=0.00%  eta=320.1s
2026-04-08 10:13:57 [INFO] src.pomo_trainer:   batch 70/625 (11.2%)  loss=159.4564  avg_reward=2439.63  penalty_ratio=0.00%  eta=312.3s
2026-04-08 10:14:01 [INFO] src.pomo_trainer:   batch 80/625 (12.8%)  loss=-4.6953  avg_reward=2731.93  penalty_ratio=0.00%  eta=299.0s
2026-04-08 10:14:07 [INFO] src.pomo_trainer:   batch 90/625 (14.4%)  loss=-6.9973  avg_reward=3102.82  penalty_ratio=0.00%  eta=297.2s
2026-04-08 10:14:14 [INFO] src.pomo_trainer:   batch 100/625 (16.0%)  loss=123.5745  avg_reward=1905.33  penalty_ratio=0.00%  eta=297.6s
2026-04-08 10:14:18 [INFO] src.pomo_trainer:   batch 110/625 (17.6%)  loss=89.9966  avg_reward=3340.19  penalty_ratio=0.00%  eta=283.3s
2026-04-08 10:14:23 [INFO] src.pomo_trainer:   batch 120/625 (19.2%)  loss=127.2479  avg_reward=1596.30  penalty_ratio=0.00%  eta=276.2s
2026-04-08 10:14:29 [INFO] src.pomo_trainer:   batch 130/625 (20.8%)  loss=20.8213  avg_reward=705.94  penalty_ratio=0.00%  eta=271.7s
2026-04-08 10:14:34 [INFO] src.pomo_trainer:   batch 140/625 (22.4%)  loss=-3.5532  avg_reward=622.67  penalty_ratio=0.00%  eta=265.0s
2026-04-08 10:14:39 [INFO] src.pomo_trainer:   batch 150/625 (24.0%)  loss=29.5894  avg_reward=4460.30  penalty_ratio=0.00%  eta=259.9s
2026-04-08 10:14:45 [INFO] src.pomo_trainer:   batch 160/625 (25.6%)  loss=13.0005  avg_reward=2914.96  penalty_ratio=0.00%  eta=254.1s
2026-04-08 10:14:52 [INFO] src.pomo_trainer:   batch 170/625 (27.2%)  loss=155.8660  avg_reward=2011.92  penalty_ratio=0.00%  eta=253.2s
2026-04-08 10:14:59 [INFO] src.pomo_trainer:   batch 180/625 (28.8%)  loss=206.1391  avg_reward=1706.98  penalty_ratio=0.00%  eta=251.0s
2026-04-08 10:15:04 [INFO] src.pomo_trainer:   batch 190/625 (30.4%)  loss=-0.0000  avg_reward=33.91  penalty_ratio=0.00%  eta=243.9s
2026-04-08 10:15:08 [INFO] src.pomo_trainer:   batch 200/625 (32.0%)  loss=-8.6940  avg_reward=4674.71  penalty_ratio=0.00%  eta=234.3s
2026-04-08 10:15:12 [INFO] src.pomo_trainer:   batch 210/625 (33.6%)  loss=-20.0834  avg_reward=2676.02  penalty_ratio=0.00%  eta=227.3s
2026-04-08 10:15:18 [INFO] src.pomo_trainer:   batch 220/625 (35.2%)  loss=-0.0000  avg_reward=-379.88  penalty_ratio=0.00%  eta=221.7s
2026-04-08 10:15:24 [INFO] src.pomo_trainer:   batch 230/625 (36.8%)  loss=8.6244  avg_reward=30.74  penalty_ratio=0.00%  eta=217.8s
2026-04-08 10:15:30 [INFO] src.pomo_trainer:   batch 240/625 (38.4%)  loss=96.0370  avg_reward=2202.35  penalty_ratio=0.00%  eta=213.0s
2026-04-08 10:15:35 [INFO] src.pomo_trainer:   batch 250/625 (40.0%)  loss=242.5081  avg_reward=1803.97  penalty_ratio=0.00%  eta=206.6s
2026-04-08 10:15:38 [INFO] src.pomo_trainer:   batch 260/625 (41.6%)  loss=177.3171  avg_reward=3198.08  penalty_ratio=0.00%  eta=198.1s
2026-04-08 10:15:45 [INFO] src.pomo_trainer:   batch 270/625 (43.2%)  loss=0.5317  avg_reward=749.63  penalty_ratio=0.00%  eta=193.5s
2026-04-08 10:15:51 [INFO] src.pomo_trainer:   batch 280/625 (44.8%)  loss=-0.0000  avg_reward=-192.46  penalty_ratio=0.00%  eta=188.7s
2026-04-08 10:15:55 [INFO] src.pomo_trainer:   batch 290/625 (46.4%)  loss=-17.9069  avg_reward=2362.24  penalty_ratio=0.00%  eta=182.1s
2026-04-08 10:16:02 [INFO] src.pomo_trainer:   batch 300/625 (48.0%)  loss=-27.3800  avg_reward=3929.62  penalty_ratio=0.00%  eta=178.2s
2026-04-08 10:16:08 [INFO] src.pomo_trainer:   batch 310/625 (49.6%)  loss=-21.9905  avg_reward=4373.38  penalty_ratio=0.00%  eta=173.7s
2026-04-08 10:16:14 [INFO] src.pomo_trainer:   batch 320/625 (51.2%)  loss=106.1249  avg_reward=2989.05  penalty_ratio=0.00%  eta=168.7s
2026-04-08 10:16:19 [INFO] src.pomo_trainer:   batch 330/625 (52.8%)  loss=-28.5764  avg_reward=4090.11  penalty_ratio=0.00%  eta=162.6s
2026-04-08 10:16:25 [INFO] src.pomo_trainer:   batch 340/625 (54.4%)  loss=147.6635  avg_reward=2578.57  penalty_ratio=0.00%  eta=157.4s
2026-04-08 10:16:30 [INFO] src.pomo_trainer:   batch 350/625 (56.0%)  loss=-0.3123  avg_reward=-237.72  penalty_ratio=0.00%  eta=151.6s
2026-04-08 10:16:35 [INFO] src.pomo_trainer:   batch 360/625 (57.6%)  loss=-14.5901  avg_reward=5236.05  penalty_ratio=0.00%  eta=145.8s
2026-04-08 10:16:41 [INFO] src.pomo_trainer:   batch 370/625 (59.2%)  loss=2.4891  avg_reward=1383.87  penalty_ratio=0.00%  eta=140.2s
2026-04-08 10:16:46 [INFO] src.pomo_trainer:   batch 380/625 (60.8%)  loss=-12.8946  avg_reward=972.27  penalty_ratio=0.00%  eta=134.5s
2026-04-08 10:16:51 [INFO] src.pomo_trainer:   batch 390/625 (62.4%)  loss=144.8315  avg_reward=2015.61  penalty_ratio=0.00%  eta=129.0s
2026-04-08 10:16:58 [INFO] src.pomo_trainer:   batch 400/625 (64.0%)  loss=293.0992  avg_reward=1548.92  penalty_ratio=0.00%  eta=123.9s
2026-04-08 10:17:04 [INFO] src.pomo_trainer:   batch 410/625 (65.6%)  loss=-1.0768  avg_reward=1026.32  penalty_ratio=0.00%  eta=118.9s
2026-04-08 10:17:09 [INFO] src.pomo_trainer:   batch 420/625 (67.2%)  loss=146.1053  avg_reward=2055.75  penalty_ratio=0.00%  eta=112.8s
2026-04-08 10:17:15 [INFO] src.pomo_trainer:   batch 430/625 (68.8%)  loss=176.4514  avg_reward=3069.83  penalty_ratio=0.00%  eta=107.8s
2026-04-08 10:17:20 [INFO] src.pomo_trainer:   batch 440/625 (70.4%)  loss=111.2063  avg_reward=2194.43  penalty_ratio=0.00%  eta=102.2s
2026-04-08 10:17:27 [INFO] src.pomo_trainer:   batch 450/625 (72.0%)  loss=267.0456  avg_reward=3061.70  penalty_ratio=0.00%  eta=97.1s
2026-04-08 10:17:31 [INFO] src.pomo_trainer:   batch 460/625 (73.6%)  loss=252.6068  avg_reward=3406.59  penalty_ratio=0.00%  eta=91.1s
2026-04-08 10:17:39 [INFO] src.pomo_trainer:   batch 470/625 (75.2%)  loss=123.1777  avg_reward=2746.70  penalty_ratio=0.00%  eta=86.2s
2026-04-08 10:17:44 [INFO] src.pomo_trainer:   batch 480/625 (76.8%)  loss=91.7931  avg_reward=1433.70  penalty_ratio=0.00%  eta=80.7s
2026-04-08 10:17:50 [INFO] src.pomo_trainer:   batch 490/625 (78.4%)  loss=-32.5643  avg_reward=3898.06  penalty_ratio=0.00%  eta=75.2s
2026-04-08 10:17:56 [INFO] src.pomo_trainer:   batch 500/625 (80.0%)  loss=-22.2586  avg_reward=2638.64  penalty_ratio=0.00%  eta=69.6s
2026-04-08 10:18:01 [INFO] src.pomo_trainer:   batch 510/625 (81.6%)  loss=-1.8397  avg_reward=-713.21  penalty_ratio=0.00%  eta=63.8s
2026-04-08 10:18:08 [INFO] src.pomo_trainer:   batch 520/625 (83.2%)  loss=76.0363  avg_reward=2056.92  penalty_ratio=0.00%  eta=58.8s
2026-04-08 10:18:13 [INFO] src.pomo_trainer:   batch 530/625 (84.8%)  loss=-15.9098  avg_reward=-544.64  penalty_ratio=0.00%  eta=53.0s
2026-04-08 10:18:17 [INFO] src.pomo_trainer:   batch 540/625 (86.4%)  loss=72.6396  avg_reward=2257.14  penalty_ratio=0.00%  eta=47.1s
2026-04-08 10:18:21 [INFO] src.pomo_trainer:   batch 550/625 (88.0%)  loss=115.2333  avg_reward=2402.17  penalty_ratio=0.00%  eta=41.4s
2026-04-08 10:18:27 [INFO] src.pomo_trainer:   batch 560/625 (89.6%)  loss=144.5394  avg_reward=1633.32  penalty_ratio=0.00%  eta=35.9s
2026-04-08 10:18:32 [INFO] src.pomo_trainer:   batch 570/625 (91.2%)  loss=98.8767  avg_reward=2401.66  penalty_ratio=0.00%  eta=30.3s
2026-04-08 10:18:36 [INFO] src.pomo_trainer:   batch 580/625 (92.8%)  loss=-5.7728  avg_reward=393.37  penalty_ratio=0.00%  eta=24.7s
2026-04-08 10:18:40 [INFO] src.pomo_trainer:   batch 590/625 (94.4%)  loss=62.6193  avg_reward=1930.32  penalty_ratio=0.00%  eta=19.2s
2026-04-08 10:18:48 [INFO] src.pomo_trainer:   batch 600/625 (96.0%)  loss=85.1848  avg_reward=2889.77  penalty_ratio=0.00%  eta=13.8s
2026-04-08 10:18:54 [INFO] src.pomo_trainer:   batch 610/625 (97.6%)  loss=127.5169  avg_reward=3049.98  penalty_ratio=0.00%  eta=8.3s
2026-04-08 10:19:00 [INFO] src.pomo_trainer:   batch 620/625 (99.2%)  loss=-29.8467  avg_reward=94.21  penalty_ratio=0.00%  eta=2.8s
2026-04-08 10:19:04 [INFO] __main__: Epoch 10  stage=main  loss=56.507043  reward=1890.57  var=246684.38  penalty=0.00%  mem_max=nan%
2026-04-08 10:19:04 [INFO] __main__: Training progress: 10/1000 (1.0%)  elapsed=2814.6s  eta=278649.1s
2026-04-08 10:19:20 [INFO] __main__: Validation reward (all stages): 1465.2095
2026-04-08 10:19:20 [INFO] __main__: Saved best model (val_reward=1465.2095)
2026-04-08 10:19:20 [INFO] __main__: 
--- Epoch 11 / 1000 ---
2026-04-08 10:19:26 [INFO] src.pomo_trainer:   batch 10/625 (1.6%)  loss=129.0228  avg_reward=3305.01  penalty_ratio=0.00%  eta=397.8s
2026-04-08 10:19:32 [INFO] src.pomo_trainer:   batch 20/625 (3.2%)  loss=216.0672  avg_reward=1506.89  penalty_ratio=0.00%  eta=359.1s
2026-04-08 10:19:37 [INFO] src.pomo_trainer:   batch 30/625 (4.8%)  loss=-40.9038  avg_reward=3024.21  penalty_ratio=0.00%  eta=337.5s
2026-04-08 10:19:43 [INFO] src.pomo_trainer:   batch 40/625 (6.4%)  loss=21.0234  avg_reward=596.80  penalty_ratio=0.00%  eta=338.0s
2026-04-08 10:19:47 [INFO] src.pomo_trainer:   batch 50/625 (8.0%)  loss=207.1302  avg_reward=2699.67  penalty_ratio=0.00%  eta=310.1s
2026-04-08 10:19:53 [INFO] src.pomo_trainer:   batch 60/625 (9.6%)  loss=138.1651  avg_reward=1984.67  penalty_ratio=0.00%  eta=309.7s
2026-04-08 10:19:57 [INFO] src.pomo_trainer:   batch 70/625 (11.2%)  loss=-33.4209  avg_reward=184.21  penalty_ratio=0.00%  eta=295.5s
2026-04-08 10:20:03 [INFO] src.pomo_trainer:   batch 80/625 (12.8%)  loss=-0.4814  avg_reward=2506.72  penalty_ratio=0.00%  eta=291.7s
2026-04-08 10:20:08 [INFO] src.pomo_trainer:   batch 90/625 (14.4%)  loss=129.3197  avg_reward=1423.66  penalty_ratio=0.00%  eta=287.3s
2026-04-08 10:20:12 [INFO] src.pomo_trainer:   batch 100/625 (16.0%)  loss=2.4306  avg_reward=900.63  penalty_ratio=0.00%  eta=275.5s
2026-04-08 10:20:18 [INFO] src.pomo_trainer:   batch 110/625 (17.6%)  loss=4.7345  avg_reward=2986.10  penalty_ratio=0.00%  eta=270.3s
2026-04-08 10:20:20 [INFO] src.pomo_trainer:   batch 120/625 (19.2%)  loss=-0.0000  avg_reward=69.11  penalty_ratio=0.00%  eta=251.6s
2026-04-08 10:20:24 [INFO] src.pomo_trainer:   batch 130/625 (20.8%)  loss=97.7524  avg_reward=1230.82  penalty_ratio=0.00%  eta=244.5s
2026-04-08 10:20:29 [INFO] src.pomo_trainer:   batch 140/625 (22.4%)  loss=-30.3013  avg_reward=4018.96  penalty_ratio=0.00%  eta=240.1s
2026-04-08 10:20:36 [INFO] src.pomo_trainer:   batch 150/625 (24.0%)  loss=214.6151  avg_reward=3038.10  penalty_ratio=0.00%  eta=240.1s
2026-04-08 10:20:43 [INFO] src.pomo_trainer:   batch 160/625 (25.6%)  loss=167.1221  avg_reward=2280.85  penalty_ratio=0.00%  eta=241.4s
2026-04-08 10:20:47 [INFO] src.pomo_trainer:   batch 170/625 (27.2%)  loss=-0.0041  avg_reward=-16.87  penalty_ratio=0.00%  eta=234.7s
2026-04-08 10:20:53 [INFO] src.pomo_trainer:   batch 180/625 (28.8%)  loss=-15.1686  avg_reward=455.34  penalty_ratio=0.00%  eta=230.1s
2026-04-08 10:20:58 [INFO] src.pomo_trainer:   batch 190/625 (30.4%)  loss=218.5060  avg_reward=3186.00  penalty_ratio=0.00%  eta=224.1s
2026-04-08 10:21:02 [INFO] src.pomo_trainer:   batch 200/625 (32.0%)  loss=-0.0000  avg_reward=75.11  penalty_ratio=0.00%  eta=216.8s
2026-04-08 10:21:07 [INFO] src.pomo_trainer:   batch 210/625 (33.6%)  loss=-36.0181  avg_reward=4778.16  penalty_ratio=0.00%  eta=211.7s
2026-04-08 10:21:13 [INFO] src.pomo_trainer:   batch 220/625 (35.2%)  loss=112.6978  avg_reward=1616.39  penalty_ratio=0.00%  eta=209.2s
2026-04-08 10:21:19 [INFO] src.pomo_trainer:   batch 230/625 (36.8%)  loss=-7.1704  avg_reward=1495.89  penalty_ratio=0.00%  eta=204.9s
2026-04-08 10:21:25 [INFO] src.pomo_trainer:   batch 240/625 (38.4%)  loss=-10.5500  avg_reward=2189.61  penalty_ratio=0.00%  eta=200.5s
2026-04-08 10:21:32 [INFO] src.pomo_trainer:   batch 250/625 (40.0%)  loss=-30.1476  avg_reward=3371.71  penalty_ratio=0.00%  eta=198.0s
2026-04-08 10:21:37 [INFO] src.pomo_trainer:   batch 260/625 (41.6%)  loss=-0.1452  avg_reward=1380.18  penalty_ratio=0.00%  eta=192.1s
2026-04-08 10:21:41 [INFO] src.pomo_trainer:   batch 270/625 (43.2%)  loss=160.0470  avg_reward=1998.11  penalty_ratio=0.00%  eta=185.7s
2026-04-08 10:21:46 [INFO] src.pomo_trainer:   batch 280/625 (44.8%)  loss=-1.9986  avg_reward=1133.59  penalty_ratio=0.00%  eta=180.6s
2026-04-08 10:21:51 [INFO] src.pomo_trainer:   batch 290/625 (46.4%)  loss=-15.2448  avg_reward=2126.40  penalty_ratio=0.00%  eta=175.2s
2026-04-08 10:21:57 [INFO] src.pomo_trainer:   batch 300/625 (48.0%)  loss=100.3553  avg_reward=2141.02  penalty_ratio=0.00%  eta=170.4s
2026-04-08 10:22:03 [INFO] src.pomo_trainer:   batch 310/625 (49.6%)  loss=-36.8420  avg_reward=4133.16  penalty_ratio=0.00%  eta=166.2s
2026-04-08 10:22:11 [INFO] src.pomo_trainer:   batch 320/625 (51.2%)  loss=-35.1216  avg_reward=3610.31  penalty_ratio=0.00%  eta=163.1s
2026-04-08 10:22:14 [INFO] src.pomo_trainer:   batch 330/625 (52.8%)  loss=-4.2816  avg_reward=582.15  penalty_ratio=0.00%  eta=156.1s
2026-04-08 10:22:20 [INFO] src.pomo_trainer:   batch 340/625 (54.4%)  loss=152.1582  avg_reward=1831.42  penalty_ratio=0.00%  eta=151.3s
2026-04-08 10:22:24 [INFO] src.pomo_trainer:   batch 350/625 (56.0%)  loss=-1.9607  avg_reward=87.56  penalty_ratio=0.00%  eta=144.9s
2026-04-08 10:22:30 [INFO] src.pomo_trainer:   batch 360/625 (57.6%)  loss=-10.9292  avg_reward=5205.84  penalty_ratio=0.00%  eta=140.1s
2026-04-08 10:22:36 [INFO] src.pomo_trainer:   batch 370/625 (59.2%)  loss=125.0680  avg_reward=2220.19  penalty_ratio=0.00%  eta=135.5s
2026-04-08 10:22:43 [INFO] src.pomo_trainer:   batch 380/625 (60.8%)  loss=-12.5546  avg_reward=2262.74  penalty_ratio=0.00%  eta=131.0s
2026-04-08 10:22:47 [INFO] src.pomo_trainer:   batch 390/625 (62.4%)  loss=-2.7934  avg_reward=2498.23  penalty_ratio=0.00%  eta=124.6s
2026-04-08 10:22:52 [INFO] src.pomo_trainer:   batch 400/625 (64.0%)  loss=303.7721  avg_reward=3320.39  penalty_ratio=0.00%  eta=119.4s
2026-04-08 10:22:58 [INFO] src.pomo_trainer:   batch 410/625 (65.6%)  loss=-4.8100  avg_reward=629.16  penalty_ratio=0.00%  eta=114.2s
2026-04-08 10:23:04 [INFO] src.pomo_trainer:   batch 420/625 (67.2%)  loss=160.6079  avg_reward=2544.76  penalty_ratio=0.00%  eta=109.4s
2026-04-08 10:23:10 [INFO] src.pomo_trainer:   batch 430/625 (68.8%)  loss=-1.6112  avg_reward=246.85  penalty_ratio=0.00%  eta=104.4s
2026-04-08 10:23:18 [INFO] src.pomo_trainer:   batch 440/625 (70.4%)  loss=155.9139  avg_reward=2479.12  penalty_ratio=0.00%  eta=100.0s
2026-04-08 10:23:22 [INFO] src.pomo_trainer:   batch 450/625 (72.0%)  loss=261.7744  avg_reward=1754.70  penalty_ratio=0.00%  eta=94.3s
2026-04-08 10:23:28 [INFO] src.pomo_trainer:   batch 460/625 (73.6%)  loss=-3.6367  avg_reward=-11.46  penalty_ratio=0.00%  eta=89.1s
2026-04-08 10:23:33 [INFO] src.pomo_trainer:   batch 470/625 (75.2%)  loss=-23.0049  avg_reward=660.26  penalty_ratio=0.00%  eta=83.5s
2026-04-08 10:23:38 [INFO] src.pomo_trainer:   batch 480/625 (76.8%)  loss=205.4251  avg_reward=1976.00  penalty_ratio=0.00%  eta=78.0s
2026-04-08 10:23:45 [INFO] src.pomo_trainer:   batch 490/625 (78.4%)  loss=-16.3952  avg_reward=3073.44  penalty_ratio=0.00%  eta=72.9s
2026-04-08 10:23:49 [INFO] src.pomo_trainer:   batch 500/625 (80.0%)  loss=-17.6497  avg_reward=4114.40  penalty_ratio=0.00%  eta=67.3s
2026-04-08 10:23:54 [INFO] src.pomo_trainer:   batch 510/625 (81.6%)  loss=-1.0210  avg_reward=-575.54  penalty_ratio=0.00%  eta=61.9s
2026-04-08 10:24:01 [INFO] src.pomo_trainer:   batch 520/625 (83.2%)  loss=-1.8602  avg_reward=2076.80  penalty_ratio=0.00%  eta=56.9s
2026-04-08 10:24:06 [INFO] src.pomo_trainer:   batch 530/625 (84.8%)  loss=-31.0351  avg_reward=4957.01  penalty_ratio=0.00%  eta=51.4s
2026-04-08 10:24:11 [INFO] src.pomo_trainer:   batch 540/625 (86.4%)  loss=-15.0330  avg_reward=2283.23  penalty_ratio=0.00%  eta=45.8s
2026-04-08 10:24:18 [INFO] src.pomo_trainer:   batch 550/625 (88.0%)  loss=118.8798  avg_reward=1943.63  penalty_ratio=0.00%  eta=40.7s
2026-04-08 10:24:23 [INFO] src.pomo_trainer:   batch 560/625 (89.6%)  loss=-19.9452  avg_reward=403.49  penalty_ratio=0.00%  eta=35.1s
2026-04-08 10:24:28 [INFO] src.pomo_trainer:   batch 570/625 (91.2%)  loss=243.3998  avg_reward=2094.59  penalty_ratio=0.00%  eta=29.8s
2026-04-08 10:24:34 [INFO] src.pomo_trainer:   batch 580/625 (92.8%)  loss=-10.6232  avg_reward=2968.63  penalty_ratio=0.00%  eta=24.4s
2026-04-08 10:24:40 [INFO] src.pomo_trainer:   batch 590/625 (94.4%)  loss=255.9137  avg_reward=1904.64  penalty_ratio=0.00%  eta=19.0s
2026-04-08 10:24:45 [INFO] src.pomo_trainer:   batch 600/625 (96.0%)  loss=251.1135  avg_reward=2193.19  penalty_ratio=0.00%  eta=13.6s
2026-04-08 10:24:51 [INFO] src.pomo_trainer:   batch 610/625 (97.6%)  loss=-0.0000  avg_reward=-149.59  penalty_ratio=0.00%  eta=8.1s
2026-04-08 10:24:56 [INFO] src.pomo_trainer:   batch 620/625 (99.2%)  loss=-5.0885  avg_reward=3045.39  penalty_ratio=0.00%  eta=2.7s
2026-04-08 10:24:59 [INFO] __main__: Epoch 11  stage=main  loss=59.220461  reward=1910.76  var=245163.76  penalty=0.00%  mem_max=nan%
2026-04-08 10:24:59 [INFO] __main__: Training progress: 11/1000 (1.1%)  elapsed=3170.6s  eta=285063.5s
2026-04-08 10:24:59 [INFO] __main__: 
--- Epoch 12 / 1000 ---
2026-04-08 10:25:06 [INFO] src.pomo_trainer:   batch 10/625 (1.6%)  loss=10.6073  avg_reward=2410.94  penalty_ratio=0.00%  eta=396.0s
2026-04-08 10:25:11 [INFO] src.pomo_trainer:   batch 20/625 (3.2%)  loss=-3.4041  avg_reward=-666.92  penalty_ratio=0.00%  eta=340.8s
2026-04-08 10:25:16 [INFO] src.pomo_trainer:   batch 30/625 (4.8%)  loss=-17.4497  avg_reward=793.18  penalty_ratio=0.00%  eta=319.1s
2026-04-08 10:25:21 [INFO] src.pomo_trainer:   batch 40/625 (6.4%)  loss=92.4015  avg_reward=1509.15  penalty_ratio=0.00%  eta=316.3s
2026-04-08 10:25:27 [INFO] src.pomo_trainer:   batch 50/625 (8.0%)  loss=-5.8022  avg_reward=1539.62  penalty_ratio=0.00%  eta=312.3s
2026-04-08 10:25:33 [INFO] src.pomo_trainer:   batch 60/625 (9.6%)  loss=177.9657  avg_reward=1892.09  penalty_ratio=0.00%  eta=313.9s
2026-04-08 10:25:38 [INFO] src.pomo_trainer:   batch 70/625 (11.2%)  loss=63.7555  avg_reward=3320.64  penalty_ratio=0.00%  eta=307.0s
2026-04-08 10:25:45 [INFO] src.pomo_trainer:   batch 80/625 (12.8%)  loss=133.4436  avg_reward=2190.36  penalty_ratio=0.00%  eta=310.5s
2026-04-08 10:25:51 [INFO] src.pomo_trainer:   batch 90/625 (14.4%)  loss=21.2850  avg_reward=1992.42  penalty_ratio=0.00%  eta=308.1s
2026-04-08 10:25:57 [INFO] src.pomo_trainer:   batch 100/625 (16.0%)  loss=24.9786  avg_reward=1329.20  penalty_ratio=0.00%  eta=301.6s
2026-04-08 10:26:03 [INFO] src.pomo_trainer:   batch 110/625 (17.6%)  loss=92.8397  avg_reward=3006.45  penalty_ratio=0.00%  eta=298.1s
2026-04-08 10:26:09 [INFO] src.pomo_trainer:   batch 120/625 (19.2%)  loss=0.6877  avg_reward=-256.77  penalty_ratio=0.00%  eta=291.0s
2026-04-08 10:26:14 [INFO] src.pomo_trainer:   batch 130/625 (20.8%)  loss=202.1707  avg_reward=3687.00  penalty_ratio=0.00%  eta=283.4s
2026-04-08 10:26:21 [INFO] src.pomo_trainer:   batch 140/625 (22.4%)  loss=-9.5562  avg_reward=2565.98  penalty_ratio=0.00%  eta=281.8s
2026-04-08 10:26:27 [INFO] src.pomo_trainer:   batch 150/625 (24.0%)  loss=-17.6067  avg_reward=2077.04  penalty_ratio=0.00%  eta=277.1s
2026-04-08 10:26:29 [INFO] src.pomo_trainer:   batch 160/625 (25.6%)  loss=0.0620  avg_reward=-244.86  penalty_ratio=0.00%  eta=260.8s
2026-04-08 10:26:33 [INFO] src.pomo_trainer:   batch 170/625 (27.2%)  loss=129.7029  avg_reward=2394.12  penalty_ratio=0.00%  eta=251.4s
2026-04-08 10:26:39 [INFO] src.pomo_trainer:   batch 180/625 (28.8%)  loss=232.5754  avg_reward=2168.95  penalty_ratio=0.00%  eta=246.8s
2026-04-08 10:26:43 [INFO] src.pomo_trainer:   batch 190/625 (30.4%)  loss=-11.6919  avg_reward=3766.87  penalty_ratio=0.00%  eta=236.2s
2026-04-08 10:26:48 [INFO] src.pomo_trainer:   batch 200/625 (32.0%)  loss=118.9462  avg_reward=2508.18  penalty_ratio=0.00%  eta=230.6s
2026-04-08 10:26:54 [INFO] src.pomo_trainer:   batch 210/625 (33.6%)  loss=139.4939  avg_reward=1683.21  penalty_ratio=0.00%  eta=226.7s
2026-04-08 10:27:01 [INFO] src.pomo_trainer:   batch 220/625 (35.2%)  loss=75.7063  avg_reward=3030.99  penalty_ratio=0.00%  eta=223.6s
2026-04-08 10:27:06 [INFO] src.pomo_trainer:   batch 230/625 (36.8%)  loss=-5.3210  avg_reward=-83.78  penalty_ratio=0.00%  eta=217.9s
2026-04-08 10:27:11 [INFO] src.pomo_trainer:   batch 240/625 (38.4%)  loss=-14.4562  avg_reward=677.81  penalty_ratio=0.00%  eta=211.1s
2026-04-08 10:27:17 [INFO] src.pomo_trainer:   batch 250/625 (40.0%)  loss=-0.3854  avg_reward=1530.04  penalty_ratio=0.00%  eta=207.0s
2026-04-08 10:27:24 [INFO] src.pomo_trainer:   batch 260/625 (41.6%)  loss=77.1154  avg_reward=2555.14  penalty_ratio=0.00%  eta=202.3s
2026-04-08 10:27:28 [INFO] src.pomo_trainer:   batch 270/625 (43.2%)  loss=-26.4937  avg_reward=2313.57  penalty_ratio=0.00%  eta=194.7s
2026-04-08 10:27:33 [INFO] src.pomo_trainer:   batch 280/625 (44.8%)  loss=36.5050  avg_reward=2246.78  penalty_ratio=0.00%  eta=189.6s
2026-04-08 10:27:40 [INFO] src.pomo_trainer:   batch 290/625 (46.4%)  loss=120.3582  avg_reward=2279.12  penalty_ratio=0.00%  eta=185.0s
2026-04-08 10:27:46 [INFO] src.pomo_trainer:   batch 300/625 (48.0%)  loss=35.2172  avg_reward=1943.15  penalty_ratio=0.00%  eta=180.6s
2026-04-08 10:27:52 [INFO] src.pomo_trainer:   batch 310/625 (49.6%)  loss=116.8857  avg_reward=2815.48  penalty_ratio=0.00%  eta=175.2s
2026-04-08 10:27:59 [INFO] src.pomo_trainer:   batch 320/625 (51.2%)  loss=-44.4401  avg_reward=2177.34  penalty_ratio=0.00%  eta=171.3s
2026-04-08 10:28:05 [INFO] src.pomo_trainer:   batch 330/625 (52.8%)  loss=40.3085  avg_reward=2274.83  penalty_ratio=0.00%  eta=165.8s
2026-04-08 10:28:10 [INFO] src.pomo_trainer:   batch 340/625 (54.4%)  loss=45.0650  avg_reward=1464.18  penalty_ratio=0.00%  eta=159.5s
2026-04-08 10:28:15 [INFO] src.pomo_trainer:   batch 350/625 (56.0%)  loss=-0.2200  avg_reward=58.30  penalty_ratio=0.00%  eta=153.4s
2026-04-08 10:28:21 [INFO] src.pomo_trainer:   batch 360/625 (57.6%)  loss=50.4746  avg_reward=858.90  penalty_ratio=0.00%  eta=148.6s
2026-04-08 10:28:27 [INFO] src.pomo_trainer:   batch 370/625 (59.2%)  loss=9.4560  avg_reward=3510.74  penalty_ratio=0.00%  eta=142.8s
2026-04-08 10:28:32 [INFO] src.pomo_trainer:   batch 380/625 (60.8%)  loss=-22.4174  avg_reward=344.02  penalty_ratio=0.00%  eta=136.8s
2026-04-08 10:28:39 [INFO] src.pomo_trainer:   batch 390/625 (62.4%)  loss=-9.8587  avg_reward=522.42  penalty_ratio=0.00%  eta=132.0s
2026-04-08 10:28:44 [INFO] src.pomo_trainer:   batch 400/625 (64.0%)  loss=-31.1072  avg_reward=2530.72  penalty_ratio=0.00%  eta=126.5s
2026-04-08 10:28:50 [INFO] src.pomo_trainer:   batch 410/625 (65.6%)  loss=4.4560  avg_reward=1924.30  penalty_ratio=0.00%  eta=120.8s
2026-04-08 10:28:56 [INFO] src.pomo_trainer:   batch 420/625 (67.2%)  loss=211.0375  avg_reward=3517.55  penalty_ratio=0.00%  eta=115.2s
2026-04-08 10:29:00 [INFO] src.pomo_trainer:   batch 430/625 (68.8%)  loss=145.9328  avg_reward=3025.94  penalty_ratio=0.00%  eta=109.0s
2026-04-08 10:29:05 [INFO] src.pomo_trainer:   batch 440/625 (70.4%)  loss=188.0567  avg_reward=3386.53  penalty_ratio=0.00%  eta=103.4s
2026-04-08 10:29:10 [INFO] src.pomo_trainer:   batch 450/625 (72.0%)  loss=30.4897  avg_reward=2214.21  penalty_ratio=0.00%  eta=97.5s
2026-04-08 10:29:18 [INFO] src.pomo_trainer:   batch 460/625 (73.6%)  loss=-33.5946  avg_reward=3752.20  penalty_ratio=0.00%  eta=92.7s
2026-04-08 10:29:24 [INFO] src.pomo_trainer:   batch 470/625 (75.2%)  loss=-26.8863  avg_reward=1109.23  penalty_ratio=0.00%  eta=87.2s
2026-04-08 10:29:30 [INFO] src.pomo_trainer:   batch 480/625 (76.8%)  loss=-27.6682  avg_reward=2672.60  penalty_ratio=0.00%  eta=81.7s
2026-04-08 10:29:35 [INFO] src.pomo_trainer:   batch 490/625 (78.4%)  loss=-23.3712  avg_reward=4120.11  penalty_ratio=0.00%  eta=75.9s
2026-04-08 10:29:41 [INFO] src.pomo_trainer:   batch 500/625 (80.0%)  loss=20.0480  avg_reward=678.24  penalty_ratio=0.00%  eta=70.5s
2026-04-08 10:29:46 [INFO] src.pomo_trainer:   batch 510/625 (81.6%)  loss=61.5580  avg_reward=2154.70  penalty_ratio=0.00%  eta=64.5s
2026-04-08 10:29:50 [INFO] src.pomo_trainer:   batch 520/625 (83.2%)  loss=0.5709  avg_reward=1116.76  penalty_ratio=0.00%  eta=58.7s
2026-04-08 10:29:55 [INFO] src.pomo_trainer:   batch 530/625 (84.8%)  loss=-18.7574  avg_reward=2267.96  penalty_ratio=0.00%  eta=52.9s
2026-04-08 10:30:00 [INFO] src.pomo_trainer:   batch 540/625 (86.4%)  loss=-0.0000  avg_reward=-179.31  penalty_ratio=0.00%  eta=47.3s
2026-04-08 10:30:05 [INFO] src.pomo_trainer:   batch 550/625 (88.0%)  loss=77.4695  avg_reward=2090.53  penalty_ratio=0.00%  eta=41.6s
2026-04-08 10:30:12 [INFO] src.pomo_trainer:   batch 560/625 (89.6%)  loss=-12.8097  avg_reward=4222.13  penalty_ratio=0.00%  eta=36.3s
2026-04-08 10:30:16 [INFO] src.pomo_trainer:   batch 570/625 (91.2%)  loss=244.3866  avg_reward=2735.53  penalty_ratio=0.00%  eta=30.5s
2026-04-08 10:30:22 [INFO] src.pomo_trainer:   batch 580/625 (92.8%)  loss=186.6203  avg_reward=1688.65  penalty_ratio=0.00%  eta=25.0s
2026-04-08 10:30:27 [INFO] src.pomo_trainer:   batch 590/625 (94.4%)  loss=-1.0454  avg_reward=-111.50  penalty_ratio=0.00%  eta=19.5s
2026-04-08 10:30:33 [INFO] src.pomo_trainer:   batch 600/625 (96.0%)  loss=158.7390  avg_reward=1822.69  penalty_ratio=0.00%  eta=13.9s
2026-04-08 10:30:40 [INFO] src.pomo_trainer:   batch 610/625 (97.6%)  loss=186.1087  avg_reward=1540.85  penalty_ratio=0.00%  eta=8.4s
2026-04-08 10:30:47 [INFO] src.pomo_trainer:   batch 620/625 (99.2%)  loss=-0.1366  avg_reward=49.57  penalty_ratio=0.00%  eta=2.8s
2026-04-08 10:30:50 [INFO] __main__: Epoch 12  stage=main  loss=48.445762  reward=1902.43  var=245847.11  penalty=0.00%  mem_max=nan%
2026-04-08 10:30:50 [INFO] __main__: Training progress: 12/1000 (1.2%)  elapsed=3521.5s  eta=289940.9s
2026-04-08 10:30:50 [INFO] __main__: 
--- Epoch 13 / 1000 ---
2026-04-08 10:30:56 [INFO] src.pomo_trainer:   batch 10/625 (1.6%)  loss=155.2803  avg_reward=1838.60  penalty_ratio=0.00%  eta=339.2s
2026-04-08 10:31:01 [INFO] src.pomo_trainer:   batch 20/625 (3.2%)  loss=152.7211  avg_reward=3229.63  penalty_ratio=0.00%  eta=325.9s
2026-04-08 10:31:06 [INFO] src.pomo_trainer:   batch 30/625 (4.8%)  loss=7.3410  avg_reward=636.29  penalty_ratio=0.00%  eta=300.9s
2026-04-08 10:31:11 [INFO] src.pomo_trainer:   batch 40/625 (6.4%)  loss=108.2027  avg_reward=2533.65  penalty_ratio=0.00%  eta=305.0s
2026-04-08 10:31:18 [INFO] src.pomo_trainer:   batch 50/625 (8.0%)  loss=173.5205  avg_reward=1921.87  penalty_ratio=0.00%  eta=311.8s
2026-04-08 10:31:23 [INFO] src.pomo_trainer:   batch 60/625 (9.6%)  loss=108.7809  avg_reward=1698.36  penalty_ratio=0.00%  eta=302.8s
2026-04-08 10:31:29 [INFO] src.pomo_trainer:   batch 70/625 (11.2%)  loss=-0.9456  avg_reward=1623.87  penalty_ratio=0.00%  eta=304.0s
2026-04-08 10:31:34 [INFO] src.pomo_trainer:   batch 80/625 (12.8%)  loss=13.8814  avg_reward=1922.86  penalty_ratio=0.00%  eta=298.3s
2026-04-08 10:31:41 [INFO] src.pomo_trainer:   batch 90/625 (14.4%)  loss=61.0823  avg_reward=1879.10  penalty_ratio=0.00%  eta=300.9s
2026-04-08 10:31:47 [INFO] src.pomo_trainer:   batch 100/625 (16.0%)  loss=-3.7552  avg_reward=2016.29  penalty_ratio=0.00%  eta=297.1s
2026-04-08 10:31:54 [INFO] src.pomo_trainer:   batch 110/625 (17.6%)  loss=121.5891  avg_reward=3140.71  penalty_ratio=0.00%  eta=297.8s
2026-04-08 10:32:01 [INFO] src.pomo_trainer:   batch 120/625 (19.2%)  loss=71.3585  avg_reward=2847.08  penalty_ratio=0.00%  eta=295.3s
2026-04-08 10:32:05 [INFO] src.pomo_trainer:   batch 130/625 (20.8%)  loss=-31.0529  avg_reward=3713.01  penalty_ratio=0.00%  eta=284.5s
2026-04-08 10:32:11 [INFO] src.pomo_trainer:   batch 140/625 (22.4%)  loss=12.4014  avg_reward=1482.79  penalty_ratio=0.00%  eta=279.2s
2026-04-08 10:32:17 [INFO] src.pomo_trainer:   batch 150/625 (24.0%)  loss=-26.1727  avg_reward=3722.99  penalty_ratio=0.00%  eta=274.2s
2026-04-08 10:32:23 [INFO] src.pomo_trainer:   batch 160/625 (25.6%)  loss=159.5470  avg_reward=2453.55  penalty_ratio=0.00%  eta=270.2s
2026-04-08 10:32:29 [INFO] src.pomo_trainer:   batch 170/625 (27.2%)  loss=136.9238  avg_reward=2226.08  penalty_ratio=0.00%  eta=263.8s
2026-04-08 10:32:35 [INFO] src.pomo_trainer:   batch 180/625 (28.8%)  loss=21.5792  avg_reward=1816.52  penalty_ratio=0.00%  eta=257.8s
2026-04-08 10:32:41 [INFO] src.pomo_trainer:   batch 190/625 (30.4%)  loss=2.0191  avg_reward=2165.42  penalty_ratio=0.00%  eta=252.5s
2026-04-08 10:32:46 [INFO] src.pomo_trainer:   batch 200/625 (32.0%)  loss=-16.3935  avg_reward=854.63  penalty_ratio=0.00%  eta=244.8s
2026-04-08 10:32:52 [INFO] src.pomo_trainer:   batch 210/625 (33.6%)  loss=134.6990  avg_reward=2415.22  penalty_ratio=0.00%  eta=240.8s
2026-04-08 10:32:57 [INFO] src.pomo_trainer:   batch 220/625 (35.2%)  loss=-24.8915  avg_reward=2469.52  penalty_ratio=0.00%  eta=232.7s
2026-04-08 10:33:02 [INFO] src.pomo_trainer:   batch 230/625 (36.8%)  loss=-24.4915  avg_reward=4076.36  penalty_ratio=0.00%  eta=225.5s
2026-04-08 10:33:07 [INFO] src.pomo_trainer:   batch 240/625 (38.4%)  loss=-32.0267  avg_reward=2122.00  penalty_ratio=0.00%  eta=218.7s
2026-04-08 10:33:12 [INFO] src.pomo_trainer:   batch 250/625 (40.0%)  loss=-2.1111  avg_reward=306.13  penalty_ratio=0.00%  eta=212.9s
2026-04-08 10:33:17 [INFO] src.pomo_trainer:   batch 260/625 (41.6%)  loss=126.4431  avg_reward=2841.71  penalty_ratio=0.00%  eta=205.5s
2026-04-08 10:33:24 [INFO] src.pomo_trainer:   batch 270/625 (43.2%)  loss=-24.4134  avg_reward=4149.34  penalty_ratio=0.00%  eta=201.4s
2026-04-08 10:33:30 [INFO] src.pomo_trainer:   batch 280/625 (44.8%)  loss=103.9510  avg_reward=2834.30  penalty_ratio=0.00%  eta=197.2s
2026-04-08 10:33:35 [INFO] src.pomo_trainer:   batch 290/625 (46.4%)  loss=198.8288  avg_reward=2415.33  penalty_ratio=0.00%  eta=190.5s
2026-04-08 10:33:41 [INFO] src.pomo_trainer:   batch 300/625 (48.0%)  loss=-7.6055  avg_reward=2254.63  penalty_ratio=0.00%  eta=184.5s
2026-04-08 10:33:46 [INFO] src.pomo_trainer:   batch 310/625 (49.6%)  loss=13.6342  avg_reward=791.58  penalty_ratio=0.00%  eta=178.1s
2026-04-08 10:33:51 [INFO] src.pomo_trainer:   batch 320/625 (51.2%)  loss=93.4728  avg_reward=1787.50  penalty_ratio=0.00%  eta=172.4s
2026-04-08 10:33:57 [INFO] src.pomo_trainer:   batch 330/625 (52.8%)  loss=-20.6385  avg_reward=3547.68  penalty_ratio=0.00%  eta=166.5s
2026-04-08 10:34:03 [INFO] src.pomo_trainer:   batch 340/625 (54.4%)  loss=-4.3321  avg_reward=4392.34  penalty_ratio=0.00%  eta=161.3s
2026-04-08 10:34:08 [INFO] src.pomo_trainer:   batch 350/625 (56.0%)  loss=163.9473  avg_reward=3495.61  penalty_ratio=0.00%  eta=155.2s
2026-04-08 10:34:14 [INFO] src.pomo_trainer:   batch 360/625 (57.6%)  loss=36.8139  avg_reward=1183.14  penalty_ratio=0.00%  eta=150.1s
2026-04-08 10:34:19 [INFO] src.pomo_trainer:   batch 370/625 (59.2%)  loss=199.9910  avg_reward=3515.47  penalty_ratio=0.00%  eta=143.6s
2026-04-08 10:34:24 [INFO] src.pomo_trainer:   batch 380/625 (60.8%)  loss=172.4337  avg_reward=1378.24  penalty_ratio=0.00%  eta=138.0s
2026-04-08 10:34:32 [INFO] src.pomo_trainer:   batch 390/625 (62.4%)  loss=19.2265  avg_reward=2474.31  penalty_ratio=0.00%  eta=133.4s
2026-04-08 10:34:37 [INFO] src.pomo_trainer:   batch 400/625 (64.0%)  loss=-0.0984  avg_reward=-430.17  penalty_ratio=0.00%  eta=127.2s
2026-04-08 10:34:43 [INFO] src.pomo_trainer:   batch 410/625 (65.6%)  loss=-0.0000  avg_reward=-550.20  penalty_ratio=0.00%  eta=121.8s
2026-04-08 10:34:47 [INFO] src.pomo_trainer:   batch 420/625 (67.2%)  loss=-5.5409  avg_reward=106.57  penalty_ratio=0.00%  eta=115.4s
2026-04-08 10:34:52 [INFO] src.pomo_trainer:   batch 430/625 (68.8%)  loss=14.0205  avg_reward=1376.20  penalty_ratio=0.00%  eta=109.5s
2026-04-08 10:34:57 [INFO] src.pomo_trainer:   batch 440/625 (70.4%)  loss=-16.9333  avg_reward=2366.77  penalty_ratio=0.00%  eta=103.5s
2026-04-08 10:35:03 [INFO] src.pomo_trainer:   batch 450/625 (72.0%)  loss=121.6344  avg_reward=1036.43  penalty_ratio=0.00%  eta=98.2s
2026-04-08 10:35:09 [INFO] src.pomo_trainer:   batch 460/625 (73.6%)  loss=117.2027  avg_reward=1873.84  penalty_ratio=0.00%  eta=92.7s
2026-04-08 10:35:14 [INFO] src.pomo_trainer:   batch 470/625 (75.2%)  loss=66.5781  avg_reward=1484.63  penalty_ratio=0.00%  eta=86.9s
2026-04-08 10:35:18 [INFO] src.pomo_trainer:   batch 480/625 (76.8%)  loss=5.7396  avg_reward=3227.90  penalty_ratio=0.00%  eta=80.7s
2026-04-08 10:35:23 [INFO] src.pomo_trainer:   batch 490/625 (78.4%)  loss=-2.3566  avg_reward=521.52  penalty_ratio=0.00%  eta=75.2s
2026-04-08 10:35:28 [INFO] src.pomo_trainer:   batch 500/625 (80.0%)  loss=116.7248  avg_reward=1614.30  penalty_ratio=0.00%  eta=69.4s
2026-04-08 10:35:34 [INFO] src.pomo_trainer:   batch 510/625 (81.6%)  loss=-15.0987  avg_reward=700.76  penalty_ratio=0.00%  eta=63.9s
2026-04-08 10:35:40 [INFO] src.pomo_trainer:   batch 520/625 (83.2%)  loss=39.2928  avg_reward=831.44  penalty_ratio=0.00%  eta=58.5s
2026-04-08 10:35:44 [INFO] src.pomo_trainer:   batch 530/625 (84.8%)  loss=16.3143  avg_reward=2517.91  penalty_ratio=0.00%  eta=52.6s
2026-04-08 10:35:49 [INFO] src.pomo_trainer:   batch 540/625 (86.4%)  loss=15.0412  avg_reward=560.44  penalty_ratio=0.00%  eta=47.0s
2026-04-08 10:35:55 [INFO] src.pomo_trainer:   batch 550/625 (88.0%)  loss=154.4756  avg_reward=1768.10  penalty_ratio=0.00%  eta=41.6s
2026-04-08 10:36:01 [INFO] src.pomo_trainer:   batch 560/625 (89.6%)  loss=-0.0039  avg_reward=-280.93  penalty_ratio=0.00%  eta=36.0s
2026-04-08 10:36:06 [INFO] src.pomo_trainer:   batch 570/625 (91.2%)  loss=-27.5375  avg_reward=2047.85  penalty_ratio=0.00%  eta=30.5s
2026-04-08 10:36:13 [INFO] src.pomo_trainer:   batch 580/625 (92.8%)  loss=209.9612  avg_reward=3370.25  penalty_ratio=0.00%  eta=25.0s
2026-04-08 10:36:20 [INFO] src.pomo_trainer:   batch 590/625 (94.4%)  loss=85.3016  avg_reward=2383.08  penalty_ratio=0.00%  eta=19.6s
2026-04-08 10:36:26 [INFO] src.pomo_trainer:   batch 600/625 (96.0%)  loss=-28.3151  avg_reward=5334.34  penalty_ratio=0.00%  eta=14.0s
2026-04-08 10:36:31 [INFO] src.pomo_trainer:   batch 610/625 (97.6%)  loss=-17.7457  avg_reward=3849.32  penalty_ratio=0.00%  eta=8.4s
2026-04-08 10:36:36 [INFO] src.pomo_trainer:   batch 620/625 (99.2%)  loss=4.2441  avg_reward=5077.50  penalty_ratio=0.00%  eta=2.8s
2026-04-08 10:36:38 [INFO] __main__: Epoch 13  stage=main  loss=56.785790  reward=1955.39  var=247159.28  penalty=0.00%  mem_max=nan%
2026-04-08 10:36:38 [INFO] __main__: Training progress: 13/1000 (1.3%)  elapsed=3869.4s  eta=293778.0s
2026-04-08 10:36:38 [INFO] __main__: 
--- Epoch 14 / 1000 ---
2026-04-08 10:36:43 [INFO] src.pomo_trainer:   batch 10/625 (1.6%)  loss=-7.0310  avg_reward=193.91  penalty_ratio=0.00%  eta=267.0s
2026-04-08 10:36:47 [INFO] src.pomo_trainer:   batch 20/625 (3.2%)  loss=128.9149  avg_reward=2453.35  penalty_ratio=0.00%  eta=266.8s
2026-04-08 10:36:53 [INFO] src.pomo_trainer:   batch 30/625 (4.8%)  loss=42.0416  avg_reward=5296.27  penalty_ratio=0.00%  eta=292.6s
2026-04-08 10:36:58 [INFO] src.pomo_trainer:   batch 40/625 (6.4%)  loss=-35.5125  avg_reward=103.59  penalty_ratio=0.00%  eta=293.5s
2026-04-08 10:37:04 [INFO] src.pomo_trainer:   batch 50/625 (8.0%)  loss=18.8657  avg_reward=3631.74  penalty_ratio=0.00%  eta=299.1s
2026-04-08 10:37:13 [INFO] src.pomo_trainer:   batch 60/625 (9.6%)  loss=67.6500  avg_reward=2015.37  penalty_ratio=0.00%  eta=325.3s
2026-04-08 10:37:17 [INFO] src.pomo_trainer:   batch 70/625 (11.2%)  loss=-0.0000  avg_reward=-149.14  penalty_ratio=0.00%  eta=308.4s
2026-04-08 10:37:21 [INFO] src.pomo_trainer:   batch 80/625 (12.8%)  loss=133.3866  avg_reward=2331.71  penalty_ratio=0.00%  eta=292.0s
2026-04-08 10:37:29 [INFO] src.pomo_trainer:   batch 90/625 (14.4%)  loss=25.3123  avg_reward=2411.94  penalty_ratio=0.00%  eta=298.9s
2026-04-08 10:37:31 [INFO] src.pomo_trainer:   batch 100/625 (16.0%)  loss=-0.0000  avg_reward=-1229.63  penalty_ratio=0.00%  eta=277.8s
2026-04-08 10:37:36 [INFO] src.pomo_trainer:   batch 110/625 (17.6%)  loss=245.0208  avg_reward=2761.05  penalty_ratio=0.00%  eta=268.9s
2026-04-08 10:37:41 [INFO] src.pomo_trainer:   batch 120/625 (19.2%)  loss=263.6222  avg_reward=2448.97  penalty_ratio=0.00%  eta=262.1s
2026-04-08 10:37:44 [INFO] src.pomo_trainer:   batch 130/625 (20.8%)  loss=-15.4732  avg_reward=2703.71  penalty_ratio=0.00%  eta=249.4s
2026-04-08 10:37:49 [INFO] src.pomo_trainer:   batch 140/625 (22.4%)  loss=-0.0000  avg_reward=-1129.58  penalty_ratio=0.00%  eta=244.1s
2026-04-08 10:37:55 [INFO] src.pomo_trainer:   batch 150/625 (24.0%)  loss=176.6320  avg_reward=2270.14  penalty_ratio=0.00%  eta=243.5s
2026-04-08 10:38:01 [INFO] src.pomo_trainer:   batch 160/625 (25.6%)  loss=-13.1290  avg_reward=185.77  penalty_ratio=0.00%  eta=239.5s
2026-04-08 10:38:07 [INFO] src.pomo_trainer:   batch 170/625 (27.2%)  loss=205.8189  avg_reward=1731.42  penalty_ratio=0.00%  eta=238.5s
2026-04-08 10:38:13 [INFO] src.pomo_trainer:   batch 180/625 (28.8%)  loss=153.9103  avg_reward=2059.21  penalty_ratio=0.00%  eta=233.3s
2026-04-08 10:38:19 [INFO] src.pomo_trainer:   batch 190/625 (30.4%)  loss=150.7690  avg_reward=2487.57  penalty_ratio=0.00%  eta=229.8s
2026-04-08 10:38:23 [INFO] src.pomo_trainer:   batch 200/625 (32.0%)  loss=105.2344  avg_reward=1896.54  penalty_ratio=0.00%  eta=222.1s
2026-04-08 10:38:26 [INFO] src.pomo_trainer:   batch 210/625 (33.6%)  loss=0.2074  avg_reward=38.98  penalty_ratio=0.00%  eta=213.4s
2026-04-08 10:38:33 [INFO] src.pomo_trainer:   batch 220/625 (35.2%)  loss=47.5250  avg_reward=1661.83  penalty_ratio=0.00%  eta=211.5s
2026-04-08 10:38:38 [INFO] src.pomo_trainer:   batch 230/625 (36.8%)  loss=-5.4566  avg_reward=211.93  penalty_ratio=0.00%  eta=206.0s
2026-04-08 10:38:41 [INFO] src.pomo_trainer:   batch 240/625 (38.4%)  loss=0.1373  avg_reward=-1001.22  penalty_ratio=0.00%  eta=197.5s
2026-04-08 10:38:45 [INFO] src.pomo_trainer:   batch 250/625 (40.0%)  loss=29.4469  avg_reward=1878.54  penalty_ratio=0.00%  eta=190.7s
2026-04-08 10:38:51 [INFO] src.pomo_trainer:   batch 260/625 (41.6%)  loss=45.2666  avg_reward=4057.28  penalty_ratio=0.00%  eta=186.6s
2026-04-08 10:38:56 [INFO] src.pomo_trainer:   batch 270/625 (43.2%)  loss=4.9578  avg_reward=629.31  penalty_ratio=0.00%  eta=181.6s
2026-04-08 10:39:02 [INFO] src.pomo_trainer:   batch 280/625 (44.8%)  loss=15.1942  avg_reward=786.30  penalty_ratio=0.00%  eta=177.6s
2026-04-08 10:39:07 [INFO] src.pomo_trainer:   batch 290/625 (46.4%)  loss=-13.9442  avg_reward=3624.96  penalty_ratio=0.00%  eta=171.3s
2026-04-08 10:39:09 [INFO] src.pomo_trainer:   batch 300/625 (48.0%)  loss=180.4583  avg_reward=1579.81  penalty_ratio=0.00%  eta=163.8s
2026-04-08 10:39:15 [INFO] src.pomo_trainer:   batch 310/625 (49.6%)  loss=0.1063  avg_reward=418.10  penalty_ratio=0.00%  eta=159.5s
2026-04-08 10:39:21 [INFO] src.pomo_trainer:   batch 320/625 (51.2%)  loss=-15.8103  avg_reward=3164.61  penalty_ratio=0.00%  eta=154.7s
2026-04-08 10:39:26 [INFO] src.pomo_trainer:   batch 330/625 (52.8%)  loss=140.7877  avg_reward=1468.97  penalty_ratio=0.00%  eta=150.1s
2026-04-08 10:39:30 [INFO] src.pomo_trainer:   batch 340/625 (54.4%)  loss=92.4296  avg_reward=2189.00  penalty_ratio=0.00%  eta=144.1s
2026-04-08 10:39:34 [INFO] src.pomo_trainer:   batch 350/625 (56.0%)  loss=-0.0109  avg_reward=98.04  penalty_ratio=0.00%  eta=138.0s
2026-04-08 10:39:39 [INFO] src.pomo_trainer:   batch 360/625 (57.6%)  loss=-0.0000  avg_reward=-1219.98  penalty_ratio=0.00%  eta=132.7s
2026-04-08 10:39:45 [INFO] src.pomo_trainer:   batch 370/625 (59.2%)  loss=-26.0087  avg_reward=2189.01  penalty_ratio=0.00%  eta=128.4s
2026-04-08 10:39:51 [INFO] src.pomo_trainer:   batch 380/625 (60.8%)  loss=15.2264  avg_reward=1267.43  penalty_ratio=0.00%  eta=124.1s
2026-04-08 10:39:57 [INFO] src.pomo_trainer:   batch 390/625 (62.4%)  loss=58.0866  avg_reward=1847.00  penalty_ratio=0.00%  eta=119.6s
2026-04-08 10:40:01 [INFO] src.pomo_trainer:   batch 400/625 (64.0%)  loss=-0.6651  avg_reward=-301.00  penalty_ratio=0.00%  eta=114.1s
2026-04-08 10:40:07 [INFO] src.pomo_trainer:   batch 410/625 (65.6%)  loss=43.8470  avg_reward=2531.42  penalty_ratio=0.00%  eta=109.4s
2026-04-08 10:40:12 [INFO] src.pomo_trainer:   batch 420/625 (67.2%)  loss=162.9560  avg_reward=2855.63  penalty_ratio=0.00%  eta=104.3s
2026-04-08 10:40:18 [INFO] src.pomo_trainer:   batch 430/625 (68.8%)  loss=9.3865  avg_reward=933.21  penalty_ratio=0.00%  eta=99.7s
2026-04-08 10:40:24 [INFO] src.pomo_trainer:   batch 440/625 (70.4%)  loss=60.7786  avg_reward=2746.62  penalty_ratio=0.00%  eta=94.8s
2026-04-08 10:40:29 [INFO] src.pomo_trainer:   batch 450/625 (72.0%)  loss=78.7383  avg_reward=1553.19  penalty_ratio=0.00%  eta=89.9s
2026-04-08 10:40:34 [INFO] src.pomo_trainer:   batch 460/625 (73.6%)  loss=75.5435  avg_reward=2884.14  penalty_ratio=0.00%  eta=84.6s
2026-04-08 10:40:41 [INFO] src.pomo_trainer:   batch 470/625 (75.2%)  loss=61.9754  avg_reward=2010.67  penalty_ratio=0.00%  eta=80.0s
2026-04-08 10:40:45 [INFO] src.pomo_trainer:   batch 480/625 (76.8%)  loss=19.0794  avg_reward=1569.71  penalty_ratio=0.00%  eta=74.4s
2026-04-08 10:40:50 [INFO] src.pomo_trainer:   batch 490/625 (78.4%)  loss=-14.0745  avg_reward=622.10  penalty_ratio=0.00%  eta=69.4s
2026-04-08 10:40:56 [INFO] src.pomo_trainer:   batch 500/625 (80.0%)  loss=111.2887  avg_reward=2750.94  penalty_ratio=0.00%  eta=64.4s
2026-04-08 10:41:01 [INFO] src.pomo_trainer:   batch 510/625 (81.6%)  loss=31.1584  avg_reward=1749.81  penalty_ratio=0.00%  eta=59.2s
2026-04-08 10:41:07 [INFO] src.pomo_trainer:   batch 520/625 (83.2%)  loss=7.5890  avg_reward=1354.94  penalty_ratio=0.00%  eta=54.3s
2026-04-08 10:41:13 [INFO] src.pomo_trainer:   batch 530/625 (84.8%)  loss=230.5690  avg_reward=2695.25  penalty_ratio=0.00%  eta=49.2s
2026-04-08 10:41:18 [INFO] src.pomo_trainer:   batch 540/625 (86.4%)  loss=195.2620  avg_reward=2374.92  penalty_ratio=0.00%  eta=44.0s
2026-04-08 10:41:24 [INFO] src.pomo_trainer:   batch 550/625 (88.0%)  loss=210.2892  avg_reward=2511.09  penalty_ratio=0.00%  eta=38.9s
2026-04-08 10:41:30 [INFO] src.pomo_trainer:   batch 560/625 (89.6%)  loss=245.9178  avg_reward=2106.54  penalty_ratio=0.00%  eta=33.8s
2026-04-08 10:41:34 [INFO] src.pomo_trainer:   batch 570/625 (91.2%)  loss=4.8609  avg_reward=3001.46  penalty_ratio=0.00%  eta=28.6s
2026-04-08 10:41:41 [INFO] src.pomo_trainer:   batch 580/625 (92.8%)  loss=189.6221  avg_reward=3153.17  penalty_ratio=0.00%  eta=23.5s
2026-04-08 10:41:48 [INFO] src.pomo_trainer:   batch 590/625 (94.4%)  loss=48.0378  avg_reward=2313.40  penalty_ratio=0.00%  eta=18.4s
2026-04-08 10:41:54 [INFO] src.pomo_trainer:   batch 600/625 (96.0%)  loss=-51.6577  avg_reward=4323.37  penalty_ratio=0.00%  eta=13.2s
2026-04-08 10:41:58 [INFO] src.pomo_trainer:   batch 610/625 (97.6%)  loss=0.8776  avg_reward=-263.29  penalty_ratio=0.00%  eta=7.9s
2026-04-08 10:42:04 [INFO] src.pomo_trainer:   batch 620/625 (99.2%)  loss=112.4586  avg_reward=2303.59  penalty_ratio=0.00%  eta=2.6s
2026-04-08 10:42:07 [INFO] __main__: Epoch 14  stage=main  loss=50.692865  reward=1799.34  var=217321.36  penalty=0.00%  mem_max=nan%
2026-04-08 10:42:07 [INFO] __main__: Training progress: 14/1000 (1.4%)  elapsed=4197.7s  eta=295635.7s
2026-04-08 10:42:07 [INFO] __main__: 
--- Epoch 15 / 1000 ---
2026-04-08 10:42:13 [INFO] src.pomo_trainer:   batch 10/625 (1.6%)  loss=96.8937  avg_reward=2850.73  penalty_ratio=0.00%  eta=367.0s
2026-04-08 10:42:17 [INFO] src.pomo_trainer:   batch 20/625 (3.2%)  loss=9.0452  avg_reward=1117.67  penalty_ratio=0.00%  eta=317.9s
2026-04-08 10:42:22 [INFO] src.pomo_trainer:   batch 30/625 (4.8%)  loss=-2.7753  avg_reward=2111.70  penalty_ratio=0.00%  eta=301.1s
2026-04-08 10:42:28 [INFO] src.pomo_trainer:   batch 40/625 (6.4%)  loss=132.8064  avg_reward=2422.28  penalty_ratio=0.00%  eta=313.0s
2026-04-08 10:42:33 [INFO] src.pomo_trainer:   batch 50/625 (8.0%)  loss=89.0558  avg_reward=3770.03  penalty_ratio=0.00%  eta=309.5s
2026-04-08 10:42:39 [INFO] src.pomo_trainer:   batch 60/625 (9.6%)  loss=5.6586  avg_reward=147.41  penalty_ratio=0.00%  eta=305.2s
2026-04-08 10:42:46 [INFO] src.pomo_trainer:   batch 70/625 (11.2%)  loss=-19.4409  avg_reward=1103.37  penalty_ratio=0.00%  eta=310.3s
2026-04-08 10:42:51 [INFO] src.pomo_trainer:   batch 80/625 (12.8%)  loss=-37.3252  avg_reward=2421.43  penalty_ratio=0.00%  eta=305.5s
2026-04-08 10:42:57 [INFO] src.pomo_trainer:   batch 90/625 (14.4%)  loss=72.7896  avg_reward=3304.23  penalty_ratio=0.00%  eta=302.2s
2026-04-08 10:43:04 [INFO] src.pomo_trainer:   batch 100/625 (16.0%)  loss=50.5854  avg_reward=2978.98  penalty_ratio=0.00%  eta=302.5s
2026-04-08 10:43:09 [INFO] src.pomo_trainer:   batch 110/625 (17.6%)  loss=-6.0550  avg_reward=1175.54  penalty_ratio=0.00%  eta=294.5s
2026-04-08 10:43:15 [INFO] src.pomo_trainer:   batch 120/625 (19.2%)  loss=-0.1592  avg_reward=59.35  penalty_ratio=0.00%  eta=289.0s
2026-04-08 10:43:20 [INFO] src.pomo_trainer:   batch 130/625 (20.8%)  loss=-10.2943  avg_reward=547.94  penalty_ratio=0.00%  eta=280.7s
2026-04-08 10:43:25 [INFO] src.pomo_trainer:   batch 140/625 (22.4%)  loss=-32.1265  avg_reward=4506.69  penalty_ratio=0.00%  eta=272.0s
2026-04-08 10:43:31 [INFO] src.pomo_trainer:   batch 150/625 (24.0%)  loss=-0.0489  avg_reward=22.28  penalty_ratio=0.00%  eta=268.0s
2026-04-08 10:43:37 [INFO] src.pomo_trainer:   batch 160/625 (25.6%)  loss=-0.0000  avg_reward=-1188.11  penalty_ratio=0.00%  eta=263.4s
2026-04-08 10:43:42 [INFO] src.pomo_trainer:   batch 170/625 (27.2%)  loss=-6.6267  avg_reward=1861.06  penalty_ratio=0.00%  eta=256.0s
2026-04-08 10:43:48 [INFO] src.pomo_trainer:   batch 180/625 (28.8%)  loss=23.8659  avg_reward=2256.60  penalty_ratio=0.00%  eta=251.3s
2026-04-08 10:43:55 [INFO] src.pomo_trainer:   batch 190/625 (30.4%)  loss=206.9543  avg_reward=2152.34  penalty_ratio=0.00%  eta=247.5s
2026-04-08 10:43:58 [INFO] src.pomo_trainer:   batch 200/625 (32.0%)  loss=-8.2102  avg_reward=523.82  penalty_ratio=0.00%  eta=237.6s
2026-04-08 10:44:04 [INFO] src.pomo_trainer:   batch 210/625 (33.6%)  loss=-9.6445  avg_reward=2098.87  penalty_ratio=0.00%  eta=232.9s
2026-04-08 10:44:11 [INFO] src.pomo_trainer:   batch 220/625 (35.2%)  loss=-58.1507  avg_reward=4236.95  penalty_ratio=0.00%  eta=228.5s
2026-04-08 10:44:17 [INFO] src.pomo_trainer:   batch 230/625 (36.8%)  loss=-83.3063  avg_reward=4305.89  penalty_ratio=0.00%  eta=224.2s
2026-04-08 10:44:23 [INFO] src.pomo_trainer:   batch 240/625 (38.4%)  loss=131.9967  avg_reward=3067.98  penalty_ratio=0.00%  eta=219.1s
2026-04-08 10:44:26 [INFO] src.pomo_trainer:   batch 250/625 (40.0%)  loss=-23.3909  avg_reward=5337.89  penalty_ratio=0.00%  eta=209.8s
2026-04-08 10:44:32 [INFO] src.pomo_trainer:   batch 260/625 (41.6%)  loss=-24.1554  avg_reward=2460.39  penalty_ratio=0.00%  eta=203.9s
2026-04-08 10:44:35 [INFO] src.pomo_trainer:   batch 270/625 (43.2%)  loss=101.3470  avg_reward=1281.37  penalty_ratio=0.00%  eta=195.6s
2026-04-08 10:44:41 [INFO] src.pomo_trainer:   batch 280/625 (44.8%)  loss=7.2851  avg_reward=491.84  penalty_ratio=0.00%  eta=189.8s
2026-04-08 10:44:47 [INFO] src.pomo_trainer:   batch 290/625 (46.4%)  loss=77.0099  avg_reward=2667.47  penalty_ratio=0.00%  eta=184.9s
2026-04-08 10:44:51 [INFO] src.pomo_trainer:   batch 300/625 (48.0%)  loss=6.1040  avg_reward=4304.65  penalty_ratio=0.00%  eta=178.1s
2026-04-08 10:44:57 [INFO] src.pomo_trainer:   batch 310/625 (49.6%)  loss=-22.2967  avg_reward=4128.89  penalty_ratio=0.00%  eta=173.6s
2026-04-08 10:45:02 [INFO] src.pomo_trainer:   batch 320/625 (51.2%)  loss=-0.0951  avg_reward=-263.88  penalty_ratio=0.00%  eta=167.5s
2026-04-08 10:45:06 [INFO] src.pomo_trainer:   batch 330/625 (52.8%)  loss=-6.8337  avg_reward=3728.43  penalty_ratio=0.00%  eta=160.5s
2026-04-08 10:45:12 [INFO] src.pomo_trainer:   batch 340/625 (54.4%)  loss=-6.5338  avg_reward=2076.67  penalty_ratio=0.00%  eta=155.5s
2026-04-08 10:45:17 [INFO] src.pomo_trainer:   batch 350/625 (56.0%)  loss=-15.4655  avg_reward=3605.68  penalty_ratio=0.00%  eta=149.5s
2026-04-08 10:45:22 [INFO] src.pomo_trainer:   batch 360/625 (57.6%)  loss=67.3873  avg_reward=2531.37  penalty_ratio=0.00%  eta=144.1s
2026-04-08 10:45:27 [INFO] src.pomo_trainer:   batch 370/625 (59.2%)  loss=-0.0000  avg_reward=82.52  penalty_ratio=0.00%  eta=138.5s
2026-04-08 10:45:34 [INFO] src.pomo_trainer:   batch 380/625 (60.8%)  loss=-2.3264  avg_reward=1941.58  penalty_ratio=0.00%  eta=133.9s
2026-04-08 10:45:37 [INFO] src.pomo_trainer:   batch 390/625 (62.4%)  loss=-0.0000  avg_reward=-164.96  penalty_ratio=0.00%  eta=127.0s
2026-04-08 10:45:45 [INFO] src.pomo_trainer:   batch 400/625 (64.0%)  loss=188.5765  avg_reward=2199.49  penalty_ratio=0.00%  eta=122.8s
2026-04-08 10:45:49 [INFO] src.pomo_trainer:   batch 410/625 (65.6%)  loss=3.4891  avg_reward=-735.57  penalty_ratio=0.00%  eta=116.7s
2026-04-08 10:45:54 [INFO] src.pomo_trainer:   batch 420/625 (67.2%)  loss=12.1946  avg_reward=2742.60  penalty_ratio=0.00%  eta=111.2s
2026-04-08 10:46:02 [INFO] src.pomo_trainer:   batch 430/625 (68.8%)  loss=-16.0908  avg_reward=2606.55  penalty_ratio=0.00%  eta=106.6s
2026-04-08 10:46:08 [INFO] src.pomo_trainer:   batch 440/625 (70.4%)  loss=0.1203  avg_reward=5326.31  penalty_ratio=0.00%  eta=101.5s
2026-04-08 10:46:13 [INFO] src.pomo_trainer:   batch 450/625 (72.0%)  loss=1.2996  avg_reward=4306.39  penalty_ratio=0.00%  eta=95.9s
2026-04-08 10:46:20 [INFO] src.pomo_trainer:   batch 460/625 (73.6%)  loss=72.4969  avg_reward=2252.89  penalty_ratio=0.00%  eta=91.0s
2026-04-08 10:46:26 [INFO] src.pomo_trainer:   batch 470/625 (75.2%)  loss=87.6606  avg_reward=2456.42  penalty_ratio=0.00%  eta=85.5s
2026-04-08 10:46:32 [INFO] src.pomo_trainer:   batch 480/625 (76.8%)  loss=-0.0025  avg_reward=2084.68  penalty_ratio=0.00%  eta=80.2s
2026-04-08 10:46:39 [INFO] src.pomo_trainer:   batch 490/625 (78.4%)  loss=169.2797  avg_reward=3390.17  penalty_ratio=0.00%  eta=75.0s
2026-04-08 10:46:43 [INFO] src.pomo_trainer:   batch 500/625 (80.0%)  loss=-2.6244  avg_reward=1187.01  penalty_ratio=0.00%  eta=69.2s
2026-04-08 10:46:50 [INFO] src.pomo_trainer:   batch 510/625 (81.6%)  loss=-32.2377  avg_reward=2483.20  penalty_ratio=0.00%  eta=64.0s
2026-04-08 10:46:57 [INFO] src.pomo_trainer:   batch 520/625 (83.2%)  loss=-19.3457  avg_reward=312.03  penalty_ratio=0.00%  eta=58.6s
2026-04-08 10:47:04 [INFO] src.pomo_trainer:   batch 530/625 (84.8%)  loss=108.6940  avg_reward=2486.96  penalty_ratio=0.00%  eta=53.3s
2026-04-08 10:47:09 [INFO] src.pomo_trainer:   batch 540/625 (86.4%)  loss=-0.0000  avg_reward=-1308.01  penalty_ratio=0.00%  eta=47.7s
2026-04-08 10:47:14 [INFO] src.pomo_trainer:   batch 550/625 (88.0%)  loss=-29.6267  avg_reward=2042.76  penalty_ratio=0.00%  eta=42.0s
2026-04-08 10:47:21 [INFO] src.pomo_trainer:   batch 560/625 (89.6%)  loss=0.2862  avg_reward=-370.70  penalty_ratio=0.00%  eta=36.5s
2026-04-08 10:47:23 [INFO] src.pomo_trainer:   batch 570/625 (91.2%)  loss=154.0473  avg_reward=3500.06  penalty_ratio=0.00%  eta=30.5s
2026-04-08 10:47:29 [INFO] src.pomo_trainer:   batch 580/625 (92.8%)  loss=116.0011  avg_reward=3423.60  penalty_ratio=0.00%  eta=25.0s
2026-04-08 10:47:34 [INFO] src.pomo_trainer:   batch 590/625 (94.4%)  loss=0.0069  avg_reward=-142.67  penalty_ratio=0.00%  eta=19.4s
2026-04-08 10:47:40 [INFO] src.pomo_trainer:   batch 600/625 (96.0%)  loss=-47.7501  avg_reward=4806.43  penalty_ratio=0.00%  eta=13.9s
2026-04-08 10:47:46 [INFO] src.pomo_trainer:   batch 610/625 (97.6%)  loss=157.9762  avg_reward=2294.41  penalty_ratio=0.00%  eta=8.4s
2026-04-08 10:47:51 [INFO] src.pomo_trainer:   batch 620/625 (99.2%)  loss=63.0739  avg_reward=3600.40  penalty_ratio=0.00%  eta=2.8s
2026-04-08 10:47:54 [INFO] __main__: Epoch 15  stage=main  loss=34.034520  reward=1950.51  var=240750.87  penalty=0.00%  mem_max=nan%
2026-04-08 10:47:54 [INFO] __main__: Training progress: 15/1000 (1.5%)  elapsed=4545.2s  eta=298466.1s
2026-04-08 10:48:10 [INFO] __main__: Validation reward (all stages): 1374.9453
2026-04-08 10:48:10 [INFO] __main__: 
--- Epoch 16 / 1000 ---
2026-04-08 10:48:16 [INFO] src.pomo_trainer:   batch 10/625 (1.6%)  loss=-33.2223  avg_reward=2074.55  penalty_ratio=0.00%  eta=395.1s
2026-04-08 10:48:23 [INFO] src.pomo_trainer:   batch 20/625 (3.2%)  loss=194.2309  avg_reward=2122.83  penalty_ratio=0.00%  eta=388.3s
2026-04-08 10:48:26 [INFO] src.pomo_trainer:   batch 30/625 (4.8%)  loss=78.3292  avg_reward=1034.41  penalty_ratio=0.00%  eta=325.6s
2026-04-08 10:48:32 [INFO] src.pomo_trainer:   batch 40/625 (6.4%)  loss=-0.0590  avg_reward=2317.47  penalty_ratio=0.00%  eta=323.3s
2026-04-08 10:48:37 [INFO] src.pomo_trainer:   batch 50/625 (8.0%)  loss=14.5963  avg_reward=1962.85  penalty_ratio=0.00%  eta=307.5s
2026-04-08 10:48:43 [INFO] src.pomo_trainer:   batch 60/625 (9.6%)  loss=81.8053  avg_reward=2561.35  penalty_ratio=0.00%  eta=312.0s
2026-04-08 10:48:49 [INFO] src.pomo_trainer:   batch 70/625 (11.2%)  loss=-1.9382  avg_reward=621.20  penalty_ratio=0.00%  eta=312.1s
2026-04-08 10:48:52 [INFO] src.pomo_trainer:   batch 80/625 (12.8%)  loss=-1.2583  avg_reward=689.54  penalty_ratio=0.00%  eta=283.9s
2026-04-08 10:48:56 [INFO] src.pomo_trainer:   batch 90/625 (14.4%)  loss=92.4401  avg_reward=2411.53  penalty_ratio=0.00%  eta=275.8s
2026-04-08 10:49:03 [INFO] src.pomo_trainer:   batch 100/625 (16.0%)  loss=-24.9130  avg_reward=2540.89  penalty_ratio=0.00%  eta=278.2s
2026-04-08 10:49:09 [INFO] src.pomo_trainer:   batch 110/625 (17.6%)  loss=126.3383  avg_reward=2209.35  penalty_ratio=0.00%  eta=273.9s
2026-04-08 10:49:13 [INFO] src.pomo_trainer:   batch 120/625 (19.2%)  loss=-24.9601  avg_reward=875.36  penalty_ratio=0.00%  eta=266.7s
2026-04-08 10:49:19 [INFO] src.pomo_trainer:   batch 130/625 (20.8%)  loss=283.0472  avg_reward=3855.02  penalty_ratio=0.00%  eta=264.4s
2026-04-08 10:49:25 [INFO] src.pomo_trainer:   batch 140/625 (22.4%)  loss=189.3081  avg_reward=1921.09  penalty_ratio=0.00%  eta=259.0s
2026-04-08 10:49:31 [INFO] src.pomo_trainer:   batch 150/625 (24.0%)  loss=-9.9131  avg_reward=2032.00  penalty_ratio=0.00%  eta=255.0s
2026-04-08 10:49:36 [INFO] src.pomo_trainer:   batch 160/625 (25.6%)  loss=-0.0000  avg_reward=-169.85  penalty_ratio=0.00%  eta=249.2s
2026-04-08 10:49:42 [INFO] src.pomo_trainer:   batch 170/625 (27.2%)  loss=64.2419  avg_reward=2534.40  penalty_ratio=0.00%  eta=247.0s
2026-04-08 10:49:47 [INFO] src.pomo_trainer:   batch 180/625 (28.8%)  loss=-3.8282  avg_reward=2052.57  penalty_ratio=0.00%  eta=238.9s
2026-04-08 10:49:54 [INFO] src.pomo_trainer:   batch 190/625 (30.4%)  loss=95.8218  avg_reward=3075.73  penalty_ratio=0.00%  eta=237.7s
2026-04-08 10:50:00 [INFO] src.pomo_trainer:   batch 200/625 (32.0%)  loss=43.6838  avg_reward=1955.51  penalty_ratio=0.00%  eta=232.7s
2026-04-08 10:50:05 [INFO] src.pomo_trainer:   batch 210/625 (33.6%)  loss=-18.8474  avg_reward=3545.78  penalty_ratio=0.00%  eta=227.4s
2026-04-08 10:50:10 [INFO] src.pomo_trainer:   batch 220/625 (35.2%)  loss=184.9540  avg_reward=1084.73  penalty_ratio=0.00%  eta=220.6s
2026-04-08 10:50:14 [INFO] src.pomo_trainer:   batch 230/625 (36.8%)  loss=-0.1318  avg_reward=-551.29  penalty_ratio=0.00%  eta=213.5s
2026-04-08 10:50:21 [INFO] src.pomo_trainer:   batch 240/625 (38.4%)  loss=188.6487  avg_reward=4039.27  penalty_ratio=0.00%  eta=209.4s
2026-04-08 10:50:25 [INFO] src.pomo_trainer:   batch 250/625 (40.0%)  loss=9.0071  avg_reward=422.73  penalty_ratio=0.00%  eta=203.0s
2026-04-08 10:50:31 [INFO] src.pomo_trainer:   batch 260/625 (41.6%)  loss=10.6819  avg_reward=722.37  penalty_ratio=0.00%  eta=197.6s
2026-04-08 10:50:38 [INFO] src.pomo_trainer:   batch 270/625 (43.2%)  loss=147.6946  avg_reward=2520.54  penalty_ratio=0.00%  eta=194.8s
2026-04-08 10:50:46 [INFO] src.pomo_trainer:   batch 280/625 (44.8%)  loss=151.1827  avg_reward=2364.98  penalty_ratio=0.00%  eta=191.8s
2026-04-08 10:50:50 [INFO] src.pomo_trainer:   batch 290/625 (46.4%)  loss=0.2375  avg_reward=-305.23  penalty_ratio=0.00%  eta=185.2s
2026-04-08 10:50:54 [INFO] src.pomo_trainer:   batch 300/625 (48.0%)  loss=-33.4973  avg_reward=2830.50  penalty_ratio=0.00%  eta=177.9s
2026-04-08 10:51:00 [INFO] src.pomo_trainer:   batch 310/625 (49.6%)  loss=77.5270  avg_reward=1729.02  penalty_ratio=0.00%  eta=172.8s
2026-04-08 10:51:04 [INFO] src.pomo_trainer:   batch 320/625 (51.2%)  loss=18.9549  avg_reward=1925.68  penalty_ratio=0.00%  eta=165.6s
2026-04-08 10:51:09 [INFO] src.pomo_trainer:   batch 330/625 (52.8%)  loss=36.2607  avg_reward=1298.87  penalty_ratio=0.00%  eta=159.7s
2026-04-08 10:51:14 [INFO] src.pomo_trainer:   batch 340/625 (54.4%)  loss=-10.7867  avg_reward=4027.38  penalty_ratio=0.00%  eta=154.1s
2026-04-08 10:51:20 [INFO] src.pomo_trainer:   batch 350/625 (56.0%)  loss=64.3120  avg_reward=3400.92  penalty_ratio=0.00%  eta=149.1s
2026-04-08 10:51:26 [INFO] src.pomo_trainer:   batch 360/625 (57.6%)  loss=26.4394  avg_reward=1402.77  penalty_ratio=0.00%  eta=144.3s
2026-04-08 10:51:31 [INFO] src.pomo_trainer:   batch 370/625 (59.2%)  loss=134.4830  avg_reward=3168.99  penalty_ratio=0.00%  eta=138.7s
2026-04-08 10:51:34 [INFO] src.pomo_trainer:   batch 380/625 (60.8%)  loss=-1.9837  avg_reward=1132.59  penalty_ratio=0.00%  eta=131.8s
2026-04-08 10:51:40 [INFO] src.pomo_trainer:   batch 390/625 (62.4%)  loss=0.0099  avg_reward=16.07  penalty_ratio=0.00%  eta=126.3s
2026-04-08 10:51:44 [INFO] src.pomo_trainer:   batch 400/625 (64.0%)  loss=0.0281  avg_reward=-396.21  penalty_ratio=0.00%  eta=120.1s
2026-04-08 10:51:48 [INFO] src.pomo_trainer:   batch 410/625 (65.6%)  loss=110.7648  avg_reward=2449.12  penalty_ratio=0.00%  eta=114.5s
2026-04-08 10:51:55 [INFO] src.pomo_trainer:   batch 420/625 (67.2%)  loss=-17.1020  avg_reward=770.66  penalty_ratio=0.00%  eta=109.9s
2026-04-08 10:52:01 [INFO] src.pomo_trainer:   batch 430/625 (68.8%)  loss=-5.8781  avg_reward=1849.63  penalty_ratio=0.00%  eta=104.6s
2026-04-08 10:52:06 [INFO] src.pomo_trainer:   batch 440/625 (70.4%)  loss=184.8703  avg_reward=2717.49  penalty_ratio=0.00%  eta=99.2s
2026-04-08 10:52:13 [INFO] src.pomo_trainer:   batch 450/625 (72.0%)  loss=102.7920  avg_reward=2494.93  penalty_ratio=0.00%  eta=94.5s
2026-04-08 10:52:18 [INFO] src.pomo_trainer:   batch 460/625 (73.6%)  loss=-9.6164  avg_reward=2164.68  penalty_ratio=0.00%  eta=88.8s
2026-04-08 10:52:22 [INFO] src.pomo_trainer:   batch 470/625 (75.2%)  loss=15.7312  avg_reward=2279.46  penalty_ratio=0.00%  eta=83.0s
2026-04-08 10:52:28 [INFO] src.pomo_trainer:   batch 480/625 (76.8%)  loss=172.5368  avg_reward=2076.61  penalty_ratio=0.00%  eta=77.8s
2026-04-08 10:52:33 [INFO] src.pomo_trainer:   batch 490/625 (78.4%)  loss=-1.1163  avg_reward=-451.11  penalty_ratio=0.00%  eta=72.5s
2026-04-08 10:52:39 [INFO] src.pomo_trainer:   batch 500/625 (80.0%)  loss=-37.7976  avg_reward=2308.24  penalty_ratio=0.00%  eta=67.3s
2026-04-08 10:52:44 [INFO] src.pomo_trainer:   batch 510/625 (81.6%)  loss=1.7071  avg_reward=560.16  penalty_ratio=0.00%  eta=61.9s
2026-04-08 10:52:49 [INFO] src.pomo_trainer:   batch 520/625 (83.2%)  loss=1.3852  avg_reward=1679.55  penalty_ratio=0.00%  eta=56.3s
2026-04-08 10:52:55 [INFO] src.pomo_trainer:   batch 530/625 (84.8%)  loss=-22.9911  avg_reward=3591.37  penalty_ratio=0.00%  eta=51.1s
2026-04-08 10:53:02 [INFO] src.pomo_trainer:   batch 540/625 (86.4%)  loss=-36.8862  avg_reward=4460.21  penalty_ratio=0.00%  eta=45.9s
2026-04-08 10:53:06 [INFO] src.pomo_trainer:   batch 550/625 (88.0%)  loss=7.4295  avg_reward=552.58  penalty_ratio=0.00%  eta=40.4s
2026-04-08 10:53:13 [INFO] src.pomo_trainer:   batch 560/625 (89.6%)  loss=-2.9038  avg_reward=678.78  penalty_ratio=0.00%  eta=35.2s
2026-04-08 10:53:17 [INFO] src.pomo_trainer:   batch 570/625 (91.2%)  loss=48.5965  avg_reward=2514.01  penalty_ratio=0.00%  eta=29.7s
2026-04-08 10:53:23 [INFO] src.pomo_trainer:   batch 580/625 (92.8%)  loss=51.9529  avg_reward=2001.02  penalty_ratio=0.00%  eta=24.3s
2026-04-08 10:53:27 [INFO] src.pomo_trainer:   batch 590/625 (94.4%)  loss=24.4480  avg_reward=616.42  penalty_ratio=0.00%  eta=18.8s
2026-04-08 10:53:31 [INFO] src.pomo_trainer:   batch 600/625 (96.0%)  loss=1.5013  avg_reward=631.87  penalty_ratio=0.00%  eta=13.4s
2026-04-08 10:53:36 [INFO] src.pomo_trainer:   batch 610/625 (97.6%)  loss=132.0945  avg_reward=2352.53  penalty_ratio=0.00%  eta=8.0s
2026-04-08 10:53:42 [INFO] src.pomo_trainer:   batch 620/625 (99.2%)  loss=8.8260  avg_reward=656.52  penalty_ratio=0.00%  eta=2.7s
2026-04-08 10:53:46 [INFO] __main__: Epoch 16  stage=main  loss=43.187155  reward=1845.60  var=244698.87  penalty=0.00%  mem_max=nan%
2026-04-08 10:53:46 [INFO] __main__: Training progress: 16/1000 (1.6%)  elapsed=4897.2s  eta=301178.3s
2026-04-08 10:53:46 [INFO] __main__: 
--- Epoch 17 / 1000 ---
2026-04-08 10:53:51 [INFO] src.pomo_trainer:   batch 10/625 (1.6%)  loss=47.8739  avg_reward=1381.25  penalty_ratio=0.00%  eta=292.8s
2026-04-08 10:53:56 [INFO] src.pomo_trainer:   batch 20/625 (3.2%)  loss=93.7277  avg_reward=2551.71  penalty_ratio=0.00%  eta=311.7s
2026-04-08 10:54:03 [INFO] src.pomo_trainer:   batch 30/625 (4.8%)  loss=-2.0516  avg_reward=1554.38  penalty_ratio=0.00%  eta=340.9s
2026-04-08 10:54:09 [INFO] src.pomo_trainer:   batch 40/625 (6.4%)  loss=100.8906  avg_reward=2872.94  penalty_ratio=0.00%  eta=334.6s
2026-04-08 10:54:15 [INFO] src.pomo_trainer:   batch 50/625 (8.0%)  loss=-0.0000  avg_reward=-554.64  penalty_ratio=0.00%  eta=329.0s
2026-04-08 10:54:19 [INFO] src.pomo_trainer:   batch 60/625 (9.6%)  loss=38.5884  avg_reward=1454.79  penalty_ratio=0.00%  eta=309.7s
2026-04-08 10:54:24 [INFO] src.pomo_trainer:   batch 70/625 (11.2%)  loss=-26.1659  avg_reward=4190.09  penalty_ratio=0.00%  eta=301.5s
2026-04-08 10:54:30 [INFO] src.pomo_trainer:   batch 80/625 (12.8%)  loss=-10.0266  avg_reward=4510.65  penalty_ratio=0.00%  eta=297.8s
2026-04-08 10:54:36 [INFO] src.pomo_trainer:   batch 90/625 (14.4%)  loss=155.0387  avg_reward=2831.42  penalty_ratio=0.00%  eta=298.4s
2026-04-08 10:54:44 [INFO] src.pomo_trainer:   batch 100/625 (16.0%)  loss=102.1043  avg_reward=2556.97  penalty_ratio=0.00%  eta=304.9s
2026-04-08 10:54:49 [INFO] src.pomo_trainer:   batch 110/625 (17.6%)  loss=125.2250  avg_reward=2328.71  penalty_ratio=0.00%  eta=295.5s
2026-04-08 10:54:54 [INFO] src.pomo_trainer:   batch 120/625 (19.2%)  loss=-20.2053  avg_reward=920.31  penalty_ratio=0.00%  eta=287.8s
2026-04-08 10:55:01 [INFO] src.pomo_trainer:   batch 130/625 (20.8%)  loss=-19.0252  avg_reward=4172.11  penalty_ratio=0.00%  eta=284.0s
2026-04-08 10:55:06 [INFO] src.pomo_trainer:   batch 140/625 (22.4%)  loss=117.9973  avg_reward=1683.29  penalty_ratio=0.00%  eta=276.0s
2026-04-08 10:55:12 [INFO] src.pomo_trainer:   batch 150/625 (24.0%)  loss=72.6408  avg_reward=1781.69  penalty_ratio=0.00%  eta=272.8s
2026-04-08 10:55:17 [INFO] src.pomo_trainer:   batch 160/625 (25.6%)  loss=-0.0000  avg_reward=110.89  penalty_ratio=0.00%  eta=265.6s
2026-04-08 10:55:22 [INFO] src.pomo_trainer:   batch 170/625 (27.2%)  loss=90.5260  avg_reward=1859.79  penalty_ratio=0.00%  eta=256.9s
2026-04-08 10:55:28 [INFO] src.pomo_trainer:   batch 180/625 (28.8%)  loss=0.4645  avg_reward=130.93  penalty_ratio=0.00%  eta=252.6s
2026-04-08 10:55:34 [INFO] src.pomo_trainer:   batch 190/625 (30.4%)  loss=3.6557  avg_reward=3673.30  penalty_ratio=0.00%  eta=247.2s
2026-04-08 10:55:40 [INFO] src.pomo_trainer:   batch 200/625 (32.0%)  loss=-14.2897  avg_reward=3743.41  penalty_ratio=0.00%  eta=242.2s
2026-04-08 10:55:44 [INFO] src.pomo_trainer:   batch 210/625 (33.6%)  loss=108.2630  avg_reward=2311.70  penalty_ratio=0.00%  eta=233.2s
2026-04-08 10:55:48 [INFO] src.pomo_trainer:   batch 220/625 (35.2%)  loss=326.4000  avg_reward=2379.47  penalty_ratio=0.00%  eta=223.9s
2026-04-08 10:55:53 [INFO] src.pomo_trainer:   batch 230/625 (36.8%)  loss=14.9318  avg_reward=2073.62  penalty_ratio=0.00%  eta=217.3s
2026-04-08 10:55:59 [INFO] src.pomo_trainer:   batch 240/625 (38.4%)  loss=14.1640  avg_reward=3265.69  penalty_ratio=0.00%  eta=213.8s
2026-04-08 10:56:05 [INFO] src.pomo_trainer:   batch 250/625 (40.0%)  loss=27.1472  avg_reward=1838.61  penalty_ratio=0.00%  eta=208.9s
2026-04-08 10:56:12 [INFO] src.pomo_trainer:   batch 260/625 (41.6%)  loss=23.3428  avg_reward=3178.65  penalty_ratio=0.00%  eta=204.9s
2026-04-08 10:56:17 [INFO] src.pomo_trainer:   batch 270/625 (43.2%)  loss=92.6077  avg_reward=1619.11  penalty_ratio=0.00%  eta=198.4s
2026-04-08 10:56:23 [INFO] src.pomo_trainer:   batch 280/625 (44.8%)  loss=-28.1404  avg_reward=1117.71  penalty_ratio=0.00%  eta=193.4s
2026-04-08 10:56:29 [INFO] src.pomo_trainer:   batch 290/625 (46.4%)  loss=-2.3939  avg_reward=593.26  penalty_ratio=0.00%  eta=188.1s
2026-04-08 10:56:35 [INFO] src.pomo_trainer:   batch 300/625 (48.0%)  loss=114.6312  avg_reward=2436.91  penalty_ratio=0.00%  eta=183.0s
2026-04-08 10:56:40 [INFO] src.pomo_trainer:   batch 310/625 (49.6%)  loss=-10.1875  avg_reward=2594.42  penalty_ratio=0.00%  eta=176.4s
2026-04-08 10:56:44 [INFO] src.pomo_trainer:   batch 320/625 (51.2%)  loss=-15.3347  avg_reward=2547.01  penalty_ratio=0.00%  eta=169.8s
2026-04-08 10:56:49 [INFO] src.pomo_trainer:   batch 330/625 (52.8%)  loss=0.2880  avg_reward=-272.93  penalty_ratio=0.00%  eta=163.5s
2026-04-08 10:56:54 [INFO] src.pomo_trainer:   batch 340/625 (54.4%)  loss=35.6851  avg_reward=1052.80  penalty_ratio=0.00%  eta=157.3s
2026-04-08 10:56:59 [INFO] src.pomo_trainer:   batch 350/625 (56.0%)  loss=136.8779  avg_reward=1491.01  penalty_ratio=0.00%  eta=151.6s
2026-04-08 10:57:05 [INFO] src.pomo_trainer:   batch 360/625 (57.6%)  loss=-0.1640  avg_reward=2675.34  penalty_ratio=0.00%  eta=146.2s
2026-04-08 10:57:10 [INFO] src.pomo_trainer:   batch 370/625 (59.2%)  loss=-4.0187  avg_reward=-554.80  penalty_ratio=0.00%  eta=140.7s
2026-04-08 10:57:17 [INFO] src.pomo_trainer:   batch 380/625 (60.8%)  loss=122.6401  avg_reward=2118.21  penalty_ratio=0.00%  eta=135.7s
2026-04-08 10:57:21 [INFO] src.pomo_trainer:   batch 390/625 (62.4%)  loss=24.3258  avg_reward=1337.32  penalty_ratio=0.00%  eta=129.2s
2026-04-08 10:57:26 [INFO] src.pomo_trainer:   batch 400/625 (64.0%)  loss=-1.5487  avg_reward=2206.34  penalty_ratio=0.00%  eta=123.5s
2026-04-08 10:57:30 [INFO] src.pomo_trainer:   batch 410/625 (65.6%)  loss=-0.0000  avg_reward=-1145.79  penalty_ratio=0.00%  eta=117.3s
2026-04-08 10:57:35 [INFO] src.pomo_trainer:   batch 420/625 (67.2%)  loss=205.2574  avg_reward=2368.94  penalty_ratio=0.00%  eta=111.8s
2026-04-08 10:57:40 [INFO] src.pomo_trainer:   batch 430/625 (68.8%)  loss=-6.9658  avg_reward=1068.46  penalty_ratio=0.00%  eta=106.2s
2026-04-08 10:57:45 [INFO] src.pomo_trainer:   batch 440/625 (70.4%)  loss=10.7628  avg_reward=1282.09  penalty_ratio=0.00%  eta=100.4s
2026-04-08 10:57:50 [INFO] src.pomo_trainer:   batch 450/625 (72.0%)  loss=126.2632  avg_reward=2332.33  penalty_ratio=0.00%  eta=94.8s
2026-04-08 10:57:56 [INFO] src.pomo_trainer:   batch 460/625 (73.6%)  loss=-0.0176  avg_reward=-291.76  penalty_ratio=0.00%  eta=89.6s
2026-04-08 10:58:01 [INFO] src.pomo_trainer:   batch 470/625 (75.2%)  loss=107.8157  avg_reward=1337.23  penalty_ratio=0.00%  eta=84.2s
2026-04-08 10:58:05 [INFO] src.pomo_trainer:   batch 480/625 (76.8%)  loss=6.6790  avg_reward=850.40  penalty_ratio=0.00%  eta=78.3s
2026-04-08 10:58:10 [INFO] src.pomo_trainer:   batch 490/625 (78.4%)  loss=72.2389  avg_reward=3226.93  penalty_ratio=0.00%  eta=72.7s
2026-04-08 10:58:16 [INFO] src.pomo_trainer:   batch 500/625 (80.0%)  loss=107.8417  avg_reward=2383.91  penalty_ratio=0.00%  eta=67.4s
2026-04-08 10:58:22 [INFO] src.pomo_trainer:   batch 510/625 (81.6%)  loss=214.7411  avg_reward=2908.56  penalty_ratio=0.00%  eta=62.2s
2026-04-08 10:58:26 [INFO] src.pomo_trainer:   batch 520/625 (83.2%)  loss=127.6812  avg_reward=1752.47  penalty_ratio=0.00%  eta=56.5s
2026-04-08 10:58:31 [INFO] src.pomo_trainer:   batch 530/625 (84.8%)  loss=178.8038  avg_reward=2302.77  penalty_ratio=0.00%  eta=51.0s
2026-04-08 10:58:36 [INFO] src.pomo_trainer:   batch 540/625 (86.4%)  loss=289.4968  avg_reward=2653.20  penalty_ratio=0.00%  eta=45.7s
2026-04-08 10:58:43 [INFO] src.pomo_trainer:   batch 550/625 (88.0%)  loss=-10.0220  avg_reward=5291.88  penalty_ratio=0.00%  eta=40.5s
2026-04-08 10:58:50 [INFO] src.pomo_trainer:   batch 560/625 (89.6%)  loss=75.9972  avg_reward=2405.47  penalty_ratio=0.00%  eta=35.2s
2026-04-08 10:58:55 [INFO] src.pomo_trainer:   batch 570/625 (91.2%)  loss=0.1909  avg_reward=-238.44  penalty_ratio=0.00%  eta=29.8s
2026-04-08 10:59:01 [INFO] src.pomo_trainer:   batch 580/625 (92.8%)  loss=120.2325  avg_reward=1756.11  penalty_ratio=0.00%  eta=24.5s
2026-04-08 10:59:06 [INFO] src.pomo_trainer:   batch 590/625 (94.4%)  loss=97.2537  avg_reward=3482.05  penalty_ratio=0.00%  eta=19.0s
2026-04-08 10:59:13 [INFO] src.pomo_trainer:   batch 600/625 (96.0%)  loss=45.4155  avg_reward=2896.08  penalty_ratio=0.00%  eta=13.6s
2026-04-08 10:59:18 [INFO] src.pomo_trainer:   batch 610/625 (97.6%)  loss=-24.8539  avg_reward=4077.66  penalty_ratio=0.00%  eta=8.2s
2026-04-08 10:59:24 [INFO] src.pomo_trainer:   batch 620/625 (99.2%)  loss=-15.3254  avg_reward=466.29  penalty_ratio=0.00%  eta=2.7s
2026-04-08 10:59:27 [INFO] __main__: Epoch 17  stage=main  loss=47.710908  reward=1862.61  var=219224.67  penalty=0.00%  mem_max=nan%
2026-04-08 10:59:27 [INFO] __main__: Training progress: 17/1000 (1.7%)  elapsed=5237.7s  eta=302862.7s
2026-04-08 10:59:27 [INFO] __main__: 
--- Epoch 18 / 1000 ---
2026-04-08 10:59:32 [INFO] src.pomo_trainer:   batch 10/625 (1.6%)  loss=117.3909  avg_reward=2480.22  penalty_ratio=0.00%  eta=348.7s
2026-04-08 10:59:38 [INFO] src.pomo_trainer:   batch 20/625 (3.2%)  loss=-8.9289  avg_reward=4022.91  penalty_ratio=0.00%  eta=336.3s
2026-04-08 10:59:44 [INFO] src.pomo_trainer:   batch 30/625 (4.8%)  loss=45.8205  avg_reward=2013.39  penalty_ratio=0.00%  eta=354.1s
2026-04-08 10:59:48 [INFO] src.pomo_trainer:   batch 40/625 (6.4%)  loss=-14.8694  avg_reward=-16.97  penalty_ratio=0.00%  eta=312.3s
2026-04-08 10:59:53 [INFO] src.pomo_trainer:   batch 50/625 (8.0%)  loss=-8.1377  avg_reward=2190.25  penalty_ratio=0.00%  eta=300.2s
2026-04-08 10:59:59 [INFO] src.pomo_trainer:   batch 60/625 (9.6%)  loss=57.2039  avg_reward=1789.50  penalty_ratio=0.00%  eta=307.2s
2026-04-08 11:00:05 [INFO] src.pomo_trainer:   batch 70/625 (11.2%)  loss=-3.2609  avg_reward=601.35  penalty_ratio=0.00%  eta=305.5s
2026-04-08 11:00:12 [INFO] src.pomo_trainer:   batch 80/625 (12.8%)  loss=-30.5777  avg_reward=2856.56  penalty_ratio=0.00%  eta=311.3s
2026-04-08 11:00:18 [INFO] src.pomo_trainer:   batch 90/625 (14.4%)  loss=18.9162  avg_reward=1268.73  penalty_ratio=0.00%  eta=305.8s
2026-04-08 11:00:25 [INFO] src.pomo_trainer:   batch 100/625 (16.0%)  loss=85.4515  avg_reward=2109.73  penalty_ratio=0.00%  eta=304.8s
2026-04-08 11:00:29 [INFO] src.pomo_trainer:   batch 110/625 (17.6%)  loss=-24.8215  avg_reward=2131.43  penalty_ratio=0.00%  eta=290.0s
2026-04-08 11:00:35 [INFO] src.pomo_trainer:   batch 120/625 (19.2%)  loss=27.3672  avg_reward=2082.16  penalty_ratio=0.00%  eta=287.0s
2026-04-08 11:00:42 [INFO] src.pomo_trainer:   batch 130/625 (20.8%)  loss=67.4683  avg_reward=2156.20  penalty_ratio=0.00%  eta=285.4s
2026-04-08 11:00:48 [INFO] src.pomo_trainer:   batch 140/625 (22.4%)  loss=-26.5498  avg_reward=2140.04  penalty_ratio=0.00%  eta=282.5s
2026-04-08 11:00:53 [INFO] src.pomo_trainer:   batch 150/625 (24.0%)  loss=4.1411  avg_reward=115.70  penalty_ratio=0.00%  eta=273.4s
2026-04-08 11:00:59 [INFO] src.pomo_trainer:   batch 160/625 (25.6%)  loss=42.2205  avg_reward=1936.53  penalty_ratio=0.00%  eta=269.5s
2026-04-08 11:01:04 [INFO] src.pomo_trainer:   batch 170/625 (27.2%)  loss=142.1616  avg_reward=2070.05  penalty_ratio=0.00%  eta=260.1s
2026-04-08 11:01:10 [INFO] src.pomo_trainer:   batch 180/625 (28.8%)  loss=-6.7697  avg_reward=455.23  penalty_ratio=0.00%  eta=254.5s
2026-04-08 11:01:14 [INFO] src.pomo_trainer:   batch 190/625 (30.4%)  loss=10.9121  avg_reward=669.79  penalty_ratio=0.00%  eta=246.6s
2026-04-08 11:01:20 [INFO] src.pomo_trainer:   batch 200/625 (32.0%)  loss=-25.1571  avg_reward=1202.24  penalty_ratio=0.00%  eta=241.7s
2026-04-08 11:01:25 [INFO] src.pomo_trainer:   batch 210/625 (33.6%)  loss=103.0117  avg_reward=1699.69  penalty_ratio=0.00%  eta=234.9s
2026-04-08 11:01:31 [INFO] src.pomo_trainer:   batch 220/625 (35.2%)  loss=130.9762  avg_reward=2372.78  penalty_ratio=0.00%  eta=229.1s
2026-04-08 11:01:36 [INFO] src.pomo_trainer:   batch 230/625 (36.8%)  loss=39.3997  avg_reward=812.48  penalty_ratio=0.00%  eta=222.3s
2026-04-08 11:01:42 [INFO] src.pomo_trainer:   batch 240/625 (38.4%)  loss=-31.3901  avg_reward=2580.03  penalty_ratio=0.00%  eta=216.5s
2026-04-08 11:01:46 [INFO] src.pomo_trainer:   batch 250/625 (40.0%)  loss=-22.1836  avg_reward=2053.20  penalty_ratio=0.00%  eta=208.4s
2026-04-08 11:01:50 [INFO] src.pomo_trainer:   batch 260/625 (41.6%)  loss=112.7624  avg_reward=2103.14  penalty_ratio=0.00%  eta=201.8s
2026-04-08 11:01:54 [INFO] src.pomo_trainer:   batch 270/625 (43.2%)  loss=-5.7496  avg_reward=675.46  penalty_ratio=0.00%  eta=194.3s
2026-04-08 11:01:59 [INFO] src.pomo_trainer:   batch 280/625 (44.8%)  loss=-12.4882  avg_reward=1154.48  penalty_ratio=0.00%  eta=187.4s
2026-04-08 11:02:04 [INFO] src.pomo_trainer:   batch 290/625 (46.4%)  loss=61.8788  avg_reward=2154.90  penalty_ratio=0.00%  eta=182.0s
2026-04-08 11:02:12 [INFO] src.pomo_trainer:   batch 300/625 (48.0%)  loss=59.3243  avg_reward=2500.65  penalty_ratio=0.00%  eta=178.7s
2026-04-08 11:02:18 [INFO] src.pomo_trainer:   batch 310/625 (49.6%)  loss=116.6981  avg_reward=2531.25  penalty_ratio=0.00%  eta=173.7s
2026-04-08 11:02:25 [INFO] src.pomo_trainer:   batch 320/625 (51.2%)  loss=140.3442  avg_reward=3329.69  penalty_ratio=0.00%  eta=169.6s
2026-04-08 11:02:31 [INFO] src.pomo_trainer:   batch 330/625 (52.8%)  loss=12.4153  avg_reward=1364.63  penalty_ratio=0.00%  eta=164.9s
2026-04-08 11:02:38 [INFO] src.pomo_trainer:   batch 340/625 (54.4%)  loss=-24.9583  avg_reward=2453.03  penalty_ratio=0.00%  eta=160.4s
2026-04-08 11:02:44 [INFO] src.pomo_trainer:   batch 350/625 (56.0%)  loss=65.7649  avg_reward=2526.68  penalty_ratio=0.00%  eta=155.0s
2026-04-08 11:02:50 [INFO] src.pomo_trainer:   batch 360/625 (57.6%)  loss=-18.0551  avg_reward=2124.71  penalty_ratio=0.00%  eta=149.9s
2026-04-08 11:02:56 [INFO] src.pomo_trainer:   batch 370/625 (59.2%)  loss=4.3971  avg_reward=486.49  penalty_ratio=0.00%  eta=144.1s
2026-04-08 11:03:01 [INFO] src.pomo_trainer:   batch 380/625 (60.8%)  loss=18.5438  avg_reward=1636.56  penalty_ratio=0.00%  eta=138.2s
2026-04-08 11:03:06 [INFO] src.pomo_trainer:   batch 390/625 (62.4%)  loss=-24.6901  avg_reward=2662.22  penalty_ratio=0.00%  eta=132.5s
2026-04-08 11:03:10 [INFO] src.pomo_trainer:   batch 400/625 (64.0%)  loss=-57.4971  avg_reward=2488.13  penalty_ratio=0.00%  eta=125.8s
2026-04-08 11:03:17 [INFO] src.pomo_trainer:   batch 410/625 (65.6%)  loss=124.4667  avg_reward=2673.90  penalty_ratio=0.00%  eta=120.8s
2026-04-08 11:03:23 [INFO] src.pomo_trainer:   batch 420/625 (67.2%)  loss=144.2396  avg_reward=2026.18  penalty_ratio=0.00%  eta=115.6s
2026-04-08 11:03:30 [INFO] src.pomo_trainer:   batch 430/625 (68.8%)  loss=-24.3521  avg_reward=3065.52  penalty_ratio=0.00%  eta=110.6s
2026-04-08 11:03:34 [INFO] src.pomo_trainer:   batch 440/625 (70.4%)  loss=1.0552  avg_reward=1919.82  penalty_ratio=0.00%  eta=104.0s
2026-04-08 11:03:39 [INFO] src.pomo_trainer:   batch 450/625 (72.0%)  loss=57.7162  avg_reward=2064.69  penalty_ratio=0.00%  eta=98.3s
2026-04-08 11:03:43 [INFO] src.pomo_trainer:   batch 460/625 (73.6%)  loss=-7.7788  avg_reward=1108.31  penalty_ratio=0.00%  eta=92.1s
2026-04-08 11:03:48 [INFO] src.pomo_trainer:   batch 470/625 (75.2%)  loss=2.4572  avg_reward=2180.79  penalty_ratio=0.00%  eta=86.1s
2026-04-08 11:03:52 [INFO] src.pomo_trainer:   batch 480/625 (76.8%)  loss=-42.3473  avg_reward=3116.34  penalty_ratio=0.00%  eta=80.1s
2026-04-08 11:03:58 [INFO] src.pomo_trainer:   batch 490/625 (78.4%)  loss=71.5870  avg_reward=3428.02  penalty_ratio=0.00%  eta=74.8s
2026-04-08 11:04:03 [INFO] src.pomo_trainer:   batch 500/625 (80.0%)  loss=49.2025  avg_reward=1484.78  penalty_ratio=0.00%  eta=69.2s
2026-04-08 11:04:09 [INFO] src.pomo_trainer:   batch 510/625 (81.6%)  loss=-16.8834  avg_reward=2707.37  penalty_ratio=0.00%  eta=63.7s
2026-04-08 11:04:16 [INFO] src.pomo_trainer:   batch 520/625 (83.2%)  loss=0.0401  avg_reward=2736.01  penalty_ratio=0.00%  eta=58.5s
2026-04-08 11:04:20 [INFO] src.pomo_trainer:   batch 530/625 (84.8%)  loss=-9.6289  avg_reward=134.63  penalty_ratio=0.00%  eta=52.7s
2026-04-08 11:04:26 [INFO] src.pomo_trainer:   batch 540/625 (86.4%)  loss=-4.0687  avg_reward=-1135.78  penalty_ratio=0.00%  eta=47.1s
2026-04-08 11:04:31 [INFO] src.pomo_trainer:   batch 550/625 (88.0%)  loss=-0.0000  avg_reward=-442.70  penalty_ratio=0.00%  eta=41.5s
2026-04-08 11:04:37 [INFO] src.pomo_trainer:   batch 560/625 (89.6%)  loss=-31.9787  avg_reward=1649.59  penalty_ratio=0.00%  eta=36.0s
2026-04-08 11:04:41 [INFO] src.pomo_trainer:   batch 570/625 (91.2%)  loss=20.4203  avg_reward=1694.54  penalty_ratio=0.00%  eta=30.3s
2026-04-08 11:04:47 [INFO] src.pomo_trainer:   batch 580/625 (92.8%)  loss=220.6910  avg_reward=2011.08  penalty_ratio=0.00%  eta=24.8s
2026-04-08 11:04:53 [INFO] src.pomo_trainer:   batch 590/625 (94.4%)  loss=-4.0795  avg_reward=2253.42  penalty_ratio=0.00%  eta=19.3s
2026-04-08 11:04:55 [INFO] src.pomo_trainer:   batch 600/625 (96.0%)  loss=-0.0977  avg_reward=-324.26  penalty_ratio=0.00%  eta=13.7s
2026-04-08 11:04:59 [INFO] src.pomo_trainer:   batch 610/625 (97.6%)  loss=-46.4841  avg_reward=3137.88  penalty_ratio=0.00%  eta=8.2s
2026-04-08 11:05:06 [INFO] src.pomo_trainer:   batch 620/625 (99.2%)  loss=95.2097  avg_reward=3238.69  penalty_ratio=0.00%  eta=2.7s
2026-04-08 11:05:09 [INFO] __main__: Epoch 18  stage=main  loss=23.923643  reward=1885.86  var=226286.50  penalty=0.00%  mem_max=nan%
2026-04-08 11:05:09 [INFO] __main__: Training progress: 18/1000 (1.8%)  elapsed=5580.2s  eta=304429.5s
2026-04-08 11:05:09 [INFO] __main__: 
--- Epoch 19 / 1000 ---
2026-04-08 11:05:12 [INFO] src.pomo_trainer:   batch 10/625 (1.6%)  loss=2.2746  avg_reward=2798.32  penalty_ratio=0.00%  eta=167.9s
2026-04-08 11:05:16 [INFO] src.pomo_trainer:   batch 20/625 (3.2%)  loss=-13.9767  avg_reward=3730.20  penalty_ratio=0.00%  eta=203.6s
2026-04-08 11:05:20 [INFO] src.pomo_trainer:   batch 30/625 (4.8%)  loss=44.1194  avg_reward=1838.12  penalty_ratio=0.00%  eta=221.5s
2026-04-08 11:05:25 [INFO] src.pomo_trainer:   batch 40/625 (6.4%)  loss=17.8725  avg_reward=2534.52  penalty_ratio=0.00%  eta=238.6s
2026-04-08 11:05:30 [INFO] src.pomo_trainer:   batch 50/625 (8.0%)  loss=0.8950  avg_reward=228.96  penalty_ratio=0.00%  eta=244.4s
2026-04-08 11:05:35 [INFO] src.pomo_trainer:   batch 60/625 (9.6%)  loss=0.9242  avg_reward=298.55  penalty_ratio=0.00%  eta=244.7s
2026-04-08 11:05:41 [INFO] src.pomo_trainer:   batch 70/625 (11.2%)  loss=163.7519  avg_reward=3676.54  penalty_ratio=0.00%  eta=249.7s
2026-04-08 11:05:45 [INFO] src.pomo_trainer:   batch 80/625 (12.8%)  loss=-16.3432  avg_reward=1828.31  penalty_ratio=0.00%  eta=245.4s
2026-04-08 11:05:52 [INFO] src.pomo_trainer:   batch 90/625 (14.4%)  loss=177.9321  avg_reward=2289.25  penalty_ratio=0.00%  eta=252.8s
2026-04-08 11:05:57 [INFO] src.pomo_trainer:   batch 100/625 (16.0%)  loss=-44.5173  avg_reward=1362.67  penalty_ratio=0.00%  eta=250.4s
2026-04-08 11:06:00 [INFO] src.pomo_trainer:   batch 110/625 (17.6%)  loss=0.0767  avg_reward=-384.78  penalty_ratio=0.00%  eta=240.9s
2026-04-08 11:06:06 [INFO] src.pomo_trainer:   batch 120/625 (19.2%)  loss=43.7019  avg_reward=2524.49  penalty_ratio=0.00%  eta=240.6s
2026-04-08 11:06:12 [INFO] src.pomo_trainer:   batch 130/625 (20.8%)  loss=-45.9670  avg_reward=3029.94  penalty_ratio=0.00%  eta=241.5s
2026-04-08 11:06:17 [INFO] src.pomo_trainer:   batch 140/625 (22.4%)  loss=153.9049  avg_reward=1874.84  penalty_ratio=0.00%  eta=235.9s
2026-04-08 11:06:22 [INFO] src.pomo_trainer:   batch 150/625 (24.0%)  loss=134.1093  avg_reward=1863.11  penalty_ratio=0.00%  eta=231.3s
2026-04-08 11:06:27 [INFO] src.pomo_trainer:   batch 160/625 (25.6%)  loss=0.0034  avg_reward=-376.14  penalty_ratio=0.00%  eta=226.8s
2026-04-08 11:06:33 [INFO] src.pomo_trainer:   batch 170/625 (27.2%)  loss=127.7439  avg_reward=2283.68  penalty_ratio=0.00%  eta=224.7s
2026-04-08 11:06:37 [INFO] src.pomo_trainer:   batch 180/625 (28.8%)  loss=-8.8215  avg_reward=456.39  penalty_ratio=0.00%  eta=218.5s
2026-04-08 11:06:42 [INFO] src.pomo_trainer:   batch 190/625 (30.4%)  loss=-32.8269  avg_reward=4730.25  penalty_ratio=0.00%  eta=213.3s
2026-04-08 11:06:49 [INFO] src.pomo_trainer:   batch 200/625 (32.0%)  loss=-11.0808  avg_reward=2163.01  penalty_ratio=0.00%  eta=211.6s
2026-04-08 11:06:56 [INFO] src.pomo_trainer:   batch 210/625 (33.6%)  loss=116.3871  avg_reward=3688.32  penalty_ratio=0.00%  eta=210.8s
2026-04-08 11:07:00 [INFO] src.pomo_trainer:   batch 220/625 (35.2%)  loss=-7.3125  avg_reward=1431.81  penalty_ratio=0.00%  eta=204.8s
2026-04-08 11:07:06 [INFO] src.pomo_trainer:   batch 230/625 (36.8%)  loss=-4.6180  avg_reward=4071.93  penalty_ratio=0.00%  eta=201.0s
2026-04-08 11:07:09 [INFO] src.pomo_trainer:   batch 240/625 (38.4%)  loss=-0.0000  avg_reward=-191.64  penalty_ratio=0.00%  eta=192.6s
2026-04-08 11:07:14 [INFO] src.pomo_trainer:   batch 250/625 (40.0%)  loss=-14.6277  avg_reward=890.69  penalty_ratio=0.00%  eta=187.9s
2026-04-08 11:07:21 [INFO] src.pomo_trainer:   batch 260/625 (41.6%)  loss=207.9774  avg_reward=2660.51  penalty_ratio=0.00%  eta=184.9s
2026-04-08 11:07:27 [INFO] src.pomo_trainer:   batch 270/625 (43.2%)  loss=72.0040  avg_reward=2574.91  penalty_ratio=0.00%  eta=181.3s
2026-04-08 11:07:32 [INFO] src.pomo_trainer:   batch 280/625 (44.8%)  loss=164.6113  avg_reward=2804.73  penalty_ratio=0.00%  eta=176.6s
2026-04-08 11:07:38 [INFO] src.pomo_trainer:   batch 290/625 (46.4%)  loss=102.8558  avg_reward=2062.87  penalty_ratio=0.00%  eta=172.4s
2026-04-08 11:07:46 [INFO] src.pomo_trainer:   batch 300/625 (48.0%)  loss=-33.0300  avg_reward=3048.64  penalty_ratio=0.00%  eta=169.5s
2026-04-08 11:07:50 [INFO] src.pomo_trainer:   batch 310/625 (49.6%)  loss=-0.0000  avg_reward=-1319.92  penalty_ratio=0.00%  eta=164.0s
2026-04-08 11:07:56 [INFO] src.pomo_trainer:   batch 320/625 (51.2%)  loss=106.7641  avg_reward=1482.42  penalty_ratio=0.00%  eta=159.2s
2026-04-08 11:08:03 [INFO] src.pomo_trainer:   batch 330/625 (52.8%)  loss=25.5826  avg_reward=2565.03  penalty_ratio=0.00%  eta=155.3s
2026-04-08 11:08:07 [INFO] src.pomo_trainer:   batch 340/625 (54.4%)  loss=-2.1631  avg_reward=2492.04  penalty_ratio=0.00%  eta=149.2s
2026-04-08 11:08:13 [INFO] src.pomo_trainer:   batch 350/625 (56.0%)  loss=80.3282  avg_reward=2734.85  penalty_ratio=0.00%  eta=144.8s
2026-04-08 11:08:18 [INFO] src.pomo_trainer:   batch 360/625 (57.6%)  loss=-20.7973  avg_reward=1850.19  penalty_ratio=0.00%  eta=139.3s
2026-04-08 11:08:22 [INFO] src.pomo_trainer:   batch 370/625 (59.2%)  loss=5.1358  avg_reward=3929.65  penalty_ratio=0.00%  eta=133.3s
2026-04-08 11:08:28 [INFO] src.pomo_trainer:   batch 380/625 (60.8%)  loss=-29.4761  avg_reward=3793.57  penalty_ratio=0.00%  eta=128.6s
2026-04-08 11:08:34 [INFO] src.pomo_trainer:   batch 390/625 (62.4%)  loss=92.8013  avg_reward=2143.53  penalty_ratio=0.00%  eta=123.2s
2026-04-08 11:08:40 [INFO] src.pomo_trainer:   batch 400/625 (64.0%)  loss=1.1154  avg_reward=2319.30  penalty_ratio=0.00%  eta=118.6s
2026-04-08 11:08:47 [INFO] src.pomo_trainer:   batch 410/625 (65.6%)  loss=31.5077  avg_reward=3524.93  penalty_ratio=0.00%  eta=114.1s
2026-04-08 11:08:51 [INFO] src.pomo_trainer:   batch 420/625 (67.2%)  loss=-28.9834  avg_reward=4046.16  penalty_ratio=0.00%  eta=108.4s
2026-04-08 11:08:56 [INFO] src.pomo_trainer:   batch 430/625 (68.8%)  loss=77.4896  avg_reward=1891.75  penalty_ratio=0.00%  eta=103.1s
2026-04-08 11:09:01 [INFO] src.pomo_trainer:   batch 440/625 (70.4%)  loss=3.0077  avg_reward=683.37  penalty_ratio=0.00%  eta=97.7s
2026-04-08 11:09:06 [INFO] src.pomo_trainer:   batch 450/625 (72.0%)  loss=-0.0006  avg_reward=36.90  penalty_ratio=0.00%  eta=92.1s
2026-04-08 11:09:12 [INFO] src.pomo_trainer:   batch 460/625 (73.6%)  loss=91.3211  avg_reward=2389.14  penalty_ratio=0.00%  eta=87.0s
2026-04-08 11:09:19 [INFO] src.pomo_trainer:   batch 470/625 (75.2%)  loss=27.3247  avg_reward=2483.62  penalty_ratio=0.00%  eta=82.5s
2026-04-08 11:09:25 [INFO] src.pomo_trainer:   batch 480/625 (76.8%)  loss=1.7980  avg_reward=838.28  penalty_ratio=0.00%  eta=77.3s
2026-04-08 11:09:32 [INFO] src.pomo_trainer:   batch 490/625 (78.4%)  loss=160.8618  avg_reward=2788.68  penalty_ratio=0.00%  eta=72.3s
2026-04-08 11:09:38 [INFO] src.pomo_trainer:   batch 500/625 (80.0%)  loss=129.2373  avg_reward=1950.15  penalty_ratio=0.00%  eta=67.3s
2026-04-08 11:09:43 [INFO] src.pomo_trainer:   batch 510/625 (81.6%)  loss=-0.7230  avg_reward=-686.08  penalty_ratio=0.00%  eta=61.8s
2026-04-08 11:09:48 [INFO] src.pomo_trainer:   batch 520/625 (83.2%)  loss=143.7669  avg_reward=1476.96  penalty_ratio=0.00%  eta=56.3s
2026-04-08 11:09:50 [INFO] src.pomo_trainer:   batch 530/625 (84.8%)  loss=0.2630  avg_reward=-440.82  penalty_ratio=0.00%  eta=50.3s
2026-04-08 11:09:54 [INFO] src.pomo_trainer:   batch 540/625 (86.4%)  loss=21.2021  avg_reward=2185.91  penalty_ratio=0.00%  eta=44.9s
2026-04-08 11:10:00 [INFO] src.pomo_trainer:   batch 550/625 (88.0%)  loss=-18.1653  avg_reward=3622.74  penalty_ratio=0.00%  eta=39.7s
2026-04-08 11:10:06 [INFO] src.pomo_trainer:   batch 560/625 (89.6%)  loss=72.1214  avg_reward=1590.65  penalty_ratio=0.00%  eta=34.4s
2026-04-08 11:10:11 [INFO] src.pomo_trainer:   batch 570/625 (91.2%)  loss=159.4525  avg_reward=2504.14  penalty_ratio=0.00%  eta=29.2s
2026-04-08 11:10:18 [INFO] src.pomo_trainer:   batch 580/625 (92.8%)  loss=-13.0389  avg_reward=2526.21  penalty_ratio=0.00%  eta=23.9s
2026-04-08 11:10:23 [INFO] src.pomo_trainer:   batch 590/625 (94.4%)  loss=87.6222  avg_reward=1963.18  penalty_ratio=0.00%  eta=18.6s
2026-04-08 11:10:29 [INFO] src.pomo_trainer:   batch 600/625 (96.0%)  loss=185.6841  avg_reward=1897.92  penalty_ratio=0.00%  eta=13.4s
2026-04-08 11:10:34 [INFO] src.pomo_trainer:   batch 610/625 (97.6%)  loss=-66.2918  avg_reward=5299.33  penalty_ratio=0.00%  eta=8.0s
2026-04-08 11:10:39 [INFO] src.pomo_trainer:   batch 620/625 (99.2%)  loss=-19.8864  avg_reward=2978.39  penalty_ratio=0.00%  eta=2.7s
2026-04-08 11:10:42 [INFO] __main__: Epoch 19  stage=main  loss=38.408210  reward=1846.21  var=233594.13  penalty=0.00%  mem_max=nan%
2026-04-08 11:10:42 [INFO] __main__: Training progress: 19/1000 (1.9%)  elapsed=5913.4s  eta=305317.9s
2026-04-08 11:10:42 [INFO] __main__: 
--- Epoch 20 / 1000 ---
2026-04-08 11:10:48 [INFO] src.pomo_trainer:   batch 10/625 (1.6%)  loss=-14.4347  avg_reward=598.58  penalty_ratio=0.00%  eta=376.9s
2026-04-08 11:10:54 [INFO] src.pomo_trainer:   batch 20/625 (3.2%)  loss=150.4996  avg_reward=2369.60  penalty_ratio=0.00%  eta=352.0s
2026-04-08 11:11:00 [INFO] src.pomo_trainer:   batch 30/625 (4.8%)  loss=-28.5811  avg_reward=2828.43  penalty_ratio=0.00%  eta=347.8s
2026-04-08 11:11:06 [INFO] src.pomo_trainer:   batch 40/625 (6.4%)  loss=12.9884  avg_reward=4218.58  penalty_ratio=0.00%  eta=352.8s
2026-04-08 11:11:12 [INFO] src.pomo_trainer:   batch 50/625 (8.0%)  loss=-16.5245  avg_reward=1131.75  penalty_ratio=0.00%  eta=346.0s
2026-04-08 11:11:18 [INFO] src.pomo_trainer:   batch 60/625 (9.6%)  loss=47.1929  avg_reward=2587.93  penalty_ratio=0.00%  eta=340.6s
2026-04-08 11:11:25 [INFO] src.pomo_trainer:   batch 70/625 (11.2%)  loss=11.4322  avg_reward=1980.53  penalty_ratio=0.00%  eta=340.8s
2026-04-08 11:11:30 [INFO] src.pomo_trainer:   batch 80/625 (12.8%)  loss=0.8918  avg_reward=2214.84  penalty_ratio=0.00%  eta=326.4s
2026-04-08 11:11:36 [INFO] src.pomo_trainer:   batch 90/625 (14.4%)  loss=-2.7668  avg_reward=2066.31  penalty_ratio=0.00%  eta=316.8s
2026-04-08 11:11:41 [INFO] src.pomo_trainer:   batch 100/625 (16.0%)  loss=-27.5562  avg_reward=207.56  penalty_ratio=0.00%  eta=306.8s
2026-04-08 11:11:46 [INFO] src.pomo_trainer:   batch 110/625 (17.6%)  loss=-47.3224  avg_reward=1979.40  penalty_ratio=0.00%  eta=300.4s
2026-04-08 11:11:52 [INFO] src.pomo_trainer:   batch 120/625 (19.2%)  loss=-54.2974  avg_reward=5269.15  penalty_ratio=0.00%  eta=293.3s
2026-04-08 11:11:59 [INFO] src.pomo_trainer:   batch 130/625 (20.8%)  loss=125.6107  avg_reward=1729.45  penalty_ratio=0.00%  eta=291.5s
2026-04-08 11:12:05 [INFO] src.pomo_trainer:   batch 140/625 (22.4%)  loss=-0.4579  avg_reward=1311.87  penalty_ratio=0.00%  eta=286.9s
2026-04-08 11:12:10 [INFO] src.pomo_trainer:   batch 150/625 (24.0%)  loss=-37.7179  avg_reward=138.53  penalty_ratio=0.00%  eta=277.5s
2026-04-08 11:12:15 [INFO] src.pomo_trainer:   batch 160/625 (25.6%)  loss=53.3763  avg_reward=1723.06  penalty_ratio=0.00%  eta=270.9s
2026-04-08 11:12:23 [INFO] src.pomo_trainer:   batch 170/625 (27.2%)  loss=21.0479  avg_reward=2833.61  penalty_ratio=0.00%  eta=268.6s
2026-04-08 11:12:27 [INFO] src.pomo_trainer:   batch 180/625 (28.8%)  loss=-4.3230  avg_reward=689.81  penalty_ratio=0.00%  eta=259.3s
2026-04-08 11:12:33 [INFO] src.pomo_trainer:   batch 190/625 (30.4%)  loss=168.2492  avg_reward=2034.51  penalty_ratio=0.00%  eta=254.4s
2026-04-08 11:12:37 [INFO] src.pomo_trainer:   batch 200/625 (32.0%)  loss=138.7115  avg_reward=2065.68  penalty_ratio=0.00%  eta=244.0s
2026-04-08 11:12:43 [INFO] src.pomo_trainer:   batch 210/625 (33.6%)  loss=-17.0672  avg_reward=446.52  penalty_ratio=0.00%  eta=238.5s
2026-04-08 11:12:49 [INFO] src.pomo_trainer:   batch 220/625 (35.2%)  loss=-69.4070  avg_reward=3985.33  penalty_ratio=0.00%  eta=233.3s
2026-04-08 11:12:54 [INFO] src.pomo_trainer:   batch 230/625 (36.8%)  loss=135.2074  avg_reward=2059.63  penalty_ratio=0.00%  eta=226.5s
2026-04-08 11:12:58 [INFO] src.pomo_trainer:   batch 240/625 (38.4%)  loss=48.9291  avg_reward=1865.48  penalty_ratio=0.00%  eta=217.9s
2026-04-08 11:13:03 [INFO] src.pomo_trainer:   batch 250/625 (40.0%)  loss=-37.3391  avg_reward=2582.76  penalty_ratio=0.00%  eta=211.3s
2026-04-08 11:13:09 [INFO] src.pomo_trainer:   batch 260/625 (41.6%)  loss=-66.9115  avg_reward=2624.26  penalty_ratio=0.00%  eta=206.2s
2026-04-08 11:13:15 [INFO] src.pomo_trainer:   batch 270/625 (43.2%)  loss=-11.5346  avg_reward=2128.15  penalty_ratio=0.00%  eta=201.1s
2026-04-08 11:13:19 [INFO] src.pomo_trainer:   batch 280/625 (44.8%)  loss=9.7796  avg_reward=2399.04  penalty_ratio=0.00%  eta=193.0s
2026-04-08 11:13:24 [INFO] src.pomo_trainer:   batch 290/625 (46.4%)  loss=-0.6518  avg_reward=17.03  penalty_ratio=0.00%  eta=187.3s
2026-04-08 11:13:28 [INFO] src.pomo_trainer:   batch 300/625 (48.0%)  loss=73.5767  avg_reward=2728.88  penalty_ratio=0.00%  eta=179.9s
2026-04-08 11:13:34 [INFO] src.pomo_trainer:   batch 310/625 (49.6%)  loss=9.9006  avg_reward=497.23  penalty_ratio=0.00%  eta=174.1s
2026-04-08 11:13:39 [INFO] src.pomo_trainer:   batch 320/625 (51.2%)  loss=61.8432  avg_reward=2427.63  penalty_ratio=0.00%  eta=168.7s
2026-04-08 11:13:45 [INFO] src.pomo_trainer:   batch 330/625 (52.8%)  loss=53.8797  avg_reward=2052.26  penalty_ratio=0.00%  eta=163.4s
2026-04-08 11:13:50 [INFO] src.pomo_trainer:   batch 340/625 (54.4%)  loss=-6.3599  avg_reward=978.83  penalty_ratio=0.00%  eta=157.7s
2026-04-08 11:13:58 [INFO] src.pomo_trainer:   batch 350/625 (56.0%)  loss=103.4350  avg_reward=1565.45  penalty_ratio=0.00%  eta=153.7s
2026-04-08 11:14:03 [INFO] src.pomo_trainer:   batch 360/625 (57.6%)  loss=93.2543  avg_reward=2512.92  penalty_ratio=0.00%  eta=147.8s
2026-04-08 11:14:09 [INFO] src.pomo_trainer:   batch 370/625 (59.2%)  loss=-26.2081  avg_reward=5297.64  penalty_ratio=0.00%  eta=142.8s
2026-04-08 11:14:13 [INFO] src.pomo_trainer:   batch 380/625 (60.8%)  loss=5.7392  avg_reward=2925.78  penalty_ratio=0.00%  eta=136.1s
2026-04-08 11:14:18 [INFO] src.pomo_trainer:   batch 390/625 (62.4%)  loss=60.2257  avg_reward=1364.00  penalty_ratio=0.00%  eta=130.2s
2026-04-08 11:14:23 [INFO] src.pomo_trainer:   batch 400/625 (64.0%)  loss=45.9395  avg_reward=2113.40  penalty_ratio=0.00%  eta=124.1s
2026-04-08 11:14:30 [INFO] src.pomo_trainer:   batch 410/625 (65.6%)  loss=95.3775  avg_reward=2468.20  penalty_ratio=0.00%  eta=119.4s
2026-04-08 11:14:36 [INFO] src.pomo_trainer:   batch 420/625 (67.2%)  loss=56.7147  avg_reward=1634.11  penalty_ratio=0.00%  eta=113.9s
2026-04-08 11:14:39 [INFO] src.pomo_trainer:   batch 430/625 (68.8%)  loss=0.4495  avg_reward=1247.89  penalty_ratio=0.00%  eta=107.4s
2026-04-08 11:14:46 [INFO] src.pomo_trainer:   batch 440/625 (70.4%)  loss=164.9696  avg_reward=2904.73  penalty_ratio=0.00%  eta=102.4s
2026-04-08 11:14:50 [INFO] src.pomo_trainer:   batch 450/625 (72.0%)  loss=103.2108  avg_reward=2623.91  penalty_ratio=0.00%  eta=96.5s
2026-04-08 11:14:57 [INFO] src.pomo_trainer:   batch 460/625 (73.6%)  loss=58.4888  avg_reward=2396.07  penalty_ratio=0.00%  eta=91.5s
2026-04-08 11:15:02 [INFO] src.pomo_trainer:   batch 470/625 (75.2%)  loss=-14.4523  avg_reward=2736.66  penalty_ratio=0.00%  eta=85.8s
2026-04-08 11:15:07 [INFO] src.pomo_trainer:   batch 480/625 (76.8%)  loss=71.5010  avg_reward=1961.41  penalty_ratio=0.00%  eta=80.1s
2026-04-08 11:15:13 [INFO] src.pomo_trainer:   batch 490/625 (78.4%)  loss=117.6316  avg_reward=2359.88  penalty_ratio=0.00%  eta=74.7s
2026-04-08 11:15:18 [INFO] src.pomo_trainer:   batch 500/625 (80.0%)  loss=-62.3823  avg_reward=2347.20  penalty_ratio=0.00%  eta=69.0s
2026-04-08 11:15:23 [INFO] src.pomo_trainer:   batch 510/625 (81.6%)  loss=0.9039  avg_reward=431.98  penalty_ratio=0.00%  eta=63.2s
2026-04-08 11:15:28 [INFO] src.pomo_trainer:   batch 520/625 (83.2%)  loss=-43.7561  avg_reward=4080.52  penalty_ratio=0.00%  eta=57.7s
2026-04-08 11:15:36 [INFO] src.pomo_trainer:   batch 530/625 (84.8%)  loss=129.5999  avg_reward=2194.35  penalty_ratio=0.00%  eta=52.6s
2026-04-08 11:15:40 [INFO] src.pomo_trainer:   batch 540/625 (86.4%)  loss=49.2070  avg_reward=2258.42  penalty_ratio=0.00%  eta=46.8s
2026-04-08 11:15:46 [INFO] src.pomo_trainer:   batch 550/625 (88.0%)  loss=86.5970  avg_reward=2537.80  penalty_ratio=0.00%  eta=41.4s
2026-04-08 11:15:51 [INFO] src.pomo_trainer:   batch 560/625 (89.6%)  loss=-19.1387  avg_reward=2113.64  penalty_ratio=0.00%  eta=35.9s
2026-04-08 11:15:57 [INFO] src.pomo_trainer:   batch 570/625 (91.2%)  loss=-24.7611  avg_reward=4078.13  penalty_ratio=0.00%  eta=30.4s
2026-04-08 11:16:02 [INFO] src.pomo_trainer:   batch 580/625 (92.8%)  loss=3.6347  avg_reward=53.45  penalty_ratio=0.00%  eta=24.8s
2026-04-08 11:16:09 [INFO] src.pomo_trainer:   batch 590/625 (94.4%)  loss=19.1263  avg_reward=-205.42  penalty_ratio=0.00%  eta=19.4s
2026-04-08 11:16:16 [INFO] src.pomo_trainer:   batch 600/625 (96.0%)  loss=-0.0000  avg_reward=-193.74  penalty_ratio=0.00%  eta=13.9s
2026-04-08 11:16:19 [INFO] src.pomo_trainer:   batch 610/625 (97.6%)  loss=52.7192  avg_reward=1969.73  penalty_ratio=0.00%  eta=8.3s
2026-04-08 11:16:26 [INFO] src.pomo_trainer:   batch 620/625 (99.2%)  loss=-5.1569  avg_reward=280.04  penalty_ratio=0.00%  eta=2.8s
2026-04-08 11:16:28 [INFO] __main__: Epoch 20  stage=main  loss=27.050071  reward=1870.50  var=228550.92  penalty=0.00%  mem_max=nan%
2026-04-08 11:16:28 [INFO] __main__: Training progress: 20/1000 (2.0%)  elapsed=6259.4s  eta=306712.3s
2026-04-08 11:16:43 [INFO] __main__: Validation reward (all stages): 1291.7342
2026-04-08 11:16:43 [INFO] __main__: 
--- Epoch 21 / 1000 ---
2026-04-08 11:16:48 [INFO] src.pomo_trainer:   batch 10/625 (1.6%)  loss=-3.3707  avg_reward=-529.29  penalty_ratio=0.00%  eta=362.1s
2026-04-08 11:16:55 [INFO] src.pomo_trainer:   batch 20/625 (3.2%)  loss=-10.7574  avg_reward=1348.41  penalty_ratio=0.00%  eta=365.5s
2026-04-08 11:17:01 [INFO] src.pomo_trainer:   batch 30/625 (4.8%)  loss=3.7095  avg_reward=149.86  penalty_ratio=0.00%  eta=362.2s
2026-04-08 11:17:06 [INFO] src.pomo_trainer:   batch 40/625 (6.4%)  loss=-26.4076  avg_reward=4894.30  penalty_ratio=0.00%  eta=350.1s
2026-04-08 11:17:13 [INFO] src.pomo_trainer:   batch 50/625 (8.0%)  loss=8.0771  avg_reward=2439.69  penalty_ratio=0.00%  eta=352.5s
2026-04-08 11:17:20 [INFO] src.pomo_trainer:   batch 60/625 (9.6%)  loss=120.9588  avg_reward=1679.86  penalty_ratio=0.00%  eta=354.6s
2026-04-08 11:17:24 [INFO] src.pomo_trainer:   batch 70/625 (11.2%)  loss=-0.0000  avg_reward=-1312.90  penalty_ratio=0.00%  eta=331.7s
2026-04-08 11:17:30 [INFO] src.pomo_trainer:   batch 80/625 (12.8%)  loss=-15.7576  avg_reward=3140.46  penalty_ratio=0.00%  eta=326.0s
2026-04-08 11:17:35 [INFO] src.pomo_trainer:   batch 90/625 (14.4%)  loss=-16.6913  avg_reward=2941.66  penalty_ratio=0.00%  eta=313.3s
2026-04-08 11:17:40 [INFO] src.pomo_trainer:   batch 100/625 (16.0%)  loss=43.5266  avg_reward=1913.39  penalty_ratio=0.00%  eta=300.5s
2026-04-08 11:17:45 [INFO] src.pomo_trainer:   batch 110/625 (17.6%)  loss=128.3394  avg_reward=1853.62  penalty_ratio=0.00%  eta=294.4s
2026-04-08 11:17:52 [INFO] src.pomo_trainer:   batch 120/625 (19.2%)  loss=-3.7234  avg_reward=2589.23  penalty_ratio=0.00%  eta=292.2s
2026-04-08 11:17:58 [INFO] src.pomo_trainer:   batch 130/625 (20.8%)  loss=205.5724  avg_reward=3275.73  penalty_ratio=0.00%  eta=286.9s
2026-04-08 11:18:02 [INFO] src.pomo_trainer:   batch 140/625 (22.4%)  loss=-6.2207  avg_reward=98.07  penalty_ratio=0.00%  eta=273.8s
2026-04-08 11:18:07 [INFO] src.pomo_trainer:   batch 150/625 (24.0%)  loss=17.5987  avg_reward=863.39  penalty_ratio=0.00%  eta=267.8s
2026-04-08 11:18:11 [INFO] src.pomo_trainer:   batch 160/625 (25.6%)  loss=-0.0000  avg_reward=-1312.30  penalty_ratio=0.00%  eta=257.1s
2026-04-08 11:18:16 [INFO] src.pomo_trainer:   batch 170/625 (27.2%)  loss=-20.6159  avg_reward=4231.98  penalty_ratio=0.00%  eta=249.4s
2026-04-08 11:18:21 [INFO] src.pomo_trainer:   batch 180/625 (28.8%)  loss=30.1257  avg_reward=2008.94  penalty_ratio=0.00%  eta=243.3s
2026-04-08 11:18:25 [INFO] src.pomo_trainer:   batch 190/625 (30.4%)  loss=-1.4318  avg_reward=2607.50  penalty_ratio=0.00%  eta=235.0s
2026-04-08 11:18:29 [INFO] src.pomo_trainer:   batch 200/625 (32.0%)  loss=100.6106  avg_reward=3620.81  penalty_ratio=0.00%  eta=227.3s
2026-04-08 11:18:35 [INFO] src.pomo_trainer:   batch 210/625 (33.6%)  loss=-11.7604  avg_reward=2987.34  penalty_ratio=0.00%  eta=223.0s
2026-04-08 11:18:41 [INFO] src.pomo_trainer:   batch 220/625 (35.2%)  loss=-19.9169  avg_reward=117.61  penalty_ratio=0.00%  eta=217.3s
2026-04-08 11:18:44 [INFO] src.pomo_trainer:   batch 230/625 (36.8%)  loss=92.2863  avg_reward=1847.01  penalty_ratio=0.00%  eta=208.9s
2026-04-08 11:18:50 [INFO] src.pomo_trainer:   batch 240/625 (38.4%)  loss=166.8339  avg_reward=2351.73  penalty_ratio=0.00%  eta=203.8s
2026-04-08 11:18:57 [INFO] src.pomo_trainer:   batch 250/625 (40.0%)  loss=-50.2100  avg_reward=4282.49  penalty_ratio=0.00%  eta=201.7s
2026-04-08 11:19:02 [INFO] src.pomo_trainer:   batch 260/625 (41.6%)  loss=-0.0000  avg_reward=-1313.65  penalty_ratio=0.00%  eta=195.2s
2026-04-08 11:19:06 [INFO] src.pomo_trainer:   batch 270/625 (43.2%)  loss=78.9282  avg_reward=2412.78  penalty_ratio=0.00%  eta=188.8s
2026-04-08 11:19:11 [INFO] src.pomo_trainer:   batch 280/625 (44.8%)  loss=-0.0000  avg_reward=-183.44  penalty_ratio=0.00%  eta=182.6s
2026-04-08 11:19:15 [INFO] src.pomo_trainer:   batch 290/625 (46.4%)  loss=6.8827  avg_reward=507.24  penalty_ratio=0.00%  eta=176.0s
2026-04-08 11:19:19 [INFO] src.pomo_trainer:   batch 300/625 (48.0%)  loss=35.0730  avg_reward=1183.27  penalty_ratio=0.00%  eta=169.1s
2026-04-08 11:19:23 [INFO] src.pomo_trainer:   batch 310/625 (49.6%)  loss=-13.3173  avg_reward=637.53  penalty_ratio=0.00%  eta=163.2s
2026-04-08 11:19:28 [INFO] src.pomo_trainer:   batch 320/625 (51.2%)  loss=-2.0365  avg_reward=4046.76  penalty_ratio=0.00%  eta=157.7s
2026-04-08 11:19:35 [INFO] src.pomo_trainer:   batch 330/625 (52.8%)  loss=-25.3739  avg_reward=2075.13  penalty_ratio=0.00%  eta=153.9s
2026-04-08 11:19:40 [INFO] src.pomo_trainer:   batch 340/625 (54.4%)  loss=-34.8021  avg_reward=3988.06  penalty_ratio=0.00%  eta=148.5s
2026-04-08 11:19:45 [INFO] src.pomo_trainer:   batch 350/625 (56.0%)  loss=17.5653  avg_reward=510.81  penalty_ratio=0.00%  eta=143.7s
2026-04-08 11:19:50 [INFO] src.pomo_trainer:   batch 360/625 (57.6%)  loss=-19.2831  avg_reward=3021.72  penalty_ratio=0.00%  eta=138.1s
2026-04-08 11:19:55 [INFO] src.pomo_trainer:   batch 370/625 (59.2%)  loss=-14.6377  avg_reward=2793.59  penalty_ratio=0.00%  eta=133.0s
2026-04-08 11:20:02 [INFO] src.pomo_trainer:   batch 380/625 (60.8%)  loss=100.9778  avg_reward=3428.93  penalty_ratio=0.00%  eta=128.5s
2026-04-08 11:20:09 [INFO] src.pomo_trainer:   batch 390/625 (62.4%)  loss=-32.8871  avg_reward=3028.68  penalty_ratio=0.00%  eta=124.3s
2026-04-08 11:20:15 [INFO] src.pomo_trainer:   batch 400/625 (64.0%)  loss=-52.6723  avg_reward=3661.48  penalty_ratio=0.00%  eta=119.5s
2026-04-08 11:20:20 [INFO] src.pomo_trainer:   batch 410/625 (65.6%)  loss=-38.9208  avg_reward=3164.79  penalty_ratio=0.00%  eta=114.1s
2026-04-08 11:20:26 [INFO] src.pomo_trainer:   batch 420/625 (67.2%)  loss=193.8129  avg_reward=3065.09  penalty_ratio=0.00%  eta=108.8s
2026-04-08 11:20:30 [INFO] src.pomo_trainer:   batch 430/625 (68.8%)  loss=-29.0126  avg_reward=4773.55  penalty_ratio=0.00%  eta=103.2s
2026-04-08 11:20:35 [INFO] src.pomo_trainer:   batch 440/625 (70.4%)  loss=11.4188  avg_reward=1149.27  penalty_ratio=0.00%  eta=97.9s
2026-04-08 11:20:38 [INFO] src.pomo_trainer:   batch 450/625 (72.0%)  loss=-6.8025  avg_reward=36.95  penalty_ratio=0.00%  eta=91.6s
2026-04-08 11:20:44 [INFO] src.pomo_trainer:   batch 460/625 (73.6%)  loss=108.3860  avg_reward=3074.35  penalty_ratio=0.00%  eta=86.6s
2026-04-08 11:20:49 [INFO] src.pomo_trainer:   batch 470/625 (75.2%)  loss=-6.0607  avg_reward=1098.08  penalty_ratio=0.00%  eta=81.2s
2026-04-08 11:20:55 [INFO] src.pomo_trainer:   batch 480/625 (76.8%)  loss=-0.0000  avg_reward=-1202.38  penalty_ratio=0.00%  eta=76.4s
2026-04-08 11:21:02 [INFO] src.pomo_trainer:   batch 490/625 (78.4%)  loss=-6.0280  avg_reward=84.35  penalty_ratio=0.00%  eta=71.4s
2026-04-08 11:21:06 [INFO] src.pomo_trainer:   batch 500/625 (80.0%)  loss=13.4661  avg_reward=1171.77  penalty_ratio=0.00%  eta=65.9s
2026-04-08 11:21:13 [INFO] src.pomo_trainer:   batch 510/625 (81.6%)  loss=158.7387  avg_reward=1446.25  penalty_ratio=0.00%  eta=61.1s
2026-04-08 11:21:20 [INFO] src.pomo_trainer:   batch 520/625 (83.2%)  loss=29.7497  avg_reward=2761.42  penalty_ratio=0.00%  eta=56.1s
2026-04-08 11:21:27 [INFO] src.pomo_trainer:   batch 530/625 (84.8%)  loss=-5.4278  avg_reward=610.63  penalty_ratio=0.00%  eta=51.0s
2026-04-08 11:21:31 [INFO] src.pomo_trainer:   batch 540/625 (86.4%)  loss=115.1356  avg_reward=2033.61  penalty_ratio=0.00%  eta=45.3s
2026-04-08 11:21:36 [INFO] src.pomo_trainer:   batch 550/625 (88.0%)  loss=130.0972  avg_reward=2943.85  penalty_ratio=0.00%  eta=40.0s
2026-04-08 11:21:41 [INFO] src.pomo_trainer:   batch 560/625 (89.6%)  loss=102.3287  avg_reward=2459.84  penalty_ratio=0.00%  eta=34.6s
2026-04-08 11:21:46 [INFO] src.pomo_trainer:   batch 570/625 (91.2%)  loss=-19.1139  avg_reward=708.23  penalty_ratio=0.00%  eta=29.3s
2026-04-08 11:21:51 [INFO] src.pomo_trainer:   batch 580/625 (92.8%)  loss=104.3271  avg_reward=2088.64  penalty_ratio=0.00%  eta=24.0s
2026-04-08 11:21:58 [INFO] src.pomo_trainer:   batch 590/625 (94.4%)  loss=-6.5772  avg_reward=985.76  penalty_ratio=0.00%  eta=18.7s
2026-04-08 11:22:02 [INFO] src.pomo_trainer:   batch 600/625 (96.0%)  loss=134.4798  avg_reward=1496.88  penalty_ratio=0.00%  eta=13.3s
2026-04-08 11:22:08 [INFO] src.pomo_trainer:   batch 610/625 (97.6%)  loss=-1.2760  avg_reward=201.92  penalty_ratio=0.00%  eta=8.0s
2026-04-08 11:22:12 [INFO] src.pomo_trainer:   batch 620/625 (99.2%)  loss=5.9934  avg_reward=4139.31  penalty_ratio=0.00%  eta=2.7s
2026-04-08 11:22:16 [INFO] __main__: Epoch 21  stage=main  loss=33.147199  reward=1822.76  var=240966.28  penalty=0.00%  mem_max=nan%
2026-04-08 11:22:16 [INFO] __main__: Training progress: 21/1000 (2.1%)  elapsed=6606.9s  eta=308009.0s
2026-04-08 11:22:16 [INFO] __main__: 
--- Epoch 22 / 1000 ---
2026-04-08 11:22:23 [INFO] src.pomo_trainer:   batch 10/625 (1.6%)  loss=-20.7774  avg_reward=2196.73  penalty_ratio=0.00%  eta=453.8s
2026-04-08 11:22:29 [INFO] src.pomo_trainer:   batch 20/625 (3.2%)  loss=-4.5606  avg_reward=1097.14  penalty_ratio=0.00%  eta=395.6s
2026-04-08 11:22:33 [INFO] src.pomo_trainer:   batch 30/625 (4.8%)  loss=4.3274  avg_reward=2337.90  penalty_ratio=0.00%  eta=345.2s
2026-04-08 11:22:40 [INFO] src.pomo_trainer:   batch 40/625 (6.4%)  loss=129.8924  avg_reward=1933.87  penalty_ratio=0.00%  eta=359.8s
2026-04-08 11:22:46 [INFO] src.pomo_trainer:   batch 50/625 (8.0%)  loss=-18.7714  avg_reward=2511.22  penalty_ratio=0.00%  eta=342.7s
2026-04-08 11:22:51 [INFO] src.pomo_trainer:   batch 60/625 (9.6%)  loss=132.1326  avg_reward=2009.59  penalty_ratio=0.00%  eta=331.3s
2026-04-08 11:22:57 [INFO] src.pomo_trainer:   batch 70/625 (11.2%)  loss=77.3846  avg_reward=2733.85  penalty_ratio=0.00%  eta=327.7s
2026-04-08 11:23:01 [INFO] src.pomo_trainer:   batch 80/625 (12.8%)  loss=-3.8868  avg_reward=214.15  penalty_ratio=0.00%  eta=306.6s
2026-04-08 11:23:06 [INFO] src.pomo_trainer:   batch 90/625 (14.4%)  loss=55.1275  avg_reward=1630.44  penalty_ratio=0.00%  eta=299.7s
2026-04-08 11:23:10 [INFO] src.pomo_trainer:   batch 100/625 (16.0%)  loss=49.2608  avg_reward=1770.19  penalty_ratio=0.00%  eta=282.6s
2026-04-08 11:23:16 [INFO] src.pomo_trainer:   batch 110/625 (17.6%)  loss=87.0923  avg_reward=2436.04  penalty_ratio=0.00%  eta=280.2s
2026-04-08 11:23:20 [INFO] src.pomo_trainer:   batch 120/625 (19.2%)  loss=-4.3630  avg_reward=140.04  penalty_ratio=0.00%  eta=272.2s
2026-04-08 11:23:25 [INFO] src.pomo_trainer:   batch 130/625 (20.8%)  loss=11.7864  avg_reward=1731.40  penalty_ratio=0.00%  eta=262.6s
2026-04-08 11:23:30 [INFO] src.pomo_trainer:   batch 140/625 (22.4%)  loss=127.3371  avg_reward=1675.32  penalty_ratio=0.00%  eta=255.9s
2026-04-08 11:23:36 [INFO] src.pomo_trainer:   batch 150/625 (24.0%)  loss=-45.0910  avg_reward=4246.75  penalty_ratio=0.00%  eta=253.2s
2026-04-08 11:23:40 [INFO] src.pomo_trainer:   batch 160/625 (25.6%)  loss=-6.9680  avg_reward=6.41  penalty_ratio=0.00%  eta=243.8s
2026-04-08 11:23:46 [INFO] src.pomo_trainer:   batch 170/625 (27.2%)  loss=87.0977  avg_reward=1829.62  penalty_ratio=0.00%  eta=241.2s
2026-04-08 11:23:52 [INFO] src.pomo_trainer:   batch 180/625 (28.8%)  loss=-26.9994  avg_reward=3148.93  penalty_ratio=0.00%  eta=236.8s
2026-04-08 11:23:59 [INFO] src.pomo_trainer:   batch 190/625 (30.4%)  loss=88.8802  avg_reward=3206.72  penalty_ratio=0.00%  eta=235.7s
2026-04-08 11:24:04 [INFO] src.pomo_trainer:   batch 200/625 (32.0%)  loss=-5.8876  avg_reward=786.09  penalty_ratio=0.00%  eta=229.0s
2026-04-08 11:24:09 [INFO] src.pomo_trainer:   batch 210/625 (33.6%)  loss=-3.3972  avg_reward=551.18  penalty_ratio=0.00%  eta=223.1s
2026-04-08 11:24:13 [INFO] src.pomo_trainer:   batch 220/625 (35.2%)  loss=50.2814  avg_reward=923.54  penalty_ratio=0.00%  eta=215.8s
2026-04-08 11:24:18 [INFO] src.pomo_trainer:   batch 230/625 (36.8%)  loss=-1.7562  avg_reward=2086.38  penalty_ratio=0.00%  eta=210.6s
2026-04-08 11:24:23 [INFO] src.pomo_trainer:   batch 240/625 (38.4%)  loss=24.1494  avg_reward=2645.59  penalty_ratio=0.00%  eta=204.8s
2026-04-08 11:24:29 [INFO] src.pomo_trainer:   batch 250/625 (40.0%)  loss=143.5119  avg_reward=2589.45  penalty_ratio=0.00%  eta=200.3s
2026-04-08 11:24:35 [INFO] src.pomo_trainer:   batch 260/625 (41.6%)  loss=-21.2409  avg_reward=3834.09  penalty_ratio=0.00%  eta=195.8s
2026-04-08 11:24:40 [INFO] src.pomo_trainer:   batch 270/625 (43.2%)  loss=-6.1346  avg_reward=1320.22  penalty_ratio=0.00%  eta=190.0s
2026-04-08 11:24:46 [INFO] src.pomo_trainer:   batch 280/625 (44.8%)  loss=-23.0988  avg_reward=2218.79  penalty_ratio=0.00%  eta=185.6s
2026-04-08 11:24:49 [INFO] src.pomo_trainer:   batch 290/625 (46.4%)  loss=-10.0642  avg_reward=1103.13  penalty_ratio=0.00%  eta=177.3s
2026-04-08 11:24:56 [INFO] src.pomo_trainer:   batch 300/625 (48.0%)  loss=68.0835  avg_reward=2181.99  penalty_ratio=0.00%  eta=173.6s
2026-04-08 11:25:02 [INFO] src.pomo_trainer:   batch 310/625 (49.6%)  loss=5.7880  avg_reward=554.38  penalty_ratio=0.00%  eta=169.2s
2026-04-08 11:25:07 [INFO] src.pomo_trainer:   batch 320/625 (51.2%)  loss=-3.7145  avg_reward=-518.75  penalty_ratio=0.00%  eta=163.1s
2026-04-08 11:25:13 [INFO] src.pomo_trainer:   batch 330/625 (52.8%)  loss=40.9098  avg_reward=3103.24  penalty_ratio=0.00%  eta=158.1s
2026-04-08 11:25:16 [INFO] src.pomo_trainer:   batch 340/625 (54.4%)  loss=-13.8173  avg_reward=585.36  penalty_ratio=0.00%  eta=150.9s
2026-04-08 11:25:21 [INFO] src.pomo_trainer:   batch 350/625 (56.0%)  loss=155.4366  avg_reward=2400.28  penalty_ratio=0.00%  eta=145.5s
2026-04-08 11:25:27 [INFO] src.pomo_trainer:   batch 360/625 (57.6%)  loss=84.9593  avg_reward=2334.91  penalty_ratio=0.00%  eta=140.8s
2026-04-08 11:25:33 [INFO] src.pomo_trainer:   batch 370/625 (59.2%)  loss=77.2427  avg_reward=1803.77  penalty_ratio=0.00%  eta=135.7s
2026-04-08 11:25:37 [INFO] src.pomo_trainer:   batch 380/625 (60.8%)  loss=17.3187  avg_reward=2302.31  penalty_ratio=0.00%  eta=129.9s
2026-04-08 11:25:43 [INFO] src.pomo_trainer:   batch 390/625 (62.4%)  loss=20.0105  avg_reward=2403.67  penalty_ratio=0.00%  eta=125.1s
2026-04-08 11:25:48 [INFO] src.pomo_trainer:   batch 400/625 (64.0%)  loss=-17.4285  avg_reward=1310.89  penalty_ratio=0.00%  eta=119.6s
2026-04-08 11:25:54 [INFO] src.pomo_trainer:   batch 410/625 (65.6%)  loss=-40.4315  avg_reward=3868.27  penalty_ratio=0.00%  eta=114.6s
2026-04-08 11:26:01 [INFO] src.pomo_trainer:   batch 420/625 (67.2%)  loss=-17.3719  avg_reward=2114.36  penalty_ratio=0.00%  eta=109.7s
2026-04-08 11:26:06 [INFO] src.pomo_trainer:   batch 430/625 (68.8%)  loss=72.1989  avg_reward=2424.63  penalty_ratio=0.00%  eta=104.6s
2026-04-08 11:26:11 [INFO] src.pomo_trainer:   batch 440/625 (70.4%)  loss=-0.0000  avg_reward=-1133.65  penalty_ratio=0.00%  eta=98.9s
2026-04-08 11:26:17 [INFO] src.pomo_trainer:   batch 450/625 (72.0%)  loss=-25.8836  avg_reward=1946.35  penalty_ratio=0.00%  eta=93.9s
2026-04-08 11:26:23 [INFO] src.pomo_trainer:   batch 460/625 (73.6%)  loss=186.9690  avg_reward=3338.10  penalty_ratio=0.00%  eta=88.8s
2026-04-08 11:26:29 [INFO] src.pomo_trainer:   batch 470/625 (75.2%)  loss=162.9784  avg_reward=3340.68  penalty_ratio=0.00%  eta=83.5s
2026-04-08 11:26:35 [INFO] src.pomo_trainer:   batch 480/625 (76.8%)  loss=94.6072  avg_reward=3160.29  penalty_ratio=0.00%  eta=78.2s
2026-04-08 11:26:41 [INFO] src.pomo_trainer:   batch 490/625 (78.4%)  loss=-6.5891  avg_reward=327.59  penalty_ratio=0.00%  eta=72.9s
2026-04-08 11:26:46 [INFO] src.pomo_trainer:   batch 500/625 (80.0%)  loss=51.4026  avg_reward=2148.56  penalty_ratio=0.00%  eta=67.7s
2026-04-08 11:26:51 [INFO] src.pomo_trainer:   batch 510/625 (81.6%)  loss=-8.0071  avg_reward=704.15  penalty_ratio=0.00%  eta=62.1s
2026-04-08 11:26:56 [INFO] src.pomo_trainer:   batch 520/625 (83.2%)  loss=106.9473  avg_reward=2029.99  penalty_ratio=0.00%  eta=56.7s
2026-04-08 11:27:01 [INFO] src.pomo_trainer:   batch 530/625 (84.8%)  loss=103.2458  avg_reward=1225.50  penalty_ratio=0.00%  eta=51.1s
2026-04-08 11:27:05 [INFO] src.pomo_trainer:   batch 540/625 (86.4%)  loss=119.7516  avg_reward=1716.72  penalty_ratio=0.00%  eta=45.6s
2026-04-08 11:27:11 [INFO] src.pomo_trainer:   batch 550/625 (88.0%)  loss=0.1857  avg_reward=1846.26  penalty_ratio=0.00%  eta=40.2s
2026-04-08 11:27:17 [INFO] src.pomo_trainer:   batch 560/625 (89.6%)  loss=78.3753  avg_reward=2544.65  penalty_ratio=0.00%  eta=34.9s
2026-04-08 11:27:21 [INFO] src.pomo_trainer:   batch 570/625 (91.2%)  loss=-30.1050  avg_reward=897.11  penalty_ratio=0.00%  eta=29.5s
2026-04-08 11:27:29 [INFO] src.pomo_trainer:   batch 580/625 (92.8%)  loss=-25.3305  avg_reward=3483.02  penalty_ratio=0.00%  eta=24.3s
2026-04-08 11:27:33 [INFO] src.pomo_trainer:   batch 590/625 (94.4%)  loss=-3.2244  avg_reward=2117.17  penalty_ratio=0.00%  eta=18.8s
2026-04-08 11:27:38 [INFO] src.pomo_trainer:   batch 600/625 (96.0%)  loss=-6.7031  avg_reward=4208.95  penalty_ratio=0.00%  eta=13.4s
2026-04-08 11:27:44 [INFO] src.pomo_trainer:   batch 610/625 (97.6%)  loss=-21.5325  avg_reward=2512.65  penalty_ratio=0.00%  eta=8.1s
2026-04-08 11:27:50 [INFO] src.pomo_trainer:   batch 620/625 (99.2%)  loss=105.4644  avg_reward=2592.53  penalty_ratio=0.00%  eta=2.7s
2026-04-08 11:27:53 [INFO] __main__: Epoch 22  stage=main  loss=27.551007  reward=1841.54  var=232307.58  penalty=0.00%  mem_max=nan%
2026-04-08 11:27:53 [INFO] __main__: Training progress: 22/1000 (2.2%)  elapsed=6944.3s  eta=308707.7s
2026-04-08 11:27:53 [INFO] __main__: 
--- Epoch 23 / 1000 ---
2026-04-08 11:27:58 [INFO] src.pomo_trainer:   batch 10/625 (1.6%)  loss=-20.0371  avg_reward=1502.45  penalty_ratio=0.00%  eta=292.3s
2026-04-08 11:28:03 [INFO] src.pomo_trainer:   batch 20/625 (3.2%)  loss=-21.2318  avg_reward=2238.65  penalty_ratio=0.00%  eta=305.7s
2026-04-08 11:28:08 [INFO] src.pomo_trainer:   batch 30/625 (4.8%)  loss=14.0284  avg_reward=1002.20  penalty_ratio=0.00%  eta=287.9s
2026-04-08 11:28:13 [INFO] src.pomo_trainer:   batch 40/625 (6.4%)  loss=94.4471  avg_reward=2358.52  penalty_ratio=0.00%  eta=294.9s
2026-04-08 11:28:19 [INFO] src.pomo_trainer:   batch 50/625 (8.0%)  loss=-20.2059  avg_reward=2135.97  penalty_ratio=0.00%  eta=298.6s
2026-04-08 11:28:25 [INFO] src.pomo_trainer:   batch 60/625 (9.6%)  loss=46.7056  avg_reward=2434.48  penalty_ratio=0.00%  eta=298.9s
2026-04-08 11:28:30 [INFO] src.pomo_trainer:   batch 70/625 (11.2%)  loss=-13.0294  avg_reward=2541.48  penalty_ratio=0.00%  eta=293.0s
2026-04-08 11:28:37 [INFO] src.pomo_trainer:   batch 80/625 (12.8%)  loss=98.5256  avg_reward=1639.18  penalty_ratio=0.00%  eta=298.9s
2026-04-08 11:28:43 [INFO] src.pomo_trainer:   batch 90/625 (14.4%)  loss=226.3046  avg_reward=2845.07  penalty_ratio=0.00%  eta=293.4s
2026-04-08 11:28:48 [INFO] src.pomo_trainer:   batch 100/625 (16.0%)  loss=40.5157  avg_reward=1234.59  penalty_ratio=0.00%  eta=288.7s
2026-04-08 11:28:56 [INFO] src.pomo_trainer:   batch 110/625 (17.6%)  loss=133.9862  avg_reward=2439.03  penalty_ratio=0.00%  eta=292.6s
2026-04-08 11:28:59 [INFO] src.pomo_trainer:   batch 120/625 (19.2%)  loss=3.6524  avg_reward=687.67  penalty_ratio=0.00%  eta=278.7s
2026-04-08 11:29:06 [INFO] src.pomo_trainer:   batch 130/625 (20.8%)  loss=9.3799  avg_reward=2472.14  penalty_ratio=0.00%  eta=275.8s
2026-04-08 11:29:13 [INFO] src.pomo_trainer:   batch 140/625 (22.4%)  loss=123.1750  avg_reward=2415.41  penalty_ratio=0.00%  eta=275.1s
2026-04-08 11:29:18 [INFO] src.pomo_trainer:   batch 150/625 (24.0%)  loss=3.5668  avg_reward=2602.24  penalty_ratio=0.00%  eta=268.3s
2026-04-08 11:29:24 [INFO] src.pomo_trainer:   batch 160/625 (25.6%)  loss=-8.1731  avg_reward=888.44  penalty_ratio=0.00%  eta=263.3s
2026-04-08 11:29:28 [INFO] src.pomo_trainer:   batch 170/625 (27.2%)  loss=136.4611  avg_reward=2913.63  penalty_ratio=0.00%  eta=254.8s
2026-04-08 11:29:34 [INFO] src.pomo_trainer:   batch 180/625 (28.8%)  loss=121.9137  avg_reward=3502.63  penalty_ratio=0.00%  eta=250.1s
2026-04-08 11:29:39 [INFO] src.pomo_trainer:   batch 190/625 (30.4%)  loss=-0.0000  avg_reward=59.51  penalty_ratio=0.00%  eta=242.2s
2026-04-08 11:29:45 [INFO] src.pomo_trainer:   batch 200/625 (32.0%)  loss=53.8501  avg_reward=2398.09  penalty_ratio=0.00%  eta=238.2s
2026-04-08 11:29:51 [INFO] src.pomo_trainer:   batch 210/625 (33.6%)  loss=39.6726  avg_reward=1587.72  penalty_ratio=0.00%  eta=233.0s
2026-04-08 11:29:55 [INFO] src.pomo_trainer:   batch 220/625 (35.2%)  loss=-33.1289  avg_reward=238.15  penalty_ratio=0.00%  eta=224.4s
2026-04-08 11:30:00 [INFO] src.pomo_trainer:   batch 230/625 (36.8%)  loss=6.4261  avg_reward=3743.54  penalty_ratio=0.00%  eta=217.4s
2026-04-08 11:30:07 [INFO] src.pomo_trainer:   batch 240/625 (38.4%)  loss=-13.1336  avg_reward=4755.44  penalty_ratio=0.00%  eta=215.0s
2026-04-08 11:30:15 [INFO] src.pomo_trainer:   batch 250/625 (40.0%)  loss=5.2211  avg_reward=2110.72  penalty_ratio=0.00%  eta=212.4s
2026-04-08 11:30:20 [INFO] src.pomo_trainer:   batch 260/625 (41.6%)  loss=53.1899  avg_reward=2145.83  penalty_ratio=0.00%  eta=205.9s
2026-04-08 11:30:27 [INFO] src.pomo_trainer:   batch 270/625 (43.2%)  loss=33.2318  avg_reward=2486.38  penalty_ratio=0.00%  eta=201.6s
2026-04-08 11:30:32 [INFO] src.pomo_trainer:   batch 280/625 (44.8%)  loss=45.8631  avg_reward=3049.76  penalty_ratio=0.00%  eta=195.7s
2026-04-08 11:30:38 [INFO] src.pomo_trainer:   batch 290/625 (46.4%)  loss=124.2105  avg_reward=2914.84  penalty_ratio=0.00%  eta=190.4s
2026-04-08 11:30:45 [INFO] src.pomo_trainer:   batch 300/625 (48.0%)  loss=104.8401  avg_reward=1751.59  penalty_ratio=0.00%  eta=185.7s
2026-04-08 11:30:50 [INFO] src.pomo_trainer:   batch 310/625 (49.6%)  loss=151.8559  avg_reward=2531.08  penalty_ratio=0.00%  eta=179.8s
2026-04-08 11:30:56 [INFO] src.pomo_trainer:   batch 320/625 (51.2%)  loss=112.8974  avg_reward=2410.68  penalty_ratio=0.00%  eta=174.6s
2026-04-08 11:31:02 [INFO] src.pomo_trainer:   batch 330/625 (52.8%)  loss=44.1136  avg_reward=2419.38  penalty_ratio=0.00%  eta=169.2s
2026-04-08 11:31:08 [INFO] src.pomo_trainer:   batch 340/625 (54.4%)  loss=27.0420  avg_reward=336.23  penalty_ratio=0.00%  eta=163.5s
2026-04-08 11:31:14 [INFO] src.pomo_trainer:   batch 350/625 (56.0%)  loss=165.0301  avg_reward=2090.96  penalty_ratio=0.00%  eta=158.1s
2026-04-08 11:31:21 [INFO] src.pomo_trainer:   batch 360/625 (57.6%)  loss=136.9966  avg_reward=3897.96  penalty_ratio=0.00%  eta=153.3s
2026-04-08 11:31:27 [INFO] src.pomo_trainer:   batch 370/625 (59.2%)  loss=-27.8006  avg_reward=3747.25  penalty_ratio=0.00%  eta=147.6s
2026-04-08 11:31:33 [INFO] src.pomo_trainer:   batch 380/625 (60.8%)  loss=132.1124  avg_reward=1308.96  penalty_ratio=0.00%  eta=141.9s
2026-04-08 11:31:40 [INFO] src.pomo_trainer:   batch 390/625 (62.4%)  loss=104.6492  avg_reward=2402.63  penalty_ratio=0.00%  eta=136.7s
2026-04-08 11:31:46 [INFO] src.pomo_trainer:   batch 400/625 (64.0%)  loss=67.4506  avg_reward=3318.94  penalty_ratio=0.00%  eta=131.1s
2026-04-08 11:31:50 [INFO] src.pomo_trainer:   batch 410/625 (65.6%)  loss=0.0012  avg_reward=2165.46  penalty_ratio=0.00%  eta=124.2s
2026-04-08 11:31:54 [INFO] src.pomo_trainer:   batch 420/625 (67.2%)  loss=86.2538  avg_reward=1946.70  penalty_ratio=0.00%  eta=117.7s
2026-04-08 11:32:01 [INFO] src.pomo_trainer:   batch 430/625 (68.8%)  loss=-9.3797  avg_reward=82.88  penalty_ratio=0.00%  eta=112.4s
2026-04-08 11:32:06 [INFO] src.pomo_trainer:   batch 440/625 (70.4%)  loss=1.0933  avg_reward=18.51  penalty_ratio=0.00%  eta=106.4s
2026-04-08 11:32:11 [INFO] src.pomo_trainer:   batch 450/625 (72.0%)  loss=25.3765  avg_reward=2074.02  penalty_ratio=0.00%  eta=100.4s
2026-04-08 11:32:17 [INFO] src.pomo_trainer:   batch 460/625 (73.6%)  loss=-0.0000  avg_reward=-1332.77  penalty_ratio=0.00%  eta=94.5s
2026-04-08 11:32:24 [INFO] src.pomo_trainer:   batch 470/625 (75.2%)  loss=-33.2614  avg_reward=3781.56  penalty_ratio=0.00%  eta=89.3s
2026-04-08 11:32:29 [INFO] src.pomo_trainer:   batch 480/625 (76.8%)  loss=-7.3230  avg_reward=919.67  penalty_ratio=0.00%  eta=83.2s
2026-04-08 11:32:35 [INFO] src.pomo_trainer:   batch 490/625 (78.4%)  loss=-5.2713  avg_reward=1312.30  penalty_ratio=0.00%  eta=77.8s
2026-04-08 11:32:42 [INFO] src.pomo_trainer:   batch 500/625 (80.0%)  loss=134.1587  avg_reward=4350.62  penalty_ratio=0.00%  eta=72.1s
2026-04-08 11:32:46 [INFO] src.pomo_trainer:   batch 510/625 (81.6%)  loss=-2.7996  avg_reward=1130.56  penalty_ratio=0.00%  eta=66.1s
2026-04-08 11:32:51 [INFO] src.pomo_trainer:   batch 520/625 (83.2%)  loss=-0.7115  avg_reward=20.72  penalty_ratio=0.00%  eta=60.2s
2026-04-08 11:32:57 [INFO] src.pomo_trainer:   batch 530/625 (84.8%)  loss=43.4864  avg_reward=1437.79  penalty_ratio=0.00%  eta=54.5s
2026-04-08 11:33:04 [INFO] src.pomo_trainer:   batch 540/625 (86.4%)  loss=106.8035  avg_reward=1789.88  penalty_ratio=0.00%  eta=49.0s
2026-04-08 11:33:09 [INFO] src.pomo_trainer:   batch 550/625 (88.0%)  loss=-0.0000  avg_reward=-1250.24  penalty_ratio=0.00%  eta=43.1s
2026-04-08 11:33:16 [INFO] src.pomo_trainer:   batch 560/625 (89.6%)  loss=91.0221  avg_reward=2480.76  penalty_ratio=0.00%  eta=37.5s
2026-04-08 11:33:22 [INFO] src.pomo_trainer:   batch 570/625 (91.2%)  loss=-0.0000  avg_reward=-1156.69  penalty_ratio=0.00%  eta=31.7s
2026-04-08 11:33:27 [INFO] src.pomo_trainer:   batch 580/625 (92.8%)  loss=80.6436  avg_reward=1880.90  penalty_ratio=0.00%  eta=25.9s
2026-04-08 11:33:34 [INFO] src.pomo_trainer:   batch 590/625 (94.4%)  loss=141.9665  avg_reward=2483.39  penalty_ratio=0.00%  eta=20.2s
2026-04-08 11:33:40 [INFO] src.pomo_trainer:   batch 600/625 (96.0%)  loss=13.0036  avg_reward=1834.10  penalty_ratio=0.00%  eta=14.5s
2026-04-08 11:33:46 [INFO] src.pomo_trainer:   batch 610/625 (97.6%)  loss=90.1357  avg_reward=2121.29  penalty_ratio=0.00%  eta=8.7s
2026-04-08 11:33:50 [INFO] src.pomo_trainer:   batch 620/625 (99.2%)  loss=6.6145  avg_reward=517.48  penalty_ratio=0.00%  eta=2.9s
2026-04-08 11:33:53 [INFO] __main__: Epoch 23  stage=main  loss=42.705815  reward=1988.94  var=240608.81  penalty=0.00%  mem_max=nan%
2026-04-08 11:33:53 [INFO] __main__: Training progress: 23/1000 (2.3%)  elapsed=7303.9s  eta=310258.0s
2026-04-08 11:33:53 [INFO] __main__: 
--- Epoch 24 / 1000 ---
2026-04-08 11:33:58 [INFO] src.pomo_trainer:   batch 10/625 (1.6%)  loss=60.7425  avg_reward=1619.74  penalty_ratio=0.00%  eta=326.4s
2026-04-08 11:34:04 [INFO] src.pomo_trainer:   batch 20/625 (3.2%)  loss=-4.5636  avg_reward=2091.29  penalty_ratio=0.00%  eta=324.4s
2026-04-08 11:34:08 [INFO] src.pomo_trainer:   batch 30/625 (4.8%)  loss=22.5278  avg_reward=1958.61  penalty_ratio=0.00%  eta=295.8s
2026-04-08 11:34:13 [INFO] src.pomo_trainer:   batch 40/625 (6.4%)  loss=58.6938  avg_reward=2032.33  penalty_ratio=0.00%  eta=290.4s
2026-04-08 11:34:19 [INFO] src.pomo_trainer:   batch 50/625 (8.0%)  loss=43.0467  avg_reward=2954.92  penalty_ratio=0.00%  eta=298.7s
2026-04-08 11:34:24 [INFO] src.pomo_trainer:   batch 60/625 (9.6%)  loss=-3.9795  avg_reward=2856.74  penalty_ratio=0.00%  eta=289.8s
2026-04-08 11:34:29 [INFO] src.pomo_trainer:   batch 70/625 (11.2%)  loss=7.7076  avg_reward=3757.81  penalty_ratio=0.00%  eta=289.8s
2026-04-08 11:34:34 [INFO] src.pomo_trainer:   batch 80/625 (12.8%)  loss=98.7502  avg_reward=3308.10  penalty_ratio=0.00%  eta=282.6s
2026-04-08 11:34:39 [INFO] src.pomo_trainer:   batch 90/625 (14.4%)  loss=42.8338  avg_reward=2916.33  penalty_ratio=0.00%  eta=274.4s
2026-04-08 11:34:43 [INFO] src.pomo_trainer:   batch 100/625 (16.0%)  loss=27.3894  avg_reward=875.37  penalty_ratio=0.00%  eta=261.9s
2026-04-08 11:34:48 [INFO] src.pomo_trainer:   batch 110/625 (17.6%)  loss=66.2559  avg_reward=2264.64  penalty_ratio=0.00%  eta=259.5s
2026-04-08 11:34:52 [INFO] src.pomo_trainer:   batch 120/625 (19.2%)  loss=-4.3541  avg_reward=4766.11  penalty_ratio=0.00%  eta=251.0s
2026-04-08 11:34:56 [INFO] src.pomo_trainer:   batch 130/625 (20.8%)  loss=-9.4342  avg_reward=457.72  penalty_ratio=0.00%  eta=240.2s
2026-04-08 11:35:00 [INFO] src.pomo_trainer:   batch 140/625 (22.4%)  loss=30.8237  avg_reward=2035.29  penalty_ratio=0.00%  eta=233.9s
2026-04-08 11:35:05 [INFO] src.pomo_trainer:   batch 150/625 (24.0%)  loss=10.1121  avg_reward=4410.77  penalty_ratio=0.00%  eta=230.0s
2026-04-08 11:35:10 [INFO] src.pomo_trainer:   batch 160/625 (25.6%)  loss=6.2399  avg_reward=2173.18  penalty_ratio=0.00%  eta=223.6s
2026-04-08 11:35:13 [INFO] src.pomo_trainer:   batch 170/625 (27.2%)  loss=61.0246  avg_reward=2628.21  penalty_ratio=0.00%  eta=214.2s
2026-04-08 11:35:17 [INFO] src.pomo_trainer:   batch 180/625 (28.8%)  loss=0.2438  avg_reward=302.24  penalty_ratio=0.00%  eta=209.1s
2026-04-08 11:35:23 [INFO] src.pomo_trainer:   batch 190/625 (30.4%)  loss=202.4754  avg_reward=2638.16  penalty_ratio=0.00%  eta=205.4s
2026-04-08 11:35:29 [INFO] src.pomo_trainer:   batch 200/625 (32.0%)  loss=-13.3401  avg_reward=171.16  penalty_ratio=0.00%  eta=204.5s
2026-04-08 11:35:36 [INFO] src.pomo_trainer:   batch 210/625 (33.6%)  loss=-18.9946  avg_reward=2987.94  penalty_ratio=0.00%  eta=204.3s
2026-04-08 11:35:42 [INFO] src.pomo_trainer:   batch 220/625 (35.2%)  loss=-0.0000  avg_reward=-1106.07  penalty_ratio=0.00%  eta=201.5s
2026-04-08 11:35:46 [INFO] src.pomo_trainer:   batch 230/625 (36.8%)  loss=35.0932  avg_reward=739.44  penalty_ratio=0.00%  eta=195.2s
2026-04-08 11:35:53 [INFO] src.pomo_trainer:   batch 240/625 (38.4%)  loss=126.7442  avg_reward=3100.64  penalty_ratio=0.00%  eta=192.3s
2026-04-08 11:35:57 [INFO] src.pomo_trainer:   batch 250/625 (40.0%)  loss=90.1335  avg_reward=2206.64  penalty_ratio=0.00%  eta=187.0s
2026-04-08 11:36:02 [INFO] src.pomo_trainer:   batch 260/625 (41.6%)  loss=130.0863  avg_reward=2322.96  penalty_ratio=0.00%  eta=181.5s
2026-04-08 11:36:08 [INFO] src.pomo_trainer:   batch 270/625 (43.2%)  loss=-6.7330  avg_reward=1907.95  penalty_ratio=0.00%  eta=177.8s
2026-04-08 11:36:13 [INFO] src.pomo_trainer:   batch 280/625 (44.8%)  loss=57.1056  avg_reward=2239.00  penalty_ratio=0.00%  eta=172.4s
2026-04-08 11:36:18 [INFO] src.pomo_trainer:   batch 290/625 (46.4%)  loss=24.9373  avg_reward=1781.72  penalty_ratio=0.00%  eta=167.3s
2026-04-08 11:36:23 [INFO] src.pomo_trainer:   batch 300/625 (48.0%)  loss=7.3647  avg_reward=611.06  penalty_ratio=0.00%  eta=162.8s
2026-04-08 11:36:28 [INFO] src.pomo_trainer:   batch 310/625 (49.6%)  loss=-14.6193  avg_reward=2562.43  penalty_ratio=0.00%  eta=157.7s
2026-04-08 11:36:33 [INFO] src.pomo_trainer:   batch 320/625 (51.2%)  loss=-1.0880  avg_reward=-533.64  penalty_ratio=0.00%  eta=152.4s
2026-04-08 11:36:37 [INFO] src.pomo_trainer:   batch 330/625 (52.8%)  loss=122.6210  avg_reward=2896.87  penalty_ratio=0.00%  eta=146.8s
2026-04-08 11:36:43 [INFO] src.pomo_trainer:   batch 340/625 (54.4%)  loss=10.7073  avg_reward=2185.98  penalty_ratio=0.00%  eta=142.9s
2026-04-08 11:36:48 [INFO] src.pomo_trainer:   batch 350/625 (56.0%)  loss=8.8947  avg_reward=2014.98  penalty_ratio=0.00%  eta=137.5s
2026-04-08 11:36:53 [INFO] src.pomo_trainer:   batch 360/625 (57.6%)  loss=1.1746  avg_reward=-808.88  penalty_ratio=0.00%  eta=132.9s
2026-04-08 11:36:59 [INFO] src.pomo_trainer:   batch 370/625 (59.2%)  loss=25.8443  avg_reward=3681.13  penalty_ratio=0.00%  eta=128.2s
2026-04-08 11:37:05 [INFO] src.pomo_trainer:   batch 380/625 (60.8%)  loss=30.4399  avg_reward=2433.79  penalty_ratio=0.00%  eta=123.9s
2026-04-08 11:37:11 [INFO] src.pomo_trainer:   batch 390/625 (62.4%)  loss=-3.3430  avg_reward=1068.33  penalty_ratio=0.00%  eta=119.1s
2026-04-08 11:37:17 [INFO] src.pomo_trainer:   batch 400/625 (64.0%)  loss=20.6155  avg_reward=1570.44  penalty_ratio=0.00%  eta=114.9s
2026-04-08 11:37:21 [INFO] src.pomo_trainer:   batch 410/625 (65.6%)  loss=155.7382  avg_reward=2090.92  penalty_ratio=0.00%  eta=109.4s
2026-04-08 11:37:27 [INFO] src.pomo_trainer:   batch 420/625 (67.2%)  loss=-0.0048  avg_reward=-252.98  penalty_ratio=0.00%  eta=104.4s
2026-04-08 11:37:32 [INFO] src.pomo_trainer:   batch 430/625 (68.8%)  loss=11.9577  avg_reward=2533.25  penalty_ratio=0.00%  eta=99.3s
2026-04-08 11:37:37 [INFO] src.pomo_trainer:   batch 440/625 (70.4%)  loss=22.0494  avg_reward=-303.94  penalty_ratio=0.00%  eta=94.2s
2026-04-08 11:37:42 [INFO] src.pomo_trainer:   batch 450/625 (72.0%)  loss=-4.4064  avg_reward=240.75  penalty_ratio=0.00%  eta=89.1s
2026-04-08 11:37:48 [INFO] src.pomo_trainer:   batch 460/625 (73.6%)  loss=1.2368  avg_reward=3191.46  penalty_ratio=0.00%  eta=84.3s
2026-04-08 11:37:53 [INFO] src.pomo_trainer:   batch 470/625 (75.2%)  loss=146.9690  avg_reward=2589.87  penalty_ratio=0.00%  eta=79.3s
2026-04-08 11:37:59 [INFO] src.pomo_trainer:   batch 480/625 (76.8%)  loss=176.3105  avg_reward=3413.95  penalty_ratio=0.00%  eta=74.5s
2026-04-08 11:38:03 [INFO] src.pomo_trainer:   batch 490/625 (78.4%)  loss=21.1770  avg_reward=1393.88  penalty_ratio=0.00%  eta=68.8s
2026-04-08 11:38:10 [INFO] src.pomo_trainer:   batch 500/625 (80.0%)  loss=126.0117  avg_reward=2606.76  penalty_ratio=0.00%  eta=64.4s
2026-04-08 11:38:17 [INFO] src.pomo_trainer:   batch 510/625 (81.6%)  loss=240.2433  avg_reward=3952.71  penalty_ratio=0.00%  eta=59.7s
2026-04-08 11:38:22 [INFO] src.pomo_trainer:   batch 520/625 (83.2%)  loss=152.9870  avg_reward=1739.14  penalty_ratio=0.00%  eta=54.3s
2026-04-08 11:38:27 [INFO] src.pomo_trainer:   batch 530/625 (84.8%)  loss=42.1199  avg_reward=2371.30  penalty_ratio=0.00%  eta=49.1s
2026-04-08 11:38:33 [INFO] src.pomo_trainer:   batch 540/625 (86.4%)  loss=2.8004  avg_reward=2112.74  penalty_ratio=0.00%  eta=44.1s
2026-04-08 11:38:40 [INFO] src.pomo_trainer:   batch 550/625 (88.0%)  loss=115.5004  avg_reward=3091.97  penalty_ratio=0.00%  eta=39.1s
2026-04-08 11:38:46 [INFO] src.pomo_trainer:   batch 560/625 (89.6%)  loss=0.1114  avg_reward=-272.12  penalty_ratio=0.00%  eta=34.1s
2026-04-08 11:38:50 [INFO] src.pomo_trainer:   batch 570/625 (91.2%)  loss=-54.3435  avg_reward=2324.24  penalty_ratio=0.00%  eta=28.7s
2026-04-08 11:38:56 [INFO] src.pomo_trainer:   batch 580/625 (92.8%)  loss=79.1064  avg_reward=2062.72  penalty_ratio=0.00%  eta=23.5s
2026-04-08 11:39:02 [INFO] src.pomo_trainer:   batch 590/625 (94.4%)  loss=22.2787  avg_reward=3102.95  penalty_ratio=0.00%  eta=18.3s
2026-04-08 11:39:09 [INFO] src.pomo_trainer:   batch 600/625 (96.0%)  loss=80.6289  avg_reward=2715.87  penalty_ratio=0.00%  eta=13.2s
2026-04-08 11:39:15 [INFO] src.pomo_trainer:   batch 610/625 (97.6%)  loss=106.9194  avg_reward=2466.13  penalty_ratio=0.00%  eta=7.9s
2026-04-08 11:39:21 [INFO] src.pomo_trainer:   batch 620/625 (99.2%)  loss=-7.2022  avg_reward=68.50  penalty_ratio=0.00%  eta=2.6s
2026-04-08 11:39:23 [INFO] __main__: Epoch 24  stage=main  loss=45.055035  reward=1893.84  var=216080.67  penalty=0.00%  mem_max=nan%
2026-04-08 11:39:23 [INFO] __main__: Training progress: 24/1000 (2.4%)  elapsed=7634.3s  eta=310462.7s
2026-04-08 11:39:23 [INFO] __main__: 
--- Epoch 25 / 1000 ---
2026-04-08 11:39:30 [INFO] src.pomo_trainer:   batch 10/625 (1.6%)  loss=6.9679  avg_reward=2586.83  penalty_ratio=0.00%  eta=447.6s
2026-04-08 11:39:38 [INFO] src.pomo_trainer:   batch 20/625 (3.2%)  loss=80.4619  avg_reward=2024.53  penalty_ratio=0.00%  eta=452.4s
2026-04-08 11:39:44 [INFO] src.pomo_trainer:   batch 30/625 (4.8%)  loss=45.7301  avg_reward=1715.65  penalty_ratio=0.00%  eta=403.6s
2026-04-08 11:39:50 [INFO] src.pomo_trainer:   batch 40/625 (6.4%)  loss=12.2930  avg_reward=2834.36  penalty_ratio=0.00%  eta=385.3s
2026-04-08 11:39:54 [INFO] src.pomo_trainer:   batch 50/625 (8.0%)  loss=-50.2069  avg_reward=3600.08  penalty_ratio=0.00%  eta=354.7s
2026-04-08 11:39:59 [INFO] src.pomo_trainer:   batch 60/625 (9.6%)  loss=38.7311  avg_reward=683.56  penalty_ratio=0.00%  eta=336.3s
2026-04-08 11:40:06 [INFO] src.pomo_trainer:   batch 70/625 (11.2%)  loss=29.5697  avg_reward=3658.76  penalty_ratio=0.00%  eta=337.3s
2026-04-08 11:40:11 [INFO] src.pomo_trainer:   batch 80/625 (12.8%)  loss=-0.0000  avg_reward=-162.01  penalty_ratio=0.00%  eta=323.0s
2026-04-08 11:40:15 [INFO] src.pomo_trainer:   batch 90/625 (14.4%)  loss=-0.0023  avg_reward=-238.86  penalty_ratio=0.00%  eta=309.9s
2026-04-08 11:40:22 [INFO] src.pomo_trainer:   batch 100/625 (16.0%)  loss=-34.7862  avg_reward=3539.98  penalty_ratio=0.00%  eta=307.9s
2026-04-08 11:40:28 [INFO] src.pomo_trainer:   batch 110/625 (17.6%)  loss=111.6116  avg_reward=2509.98  penalty_ratio=0.00%  eta=303.7s
2026-04-08 11:40:34 [INFO] src.pomo_trainer:   batch 120/625 (19.2%)  loss=-5.3794  avg_reward=3152.31  penalty_ratio=0.00%  eta=296.4s
2026-04-08 11:40:40 [INFO] src.pomo_trainer:   batch 130/625 (20.8%)  loss=6.6245  avg_reward=1251.60  penalty_ratio=0.00%  eta=294.3s
2026-04-08 11:40:45 [INFO] src.pomo_trainer:   batch 140/625 (22.4%)  loss=74.6562  avg_reward=1523.45  penalty_ratio=0.00%  eta=284.9s
2026-04-08 11:40:51 [INFO] src.pomo_trainer:   batch 150/625 (24.0%)  loss=4.1220  avg_reward=997.19  penalty_ratio=0.00%  eta=278.1s
2026-04-08 11:40:57 [INFO] src.pomo_trainer:   batch 160/625 (25.6%)  loss=-16.0778  avg_reward=4191.13  penalty_ratio=0.00%  eta=271.2s
2026-04-08 11:41:02 [INFO] src.pomo_trainer:   batch 170/625 (27.2%)  loss=112.7406  avg_reward=4101.96  penalty_ratio=0.00%  eta=264.6s
2026-04-08 11:41:08 [INFO] src.pomo_trainer:   batch 180/625 (28.8%)  loss=0.2573  avg_reward=2586.89  penalty_ratio=0.00%  eta=258.4s
2026-04-08 11:41:13 [INFO] src.pomo_trainer:   batch 190/625 (30.4%)  loss=82.8871  avg_reward=2585.38  penalty_ratio=0.00%  eta=250.8s
2026-04-08 11:41:19 [INFO] src.pomo_trainer:   batch 200/625 (32.0%)  loss=69.6039  avg_reward=2643.56  penalty_ratio=0.00%  eta=245.0s
2026-04-08 11:41:25 [INFO] src.pomo_trainer:   batch 210/625 (33.6%)  loss=142.5343  avg_reward=1849.94  penalty_ratio=0.00%  eta=239.8s
2026-04-08 11:41:30 [INFO] src.pomo_trainer:   batch 220/625 (35.2%)  loss=22.3560  avg_reward=2054.40  penalty_ratio=0.00%  eta=234.1s
2026-04-08 11:41:37 [INFO] src.pomo_trainer:   batch 230/625 (36.8%)  loss=-45.4580  avg_reward=1913.32  penalty_ratio=0.00%  eta=229.8s
2026-04-08 11:41:44 [INFO] src.pomo_trainer:   batch 240/625 (38.4%)  loss=54.0437  avg_reward=4652.05  penalty_ratio=0.00%  eta=225.4s
2026-04-08 11:41:50 [INFO] src.pomo_trainer:   batch 250/625 (40.0%)  loss=-1.9052  avg_reward=5248.72  penalty_ratio=0.00%  eta=219.7s
2026-04-08 11:41:55 [INFO] src.pomo_trainer:   batch 260/625 (41.6%)  loss=35.9219  avg_reward=2468.42  penalty_ratio=0.00%  eta=213.1s
2026-04-08 11:42:00 [INFO] src.pomo_trainer:   batch 270/625 (43.2%)  loss=-1.2842  avg_reward=-432.09  penalty_ratio=0.00%  eta=205.8s
2026-04-08 11:42:06 [INFO] src.pomo_trainer:   batch 280/625 (44.8%)  loss=-4.6345  avg_reward=3149.53  penalty_ratio=0.00%  eta=200.1s
2026-04-08 11:42:11 [INFO] src.pomo_trainer:   batch 290/625 (46.4%)  loss=118.8409  avg_reward=2390.86  penalty_ratio=0.00%  eta=193.3s
2026-04-08 11:42:15 [INFO] src.pomo_trainer:   batch 300/625 (48.0%)  loss=-9.3884  avg_reward=3431.62  penalty_ratio=0.00%  eta=185.7s
2026-04-08 11:42:20 [INFO] src.pomo_trainer:   batch 310/625 (49.6%)  loss=56.4030  avg_reward=1715.44  penalty_ratio=0.00%  eta=179.8s
2026-04-08 11:42:26 [INFO] src.pomo_trainer:   batch 320/625 (51.2%)  loss=-0.0000  avg_reward=-562.48  penalty_ratio=0.00%  eta=174.5s
2026-04-08 11:42:32 [INFO] src.pomo_trainer:   batch 330/625 (52.8%)  loss=83.0844  avg_reward=1990.20  penalty_ratio=0.00%  eta=168.9s
2026-04-08 11:42:36 [INFO] src.pomo_trainer:   batch 340/625 (54.4%)  loss=5.0257  avg_reward=848.12  penalty_ratio=0.00%  eta=161.3s
2026-04-08 11:42:40 [INFO] src.pomo_trainer:   batch 350/625 (56.0%)  loss=-0.0000  avg_reward=-167.92  penalty_ratio=0.00%  eta=155.0s
2026-04-08 11:42:45 [INFO] src.pomo_trainer:   batch 360/625 (57.6%)  loss=88.7035  avg_reward=3452.27  penalty_ratio=0.00%  eta=148.9s
2026-04-08 11:42:51 [INFO] src.pomo_trainer:   batch 370/625 (59.2%)  loss=108.2514  avg_reward=1931.31  penalty_ratio=0.00%  eta=143.5s
2026-04-08 11:42:55 [INFO] src.pomo_trainer:   batch 380/625 (60.8%)  loss=-1.3326  avg_reward=2588.85  penalty_ratio=0.00%  eta=136.6s
2026-04-08 11:43:00 [INFO] src.pomo_trainer:   batch 390/625 (62.4%)  loss=-7.9086  avg_reward=642.93  penalty_ratio=0.00%  eta=130.6s
2026-04-08 11:43:05 [INFO] src.pomo_trainer:   batch 400/625 (64.0%)  loss=114.6837  avg_reward=2267.11  penalty_ratio=0.00%  eta=125.0s
2026-04-08 11:43:11 [INFO] src.pomo_trainer:   batch 410/625 (65.6%)  loss=-0.0000  avg_reward=-176.33  penalty_ratio=0.00%  eta=119.4s
2026-04-08 11:43:14 [INFO] src.pomo_trainer:   batch 420/625 (67.2%)  loss=26.2774  avg_reward=1811.97  penalty_ratio=0.00%  eta=112.8s
2026-04-08 11:43:20 [INFO] src.pomo_trainer:   batch 430/625 (68.8%)  loss=6.6268  avg_reward=3234.16  penalty_ratio=0.00%  eta=107.2s
2026-04-08 11:43:24 [INFO] src.pomo_trainer:   batch 440/625 (70.4%)  loss=97.8327  avg_reward=1814.21  penalty_ratio=0.00%  eta=101.2s
2026-04-08 11:43:30 [INFO] src.pomo_trainer:   batch 450/625 (72.0%)  loss=183.0297  avg_reward=2430.86  penalty_ratio=0.00%  eta=95.8s
2026-04-08 11:43:35 [INFO] src.pomo_trainer:   batch 460/625 (73.6%)  loss=201.5861  avg_reward=4216.13  penalty_ratio=0.00%  eta=90.4s
2026-04-08 11:43:43 [INFO] src.pomo_trainer:   batch 470/625 (75.2%)  loss=26.8906  avg_reward=1635.26  penalty_ratio=0.00%  eta=85.5s
2026-04-08 11:43:48 [INFO] src.pomo_trainer:   batch 480/625 (76.8%)  loss=-0.0000  avg_reward=-1011.07  penalty_ratio=0.00%  eta=79.9s
2026-04-08 11:43:53 [INFO] src.pomo_trainer:   batch 490/625 (78.4%)  loss=30.5237  avg_reward=4788.21  penalty_ratio=0.00%  eta=74.3s
2026-04-08 11:43:58 [INFO] src.pomo_trainer:   batch 500/625 (80.0%)  loss=22.3972  avg_reward=3935.88  penalty_ratio=0.00%  eta=68.6s
2026-04-08 11:44:01 [INFO] src.pomo_trainer:   batch 510/625 (81.6%)  loss=101.4602  avg_reward=1470.59  penalty_ratio=0.00%  eta=62.7s
2026-04-08 11:44:04 [INFO] src.pomo_trainer:   batch 520/625 (83.2%)  loss=102.8383  avg_reward=3574.37  penalty_ratio=0.00%  eta=56.8s
2026-04-08 11:44:12 [INFO] src.pomo_trainer:   batch 530/625 (84.8%)  loss=22.9699  avg_reward=2363.02  penalty_ratio=0.00%  eta=51.7s
2026-04-08 11:44:16 [INFO] src.pomo_trainer:   batch 540/625 (86.4%)  loss=92.5237  avg_reward=3017.03  penalty_ratio=0.00%  eta=46.1s
2026-04-08 11:44:21 [INFO] src.pomo_trainer:   batch 550/625 (88.0%)  loss=112.2592  avg_reward=1438.81  penalty_ratio=0.00%  eta=40.6s
2026-04-08 11:44:27 [INFO] src.pomo_trainer:   batch 560/625 (89.6%)  loss=-18.6636  avg_reward=264.68  penalty_ratio=0.00%  eta=35.3s
2026-04-08 11:44:33 [INFO] src.pomo_trainer:   batch 570/625 (91.2%)  loss=137.9383  avg_reward=1800.85  penalty_ratio=0.00%  eta=29.9s
2026-04-08 11:44:37 [INFO] src.pomo_trainer:   batch 580/625 (92.8%)  loss=-6.7465  avg_reward=759.43  penalty_ratio=0.00%  eta=24.3s
2026-04-08 11:44:42 [INFO] src.pomo_trainer:   batch 590/625 (94.4%)  loss=0.0018  avg_reward=58.21  penalty_ratio=0.00%  eta=18.9s
2026-04-08 11:44:47 [INFO] src.pomo_trainer:   batch 600/625 (96.0%)  loss=-0.0000  avg_reward=-1188.47  penalty_ratio=0.00%  eta=13.5s
2026-04-08 11:44:51 [INFO] src.pomo_trainer:   batch 610/625 (97.6%)  loss=-13.6747  avg_reward=1823.30  penalty_ratio=0.00%  eta=8.1s
2026-04-08 11:44:56 [INFO] src.pomo_trainer:   batch 620/625 (99.2%)  loss=-0.0011  avg_reward=-256.01  penalty_ratio=0.00%  eta=2.7s
2026-04-08 11:45:00 [INFO] __main__: Epoch 25  stage=main  loss=40.118160  reward=1889.31  var=223728.39  penalty=0.00%  mem_max=nan%
2026-04-08 11:45:00 [INFO] __main__: Training progress: 25/1000 (2.5%)  elapsed=7971.1s  eta=310873.2s
2026-04-08 11:45:16 [INFO] __main__: Validation reward (all stages): 1407.4930
2026-04-08 11:45:16 [INFO] __main__: 
--- Epoch 26 / 1000 ---
2026-04-08 11:45:22 [INFO] src.pomo_trainer:   batch 10/625 (1.6%)  loss=-44.3252  avg_reward=4329.08  penalty_ratio=0.00%  eta=374.4s
2026-04-08 11:45:29 [INFO] src.pomo_trainer:   batch 20/625 (3.2%)  loss=1.8144  avg_reward=4180.05  penalty_ratio=0.00%  eta=383.3s
2026-04-08 11:45:35 [INFO] src.pomo_trainer:   batch 30/625 (4.8%)  loss=104.0266  avg_reward=1496.82  penalty_ratio=0.00%  eta=384.3s
2026-04-08 11:45:40 [INFO] src.pomo_trainer:   batch 40/625 (6.4%)  loss=107.6631  avg_reward=3616.50  penalty_ratio=0.00%  eta=346.8s
2026-04-08 11:45:46 [INFO] src.pomo_trainer:   batch 50/625 (8.0%)  loss=120.2520  avg_reward=2359.60  penalty_ratio=0.00%  eta=339.7s
2026-04-08 11:45:52 [INFO] src.pomo_trainer:   batch 60/625 (9.6%)  loss=-30.0126  avg_reward=2094.42  penalty_ratio=0.00%  eta=334.8s
2026-04-08 11:45:57 [INFO] src.pomo_trainer:   batch 70/625 (11.2%)  loss=6.9454  avg_reward=4375.22  penalty_ratio=0.00%  eta=322.8s
2026-04-08 11:46:04 [INFO] src.pomo_trainer:   batch 80/625 (12.8%)  loss=-0.0000  avg_reward=-180.95  penalty_ratio=0.00%  eta=329.3s
2026-04-08 11:46:08 [INFO] src.pomo_trainer:   batch 90/625 (14.4%)  loss=0.5366  avg_reward=155.70  penalty_ratio=0.00%  eta=311.0s
2026-04-08 11:46:14 [INFO] src.pomo_trainer:   batch 100/625 (16.0%)  loss=61.1002  avg_reward=3361.77  penalty_ratio=0.00%  eta=306.0s
2026-04-08 11:46:18 [INFO] src.pomo_trainer:   batch 110/625 (17.6%)  loss=115.0553  avg_reward=2485.48  penalty_ratio=0.00%  eta=291.9s
2026-04-08 11:46:25 [INFO] src.pomo_trainer:   batch 120/625 (19.2%)  loss=15.4451  avg_reward=2635.32  penalty_ratio=0.00%  eta=288.0s
2026-04-08 11:46:30 [INFO] src.pomo_trainer:   batch 130/625 (20.8%)  loss=249.3616  avg_reward=3339.57  penalty_ratio=0.00%  eta=283.3s
2026-04-08 11:46:36 [INFO] src.pomo_trainer:   batch 140/625 (22.4%)  loss=94.4521  avg_reward=1532.75  penalty_ratio=0.00%  eta=277.2s
2026-04-08 11:46:42 [INFO] src.pomo_trainer:   batch 150/625 (24.0%)  loss=-81.2323  avg_reward=214.62  penalty_ratio=0.00%  eta=271.2s
2026-04-08 11:46:46 [INFO] src.pomo_trainer:   batch 160/625 (25.6%)  loss=12.1124  avg_reward=965.61  penalty_ratio=0.00%  eta=260.8s
2026-04-08 11:46:49 [INFO] src.pomo_trainer:   batch 170/625 (27.2%)  loss=-0.6134  avg_reward=-934.35  penalty_ratio=0.00%  eta=249.8s
2026-04-08 11:46:54 [INFO] src.pomo_trainer:   batch 180/625 (28.8%)  loss=85.1549  avg_reward=1905.27  penalty_ratio=0.00%  eta=241.3s
2026-04-08 11:47:00 [INFO] src.pomo_trainer:   batch 190/625 (30.4%)  loss=37.9997  avg_reward=2902.10  penalty_ratio=0.00%  eta=236.9s
2026-04-08 11:47:06 [INFO] src.pomo_trainer:   batch 200/625 (32.0%)  loss=28.1659  avg_reward=1381.29  penalty_ratio=0.00%  eta=234.3s
2026-04-08 11:47:12 [INFO] src.pomo_trainer:   batch 210/625 (33.6%)  loss=-17.2771  avg_reward=31.80  penalty_ratio=0.00%  eta=229.5s
2026-04-08 11:47:17 [INFO] src.pomo_trainer:   batch 220/625 (35.2%)  loss=-0.0000  avg_reward=-476.36  penalty_ratio=0.00%  eta=223.4s
2026-04-08 11:47:24 [INFO] src.pomo_trainer:   batch 230/625 (36.8%)  loss=13.8868  avg_reward=1398.70  penalty_ratio=0.00%  eta=218.9s
2026-04-08 11:47:28 [INFO] src.pomo_trainer:   batch 240/625 (38.4%)  loss=-3.1409  avg_reward=323.10  penalty_ratio=0.00%  eta=211.4s
2026-04-08 11:47:33 [INFO] src.pomo_trainer:   batch 250/625 (40.0%)  loss=40.7515  avg_reward=1592.41  penalty_ratio=0.00%  eta=205.6s
2026-04-08 11:47:40 [INFO] src.pomo_trainer:   batch 260/625 (41.6%)  loss=129.0130  avg_reward=2642.10  penalty_ratio=0.00%  eta=202.7s
2026-04-08 11:47:46 [INFO] src.pomo_trainer:   batch 270/625 (43.2%)  loss=94.6966  avg_reward=2357.69  penalty_ratio=0.00%  eta=196.7s
2026-04-08 11:47:50 [INFO] src.pomo_trainer:   batch 280/625 (44.8%)  loss=68.9765  avg_reward=1287.89  penalty_ratio=0.00%  eta=189.8s
2026-04-08 11:47:55 [INFO] src.pomo_trainer:   batch 290/625 (46.4%)  loss=1.3926  avg_reward=1799.24  penalty_ratio=0.00%  eta=183.8s
2026-04-08 11:48:01 [INFO] src.pomo_trainer:   batch 300/625 (48.0%)  loss=-12.6732  avg_reward=2998.71  penalty_ratio=0.00%  eta=178.3s
2026-04-08 11:48:06 [INFO] src.pomo_trainer:   batch 310/625 (49.6%)  loss=97.2444  avg_reward=3114.79  penalty_ratio=0.00%  eta=172.6s
2026-04-08 11:48:13 [INFO] src.pomo_trainer:   batch 320/625 (51.2%)  loss=74.9486  avg_reward=1664.54  penalty_ratio=0.00%  eta=168.9s
2026-04-08 11:48:18 [INFO] src.pomo_trainer:   batch 330/625 (52.8%)  loss=20.7404  avg_reward=3401.74  penalty_ratio=0.00%  eta=162.3s
2026-04-08 11:48:23 [INFO] src.pomo_trainer:   batch 340/625 (54.4%)  loss=53.2386  avg_reward=2026.29  penalty_ratio=0.00%  eta=156.5s
2026-04-08 11:48:28 [INFO] src.pomo_trainer:   batch 350/625 (56.0%)  loss=-11.6408  avg_reward=777.68  penalty_ratio=0.00%  eta=150.9s
2026-04-08 11:48:36 [INFO] src.pomo_trainer:   batch 360/625 (57.6%)  loss=72.4316  avg_reward=2428.80  penalty_ratio=0.00%  eta=146.9s
2026-04-08 11:48:42 [INFO] src.pomo_trainer:   batch 370/625 (59.2%)  loss=63.3198  avg_reward=1863.46  penalty_ratio=0.00%  eta=141.6s
2026-04-08 11:48:47 [INFO] src.pomo_trainer:   batch 380/625 (60.8%)  loss=-56.5737  avg_reward=200.86  penalty_ratio=0.00%  eta=136.1s
2026-04-08 11:48:52 [INFO] src.pomo_trainer:   batch 390/625 (62.4%)  loss=76.5280  avg_reward=1723.25  penalty_ratio=0.00%  eta=130.3s
2026-04-08 11:48:59 [INFO] src.pomo_trainer:   batch 400/625 (64.0%)  loss=-23.0222  avg_reward=2925.14  penalty_ratio=0.00%  eta=125.2s
2026-04-08 11:49:04 [INFO] src.pomo_trainer:   batch 410/625 (65.6%)  loss=-4.8223  avg_reward=1676.54  penalty_ratio=0.00%  eta=119.5s
2026-04-08 11:49:11 [INFO] src.pomo_trainer:   batch 420/625 (67.2%)  loss=25.4004  avg_reward=1600.68  penalty_ratio=0.00%  eta=114.7s
2026-04-08 11:49:17 [INFO] src.pomo_trainer:   batch 430/625 (68.8%)  loss=111.5846  avg_reward=3054.37  penalty_ratio=0.00%  eta=109.1s
2026-04-08 11:49:23 [INFO] src.pomo_trainer:   batch 440/625 (70.4%)  loss=100.7820  avg_reward=2597.35  penalty_ratio=0.00%  eta=103.9s
2026-04-08 11:49:29 [INFO] src.pomo_trainer:   batch 450/625 (72.0%)  loss=28.3404  avg_reward=804.10  penalty_ratio=0.00%  eta=98.5s
2026-04-08 11:49:35 [INFO] src.pomo_trainer:   batch 460/625 (73.6%)  loss=5.4953  avg_reward=267.68  penalty_ratio=0.00%  eta=92.8s
2026-04-08 11:49:39 [INFO] src.pomo_trainer:   batch 470/625 (75.2%)  loss=-1.0472  avg_reward=-332.77  penalty_ratio=0.00%  eta=86.6s
2026-04-08 11:49:43 [INFO] src.pomo_trainer:   batch 480/625 (76.8%)  loss=-0.1362  avg_reward=8.40  penalty_ratio=0.00%  eta=80.5s
2026-04-08 11:49:49 [INFO] src.pomo_trainer:   batch 490/625 (78.4%)  loss=6.8238  avg_reward=2535.31  penalty_ratio=0.00%  eta=75.3s
2026-04-08 11:49:55 [INFO] src.pomo_trainer:   batch 500/625 (80.0%)  loss=-34.1329  avg_reward=2100.69  penalty_ratio=0.00%  eta=69.7s
2026-04-08 11:50:00 [INFO] src.pomo_trainer:   batch 510/625 (81.6%)  loss=65.2286  avg_reward=2167.36  penalty_ratio=0.00%  eta=64.0s
2026-04-08 11:50:05 [INFO] src.pomo_trainer:   batch 520/625 (83.2%)  loss=-18.4869  avg_reward=2571.64  penalty_ratio=0.00%  eta=58.4s
2026-04-08 11:50:11 [INFO] src.pomo_trainer:   batch 530/625 (84.8%)  loss=33.7996  avg_reward=1102.88  penalty_ratio=0.00%  eta=52.8s
2026-04-08 11:50:18 [INFO] src.pomo_trainer:   batch 540/625 (86.4%)  loss=95.4814  avg_reward=2426.21  penalty_ratio=0.00%  eta=47.6s
2026-04-08 11:50:25 [INFO] src.pomo_trainer:   batch 550/625 (88.0%)  loss=-29.2930  avg_reward=3521.55  penalty_ratio=0.00%  eta=42.1s
2026-04-08 11:50:29 [INFO] src.pomo_trainer:   batch 560/625 (89.6%)  loss=-15.5279  avg_reward=1147.71  penalty_ratio=0.00%  eta=36.3s
2026-04-08 11:50:34 [INFO] src.pomo_trainer:   batch 570/625 (91.2%)  loss=119.4793  avg_reward=3498.89  penalty_ratio=0.00%  eta=30.7s
2026-04-08 11:50:38 [INFO] src.pomo_trainer:   batch 580/625 (92.8%)  loss=1.7692  avg_reward=2480.62  penalty_ratio=0.00%  eta=25.0s
2026-04-08 11:50:44 [INFO] src.pomo_trainer:   batch 590/625 (94.4%)  loss=78.7283  avg_reward=2766.20  penalty_ratio=0.00%  eta=19.5s
2026-04-08 11:50:48 [INFO] src.pomo_trainer:   batch 600/625 (96.0%)  loss=-2.0505  avg_reward=2360.09  penalty_ratio=0.00%  eta=13.8s
2026-04-08 11:50:53 [INFO] src.pomo_trainer:   batch 610/625 (97.6%)  loss=-0.0984  avg_reward=-880.73  penalty_ratio=0.00%  eta=8.3s
2026-04-08 11:51:00 [INFO] src.pomo_trainer:   batch 620/625 (99.2%)  loss=101.8364  avg_reward=3620.67  penalty_ratio=0.00%  eta=2.8s
2026-04-08 11:51:04 [INFO] __main__: Epoch 26  stage=main  loss=45.416559  reward=1928.67  var=247234.71  penalty=0.00%  mem_max=nan%
2026-04-08 11:51:04 [INFO] __main__: Training progress: 26/1000 (2.6%)  elapsed=8335.5s  eta=312259.8s
2026-04-08 11:51:04 [INFO] __main__: 
--- Epoch 27 / 1000 ---
2026-04-08 11:51:11 [INFO] src.pomo_trainer:   batch 10/625 (1.6%)  loss=27.4033  avg_reward=3861.25  penalty_ratio=0.00%  eta=386.8s
2026-04-08 11:51:17 [INFO] src.pomo_trainer:   batch 20/625 (3.2%)  loss=-20.0980  avg_reward=282.53  penalty_ratio=0.00%  eta=384.0s
2026-04-08 11:51:21 [INFO] src.pomo_trainer:   batch 30/625 (4.8%)  loss=-10.8475  avg_reward=4334.83  penalty_ratio=0.00%  eta=331.5s
2026-04-08 11:51:28 [INFO] src.pomo_trainer:   batch 40/625 (6.4%)  loss=62.3360  avg_reward=2433.99  penalty_ratio=0.00%  eta=345.7s
2026-04-08 11:51:34 [INFO] src.pomo_trainer:   batch 50/625 (8.0%)  loss=0.0907  avg_reward=-295.85  penalty_ratio=0.00%  eta=338.9s
2026-04-08 11:51:40 [INFO] src.pomo_trainer:   batch 60/625 (9.6%)  loss=-6.0254  avg_reward=514.62  penalty_ratio=0.00%  eta=333.2s
2026-04-08 11:51:45 [INFO] src.pomo_trainer:   batch 70/625 (11.2%)  loss=-0.0000  avg_reward=-1310.94  penalty_ratio=0.00%  eta=319.2s
2026-04-08 11:51:51 [INFO] src.pomo_trainer:   batch 80/625 (12.8%)  loss=139.6761  avg_reward=1865.31  penalty_ratio=0.00%  eta=320.9s
2026-04-08 11:51:57 [INFO] src.pomo_trainer:   batch 90/625 (14.4%)  loss=40.2533  avg_reward=1446.12  penalty_ratio=0.00%  eta=315.1s
2026-04-08 11:52:01 [INFO] src.pomo_trainer:   batch 100/625 (16.0%)  loss=1.2574  avg_reward=15.93  penalty_ratio=0.00%  eta=297.0s
2026-04-08 11:52:06 [INFO] src.pomo_trainer:   batch 110/625 (17.6%)  loss=-0.7885  avg_reward=1434.58  penalty_ratio=0.00%  eta=286.8s
2026-04-08 11:52:12 [INFO] src.pomo_trainer:   batch 120/625 (19.2%)  loss=0.1481  avg_reward=-278.46  penalty_ratio=0.00%  eta=283.6s
2026-04-08 11:52:18 [INFO] src.pomo_trainer:   batch 130/625 (20.8%)  loss=-40.4799  avg_reward=1716.72  penalty_ratio=0.00%  eta=281.4s
2026-04-08 11:52:22 [INFO] src.pomo_trainer:   batch 140/625 (22.4%)  loss=13.1730  avg_reward=2216.66  penalty_ratio=0.00%  eta=270.1s
2026-04-08 11:52:26 [INFO] src.pomo_trainer:   batch 150/625 (24.0%)  loss=45.4932  avg_reward=1825.83  penalty_ratio=0.00%  eta=258.6s
2026-04-08 11:52:32 [INFO] src.pomo_trainer:   batch 160/625 (25.6%)  loss=-1.5990  avg_reward=3819.57  penalty_ratio=0.00%  eta=255.0s
2026-04-08 11:52:37 [INFO] src.pomo_trainer:   batch 170/625 (27.2%)  loss=-31.7907  avg_reward=2016.11  penalty_ratio=0.00%  eta=247.3s
2026-04-08 11:52:45 [INFO] src.pomo_trainer:   batch 180/625 (28.8%)  loss=-13.5065  avg_reward=2476.43  penalty_ratio=0.00%  eta=248.1s
2026-04-08 11:52:50 [INFO] src.pomo_trainer:   batch 190/625 (30.4%)  loss=-4.2824  avg_reward=37.41  penalty_ratio=0.00%  eta=242.3s
2026-04-08 11:52:57 [INFO] src.pomo_trainer:   batch 200/625 (32.0%)  loss=-28.4596  avg_reward=2998.09  penalty_ratio=0.00%  eta=239.5s
2026-04-08 11:53:03 [INFO] src.pomo_trainer:   batch 210/625 (33.6%)  loss=119.4954  avg_reward=3486.74  penalty_ratio=0.00%  eta=235.2s
2026-04-08 11:53:10 [INFO] src.pomo_trainer:   batch 220/625 (35.2%)  loss=-36.1429  avg_reward=3134.59  penalty_ratio=0.00%  eta=231.0s
2026-04-08 11:53:15 [INFO] src.pomo_trainer:   batch 230/625 (36.8%)  loss=-52.3435  avg_reward=2886.92  penalty_ratio=0.00%  eta=223.7s
2026-04-08 11:53:20 [INFO] src.pomo_trainer:   batch 240/625 (38.4%)  loss=41.3623  avg_reward=1641.08  penalty_ratio=0.00%  eta=218.0s
2026-04-08 11:53:26 [INFO] src.pomo_trainer:   batch 250/625 (40.0%)  loss=125.9934  avg_reward=1589.12  penalty_ratio=0.00%  eta=212.9s
2026-04-08 11:53:31 [INFO] src.pomo_trainer:   batch 260/625 (41.6%)  loss=-41.8431  avg_reward=2382.44  penalty_ratio=0.00%  eta=205.7s
2026-04-08 11:53:36 [INFO] src.pomo_trainer:   batch 270/625 (43.2%)  loss=2.5686  avg_reward=3874.60  penalty_ratio=0.00%  eta=200.0s
2026-04-08 11:53:41 [INFO] src.pomo_trainer:   batch 280/625 (44.8%)  loss=-7.6955  avg_reward=361.45  penalty_ratio=0.00%  eta=193.4s
2026-04-08 11:53:47 [INFO] src.pomo_trainer:   batch 290/625 (46.4%)  loss=51.2847  avg_reward=869.94  penalty_ratio=0.00%  eta=188.1s
2026-04-08 11:53:52 [INFO] src.pomo_trainer:   batch 300/625 (48.0%)  loss=-10.9526  avg_reward=3639.19  penalty_ratio=0.00%  eta=181.7s
2026-04-08 11:53:57 [INFO] src.pomo_trainer:   batch 310/625 (49.6%)  loss=-34.2639  avg_reward=1983.37  penalty_ratio=0.00%  eta=175.6s
2026-04-08 11:54:02 [INFO] src.pomo_trainer:   batch 320/625 (51.2%)  loss=-37.1549  avg_reward=286.02  penalty_ratio=0.00%  eta=169.1s
2026-04-08 11:54:07 [INFO] src.pomo_trainer:   batch 330/625 (52.8%)  loss=-1.7425  avg_reward=2389.24  penalty_ratio=0.00%  eta=163.6s
2026-04-08 11:54:14 [INFO] src.pomo_trainer:   batch 340/625 (54.4%)  loss=-31.5626  avg_reward=926.14  penalty_ratio=0.00%  eta=158.9s
2026-04-08 11:54:19 [INFO] src.pomo_trainer:   batch 350/625 (56.0%)  loss=62.4889  avg_reward=2371.02  penalty_ratio=0.00%  eta=152.7s
2026-04-08 11:54:24 [INFO] src.pomo_trainer:   batch 360/625 (57.6%)  loss=-16.8222  avg_reward=13.16  penalty_ratio=0.00%  eta=146.8s
2026-04-08 11:54:30 [INFO] src.pomo_trainer:   batch 370/625 (59.2%)  loss=-21.1381  avg_reward=4013.47  penalty_ratio=0.00%  eta=141.9s
2026-04-08 11:54:36 [INFO] src.pomo_trainer:   batch 380/625 (60.8%)  loss=-17.5928  avg_reward=2651.36  penalty_ratio=0.00%  eta=136.6s
2026-04-08 11:54:43 [INFO] src.pomo_trainer:   batch 390/625 (62.4%)  loss=133.9924  avg_reward=2238.02  penalty_ratio=0.00%  eta=131.5s
2026-04-08 11:54:49 [INFO] src.pomo_trainer:   batch 400/625 (64.0%)  loss=80.1062  avg_reward=2270.13  penalty_ratio=0.00%  eta=126.2s
2026-04-08 11:54:54 [INFO] src.pomo_trainer:   batch 410/625 (65.6%)  loss=-0.0121  avg_reward=-294.57  penalty_ratio=0.00%  eta=120.2s
2026-04-08 11:55:00 [INFO] src.pomo_trainer:   batch 420/625 (67.2%)  loss=2.6674  avg_reward=2633.26  penalty_ratio=0.00%  eta=114.9s
2026-04-08 11:55:05 [INFO] src.pomo_trainer:   batch 430/625 (68.8%)  loss=149.9792  avg_reward=1517.58  penalty_ratio=0.00%  eta=109.3s
2026-04-08 11:55:11 [INFO] src.pomo_trainer:   batch 440/625 (70.4%)  loss=90.0577  avg_reward=2956.05  penalty_ratio=0.00%  eta=103.8s
2026-04-08 11:55:17 [INFO] src.pomo_trainer:   batch 450/625 (72.0%)  loss=142.1010  avg_reward=1944.84  penalty_ratio=0.00%  eta=98.4s
2026-04-08 11:55:24 [INFO] src.pomo_trainer:   batch 460/625 (73.6%)  loss=0.8249  avg_reward=-637.18  penalty_ratio=0.00%  eta=93.2s
2026-04-08 11:55:31 [INFO] src.pomo_trainer:   batch 470/625 (75.2%)  loss=77.9665  avg_reward=1891.27  penalty_ratio=0.00%  eta=87.9s
2026-04-08 11:55:38 [INFO] src.pomo_trainer:   batch 480/625 (76.8%)  loss=14.4492  avg_reward=1475.22  penalty_ratio=0.00%  eta=82.8s
2026-04-08 11:55:44 [INFO] src.pomo_trainer:   batch 490/625 (78.4%)  loss=65.1781  avg_reward=1827.06  penalty_ratio=0.00%  eta=76.9s
2026-04-08 11:55:49 [INFO] src.pomo_trainer:   batch 500/625 (80.0%)  loss=-9.1982  avg_reward=520.30  penalty_ratio=0.00%  eta=71.3s
2026-04-08 11:55:56 [INFO] src.pomo_trainer:   batch 510/625 (81.6%)  loss=65.8403  avg_reward=2705.76  penalty_ratio=0.00%  eta=65.7s
2026-04-08 11:56:01 [INFO] src.pomo_trainer:   batch 520/625 (83.2%)  loss=-15.8586  avg_reward=780.65  penalty_ratio=0.00%  eta=59.9s
2026-04-08 11:56:06 [INFO] src.pomo_trainer:   batch 530/625 (84.8%)  loss=49.0764  avg_reward=1693.43  penalty_ratio=0.00%  eta=54.0s
2026-04-08 11:56:12 [INFO] src.pomo_trainer:   batch 540/625 (86.4%)  loss=197.5759  avg_reward=3930.80  penalty_ratio=0.00%  eta=48.4s
2026-04-08 11:56:18 [INFO] src.pomo_trainer:   batch 550/625 (88.0%)  loss=48.7423  avg_reward=1208.51  penalty_ratio=0.00%  eta=42.7s
2026-04-08 11:56:22 [INFO] src.pomo_trainer:   batch 560/625 (89.6%)  loss=0.1534  avg_reward=688.70  penalty_ratio=0.00%  eta=36.8s
2026-04-08 11:56:29 [INFO] src.pomo_trainer:   batch 570/625 (91.2%)  loss=6.6963  avg_reward=687.98  penalty_ratio=0.00%  eta=31.3s
2026-04-08 11:56:34 [INFO] src.pomo_trainer:   batch 580/625 (92.8%)  loss=24.3465  avg_reward=3506.15  penalty_ratio=0.00%  eta=25.6s
2026-04-08 11:56:41 [INFO] src.pomo_trainer:   batch 590/625 (94.4%)  loss=66.4894  avg_reward=2051.66  penalty_ratio=0.00%  eta=20.0s
2026-04-08 11:56:46 [INFO] src.pomo_trainer:   batch 600/625 (96.0%)  loss=-40.9374  avg_reward=2688.98  penalty_ratio=0.00%  eta=14.2s
2026-04-08 11:56:50 [INFO] src.pomo_trainer:   batch 610/625 (97.6%)  loss=217.2708  avg_reward=2119.45  penalty_ratio=0.00%  eta=8.5s
2026-04-08 11:56:55 [INFO] src.pomo_trainer:   batch 620/625 (99.2%)  loss=-4.8372  avg_reward=488.83  penalty_ratio=0.00%  eta=2.8s
2026-04-08 11:57:00 [INFO] __main__: Epoch 27  stage=main  loss=34.631437  reward=2016.72  var=241466.71  penalty=0.00%  mem_max=nan%
2026-04-08 11:57:00 [INFO] __main__: Training progress: 27/1000 (2.7%)  elapsed=8690.8s  eta=313191.7s
2026-04-08 11:57:00 [INFO] __main__: 
--- Epoch 28 / 1000 ---
2026-04-08 11:57:03 [INFO] src.pomo_trainer:   batch 10/625 (1.6%)  loss=3.1753  avg_reward=1611.24  penalty_ratio=0.00%  eta=212.4s
2026-04-08 11:57:07 [INFO] src.pomo_trainer:   batch 20/625 (3.2%)  loss=87.2936  avg_reward=2868.73  penalty_ratio=0.00%  eta=226.4s
2026-04-08 11:57:13 [INFO] src.pomo_trainer:   batch 30/625 (4.8%)  loss=2.6465  avg_reward=2271.08  penalty_ratio=0.00%  eta=264.6s
2026-04-08 11:57:19 [INFO] src.pomo_trainer:   batch 40/625 (6.4%)  loss=39.9668  avg_reward=1567.03  penalty_ratio=0.00%  eta=286.8s
2026-04-08 11:57:25 [INFO] src.pomo_trainer:   batch 50/625 (8.0%)  loss=-34.2305  avg_reward=2028.95  penalty_ratio=0.00%  eta=293.7s
2026-04-08 11:57:29 [INFO] src.pomo_trainer:   batch 60/625 (9.6%)  loss=-26.8129  avg_reward=2535.95  penalty_ratio=0.00%  eta=276.3s
2026-04-08 11:57:33 [INFO] src.pomo_trainer:   batch 70/625 (11.2%)  loss=48.6190  avg_reward=1294.47  penalty_ratio=0.00%  eta=265.1s
2026-04-08 11:57:39 [INFO] src.pomo_trainer:   batch 80/625 (12.8%)  loss=105.4946  avg_reward=2964.61  penalty_ratio=0.00%  eta=265.3s
2026-04-08 11:57:47 [INFO] src.pomo_trainer:   batch 90/625 (14.4%)  loss=2.5530  avg_reward=4651.21  penalty_ratio=0.00%  eta=279.6s
2026-04-08 11:57:52 [INFO] src.pomo_trainer:   batch 100/625 (16.0%)  loss=70.8209  avg_reward=2004.18  penalty_ratio=0.00%  eta=274.4s
2026-04-08 11:57:56 [INFO] src.pomo_trainer:   batch 110/625 (17.6%)  loss=0.2909  avg_reward=248.37  penalty_ratio=0.00%  eta=265.2s
2026-04-08 11:58:02 [INFO] src.pomo_trainer:   batch 120/625 (19.2%)  loss=-12.9758  avg_reward=3831.73  penalty_ratio=0.00%  eta=261.3s
2026-04-08 11:58:07 [INFO] src.pomo_trainer:   batch 130/625 (20.8%)  loss=78.1492  avg_reward=1664.53  penalty_ratio=0.00%  eta=254.7s
2026-04-08 11:58:11 [INFO] src.pomo_trainer:   batch 140/625 (22.4%)  loss=59.8978  avg_reward=1710.11  penalty_ratio=0.00%  eta=248.1s
2026-04-08 11:58:18 [INFO] src.pomo_trainer:   batch 150/625 (24.0%)  loss=-33.7663  avg_reward=2585.15  penalty_ratio=0.00%  eta=246.7s
2026-04-08 11:58:22 [INFO] src.pomo_trainer:   batch 160/625 (25.6%)  loss=95.5295  avg_reward=2744.84  penalty_ratio=0.00%  eta=239.8s
2026-04-08 11:58:28 [INFO] src.pomo_trainer:   batch 170/625 (27.2%)  loss=-5.8646  avg_reward=649.31  penalty_ratio=0.00%  eta=235.0s
2026-04-08 11:58:34 [INFO] src.pomo_trainer:   batch 180/625 (28.8%)  loss=0.5533  avg_reward=1847.08  penalty_ratio=0.00%  eta=233.9s
2026-04-08 11:58:39 [INFO] src.pomo_trainer:   batch 190/625 (30.4%)  loss=-8.0459  avg_reward=1405.11  penalty_ratio=0.00%  eta=227.0s
2026-04-08 11:58:44 [INFO] src.pomo_trainer:   batch 200/625 (32.0%)  loss=119.2684  avg_reward=2965.65  penalty_ratio=0.00%  eta=222.3s
2026-04-08 11:58:50 [INFO] src.pomo_trainer:   batch 210/625 (33.6%)  loss=223.3006  avg_reward=2391.93  penalty_ratio=0.00%  eta=218.0s
2026-04-08 11:58:56 [INFO] src.pomo_trainer:   batch 220/625 (35.2%)  loss=-21.7359  avg_reward=3629.90  penalty_ratio=0.00%  eta=214.5s
2026-04-08 11:59:02 [INFO] src.pomo_trainer:   batch 230/625 (36.8%)  loss=-1.5652  avg_reward=189.58  penalty_ratio=0.00%  eta=209.9s
2026-04-08 11:59:08 [INFO] src.pomo_trainer:   batch 240/625 (38.4%)  loss=253.5193  avg_reward=3469.59  penalty_ratio=0.00%  eta=206.5s
2026-04-08 11:59:13 [INFO] src.pomo_trainer:   batch 250/625 (40.0%)  loss=-10.0868  avg_reward=1850.64  penalty_ratio=0.00%  eta=200.2s
2026-04-08 11:59:20 [INFO] src.pomo_trainer:   batch 260/625 (41.6%)  loss=26.0869  avg_reward=1419.12  penalty_ratio=0.00%  eta=197.3s
2026-04-08 11:59:26 [INFO] src.pomo_trainer:   batch 270/625 (43.2%)  loss=160.0512  avg_reward=2891.57  penalty_ratio=0.00%  eta=191.9s
2026-04-08 11:59:33 [INFO] src.pomo_trainer:   batch 280/625 (44.8%)  loss=84.0450  avg_reward=1763.16  penalty_ratio=0.00%  eta=189.0s
2026-04-08 11:59:38 [INFO] src.pomo_trainer:   batch 290/625 (46.4%)  loss=63.1203  avg_reward=2049.67  penalty_ratio=0.00%  eta=183.1s
2026-04-08 11:59:44 [INFO] src.pomo_trainer:   batch 300/625 (48.0%)  loss=-12.8824  avg_reward=2570.39  penalty_ratio=0.00%  eta=178.0s
2026-04-08 11:59:49 [INFO] src.pomo_trainer:   batch 310/625 (49.6%)  loss=-11.9352  avg_reward=1892.35  penalty_ratio=0.00%  eta=172.0s
2026-04-08 11:59:52 [INFO] src.pomo_trainer:   batch 320/625 (51.2%)  loss=-0.0000  avg_reward=-245.20  penalty_ratio=0.00%  eta=164.0s
2026-04-08 11:59:56 [INFO] src.pomo_trainer:   batch 330/625 (52.8%)  loss=-13.1419  avg_reward=2547.98  penalty_ratio=0.00%  eta=157.9s
2026-04-08 12:00:03 [INFO] src.pomo_trainer:   batch 340/625 (54.4%)  loss=78.9592  avg_reward=2659.26  penalty_ratio=0.00%  eta=153.3s
2026-04-08 12:00:07 [INFO] src.pomo_trainer:   batch 350/625 (56.0%)  loss=-0.0000  avg_reward=-1272.15  penalty_ratio=0.00%  eta=147.5s
2026-04-08 12:00:13 [INFO] src.pomo_trainer:   batch 360/625 (57.6%)  loss=88.9978  avg_reward=2861.27  penalty_ratio=0.00%  eta=142.5s
2026-04-08 12:00:18 [INFO] src.pomo_trainer:   batch 370/625 (59.2%)  loss=104.5027  avg_reward=2198.15  penalty_ratio=0.00%  eta=136.7s
2026-04-08 12:00:24 [INFO] src.pomo_trainer:   batch 380/625 (60.8%)  loss=-4.7683  avg_reward=4237.61  penalty_ratio=0.00%  eta=131.5s
2026-04-08 12:00:28 [INFO] src.pomo_trainer:   batch 390/625 (62.4%)  loss=-35.5331  avg_reward=2956.71  penalty_ratio=0.00%  eta=125.7s
2026-04-08 12:00:34 [INFO] src.pomo_trainer:   batch 400/625 (64.0%)  loss=27.6231  avg_reward=2655.94  penalty_ratio=0.00%  eta=120.7s
2026-04-08 12:00:40 [INFO] src.pomo_trainer:   batch 410/625 (65.6%)  loss=-16.3247  avg_reward=2911.06  penalty_ratio=0.00%  eta=115.4s
2026-04-08 12:00:46 [INFO] src.pomo_trainer:   batch 420/625 (67.2%)  loss=91.5223  avg_reward=2718.50  penalty_ratio=0.00%  eta=110.3s
2026-04-08 12:00:50 [INFO] src.pomo_trainer:   batch 430/625 (68.8%)  loss=-16.5910  avg_reward=1072.26  penalty_ratio=0.00%  eta=104.6s
2026-04-08 12:00:56 [INFO] src.pomo_trainer:   batch 440/625 (70.4%)  loss=8.9010  avg_reward=790.33  penalty_ratio=0.00%  eta=99.5s
2026-04-08 12:01:01 [INFO] src.pomo_trainer:   batch 450/625 (72.0%)  loss=-1.3790  avg_reward=1198.11  penalty_ratio=0.00%  eta=93.9s
2026-04-08 12:01:08 [INFO] src.pomo_trainer:   batch 460/625 (73.6%)  loss=-0.0291  avg_reward=-248.19  penalty_ratio=0.00%  eta=89.2s
2026-04-08 12:01:13 [INFO] src.pomo_trainer:   batch 470/625 (75.2%)  loss=87.4352  avg_reward=2156.45  penalty_ratio=0.00%  eta=83.7s
2026-04-08 12:01:18 [INFO] src.pomo_trainer:   batch 480/625 (76.8%)  loss=-54.8252  avg_reward=287.96  penalty_ratio=0.00%  eta=77.9s
2026-04-08 12:01:25 [INFO] src.pomo_trainer:   batch 490/625 (78.4%)  loss=-2.2341  avg_reward=677.81  penalty_ratio=0.00%  eta=73.0s
2026-04-08 12:01:29 [INFO] src.pomo_trainer:   batch 500/625 (80.0%)  loss=-22.9854  avg_reward=270.46  penalty_ratio=0.00%  eta=67.3s
2026-04-08 12:01:34 [INFO] src.pomo_trainer:   batch 510/625 (81.6%)  loss=-23.8647  avg_reward=2923.19  penalty_ratio=0.00%  eta=61.9s
2026-04-08 12:01:40 [INFO] src.pomo_trainer:   batch 520/625 (83.2%)  loss=149.9433  avg_reward=1356.90  penalty_ratio=0.00%  eta=56.7s
2026-04-08 12:01:46 [INFO] src.pomo_trainer:   batch 530/625 (84.8%)  loss=126.6694  avg_reward=2017.87  penalty_ratio=0.00%  eta=51.2s
2026-04-08 12:01:52 [INFO] src.pomo_trainer:   batch 540/625 (86.4%)  loss=-4.6074  avg_reward=650.78  penalty_ratio=0.00%  eta=46.0s
2026-04-08 12:01:58 [INFO] src.pomo_trainer:   batch 550/625 (88.0%)  loss=1.3129  avg_reward=3843.24  penalty_ratio=0.00%  eta=40.6s
2026-04-08 12:02:03 [INFO] src.pomo_trainer:   batch 560/625 (89.6%)  loss=121.6771  avg_reward=2800.33  penalty_ratio=0.00%  eta=35.2s
2026-04-08 12:02:09 [INFO] src.pomo_trainer:   batch 570/625 (91.2%)  loss=-15.5982  avg_reward=2707.77  penalty_ratio=0.00%  eta=29.9s
2026-04-08 12:02:16 [INFO] src.pomo_trainer:   batch 580/625 (92.8%)  loss=-0.0000  avg_reward=-1311.15  penalty_ratio=0.00%  eta=24.5s
2026-04-08 12:02:20 [INFO] src.pomo_trainer:   batch 590/625 (94.4%)  loss=-18.2790  avg_reward=414.97  penalty_ratio=0.00%  eta=19.0s
2026-04-08 12:02:24 [INFO] src.pomo_trainer:   batch 600/625 (96.0%)  loss=-0.0000  avg_reward=-184.32  penalty_ratio=0.00%  eta=13.5s
2026-04-08 12:02:31 [INFO] src.pomo_trainer:   batch 610/625 (97.6%)  loss=95.9367  avg_reward=2999.30  penalty_ratio=0.00%  eta=8.1s
2026-04-08 12:02:36 [INFO] src.pomo_trainer:   batch 620/625 (99.2%)  loss=143.1256  avg_reward=2274.62  penalty_ratio=0.00%  eta=2.7s
2026-04-08 12:02:38 [INFO] __main__: Epoch 28  stage=main  loss=37.302506  reward=1852.07  var=230450.63  penalty=0.00%  mem_max=nan%
2026-04-08 12:02:38 [INFO] __main__: Training progress: 28/1000 (2.8%)  elapsed=9029.5s  eta=313453.9s
2026-04-08 12:02:38 [INFO] __main__: 
--- Epoch 29 / 1000 ---
2026-04-08 12:02:44 [INFO] src.pomo_trainer:   batch 10/625 (1.6%)  loss=-12.9643  avg_reward=3878.23  penalty_ratio=0.00%  eta=318.7s
2026-04-08 12:02:49 [INFO] src.pomo_trainer:   batch 20/625 (3.2%)  loss=-0.0000  avg_reward=-1248.99  penalty_ratio=0.00%  eta=307.6s
2026-04-08 12:02:53 [INFO] src.pomo_trainer:   batch 30/625 (4.8%)  loss=170.9565  avg_reward=2935.88  penalty_ratio=0.00%  eta=292.8s
2026-04-08 12:02:57 [INFO] src.pomo_trainer:   batch 40/625 (6.4%)  loss=-7.3772  avg_reward=1040.92  penalty_ratio=0.00%  eta=275.8s
2026-04-08 12:03:03 [INFO] src.pomo_trainer:   batch 50/625 (8.0%)  loss=4.4144  avg_reward=-517.04  penalty_ratio=0.00%  eta=283.4s
2026-04-08 12:03:09 [INFO] src.pomo_trainer:   batch 60/625 (9.6%)  loss=91.9089  avg_reward=3060.26  penalty_ratio=0.00%  eta=286.6s
2026-04-08 12:03:14 [INFO] src.pomo_trainer:   batch 70/625 (11.2%)  loss=-5.1253  avg_reward=4303.68  penalty_ratio=0.00%  eta=284.4s
2026-04-08 12:03:19 [INFO] src.pomo_trainer:   batch 80/625 (12.8%)  loss=56.4078  avg_reward=1861.62  penalty_ratio=0.00%  eta=278.9s
2026-04-08 12:03:25 [INFO] src.pomo_trainer:   batch 90/625 (14.4%)  loss=190.1411  avg_reward=3374.09  penalty_ratio=0.00%  eta=276.0s
2026-04-08 12:03:28 [INFO] src.pomo_trainer:   batch 100/625 (16.0%)  loss=7.2693  avg_reward=2857.74  penalty_ratio=0.00%  eta=261.0s
2026-04-08 12:03:33 [INFO] src.pomo_trainer:   batch 110/625 (17.6%)  loss=125.4772  avg_reward=2199.04  penalty_ratio=0.00%  eta=256.7s
2026-04-08 12:03:38 [INFO] src.pomo_trainer:   batch 120/625 (19.2%)  loss=0.7988  avg_reward=252.64  penalty_ratio=0.00%  eta=250.2s
2026-04-08 12:03:44 [INFO] src.pomo_trainer:   batch 130/625 (20.8%)  loss=-0.4136  avg_reward=4419.86  penalty_ratio=0.00%  eta=250.1s
2026-04-08 12:03:50 [INFO] src.pomo_trainer:   batch 140/625 (22.4%)  loss=84.9456  avg_reward=1960.28  penalty_ratio=0.00%  eta=248.6s
2026-04-08 12:03:57 [INFO] src.pomo_trainer:   batch 150/625 (24.0%)  loss=-5.4121  avg_reward=2126.00  penalty_ratio=0.00%  eta=250.3s
2026-04-08 12:04:03 [INFO] src.pomo_trainer:   batch 160/625 (25.6%)  loss=13.1672  avg_reward=651.14  penalty_ratio=0.00%  eta=247.0s
2026-04-08 12:04:10 [INFO] src.pomo_trainer:   batch 170/625 (27.2%)  loss=1.2133  avg_reward=1575.62  penalty_ratio=0.00%  eta=245.4s
2026-04-08 12:04:15 [INFO] src.pomo_trainer:   batch 180/625 (28.8%)  loss=0.1625  avg_reward=719.61  penalty_ratio=0.00%  eta=239.6s
2026-04-08 12:04:20 [INFO] src.pomo_trainer:   batch 190/625 (30.4%)  loss=1.7347  avg_reward=2518.60  penalty_ratio=0.00%  eta=232.2s
2026-04-08 12:04:24 [INFO] src.pomo_trainer:   batch 200/625 (32.0%)  loss=112.1527  avg_reward=3515.04  penalty_ratio=0.00%  eta=223.7s
2026-04-08 12:04:30 [INFO] src.pomo_trainer:   batch 210/625 (33.6%)  loss=151.4779  avg_reward=3862.81  penalty_ratio=0.00%  eta=219.9s
2026-04-08 12:04:37 [INFO] src.pomo_trainer:   batch 220/625 (35.2%)  loss=-37.1151  avg_reward=2935.83  penalty_ratio=0.00%  eta=217.9s
2026-04-08 12:04:44 [INFO] src.pomo_trainer:   batch 230/625 (36.8%)  loss=127.7602  avg_reward=1400.36  penalty_ratio=0.00%  eta=215.3s
2026-04-08 12:04:50 [INFO] src.pomo_trainer:   batch 240/625 (38.4%)  loss=35.6897  avg_reward=1377.26  penalty_ratio=0.00%  eta=211.2s
2026-04-08 12:04:57 [INFO] src.pomo_trainer:   batch 250/625 (40.0%)  loss=110.1658  avg_reward=2817.68  penalty_ratio=0.00%  eta=208.5s
2026-04-08 12:05:03 [INFO] src.pomo_trainer:   batch 260/625 (41.6%)  loss=6.4324  avg_reward=2396.51  penalty_ratio=0.00%  eta=203.2s
2026-04-08 12:05:08 [INFO] src.pomo_trainer:   batch 270/625 (43.2%)  loss=-1.1230  avg_reward=2846.79  penalty_ratio=0.00%  eta=196.7s
2026-04-08 12:05:16 [INFO] src.pomo_trainer:   batch 280/625 (44.8%)  loss=92.4276  avg_reward=2205.51  penalty_ratio=0.00%  eta=194.3s
2026-04-08 12:05:20 [INFO] src.pomo_trainer:   batch 290/625 (46.4%)  loss=18.9227  avg_reward=2242.39  penalty_ratio=0.00%  eta=187.0s
2026-04-08 12:05:26 [INFO] src.pomo_trainer:   batch 300/625 (48.0%)  loss=137.2965  avg_reward=3162.03  penalty_ratio=0.00%  eta=181.7s
2026-04-08 12:05:32 [INFO] src.pomo_trainer:   batch 310/625 (49.6%)  loss=149.6900  avg_reward=1692.43  penalty_ratio=0.00%  eta=176.8s
2026-04-08 12:05:39 [INFO] src.pomo_trainer:   batch 320/625 (51.2%)  loss=126.7914  avg_reward=1825.72  penalty_ratio=0.00%  eta=172.1s
2026-04-08 12:05:44 [INFO] src.pomo_trainer:   batch 330/625 (52.8%)  loss=-6.3733  avg_reward=169.30  penalty_ratio=0.00%  eta=165.9s
2026-04-08 12:05:49 [INFO] src.pomo_trainer:   batch 340/625 (54.4%)  loss=39.6499  avg_reward=2604.03  penalty_ratio=0.00%  eta=159.9s
2026-04-08 12:05:53 [INFO] src.pomo_trainer:   batch 350/625 (56.0%)  loss=42.3234  avg_reward=3527.18  penalty_ratio=0.00%  eta=152.5s
2026-04-08 12:05:59 [INFO] src.pomo_trainer:   batch 360/625 (57.6%)  loss=108.3524  avg_reward=2375.67  penalty_ratio=0.00%  eta=147.8s
2026-04-08 12:06:04 [INFO] src.pomo_trainer:   batch 370/625 (59.2%)  loss=-34.7201  avg_reward=223.69  penalty_ratio=0.00%  eta=141.5s
2026-04-08 12:06:10 [INFO] src.pomo_trainer:   batch 380/625 (60.8%)  loss=255.1229  avg_reward=3922.69  penalty_ratio=0.00%  eta=136.2s
2026-04-08 12:06:15 [INFO] src.pomo_trainer:   batch 390/625 (62.4%)  loss=69.4969  avg_reward=1849.17  penalty_ratio=0.00%  eta=130.7s
2026-04-08 12:06:21 [INFO] src.pomo_trainer:   batch 400/625 (64.0%)  loss=105.9331  avg_reward=1444.57  penalty_ratio=0.00%  eta=125.1s
2026-04-08 12:06:27 [INFO] src.pomo_trainer:   batch 410/625 (65.6%)  loss=84.6574  avg_reward=2906.84  penalty_ratio=0.00%  eta=119.9s
2026-04-08 12:06:33 [INFO] src.pomo_trainer:   batch 420/625 (67.2%)  loss=7.5517  avg_reward=3056.85  penalty_ratio=0.00%  eta=114.6s
2026-04-08 12:06:40 [INFO] src.pomo_trainer:   batch 430/625 (68.8%)  loss=23.6796  avg_reward=1448.46  penalty_ratio=0.00%  eta=109.4s
2026-04-08 12:06:46 [INFO] src.pomo_trainer:   batch 440/625 (70.4%)  loss=13.6474  avg_reward=1172.64  penalty_ratio=0.00%  eta=104.1s
2026-04-08 12:06:52 [INFO] src.pomo_trainer:   batch 450/625 (72.0%)  loss=-4.8447  avg_reward=237.52  penalty_ratio=0.00%  eta=98.5s
2026-04-08 12:06:58 [INFO] src.pomo_trainer:   batch 460/625 (73.6%)  loss=309.2106  avg_reward=3258.34  penalty_ratio=0.00%  eta=93.3s
2026-04-08 12:07:03 [INFO] src.pomo_trainer:   batch 470/625 (75.2%)  loss=-12.9119  avg_reward=404.51  penalty_ratio=0.00%  eta=87.4s
2026-04-08 12:07:09 [INFO] src.pomo_trainer:   batch 480/625 (76.8%)  loss=177.6483  avg_reward=2679.32  penalty_ratio=0.00%  eta=81.8s
2026-04-08 12:07:15 [INFO] src.pomo_trainer:   batch 490/625 (78.4%)  loss=-38.3631  avg_reward=5158.02  penalty_ratio=0.00%  eta=76.1s
2026-04-08 12:07:21 [INFO] src.pomo_trainer:   batch 500/625 (80.0%)  loss=53.4639  avg_reward=1784.31  penalty_ratio=0.00%  eta=70.7s
2026-04-08 12:07:28 [INFO] src.pomo_trainer:   batch 510/625 (81.6%)  loss=66.2749  avg_reward=2058.75  penalty_ratio=0.00%  eta=65.2s
2026-04-08 12:07:33 [INFO] src.pomo_trainer:   batch 520/625 (83.2%)  loss=0.6293  avg_reward=-765.15  penalty_ratio=0.00%  eta=59.4s
2026-04-08 12:07:40 [INFO] src.pomo_trainer:   batch 530/625 (84.8%)  loss=36.9863  avg_reward=1523.72  penalty_ratio=0.00%  eta=54.0s
2026-04-08 12:07:47 [INFO] src.pomo_trainer:   batch 540/625 (86.4%)  loss=-29.1562  avg_reward=2436.44  penalty_ratio=0.00%  eta=48.6s
2026-04-08 12:07:52 [INFO] src.pomo_trainer:   batch 550/625 (88.0%)  loss=-12.3063  avg_reward=466.27  penalty_ratio=0.00%  eta=42.8s
2026-04-08 12:07:57 [INFO] src.pomo_trainer:   batch 560/625 (89.6%)  loss=25.9174  avg_reward=1578.36  penalty_ratio=0.00%  eta=37.0s
2026-04-08 12:08:02 [INFO] src.pomo_trainer:   batch 570/625 (91.2%)  loss=-10.7712  avg_reward=5002.00  penalty_ratio=0.00%  eta=31.2s
2026-04-08 12:08:07 [INFO] src.pomo_trainer:   batch 580/625 (92.8%)  loss=75.7065  avg_reward=3409.82  penalty_ratio=0.00%  eta=25.5s
2026-04-08 12:08:12 [INFO] src.pomo_trainer:   batch 590/625 (94.4%)  loss=-1.8799  avg_reward=249.02  penalty_ratio=0.00%  eta=19.8s
2026-04-08 12:08:17 [INFO] src.pomo_trainer:   batch 600/625 (96.0%)  loss=53.4133  avg_reward=1925.78  penalty_ratio=0.00%  eta=14.1s
2026-04-08 12:08:22 [INFO] src.pomo_trainer:   batch 610/625 (97.6%)  loss=-0.0000  avg_reward=-1253.63  penalty_ratio=0.00%  eta=8.5s
2026-04-08 12:08:28 [INFO] src.pomo_trainer:   batch 620/625 (99.2%)  loss=56.9273  avg_reward=2096.65  penalty_ratio=0.00%  eta=2.8s
2026-04-08 12:08:32 [INFO] __main__: Epoch 29  stage=main  loss=45.346648  reward=1983.44  var=241241.25  penalty=0.00%  mem_max=nan%
2026-04-08 12:08:32 [INFO] __main__: Training progress: 29/1000 (2.9%)  elapsed=9383.0s  eta=314168.8s
2026-04-08 12:08:32 [INFO] __main__: 
--- Epoch 30 / 1000 ---
2026-04-08 12:08:37 [INFO] src.pomo_trainer:   batch 10/625 (1.6%)  loss=156.7564  avg_reward=1976.38  penalty_ratio=0.00%  eta=338.8s
2026-04-08 12:08:43 [INFO] src.pomo_trainer:   batch 20/625 (3.2%)  loss=286.5879  avg_reward=2361.93  penalty_ratio=0.00%  eta=336.8s
2026-04-08 12:08:48 [INFO] src.pomo_trainer:   batch 30/625 (4.8%)  loss=-19.8602  avg_reward=2700.67  penalty_ratio=0.00%  eta=312.3s
2026-04-08 12:08:52 [INFO] src.pomo_trainer:   batch 40/625 (6.4%)  loss=-6.6406  avg_reward=2649.20  penalty_ratio=0.00%  eta=299.1s
2026-04-08 12:08:57 [INFO] src.pomo_trainer:   batch 50/625 (8.0%)  loss=-46.1569  avg_reward=2088.98  penalty_ratio=0.00%  eta=288.2s
2026-04-08 12:09:03 [INFO] src.pomo_trainer:   batch 60/625 (9.6%)  loss=83.3936  avg_reward=1860.58  penalty_ratio=0.00%  eta=292.3s
2026-04-08 12:09:09 [INFO] src.pomo_trainer:   batch 70/625 (11.2%)  loss=108.2695  avg_reward=3596.34  penalty_ratio=0.00%  eta=290.5s
2026-04-08 12:09:13 [INFO] src.pomo_trainer:   batch 80/625 (12.8%)  loss=-19.5816  avg_reward=2454.86  penalty_ratio=0.00%  eta=281.5s
2026-04-08 12:09:19 [INFO] src.pomo_trainer:   batch 90/625 (14.4%)  loss=-13.7897  avg_reward=1547.39  penalty_ratio=0.00%  eta=277.9s
2026-04-08 12:09:23 [INFO] src.pomo_trainer:   batch 100/625 (16.0%)  loss=-15.8664  avg_reward=-66.92  penalty_ratio=0.00%  eta=268.3s
2026-04-08 12:09:30 [INFO] src.pomo_trainer:   batch 110/625 (17.6%)  loss=213.7767  avg_reward=1941.16  penalty_ratio=0.00%  eta=271.4s
2026-04-08 12:09:35 [INFO] src.pomo_trainer:   batch 120/625 (19.2%)  loss=11.9476  avg_reward=4596.36  penalty_ratio=0.00%  eta=267.2s
2026-04-08 12:09:40 [INFO] src.pomo_trainer:   batch 130/625 (20.8%)  loss=-21.0445  avg_reward=2576.48  penalty_ratio=0.00%  eta=259.3s
2026-04-08 12:09:47 [INFO] src.pomo_trainer:   batch 140/625 (22.4%)  loss=13.5965  avg_reward=1423.47  penalty_ratio=0.00%  eta=258.5s
2026-04-08 12:09:54 [INFO] src.pomo_trainer:   batch 150/625 (24.0%)  loss=5.2114  avg_reward=950.00  penalty_ratio=0.00%  eta=260.0s
2026-04-08 12:10:00 [INFO] src.pomo_trainer:   batch 160/625 (25.6%)  loss=0.0001  avg_reward=-387.28  penalty_ratio=0.00%  eta=254.7s
2026-04-08 12:10:04 [INFO] src.pomo_trainer:   batch 170/625 (27.2%)  loss=-0.0000  avg_reward=-1276.31  penalty_ratio=0.00%  eta=245.7s
2026-04-08 12:10:10 [INFO] src.pomo_trainer:   batch 180/625 (28.8%)  loss=-13.7485  avg_reward=2548.25  penalty_ratio=0.00%  eta=243.1s
2026-04-08 12:10:15 [INFO] src.pomo_trainer:   batch 190/625 (30.4%)  loss=120.8759  avg_reward=1962.40  penalty_ratio=0.00%  eta=235.3s
2026-04-08 12:10:18 [INFO] src.pomo_trainer:   batch 200/625 (32.0%)  loss=-3.6173  avg_reward=-856.78  penalty_ratio=0.00%  eta=226.4s
2026-04-08 12:10:24 [INFO] src.pomo_trainer:   batch 210/625 (33.6%)  loss=59.8505  avg_reward=1327.22  penalty_ratio=0.00%  eta=220.8s
2026-04-08 12:10:29 [INFO] src.pomo_trainer:   batch 220/625 (35.2%)  loss=121.9177  avg_reward=2268.49  penalty_ratio=0.00%  eta=216.2s
2026-04-08 12:10:34 [INFO] src.pomo_trainer:   batch 230/625 (36.8%)  loss=-4.7662  avg_reward=-17.54  penalty_ratio=0.00%  eta=209.8s
2026-04-08 12:10:40 [INFO] src.pomo_trainer:   batch 240/625 (38.4%)  loss=-28.9125  avg_reward=225.99  penalty_ratio=0.00%  eta=205.7s
2026-04-08 12:10:46 [INFO] src.pomo_trainer:   batch 250/625 (40.0%)  loss=-2.2023  avg_reward=1532.47  penalty_ratio=0.00%  eta=201.6s
2026-04-08 12:10:53 [INFO] src.pomo_trainer:   batch 260/625 (41.6%)  loss=-7.2750  avg_reward=91.89  penalty_ratio=0.00%  eta=197.4s
2026-04-08 12:10:57 [INFO] src.pomo_trainer:   batch 270/625 (43.2%)  loss=-3.3772  avg_reward=2654.57  penalty_ratio=0.00%  eta=191.4s
2026-04-08 12:11:04 [INFO] src.pomo_trainer:   batch 280/625 (44.8%)  loss=148.3868  avg_reward=1917.78  penalty_ratio=0.00%  eta=187.1s
2026-04-08 12:11:08 [INFO] src.pomo_trainer:   batch 290/625 (46.4%)  loss=206.5501  avg_reward=2689.66  penalty_ratio=0.00%  eta=180.2s
2026-04-08 12:11:14 [INFO] src.pomo_trainer:   batch 300/625 (48.0%)  loss=254.7940  avg_reward=4228.91  penalty_ratio=0.00%  eta=175.5s
2026-04-08 12:11:20 [INFO] src.pomo_trainer:   batch 310/625 (49.6%)  loss=138.1569  avg_reward=2055.68  penalty_ratio=0.00%  eta=171.2s
2026-04-08 12:11:26 [INFO] src.pomo_trainer:   batch 320/625 (51.2%)  loss=219.4647  avg_reward=3646.79  penalty_ratio=0.00%  eta=165.8s
2026-04-08 12:11:32 [INFO] src.pomo_trainer:   batch 330/625 (52.8%)  loss=38.3556  avg_reward=1848.75  penalty_ratio=0.00%  eta=160.7s
2026-04-08 12:11:38 [INFO] src.pomo_trainer:   batch 340/625 (54.4%)  loss=-11.3643  avg_reward=1744.43  penalty_ratio=0.00%  eta=156.2s
2026-04-08 12:11:44 [INFO] src.pomo_trainer:   batch 350/625 (56.0%)  loss=165.3380  avg_reward=2136.63  penalty_ratio=0.00%  eta=151.0s
2026-04-08 12:11:50 [INFO] src.pomo_trainer:   batch 360/625 (57.6%)  loss=121.4453  avg_reward=1874.72  penalty_ratio=0.00%  eta=146.0s
2026-04-08 12:11:56 [INFO] src.pomo_trainer:   batch 370/625 (59.2%)  loss=25.0901  avg_reward=2099.16  penalty_ratio=0.00%  eta=140.5s
2026-04-08 12:12:01 [INFO] src.pomo_trainer:   batch 380/625 (60.8%)  loss=82.6356  avg_reward=2057.55  penalty_ratio=0.00%  eta=134.9s
2026-04-08 12:12:07 [INFO] src.pomo_trainer:   batch 390/625 (62.4%)  loss=10.5731  avg_reward=2079.78  penalty_ratio=0.00%  eta=129.5s
2026-04-08 12:12:10 [INFO] src.pomo_trainer:   batch 400/625 (64.0%)  loss=-16.2835  avg_reward=3658.81  penalty_ratio=0.00%  eta=122.9s
2026-04-08 12:12:15 [INFO] src.pomo_trainer:   batch 410/625 (65.6%)  loss=96.1765  avg_reward=3372.36  penalty_ratio=0.00%  eta=117.1s
2026-04-08 12:12:21 [INFO] src.pomo_trainer:   batch 420/625 (67.2%)  loss=0.0976  avg_reward=137.78  penalty_ratio=0.00%  eta=111.7s
2026-04-08 12:12:26 [INFO] src.pomo_trainer:   batch 430/625 (68.8%)  loss=6.5258  avg_reward=2568.97  penalty_ratio=0.00%  eta=106.0s
2026-04-08 12:12:32 [INFO] src.pomo_trainer:   batch 440/625 (70.4%)  loss=176.8931  avg_reward=1897.93  penalty_ratio=0.00%  eta=101.0s
2026-04-08 12:12:38 [INFO] src.pomo_trainer:   batch 450/625 (72.0%)  loss=79.8757  avg_reward=2153.39  penalty_ratio=0.00%  eta=95.6s
2026-04-08 12:12:43 [INFO] src.pomo_trainer:   batch 460/625 (73.6%)  loss=126.2374  avg_reward=2054.61  penalty_ratio=0.00%  eta=90.1s
2026-04-08 12:12:49 [INFO] src.pomo_trainer:   batch 470/625 (75.2%)  loss=-43.1499  avg_reward=1861.12  penalty_ratio=0.00%  eta=84.8s
2026-04-08 12:12:54 [INFO] src.pomo_trainer:   batch 480/625 (76.8%)  loss=-5.0911  avg_reward=3594.33  penalty_ratio=0.00%  eta=79.1s
2026-04-08 12:13:00 [INFO] src.pomo_trainer:   batch 490/625 (78.4%)  loss=66.3110  avg_reward=1877.84  penalty_ratio=0.00%  eta=73.8s
2026-04-08 12:13:04 [INFO] src.pomo_trainer:   batch 500/625 (80.0%)  loss=-8.5026  avg_reward=783.91  penalty_ratio=0.00%  eta=67.9s
2026-04-08 12:13:09 [INFO] src.pomo_trainer:   batch 510/625 (81.6%)  loss=7.7620  avg_reward=3089.28  penalty_ratio=0.00%  eta=62.5s
2026-04-08 12:13:13 [INFO] src.pomo_trainer:   batch 520/625 (83.2%)  loss=-0.0000  avg_reward=-1302.28  penalty_ratio=0.00%  eta=56.8s
2026-04-08 12:13:18 [INFO] src.pomo_trainer:   batch 530/625 (84.8%)  loss=2.4327  avg_reward=143.06  penalty_ratio=0.00%  eta=51.3s
2026-04-08 12:13:25 [INFO] src.pomo_trainer:   batch 540/625 (86.4%)  loss=-24.1491  avg_reward=1939.98  penalty_ratio=0.00%  eta=46.1s
2026-04-08 12:13:30 [INFO] src.pomo_trainer:   batch 550/625 (88.0%)  loss=-7.1783  avg_reward=2669.88  penalty_ratio=0.00%  eta=40.6s
2026-04-08 12:13:36 [INFO] src.pomo_trainer:   batch 560/625 (89.6%)  loss=29.7185  avg_reward=1768.16  penalty_ratio=0.00%  eta=35.3s
2026-04-08 12:13:43 [INFO] src.pomo_trainer:   batch 570/625 (91.2%)  loss=5.9668  avg_reward=3006.85  penalty_ratio=0.00%  eta=30.0s
2026-04-08 12:13:49 [INFO] src.pomo_trainer:   batch 580/625 (92.8%)  loss=-58.1816  avg_reward=312.94  penalty_ratio=0.00%  eta=24.6s
2026-04-08 12:13:56 [INFO] src.pomo_trainer:   batch 590/625 (94.4%)  loss=-16.6173  avg_reward=1826.36  penalty_ratio=0.00%  eta=19.2s
2026-04-08 12:14:01 [INFO] src.pomo_trainer:   batch 600/625 (96.0%)  loss=4.5494  avg_reward=1608.35  penalty_ratio=0.00%  eta=13.7s
2026-04-08 12:14:07 [INFO] src.pomo_trainer:   batch 610/625 (97.6%)  loss=239.0099  avg_reward=2676.59  penalty_ratio=0.00%  eta=8.2s
2026-04-08 12:14:11 [INFO] src.pomo_trainer:   batch 620/625 (99.2%)  loss=-3.1419  avg_reward=3147.67  penalty_ratio=0.00%  eta=2.7s
2026-04-08 12:14:14 [INFO] __main__: Epoch 30  stage=main  loss=44.574671  reward=1860.28  var=227801.93  penalty=0.00%  mem_max=nan%
2026-04-08 12:14:14 [INFO] __main__: Training progress: 30/1000 (3.0%)  elapsed=9724.8s  eta=314435.3s
2026-04-08 12:14:28 [INFO] __main__: Validation reward (all stages): 1193.3249
2026-04-08 12:14:28 [INFO] __main__: 
--- Epoch 31 / 1000 ---
2026-04-08 12:14:34 [INFO] src.pomo_trainer:   batch 10/625 (1.6%)  loss=2.2616  avg_reward=1949.57  penalty_ratio=0.00%  eta=334.2s
2026-04-08 12:14:41 [INFO] src.pomo_trainer:   batch 20/625 (3.2%)  loss=138.6302  avg_reward=2435.43  penalty_ratio=0.00%  eta=364.8s
2026-04-08 12:14:47 [INFO] src.pomo_trainer:   batch 30/625 (4.8%)  loss=19.4973  avg_reward=2197.04  penalty_ratio=0.00%  eta=361.8s
2026-04-08 12:14:54 [INFO] src.pomo_trainer:   batch 40/625 (6.4%)  loss=145.0163  avg_reward=1626.15  penalty_ratio=0.00%  eta=367.4s
2026-04-08 12:15:00 [INFO] src.pomo_trainer:   batch 50/625 (8.0%)  loss=-11.5527  avg_reward=-62.43  penalty_ratio=0.00%  eta=362.8s
2026-04-08 12:15:05 [INFO] src.pomo_trainer:   batch 60/625 (9.6%)  loss=12.4690  avg_reward=3700.65  penalty_ratio=0.00%  eta=344.7s
2026-04-08 12:15:10 [INFO] src.pomo_trainer:   batch 70/625 (11.2%)  loss=176.1337  avg_reward=2505.68  penalty_ratio=0.00%  eta=327.7s
2026-04-08 12:15:16 [INFO] src.pomo_trainer:   batch 80/625 (12.8%)  loss=158.3076  avg_reward=3002.55  penalty_ratio=0.00%  eta=322.2s
2026-04-08 12:15:20 [INFO] src.pomo_trainer:   batch 90/625 (14.4%)  loss=1.6575  avg_reward=562.66  penalty_ratio=0.00%  eta=306.0s
2026-04-08 12:15:25 [INFO] src.pomo_trainer:   batch 100/625 (16.0%)  loss=-1.2764  avg_reward=601.50  penalty_ratio=0.00%  eta=296.2s
2026-04-08 12:15:31 [INFO] src.pomo_trainer:   batch 110/625 (17.6%)  loss=-3.9527  avg_reward=2708.05  penalty_ratio=0.00%  eta=291.4s
2026-04-08 12:15:36 [INFO] src.pomo_trainer:   batch 120/625 (19.2%)  loss=43.4708  avg_reward=1437.40  penalty_ratio=0.00%  eta=285.0s
2026-04-08 12:15:41 [INFO] src.pomo_trainer:   batch 130/625 (20.8%)  loss=90.0428  avg_reward=2529.09  penalty_ratio=0.00%  eta=277.9s
2026-04-08 12:15:46 [INFO] src.pomo_trainer:   batch 140/625 (22.4%)  loss=64.7440  avg_reward=1958.95  penalty_ratio=0.00%  eta=269.1s
2026-04-08 12:15:53 [INFO] src.pomo_trainer:   batch 150/625 (24.0%)  loss=-1.7924  avg_reward=3740.40  penalty_ratio=0.00%  eta=267.6s
2026-04-08 12:15:59 [INFO] src.pomo_trainer:   batch 160/625 (25.6%)  loss=85.0093  avg_reward=2525.56  penalty_ratio=0.00%  eta=262.7s
2026-04-08 12:16:05 [INFO] src.pomo_trainer:   batch 170/625 (27.2%)  loss=147.5372  avg_reward=2161.60  penalty_ratio=0.00%  eta=257.7s
2026-04-08 12:16:11 [INFO] src.pomo_trainer:   batch 180/625 (28.8%)  loss=132.9134  avg_reward=2455.34  penalty_ratio=0.00%  eta=254.1s
2026-04-08 12:16:15 [INFO] src.pomo_trainer:   batch 190/625 (30.4%)  loss=-0.0000  avg_reward=-1127.76  penalty_ratio=0.00%  eta=244.1s
2026-04-08 12:16:21 [INFO] src.pomo_trainer:   batch 200/625 (32.0%)  loss=-0.0000  avg_reward=-1169.63  penalty_ratio=0.00%  eta=238.5s
2026-04-08 12:16:27 [INFO] src.pomo_trainer:   batch 210/625 (33.6%)  loss=0.8960  avg_reward=484.34  penalty_ratio=0.00%  eta=234.5s
2026-04-08 12:16:31 [INFO] src.pomo_trainer:   batch 220/625 (35.2%)  loss=0.0007  avg_reward=-390.00  penalty_ratio=0.00%  eta=225.2s
2026-04-08 12:16:38 [INFO] src.pomo_trainer:   batch 230/625 (36.8%)  loss=46.2694  avg_reward=1731.05  penalty_ratio=0.00%  eta=221.8s
2026-04-08 12:16:42 [INFO] src.pomo_trainer:   batch 240/625 (38.4%)  loss=0.8043  avg_reward=2259.14  penalty_ratio=0.00%  eta=213.7s
2026-04-08 12:16:47 [INFO] src.pomo_trainer:   batch 250/625 (40.0%)  loss=5.2824  avg_reward=1714.07  penalty_ratio=0.00%  eta=208.1s
2026-04-08 12:16:52 [INFO] src.pomo_trainer:   batch 260/625 (41.6%)  loss=-5.9186  avg_reward=415.41  penalty_ratio=0.00%  eta=201.4s
2026-04-08 12:16:57 [INFO] src.pomo_trainer:   batch 270/625 (43.2%)  loss=110.7755  avg_reward=2118.12  penalty_ratio=0.00%  eta=195.8s
2026-04-08 12:17:02 [INFO] src.pomo_trainer:   batch 280/625 (44.8%)  loss=4.3865  avg_reward=355.73  penalty_ratio=0.00%  eta=188.9s
2026-04-08 12:17:06 [INFO] src.pomo_trainer:   batch 290/625 (46.4%)  loss=54.2925  avg_reward=2119.16  penalty_ratio=0.00%  eta=182.4s
2026-04-08 12:17:12 [INFO] src.pomo_trainer:   batch 300/625 (48.0%)  loss=62.4971  avg_reward=2052.31  penalty_ratio=0.00%  eta=177.7s
2026-04-08 12:17:15 [INFO] src.pomo_trainer:   batch 310/625 (49.6%)  loss=-13.5607  avg_reward=808.51  penalty_ratio=0.00%  eta=169.7s
2026-04-08 12:17:20 [INFO] src.pomo_trainer:   batch 320/625 (51.2%)  loss=-3.3173  avg_reward=2019.22  penalty_ratio=0.00%  eta=163.5s
2026-04-08 12:17:25 [INFO] src.pomo_trainer:   batch 330/625 (52.8%)  loss=-11.1705  avg_reward=858.85  penalty_ratio=0.00%  eta=157.8s
2026-04-08 12:17:32 [INFO] src.pomo_trainer:   batch 340/625 (54.4%)  loss=103.1558  avg_reward=1663.69  penalty_ratio=0.00%  eta=153.4s
2026-04-08 12:17:39 [INFO] src.pomo_trainer:   batch 350/625 (56.0%)  loss=78.4183  avg_reward=2451.85  penalty_ratio=0.00%  eta=149.4s
2026-04-08 12:17:44 [INFO] src.pomo_trainer:   batch 360/625 (57.6%)  loss=122.8313  avg_reward=2318.54  penalty_ratio=0.00%  eta=143.9s
2026-04-08 12:17:50 [INFO] src.pomo_trainer:   batch 370/625 (59.2%)  loss=75.8251  avg_reward=1800.93  penalty_ratio=0.00%  eta=138.6s
2026-04-08 12:17:55 [INFO] src.pomo_trainer:   batch 380/625 (60.8%)  loss=117.7836  avg_reward=2393.64  penalty_ratio=0.00%  eta=132.8s
2026-04-08 12:17:59 [INFO] src.pomo_trainer:   batch 390/625 (62.4%)  loss=-13.3046  avg_reward=2182.12  penalty_ratio=0.00%  eta=126.6s
2026-04-08 12:18:04 [INFO] src.pomo_trainer:   batch 400/625 (64.0%)  loss=-0.1556  avg_reward=-402.72  penalty_ratio=0.00%  eta=121.2s
2026-04-08 12:18:11 [INFO] src.pomo_trainer:   batch 410/625 (65.6%)  loss=1.2352  avg_reward=2671.75  penalty_ratio=0.00%  eta=116.8s
2026-04-08 12:18:16 [INFO] src.pomo_trainer:   batch 420/625 (67.2%)  loss=-19.6632  avg_reward=3776.60  penalty_ratio=0.00%  eta=111.1s
2026-04-08 12:18:23 [INFO] src.pomo_trainer:   batch 430/625 (68.8%)  loss=-3.7968  avg_reward=2705.54  penalty_ratio=0.00%  eta=106.1s
2026-04-08 12:18:29 [INFO] src.pomo_trainer:   batch 440/625 (70.4%)  loss=-6.4530  avg_reward=208.03  penalty_ratio=0.00%  eta=101.1s
2026-04-08 12:18:35 [INFO] src.pomo_trainer:   batch 450/625 (72.0%)  loss=-0.0010  avg_reward=-327.39  penalty_ratio=0.00%  eta=95.7s
2026-04-08 12:18:40 [INFO] src.pomo_trainer:   batch 460/625 (73.6%)  loss=-16.9042  avg_reward=2605.46  penalty_ratio=0.00%  eta=90.2s
2026-04-08 12:18:45 [INFO] src.pomo_trainer:   batch 470/625 (75.2%)  loss=-0.0069  avg_reward=-274.00  penalty_ratio=0.00%  eta=84.5s
2026-04-08 12:18:51 [INFO] src.pomo_trainer:   batch 480/625 (76.8%)  loss=136.4724  avg_reward=3995.76  penalty_ratio=0.00%  eta=79.2s
2026-04-08 12:18:56 [INFO] src.pomo_trainer:   batch 490/625 (78.4%)  loss=5.4927  avg_reward=1033.79  penalty_ratio=0.00%  eta=73.6s
2026-04-08 12:19:00 [INFO] src.pomo_trainer:   batch 500/625 (80.0%)  loss=175.0300  avg_reward=3809.57  penalty_ratio=0.00%  eta=67.9s
2026-04-08 12:19:05 [INFO] src.pomo_trainer:   batch 510/625 (81.6%)  loss=-0.0000  avg_reward=-150.33  penalty_ratio=0.00%  eta=62.3s
2026-04-08 12:19:10 [INFO] src.pomo_trainer:   batch 520/625 (83.2%)  loss=137.0161  avg_reward=3586.56  penalty_ratio=0.00%  eta=56.9s
2026-04-08 12:19:15 [INFO] src.pomo_trainer:   batch 530/625 (84.8%)  loss=-6.8627  avg_reward=-283.95  penalty_ratio=0.00%  eta=51.3s
2026-04-08 12:19:20 [INFO] src.pomo_trainer:   batch 540/625 (86.4%)  loss=-35.5327  avg_reward=4123.52  penalty_ratio=0.00%  eta=45.9s
2026-04-08 12:19:26 [INFO] src.pomo_trainer:   batch 550/625 (88.0%)  loss=-20.5595  avg_reward=3035.66  penalty_ratio=0.00%  eta=40.6s
2026-04-08 12:19:31 [INFO] src.pomo_trainer:   batch 560/625 (89.6%)  loss=-2.6825  avg_reward=-807.12  penalty_ratio=0.00%  eta=35.1s
2026-04-08 12:19:36 [INFO] src.pomo_trainer:   batch 570/625 (91.2%)  loss=159.3895  avg_reward=2523.30  penalty_ratio=0.00%  eta=29.7s
2026-04-08 12:19:40 [INFO] src.pomo_trainer:   batch 580/625 (92.8%)  loss=-10.1488  avg_reward=602.13  penalty_ratio=0.00%  eta=24.2s
2026-04-08 12:19:45 [INFO] src.pomo_trainer:   batch 590/625 (94.4%)  loss=-0.8444  avg_reward=516.89  penalty_ratio=0.00%  eta=18.8s
2026-04-08 12:19:50 [INFO] src.pomo_trainer:   batch 600/625 (96.0%)  loss=112.9106  avg_reward=2585.07  penalty_ratio=0.00%  eta=13.4s
2026-04-08 12:19:57 [INFO] src.pomo_trainer:   batch 610/625 (97.6%)  loss=101.5148  avg_reward=2179.43  penalty_ratio=0.00%  eta=8.1s
2026-04-08 12:20:02 [INFO] src.pomo_trainer:   batch 620/625 (99.2%)  loss=-15.8252  avg_reward=1507.08  penalty_ratio=0.00%  eta=2.7s
2026-04-08 12:20:06 [INFO] __main__: Epoch 31  stage=main  loss=38.144737  reward=1936.66  var=241020.67  penalty=0.00%  mem_max=nan%
2026-04-08 12:20:06 [INFO] __main__: Training progress: 31/1000 (3.1%)  elapsed=10076.7s  eta=314976.8s
2026-04-08 12:20:06 [INFO] __main__: 
--- Epoch 32 / 1000 ---
2026-04-08 12:20:11 [INFO] src.pomo_trainer:   batch 10/625 (1.6%)  loss=-4.6408  avg_reward=478.27  penalty_ratio=0.00%  eta=322.5s
2026-04-08 12:20:16 [INFO] src.pomo_trainer:   batch 20/625 (3.2%)  loss=110.3962  avg_reward=2646.96  penalty_ratio=0.00%  eta=305.3s
2026-04-08 12:20:21 [INFO] src.pomo_trainer:   batch 30/625 (4.8%)  loss=-18.3161  avg_reward=340.72  penalty_ratio=0.00%  eta=298.1s
2026-04-08 12:20:27 [INFO] src.pomo_trainer:   batch 40/625 (6.4%)  loss=-22.1478  avg_reward=3908.60  penalty_ratio=0.00%  eta=309.1s
2026-04-08 12:20:34 [INFO] src.pomo_trainer:   batch 50/625 (8.0%)  loss=224.9645  avg_reward=1560.99  penalty_ratio=0.00%  eta=324.0s
2026-04-08 12:20:39 [INFO] src.pomo_trainer:   batch 60/625 (9.6%)  loss=59.1100  avg_reward=1708.74  penalty_ratio=0.00%  eta=314.3s
2026-04-08 12:20:44 [INFO] src.pomo_trainer:   batch 70/625 (11.2%)  loss=-23.9850  avg_reward=2548.98  penalty_ratio=0.00%  eta=304.1s
2026-04-08 12:20:50 [INFO] src.pomo_trainer:   batch 80/625 (12.8%)  loss=108.6797  avg_reward=2672.59  penalty_ratio=0.00%  eta=301.0s
2026-04-08 12:20:57 [INFO] src.pomo_trainer:   batch 90/625 (14.4%)  loss=-2.7047  avg_reward=2189.25  penalty_ratio=0.00%  eta=306.3s
2026-04-08 12:21:03 [INFO] src.pomo_trainer:   batch 100/625 (16.0%)  loss=-9.2884  avg_reward=3688.29  penalty_ratio=0.00%  eta=303.5s
2026-04-08 12:21:08 [INFO] src.pomo_trainer:   batch 110/625 (17.6%)  loss=62.2069  avg_reward=3658.34  penalty_ratio=0.00%  eta=290.9s
2026-04-08 12:21:12 [INFO] src.pomo_trainer:   batch 120/625 (19.2%)  loss=3.8707  avg_reward=597.00  penalty_ratio=0.00%  eta=281.7s
2026-04-08 12:21:18 [INFO] src.pomo_trainer:   batch 130/625 (20.8%)  loss=69.7080  avg_reward=3228.49  penalty_ratio=0.00%  eta=275.2s
2026-04-08 12:21:24 [INFO] src.pomo_trainer:   batch 140/625 (22.4%)  loss=-0.0000  avg_reward=-170.03  penalty_ratio=0.00%  eta=271.7s
2026-04-08 12:21:30 [INFO] src.pomo_trainer:   batch 150/625 (24.0%)  loss=-25.3312  avg_reward=1639.43  penalty_ratio=0.00%  eta=268.4s
2026-04-08 12:21:36 [INFO] src.pomo_trainer:   batch 160/625 (25.6%)  loss=0.0883  avg_reward=3129.88  penalty_ratio=0.00%  eta=262.4s
2026-04-08 12:21:40 [INFO] src.pomo_trainer:   batch 170/625 (27.2%)  loss=0.6035  avg_reward=37.59  penalty_ratio=0.00%  eta=253.5s
2026-04-08 12:21:47 [INFO] src.pomo_trainer:   batch 180/625 (28.8%)  loss=18.9635  avg_reward=1942.64  penalty_ratio=0.00%  eta=251.0s
2026-04-08 12:21:51 [INFO] src.pomo_trainer:   batch 190/625 (30.4%)  loss=2.1840  avg_reward=-41.58  penalty_ratio=0.00%  eta=241.8s
2026-04-08 12:21:57 [INFO] src.pomo_trainer:   batch 200/625 (32.0%)  loss=0.9174  avg_reward=-378.16  penalty_ratio=0.00%  eta=236.0s
2026-04-08 12:22:02 [INFO] src.pomo_trainer:   batch 210/625 (33.6%)  loss=24.0972  avg_reward=1250.16  penalty_ratio=0.00%  eta=229.8s
2026-04-08 12:22:06 [INFO] src.pomo_trainer:   batch 220/625 (35.2%)  loss=-6.0987  avg_reward=598.62  penalty_ratio=0.00%  eta=222.1s
2026-04-08 12:22:10 [INFO] src.pomo_trainer:   batch 230/625 (36.8%)  loss=-0.0000  avg_reward=-1251.33  penalty_ratio=0.00%  eta=214.6s
2026-04-08 12:22:17 [INFO] src.pomo_trainer:   batch 240/625 (38.4%)  loss=49.5168  avg_reward=1903.94  penalty_ratio=0.00%  eta=210.8s
2026-04-08 12:22:23 [INFO] src.pomo_trainer:   batch 250/625 (40.0%)  loss=155.6382  avg_reward=1258.57  penalty_ratio=0.00%  eta=206.0s
2026-04-08 12:22:26 [INFO] src.pomo_trainer:   batch 260/625 (41.6%)  loss=-7.0411  avg_reward=597.46  penalty_ratio=0.00%  eta=196.9s
2026-04-08 12:22:30 [INFO] src.pomo_trainer:   batch 270/625 (43.2%)  loss=189.7868  avg_reward=2227.68  penalty_ratio=0.00%  eta=190.0s
2026-04-08 12:22:36 [INFO] src.pomo_trainer:   batch 280/625 (44.8%)  loss=95.8740  avg_reward=1601.86  penalty_ratio=0.00%  eta=185.0s
2026-04-08 12:22:42 [INFO] src.pomo_trainer:   batch 290/625 (46.4%)  loss=63.2825  avg_reward=1503.24  penalty_ratio=0.00%  eta=180.4s
2026-04-08 12:22:48 [INFO] src.pomo_trainer:   batch 300/625 (48.0%)  loss=173.9079  avg_reward=2701.82  penalty_ratio=0.00%  eta=176.0s
2026-04-08 12:22:54 [INFO] src.pomo_trainer:   batch 310/625 (49.6%)  loss=132.5031  avg_reward=2021.46  penalty_ratio=0.00%  eta=170.9s
2026-04-08 12:22:59 [INFO] src.pomo_trainer:   batch 320/625 (51.2%)  loss=-27.7833  avg_reward=2940.60  penalty_ratio=0.00%  eta=165.0s
2026-04-08 12:23:04 [INFO] src.pomo_trainer:   batch 330/625 (52.8%)  loss=90.5860  avg_reward=1505.68  penalty_ratio=0.00%  eta=159.6s
2026-04-08 12:23:12 [INFO] src.pomo_trainer:   batch 340/625 (54.4%)  loss=166.5347  avg_reward=2388.20  penalty_ratio=0.00%  eta=156.1s
2026-04-08 12:23:17 [INFO] src.pomo_trainer:   batch 350/625 (56.0%)  loss=90.5317  avg_reward=2460.79  penalty_ratio=0.00%  eta=150.1s
2026-04-08 12:23:23 [INFO] src.pomo_trainer:   batch 360/625 (57.6%)  loss=175.8131  avg_reward=2062.45  penalty_ratio=0.00%  eta=145.6s
2026-04-08 12:23:29 [INFO] src.pomo_trainer:   batch 370/625 (59.2%)  loss=106.2359  avg_reward=2361.24  penalty_ratio=0.00%  eta=140.4s
2026-04-08 12:23:35 [INFO] src.pomo_trainer:   batch 380/625 (60.8%)  loss=99.9917  avg_reward=1662.46  penalty_ratio=0.00%  eta=134.8s
2026-04-08 12:23:41 [INFO] src.pomo_trainer:   batch 390/625 (62.4%)  loss=12.0305  avg_reward=1474.47  penalty_ratio=0.00%  eta=130.1s
2026-04-08 12:23:46 [INFO] src.pomo_trainer:   batch 400/625 (64.0%)  loss=32.6844  avg_reward=3140.91  penalty_ratio=0.00%  eta=124.0s
2026-04-08 12:23:52 [INFO] src.pomo_trainer:   batch 410/625 (65.6%)  loss=42.2647  avg_reward=1620.25  penalty_ratio=0.00%  eta=118.5s
2026-04-08 12:23:58 [INFO] src.pomo_trainer:   batch 420/625 (67.2%)  loss=59.9918  avg_reward=1852.60  penalty_ratio=0.00%  eta=113.6s
2026-04-08 12:24:03 [INFO] src.pomo_trainer:   batch 430/625 (68.8%)  loss=-2.4702  avg_reward=4293.36  penalty_ratio=0.00%  eta=107.7s
2026-04-08 12:24:09 [INFO] src.pomo_trainer:   batch 440/625 (70.4%)  loss=123.3767  avg_reward=1243.89  penalty_ratio=0.00%  eta=102.2s
2026-04-08 12:24:14 [INFO] src.pomo_trainer:   batch 450/625 (72.0%)  loss=-0.0003  avg_reward=68.22  penalty_ratio=0.00%  eta=96.6s
2026-04-08 12:24:18 [INFO] src.pomo_trainer:   batch 460/625 (73.6%)  loss=-9.9734  avg_reward=3874.81  penalty_ratio=0.00%  eta=90.6s
2026-04-08 12:24:22 [INFO] src.pomo_trainer:   batch 470/625 (75.2%)  loss=102.9917  avg_reward=3141.35  penalty_ratio=0.00%  eta=84.5s
2026-04-08 12:24:27 [INFO] src.pomo_trainer:   batch 480/625 (76.8%)  loss=-33.1076  avg_reward=312.52  penalty_ratio=0.00%  eta=79.1s
2026-04-08 12:24:34 [INFO] src.pomo_trainer:   batch 490/625 (78.4%)  loss=42.6573  avg_reward=1993.63  penalty_ratio=0.00%  eta=74.0s
2026-04-08 12:24:38 [INFO] src.pomo_trainer:   batch 500/625 (80.0%)  loss=-16.2889  avg_reward=1531.40  penalty_ratio=0.00%  eta=68.1s
2026-04-08 12:24:42 [INFO] src.pomo_trainer:   batch 510/625 (81.6%)  loss=-6.6263  avg_reward=602.27  penalty_ratio=0.00%  eta=62.4s
2026-04-08 12:24:48 [INFO] src.pomo_trainer:   batch 520/625 (83.2%)  loss=25.7021  avg_reward=2098.01  penalty_ratio=0.00%  eta=57.0s
2026-04-08 12:24:54 [INFO] src.pomo_trainer:   batch 530/625 (84.8%)  loss=151.1205  avg_reward=1795.66  penalty_ratio=0.00%  eta=51.8s
2026-04-08 12:24:58 [INFO] src.pomo_trainer:   batch 540/625 (86.4%)  loss=-0.0000  avg_reward=117.58  penalty_ratio=0.00%  eta=46.0s
2026-04-08 12:25:06 [INFO] src.pomo_trainer:   batch 550/625 (88.0%)  loss=82.4866  avg_reward=2131.75  penalty_ratio=0.00%  eta=41.0s
2026-04-08 12:25:11 [INFO] src.pomo_trainer:   batch 560/625 (89.6%)  loss=0.0782  avg_reward=-265.98  penalty_ratio=0.00%  eta=35.4s
2026-04-08 12:25:15 [INFO] src.pomo_trainer:   batch 570/625 (91.2%)  loss=-36.9406  avg_reward=4659.66  penalty_ratio=0.00%  eta=29.9s
2026-04-08 12:25:21 [INFO] src.pomo_trainer:   batch 580/625 (92.8%)  loss=0.0158  avg_reward=26.25  penalty_ratio=0.00%  eta=24.5s
2026-04-08 12:25:28 [INFO] src.pomo_trainer:   batch 590/625 (94.4%)  loss=154.4265  avg_reward=3764.69  penalty_ratio=0.00%  eta=19.1s
2026-04-08 12:25:33 [INFO] src.pomo_trainer:   batch 600/625 (96.0%)  loss=-5.7856  avg_reward=-654.85  penalty_ratio=0.00%  eta=13.7s
2026-04-08 12:25:39 [INFO] src.pomo_trainer:   batch 610/625 (97.6%)  loss=9.7423  avg_reward=1364.65  penalty_ratio=0.00%  eta=8.2s
2026-04-08 12:25:44 [INFO] src.pomo_trainer:   batch 620/625 (99.2%)  loss=185.6631  avg_reward=2882.31  penalty_ratio=0.00%  eta=2.7s
2026-04-08 12:25:47 [INFO] __main__: Epoch 32  stage=main  loss=36.455386  reward=1867.54  var=235944.87  penalty=0.00%  mem_max=nan%
2026-04-08 12:25:47 [INFO] __main__: Training progress: 32/1000 (3.2%)  elapsed=10418.3s  eta=315154.3s
2026-04-08 12:25:47 [INFO] __main__: 
--- Epoch 33 / 1000 ---
2026-04-08 12:25:52 [INFO] src.pomo_trainer:   batch 10/625 (1.6%)  loss=-12.2255  avg_reward=814.96  penalty_ratio=0.00%  eta=280.0s
2026-04-08 12:25:58 [INFO] src.pomo_trainer:   batch 20/625 (3.2%)  loss=101.6521  avg_reward=1420.07  penalty_ratio=0.00%  eta=336.9s
2026-04-08 12:26:05 [INFO] src.pomo_trainer:   batch 30/625 (4.8%)  loss=-21.0869  avg_reward=2942.56  penalty_ratio=0.00%  eta=350.2s
2026-04-08 12:26:11 [INFO] src.pomo_trainer:   batch 40/625 (6.4%)  loss=121.5264  avg_reward=2574.51  penalty_ratio=0.00%  eta=349.7s
2026-04-08 12:26:17 [INFO] src.pomo_trainer:   batch 50/625 (8.0%)  loss=-19.7830  avg_reward=2373.24  penalty_ratio=0.00%  eta=337.3s
2026-04-08 12:26:24 [INFO] src.pomo_trainer:   batch 60/625 (9.6%)  loss=-2.8468  avg_reward=2085.28  penalty_ratio=0.00%  eta=346.0s
2026-04-08 12:26:30 [INFO] src.pomo_trainer:   batch 70/625 (11.2%)  loss=136.1243  avg_reward=2386.93  penalty_ratio=0.00%  eta=336.7s
2026-04-08 12:26:36 [INFO] src.pomo_trainer:   batch 80/625 (12.8%)  loss=-2.0936  avg_reward=2289.71  penalty_ratio=0.00%  eta=330.2s
2026-04-08 12:26:42 [INFO] src.pomo_trainer:   batch 90/625 (14.4%)  loss=170.7316  avg_reward=1741.24  penalty_ratio=0.00%  eta=327.8s
2026-04-08 12:26:48 [INFO] src.pomo_trainer:   batch 100/625 (16.0%)  loss=133.0232  avg_reward=2093.01  penalty_ratio=0.00%  eta=321.0s
2026-04-08 12:26:53 [INFO] src.pomo_trainer:   batch 110/625 (17.6%)  loss=6.9598  avg_reward=2552.45  penalty_ratio=0.00%  eta=310.3s
2026-04-08 12:26:59 [INFO] src.pomo_trainer:   batch 120/625 (19.2%)  loss=2.2845  avg_reward=26.95  penalty_ratio=0.00%  eta=300.4s
2026-04-08 12:27:02 [INFO] src.pomo_trainer:   batch 130/625 (20.8%)  loss=53.5318  avg_reward=1803.05  penalty_ratio=0.00%  eta=286.1s
2026-04-08 12:27:08 [INFO] src.pomo_trainer:   batch 140/625 (22.4%)  loss=-12.7691  avg_reward=44.25  penalty_ratio=0.00%  eta=279.4s
2026-04-08 12:27:14 [INFO] src.pomo_trainer:   batch 150/625 (24.0%)  loss=85.1586  avg_reward=2588.91  penalty_ratio=0.00%  eta=273.6s
2026-04-08 12:27:18 [INFO] src.pomo_trainer:   batch 160/625 (25.6%)  loss=-4.5960  avg_reward=1667.30  penalty_ratio=0.00%  eta=264.8s
2026-04-08 12:27:22 [INFO] src.pomo_trainer:   batch 170/625 (27.2%)  loss=-0.1415  avg_reward=-407.36  penalty_ratio=0.00%  eta=255.1s
2026-04-08 12:27:27 [INFO] src.pomo_trainer:   batch 180/625 (28.8%)  loss=-0.0000  avg_reward=-1183.65  penalty_ratio=0.00%  eta=247.5s
2026-04-08 12:27:32 [INFO] src.pomo_trainer:   batch 190/625 (30.4%)  loss=7.0289  avg_reward=1703.53  penalty_ratio=0.00%  eta=239.2s
2026-04-08 12:27:36 [INFO] src.pomo_trainer:   batch 200/625 (32.0%)  loss=83.7775  avg_reward=2042.09  penalty_ratio=0.00%  eta=230.8s
2026-04-08 12:27:42 [INFO] src.pomo_trainer:   batch 210/625 (33.6%)  loss=-9.7201  avg_reward=2270.40  penalty_ratio=0.00%  eta=226.6s
2026-04-08 12:27:46 [INFO] src.pomo_trainer:   batch 220/625 (35.2%)  loss=-0.0000  avg_reward=-1292.38  penalty_ratio=0.00%  eta=219.0s
2026-04-08 12:27:52 [INFO] src.pomo_trainer:   batch 230/625 (36.8%)  loss=-0.0000  avg_reward=-211.67  penalty_ratio=0.00%  eta=213.6s
2026-04-08 12:27:58 [INFO] src.pomo_trainer:   batch 240/625 (38.4%)  loss=-18.3234  avg_reward=1509.75  penalty_ratio=0.00%  eta=209.9s
2026-04-08 12:28:03 [INFO] src.pomo_trainer:   batch 250/625 (40.0%)  loss=-7.6643  avg_reward=2347.06  penalty_ratio=0.00%  eta=203.7s
2026-04-08 12:28:09 [INFO] src.pomo_trainer:   batch 260/625 (41.6%)  loss=30.6852  avg_reward=1640.87  penalty_ratio=0.00%  eta=199.3s
2026-04-08 12:28:15 [INFO] src.pomo_trainer:   batch 270/625 (43.2%)  loss=-9.4985  avg_reward=732.08  penalty_ratio=0.00%  eta=193.7s
2026-04-08 12:28:22 [INFO] src.pomo_trainer:   batch 280/625 (44.8%)  loss=84.7323  avg_reward=1475.62  penalty_ratio=0.00%  eta=190.6s
2026-04-08 12:28:27 [INFO] src.pomo_trainer:   batch 290/625 (46.4%)  loss=-24.8269  avg_reward=1139.85  penalty_ratio=0.00%  eta=185.1s
2026-04-08 12:28:34 [INFO] src.pomo_trainer:   batch 300/625 (48.0%)  loss=-40.1033  avg_reward=117.81  penalty_ratio=0.00%  eta=180.2s
2026-04-08 12:28:40 [INFO] src.pomo_trainer:   batch 310/625 (49.6%)  loss=-17.1638  avg_reward=3781.95  penalty_ratio=0.00%  eta=175.4s
2026-04-08 12:28:45 [INFO] src.pomo_trainer:   batch 320/625 (51.2%)  loss=-3.0340  avg_reward=811.35  penalty_ratio=0.00%  eta=169.5s
2026-04-08 12:28:48 [INFO] src.pomo_trainer:   batch 330/625 (52.8%)  loss=114.3243  avg_reward=2341.98  penalty_ratio=0.00%  eta=161.5s
2026-04-08 12:28:53 [INFO] src.pomo_trainer:   batch 340/625 (54.4%)  loss=77.7530  avg_reward=1838.44  penalty_ratio=0.00%  eta=155.5s
2026-04-08 12:28:57 [INFO] src.pomo_trainer:   batch 350/625 (56.0%)  loss=-13.4291  avg_reward=2385.78  penalty_ratio=0.00%  eta=149.0s
2026-04-08 12:29:04 [INFO] src.pomo_trainer:   batch 360/625 (57.6%)  loss=143.0035  avg_reward=4091.20  penalty_ratio=0.00%  eta=144.8s
2026-04-08 12:29:09 [INFO] src.pomo_trainer:   batch 370/625 (59.2%)  loss=0.0369  avg_reward=47.91  penalty_ratio=0.00%  eta=139.0s
2026-04-08 12:29:14 [INFO] src.pomo_trainer:   batch 380/625 (60.8%)  loss=-18.6665  avg_reward=1491.47  penalty_ratio=0.00%  eta=133.7s
2026-04-08 12:29:21 [INFO] src.pomo_trainer:   batch 390/625 (62.4%)  loss=-23.6948  avg_reward=2801.04  penalty_ratio=0.00%  eta=128.8s
2026-04-08 12:29:26 [INFO] src.pomo_trainer:   batch 400/625 (64.0%)  loss=-0.0000  avg_reward=-502.04  penalty_ratio=0.00%  eta=123.0s
2026-04-08 12:29:32 [INFO] src.pomo_trainer:   batch 410/625 (65.6%)  loss=-10.6692  avg_reward=2481.07  penalty_ratio=0.00%  eta=117.7s
2026-04-08 12:29:34 [INFO] src.pomo_trainer:   batch 420/625 (67.2%)  loss=-0.2597  avg_reward=232.07  penalty_ratio=0.00%  eta=110.7s
2026-04-08 12:29:39 [INFO] src.pomo_trainer:   batch 430/625 (68.8%)  loss=-16.9233  avg_reward=2079.68  penalty_ratio=0.00%  eta=105.0s
2026-04-08 12:29:43 [INFO] src.pomo_trainer:   batch 440/625 (70.4%)  loss=0.4664  avg_reward=5.31  penalty_ratio=0.00%  eta=99.1s
2026-04-08 12:29:49 [INFO] src.pomo_trainer:   batch 450/625 (72.0%)  loss=76.0914  avg_reward=1871.58  penalty_ratio=0.00%  eta=94.0s
2026-04-08 12:29:55 [INFO] src.pomo_trainer:   batch 460/625 (73.6%)  loss=-10.3649  avg_reward=1705.12  penalty_ratio=0.00%  eta=88.7s
2026-04-08 12:30:00 [INFO] src.pomo_trainer:   batch 470/625 (75.2%)  loss=-15.7051  avg_reward=4140.79  penalty_ratio=0.00%  eta=83.3s
2026-04-08 12:30:05 [INFO] src.pomo_trainer:   batch 480/625 (76.8%)  loss=-11.3797  avg_reward=1285.76  penalty_ratio=0.00%  eta=78.0s
2026-04-08 12:30:13 [INFO] src.pomo_trainer:   batch 490/625 (78.4%)  loss=53.9868  avg_reward=3112.36  penalty_ratio=0.00%  eta=73.3s
2026-04-08 12:30:19 [INFO] src.pomo_trainer:   batch 500/625 (80.0%)  loss=125.0772  avg_reward=2116.79  penalty_ratio=0.00%  eta=67.8s
2026-04-08 12:30:24 [INFO] src.pomo_trainer:   batch 510/625 (81.6%)  loss=-10.8190  avg_reward=4531.10  penalty_ratio=0.00%  eta=62.3s
2026-04-08 12:30:29 [INFO] src.pomo_trainer:   batch 520/625 (83.2%)  loss=-0.0101  avg_reward=-370.20  penalty_ratio=0.00%  eta=56.9s
2026-04-08 12:30:36 [INFO] src.pomo_trainer:   batch 530/625 (84.8%)  loss=-16.5350  avg_reward=4845.44  penalty_ratio=0.00%  eta=51.8s
2026-04-08 12:30:43 [INFO] src.pomo_trainer:   batch 540/625 (86.4%)  loss=67.2492  avg_reward=1519.49  penalty_ratio=0.00%  eta=46.6s
2026-04-08 12:30:50 [INFO] src.pomo_trainer:   batch 550/625 (88.0%)  loss=95.8633  avg_reward=1786.44  penalty_ratio=0.00%  eta=41.2s
2026-04-08 12:30:53 [INFO] src.pomo_trainer:   batch 560/625 (89.6%)  loss=116.1611  avg_reward=2395.76  penalty_ratio=0.00%  eta=35.5s
2026-04-08 12:30:58 [INFO] src.pomo_trainer:   batch 570/625 (91.2%)  loss=20.4855  avg_reward=3841.45  penalty_ratio=0.00%  eta=30.0s
2026-04-08 12:31:05 [INFO] src.pomo_trainer:   batch 580/625 (92.8%)  loss=-2.6306  avg_reward=538.26  penalty_ratio=0.00%  eta=24.7s
2026-04-08 12:31:12 [INFO] src.pomo_trainer:   batch 590/625 (94.4%)  loss=17.2013  avg_reward=2599.31  penalty_ratio=0.00%  eta=19.3s
2026-04-08 12:31:16 [INFO] src.pomo_trainer:   batch 600/625 (96.0%)  loss=-0.0866  avg_reward=-385.50  penalty_ratio=0.00%  eta=13.7s
2026-04-08 12:31:21 [INFO] src.pomo_trainer:   batch 610/625 (97.6%)  loss=37.5968  avg_reward=1889.96  penalty_ratio=0.00%  eta=8.2s
2026-04-08 12:31:26 [INFO] src.pomo_trainer:   batch 620/625 (99.2%)  loss=-11.5588  avg_reward=183.11  penalty_ratio=0.00%  eta=2.7s
2026-04-08 12:31:29 [INFO] __main__: Epoch 33  stage=main  loss=33.783436  reward=1891.79  var=222918.56  penalty=0.00%  mem_max=nan%
2026-04-08 12:31:29 [INFO] __main__: Training progress: 33/1000 (3.3%)  elapsed=10760.0s  eta=315301.2s
2026-04-08 12:31:29 [INFO] __main__: 
--- Epoch 34 / 1000 ---
2026-04-08 12:31:35 [INFO] src.pomo_trainer:   batch 10/625 (1.6%)  loss=56.1176  avg_reward=2664.45  penalty_ratio=0.00%  eta=361.5s
2026-04-08 12:31:42 [INFO] src.pomo_trainer:   batch 20/625 (3.2%)  loss=7.3741  avg_reward=1264.44  penalty_ratio=0.00%  eta=389.6s
2026-04-08 12:31:47 [INFO] src.pomo_trainer:   batch 30/625 (4.8%)  loss=80.5623  avg_reward=2221.46  penalty_ratio=0.00%  eta=352.3s
2026-04-08 12:31:52 [INFO] src.pomo_trainer:   batch 40/625 (6.4%)  loss=-3.8810  avg_reward=1520.15  penalty_ratio=0.00%  eta=332.7s
2026-04-08 12:31:57 [INFO] src.pomo_trainer:   batch 50/625 (8.0%)  loss=131.2563  avg_reward=1450.93  penalty_ratio=0.00%  eta=323.1s
2026-04-08 12:32:04 [INFO] src.pomo_trainer:   batch 60/625 (9.6%)  loss=13.5695  avg_reward=1594.86  penalty_ratio=0.00%  eta=332.5s
2026-04-08 12:32:09 [INFO] src.pomo_trainer:   batch 70/625 (11.2%)  loss=-2.1754  avg_reward=1182.54  penalty_ratio=0.00%  eta=318.5s
2026-04-08 12:32:15 [INFO] src.pomo_trainer:   batch 80/625 (12.8%)  loss=-27.5614  avg_reward=2605.50  penalty_ratio=0.00%  eta=310.8s
2026-04-08 12:32:19 [INFO] src.pomo_trainer:   batch 90/625 (14.4%)  loss=-0.0000  avg_reward=-1311.08  penalty_ratio=0.00%  eta=299.7s
2026-04-08 12:32:26 [INFO] src.pomo_trainer:   batch 100/625 (16.0%)  loss=-5.6649  avg_reward=2449.11  penalty_ratio=0.00%  eta=301.8s
2026-04-08 12:32:31 [INFO] src.pomo_trainer:   batch 110/625 (17.6%)  loss=-14.6513  avg_reward=624.64  penalty_ratio=0.00%  eta=292.0s
2026-04-08 12:32:37 [INFO] src.pomo_trainer:   batch 120/625 (19.2%)  loss=-11.5979  avg_reward=2645.63  penalty_ratio=0.00%  eta=286.3s
2026-04-08 12:32:41 [INFO] src.pomo_trainer:   batch 130/625 (20.8%)  loss=-1.3103  avg_reward=26.74  penalty_ratio=0.00%  eta=275.4s
2026-04-08 12:32:45 [INFO] src.pomo_trainer:   batch 140/625 (22.4%)  loss=-14.6836  avg_reward=2508.20  penalty_ratio=0.00%  eta=262.3s
2026-04-08 12:32:50 [INFO] src.pomo_trainer:   batch 150/625 (24.0%)  loss=-0.0000  avg_reward=-1046.15  penalty_ratio=0.00%  eta=255.3s
2026-04-08 12:32:55 [INFO] src.pomo_trainer:   batch 160/625 (25.6%)  loss=-1.3110  avg_reward=826.32  penalty_ratio=0.00%  eta=249.5s
2026-04-08 12:33:02 [INFO] src.pomo_trainer:   batch 170/625 (27.2%)  loss=71.8286  avg_reward=2853.42  penalty_ratio=0.00%  eta=248.7s
2026-04-08 12:33:07 [INFO] src.pomo_trainer:   batch 180/625 (28.8%)  loss=103.5827  avg_reward=3624.50  penalty_ratio=0.00%  eta=243.0s
2026-04-08 12:33:13 [INFO] src.pomo_trainer:   batch 190/625 (30.4%)  loss=15.2528  avg_reward=1907.80  penalty_ratio=0.00%  eta=237.2s
2026-04-08 12:33:19 [INFO] src.pomo_trainer:   batch 200/625 (32.0%)  loss=95.2643  avg_reward=1574.00  penalty_ratio=0.00%  eta=234.4s
2026-04-08 12:33:28 [INFO] src.pomo_trainer:   batch 210/625 (33.6%)  loss=105.3947  avg_reward=1601.30  penalty_ratio=0.00%  eta=234.6s
2026-04-08 12:33:34 [INFO] src.pomo_trainer:   batch 220/625 (35.2%)  loss=39.8160  avg_reward=1760.40  penalty_ratio=0.00%  eta=230.0s
2026-04-08 12:33:39 [INFO] src.pomo_trainer:   batch 230/625 (36.8%)  loss=-24.6856  avg_reward=1196.03  penalty_ratio=0.00%  eta=222.6s
2026-04-08 12:33:44 [INFO] src.pomo_trainer:   batch 240/625 (38.4%)  loss=42.7637  avg_reward=1473.46  penalty_ratio=0.00%  eta=217.1s
2026-04-08 12:33:51 [INFO] src.pomo_trainer:   batch 250/625 (40.0%)  loss=152.5258  avg_reward=3804.88  penalty_ratio=0.00%  eta=212.4s
2026-04-08 12:33:57 [INFO] src.pomo_trainer:   batch 260/625 (41.6%)  loss=59.1195  avg_reward=3235.72  penalty_ratio=0.00%  eta=208.1s
2026-04-08 12:34:02 [INFO] src.pomo_trainer:   batch 270/625 (43.2%)  loss=-1.9043  avg_reward=3090.73  penalty_ratio=0.00%  eta=201.5s
2026-04-08 12:34:09 [INFO] src.pomo_trainer:   batch 280/625 (44.8%)  loss=14.5926  avg_reward=2231.83  penalty_ratio=0.00%  eta=196.9s
2026-04-08 12:34:15 [INFO] src.pomo_trainer:   batch 290/625 (46.4%)  loss=77.2074  avg_reward=1656.47  penalty_ratio=0.00%  eta=192.1s
2026-04-08 12:34:20 [INFO] src.pomo_trainer:   batch 300/625 (48.0%)  loss=13.9520  avg_reward=980.38  penalty_ratio=0.00%  eta=185.9s
2026-04-08 12:34:25 [INFO] src.pomo_trainer:   batch 310/625 (49.6%)  loss=-0.0918  avg_reward=24.60  penalty_ratio=0.00%  eta=179.3s
2026-04-08 12:34:30 [INFO] src.pomo_trainer:   batch 320/625 (51.2%)  loss=5.5073  avg_reward=1552.08  penalty_ratio=0.00%  eta=173.0s
2026-04-08 12:34:35 [INFO] src.pomo_trainer:   batch 330/625 (52.8%)  loss=19.7162  avg_reward=2136.23  penalty_ratio=0.00%  eta=166.3s
2026-04-08 12:34:40 [INFO] src.pomo_trainer:   batch 340/625 (54.4%)  loss=-6.3385  avg_reward=587.75  penalty_ratio=0.00%  eta=159.8s
2026-04-08 12:34:44 [INFO] src.pomo_trainer:   batch 350/625 (56.0%)  loss=7.7356  avg_reward=233.85  penalty_ratio=0.00%  eta=153.5s
2026-04-08 12:34:49 [INFO] src.pomo_trainer:   batch 360/625 (57.6%)  loss=-0.6606  avg_reward=1016.49  penalty_ratio=0.00%  eta=147.2s
2026-04-08 12:34:55 [INFO] src.pomo_trainer:   batch 370/625 (59.2%)  loss=81.2554  avg_reward=2366.52  penalty_ratio=0.00%  eta=142.3s
2026-04-08 12:35:00 [INFO] src.pomo_trainer:   batch 380/625 (60.8%)  loss=71.6128  avg_reward=1834.14  penalty_ratio=0.00%  eta=136.0s
2026-04-08 12:35:06 [INFO] src.pomo_trainer:   batch 390/625 (62.4%)  loss=103.8934  avg_reward=3520.32  penalty_ratio=0.00%  eta=130.7s
2026-04-08 12:35:13 [INFO] src.pomo_trainer:   batch 400/625 (64.0%)  loss=88.7902  avg_reward=1965.52  penalty_ratio=0.00%  eta=125.8s
2026-04-08 12:35:18 [INFO] src.pomo_trainer:   batch 410/625 (65.6%)  loss=19.5633  avg_reward=-256.22  penalty_ratio=0.00%  eta=120.1s
2026-04-08 12:35:25 [INFO] src.pomo_trainer:   batch 420/625 (67.2%)  loss=175.1662  avg_reward=2834.62  penalty_ratio=0.00%  eta=115.1s
2026-04-08 12:35:31 [INFO] src.pomo_trainer:   batch 430/625 (68.8%)  loss=27.8283  avg_reward=4072.18  penalty_ratio=0.00%  eta=109.9s
2026-04-08 12:35:38 [INFO] src.pomo_trainer:   batch 440/625 (70.4%)  loss=192.0567  avg_reward=1856.04  penalty_ratio=0.00%  eta=104.8s
2026-04-08 12:35:45 [INFO] src.pomo_trainer:   batch 450/625 (72.0%)  loss=104.3881  avg_reward=1707.46  penalty_ratio=0.00%  eta=99.5s
2026-04-08 12:35:51 [INFO] src.pomo_trainer:   batch 460/625 (73.6%)  loss=-11.9776  avg_reward=2655.88  penalty_ratio=0.00%  eta=94.0s
2026-04-08 12:35:56 [INFO] src.pomo_trainer:   batch 470/625 (75.2%)  loss=15.9617  avg_reward=553.08  penalty_ratio=0.00%  eta=87.9s
2026-04-08 12:36:00 [INFO] src.pomo_trainer:   batch 480/625 (76.8%)  loss=215.0824  avg_reward=2050.10  penalty_ratio=0.00%  eta=82.0s
2026-04-08 12:36:07 [INFO] src.pomo_trainer:   batch 490/625 (78.4%)  loss=364.9108  avg_reward=3230.02  penalty_ratio=0.00%  eta=76.7s
2026-04-08 12:36:12 [INFO] src.pomo_trainer:   batch 500/625 (80.0%)  loss=9.2349  avg_reward=502.40  penalty_ratio=0.00%  eta=70.9s
2026-04-08 12:36:19 [INFO] src.pomo_trainer:   batch 510/625 (81.6%)  loss=-3.9036  avg_reward=-1009.33  penalty_ratio=0.00%  eta=65.4s
2026-04-08 12:36:25 [INFO] src.pomo_trainer:   batch 520/625 (83.2%)  loss=206.9880  avg_reward=2334.72  penalty_ratio=0.00%  eta=59.7s
2026-04-08 12:36:31 [INFO] src.pomo_trainer:   batch 530/625 (84.8%)  loss=144.1020  avg_reward=2343.04  penalty_ratio=0.00%  eta=54.2s
2026-04-08 12:36:37 [INFO] src.pomo_trainer:   batch 540/625 (86.4%)  loss=213.1313  avg_reward=3401.16  penalty_ratio=0.00%  eta=48.5s
2026-04-08 12:36:42 [INFO] src.pomo_trainer:   batch 550/625 (88.0%)  loss=-0.0692  avg_reward=-552.61  penalty_ratio=0.00%  eta=42.8s
2026-04-08 12:36:46 [INFO] src.pomo_trainer:   batch 560/625 (89.6%)  loss=0.5821  avg_reward=2431.70  penalty_ratio=0.00%  eta=36.8s
2026-04-08 12:36:52 [INFO] src.pomo_trainer:   batch 570/625 (91.2%)  loss=37.8522  avg_reward=2728.90  penalty_ratio=0.00%  eta=31.2s
2026-04-08 12:36:58 [INFO] src.pomo_trainer:   batch 580/625 (92.8%)  loss=73.0084  avg_reward=3571.90  penalty_ratio=0.00%  eta=25.5s
2026-04-08 12:37:04 [INFO] src.pomo_trainer:   batch 590/625 (94.4%)  loss=1.5365  avg_reward=368.80  penalty_ratio=0.00%  eta=19.9s
2026-04-08 12:37:11 [INFO] src.pomo_trainer:   batch 600/625 (96.0%)  loss=90.5877  avg_reward=2891.53  penalty_ratio=0.00%  eta=14.3s
2026-04-08 12:37:17 [INFO] src.pomo_trainer:   batch 610/625 (97.6%)  loss=-7.4679  avg_reward=929.18  penalty_ratio=0.00%  eta=8.6s
2026-04-08 12:37:24 [INFO] src.pomo_trainer:   batch 620/625 (99.2%)  loss=32.0001  avg_reward=1725.79  penalty_ratio=0.00%  eta=2.9s
2026-04-08 12:37:25 [INFO] __main__: Epoch 34  stage=main  loss=41.046247  reward=1925.86  var=235962.43  penalty=0.00%  mem_max=nan%
2026-04-08 12:37:25 [INFO] __main__: Training progress: 34/1000 (3.4%)  elapsed=11116.5s  eta=315840.6s
2026-04-08 12:37:25 [INFO] __main__: 
--- Epoch 35 / 1000 ---
2026-04-08 12:37:29 [INFO] src.pomo_trainer:   batch 10/625 (1.6%)  loss=64.9516  avg_reward=2283.62  penalty_ratio=0.00%  eta=228.7s
2026-04-08 12:37:34 [INFO] src.pomo_trainer:   batch 20/625 (3.2%)  loss=-43.7905  avg_reward=3791.77  penalty_ratio=0.00%  eta=270.4s
2026-04-08 12:37:41 [INFO] src.pomo_trainer:   batch 30/625 (4.8%)  loss=7.1268  avg_reward=612.61  penalty_ratio=0.00%  eta=299.4s
2026-04-08 12:37:47 [INFO] src.pomo_trainer:   batch 40/625 (6.4%)  loss=4.7135  avg_reward=1861.78  penalty_ratio=0.00%  eta=311.0s
2026-04-08 12:37:52 [INFO] src.pomo_trainer:   batch 50/625 (8.0%)  loss=38.7703  avg_reward=1821.86  penalty_ratio=0.00%  eta=308.2s
2026-04-08 12:37:56 [INFO] src.pomo_trainer:   batch 60/625 (9.6%)  loss=-1.0747  avg_reward=610.70  penalty_ratio=0.00%  eta=289.8s
2026-04-08 12:38:01 [INFO] src.pomo_trainer:   batch 70/625 (11.2%)  loss=71.6194  avg_reward=2277.33  penalty_ratio=0.00%  eta=279.2s
2026-04-08 12:38:06 [INFO] src.pomo_trainer:   batch 80/625 (12.8%)  loss=-18.4163  avg_reward=2273.28  penalty_ratio=0.00%  eta=276.0s
2026-04-08 12:38:09 [INFO] src.pomo_trainer:   batch 90/625 (14.4%)  loss=-23.9919  avg_reward=1152.47  penalty_ratio=0.00%  eta=259.5s
2026-04-08 12:38:15 [INFO] src.pomo_trainer:   batch 100/625 (16.0%)  loss=-2.9398  avg_reward=981.61  penalty_ratio=0.00%  eta=258.1s
2026-04-08 12:38:19 [INFO] src.pomo_trainer:   batch 110/625 (17.6%)  loss=62.2883  avg_reward=1714.31  penalty_ratio=0.00%  eta=251.7s
2026-04-08 12:38:25 [INFO] src.pomo_trainer:   batch 120/625 (19.2%)  loss=59.6098  avg_reward=1661.54  penalty_ratio=0.00%  eta=252.4s
2026-04-08 12:38:32 [INFO] src.pomo_trainer:   batch 130/625 (20.8%)  loss=128.2542  avg_reward=2560.19  penalty_ratio=0.00%  eta=252.3s
2026-04-08 12:38:36 [INFO] src.pomo_trainer:   batch 140/625 (22.4%)  loss=-1.4414  avg_reward=766.20  penalty_ratio=0.00%  eta=245.6s
2026-04-08 12:38:41 [INFO] src.pomo_trainer:   batch 150/625 (24.0%)  loss=21.8725  avg_reward=5027.17  penalty_ratio=0.00%  eta=237.9s
2026-04-08 12:38:46 [INFO] src.pomo_trainer:   batch 160/625 (25.6%)  loss=165.0234  avg_reward=2021.77  penalty_ratio=0.00%  eta=232.8s
2026-04-08 12:38:50 [INFO] src.pomo_trainer:   batch 170/625 (27.2%)  loss=35.7491  avg_reward=2347.13  penalty_ratio=0.00%  eta=227.2s
2026-04-08 12:38:56 [INFO] src.pomo_trainer:   batch 180/625 (28.8%)  loss=2.0514  avg_reward=2103.66  penalty_ratio=0.00%  eta=224.0s
2026-04-08 12:39:00 [INFO] src.pomo_trainer:   batch 190/625 (30.4%)  loss=-14.5329  avg_reward=316.15  penalty_ratio=0.00%  eta=217.6s
2026-04-08 12:39:05 [INFO] src.pomo_trainer:   batch 200/625 (32.0%)  loss=-9.5891  avg_reward=258.12  penalty_ratio=0.00%  eta=212.2s
2026-04-08 12:39:10 [INFO] src.pomo_trainer:   batch 210/625 (33.6%)  loss=-0.4127  avg_reward=-718.27  penalty_ratio=0.00%  eta=206.4s
2026-04-08 12:39:14 [INFO] src.pomo_trainer:   batch 220/625 (35.2%)  loss=93.6313  avg_reward=1697.62  penalty_ratio=0.00%  eta=200.0s
2026-04-08 12:39:20 [INFO] src.pomo_trainer:   batch 230/625 (36.8%)  loss=-30.9858  avg_reward=2165.61  penalty_ratio=0.00%  eta=196.6s
2026-04-08 12:39:26 [INFO] src.pomo_trainer:   batch 240/625 (38.4%)  loss=1.2262  avg_reward=4456.46  penalty_ratio=0.00%  eta=192.7s
2026-04-08 12:39:32 [INFO] src.pomo_trainer:   batch 250/625 (40.0%)  loss=-16.9152  avg_reward=724.97  penalty_ratio=0.00%  eta=189.3s
2026-04-08 12:39:38 [INFO] src.pomo_trainer:   batch 260/625 (41.6%)  loss=60.7060  avg_reward=3859.32  penalty_ratio=0.00%  eta=186.7s
2026-04-08 12:39:46 [INFO] src.pomo_trainer:   batch 270/625 (43.2%)  loss=85.1432  avg_reward=2262.30  penalty_ratio=0.00%  eta=184.5s
2026-04-08 12:39:51 [INFO] src.pomo_trainer:   batch 280/625 (44.8%)  loss=11.8667  avg_reward=2570.82  penalty_ratio=0.00%  eta=178.9s
2026-04-08 12:39:57 [INFO] src.pomo_trainer:   batch 290/625 (46.4%)  loss=45.0490  avg_reward=1905.20  penalty_ratio=0.00%  eta=175.3s
2026-04-08 12:40:01 [INFO] src.pomo_trainer:   batch 300/625 (48.0%)  loss=0.3627  avg_reward=-542.85  penalty_ratio=0.00%  eta=168.9s
2026-04-08 12:40:07 [INFO] src.pomo_trainer:   batch 310/625 (49.6%)  loss=9.7346  avg_reward=1745.79  penalty_ratio=0.00%  eta=163.8s
2026-04-08 12:40:12 [INFO] src.pomo_trainer:   batch 320/625 (51.2%)  loss=23.5229  avg_reward=474.62  penalty_ratio=0.00%  eta=158.6s
2026-04-08 12:40:18 [INFO] src.pomo_trainer:   batch 330/625 (52.8%)  loss=-16.6773  avg_reward=3256.17  penalty_ratio=0.00%  eta=154.7s
2026-04-08 12:40:23 [INFO] src.pomo_trainer:   batch 340/625 (54.4%)  loss=13.0459  avg_reward=1266.51  penalty_ratio=0.00%  eta=149.2s
2026-04-08 12:40:30 [INFO] src.pomo_trainer:   batch 350/625 (56.0%)  loss=110.2613  avg_reward=2433.20  penalty_ratio=0.00%  eta=145.3s
2026-04-08 12:40:36 [INFO] src.pomo_trainer:   batch 360/625 (57.6%)  loss=1.2266  avg_reward=1303.14  penalty_ratio=0.00%  eta=140.0s
2026-04-08 12:40:41 [INFO] src.pomo_trainer:   batch 370/625 (59.2%)  loss=-29.5220  avg_reward=2595.93  penalty_ratio=0.00%  eta=134.8s
2026-04-08 12:40:48 [INFO] src.pomo_trainer:   batch 380/625 (60.8%)  loss=112.4653  avg_reward=2420.58  penalty_ratio=0.00%  eta=130.7s
2026-04-08 12:40:52 [INFO] src.pomo_trainer:   batch 390/625 (62.4%)  loss=-13.7805  avg_reward=2437.29  penalty_ratio=0.00%  eta=124.4s
2026-04-08 12:40:58 [INFO] src.pomo_trainer:   batch 400/625 (64.0%)  loss=75.0565  avg_reward=2451.70  penalty_ratio=0.00%  eta=119.3s
2026-04-08 12:41:04 [INFO] src.pomo_trainer:   batch 410/625 (65.6%)  loss=85.0785  avg_reward=2875.95  penalty_ratio=0.00%  eta=114.7s
2026-04-08 12:41:09 [INFO] src.pomo_trainer:   batch 420/625 (67.2%)  loss=11.7671  avg_reward=1333.23  penalty_ratio=0.00%  eta=109.2s
2026-04-08 12:41:14 [INFO] src.pomo_trainer:   batch 430/625 (68.8%)  loss=75.8411  avg_reward=2378.46  penalty_ratio=0.00%  eta=103.7s
2026-04-08 12:41:20 [INFO] src.pomo_trainer:   batch 440/625 (70.4%)  loss=-36.2077  avg_reward=243.42  penalty_ratio=0.00%  eta=98.5s
2026-04-08 12:41:25 [INFO] src.pomo_trainer:   batch 450/625 (72.0%)  loss=-4.1819  avg_reward=3693.64  penalty_ratio=0.00%  eta=93.2s
2026-04-08 12:41:29 [INFO] src.pomo_trainer:   batch 460/625 (73.6%)  loss=-4.2282  avg_reward=-35.78  penalty_ratio=0.00%  eta=87.5s
2026-04-08 12:41:36 [INFO] src.pomo_trainer:   batch 470/625 (75.2%)  loss=50.3639  avg_reward=3043.35  penalty_ratio=0.00%  eta=82.6s
2026-04-08 12:41:41 [INFO] src.pomo_trainer:   batch 480/625 (76.8%)  loss=-9.7311  avg_reward=3429.05  penalty_ratio=0.00%  eta=77.1s
2026-04-08 12:41:46 [INFO] src.pomo_trainer:   batch 490/625 (78.4%)  loss=53.6533  avg_reward=1430.68  penalty_ratio=0.00%  eta=71.8s
2026-04-08 12:41:51 [INFO] src.pomo_trainer:   batch 500/625 (80.0%)  loss=-12.2272  avg_reward=1310.03  penalty_ratio=0.00%  eta=66.4s
2026-04-08 12:41:56 [INFO] src.pomo_trainer:   batch 510/625 (81.6%)  loss=1.1659  avg_reward=2629.48  penalty_ratio=0.00%  eta=61.0s
2026-04-08 12:42:00 [INFO] src.pomo_trainer:   batch 520/625 (83.2%)  loss=8.3183  avg_reward=18.73  penalty_ratio=0.00%  eta=55.4s
2026-04-08 12:42:06 [INFO] src.pomo_trainer:   batch 530/625 (84.8%)  loss=-0.0000  avg_reward=-558.78  penalty_ratio=0.00%  eta=50.2s
2026-04-08 12:42:11 [INFO] src.pomo_trainer:   batch 540/625 (86.4%)  loss=9.0431  avg_reward=1363.94  penalty_ratio=0.00%  eta=44.9s
2026-04-08 12:42:15 [INFO] src.pomo_trainer:   batch 550/625 (88.0%)  loss=-20.7625  avg_reward=2526.42  penalty_ratio=0.00%  eta=39.6s
2026-04-08 12:42:23 [INFO] src.pomo_trainer:   batch 560/625 (89.6%)  loss=24.9575  avg_reward=3235.36  penalty_ratio=0.00%  eta=34.5s
2026-04-08 12:42:29 [INFO] src.pomo_trainer:   batch 570/625 (91.2%)  loss=7.7217  avg_reward=3729.09  penalty_ratio=0.00%  eta=29.3s
2026-04-08 12:42:36 [INFO] src.pomo_trainer:   batch 580/625 (92.8%)  loss=31.2259  avg_reward=2232.87  penalty_ratio=0.00%  eta=24.1s
2026-04-08 12:42:41 [INFO] src.pomo_trainer:   batch 590/625 (94.4%)  loss=0.0137  avg_reward=-264.62  penalty_ratio=0.00%  eta=18.7s
2026-04-08 12:42:46 [INFO] src.pomo_trainer:   batch 600/625 (96.0%)  loss=23.6207  avg_reward=-509.66  penalty_ratio=0.00%  eta=13.4s
2026-04-08 12:42:52 [INFO] src.pomo_trainer:   batch 610/625 (97.6%)  loss=2.2333  avg_reward=-27.06  penalty_ratio=0.00%  eta=8.0s
2026-04-08 12:42:56 [INFO] src.pomo_trainer:   batch 620/625 (99.2%)  loss=-1.5114  avg_reward=69.79  penalty_ratio=0.00%  eta=2.7s
2026-04-08 12:42:59 [INFO] __main__: Epoch 35  stage=main  loss=24.407576  reward=1867.41  var=214571.04  penalty=0.00%  mem_max=nan%
2026-04-08 12:42:59 [INFO] __main__: Training progress: 35/1000 (3.5%)  elapsed=11449.8s  eta=315687.2s
2026-04-08 12:43:13 [INFO] __main__: Validation reward (all stages): 1300.6400
2026-04-08 12:43:13 [INFO] __main__: 
--- Epoch 36 / 1000 ---
2026-04-08 12:43:18 [INFO] src.pomo_trainer:   batch 10/625 (1.6%)  loss=18.2694  avg_reward=4810.06  penalty_ratio=0.00%  eta=298.5s
2026-04-08 12:43:23 [INFO] src.pomo_trainer:   batch 20/625 (3.2%)  loss=85.5971  avg_reward=2493.55  penalty_ratio=0.00%  eta=301.4s
2026-04-08 12:43:27 [INFO] src.pomo_trainer:   batch 30/625 (4.8%)  loss=10.1825  avg_reward=4691.42  penalty_ratio=0.00%  eta=270.4s
2026-04-08 12:43:33 [INFO] src.pomo_trainer:   batch 40/625 (6.4%)  loss=120.2201  avg_reward=2789.98  penalty_ratio=0.00%  eta=284.5s
2026-04-08 12:43:37 [INFO] src.pomo_trainer:   batch 50/625 (8.0%)  loss=-15.0638  avg_reward=3102.73  penalty_ratio=0.00%  eta=275.3s
2026-04-08 12:43:44 [INFO] src.pomo_trainer:   batch 60/625 (9.6%)  loss=143.1001  avg_reward=2269.84  penalty_ratio=0.00%  eta=286.5s
2026-04-08 12:43:48 [INFO] src.pomo_trainer:   batch 70/625 (11.2%)  loss=-0.0000  avg_reward=-147.11  penalty_ratio=0.00%  eta=278.8s
2026-04-08 12:43:54 [INFO] src.pomo_trainer:   batch 80/625 (12.8%)  loss=1.6254  avg_reward=355.44  penalty_ratio=0.00%  eta=277.1s
2026-04-08 12:43:59 [INFO] src.pomo_trainer:   batch 90/625 (14.4%)  loss=6.0802  avg_reward=1476.15  penalty_ratio=0.00%  eta=272.4s
2026-04-08 12:44:05 [INFO] src.pomo_trainer:   batch 100/625 (16.0%)  loss=102.1243  avg_reward=3595.69  penalty_ratio=0.00%  eta=269.8s
2026-04-08 12:44:11 [INFO] src.pomo_trainer:   batch 110/625 (17.6%)  loss=74.1618  avg_reward=1922.42  penalty_ratio=0.00%  eta=270.2s
2026-04-08 12:44:16 [INFO] src.pomo_trainer:   batch 120/625 (19.2%)  loss=1.0458  avg_reward=4138.67  penalty_ratio=0.00%  eta=264.7s
2026-04-08 12:44:20 [INFO] src.pomo_trainer:   batch 130/625 (20.8%)  loss=92.9524  avg_reward=2210.81  penalty_ratio=0.00%  eta=254.3s
2026-04-08 12:44:27 [INFO] src.pomo_trainer:   batch 140/625 (22.4%)  loss=56.9396  avg_reward=1742.50  penalty_ratio=0.00%  eta=253.9s
2026-04-08 12:44:33 [INFO] src.pomo_trainer:   batch 150/625 (24.0%)  loss=117.0245  avg_reward=2671.06  penalty_ratio=0.00%  eta=251.6s
2026-04-08 12:44:37 [INFO] src.pomo_trainer:   batch 160/625 (25.6%)  loss=6.4742  avg_reward=4439.57  penalty_ratio=0.00%  eta=243.0s
2026-04-08 12:44:43 [INFO] src.pomo_trainer:   batch 170/625 (27.2%)  loss=4.2127  avg_reward=4235.30  penalty_ratio=0.00%  eta=240.1s
2026-04-08 12:44:48 [INFO] src.pomo_trainer:   batch 180/625 (28.8%)  loss=-2.9497  avg_reward=2517.17  penalty_ratio=0.00%  eta=234.3s
2026-04-08 12:44:54 [INFO] src.pomo_trainer:   batch 190/625 (30.4%)  loss=84.8956  avg_reward=2276.85  penalty_ratio=0.00%  eta=229.7s
2026-04-08 12:44:59 [INFO] src.pomo_trainer:   batch 200/625 (32.0%)  loss=-12.6827  avg_reward=1848.99  penalty_ratio=0.00%  eta=224.1s
2026-04-08 12:45:03 [INFO] src.pomo_trainer:   batch 210/625 (33.6%)  loss=-14.4613  avg_reward=4021.12  penalty_ratio=0.00%  eta=217.7s
2026-04-08 12:45:09 [INFO] src.pomo_trainer:   batch 220/625 (35.2%)  loss=22.8588  avg_reward=605.91  penalty_ratio=0.00%  eta=212.8s
2026-04-08 12:45:14 [INFO] src.pomo_trainer:   batch 230/625 (36.8%)  loss=113.2893  avg_reward=2512.01  penalty_ratio=0.00%  eta=207.7s
2026-04-08 12:45:20 [INFO] src.pomo_trainer:   batch 240/625 (38.4%)  loss=-1.2974  avg_reward=1425.67  penalty_ratio=0.00%  eta=203.0s
2026-04-08 12:45:24 [INFO] src.pomo_trainer:   batch 250/625 (40.0%)  loss=-42.5465  avg_reward=4466.50  penalty_ratio=0.00%  eta=196.7s
2026-04-08 12:45:30 [INFO] src.pomo_trainer:   batch 260/625 (41.6%)  loss=67.6216  avg_reward=1500.84  penalty_ratio=0.00%  eta=191.7s
2026-04-08 12:45:36 [INFO] src.pomo_trainer:   batch 270/625 (43.2%)  loss=55.9210  avg_reward=2082.20  penalty_ratio=0.00%  eta=188.2s
2026-04-08 12:45:42 [INFO] src.pomo_trainer:   batch 280/625 (44.8%)  loss=13.2153  avg_reward=1078.99  penalty_ratio=0.00%  eta=182.8s
2026-04-08 12:45:49 [INFO] src.pomo_trainer:   batch 290/625 (46.4%)  loss=5.6977  avg_reward=3945.89  penalty_ratio=0.00%  eta=180.2s
2026-04-08 12:45:55 [INFO] src.pomo_trainer:   batch 300/625 (48.0%)  loss=41.4910  avg_reward=1541.50  penalty_ratio=0.00%  eta=175.2s
2026-04-08 12:45:59 [INFO] src.pomo_trainer:   batch 310/625 (49.6%)  loss=-23.4990  avg_reward=2576.97  penalty_ratio=0.00%  eta=168.1s
2026-04-08 12:46:06 [INFO] src.pomo_trainer:   batch 320/625 (51.2%)  loss=38.5612  avg_reward=1992.38  penalty_ratio=0.00%  eta=164.2s
2026-04-08 12:46:11 [INFO] src.pomo_trainer:   batch 330/625 (52.8%)  loss=43.8127  avg_reward=3686.02  penalty_ratio=0.00%  eta=159.1s
2026-04-08 12:46:15 [INFO] src.pomo_trainer:   batch 340/625 (54.4%)  loss=-8.0412  avg_reward=348.44  penalty_ratio=0.00%  eta=152.6s
2026-04-08 12:46:22 [INFO] src.pomo_trainer:   batch 350/625 (56.0%)  loss=34.9262  avg_reward=3281.74  penalty_ratio=0.00%  eta=147.9s
2026-04-08 12:46:26 [INFO] src.pomo_trainer:   batch 360/625 (57.6%)  loss=0.3809  avg_reward=-739.94  penalty_ratio=0.00%  eta=141.8s
2026-04-08 12:46:31 [INFO] src.pomo_trainer:   batch 370/625 (59.2%)  loss=28.3301  avg_reward=1065.93  penalty_ratio=0.00%  eta=136.5s
2026-04-08 12:46:37 [INFO] src.pomo_trainer:   batch 380/625 (60.8%)  loss=-0.0000  avg_reward=-170.55  penalty_ratio=0.00%  eta=131.1s
2026-04-08 12:46:41 [INFO] src.pomo_trainer:   batch 390/625 (62.4%)  loss=-17.4954  avg_reward=2088.24  penalty_ratio=0.00%  eta=125.0s
2026-04-08 12:46:47 [INFO] src.pomo_trainer:   batch 400/625 (64.0%)  loss=-17.3274  avg_reward=3586.76  penalty_ratio=0.00%  eta=120.1s
2026-04-08 12:46:50 [INFO] src.pomo_trainer:   batch 410/625 (65.6%)  loss=-4.3957  avg_reward=3139.38  penalty_ratio=0.00%  eta=113.7s
2026-04-08 12:46:55 [INFO] src.pomo_trainer:   batch 420/625 (67.2%)  loss=-8.8233  avg_reward=434.21  penalty_ratio=0.00%  eta=108.0s
2026-04-08 12:47:00 [INFO] src.pomo_trainer:   batch 430/625 (68.8%)  loss=12.8936  avg_reward=1065.64  penalty_ratio=0.00%  eta=102.6s
2026-04-08 12:47:04 [INFO] src.pomo_trainer:   batch 440/625 (70.4%)  loss=-20.5143  avg_reward=4363.68  penalty_ratio=0.00%  eta=97.1s
2026-04-08 12:47:08 [INFO] src.pomo_trainer:   batch 450/625 (72.0%)  loss=91.2092  avg_reward=2664.06  penalty_ratio=0.00%  eta=91.5s
2026-04-08 12:47:14 [INFO] src.pomo_trainer:   batch 460/625 (73.6%)  loss=-0.0000  avg_reward=-195.68  penalty_ratio=0.00%  eta=86.4s
2026-04-08 12:47:20 [INFO] src.pomo_trainer:   batch 470/625 (75.2%)  loss=103.7883  avg_reward=2170.84  penalty_ratio=0.00%  eta=81.2s
2026-04-08 12:47:27 [INFO] src.pomo_trainer:   batch 480/625 (76.8%)  loss=68.5237  avg_reward=2885.83  penalty_ratio=0.00%  eta=76.6s
2026-04-08 12:47:33 [INFO] src.pomo_trainer:   batch 490/625 (78.4%)  loss=-19.8029  avg_reward=4151.81  penalty_ratio=0.00%  eta=71.5s
2026-04-08 12:47:39 [INFO] src.pomo_trainer:   batch 500/625 (80.0%)  loss=11.7561  avg_reward=1478.90  penalty_ratio=0.00%  eta=66.4s
2026-04-08 12:47:46 [INFO] src.pomo_trainer:   batch 510/625 (81.6%)  loss=-3.0792  avg_reward=4311.95  penalty_ratio=0.00%  eta=61.4s
2026-04-08 12:47:52 [INFO] src.pomo_trainer:   batch 520/625 (83.2%)  loss=-12.1429  avg_reward=1633.72  penalty_ratio=0.00%  eta=56.3s
2026-04-08 12:47:56 [INFO] src.pomo_trainer:   batch 530/625 (84.8%)  loss=-17.7402  avg_reward=2449.24  penalty_ratio=0.00%  eta=50.7s
2026-04-08 12:48:00 [INFO] src.pomo_trainer:   batch 540/625 (86.4%)  loss=54.5286  avg_reward=2382.89  penalty_ratio=0.00%  eta=45.1s
2026-04-08 12:48:05 [INFO] src.pomo_trainer:   batch 550/625 (88.0%)  loss=63.2952  avg_reward=1986.11  penalty_ratio=0.00%  eta=39.7s
2026-04-08 12:48:11 [INFO] src.pomo_trainer:   batch 560/625 (89.6%)  loss=-10.6396  avg_reward=-1135.17  penalty_ratio=0.00%  eta=34.5s
2026-04-08 12:48:19 [INFO] src.pomo_trainer:   batch 570/625 (91.2%)  loss=2.6867  avg_reward=1870.29  penalty_ratio=0.00%  eta=29.5s
2026-04-08 12:48:23 [INFO] src.pomo_trainer:   batch 580/625 (92.8%)  loss=10.8268  avg_reward=535.93  penalty_ratio=0.00%  eta=24.0s
2026-04-08 12:48:29 [INFO] src.pomo_trainer:   batch 590/625 (94.4%)  loss=9.1025  avg_reward=3711.86  penalty_ratio=0.00%  eta=18.7s
2026-04-08 12:48:33 [INFO] src.pomo_trainer:   batch 600/625 (96.0%)  loss=79.7314  avg_reward=2345.69  penalty_ratio=0.00%  eta=13.3s
2026-04-08 12:48:38 [INFO] src.pomo_trainer:   batch 610/625 (97.6%)  loss=63.0433  avg_reward=1976.28  penalty_ratio=0.00%  eta=8.0s
2026-04-08 12:48:43 [INFO] src.pomo_trainer:   batch 620/625 (99.2%)  loss=-5.9469  avg_reward=2112.60  penalty_ratio=0.00%  eta=2.7s
2026-04-08 12:48:46 [INFO] __main__: Epoch 36  stage=main  loss=27.929407  reward=1949.75  var=218936.54  penalty=0.00%  mem_max=nan%
2026-04-08 12:48:46 [INFO] __main__: Training progress: 36/1000 (3.6%)  elapsed=11797.2s  eta=315902.4s
2026-04-08 12:48:46 [INFO] __main__: 
--- Epoch 37 / 1000 ---
2026-04-08 12:48:52 [INFO] src.pomo_trainer:   batch 10/625 (1.6%)  loss=33.2361  avg_reward=3177.47  penalty_ratio=0.00%  eta=364.5s
2026-04-08 12:48:57 [INFO] src.pomo_trainer:   batch 20/625 (3.2%)  loss=56.1739  avg_reward=2171.63  penalty_ratio=0.00%  eta=330.5s
2026-04-08 12:49:01 [INFO] src.pomo_trainer:   batch 30/625 (4.8%)  loss=17.1521  avg_reward=3790.61  penalty_ratio=0.00%  eta=297.7s
2026-04-08 12:49:06 [INFO] src.pomo_trainer:   batch 40/625 (6.4%)  loss=56.6620  avg_reward=3988.80  penalty_ratio=0.00%  eta=297.3s
2026-04-08 12:49:13 [INFO] src.pomo_trainer:   batch 50/625 (8.0%)  loss=50.5883  avg_reward=2499.75  penalty_ratio=0.00%  eta=310.2s
2026-04-08 12:49:18 [INFO] src.pomo_trainer:   batch 60/625 (9.6%)  loss=103.9241  avg_reward=1875.44  penalty_ratio=0.00%  eta=304.1s
2026-04-08 12:49:24 [INFO] src.pomo_trainer:   batch 70/625 (11.2%)  loss=7.9521  avg_reward=5240.54  penalty_ratio=0.00%  eta=299.0s
2026-04-08 12:49:31 [INFO] src.pomo_trainer:   batch 80/625 (12.8%)  loss=63.2145  avg_reward=1260.09  penalty_ratio=0.00%  eta=303.0s
2026-04-08 12:49:36 [INFO] src.pomo_trainer:   batch 90/625 (14.4%)  loss=10.9791  avg_reward=1439.82  penalty_ratio=0.00%  eta=297.0s
2026-04-08 12:49:41 [INFO] src.pomo_trainer:   batch 100/625 (16.0%)  loss=88.9807  avg_reward=3326.55  penalty_ratio=0.00%  eta=288.1s
2026-04-08 12:49:46 [INFO] src.pomo_trainer:   batch 110/625 (17.6%)  loss=-5.5371  avg_reward=2755.70  penalty_ratio=0.00%  eta=281.0s
2026-04-08 12:49:51 [INFO] src.pomo_trainer:   batch 120/625 (19.2%)  loss=-5.8732  avg_reward=-153.48  penalty_ratio=0.00%  eta=274.5s
2026-04-08 12:49:57 [INFO] src.pomo_trainer:   batch 130/625 (20.8%)  loss=134.7398  avg_reward=3242.15  penalty_ratio=0.00%  eta=270.3s
2026-04-08 12:50:02 [INFO] src.pomo_trainer:   batch 140/625 (22.4%)  loss=20.9693  avg_reward=1058.27  penalty_ratio=0.00%  eta=264.5s
2026-04-08 12:50:06 [INFO] src.pomo_trainer:   batch 150/625 (24.0%)  loss=-0.3203  avg_reward=941.80  penalty_ratio=0.00%  eta=253.9s
2026-04-08 12:50:13 [INFO] src.pomo_trainer:   batch 160/625 (25.6%)  loss=131.3799  avg_reward=2765.65  penalty_ratio=0.00%  eta=252.5s
2026-04-08 12:50:18 [INFO] src.pomo_trainer:   batch 170/625 (27.2%)  loss=143.0986  avg_reward=2271.47  penalty_ratio=0.00%  eta=246.7s
2026-04-08 12:50:23 [INFO] src.pomo_trainer:   batch 180/625 (28.8%)  loss=103.0402  avg_reward=2517.01  penalty_ratio=0.00%  eta=240.1s
2026-04-08 12:50:29 [INFO] src.pomo_trainer:   batch 190/625 (30.4%)  loss=-4.3851  avg_reward=2088.80  penalty_ratio=0.00%  eta=235.1s
2026-04-08 12:50:35 [INFO] src.pomo_trainer:   batch 200/625 (32.0%)  loss=-8.3725  avg_reward=4186.75  penalty_ratio=0.00%  eta=230.7s
2026-04-08 12:50:40 [INFO] src.pomo_trainer:   batch 210/625 (33.6%)  loss=26.7807  avg_reward=3027.11  penalty_ratio=0.00%  eta=224.6s
2026-04-08 12:50:45 [INFO] src.pomo_trainer:   batch 220/625 (35.2%)  loss=62.1198  avg_reward=1920.34  penalty_ratio=0.00%  eta=218.7s
2026-04-08 12:50:48 [INFO] src.pomo_trainer:   batch 230/625 (36.8%)  loss=10.1272  avg_reward=4308.51  penalty_ratio=0.00%  eta=209.9s
2026-04-08 12:50:54 [INFO] src.pomo_trainer:   batch 240/625 (38.4%)  loss=35.9735  avg_reward=2237.29  penalty_ratio=0.00%  eta=204.7s
2026-04-08 12:50:58 [INFO] src.pomo_trainer:   batch 250/625 (40.0%)  loss=-10.7610  avg_reward=649.81  penalty_ratio=0.00%  eta=198.6s
2026-04-08 12:51:02 [INFO] src.pomo_trainer:   batch 260/625 (41.6%)  loss=-9.4228  avg_reward=1791.50  penalty_ratio=0.00%  eta=190.9s
2026-04-08 12:51:09 [INFO] src.pomo_trainer:   batch 270/625 (43.2%)  loss=5.7458  avg_reward=2618.53  penalty_ratio=0.00%  eta=188.3s
2026-04-08 12:51:14 [INFO] src.pomo_trainer:   batch 280/625 (44.8%)  loss=117.5552  avg_reward=2316.86  penalty_ratio=0.00%  eta=182.3s
2026-04-08 12:51:21 [INFO] src.pomo_trainer:   batch 290/625 (46.4%)  loss=58.4372  avg_reward=3047.13  penalty_ratio=0.00%  eta=178.9s
2026-04-08 12:51:24 [INFO] src.pomo_trainer:   batch 300/625 (48.0%)  loss=91.8783  avg_reward=2665.36  penalty_ratio=0.00%  eta=170.7s
2026-04-08 12:51:30 [INFO] src.pomo_trainer:   batch 310/625 (49.6%)  loss=108.7276  avg_reward=2505.43  penalty_ratio=0.00%  eta=166.7s
2026-04-08 12:51:37 [INFO] src.pomo_trainer:   batch 320/625 (51.2%)  loss=84.0185  avg_reward=1736.96  penalty_ratio=0.00%  eta=162.8s
2026-04-08 12:51:41 [INFO] src.pomo_trainer:   batch 330/625 (52.8%)  loss=-15.1467  avg_reward=3241.26  penalty_ratio=0.00%  eta=156.8s
2026-04-08 12:51:46 [INFO] src.pomo_trainer:   batch 340/625 (54.4%)  loss=-12.2452  avg_reward=2784.56  penalty_ratio=0.00%  eta=150.9s
2026-04-08 12:51:54 [INFO] src.pomo_trainer:   batch 350/625 (56.0%)  loss=-24.1103  avg_reward=2420.40  penalty_ratio=0.00%  eta=147.5s
2026-04-08 12:51:59 [INFO] src.pomo_trainer:   batch 360/625 (57.6%)  loss=96.0175  avg_reward=3182.62  penalty_ratio=0.00%  eta=142.2s
2026-04-08 12:52:04 [INFO] src.pomo_trainer:   batch 370/625 (59.2%)  loss=18.2396  avg_reward=685.11  penalty_ratio=0.00%  eta=136.2s
2026-04-08 12:52:09 [INFO] src.pomo_trainer:   batch 380/625 (60.8%)  loss=2.5028  avg_reward=860.90  penalty_ratio=0.00%  eta=131.0s
2026-04-08 12:52:15 [INFO] src.pomo_trainer:   batch 390/625 (62.4%)  loss=-6.0087  avg_reward=-977.49  penalty_ratio=0.00%  eta=125.7s
2026-04-08 12:52:19 [INFO] src.pomo_trainer:   batch 400/625 (64.0%)  loss=25.1132  avg_reward=823.76  penalty_ratio=0.00%  eta=119.7s
2026-04-08 12:52:24 [INFO] src.pomo_trainer:   batch 410/625 (65.6%)  loss=59.4620  avg_reward=1803.17  penalty_ratio=0.00%  eta=114.4s
2026-04-08 12:52:30 [INFO] src.pomo_trainer:   batch 420/625 (67.2%)  loss=3.3080  avg_reward=461.12  penalty_ratio=0.00%  eta=109.4s
2026-04-08 12:52:35 [INFO] src.pomo_trainer:   batch 430/625 (68.8%)  loss=100.9191  avg_reward=3430.73  penalty_ratio=0.00%  eta=103.7s
2026-04-08 12:52:40 [INFO] src.pomo_trainer:   batch 440/625 (70.4%)  loss=-12.0291  avg_reward=692.40  penalty_ratio=0.00%  eta=98.5s
2026-04-08 12:52:45 [INFO] src.pomo_trainer:   batch 450/625 (72.0%)  loss=34.5382  avg_reward=3824.36  penalty_ratio=0.00%  eta=92.8s
2026-04-08 12:52:52 [INFO] src.pomo_trainer:   batch 460/625 (73.6%)  loss=16.9141  avg_reward=1136.83  penalty_ratio=0.00%  eta=88.2s
2026-04-08 12:52:57 [INFO] src.pomo_trainer:   batch 470/625 (75.2%)  loss=-44.1646  avg_reward=2153.48  penalty_ratio=0.00%  eta=82.8s
2026-04-08 12:53:02 [INFO] src.pomo_trainer:   batch 480/625 (76.8%)  loss=76.0911  avg_reward=1640.38  penalty_ratio=0.00%  eta=77.4s
2026-04-08 12:53:09 [INFO] src.pomo_trainer:   batch 490/625 (78.4%)  loss=89.7084  avg_reward=1926.79  penalty_ratio=0.00%  eta=72.3s
2026-04-08 12:53:13 [INFO] src.pomo_trainer:   batch 500/625 (80.0%)  loss=-8.1639  avg_reward=1514.67  penalty_ratio=0.00%  eta=66.6s
2026-04-08 12:53:20 [INFO] src.pomo_trainer:   batch 510/625 (81.6%)  loss=-3.1615  avg_reward=1097.69  penalty_ratio=0.00%  eta=61.7s
2026-04-08 12:53:24 [INFO] src.pomo_trainer:   batch 520/625 (83.2%)  loss=-18.2788  avg_reward=5217.48  penalty_ratio=0.00%  eta=56.1s
2026-04-08 12:53:29 [INFO] src.pomo_trainer:   batch 530/625 (84.8%)  loss=42.9246  avg_reward=2497.35  penalty_ratio=0.00%  eta=50.8s
2026-04-08 12:53:37 [INFO] src.pomo_trainer:   batch 540/625 (86.4%)  loss=83.0155  avg_reward=1560.71  penalty_ratio=0.00%  eta=45.8s
2026-04-08 12:53:41 [INFO] src.pomo_trainer:   batch 550/625 (88.0%)  loss=-13.0316  avg_reward=902.22  penalty_ratio=0.00%  eta=40.2s
2026-04-08 12:53:47 [INFO] src.pomo_trainer:   batch 560/625 (89.6%)  loss=-0.0000  avg_reward=-1442.05  penalty_ratio=0.00%  eta=34.9s
2026-04-08 12:53:52 [INFO] src.pomo_trainer:   batch 570/625 (91.2%)  loss=-14.7541  avg_reward=3040.53  penalty_ratio=0.00%  eta=29.5s
2026-04-08 12:53:59 [INFO] src.pomo_trainer:   batch 580/625 (92.8%)  loss=146.3737  avg_reward=4114.81  penalty_ratio=0.00%  eta=24.3s
2026-04-08 12:54:03 [INFO] src.pomo_trainer:   batch 590/625 (94.4%)  loss=13.6343  avg_reward=1654.01  penalty_ratio=0.00%  eta=18.8s
2026-04-08 12:54:09 [INFO] src.pomo_trainer:   batch 600/625 (96.0%)  loss=-0.0000  avg_reward=-402.10  penalty_ratio=0.00%  eta=13.4s
2026-04-08 12:54:14 [INFO] src.pomo_trainer:   batch 610/625 (97.6%)  loss=102.3443  avg_reward=1771.83  penalty_ratio=0.00%  eta=8.1s
2026-04-08 12:54:19 [INFO] src.pomo_trainer:   batch 620/625 (99.2%)  loss=69.7841  avg_reward=1569.34  penalty_ratio=0.00%  eta=2.7s
2026-04-08 12:54:22 [INFO] __main__: Epoch 37  stage=main  loss=32.101673  reward=1829.25  var=225663.88  penalty=0.00%  mem_max=nan%
2026-04-08 12:54:22 [INFO] __main__: Training progress: 37/1000 (3.7%)  elapsed=12133.3s  eta=315793.8s
2026-04-08 12:54:22 [INFO] __main__: 
--- Epoch 38 / 1000 ---
2026-04-08 12:54:27 [INFO] src.pomo_trainer:   batch 10/625 (1.6%)  loss=131.9758  avg_reward=1503.41  penalty_ratio=0.00%  eta=312.2s
2026-04-08 12:54:34 [INFO] src.pomo_trainer:   batch 20/625 (3.2%)  loss=-2.6960  avg_reward=1314.27  penalty_ratio=0.00%  eta=358.6s
2026-04-08 12:54:41 [INFO] src.pomo_trainer:   batch 30/625 (4.8%)  loss=-6.0259  avg_reward=3061.66  penalty_ratio=0.00%  eta=366.4s
2026-04-08 12:54:46 [INFO] src.pomo_trainer:   batch 40/625 (6.4%)  loss=18.3352  avg_reward=1585.30  penalty_ratio=0.00%  eta=341.7s
2026-04-08 12:54:52 [INFO] src.pomo_trainer:   batch 50/625 (8.0%)  loss=-11.8560  avg_reward=2248.37  penalty_ratio=0.00%  eta=341.5s
2026-04-08 12:54:58 [INFO] src.pomo_trainer:   batch 60/625 (9.6%)  loss=2.6850  avg_reward=2246.70  penalty_ratio=0.00%  eta=335.4s
2026-04-08 12:55:01 [INFO] src.pomo_trainer:   batch 70/625 (11.2%)  loss=-7.1936  avg_reward=852.01  penalty_ratio=0.00%  eta=309.9s
2026-04-08 12:55:08 [INFO] src.pomo_trainer:   batch 80/625 (12.8%)  loss=168.2417  avg_reward=3760.60  penalty_ratio=0.00%  eta=314.0s
2026-04-08 12:55:14 [INFO] src.pomo_trainer:   batch 90/625 (14.4%)  loss=-6.6545  avg_reward=4141.37  penalty_ratio=0.00%  eta=308.2s
2026-04-08 12:55:19 [INFO] src.pomo_trainer:   batch 100/625 (16.0%)  loss=81.6523  avg_reward=1845.32  penalty_ratio=0.00%  eta=299.9s
2026-04-08 12:55:24 [INFO] src.pomo_trainer:   batch 110/625 (17.6%)  loss=10.1147  avg_reward=2182.17  penalty_ratio=0.00%  eta=288.6s
2026-04-08 12:55:30 [INFO] src.pomo_trainer:   batch 120/625 (19.2%)  loss=-6.7513  avg_reward=1632.19  penalty_ratio=0.00%  eta=285.7s
2026-04-08 12:55:33 [INFO] src.pomo_trainer:   batch 130/625 (20.8%)  loss=-13.7749  avg_reward=605.22  penalty_ratio=0.00%  eta=270.9s
2026-04-08 12:55:40 [INFO] src.pomo_trainer:   batch 140/625 (22.4%)  loss=-16.2540  avg_reward=1169.21  penalty_ratio=0.00%  eta=268.4s
2026-04-08 12:55:45 [INFO] src.pomo_trainer:   batch 150/625 (24.0%)  loss=-4.5291  avg_reward=519.61  penalty_ratio=0.00%  eta=263.3s
2026-04-08 12:55:50 [INFO] src.pomo_trainer:   batch 160/625 (25.6%)  loss=-15.2885  avg_reward=1703.39  penalty_ratio=0.00%  eta=255.4s
2026-04-08 12:55:56 [INFO] src.pomo_trainer:   batch 170/625 (27.2%)  loss=-23.8866  avg_reward=1671.23  penalty_ratio=0.00%  eta=249.9s
2026-04-08 12:56:01 [INFO] src.pomo_trainer:   batch 180/625 (28.8%)  loss=-0.0000  avg_reward=-1136.67  penalty_ratio=0.00%  eta=243.5s
2026-04-08 12:56:07 [INFO] src.pomo_trainer:   batch 190/625 (30.4%)  loss=0.2011  avg_reward=65.41  penalty_ratio=0.00%  eta=241.1s
2026-04-08 12:56:12 [INFO] src.pomo_trainer:   batch 200/625 (32.0%)  loss=-48.6861  avg_reward=4261.00  penalty_ratio=0.00%  eta=233.3s
2026-04-08 12:56:18 [INFO] src.pomo_trainer:   batch 210/625 (33.6%)  loss=137.8492  avg_reward=1754.10  penalty_ratio=0.00%  eta=228.6s
2026-04-08 12:56:26 [INFO] src.pomo_trainer:   batch 220/625 (35.2%)  loss=5.4960  avg_reward=3420.33  penalty_ratio=0.00%  eta=227.1s
2026-04-08 12:56:32 [INFO] src.pomo_trainer:   batch 230/625 (36.8%)  loss=-4.9852  avg_reward=2611.84  penalty_ratio=0.00%  eta=222.7s
2026-04-08 12:56:39 [INFO] src.pomo_trainer:   batch 240/625 (38.4%)  loss=11.3774  avg_reward=1261.14  penalty_ratio=0.00%  eta=219.7s
2026-04-08 12:56:43 [INFO] src.pomo_trainer:   batch 250/625 (40.0%)  loss=-0.0016  avg_reward=13.32  penalty_ratio=0.00%  eta=211.1s
2026-04-08 12:56:48 [INFO] src.pomo_trainer:   batch 260/625 (41.6%)  loss=0.0464  avg_reward=43.20  penalty_ratio=0.00%  eta=204.7s
2026-04-08 12:56:55 [INFO] src.pomo_trainer:   batch 270/625 (43.2%)  loss=81.2454  avg_reward=1836.29  penalty_ratio=0.00%  eta=201.2s
2026-04-08 12:57:02 [INFO] src.pomo_trainer:   batch 280/625 (44.8%)  loss=102.7885  avg_reward=3123.13  penalty_ratio=0.00%  eta=197.2s
2026-04-08 12:57:07 [INFO] src.pomo_trainer:   batch 290/625 (46.4%)  loss=83.4048  avg_reward=3017.18  penalty_ratio=0.00%  eta=190.7s
2026-04-08 12:57:12 [INFO] src.pomo_trainer:   batch 300/625 (48.0%)  loss=-1.8667  avg_reward=3024.83  penalty_ratio=0.00%  eta=184.4s
2026-04-08 12:57:17 [INFO] src.pomo_trainer:   batch 310/625 (49.6%)  loss=-7.8935  avg_reward=4211.24  penalty_ratio=0.00%  eta=177.3s
2026-04-08 12:57:22 [INFO] src.pomo_trainer:   batch 320/625 (51.2%)  loss=-1.5482  avg_reward=2565.15  penalty_ratio=0.00%  eta=171.2s
2026-04-08 12:57:29 [INFO] src.pomo_trainer:   batch 330/625 (52.8%)  loss=-6.8137  avg_reward=3657.97  penalty_ratio=0.00%  eta=166.7s
2026-04-08 12:57:34 [INFO] src.pomo_trainer:   batch 340/625 (54.4%)  loss=8.2610  avg_reward=2091.92  penalty_ratio=0.00%  eta=160.8s
2026-04-08 12:57:41 [INFO] src.pomo_trainer:   batch 350/625 (56.0%)  loss=88.7091  avg_reward=2313.42  penalty_ratio=0.00%  eta=156.0s
2026-04-08 12:57:45 [INFO] src.pomo_trainer:   batch 360/625 (57.6%)  loss=-0.3535  avg_reward=552.95  penalty_ratio=0.00%  eta=149.6s
2026-04-08 12:57:49 [INFO] src.pomo_trainer:   batch 370/625 (59.2%)  loss=-2.0228  avg_reward=533.23  penalty_ratio=0.00%  eta=142.5s
2026-04-08 12:57:55 [INFO] src.pomo_trainer:   batch 380/625 (60.8%)  loss=-15.7017  avg_reward=2570.94  penalty_ratio=0.00%  eta=137.3s
2026-04-08 12:58:00 [INFO] src.pomo_trainer:   batch 390/625 (62.4%)  loss=49.6392  avg_reward=-132.43  penalty_ratio=0.00%  eta=131.2s
2026-04-08 12:58:07 [INFO] src.pomo_trainer:   batch 400/625 (64.0%)  loss=80.9535  avg_reward=4288.00  penalty_ratio=0.00%  eta=126.5s
2026-04-08 12:58:13 [INFO] src.pomo_trainer:   batch 410/625 (65.6%)  loss=74.8042  avg_reward=2637.66  penalty_ratio=0.00%  eta=121.0s
2026-04-08 12:58:20 [INFO] src.pomo_trainer:   batch 420/625 (67.2%)  loss=72.9585  avg_reward=1748.53  penalty_ratio=0.00%  eta=116.1s
2026-04-08 12:58:24 [INFO] src.pomo_trainer:   batch 430/625 (68.8%)  loss=-22.8998  avg_reward=1975.50  penalty_ratio=0.00%  eta=109.6s
2026-04-08 12:58:30 [INFO] src.pomo_trainer:   batch 440/625 (70.4%)  loss=-17.1992  avg_reward=3913.72  penalty_ratio=0.00%  eta=104.3s
2026-04-08 12:58:37 [INFO] src.pomo_trainer:   batch 450/625 (72.0%)  loss=-25.6271  avg_reward=1583.14  penalty_ratio=0.00%  eta=99.1s
2026-04-08 12:58:43 [INFO] src.pomo_trainer:   batch 460/625 (73.6%)  loss=9.0268  avg_reward=2533.42  penalty_ratio=0.00%  eta=93.6s
2026-04-08 12:58:48 [INFO] src.pomo_trainer:   batch 470/625 (75.2%)  loss=0.9025  avg_reward=279.06  penalty_ratio=0.00%  eta=87.6s
2026-04-08 12:58:55 [INFO] src.pomo_trainer:   batch 480/625 (76.8%)  loss=76.8244  avg_reward=1977.41  penalty_ratio=0.00%  eta=82.4s
2026-04-08 12:59:00 [INFO] src.pomo_trainer:   batch 490/625 (78.4%)  loss=-18.6812  avg_reward=3030.79  penalty_ratio=0.00%  eta=76.6s
2026-04-08 12:59:07 [INFO] src.pomo_trainer:   batch 500/625 (80.0%)  loss=72.1711  avg_reward=1645.83  penalty_ratio=0.00%  eta=71.1s
2026-04-08 12:59:14 [INFO] src.pomo_trainer:   batch 510/625 (81.6%)  loss=105.6581  avg_reward=3460.77  penalty_ratio=0.00%  eta=65.9s
2026-04-08 12:59:18 [INFO] src.pomo_trainer:   batch 520/625 (83.2%)  loss=-0.0000  avg_reward=-1199.00  penalty_ratio=0.00%  eta=59.8s
2026-04-08 12:59:25 [INFO] src.pomo_trainer:   batch 530/625 (84.8%)  loss=153.4801  avg_reward=3746.94  penalty_ratio=0.00%  eta=54.3s
2026-04-08 12:59:32 [INFO] src.pomo_trainer:   batch 540/625 (86.4%)  loss=124.9795  avg_reward=2660.40  penalty_ratio=0.00%  eta=48.8s
2026-04-08 12:59:38 [INFO] src.pomo_trainer:   batch 550/625 (88.0%)  loss=-0.0000  avg_reward=-1168.78  penalty_ratio=0.00%  eta=43.0s
2026-04-08 12:59:43 [INFO] src.pomo_trainer:   batch 560/625 (89.6%)  loss=133.2325  avg_reward=4011.76  penalty_ratio=0.00%  eta=37.2s
2026-04-08 12:59:49 [INFO] src.pomo_trainer:   batch 570/625 (91.2%)  loss=-0.0000  avg_reward=1.16  penalty_ratio=0.00%  eta=31.5s
2026-04-08 12:59:56 [INFO] src.pomo_trainer:   batch 580/625 (92.8%)  loss=119.6629  avg_reward=2716.87  penalty_ratio=0.00%  eta=25.9s
2026-04-08 13:00:03 [INFO] src.pomo_trainer:   batch 590/625 (94.4%)  loss=32.1484  avg_reward=3639.33  penalty_ratio=0.00%  eta=20.2s
2026-04-08 13:00:09 [INFO] src.pomo_trainer:   batch 600/625 (96.0%)  loss=114.4925  avg_reward=2460.15  penalty_ratio=0.00%  eta=14.5s
2026-04-08 13:00:14 [INFO] src.pomo_trainer:   batch 610/625 (97.6%)  loss=89.6267  avg_reward=2775.01  penalty_ratio=0.00%  eta=8.7s
2026-04-08 13:00:19 [INFO] src.pomo_trainer:   batch 620/625 (99.2%)  loss=-0.0000  avg_reward=93.85  penalty_ratio=0.00%  eta=2.9s
2026-04-08 13:00:21 [INFO] __main__: Epoch 38  stage=main  loss=38.148422  reward=1913.41  var=238259.42  penalty=0.00%  mem_max=nan%
2026-04-08 13:00:21 [INFO] __main__: Training progress: 38/1000 (3.8%)  elapsed=12492.6s  eta=316260.6s
2026-04-08 13:00:21 [INFO] __main__: 
--- Epoch 39 / 1000 ---
2026-04-08 13:00:28 [INFO] src.pomo_trainer:   batch 10/625 (1.6%)  loss=-23.3886  avg_reward=4404.54  penalty_ratio=0.00%  eta=423.1s
2026-04-08 13:00:32 [INFO] src.pomo_trainer:   batch 20/625 (3.2%)  loss=-16.2118  avg_reward=5193.23  penalty_ratio=0.00%  eta=322.2s
2026-04-08 13:00:36 [INFO] src.pomo_trainer:   batch 30/625 (4.8%)  loss=-5.3573  avg_reward=3768.68  penalty_ratio=0.00%  eta=296.9s
2026-04-08 13:00:42 [INFO] src.pomo_trainer:   batch 40/625 (6.4%)  loss=-1.6599  avg_reward=1691.86  penalty_ratio=0.00%  eta=294.2s
2026-04-08 13:00:47 [INFO] src.pomo_trainer:   batch 50/625 (8.0%)  loss=138.7773  avg_reward=1560.31  penalty_ratio=0.00%  eta=288.6s
2026-04-08 13:00:53 [INFO] src.pomo_trainer:   batch 60/625 (9.6%)  loss=170.5039  avg_reward=2610.60  penalty_ratio=0.00%  eta=292.2s
2026-04-08 13:00:58 [INFO] src.pomo_trainer:   batch 70/625 (11.2%)  loss=-37.3560  avg_reward=2511.55  penalty_ratio=0.00%  eta=293.1s
2026-04-08 13:01:04 [INFO] src.pomo_trainer:   batch 80/625 (12.8%)  loss=87.3091  avg_reward=2638.77  penalty_ratio=0.00%  eta=291.9s
2026-04-08 13:01:10 [INFO] src.pomo_trainer:   batch 90/625 (14.4%)  loss=-24.2510  avg_reward=957.36  penalty_ratio=0.00%  eta=286.9s
2026-04-08 13:01:19 [INFO] src.pomo_trainer:   batch 100/625 (16.0%)  loss=100.9300  avg_reward=3364.22  penalty_ratio=0.00%  eta=299.6s
2026-04-08 13:01:22 [INFO] src.pomo_trainer:   batch 110/625 (17.6%)  loss=16.9061  avg_reward=1968.61  penalty_ratio=0.00%  eta=284.7s
2026-04-08 13:01:27 [INFO] src.pomo_trainer:   batch 120/625 (19.2%)  loss=6.1926  avg_reward=918.34  penalty_ratio=0.00%  eta=277.3s
2026-04-08 13:01:33 [INFO] src.pomo_trainer:   batch 130/625 (20.8%)  loss=-3.5537  avg_reward=1588.08  penalty_ratio=0.00%  eta=274.1s
2026-04-08 13:01:39 [INFO] src.pomo_trainer:   batch 140/625 (22.4%)  loss=9.6683  avg_reward=2608.03  penalty_ratio=0.00%  eta=268.9s
2026-04-08 13:01:45 [INFO] src.pomo_trainer:   batch 150/625 (24.0%)  loss=-0.0000  avg_reward=-368.93  penalty_ratio=0.00%  eta=265.1s
2026-04-08 13:01:50 [INFO] src.pomo_trainer:   batch 160/625 (25.6%)  loss=-1.8875  avg_reward=2654.86  penalty_ratio=0.00%  eta=256.3s
2026-04-08 13:01:54 [INFO] src.pomo_trainer:   batch 170/625 (27.2%)  loss=-2.2621  avg_reward=1652.85  penalty_ratio=0.00%  eta=247.2s
2026-04-08 13:01:59 [INFO] src.pomo_trainer:   batch 180/625 (28.8%)  loss=-11.3126  avg_reward=1798.37  penalty_ratio=0.00%  eta=240.1s
2026-04-08 13:02:02 [INFO] src.pomo_trainer:   batch 190/625 (30.4%)  loss=124.7388  avg_reward=2401.15  penalty_ratio=0.00%  eta=230.4s
2026-04-08 13:02:07 [INFO] src.pomo_trainer:   batch 200/625 (32.0%)  loss=55.4228  avg_reward=2078.75  penalty_ratio=0.00%  eta=224.3s
2026-04-08 13:02:13 [INFO] src.pomo_trainer:   batch 210/625 (33.6%)  loss=-24.7786  avg_reward=3803.21  penalty_ratio=0.00%  eta=219.6s
2026-04-08 13:02:18 [INFO] src.pomo_trainer:   batch 220/625 (35.2%)  loss=125.0316  avg_reward=1915.21  penalty_ratio=0.00%  eta=213.7s
2026-04-08 13:02:24 [INFO] src.pomo_trainer:   batch 230/625 (36.8%)  loss=-27.9561  avg_reward=4088.87  penalty_ratio=0.00%  eta=210.5s
2026-04-08 13:02:32 [INFO] src.pomo_trainer:   batch 240/625 (38.4%)  loss=67.8370  avg_reward=2638.82  penalty_ratio=0.00%  eta=209.2s
2026-04-08 13:02:37 [INFO] src.pomo_trainer:   batch 250/625 (40.0%)  loss=-15.5850  avg_reward=184.62  penalty_ratio=0.00%  eta=203.4s
2026-04-08 13:02:42 [INFO] src.pomo_trainer:   batch 260/625 (41.6%)  loss=52.1029  avg_reward=1979.45  penalty_ratio=0.00%  eta=197.9s
2026-04-08 13:02:49 [INFO] src.pomo_trainer:   batch 270/625 (43.2%)  loss=3.4862  avg_reward=1274.82  penalty_ratio=0.00%  eta=193.6s
2026-04-08 13:02:53 [INFO] src.pomo_trainer:   batch 280/625 (44.8%)  loss=27.7009  avg_reward=761.31  penalty_ratio=0.00%  eta=187.1s
2026-04-08 13:02:59 [INFO] src.pomo_trainer:   batch 290/625 (46.4%)  loss=-15.1451  avg_reward=558.81  penalty_ratio=0.00%  eta=181.7s
2026-04-08 13:03:04 [INFO] src.pomo_trainer:   batch 300/625 (48.0%)  loss=11.2527  avg_reward=1530.03  penalty_ratio=0.00%  eta=176.3s
2026-04-08 13:03:11 [INFO] src.pomo_trainer:   batch 310/625 (49.6%)  loss=122.7405  avg_reward=3805.22  penalty_ratio=0.00%  eta=171.8s
2026-04-08 13:03:15 [INFO] src.pomo_trainer:   batch 320/625 (51.2%)  loss=4.2634  avg_reward=2955.41  penalty_ratio=0.00%  eta=165.8s
2026-04-08 13:03:20 [INFO] src.pomo_trainer:   batch 330/625 (52.8%)  loss=-0.0091  avg_reward=-366.45  penalty_ratio=0.00%  eta=159.8s
2026-04-08 13:03:24 [INFO] src.pomo_trainer:   batch 340/625 (54.4%)  loss=-12.3857  avg_reward=825.88  penalty_ratio=0.00%  eta=153.3s
2026-04-08 13:03:30 [INFO] src.pomo_trainer:   batch 350/625 (56.0%)  loss=-4.0979  avg_reward=2529.27  penalty_ratio=0.00%  eta=147.8s
2026-04-08 13:03:36 [INFO] src.pomo_trainer:   batch 360/625 (57.6%)  loss=-0.0000  avg_reward=-1123.72  penalty_ratio=0.00%  eta=143.1s
2026-04-08 13:03:40 [INFO] src.pomo_trainer:   batch 370/625 (59.2%)  loss=124.6011  avg_reward=1877.17  penalty_ratio=0.00%  eta=137.1s
2026-04-08 13:03:46 [INFO] src.pomo_trainer:   batch 380/625 (60.8%)  loss=-22.6037  avg_reward=4744.60  penalty_ratio=0.00%  eta=131.5s
2026-04-08 13:03:49 [INFO] src.pomo_trainer:   batch 390/625 (62.4%)  loss=-8.8132  avg_reward=426.34  penalty_ratio=0.00%  eta=125.2s
2026-04-08 13:03:54 [INFO] src.pomo_trainer:   batch 400/625 (64.0%)  loss=72.5798  avg_reward=1731.38  penalty_ratio=0.00%  eta=119.8s
2026-04-08 13:04:00 [INFO] src.pomo_trainer:   batch 410/625 (65.6%)  loss=115.3955  avg_reward=2953.14  penalty_ratio=0.00%  eta=114.6s
2026-04-08 13:04:06 [INFO] src.pomo_trainer:   batch 420/625 (67.2%)  loss=-5.8488  avg_reward=4480.46  penalty_ratio=0.00%  eta=109.7s
2026-04-08 13:04:11 [INFO] src.pomo_trainer:   batch 430/625 (68.8%)  loss=-11.6473  avg_reward=164.59  penalty_ratio=0.00%  eta=104.2s
2026-04-08 13:04:18 [INFO] src.pomo_trainer:   batch 440/625 (70.4%)  loss=49.9814  avg_reward=3432.56  penalty_ratio=0.00%  eta=99.4s
2026-04-08 13:04:25 [INFO] src.pomo_trainer:   batch 450/625 (72.0%)  loss=156.1895  avg_reward=3816.94  penalty_ratio=0.00%  eta=94.6s
2026-04-08 13:04:31 [INFO] src.pomo_trainer:   batch 460/625 (73.6%)  loss=24.5037  avg_reward=2297.78  penalty_ratio=0.00%  eta=89.4s
2026-04-08 13:04:37 [INFO] src.pomo_trainer:   batch 470/625 (75.2%)  loss=19.2599  avg_reward=4831.17  penalty_ratio=0.00%  eta=84.3s
2026-04-08 13:04:41 [INFO] src.pomo_trainer:   batch 480/625 (76.8%)  loss=26.9342  avg_reward=2216.99  penalty_ratio=0.00%  eta=78.4s
2026-04-08 13:04:47 [INFO] src.pomo_trainer:   batch 490/625 (78.4%)  loss=-3.4156  avg_reward=3680.27  penalty_ratio=0.00%  eta=73.1s
2026-04-08 13:04:51 [INFO] src.pomo_trainer:   batch 500/625 (80.0%)  loss=6.6190  avg_reward=2340.61  penalty_ratio=0.00%  eta=67.3s
2026-04-08 13:04:56 [INFO] src.pomo_trainer:   batch 510/625 (81.6%)  loss=3.8387  avg_reward=699.00  penalty_ratio=0.00%  eta=61.9s
2026-04-08 13:05:01 [INFO] src.pomo_trainer:   batch 520/625 (83.2%)  loss=78.2491  avg_reward=2722.58  penalty_ratio=0.00%  eta=56.5s
2026-04-08 13:05:07 [INFO] src.pomo_trainer:   batch 530/625 (84.8%)  loss=85.9070  avg_reward=1864.93  penalty_ratio=0.00%  eta=51.2s
2026-04-08 13:05:13 [INFO] src.pomo_trainer:   batch 540/625 (86.4%)  loss=-37.5408  avg_reward=1383.03  penalty_ratio=0.00%  eta=45.9s
2026-04-08 13:05:18 [INFO] src.pomo_trainer:   batch 550/625 (88.0%)  loss=7.1199  avg_reward=603.65  penalty_ratio=0.00%  eta=40.4s
2026-04-08 13:05:22 [INFO] src.pomo_trainer:   batch 560/625 (89.6%)  loss=0.7634  avg_reward=47.36  penalty_ratio=0.00%  eta=34.9s
2026-04-08 13:05:29 [INFO] src.pomo_trainer:   batch 570/625 (91.2%)  loss=-0.4284  avg_reward=-254.64  penalty_ratio=0.00%  eta=29.7s
2026-04-08 13:05:35 [INFO] src.pomo_trainer:   batch 580/625 (92.8%)  loss=85.2228  avg_reward=2123.26  penalty_ratio=0.00%  eta=24.3s
2026-04-08 13:05:39 [INFO] src.pomo_trainer:   batch 590/625 (94.4%)  loss=77.2656  avg_reward=3105.71  penalty_ratio=0.00%  eta=18.8s
2026-04-08 13:05:46 [INFO] src.pomo_trainer:   batch 600/625 (96.0%)  loss=112.5305  avg_reward=1745.37  penalty_ratio=0.00%  eta=13.5s
2026-04-08 13:05:52 [INFO] src.pomo_trainer:   batch 610/625 (97.6%)  loss=-10.2641  avg_reward=3135.04  penalty_ratio=0.00%  eta=8.1s
2026-04-08 13:05:56 [INFO] src.pomo_trainer:   batch 620/625 (99.2%)  loss=-6.7927  avg_reward=1080.81  penalty_ratio=0.00%  eta=2.7s
2026-04-08 13:05:59 [INFO] __main__: Epoch 39  stage=main  loss=35.519277  reward=1911.82  var=222825.68  penalty=0.00%  mem_max=nan%
2026-04-08 13:05:59 [INFO] __main__: Training progress: 39/1000 (3.9%)  elapsed=12830.5s  eta=316155.7s
2026-04-08 13:05:59 [INFO] __main__: 
--- Epoch 40 / 1000 ---
2026-04-08 13:06:05 [INFO] src.pomo_trainer:   batch 10/625 (1.6%)  loss=1.3679  avg_reward=647.72  penalty_ratio=0.00%  eta=339.3s
2026-04-08 13:06:10 [INFO] src.pomo_trainer:   batch 20/625 (3.2%)  loss=-9.2167  avg_reward=917.41  penalty_ratio=0.00%  eta=308.6s
2026-04-08 13:06:13 [INFO] src.pomo_trainer:   batch 30/625 (4.8%)  loss=1.0933  avg_reward=1625.17  penalty_ratio=0.00%  eta=274.9s
2026-04-08 13:06:19 [INFO] src.pomo_trainer:   batch 40/625 (6.4%)  loss=76.2649  avg_reward=2686.66  penalty_ratio=0.00%  eta=287.9s
2026-04-08 13:06:25 [INFO] src.pomo_trainer:   batch 50/625 (8.0%)  loss=-11.8710  avg_reward=4730.04  penalty_ratio=0.00%  eta=294.9s
2026-04-08 13:06:30 [INFO] src.pomo_trainer:   batch 60/625 (9.6%)  loss=-5.5523  avg_reward=2666.56  penalty_ratio=0.00%  eta=287.9s
2026-04-08 13:06:36 [INFO] src.pomo_trainer:   batch 70/625 (11.2%)  loss=0.9795  avg_reward=780.35  penalty_ratio=0.00%  eta=290.7s
2026-04-08 13:06:42 [INFO] src.pomo_trainer:   batch 80/625 (12.8%)  loss=55.5424  avg_reward=2420.74  penalty_ratio=0.00%  eta=290.4s
2026-04-08 13:06:47 [INFO] src.pomo_trainer:   batch 90/625 (14.4%)  loss=122.9255  avg_reward=1757.29  penalty_ratio=0.00%  eta=283.8s
2026-04-08 13:06:52 [INFO] src.pomo_trainer:   batch 100/625 (16.0%)  loss=76.6236  avg_reward=1071.85  penalty_ratio=0.00%  eta=275.7s
2026-04-08 13:06:59 [INFO] src.pomo_trainer:   batch 110/625 (17.6%)  loss=72.2240  avg_reward=2412.03  penalty_ratio=0.00%  eta=279.5s
2026-04-08 13:07:05 [INFO] src.pomo_trainer:   batch 120/625 (19.2%)  loss=5.1743  avg_reward=-94.29  penalty_ratio=0.00%  eta=276.5s
2026-04-08 13:07:12 [INFO] src.pomo_trainer:   batch 130/625 (20.8%)  loss=19.0796  avg_reward=2517.00  penalty_ratio=0.00%  eta=275.0s
2026-04-08 13:07:18 [INFO] src.pomo_trainer:   batch 140/625 (22.4%)  loss=55.5970  avg_reward=2358.98  penalty_ratio=0.00%  eta=270.8s
2026-04-08 13:07:26 [INFO] src.pomo_trainer:   batch 150/625 (24.0%)  loss=41.0365  avg_reward=1535.86  penalty_ratio=0.00%  eta=273.3s
2026-04-08 13:07:30 [INFO] src.pomo_trainer:   batch 160/625 (25.6%)  loss=52.8283  avg_reward=1407.86  penalty_ratio=0.00%  eta=263.6s
2026-04-08 13:07:35 [INFO] src.pomo_trainer:   batch 170/625 (27.2%)  loss=-12.7656  avg_reward=2268.60  penalty_ratio=0.00%  eta=255.7s
2026-04-08 13:07:40 [INFO] src.pomo_trainer:   batch 180/625 (28.8%)  loss=25.3008  avg_reward=2726.12  penalty_ratio=0.00%  eta=249.5s
2026-04-08 13:07:47 [INFO] src.pomo_trainer:   batch 190/625 (30.4%)  loss=29.2430  avg_reward=969.48  penalty_ratio=0.00%  eta=246.4s
2026-04-08 13:07:54 [INFO] src.pomo_trainer:   batch 200/625 (32.0%)  loss=-10.2281  avg_reward=3116.66  penalty_ratio=0.00%  eta=243.1s
2026-04-08 13:07:58 [INFO] src.pomo_trainer:   batch 210/625 (33.6%)  loss=105.0798  avg_reward=2969.37  penalty_ratio=0.00%  eta=234.8s
2026-04-08 13:08:02 [INFO] src.pomo_trainer:   batch 220/625 (35.2%)  loss=22.7171  avg_reward=1432.37  penalty_ratio=0.00%  eta=226.1s
2026-04-08 13:08:07 [INFO] src.pomo_trainer:   batch 230/625 (36.8%)  loss=115.2327  avg_reward=4502.38  penalty_ratio=0.00%  eta=218.7s
2026-04-08 13:08:13 [INFO] src.pomo_trainer:   batch 240/625 (38.4%)  loss=32.3306  avg_reward=2507.86  penalty_ratio=0.00%  eta=214.6s
2026-04-08 13:08:17 [INFO] src.pomo_trainer:   batch 250/625 (40.0%)  loss=-8.2473  avg_reward=722.99  penalty_ratio=0.00%  eta=207.0s
2026-04-08 13:08:24 [INFO] src.pomo_trainer:   batch 260/625 (41.6%)  loss=89.7061  avg_reward=2083.79  penalty_ratio=0.00%  eta=203.1s
2026-04-08 13:08:29 [INFO] src.pomo_trainer:   batch 270/625 (43.2%)  loss=-0.0834  avg_reward=41.73  penalty_ratio=0.00%  eta=197.0s
2026-04-08 13:08:34 [INFO] src.pomo_trainer:   batch 280/625 (44.8%)  loss=-18.8639  avg_reward=3064.92  penalty_ratio=0.00%  eta=190.0s
2026-04-08 13:08:39 [INFO] src.pomo_trainer:   batch 290/625 (46.4%)  loss=37.2727  avg_reward=1562.66  penalty_ratio=0.00%  eta=183.9s
2026-04-08 13:08:45 [INFO] src.pomo_trainer:   batch 300/625 (48.0%)  loss=18.4281  avg_reward=2538.29  penalty_ratio=0.00%  eta=179.4s
2026-04-08 13:08:48 [INFO] src.pomo_trainer:   batch 310/625 (49.6%)  loss=-19.6777  avg_reward=4857.94  penalty_ratio=0.00%  eta=171.6s
2026-04-08 13:08:54 [INFO] src.pomo_trainer:   batch 320/625 (51.2%)  loss=-7.7102  avg_reward=592.94  penalty_ratio=0.00%  eta=166.0s
2026-04-08 13:08:57 [INFO] src.pomo_trainer:   batch 330/625 (52.8%)  loss=10.9136  avg_reward=722.42  penalty_ratio=0.00%  eta=159.1s
2026-04-08 13:09:01 [INFO] src.pomo_trainer:   batch 340/625 (54.4%)  loss=-37.1098  avg_reward=4315.12  penalty_ratio=0.00%  eta=152.2s
2026-04-08 13:09:08 [INFO] src.pomo_trainer:   batch 350/625 (56.0%)  loss=134.8095  avg_reward=1014.01  penalty_ratio=0.00%  eta=148.0s
2026-04-08 13:09:12 [INFO] src.pomo_trainer:   batch 360/625 (57.6%)  loss=-60.7227  avg_reward=4361.54  penalty_ratio=0.00%  eta=141.6s
2026-04-08 13:09:18 [INFO] src.pomo_trainer:   batch 370/625 (59.2%)  loss=-48.1021  avg_reward=1720.66  penalty_ratio=0.00%  eta=137.2s
2026-04-08 13:09:23 [INFO] src.pomo_trainer:   batch 380/625 (60.8%)  loss=0.1786  avg_reward=36.48  penalty_ratio=0.00%  eta=131.5s
2026-04-08 13:09:29 [INFO] src.pomo_trainer:   batch 390/625 (62.4%)  loss=-27.5197  avg_reward=2263.59  penalty_ratio=0.00%  eta=126.6s
2026-04-08 13:09:34 [INFO] src.pomo_trainer:   batch 400/625 (64.0%)  loss=-0.0000  avg_reward=-1259.51  penalty_ratio=0.00%  eta=120.5s
2026-04-08 13:09:40 [INFO] src.pomo_trainer:   batch 410/625 (65.6%)  loss=-37.8517  avg_reward=2920.20  penalty_ratio=0.00%  eta=115.9s
2026-04-08 13:09:45 [INFO] src.pomo_trainer:   batch 420/625 (67.2%)  loss=73.1441  avg_reward=3747.49  penalty_ratio=0.00%  eta=110.1s
2026-04-08 13:09:51 [INFO] src.pomo_trainer:   batch 430/625 (68.8%)  loss=31.6320  avg_reward=1571.30  penalty_ratio=0.00%  eta=105.0s
2026-04-08 13:09:57 [INFO] src.pomo_trainer:   batch 440/625 (70.4%)  loss=-0.0000  avg_reward=-1336.17  penalty_ratio=0.00%  eta=99.7s
2026-04-08 13:10:01 [INFO] src.pomo_trainer:   batch 450/625 (72.0%)  loss=102.5342  avg_reward=3019.71  penalty_ratio=0.00%  eta=93.9s
2026-04-08 13:10:06 [INFO] src.pomo_trainer:   batch 460/625 (73.6%)  loss=111.7938  avg_reward=2734.12  penalty_ratio=0.00%  eta=88.5s
2026-04-08 13:10:11 [INFO] src.pomo_trainer:   batch 470/625 (75.2%)  loss=76.1822  avg_reward=2377.66  penalty_ratio=0.00%  eta=83.1s
2026-04-08 13:10:17 [INFO] src.pomo_trainer:   batch 480/625 (76.8%)  loss=-0.0000  avg_reward=-371.66  penalty_ratio=0.00%  eta=77.9s
2026-04-08 13:10:25 [INFO] src.pomo_trainer:   batch 490/625 (78.4%)  loss=210.8496  avg_reward=2358.92  penalty_ratio=0.00%  eta=73.2s
2026-04-08 13:10:31 [INFO] src.pomo_trainer:   batch 500/625 (80.0%)  loss=16.5916  avg_reward=1210.67  penalty_ratio=0.00%  eta=67.9s
2026-04-08 13:10:36 [INFO] src.pomo_trainer:   batch 510/625 (81.6%)  loss=0.1092  avg_reward=1027.25  penalty_ratio=0.00%  eta=62.3s
2026-04-08 13:10:43 [INFO] src.pomo_trainer:   batch 520/625 (83.2%)  loss=126.7788  avg_reward=2576.99  penalty_ratio=0.00%  eta=57.2s
2026-04-08 13:10:48 [INFO] src.pomo_trainer:   batch 530/625 (84.8%)  loss=13.1229  avg_reward=-271.34  penalty_ratio=0.00%  eta=51.7s
2026-04-08 13:10:54 [INFO] src.pomo_trainer:   batch 540/625 (86.4%)  loss=12.1702  avg_reward=2903.75  penalty_ratio=0.00%  eta=46.3s
2026-04-08 13:10:59 [INFO] src.pomo_trainer:   batch 550/625 (88.0%)  loss=144.0753  avg_reward=2280.07  penalty_ratio=0.00%  eta=40.8s
2026-04-08 13:11:05 [INFO] src.pomo_trainer:   batch 560/625 (89.6%)  loss=56.4965  avg_reward=2532.02  penalty_ratio=0.00%  eta=35.5s
2026-04-08 13:11:10 [INFO] src.pomo_trainer:   batch 570/625 (91.2%)  loss=48.8175  avg_reward=1390.25  penalty_ratio=0.00%  eta=30.0s
2026-04-08 13:11:16 [INFO] src.pomo_trainer:   batch 580/625 (92.8%)  loss=27.1123  avg_reward=1497.55  penalty_ratio=0.00%  eta=24.6s
2026-04-08 13:11:22 [INFO] src.pomo_trainer:   batch 590/625 (94.4%)  loss=-11.1315  avg_reward=2070.25  penalty_ratio=0.00%  eta=19.1s
2026-04-08 13:11:29 [INFO] src.pomo_trainer:   batch 600/625 (96.0%)  loss=-41.7124  avg_reward=4236.22  penalty_ratio=0.00%  eta=13.7s
2026-04-08 13:11:34 [INFO] src.pomo_trainer:   batch 610/625 (97.6%)  loss=50.4386  avg_reward=2474.00  penalty_ratio=0.00%  eta=8.2s
2026-04-08 13:11:39 [INFO] src.pomo_trainer:   batch 620/625 (99.2%)  loss=116.7913  avg_reward=1898.35  penalty_ratio=0.00%  eta=2.7s
2026-04-08 13:11:42 [INFO] __main__: Epoch 40  stage=main  loss=27.413537  reward=1878.34  var=227541.31  penalty=0.00%  mem_max=nan%
2026-04-08 13:11:42 [INFO] __main__: Training progress: 40/1000 (4.0%)  elapsed=13172.9s  eta=316148.5s
2026-04-08 13:11:57 [INFO] __main__: Validation reward (all stages): 1170.3522
2026-04-08 13:11:57 [INFO] __main__: 
--- Epoch 41 / 1000 ---
2026-04-08 13:12:02 [INFO] src.pomo_trainer:   batch 10/625 (1.6%)  loss=155.1407  avg_reward=2766.28  penalty_ratio=0.00%  eta=350.9s
2026-04-08 13:12:06 [INFO] src.pomo_trainer:   batch 20/625 (3.2%)  loss=71.7893  avg_reward=1736.76  penalty_ratio=0.00%  eta=282.3s
2026-04-08 13:12:11 [INFO] src.pomo_trainer:   batch 30/625 (4.8%)  loss=95.2329  avg_reward=2307.63  penalty_ratio=0.00%  eta=277.3s
2026-04-08 13:12:17 [INFO] src.pomo_trainer:   batch 40/625 (6.4%)  loss=-6.6131  avg_reward=4302.74  penalty_ratio=0.00%  eta=300.2s
2026-04-08 13:12:24 [INFO] src.pomo_trainer:   batch 50/625 (8.0%)  loss=-0.0011  avg_reward=6.49  penalty_ratio=0.00%  eta=311.6s
2026-04-08 13:12:30 [INFO] src.pomo_trainer:   batch 60/625 (9.6%)  loss=-1.3127  avg_reward=-650.03  penalty_ratio=0.00%  eta=312.2s
2026-04-08 13:12:36 [INFO] src.pomo_trainer:   batch 70/625 (11.2%)  loss=-1.0148  avg_reward=-27.96  penalty_ratio=0.00%  eta=315.9s
2026-04-08 13:12:42 [INFO] src.pomo_trainer:   batch 80/625 (12.8%)  loss=91.2451  avg_reward=2447.24  penalty_ratio=0.00%  eta=311.4s
2026-04-08 13:12:48 [INFO] src.pomo_trainer:   batch 90/625 (14.4%)  loss=5.3726  avg_reward=25.97  penalty_ratio=0.00%  eta=306.3s
2026-04-08 13:12:53 [INFO] src.pomo_trainer:   batch 100/625 (16.0%)  loss=15.1423  avg_reward=2088.78  penalty_ratio=0.00%  eta=297.8s
2026-04-08 13:12:58 [INFO] src.pomo_trainer:   batch 110/625 (17.6%)  loss=77.7303  avg_reward=2484.98  penalty_ratio=0.00%  eta=289.5s
2026-04-08 13:13:06 [INFO] src.pomo_trainer:   batch 120/625 (19.2%)  loss=9.4535  avg_reward=2060.52  penalty_ratio=0.00%  eta=291.6s
2026-04-08 13:13:11 [INFO] src.pomo_trainer:   batch 130/625 (20.8%)  loss=-9.8669  avg_reward=240.68  penalty_ratio=0.00%  eta=284.2s
2026-04-08 13:13:18 [INFO] src.pomo_trainer:   batch 140/625 (22.4%)  loss=2.6677  avg_reward=3592.21  penalty_ratio=0.00%  eta=282.4s
2026-04-08 13:13:25 [INFO] src.pomo_trainer:   batch 150/625 (24.0%)  loss=-4.6944  avg_reward=2128.07  penalty_ratio=0.00%  eta=278.6s
2026-04-08 13:13:28 [INFO] src.pomo_trainer:   batch 160/625 (25.6%)  loss=-0.2502  avg_reward=-418.98  penalty_ratio=0.00%  eta=266.9s
2026-04-08 13:13:35 [INFO] src.pomo_trainer:   batch 170/625 (27.2%)  loss=88.8693  avg_reward=1261.24  penalty_ratio=0.00%  eta=264.8s
2026-04-08 13:13:40 [INFO] src.pomo_trainer:   batch 180/625 (28.8%)  loss=66.6557  avg_reward=2393.91  penalty_ratio=0.00%  eta=255.0s
2026-04-08 13:13:44 [INFO] src.pomo_trainer:   batch 190/625 (30.4%)  loss=-28.1614  avg_reward=918.15  penalty_ratio=0.00%  eta=245.7s
2026-04-08 13:13:49 [INFO] src.pomo_trainer:   batch 200/625 (32.0%)  loss=-0.5448  avg_reward=59.70  penalty_ratio=0.00%  eta=238.2s
2026-04-08 13:13:57 [INFO] src.pomo_trainer:   batch 210/625 (33.6%)  loss=90.5288  avg_reward=2688.15  penalty_ratio=0.00%  eta=237.9s
2026-04-08 13:14:04 [INFO] src.pomo_trainer:   batch 220/625 (35.2%)  loss=-10.3075  avg_reward=2149.47  penalty_ratio=0.00%  eta=235.5s
2026-04-08 13:14:10 [INFO] src.pomo_trainer:   batch 230/625 (36.8%)  loss=68.3395  avg_reward=1852.57  penalty_ratio=0.00%  eta=229.0s
2026-04-08 13:14:15 [INFO] src.pomo_trainer:   batch 240/625 (38.4%)  loss=-21.4458  avg_reward=1672.02  penalty_ratio=0.00%  eta=222.8s
2026-04-08 13:14:21 [INFO] src.pomo_trainer:   batch 250/625 (40.0%)  loss=105.6223  avg_reward=3072.42  penalty_ratio=0.00%  eta=217.2s
2026-04-08 13:14:27 [INFO] src.pomo_trainer:   batch 260/625 (41.6%)  loss=145.0952  avg_reward=2131.89  penalty_ratio=0.00%  eta=211.4s
2026-04-08 13:14:31 [INFO] src.pomo_trainer:   batch 270/625 (43.2%)  loss=4.6360  avg_reward=2264.19  penalty_ratio=0.00%  eta=203.5s
2026-04-08 13:14:37 [INFO] src.pomo_trainer:   batch 280/625 (44.8%)  loss=93.7627  avg_reward=2316.13  penalty_ratio=0.00%  eta=197.2s
2026-04-08 13:14:42 [INFO] src.pomo_trainer:   batch 290/625 (46.4%)  loss=95.0137  avg_reward=1901.41  penalty_ratio=0.00%  eta=191.5s
2026-04-08 13:14:47 [INFO] src.pomo_trainer:   batch 300/625 (48.0%)  loss=0.6259  avg_reward=2200.33  penalty_ratio=0.00%  eta=185.0s
2026-04-08 13:14:53 [INFO] src.pomo_trainer:   batch 310/625 (49.6%)  loss=-10.8061  avg_reward=2598.52  penalty_ratio=0.00%  eta=179.5s
2026-04-08 13:14:58 [INFO] src.pomo_trainer:   batch 320/625 (51.2%)  loss=-6.4611  avg_reward=4557.33  penalty_ratio=0.00%  eta=173.0s
2026-04-08 13:15:01 [INFO] src.pomo_trainer:   batch 330/625 (52.8%)  loss=-4.2833  avg_reward=679.42  penalty_ratio=0.00%  eta=165.3s
2026-04-08 13:15:06 [INFO] src.pomo_trainer:   batch 340/625 (54.4%)  loss=-0.0000  avg_reward=-1334.21  penalty_ratio=0.00%  eta=159.1s
2026-04-08 13:15:12 [INFO] src.pomo_trainer:   batch 350/625 (56.0%)  loss=147.5923  avg_reward=2402.48  penalty_ratio=0.00%  eta=153.5s
2026-04-08 13:15:16 [INFO] src.pomo_trainer:   batch 360/625 (57.6%)  loss=115.4846  avg_reward=3407.63  penalty_ratio=0.00%  eta=146.8s
2026-04-08 13:15:22 [INFO] src.pomo_trainer:   batch 370/625 (59.2%)  loss=-2.7489  avg_reward=970.74  penalty_ratio=0.00%  eta=141.4s
2026-04-08 13:15:27 [INFO] src.pomo_trainer:   batch 380/625 (60.8%)  loss=-1.6122  avg_reward=195.42  penalty_ratio=0.00%  eta=135.9s
2026-04-08 13:15:35 [INFO] src.pomo_trainer:   batch 390/625 (62.4%)  loss=119.0420  avg_reward=3116.60  penalty_ratio=0.00%  eta=131.7s
2026-04-08 13:15:39 [INFO] src.pomo_trainer:   batch 400/625 (64.0%)  loss=108.9049  avg_reward=1341.45  penalty_ratio=0.00%  eta=125.3s
2026-04-08 13:15:45 [INFO] src.pomo_trainer:   batch 410/625 (65.6%)  loss=37.9833  avg_reward=2002.86  penalty_ratio=0.00%  eta=120.0s
2026-04-08 13:15:52 [INFO] src.pomo_trainer:   batch 420/625 (67.2%)  loss=37.4421  avg_reward=1487.26  penalty_ratio=0.00%  eta=114.7s
2026-04-08 13:15:55 [INFO] src.pomo_trainer:   batch 430/625 (68.8%)  loss=6.1578  avg_reward=2044.72  penalty_ratio=0.00%  eta=108.3s
2026-04-08 13:16:01 [INFO] src.pomo_trainer:   batch 440/625 (70.4%)  loss=-9.1124  avg_reward=1330.27  penalty_ratio=0.00%  eta=103.0s
2026-04-08 13:16:07 [INFO] src.pomo_trainer:   batch 450/625 (72.0%)  loss=1.5707  avg_reward=1076.48  penalty_ratio=0.00%  eta=97.5s
2026-04-08 13:16:12 [INFO] src.pomo_trainer:   batch 460/625 (73.6%)  loss=105.3807  avg_reward=2123.73  penalty_ratio=0.00%  eta=91.8s
2026-04-08 13:16:17 [INFO] src.pomo_trainer:   batch 470/625 (75.2%)  loss=9.0345  avg_reward=4085.86  penalty_ratio=0.00%  eta=86.0s
2026-04-08 13:16:22 [INFO] src.pomo_trainer:   batch 480/625 (76.8%)  loss=10.1134  avg_reward=1969.69  penalty_ratio=0.00%  eta=80.3s
2026-04-08 13:16:30 [INFO] src.pomo_trainer:   batch 490/625 (78.4%)  loss=36.0934  avg_reward=3171.66  penalty_ratio=0.00%  eta=75.3s
2026-04-08 13:16:35 [INFO] src.pomo_trainer:   batch 500/625 (80.0%)  loss=-0.1041  avg_reward=-449.52  penalty_ratio=0.00%  eta=69.6s
2026-04-08 13:16:39 [INFO] src.pomo_trainer:   batch 510/625 (81.6%)  loss=38.5667  avg_reward=1407.09  penalty_ratio=0.00%  eta=63.7s
2026-04-08 13:16:45 [INFO] src.pomo_trainer:   batch 520/625 (83.2%)  loss=-1.1845  avg_reward=677.91  penalty_ratio=0.00%  eta=58.2s
2026-04-08 13:16:49 [INFO] src.pomo_trainer:   batch 530/625 (84.8%)  loss=0.0943  avg_reward=1243.80  penalty_ratio=0.00%  eta=52.5s
2026-04-08 13:16:55 [INFO] src.pomo_trainer:   batch 540/625 (86.4%)  loss=3.1668  avg_reward=3075.94  penalty_ratio=0.00%  eta=47.0s
2026-04-08 13:17:02 [INFO] src.pomo_trainer:   batch 550/625 (88.0%)  loss=25.7774  avg_reward=1743.83  penalty_ratio=0.00%  eta=41.6s
2026-04-08 13:17:09 [INFO] src.pomo_trainer:   batch 560/625 (89.6%)  loss=120.8957  avg_reward=2627.80  penalty_ratio=0.00%  eta=36.2s
2026-04-08 13:17:17 [INFO] src.pomo_trainer:   batch 570/625 (91.2%)  loss=47.7355  avg_reward=2015.95  penalty_ratio=0.00%  eta=30.9s
2026-04-08 13:17:23 [INFO] src.pomo_trainer:   batch 580/625 (92.8%)  loss=-23.2519  avg_reward=2048.83  penalty_ratio=0.00%  eta=25.3s
2026-04-08 13:17:29 [INFO] src.pomo_trainer:   batch 590/625 (94.4%)  loss=5.5708  avg_reward=368.44  penalty_ratio=0.00%  eta=19.7s
2026-04-08 13:17:35 [INFO] src.pomo_trainer:   batch 600/625 (96.0%)  loss=79.0668  avg_reward=1445.56  penalty_ratio=0.00%  eta=14.1s
2026-04-08 13:17:39 [INFO] src.pomo_trainer:   batch 610/625 (97.6%)  loss=9.6806  avg_reward=2094.29  penalty_ratio=0.00%  eta=8.4s
2026-04-08 13:17:44 [INFO] src.pomo_trainer:   batch 620/625 (99.2%)  loss=6.4987  avg_reward=1087.01  penalty_ratio=0.00%  eta=2.8s
2026-04-08 13:17:47 [INFO] __main__: Epoch 41  stage=main  loss=35.151460  reward=1892.34  var=233475.22  penalty=0.00%  mem_max=nan%
2026-04-08 13:17:47 [INFO] __main__: Training progress: 41/1000 (4.1%)  elapsed=13538.5s  eta=316669.7s
2026-04-08 13:17:47 [INFO] __main__: 
--- Epoch 42 / 1000 ---
2026-04-08 13:17:51 [INFO] src.pomo_trainer:   batch 10/625 (1.6%)  loss=-14.1377  avg_reward=216.24  penalty_ratio=0.00%  eta=200.1s
2026-04-08 13:17:54 [INFO] src.pomo_trainer:   batch 20/625 (3.2%)  loss=-5.4241  avg_reward=1169.54  penalty_ratio=0.00%  eta=213.5s
2026-04-08 13:18:00 [INFO] src.pomo_trainer:   batch 30/625 (4.8%)  loss=-0.7962  avg_reward=2299.39  penalty_ratio=0.00%  eta=255.8s
2026-04-08 13:18:05 [INFO] src.pomo_trainer:   batch 40/625 (6.4%)  loss=38.0245  avg_reward=2281.71  penalty_ratio=0.00%  eta=259.3s
2026-04-08 13:18:12 [INFO] src.pomo_trainer:   batch 50/625 (8.0%)  loss=101.8557  avg_reward=2494.95  penalty_ratio=0.00%  eta=280.6s
2026-04-08 13:18:17 [INFO] src.pomo_trainer:   batch 60/625 (9.6%)  loss=32.4861  avg_reward=2550.32  penalty_ratio=0.00%  eta=275.1s
2026-04-08 13:18:22 [INFO] src.pomo_trainer:   batch 70/625 (11.2%)  loss=117.9281  avg_reward=1635.00  penalty_ratio=0.00%  eta=275.1s
2026-04-08 13:18:27 [INFO] src.pomo_trainer:   batch 80/625 (12.8%)  loss=-0.0000  avg_reward=-1183.87  penalty_ratio=0.00%  eta=269.6s
2026-04-08 13:18:33 [INFO] src.pomo_trainer:   batch 90/625 (14.4%)  loss=82.9618  avg_reward=1807.14  penalty_ratio=0.00%  eta=269.3s
2026-04-08 13:18:38 [INFO] src.pomo_trainer:   batch 100/625 (16.0%)  loss=-0.0000  avg_reward=-1180.37  penalty_ratio=0.00%  eta=266.6s
2026-04-08 13:18:44 [INFO] src.pomo_trainer:   batch 110/625 (17.6%)  loss=-5.6180  avg_reward=605.78  penalty_ratio=0.00%  eta=263.1s
2026-04-08 13:18:50 [INFO] src.pomo_trainer:   batch 120/625 (19.2%)  loss=-0.0000  avg_reward=-1372.15  penalty_ratio=0.00%  eta=265.2s
2026-04-08 13:18:55 [INFO] src.pomo_trainer:   batch 130/625 (20.8%)  loss=-9.0833  avg_reward=2604.78  penalty_ratio=0.00%  eta=258.0s
2026-04-08 13:19:03 [INFO] src.pomo_trainer:   batch 140/625 (22.4%)  loss=13.0941  avg_reward=2966.76  penalty_ratio=0.00%  eta=261.3s
2026-04-08 13:19:09 [INFO] src.pomo_trainer:   batch 150/625 (24.0%)  loss=50.1478  avg_reward=2475.54  penalty_ratio=0.00%  eta=257.8s
2026-04-08 13:19:16 [INFO] src.pomo_trainer:   batch 160/625 (25.6%)  loss=64.0413  avg_reward=2041.73  penalty_ratio=0.00%  eta=257.1s
2026-04-08 13:19:22 [INFO] src.pomo_trainer:   batch 170/625 (27.2%)  loss=-13.6741  avg_reward=4306.13  penalty_ratio=0.00%  eta=253.5s
2026-04-08 13:19:27 [INFO] src.pomo_trainer:   batch 180/625 (28.8%)  loss=26.0251  avg_reward=1319.33  penalty_ratio=0.00%  eta=246.4s
2026-04-08 13:19:32 [INFO] src.pomo_trainer:   batch 190/625 (30.4%)  loss=-2.8052  avg_reward=24.23  penalty_ratio=0.00%  eta=239.3s
2026-04-08 13:19:37 [INFO] src.pomo_trainer:   batch 200/625 (32.0%)  loss=-13.2734  avg_reward=3845.75  penalty_ratio=0.00%  eta=232.8s
2026-04-08 13:19:43 [INFO] src.pomo_trainer:   batch 210/625 (33.6%)  loss=0.0018  avg_reward=1118.44  penalty_ratio=0.00%  eta=229.0s
2026-04-08 13:19:49 [INFO] src.pomo_trainer:   batch 220/625 (35.2%)  loss=0.0525  avg_reward=-273.78  penalty_ratio=0.00%  eta=224.0s
2026-04-08 13:19:54 [INFO] src.pomo_trainer:   batch 230/625 (36.8%)  loss=-2.5842  avg_reward=281.70  penalty_ratio=0.00%  eta=217.8s
2026-04-08 13:19:59 [INFO] src.pomo_trainer:   batch 240/625 (38.4%)  loss=-14.4607  avg_reward=2624.45  penalty_ratio=0.00%  eta=210.4s
2026-04-08 13:20:04 [INFO] src.pomo_trainer:   batch 250/625 (40.0%)  loss=121.4415  avg_reward=3007.80  penalty_ratio=0.00%  eta=205.4s
2026-04-08 13:20:10 [INFO] src.pomo_trainer:   batch 260/625 (41.6%)  loss=16.9702  avg_reward=-17.01  penalty_ratio=0.00%  eta=200.2s
2026-04-08 13:20:15 [INFO] src.pomo_trainer:   batch 270/625 (43.2%)  loss=-3.3429  avg_reward=784.87  penalty_ratio=0.00%  eta=193.9s
2026-04-08 13:20:21 [INFO] src.pomo_trainer:   batch 280/625 (44.8%)  loss=92.3797  avg_reward=3320.04  penalty_ratio=0.00%  eta=189.1s
2026-04-08 13:20:26 [INFO] src.pomo_trainer:   batch 290/625 (46.4%)  loss=54.4096  avg_reward=2104.79  penalty_ratio=0.00%  eta=183.6s
2026-04-08 13:20:32 [INFO] src.pomo_trainer:   batch 300/625 (48.0%)  loss=-21.9728  avg_reward=2211.48  penalty_ratio=0.00%  eta=177.8s
2026-04-08 13:20:36 [INFO] src.pomo_trainer:   batch 310/625 (49.6%)  loss=83.3289  avg_reward=1268.64  penalty_ratio=0.00%  eta=171.2s
2026-04-08 13:20:42 [INFO] src.pomo_trainer:   batch 320/625 (51.2%)  loss=125.6702  avg_reward=2364.60  penalty_ratio=0.00%  eta=166.5s
2026-04-08 13:20:49 [INFO] src.pomo_trainer:   batch 330/625 (52.8%)  loss=-41.9730  avg_reward=4546.56  penalty_ratio=0.00%  eta=162.4s
2026-04-08 13:20:56 [INFO] src.pomo_trainer:   batch 340/625 (54.4%)  loss=-14.9204  avg_reward=935.26  penalty_ratio=0.00%  eta=158.2s
2026-04-08 13:21:02 [INFO] src.pomo_trainer:   batch 350/625 (56.0%)  loss=-41.3328  avg_reward=3040.07  penalty_ratio=0.00%  eta=152.7s
2026-04-08 13:21:08 [INFO] src.pomo_trainer:   batch 360/625 (57.6%)  loss=74.3744  avg_reward=1479.96  penalty_ratio=0.00%  eta=147.4s
2026-04-08 13:21:12 [INFO] src.pomo_trainer:   batch 370/625 (59.2%)  loss=-6.0613  avg_reward=510.11  penalty_ratio=0.00%  eta=140.7s
2026-04-08 13:21:17 [INFO] src.pomo_trainer:   batch 380/625 (60.8%)  loss=-11.1884  avg_reward=618.83  penalty_ratio=0.00%  eta=135.1s
2026-04-08 13:21:24 [INFO] src.pomo_trainer:   batch 390/625 (62.4%)  loss=95.9728  avg_reward=2119.61  penalty_ratio=0.00%  eta=130.6s
2026-04-08 13:21:30 [INFO] src.pomo_trainer:   batch 400/625 (64.0%)  loss=1.6998  avg_reward=666.94  penalty_ratio=0.00%  eta=125.4s
2026-04-08 13:21:36 [INFO] src.pomo_trainer:   batch 410/625 (65.6%)  loss=150.2906  avg_reward=1583.62  penalty_ratio=0.00%  eta=119.9s
2026-04-08 13:21:40 [INFO] src.pomo_trainer:   batch 420/625 (67.2%)  loss=36.1110  avg_reward=708.96  penalty_ratio=0.00%  eta=113.3s
2026-04-08 13:21:44 [INFO] src.pomo_trainer:   batch 430/625 (68.8%)  loss=-1.5766  avg_reward=2270.19  penalty_ratio=0.00%  eta=107.3s
2026-04-08 13:21:48 [INFO] src.pomo_trainer:   batch 440/625 (70.4%)  loss=68.2674  avg_reward=1025.54  penalty_ratio=0.00%  eta=101.0s
2026-04-08 13:21:52 [INFO] src.pomo_trainer:   batch 450/625 (72.0%)  loss=2.3155  avg_reward=279.90  penalty_ratio=0.00%  eta=95.2s
2026-04-08 13:21:56 [INFO] src.pomo_trainer:   batch 460/625 (73.6%)  loss=-2.3765  avg_reward=-317.21  penalty_ratio=0.00%  eta=89.3s
2026-04-08 13:22:01 [INFO] src.pomo_trainer:   batch 470/625 (75.2%)  loss=-0.1004  avg_reward=2001.68  penalty_ratio=0.00%  eta=83.5s
2026-04-08 13:22:07 [INFO] src.pomo_trainer:   batch 480/625 (76.8%)  loss=-4.3333  avg_reward=1094.11  penalty_ratio=0.00%  eta=78.5s
2026-04-08 13:22:13 [INFO] src.pomo_trainer:   batch 490/625 (78.4%)  loss=-18.8522  avg_reward=498.72  penalty_ratio=0.00%  eta=73.2s
2026-04-08 13:22:20 [INFO] src.pomo_trainer:   batch 500/625 (80.0%)  loss=156.3080  avg_reward=3084.81  penalty_ratio=0.00%  eta=68.1s
2026-04-08 13:22:25 [INFO] src.pomo_trainer:   batch 510/625 (81.6%)  loss=112.2221  avg_reward=3396.07  penalty_ratio=0.00%  eta=62.6s
2026-04-08 13:22:31 [INFO] src.pomo_trainer:   batch 520/625 (83.2%)  loss=113.8956  avg_reward=1992.63  penalty_ratio=0.00%  eta=57.2s
2026-04-08 13:22:37 [INFO] src.pomo_trainer:   batch 530/625 (84.8%)  loss=47.8367  avg_reward=1959.22  penalty_ratio=0.00%  eta=51.9s
2026-04-08 13:22:42 [INFO] src.pomo_trainer:   batch 540/625 (86.4%)  loss=181.9863  avg_reward=2725.07  penalty_ratio=0.00%  eta=46.4s
2026-04-08 13:22:48 [INFO] src.pomo_trainer:   batch 550/625 (88.0%)  loss=-7.0205  avg_reward=2596.94  penalty_ratio=0.00%  eta=41.0s
2026-04-08 13:22:55 [INFO] src.pomo_trainer:   batch 560/625 (89.6%)  loss=97.0061  avg_reward=2736.15  penalty_ratio=0.00%  eta=35.7s
2026-04-08 13:23:00 [INFO] src.pomo_trainer:   batch 570/625 (91.2%)  loss=-6.4853  avg_reward=1956.96  penalty_ratio=0.00%  eta=30.2s
2026-04-08 13:23:05 [INFO] src.pomo_trainer:   batch 580/625 (92.8%)  loss=-8.1449  avg_reward=346.36  penalty_ratio=0.00%  eta=24.7s
2026-04-08 13:23:10 [INFO] src.pomo_trainer:   batch 590/625 (94.4%)  loss=-17.7730  avg_reward=5371.99  penalty_ratio=0.00%  eta=19.1s
2026-04-08 13:23:16 [INFO] src.pomo_trainer:   batch 600/625 (96.0%)  loss=-21.6676  avg_reward=2083.67  penalty_ratio=0.00%  eta=13.7s
2026-04-08 13:23:20 [INFO] src.pomo_trainer:   batch 610/625 (97.6%)  loss=-7.2228  avg_reward=229.83  penalty_ratio=0.00%  eta=8.2s
2026-04-08 13:23:24 [INFO] src.pomo_trainer:   batch 620/625 (99.2%)  loss=-6.9822  avg_reward=3785.54  penalty_ratio=0.00%  eta=2.7s
2026-04-08 13:23:27 [INFO] __main__: Epoch 42  stage=main  loss=30.611273  reward=1940.22  var=235723.50  penalty=0.00%  mem_max=nan%
2026-04-08 13:23:27 [INFO] __main__: Training progress: 42/1000 (4.2%)  elapsed=13878.2s  eta=316555.9s
2026-04-08 13:23:27 [INFO] __main__: 
--- Epoch 43 / 1000 ---
2026-04-08 13:23:32 [INFO] src.pomo_trainer:   batch 10/625 (1.6%)  loss=26.6095  avg_reward=2794.96  penalty_ratio=0.00%  eta=323.7s
2026-04-08 13:23:39 [INFO] src.pomo_trainer:   batch 20/625 (3.2%)  loss=3.9413  avg_reward=890.73  penalty_ratio=0.00%  eta=354.0s
2026-04-08 13:23:45 [INFO] src.pomo_trainer:   batch 30/625 (4.8%)  loss=15.7392  avg_reward=2291.10  penalty_ratio=0.00%  eta=350.8s
2026-04-08 13:23:51 [INFO] src.pomo_trainer:   batch 40/625 (6.4%)  loss=83.2922  avg_reward=3912.15  penalty_ratio=0.00%  eta=347.0s
2026-04-08 13:23:54 [INFO] src.pomo_trainer:   batch 50/625 (8.0%)  loss=-4.0563  avg_reward=335.45  penalty_ratio=0.00%  eta=311.1s
2026-04-08 13:24:00 [INFO] src.pomo_trainer:   batch 60/625 (9.6%)  loss=28.1880  avg_reward=4680.72  penalty_ratio=0.00%  eta=310.6s
2026-04-08 13:24:06 [INFO] src.pomo_trainer:   batch 70/625 (11.2%)  loss=-0.8007  avg_reward=782.55  penalty_ratio=0.00%  eta=306.1s
2026-04-08 13:24:10 [INFO] src.pomo_trainer:   batch 80/625 (12.8%)  loss=-43.6555  avg_reward=3860.75  penalty_ratio=0.00%  eta=292.5s
2026-04-08 13:24:15 [INFO] src.pomo_trainer:   batch 90/625 (14.4%)  loss=-4.7996  avg_reward=676.97  penalty_ratio=0.00%  eta=286.0s
2026-04-08 13:24:21 [INFO] src.pomo_trainer:   batch 100/625 (16.0%)  loss=69.0257  avg_reward=1698.78  penalty_ratio=0.00%  eta=285.1s
2026-04-08 13:24:26 [INFO] src.pomo_trainer:   batch 110/625 (17.6%)  loss=-11.1524  avg_reward=2375.97  penalty_ratio=0.00%  eta=277.3s
2026-04-08 13:24:32 [INFO] src.pomo_trainer:   batch 120/625 (19.2%)  loss=-0.0029  avg_reward=-395.04  penalty_ratio=0.00%  eta=273.7s
2026-04-08 13:24:39 [INFO] src.pomo_trainer:   batch 130/625 (20.8%)  loss=-10.5035  avg_reward=2972.53  penalty_ratio=0.00%  eta=274.6s
2026-04-08 13:24:44 [INFO] src.pomo_trainer:   batch 140/625 (22.4%)  loss=-2.4026  avg_reward=496.98  penalty_ratio=0.00%  eta=266.3s
2026-04-08 13:24:51 [INFO] src.pomo_trainer:   batch 150/625 (24.0%)  loss=119.5716  avg_reward=1332.38  penalty_ratio=0.00%  eta=265.4s
2026-04-08 13:24:56 [INFO] src.pomo_trainer:   batch 160/625 (25.6%)  loss=141.0154  avg_reward=1786.47  penalty_ratio=0.00%  eta=259.5s
2026-04-08 13:25:03 [INFO] src.pomo_trainer:   batch 170/625 (27.2%)  loss=21.0772  avg_reward=2688.95  penalty_ratio=0.00%  eta=257.8s
2026-04-08 13:25:07 [INFO] src.pomo_trainer:   batch 180/625 (28.8%)  loss=2.8950  avg_reward=-696.65  penalty_ratio=0.00%  eta=245.9s
2026-04-08 13:25:12 [INFO] src.pomo_trainer:   batch 190/625 (30.4%)  loss=-5.5002  avg_reward=-402.52  penalty_ratio=0.00%  eta=240.3s
2026-04-08 13:25:17 [INFO] src.pomo_trainer:   batch 200/625 (32.0%)  loss=3.0043  avg_reward=2141.67  penalty_ratio=0.00%  eta=233.8s
2026-04-08 13:25:22 [INFO] src.pomo_trainer:   batch 210/625 (33.6%)  loss=-0.0003  avg_reward=36.40  penalty_ratio=0.00%  eta=227.6s
2026-04-08 13:25:28 [INFO] src.pomo_trainer:   batch 220/625 (35.2%)  loss=-50.5774  avg_reward=2128.25  penalty_ratio=0.00%  eta=223.1s
2026-04-08 13:25:36 [INFO] src.pomo_trainer:   batch 230/625 (36.8%)  loss=94.2063  avg_reward=2496.61  penalty_ratio=0.00%  eta=221.0s
2026-04-08 13:25:43 [INFO] src.pomo_trainer:   batch 240/625 (38.4%)  loss=-32.1141  avg_reward=2478.35  penalty_ratio=0.00%  eta=218.4s
2026-04-08 13:25:50 [INFO] src.pomo_trainer:   batch 250/625 (40.0%)  loss=-8.3033  avg_reward=2886.40  penalty_ratio=0.00%  eta=214.2s
2026-04-08 13:25:54 [INFO] src.pomo_trainer:   batch 260/625 (41.6%)  loss=-0.1949  avg_reward=-259.72  penalty_ratio=0.00%  eta=206.1s
2026-04-08 13:26:00 [INFO] src.pomo_trainer:   batch 270/625 (43.2%)  loss=-0.0000  avg_reward=-402.29  penalty_ratio=0.00%  eta=201.1s
2026-04-08 13:26:06 [INFO] src.pomo_trainer:   batch 280/625 (44.8%)  loss=-10.8257  avg_reward=2566.87  penalty_ratio=0.00%  eta=195.2s
2026-04-08 13:26:11 [INFO] src.pomo_trainer:   batch 290/625 (46.4%)  loss=-22.5836  avg_reward=3790.96  penalty_ratio=0.00%  eta=188.9s
2026-04-08 13:26:15 [INFO] src.pomo_trainer:   batch 300/625 (48.0%)  loss=47.4775  avg_reward=2986.30  penalty_ratio=0.00%  eta=181.7s
2026-04-08 13:26:23 [INFO] src.pomo_trainer:   batch 310/625 (49.6%)  loss=19.7186  avg_reward=1545.16  penalty_ratio=0.00%  eta=178.6s
2026-04-08 13:26:30 [INFO] src.pomo_trainer:   batch 320/625 (51.2%)  loss=-37.6507  avg_reward=1471.56  penalty_ratio=0.00%  eta=174.6s
2026-04-08 13:26:36 [INFO] src.pomo_trainer:   batch 330/625 (52.8%)  loss=-23.6034  avg_reward=283.09  penalty_ratio=0.00%  eta=168.9s
2026-04-08 13:26:40 [INFO] src.pomo_trainer:   batch 340/625 (54.4%)  loss=74.9006  avg_reward=2208.87  penalty_ratio=0.00%  eta=162.1s
2026-04-08 13:26:46 [INFO] src.pomo_trainer:   batch 350/625 (56.0%)  loss=-56.6983  avg_reward=2573.96  penalty_ratio=0.00%  eta=156.5s
2026-04-08 13:26:52 [INFO] src.pomo_trainer:   batch 360/625 (57.6%)  loss=-5.3969  avg_reward=3614.39  penalty_ratio=0.00%  eta=150.6s
2026-04-08 13:26:58 [INFO] src.pomo_trainer:   batch 370/625 (59.2%)  loss=-14.7512  avg_reward=2518.74  penalty_ratio=0.00%  eta=145.2s
2026-04-08 13:27:03 [INFO] src.pomo_trainer:   batch 380/625 (60.8%)  loss=147.5651  avg_reward=3601.84  penalty_ratio=0.00%  eta=139.4s
2026-04-08 13:27:09 [INFO] src.pomo_trainer:   batch 390/625 (62.4%)  loss=91.9811  avg_reward=2714.27  penalty_ratio=0.00%  eta=134.0s
2026-04-08 13:27:17 [INFO] src.pomo_trainer:   batch 400/625 (64.0%)  loss=50.5640  avg_reward=1996.84  penalty_ratio=0.00%  eta=129.1s
2026-04-08 13:27:20 [INFO] src.pomo_trainer:   batch 410/625 (65.6%)  loss=-5.2442  avg_reward=1399.32  penalty_ratio=0.00%  eta=122.2s
2026-04-08 13:27:26 [INFO] src.pomo_trainer:   batch 420/625 (67.2%)  loss=-13.2087  avg_reward=3996.21  penalty_ratio=0.00%  eta=116.5s
2026-04-08 13:27:33 [INFO] src.pomo_trainer:   batch 430/625 (68.8%)  loss=0.7738  avg_reward=1194.50  penalty_ratio=0.00%  eta=111.5s
2026-04-08 13:27:38 [INFO] src.pomo_trainer:   batch 440/625 (70.4%)  loss=-15.8007  avg_reward=4183.14  penalty_ratio=0.00%  eta=105.4s
2026-04-08 13:27:43 [INFO] src.pomo_trainer:   batch 450/625 (72.0%)  loss=-20.0450  avg_reward=2149.97  penalty_ratio=0.00%  eta=99.4s
2026-04-08 13:27:47 [INFO] src.pomo_trainer:   batch 460/625 (73.6%)  loss=-11.8198  avg_reward=2112.79  penalty_ratio=0.00%  eta=93.2s
2026-04-08 13:27:51 [INFO] src.pomo_trainer:   batch 470/625 (75.2%)  loss=15.6677  avg_reward=1547.80  penalty_ratio=0.00%  eta=87.1s
2026-04-08 13:27:57 [INFO] src.pomo_trainer:   batch 480/625 (76.8%)  loss=-26.9058  avg_reward=4017.63  penalty_ratio=0.00%  eta=81.5s
2026-04-08 13:28:04 [INFO] src.pomo_trainer:   batch 490/625 (78.4%)  loss=111.6575  avg_reward=1781.15  penalty_ratio=0.00%  eta=76.4s
2026-04-08 13:28:11 [INFO] src.pomo_trainer:   batch 500/625 (80.0%)  loss=168.1641  avg_reward=1771.69  penalty_ratio=0.00%  eta=71.0s
2026-04-08 13:28:17 [INFO] src.pomo_trainer:   batch 510/625 (81.6%)  loss=12.3373  avg_reward=4612.39  penalty_ratio=0.00%  eta=65.4s
2026-04-08 13:28:23 [INFO] src.pomo_trainer:   batch 520/625 (83.2%)  loss=250.7646  avg_reward=2270.28  penalty_ratio=0.00%  eta=59.6s
2026-04-08 13:28:28 [INFO] src.pomo_trainer:   batch 530/625 (84.8%)  loss=-7.7752  avg_reward=3813.21  penalty_ratio=0.00%  eta=54.0s
2026-04-08 13:28:34 [INFO] src.pomo_trainer:   batch 540/625 (86.4%)  loss=-4.4928  avg_reward=664.21  penalty_ratio=0.00%  eta=48.4s
2026-04-08 13:28:41 [INFO] src.pomo_trainer:   batch 550/625 (88.0%)  loss=1.3780  avg_reward=1023.12  penalty_ratio=0.00%  eta=42.8s
2026-04-08 13:28:47 [INFO] src.pomo_trainer:   batch 560/625 (89.6%)  loss=52.1987  avg_reward=2333.72  penalty_ratio=0.00%  eta=37.1s
2026-04-08 13:28:53 [INFO] src.pomo_trainer:   batch 570/625 (91.2%)  loss=77.1746  avg_reward=3560.07  penalty_ratio=0.00%  eta=31.4s
2026-04-08 13:28:59 [INFO] src.pomo_trainer:   batch 580/625 (92.8%)  loss=-17.3677  avg_reward=1391.72  penalty_ratio=0.00%  eta=25.7s
2026-04-08 13:29:03 [INFO] src.pomo_trainer:   batch 590/625 (94.4%)  loss=-0.0000  avg_reward=-1159.50  penalty_ratio=0.00%  eta=19.9s
2026-04-08 13:29:08 [INFO] src.pomo_trainer:   batch 600/625 (96.0%)  loss=-30.4123  avg_reward=1884.00  penalty_ratio=0.00%  eta=14.2s
2026-04-08 13:29:11 [INFO] src.pomo_trainer:   batch 610/625 (97.6%)  loss=85.2067  avg_reward=2195.33  penalty_ratio=0.00%  eta=8.5s
2026-04-08 13:29:16 [INFO] src.pomo_trainer:   batch 620/625 (99.2%)  loss=31.0294  avg_reward=2486.03  penalty_ratio=0.00%  eta=2.8s
2026-04-08 13:29:20 [INFO] __main__: Epoch 43  stage=main  loss=30.798535  reward=1968.21  var=230294.51  penalty=0.00%  mem_max=nan%
2026-04-08 13:29:20 [INFO] __main__: Training progress: 43/1000 (4.3%)  elapsed=14231.5s  eta=316732.6s
2026-04-08 13:29:20 [INFO] __main__: 
--- Epoch 44 / 1000 ---
2026-04-08 13:29:28 [INFO] src.pomo_trainer:   batch 10/625 (1.6%)  loss=95.9882  avg_reward=2814.23  penalty_ratio=0.00%  eta=473.7s
2026-04-08 13:29:31 [INFO] src.pomo_trainer:   batch 20/625 (3.2%)  loss=-8.8600  avg_reward=1648.61  penalty_ratio=0.00%  eta=328.2s
2026-04-08 13:29:35 [INFO] src.pomo_trainer:   batch 30/625 (4.8%)  loss=121.0068  avg_reward=1465.20  penalty_ratio=0.00%  eta=296.5s
2026-04-08 13:29:42 [INFO] src.pomo_trainer:   batch 40/625 (6.4%)  loss=14.3079  avg_reward=2265.18  penalty_ratio=0.00%  eta=315.4s
2026-04-08 13:29:46 [INFO] src.pomo_trainer:   batch 50/625 (8.0%)  loss=40.5981  avg_reward=1880.27  penalty_ratio=0.00%  eta=296.8s
2026-04-08 13:29:50 [INFO] src.pomo_trainer:   batch 60/625 (9.6%)  loss=-0.0000  avg_reward=-176.35  penalty_ratio=0.00%  eta=279.6s
2026-04-08 13:29:56 [INFO] src.pomo_trainer:   batch 70/625 (11.2%)  loss=0.0929  avg_reward=-368.80  penalty_ratio=0.00%  eta=286.4s
2026-04-08 13:30:01 [INFO] src.pomo_trainer:   batch 80/625 (12.8%)  loss=1.4594  avg_reward=734.25  penalty_ratio=0.00%  eta=278.1s
2026-04-08 13:30:06 [INFO] src.pomo_trainer:   batch 90/625 (14.4%)  loss=-8.2650  avg_reward=1414.63  penalty_ratio=0.00%  eta=269.2s
2026-04-08 13:30:11 [INFO] src.pomo_trainer:   batch 100/625 (16.0%)  loss=-0.0000  avg_reward=-1167.93  penalty_ratio=0.00%  eta=263.9s
2026-04-08 13:30:15 [INFO] src.pomo_trainer:   batch 110/625 (17.6%)  loss=138.1462  avg_reward=3845.37  penalty_ratio=0.00%  eta=257.2s
2026-04-08 13:30:21 [INFO] src.pomo_trainer:   batch 120/625 (19.2%)  loss=-12.6931  avg_reward=711.29  penalty_ratio=0.00%  eta=253.4s
2026-04-08 13:30:26 [INFO] src.pomo_trainer:   batch 130/625 (20.8%)  loss=118.5281  avg_reward=2399.92  penalty_ratio=0.00%  eta=250.7s
2026-04-08 13:30:31 [INFO] src.pomo_trainer:   batch 140/625 (22.4%)  loss=23.2218  avg_reward=1685.56  penalty_ratio=0.00%  eta=245.3s
2026-04-08 13:30:35 [INFO] src.pomo_trainer:   batch 150/625 (24.0%)  loss=24.5221  avg_reward=1142.84  penalty_ratio=0.00%  eta=235.1s
2026-04-08 13:30:40 [INFO] src.pomo_trainer:   batch 160/625 (25.6%)  loss=65.6393  avg_reward=1719.72  penalty_ratio=0.00%  eta=232.1s
2026-04-08 13:30:45 [INFO] src.pomo_trainer:   batch 170/625 (27.2%)  loss=-2.2553  avg_reward=2678.73  penalty_ratio=0.00%  eta=226.2s
2026-04-08 13:30:51 [INFO] src.pomo_trainer:   batch 180/625 (28.8%)  loss=-11.2723  avg_reward=1892.78  penalty_ratio=0.00%  eta=223.8s
2026-04-08 13:30:57 [INFO] src.pomo_trainer:   batch 190/625 (30.4%)  loss=141.5753  avg_reward=3328.69  penalty_ratio=0.00%  eta=222.3s
2026-04-08 13:31:05 [INFO] src.pomo_trainer:   batch 200/625 (32.0%)  loss=77.1916  avg_reward=2502.82  penalty_ratio=0.00%  eta=221.5s
2026-04-08 13:31:11 [INFO] src.pomo_trainer:   batch 210/625 (33.6%)  loss=-8.6049  avg_reward=106.57  penalty_ratio=0.00%  eta=218.6s
2026-04-08 13:31:17 [INFO] src.pomo_trainer:   batch 220/625 (35.2%)  loss=46.1784  avg_reward=2063.45  penalty_ratio=0.00%  eta=215.1s
2026-04-08 13:31:21 [INFO] src.pomo_trainer:   batch 230/625 (36.8%)  loss=-4.1050  avg_reward=-474.07  penalty_ratio=0.00%  eta=207.7s
2026-04-08 13:31:26 [INFO] src.pomo_trainer:   batch 240/625 (38.4%)  loss=60.3150  avg_reward=4492.45  penalty_ratio=0.00%  eta=201.7s
2026-04-08 13:31:32 [INFO] src.pomo_trainer:   batch 250/625 (40.0%)  loss=1.5867  avg_reward=-236.91  penalty_ratio=0.00%  eta=197.2s
2026-04-08 13:31:35 [INFO] src.pomo_trainer:   batch 260/625 (41.6%)  loss=-0.0000  avg_reward=-1075.02  penalty_ratio=0.00%  eta=189.4s
2026-04-08 13:31:42 [INFO] src.pomo_trainer:   batch 270/625 (43.2%)  loss=-7.9160  avg_reward=1761.05  penalty_ratio=0.00%  eta=186.1s
2026-04-08 13:31:46 [INFO] src.pomo_trainer:   batch 280/625 (44.8%)  loss=-11.5157  avg_reward=1227.01  penalty_ratio=0.00%  eta=179.1s
2026-04-08 13:31:49 [INFO] src.pomo_trainer:   batch 290/625 (46.4%)  loss=33.4078  avg_reward=1947.29  penalty_ratio=0.00%  eta=172.3s
2026-04-08 13:31:54 [INFO] src.pomo_trainer:   batch 300/625 (48.0%)  loss=-3.0186  avg_reward=227.73  penalty_ratio=0.00%  eta=166.6s
2026-04-08 13:32:00 [INFO] src.pomo_trainer:   batch 310/625 (49.6%)  loss=78.6465  avg_reward=1720.37  penalty_ratio=0.00%  eta=161.8s
2026-04-08 13:32:04 [INFO] src.pomo_trainer:   batch 320/625 (51.2%)  loss=62.8397  avg_reward=2458.91  penalty_ratio=0.00%  eta=156.3s
2026-04-08 13:32:10 [INFO] src.pomo_trainer:   batch 330/625 (52.8%)  loss=10.9864  avg_reward=602.82  penalty_ratio=0.00%  eta=151.6s
2026-04-08 13:32:17 [INFO] src.pomo_trainer:   batch 340/625 (54.4%)  loss=-3.4274  avg_reward=1175.20  penalty_ratio=0.00%  eta=147.7s
2026-04-08 13:32:20 [INFO] src.pomo_trainer:   batch 350/625 (56.0%)  loss=-1.1416  avg_reward=629.15  penalty_ratio=0.00%  eta=141.5s
2026-04-08 13:32:28 [INFO] src.pomo_trainer:   batch 360/625 (57.6%)  loss=88.3200  avg_reward=1874.15  penalty_ratio=0.00%  eta=137.9s
2026-04-08 13:32:32 [INFO] src.pomo_trainer:   batch 370/625 (59.2%)  loss=3.1661  avg_reward=1722.05  penalty_ratio=0.00%  eta=131.8s
2026-04-08 13:32:36 [INFO] src.pomo_trainer:   batch 380/625 (60.8%)  loss=-2.2635  avg_reward=547.51  penalty_ratio=0.00%  eta=126.3s
2026-04-08 13:32:42 [INFO] src.pomo_trainer:   batch 390/625 (62.4%)  loss=47.4553  avg_reward=2409.10  penalty_ratio=0.00%  eta=121.8s
2026-04-08 13:32:47 [INFO] src.pomo_trainer:   batch 400/625 (64.0%)  loss=-2.6770  avg_reward=615.03  penalty_ratio=0.00%  eta=116.1s
2026-04-08 13:32:53 [INFO] src.pomo_trainer:   batch 410/625 (65.6%)  loss=87.3087  avg_reward=2698.73  penalty_ratio=0.00%  eta=111.4s
2026-04-08 13:32:55 [INFO] src.pomo_trainer:   batch 420/625 (67.2%)  loss=-2.8573  avg_reward=961.47  penalty_ratio=0.00%  eta=104.9s
2026-04-08 13:33:00 [INFO] src.pomo_trainer:   batch 430/625 (68.8%)  loss=4.0098  avg_reward=1919.72  penalty_ratio=0.00%  eta=99.4s
2026-04-08 13:33:05 [INFO] src.pomo_trainer:   batch 440/625 (70.4%)  loss=126.9772  avg_reward=2714.93  penalty_ratio=0.00%  eta=94.6s
2026-04-08 13:33:12 [INFO] src.pomo_trainer:   batch 450/625 (72.0%)  loss=169.6815  avg_reward=3198.55  penalty_ratio=0.00%  eta=90.2s
2026-04-08 13:33:19 [INFO] src.pomo_trainer:   batch 460/625 (73.6%)  loss=49.8723  avg_reward=1927.21  penalty_ratio=0.00%  eta=85.6s
2026-04-08 13:33:26 [INFO] src.pomo_trainer:   batch 470/625 (75.2%)  loss=-0.0415  avg_reward=-228.00  penalty_ratio=0.00%  eta=81.0s
2026-04-08 13:33:32 [INFO] src.pomo_trainer:   batch 480/625 (76.8%)  loss=6.8050  avg_reward=1404.46  penalty_ratio=0.00%  eta=76.0s
2026-04-08 13:33:39 [INFO] src.pomo_trainer:   batch 490/625 (78.4%)  loss=92.3788  avg_reward=2142.24  penalty_ratio=0.00%  eta=71.2s
2026-04-08 13:33:43 [INFO] src.pomo_trainer:   batch 500/625 (80.0%)  loss=9.8976  avg_reward=2053.87  penalty_ratio=0.00%  eta=65.7s
2026-04-08 13:33:49 [INFO] src.pomo_trainer:   batch 510/625 (81.6%)  loss=11.8503  avg_reward=4522.23  penalty_ratio=0.00%  eta=60.6s
2026-04-08 13:33:53 [INFO] src.pomo_trainer:   batch 520/625 (83.2%)  loss=-0.5640  avg_reward=680.43  penalty_ratio=0.00%  eta=55.0s
2026-04-08 13:34:00 [INFO] src.pomo_trainer:   batch 530/625 (84.8%)  loss=45.8689  avg_reward=3125.73  penalty_ratio=0.00%  eta=50.2s
2026-04-08 13:34:06 [INFO] src.pomo_trainer:   batch 540/625 (86.4%)  loss=76.9216  avg_reward=1525.76  penalty_ratio=0.00%  eta=45.0s
2026-04-08 13:34:12 [INFO] src.pomo_trainer:   batch 550/625 (88.0%)  loss=45.3168  avg_reward=2520.12  penalty_ratio=0.00%  eta=39.7s
2026-04-08 13:34:18 [INFO] src.pomo_trainer:   batch 560/625 (89.6%)  loss=-8.7985  avg_reward=2560.10  penalty_ratio=0.00%  eta=34.6s
2026-04-08 13:34:25 [INFO] src.pomo_trainer:   batch 570/625 (91.2%)  loss=-13.1220  avg_reward=801.64  penalty_ratio=0.00%  eta=29.4s
2026-04-08 13:34:31 [INFO] src.pomo_trainer:   batch 580/625 (92.8%)  loss=115.8891  avg_reward=2199.05  penalty_ratio=0.00%  eta=24.1s
2026-04-08 13:34:37 [INFO] src.pomo_trainer:   batch 590/625 (94.4%)  loss=94.0210  avg_reward=2640.54  penalty_ratio=0.00%  eta=18.8s
2026-04-08 13:34:44 [INFO] src.pomo_trainer:   batch 600/625 (96.0%)  loss=-0.0000  avg_reward=-1275.46  penalty_ratio=0.00%  eta=13.5s
2026-04-08 13:34:49 [INFO] src.pomo_trainer:   batch 610/625 (97.6%)  loss=59.5199  avg_reward=1633.05  penalty_ratio=0.00%  eta=8.1s
2026-04-08 13:34:53 [INFO] src.pomo_trainer:   batch 620/625 (99.2%)  loss=19.5062  avg_reward=1593.10  penalty_ratio=0.00%  eta=2.7s
2026-04-08 13:34:57 [INFO] __main__: Epoch 44  stage=main  loss=31.953753  reward=1889.02  var=232018.15  penalty=0.00%  mem_max=nan%
2026-04-08 13:34:57 [INFO] __main__: Training progress: 44/1000 (4.4%)  elapsed=14568.2s  eta=316527.1s
2026-04-08 13:34:57 [INFO] __main__: 
--- Epoch 45 / 1000 ---
2026-04-08 13:35:02 [INFO] src.pomo_trainer:   batch 10/625 (1.6%)  loss=-0.0000  avg_reward=60.04  penalty_ratio=0.00%  eta=317.4s
2026-04-08 13:35:07 [INFO] src.pomo_trainer:   batch 20/625 (3.2%)  loss=71.8378  avg_reward=1848.65  penalty_ratio=0.00%  eta=285.5s
2026-04-08 13:35:14 [INFO] src.pomo_trainer:   batch 30/625 (4.8%)  loss=102.4306  avg_reward=2381.13  penalty_ratio=0.00%  eta=332.6s
2026-04-08 13:35:19 [INFO] src.pomo_trainer:   batch 40/625 (6.4%)  loss=6.3890  avg_reward=2083.21  penalty_ratio=0.00%  eta=323.2s
2026-04-08 13:35:25 [INFO] src.pomo_trainer:   batch 50/625 (8.0%)  loss=-0.5186  avg_reward=2731.56  penalty_ratio=0.00%  eta=321.1s
2026-04-08 13:35:30 [INFO] src.pomo_trainer:   batch 60/625 (9.6%)  loss=-13.6348  avg_reward=860.60  penalty_ratio=0.00%  eta=310.8s
2026-04-08 13:35:34 [INFO] src.pomo_trainer:   batch 70/625 (11.2%)  loss=123.7135  avg_reward=1929.14  penalty_ratio=0.00%  eta=292.6s
2026-04-08 13:35:39 [INFO] src.pomo_trainer:   batch 80/625 (12.8%)  loss=5.0132  avg_reward=4356.25  penalty_ratio=0.00%  eta=284.2s
2026-04-08 13:35:43 [INFO] src.pomo_trainer:   batch 90/625 (14.4%)  loss=62.5008  avg_reward=2967.52  penalty_ratio=0.00%  eta=274.0s
2026-04-08 13:35:48 [INFO] src.pomo_trainer:   batch 100/625 (16.0%)  loss=104.4305  avg_reward=3270.75  penalty_ratio=0.00%  eta=268.5s
2026-04-08 13:35:53 [INFO] src.pomo_trainer:   batch 110/625 (17.6%)  loss=2.5609  avg_reward=212.74  penalty_ratio=0.00%  eta=261.2s
2026-04-08 13:35:58 [INFO] src.pomo_trainer:   batch 120/625 (19.2%)  loss=-10.8624  avg_reward=674.16  penalty_ratio=0.00%  eta=257.3s
2026-04-08 13:36:05 [INFO] src.pomo_trainer:   batch 130/625 (20.8%)  loss=34.5255  avg_reward=2583.52  penalty_ratio=0.00%  eta=259.6s
2026-04-08 13:36:10 [INFO] src.pomo_trainer:   batch 140/625 (22.4%)  loss=-2.2471  avg_reward=-151.85  penalty_ratio=0.00%  eta=252.4s
2026-04-08 13:36:15 [INFO] src.pomo_trainer:   batch 150/625 (24.0%)  loss=58.0905  avg_reward=2500.95  penalty_ratio=0.00%  eta=246.0s
2026-04-08 13:36:21 [INFO] src.pomo_trainer:   batch 160/625 (25.6%)  loss=55.8574  avg_reward=2313.91  penalty_ratio=0.00%  eta=242.8s
2026-04-08 13:36:26 [INFO] src.pomo_trainer:   batch 170/625 (27.2%)  loss=91.9947  avg_reward=1971.76  penalty_ratio=0.00%  eta=237.1s
2026-04-08 13:36:31 [INFO] src.pomo_trainer:   batch 180/625 (28.8%)  loss=-15.4264  avg_reward=2978.60  penalty_ratio=0.00%  eta=231.6s
2026-04-08 13:36:36 [INFO] src.pomo_trainer:   batch 190/625 (30.4%)  loss=80.0526  avg_reward=2554.89  penalty_ratio=0.00%  eta=227.3s
2026-04-08 13:36:43 [INFO] src.pomo_trainer:   batch 200/625 (32.0%)  loss=-3.3748  avg_reward=715.35  penalty_ratio=0.00%  eta=224.8s
2026-04-08 13:36:48 [INFO] src.pomo_trainer:   batch 210/625 (33.6%)  loss=79.2161  avg_reward=1895.51  penalty_ratio=0.00%  eta=218.8s
2026-04-08 13:36:55 [INFO] src.pomo_trainer:   batch 220/625 (35.2%)  loss=29.4647  avg_reward=2222.21  penalty_ratio=0.00%  eta=216.8s
2026-04-08 13:37:00 [INFO] src.pomo_trainer:   batch 230/625 (36.8%)  loss=-27.6968  avg_reward=1422.99  penalty_ratio=0.00%  eta=210.8s
2026-04-08 13:37:06 [INFO] src.pomo_trainer:   batch 240/625 (38.4%)  loss=169.1379  avg_reward=3445.55  penalty_ratio=0.00%  eta=206.8s
2026-04-08 13:37:14 [INFO] src.pomo_trainer:   batch 250/625 (40.0%)  loss=-11.8426  avg_reward=4771.00  penalty_ratio=0.00%  eta=205.4s
2026-04-08 13:37:20 [INFO] src.pomo_trainer:   batch 260/625 (41.6%)  loss=-5.4461  avg_reward=1133.96  penalty_ratio=0.00%  eta=201.1s
2026-04-08 13:37:24 [INFO] src.pomo_trainer:   batch 270/625 (43.2%)  loss=1.3308  avg_reward=953.30  penalty_ratio=0.00%  eta=193.3s
2026-04-08 13:37:30 [INFO] src.pomo_trainer:   batch 280/625 (44.8%)  loss=138.0082  avg_reward=2596.36  penalty_ratio=0.00%  eta=188.5s
2026-04-08 13:37:34 [INFO] src.pomo_trainer:   batch 290/625 (46.4%)  loss=42.9889  avg_reward=1516.96  penalty_ratio=0.00%  eta=181.4s
2026-04-08 13:37:41 [INFO] src.pomo_trainer:   batch 300/625 (48.0%)  loss=69.8154  avg_reward=1553.50  penalty_ratio=0.00%  eta=177.3s
2026-04-08 13:37:46 [INFO] src.pomo_trainer:   batch 310/625 (49.6%)  loss=-5.3379  avg_reward=1713.35  penalty_ratio=0.00%  eta=171.7s
2026-04-08 13:37:50 [INFO] src.pomo_trainer:   batch 320/625 (51.2%)  loss=-26.8123  avg_reward=3942.15  penalty_ratio=0.00%  eta=164.9s
2026-04-08 13:37:56 [INFO] src.pomo_trainer:   batch 330/625 (52.8%)  loss=96.0652  avg_reward=2060.95  penalty_ratio=0.00%  eta=159.9s
2026-04-08 13:38:03 [INFO] src.pomo_trainer:   batch 340/625 (54.4%)  loss=16.2929  avg_reward=3001.21  penalty_ratio=0.00%  eta=155.7s
2026-04-08 13:38:09 [INFO] src.pomo_trainer:   batch 350/625 (56.0%)  loss=71.6050  avg_reward=1987.58  penalty_ratio=0.00%  eta=151.0s
2026-04-08 13:38:14 [INFO] src.pomo_trainer:   batch 360/625 (57.6%)  loss=164.8310  avg_reward=3442.87  penalty_ratio=0.00%  eta=145.3s
2026-04-08 13:38:20 [INFO] src.pomo_trainer:   batch 370/625 (59.2%)  loss=2.2177  avg_reward=2221.21  penalty_ratio=0.00%  eta=140.1s
2026-04-08 13:38:27 [INFO] src.pomo_trainer:   batch 380/625 (60.8%)  loss=5.2796  avg_reward=2938.32  penalty_ratio=0.00%  eta=135.1s
2026-04-08 13:38:31 [INFO] src.pomo_trainer:   batch 390/625 (62.4%)  loss=74.3719  avg_reward=1674.40  penalty_ratio=0.00%  eta=129.1s
2026-04-08 13:38:36 [INFO] src.pomo_trainer:   batch 400/625 (64.0%)  loss=-14.5185  avg_reward=1877.19  penalty_ratio=0.00%  eta=123.1s
2026-04-08 13:38:42 [INFO] src.pomo_trainer:   batch 410/625 (65.6%)  loss=12.9811  avg_reward=5377.89  penalty_ratio=0.00%  eta=117.8s
2026-04-08 13:38:46 [INFO] src.pomo_trainer:   batch 420/625 (67.2%)  loss=-15.1750  avg_reward=4002.23  penalty_ratio=0.00%  eta=112.0s
2026-04-08 13:38:51 [INFO] src.pomo_trainer:   batch 430/625 (68.8%)  loss=83.0252  avg_reward=4123.35  penalty_ratio=0.00%  eta=106.0s
2026-04-08 13:38:56 [INFO] src.pomo_trainer:   batch 440/625 (70.4%)  loss=-9.7424  avg_reward=3127.30  penalty_ratio=0.00%  eta=100.4s
2026-04-08 13:39:03 [INFO] src.pomo_trainer:   batch 450/625 (72.0%)  loss=-7.7223  avg_reward=1130.78  penalty_ratio=0.00%  eta=95.7s
2026-04-08 13:39:09 [INFO] src.pomo_trainer:   batch 460/625 (73.6%)  loss=56.2374  avg_reward=2634.33  penalty_ratio=0.00%  eta=90.4s
2026-04-08 13:39:14 [INFO] src.pomo_trainer:   batch 470/625 (75.2%)  loss=-24.3491  avg_reward=3021.30  penalty_ratio=0.00%  eta=84.7s
2026-04-08 13:39:20 [INFO] src.pomo_trainer:   batch 480/625 (76.8%)  loss=52.0520  avg_reward=3209.92  penalty_ratio=0.00%  eta=79.4s
2026-04-08 13:39:26 [INFO] src.pomo_trainer:   batch 490/625 (78.4%)  loss=-1.9482  avg_reward=306.86  penalty_ratio=0.00%  eta=74.0s
2026-04-08 13:39:31 [INFO] src.pomo_trainer:   batch 500/625 (80.0%)  loss=3.6380  avg_reward=1160.71  penalty_ratio=0.00%  eta=68.6s
2026-04-08 13:39:38 [INFO] src.pomo_trainer:   batch 510/625 (81.6%)  loss=-15.4933  avg_reward=2137.70  penalty_ratio=0.00%  eta=63.3s
2026-04-08 13:39:42 [INFO] src.pomo_trainer:   batch 520/625 (83.2%)  loss=77.0270  avg_reward=2420.53  penalty_ratio=0.00%  eta=57.6s
2026-04-08 13:39:49 [INFO] src.pomo_trainer:   batch 530/625 (84.8%)  loss=64.1423  avg_reward=2935.37  penalty_ratio=0.00%  eta=52.3s
2026-04-08 13:39:57 [INFO] src.pomo_trainer:   batch 540/625 (86.4%)  loss=18.9739  avg_reward=3057.91  penalty_ratio=0.00%  eta=47.2s
2026-04-08 13:40:02 [INFO] src.pomo_trainer:   batch 550/625 (88.0%)  loss=74.4215  avg_reward=2006.10  penalty_ratio=0.00%  eta=41.6s
2026-04-08 13:40:07 [INFO] src.pomo_trainer:   batch 560/625 (89.6%)  loss=-6.6510  avg_reward=339.44  penalty_ratio=0.00%  eta=35.9s
2026-04-08 13:40:12 [INFO] src.pomo_trainer:   batch 570/625 (91.2%)  loss=6.1875  avg_reward=2146.44  penalty_ratio=0.00%  eta=30.3s
2026-04-08 13:40:19 [INFO] src.pomo_trainer:   batch 580/625 (92.8%)  loss=10.8257  avg_reward=507.12  penalty_ratio=0.00%  eta=25.0s
2026-04-08 13:40:24 [INFO] src.pomo_trainer:   batch 590/625 (94.4%)  loss=-18.7335  avg_reward=4319.43  penalty_ratio=0.00%  eta=19.4s
2026-04-08 13:40:31 [INFO] src.pomo_trainer:   batch 600/625 (96.0%)  loss=84.4794  avg_reward=1854.95  penalty_ratio=0.00%  eta=13.9s
2026-04-08 13:40:37 [INFO] src.pomo_trainer:   batch 610/625 (97.6%)  loss=30.9873  avg_reward=1805.07  penalty_ratio=0.00%  eta=8.4s
2026-04-08 13:40:42 [INFO] src.pomo_trainer:   batch 620/625 (99.2%)  loss=21.7358  avg_reward=1977.90  penalty_ratio=0.00%  eta=2.8s
2026-04-08 13:40:46 [INFO] __main__: Epoch 45  stage=main  loss=35.064203  reward=1945.59  var=229509.51  penalty=0.00%  mem_max=nan%
2026-04-08 13:40:46 [INFO] __main__: Training progress: 45/1000 (4.5%)  elapsed=14917.0s  eta=316572.2s
2026-04-08 13:40:59 [INFO] __main__: Validation reward (all stages): 1173.9228
2026-04-08 13:40:59 [INFO] __main__: 
--- Epoch 46 / 1000 ---
2026-04-08 13:41:04 [INFO] src.pomo_trainer:   batch 10/625 (1.6%)  loss=83.1185  avg_reward=2212.58  penalty_ratio=0.00%  eta=292.1s
2026-04-08 13:41:08 [INFO] src.pomo_trainer:   batch 20/625 (3.2%)  loss=0.0048  avg_reward=-377.73  penalty_ratio=0.00%  eta=267.8s
2026-04-08 13:41:14 [INFO] src.pomo_trainer:   batch 30/625 (4.8%)  loss=77.9160  avg_reward=1370.63  penalty_ratio=0.00%  eta=289.9s
2026-04-08 13:41:20 [INFO] src.pomo_trainer:   batch 40/625 (6.4%)  loss=-23.0177  avg_reward=4523.91  penalty_ratio=0.00%  eta=299.4s
2026-04-08 13:41:25 [INFO] src.pomo_trainer:   batch 50/625 (8.0%)  loss=6.0422  avg_reward=375.91  penalty_ratio=0.00%  eta=292.4s
2026-04-08 13:41:31 [INFO] src.pomo_trainer:   batch 60/625 (9.6%)  loss=93.2707  avg_reward=1935.43  penalty_ratio=0.00%  eta=296.3s
2026-04-08 13:41:37 [INFO] src.pomo_trainer:   batch 70/625 (11.2%)  loss=43.0692  avg_reward=2500.92  penalty_ratio=0.00%  eta=294.3s
2026-04-08 13:41:42 [INFO] src.pomo_trainer:   batch 80/625 (12.8%)  loss=17.4483  avg_reward=2700.14  penalty_ratio=0.00%  eta=287.0s
2026-04-08 13:41:47 [INFO] src.pomo_trainer:   batch 90/625 (14.4%)  loss=56.4029  avg_reward=3250.49  penalty_ratio=0.00%  eta=280.7s
2026-04-08 13:41:51 [INFO] src.pomo_trainer:   batch 100/625 (16.0%)  loss=-0.0000  avg_reward=-175.79  penalty_ratio=0.00%  eta=272.6s
2026-04-08 13:41:58 [INFO] src.pomo_trainer:   batch 110/625 (17.6%)  loss=48.2714  avg_reward=2332.70  penalty_ratio=0.00%  eta=272.4s
2026-04-08 13:42:03 [INFO] src.pomo_trainer:   batch 120/625 (19.2%)  loss=-29.5080  avg_reward=4409.14  penalty_ratio=0.00%  eta=267.6s
2026-04-08 13:42:10 [INFO] src.pomo_trainer:   batch 130/625 (20.8%)  loss=46.5817  avg_reward=2494.80  penalty_ratio=0.00%  eta=269.3s
2026-04-08 13:42:13 [INFO] src.pomo_trainer:   batch 140/625 (22.4%)  loss=-1.4641  avg_reward=346.20  penalty_ratio=0.00%  eta=255.8s
2026-04-08 13:42:19 [INFO] src.pomo_trainer:   batch 150/625 (24.0%)  loss=-19.6684  avg_reward=1929.53  penalty_ratio=0.00%  eta=251.8s
2026-04-08 13:42:25 [INFO] src.pomo_trainer:   batch 160/625 (25.6%)  loss=-1.5739  avg_reward=565.29  penalty_ratio=0.00%  eta=249.8s
2026-04-08 13:42:30 [INFO] src.pomo_trainer:   batch 170/625 (27.2%)  loss=-26.0079  avg_reward=1474.93  penalty_ratio=0.00%  eta=243.4s
2026-04-08 13:42:36 [INFO] src.pomo_trainer:   batch 180/625 (28.8%)  loss=61.5346  avg_reward=2519.49  penalty_ratio=0.00%  eta=239.3s
2026-04-08 13:42:42 [INFO] src.pomo_trainer:   batch 190/625 (30.4%)  loss=15.9440  avg_reward=3741.53  penalty_ratio=0.00%  eta=235.7s
2026-04-08 13:42:50 [INFO] src.pomo_trainer:   batch 200/625 (32.0%)  loss=26.8038  avg_reward=2016.80  penalty_ratio=0.00%  eta=234.9s
2026-04-08 13:42:56 [INFO] src.pomo_trainer:   batch 210/625 (33.6%)  loss=46.9320  avg_reward=1174.81  penalty_ratio=0.00%  eta=229.6s
2026-04-08 13:43:01 [INFO] src.pomo_trainer:   batch 220/625 (35.2%)  loss=-5.4686  avg_reward=0.54  penalty_ratio=0.00%  eta=224.3s
2026-04-08 13:43:08 [INFO] src.pomo_trainer:   batch 230/625 (36.8%)  loss=17.4130  avg_reward=3794.47  penalty_ratio=0.00%  eta=221.2s
2026-04-08 13:43:14 [INFO] src.pomo_trainer:   batch 240/625 (38.4%)  loss=0.8111  avg_reward=116.16  penalty_ratio=0.00%  eta=215.6s
2026-04-08 13:43:18 [INFO] src.pomo_trainer:   batch 250/625 (40.0%)  loss=0.2444  avg_reward=1992.84  penalty_ratio=0.00%  eta=207.5s
2026-04-08 13:43:24 [INFO] src.pomo_trainer:   batch 260/625 (41.6%)  loss=100.7872  avg_reward=2556.57  penalty_ratio=0.00%  eta=202.6s
2026-04-08 13:43:30 [INFO] src.pomo_trainer:   batch 270/625 (43.2%)  loss=83.1554  avg_reward=2107.77  penalty_ratio=0.00%  eta=197.7s
2026-04-08 13:43:35 [INFO] src.pomo_trainer:   batch 280/625 (44.8%)  loss=-2.0376  avg_reward=3325.79  penalty_ratio=0.00%  eta=191.9s
2026-04-08 13:43:41 [INFO] src.pomo_trainer:   batch 290/625 (46.4%)  loss=-0.0000  avg_reward=-184.37  penalty_ratio=0.00%  eta=187.2s
2026-04-08 13:43:48 [INFO] src.pomo_trainer:   batch 300/625 (48.0%)  loss=94.1196  avg_reward=2691.50  penalty_ratio=0.00%  eta=182.9s
2026-04-08 13:43:54 [INFO] src.pomo_trainer:   batch 310/625 (49.6%)  loss=115.9823  avg_reward=4042.72  penalty_ratio=0.00%  eta=177.7s
2026-04-08 13:44:00 [INFO] src.pomo_trainer:   batch 320/625 (51.2%)  loss=-26.0770  avg_reward=1590.68  penalty_ratio=0.00%  eta=172.3s
2026-04-08 13:44:05 [INFO] src.pomo_trainer:   batch 330/625 (52.8%)  loss=-9.6195  avg_reward=462.41  penalty_ratio=0.00%  eta=166.2s
2026-04-08 13:44:11 [INFO] src.pomo_trainer:   batch 340/625 (54.4%)  loss=103.0651  avg_reward=1464.41  penalty_ratio=0.00%  eta=160.2s
2026-04-08 13:44:18 [INFO] src.pomo_trainer:   batch 350/625 (56.0%)  loss=35.3473  avg_reward=1536.24  penalty_ratio=0.00%  eta=155.8s
2026-04-08 13:44:25 [INFO] src.pomo_trainer:   batch 360/625 (57.6%)  loss=77.7173  avg_reward=2520.56  penalty_ratio=0.00%  eta=151.1s
2026-04-08 13:44:29 [INFO] src.pomo_trainer:   batch 370/625 (59.2%)  loss=1.0095  avg_reward=2156.93  penalty_ratio=0.00%  eta=144.7s
2026-04-08 13:44:32 [INFO] src.pomo_trainer:   batch 380/625 (60.8%)  loss=0.0737  avg_reward=-94.58  penalty_ratio=0.00%  eta=137.3s
2026-04-08 13:44:38 [INFO] src.pomo_trainer:   batch 390/625 (62.4%)  loss=-24.3545  avg_reward=208.96  penalty_ratio=0.00%  eta=131.6s
2026-04-08 13:44:44 [INFO] src.pomo_trainer:   batch 400/625 (64.0%)  loss=-16.9603  avg_reward=3229.05  penalty_ratio=0.00%  eta=126.4s
2026-04-08 13:44:50 [INFO] src.pomo_trainer:   batch 410/625 (65.6%)  loss=-12.9523  avg_reward=2329.18  penalty_ratio=0.00%  eta=120.9s
2026-04-08 13:44:54 [INFO] src.pomo_trainer:   batch 420/625 (67.2%)  loss=0.0242  avg_reward=22.67  penalty_ratio=0.00%  eta=114.6s
2026-04-08 13:44:59 [INFO] src.pomo_trainer:   batch 430/625 (68.8%)  loss=-0.0000  avg_reward=-567.97  penalty_ratio=0.00%  eta=108.8s
2026-04-08 13:45:05 [INFO] src.pomo_trainer:   batch 440/625 (70.4%)  loss=0.0031  avg_reward=-395.88  penalty_ratio=0.00%  eta=103.3s
2026-04-08 13:45:12 [INFO] src.pomo_trainer:   batch 450/625 (72.0%)  loss=-14.2851  avg_reward=1446.92  penalty_ratio=0.00%  eta=98.2s
2026-04-08 13:45:17 [INFO] src.pomo_trainer:   batch 460/625 (73.6%)  loss=77.2981  avg_reward=2370.03  penalty_ratio=0.00%  eta=92.4s
2026-04-08 13:45:24 [INFO] src.pomo_trainer:   batch 470/625 (75.2%)  loss=111.3341  avg_reward=2075.24  penalty_ratio=0.00%  eta=87.1s
2026-04-08 13:45:29 [INFO] src.pomo_trainer:   batch 480/625 (76.8%)  loss=145.4973  avg_reward=2461.30  penalty_ratio=0.00%  eta=81.5s
2026-04-08 13:45:34 [INFO] src.pomo_trainer:   batch 490/625 (78.4%)  loss=64.2006  avg_reward=2190.14  penalty_ratio=0.00%  eta=75.6s
2026-04-08 13:45:40 [INFO] src.pomo_trainer:   batch 500/625 (80.0%)  loss=-10.8835  avg_reward=397.23  penalty_ratio=0.00%  eta=70.2s
2026-04-08 13:45:47 [INFO] src.pomo_trainer:   batch 510/625 (81.6%)  loss=39.2339  avg_reward=2526.98  penalty_ratio=0.00%  eta=64.7s
2026-04-08 13:45:50 [INFO] src.pomo_trainer:   batch 520/625 (83.2%)  loss=-5.0842  avg_reward=648.09  penalty_ratio=0.00%  eta=58.8s
2026-04-08 13:45:55 [INFO] src.pomo_trainer:   batch 530/625 (84.8%)  loss=76.0381  avg_reward=2489.70  penalty_ratio=0.00%  eta=53.1s
2026-04-08 13:46:02 [INFO] src.pomo_trainer:   batch 540/625 (86.4%)  loss=-1.1394  avg_reward=460.87  penalty_ratio=0.00%  eta=47.7s
2026-04-08 13:46:08 [INFO] src.pomo_trainer:   batch 550/625 (88.0%)  loss=-6.7555  avg_reward=1103.74  penalty_ratio=0.00%  eta=42.1s
2026-04-08 13:46:15 [INFO] src.pomo_trainer:   batch 560/625 (89.6%)  loss=63.8995  avg_reward=2476.40  penalty_ratio=0.00%  eta=36.6s
2026-04-08 13:46:22 [INFO] src.pomo_trainer:   batch 570/625 (91.2%)  loss=120.3777  avg_reward=2993.61  penalty_ratio=0.00%  eta=31.1s
2026-04-08 13:46:28 [INFO] src.pomo_trainer:   batch 580/625 (92.8%)  loss=-13.0063  avg_reward=268.41  penalty_ratio=0.00%  eta=25.5s
2026-04-08 13:46:33 [INFO] src.pomo_trainer:   batch 590/625 (94.4%)  loss=26.6361  avg_reward=3142.24  penalty_ratio=0.00%  eta=19.8s
2026-04-08 13:46:40 [INFO] src.pomo_trainer:   batch 600/625 (96.0%)  loss=-8.0641  avg_reward=2618.87  penalty_ratio=0.00%  eta=14.2s
2026-04-08 13:46:45 [INFO] src.pomo_trainer:   batch 610/625 (97.6%)  loss=9.1865  avg_reward=825.01  penalty_ratio=0.00%  eta=8.5s
2026-04-08 13:46:51 [INFO] src.pomo_trainer:   batch 620/625 (99.2%)  loss=-69.0361  avg_reward=2454.61  penalty_ratio=0.00%  eta=2.8s
2026-04-08 13:46:55 [INFO] __main__: Epoch 46  stage=main  loss=30.369784  reward=1974.76  var=246627.97  penalty=0.00%  mem_max=nan%
2026-04-08 13:46:55 [INFO] __main__: Training progress: 46/1000 (4.6%)  elapsed=15285.9s  eta=317015.7s
2026-04-08 13:46:55 [INFO] __main__: 
--- Epoch 47 / 1000 ---
2026-04-08 13:47:02 [INFO] src.pomo_trainer:   batch 10/625 (1.6%)  loss=-31.0136  avg_reward=3725.84  penalty_ratio=0.00%  eta=416.0s
2026-04-08 13:47:07 [INFO] src.pomo_trainer:   batch 20/625 (3.2%)  loss=46.1181  avg_reward=2252.39  penalty_ratio=0.00%  eta=370.4s
2026-04-08 13:47:13 [INFO] src.pomo_trainer:   batch 30/625 (4.8%)  loss=79.6619  avg_reward=2470.29  penalty_ratio=0.00%  eta=362.4s
2026-04-08 13:47:19 [INFO] src.pomo_trainer:   batch 40/625 (6.4%)  loss=124.9390  avg_reward=2992.37  penalty_ratio=0.00%  eta=348.2s
2026-04-08 13:47:24 [INFO] src.pomo_trainer:   batch 50/625 (8.0%)  loss=50.7361  avg_reward=1800.97  penalty_ratio=0.00%  eta=332.0s
2026-04-08 13:47:29 [INFO] src.pomo_trainer:   batch 60/625 (9.6%)  loss=4.4136  avg_reward=-91.01  penalty_ratio=0.00%  eta=325.3s
2026-04-08 13:47:35 [INFO] src.pomo_trainer:   batch 70/625 (11.2%)  loss=158.9058  avg_reward=2280.66  penalty_ratio=0.00%  eta=318.5s
2026-04-08 13:47:39 [INFO] src.pomo_trainer:   batch 80/625 (12.8%)  loss=-52.5889  avg_reward=4867.49  penalty_ratio=0.00%  eta=304.4s
2026-04-08 13:47:45 [INFO] src.pomo_trainer:   batch 90/625 (14.4%)  loss=53.4515  avg_reward=3237.24  penalty_ratio=0.00%  eta=295.9s
2026-04-08 13:47:49 [INFO] src.pomo_trainer:   batch 100/625 (16.0%)  loss=-2.5687  avg_reward=438.12  penalty_ratio=0.00%  eta=286.1s
2026-04-08 13:47:56 [INFO] src.pomo_trainer:   batch 110/625 (17.6%)  loss=-40.1963  avg_reward=5375.42  penalty_ratio=0.00%  eta=288.9s
2026-04-08 13:47:59 [INFO] src.pomo_trainer:   batch 120/625 (19.2%)  loss=-10.8932  avg_reward=5264.39  penalty_ratio=0.00%  eta=272.3s
2026-04-08 13:48:03 [INFO] src.pomo_trainer:   batch 130/625 (20.8%)  loss=6.6115  avg_reward=685.24  penalty_ratio=0.00%  eta=260.2s
2026-04-08 13:48:09 [INFO] src.pomo_trainer:   batch 140/625 (22.4%)  loss=-0.0000  avg_reward=-166.23  penalty_ratio=0.00%  eta=256.1s
2026-04-08 13:48:14 [INFO] src.pomo_trainer:   batch 150/625 (24.0%)  loss=-9.5213  avg_reward=4638.48  penalty_ratio=0.00%  eta=251.1s
2026-04-08 13:48:20 [INFO] src.pomo_trainer:   batch 160/625 (25.6%)  loss=-8.0359  avg_reward=2140.13  penalty_ratio=0.00%  eta=247.5s
2026-04-08 13:48:25 [INFO] src.pomo_trainer:   batch 170/625 (27.2%)  loss=-7.5084  avg_reward=2231.94  penalty_ratio=0.00%  eta=241.1s
2026-04-08 13:48:30 [INFO] src.pomo_trainer:   batch 180/625 (28.8%)  loss=-0.0000  avg_reward=-1109.60  penalty_ratio=0.00%  eta=234.9s
2026-04-08 13:48:35 [INFO] src.pomo_trainer:   batch 190/625 (30.4%)  loss=-12.3423  avg_reward=3121.26  penalty_ratio=0.00%  eta=229.5s
2026-04-08 13:48:41 [INFO] src.pomo_trainer:   batch 200/625 (32.0%)  loss=-9.7504  avg_reward=2618.71  penalty_ratio=0.00%  eta=226.0s
2026-04-08 13:48:45 [INFO] src.pomo_trainer:   batch 210/625 (33.6%)  loss=-18.4977  avg_reward=2635.29  penalty_ratio=0.00%  eta=218.1s
2026-04-08 13:48:48 [INFO] src.pomo_trainer:   batch 220/625 (35.2%)  loss=-0.0000  avg_reward=-1164.01  penalty_ratio=0.00%  eta=208.4s
2026-04-08 13:48:54 [INFO] src.pomo_trainer:   batch 230/625 (36.8%)  loss=56.0125  avg_reward=2069.73  penalty_ratio=0.00%  eta=204.3s
2026-04-08 13:48:59 [INFO] src.pomo_trainer:   batch 240/625 (38.4%)  loss=58.5960  avg_reward=1254.59  penalty_ratio=0.00%  eta=200.0s
2026-04-08 13:49:04 [INFO] src.pomo_trainer:   batch 250/625 (40.0%)  loss=-4.7530  avg_reward=2441.16  penalty_ratio=0.00%  eta=193.6s
2026-04-08 13:49:08 [INFO] src.pomo_trainer:   batch 260/625 (41.6%)  loss=-0.7876  avg_reward=697.61  penalty_ratio=0.00%  eta=186.8s
2026-04-08 13:49:14 [INFO] src.pomo_trainer:   batch 270/625 (43.2%)  loss=-18.8078  avg_reward=2625.77  penalty_ratio=0.00%  eta=183.2s
2026-04-08 13:49:20 [INFO] src.pomo_trainer:   batch 280/625 (44.8%)  loss=43.2681  avg_reward=2860.12  penalty_ratio=0.00%  eta=179.5s
2026-04-08 13:49:25 [INFO] src.pomo_trainer:   batch 290/625 (46.4%)  loss=43.0648  avg_reward=1762.23  penalty_ratio=0.00%  eta=174.0s
2026-04-08 13:49:33 [INFO] src.pomo_trainer:   batch 300/625 (48.0%)  loss=3.7211  avg_reward=1841.93  penalty_ratio=0.00%  eta=171.5s
2026-04-08 13:49:38 [INFO] src.pomo_trainer:   batch 310/625 (49.6%)  loss=-12.5016  avg_reward=2692.44  penalty_ratio=0.00%  eta=165.7s
2026-04-08 13:49:44 [INFO] src.pomo_trainer:   batch 320/625 (51.2%)  loss=8.6324  avg_reward=933.22  penalty_ratio=0.00%  eta=161.4s
2026-04-08 13:49:52 [INFO] src.pomo_trainer:   batch 330/625 (52.8%)  loss=-7.7972  avg_reward=1142.29  penalty_ratio=0.00%  eta=158.2s
2026-04-08 13:49:58 [INFO] src.pomo_trainer:   batch 340/625 (54.4%)  loss=-15.7995  avg_reward=3232.52  penalty_ratio=0.00%  eta=153.5s
2026-04-08 13:50:02 [INFO] src.pomo_trainer:   batch 350/625 (56.0%)  loss=-6.6934  avg_reward=2617.78  penalty_ratio=0.00%  eta=147.2s
2026-04-08 13:50:08 [INFO] src.pomo_trainer:   batch 360/625 (57.6%)  loss=44.1238  avg_reward=2280.89  penalty_ratio=0.00%  eta=142.2s
2026-04-08 13:50:16 [INFO] src.pomo_trainer:   batch 370/625 (59.2%)  loss=-72.0063  avg_reward=4247.08  penalty_ratio=0.00%  eta=138.5s
2026-04-08 13:50:22 [INFO] src.pomo_trainer:   batch 380/625 (60.8%)  loss=-10.5997  avg_reward=2302.86  penalty_ratio=0.00%  eta=133.8s
2026-04-08 13:50:28 [INFO] src.pomo_trainer:   batch 390/625 (62.4%)  loss=-13.5388  avg_reward=2622.19  penalty_ratio=0.00%  eta=128.2s
2026-04-08 13:50:33 [INFO] src.pomo_trainer:   batch 400/625 (64.0%)  loss=-1.8416  avg_reward=3848.90  penalty_ratio=0.00%  eta=122.9s
2026-04-08 13:50:37 [INFO] src.pomo_trainer:   batch 410/625 (65.6%)  loss=6.8190  avg_reward=2085.79  penalty_ratio=0.00%  eta=116.8s
2026-04-08 13:50:43 [INFO] src.pomo_trainer:   batch 420/625 (67.2%)  loss=63.7266  avg_reward=2400.62  penalty_ratio=0.00%  eta=111.2s
2026-04-08 13:50:48 [INFO] src.pomo_trainer:   batch 430/625 (68.8%)  loss=-0.0000  avg_reward=-448.99  penalty_ratio=0.00%  eta=105.8s
2026-04-08 13:50:54 [INFO] src.pomo_trainer:   batch 440/625 (70.4%)  loss=13.5166  avg_reward=776.61  penalty_ratio=0.00%  eta=100.5s
2026-04-08 13:51:00 [INFO] src.pomo_trainer:   batch 450/625 (72.0%)  loss=3.8701  avg_reward=3765.32  penalty_ratio=0.00%  eta=95.3s
2026-04-08 13:51:04 [INFO] src.pomo_trainer:   batch 460/625 (73.6%)  loss=191.6397  avg_reward=3294.19  penalty_ratio=0.00%  eta=89.5s
2026-04-08 13:51:12 [INFO] src.pomo_trainer:   batch 470/625 (75.2%)  loss=19.2181  avg_reward=1336.62  penalty_ratio=0.00%  eta=84.9s
2026-04-08 13:51:19 [INFO] src.pomo_trainer:   batch 480/625 (76.8%)  loss=88.6035  avg_reward=3383.25  penalty_ratio=0.00%  eta=79.8s
2026-04-08 13:51:23 [INFO] src.pomo_trainer:   batch 490/625 (78.4%)  loss=4.1829  avg_reward=87.66  penalty_ratio=0.00%  eta=74.0s
2026-04-08 13:51:32 [INFO] src.pomo_trainer:   batch 500/625 (80.0%)  loss=80.7930  avg_reward=2599.33  penalty_ratio=0.00%  eta=69.2s
2026-04-08 13:51:37 [INFO] src.pomo_trainer:   batch 510/625 (81.6%)  loss=86.3290  avg_reward=671.98  penalty_ratio=0.00%  eta=63.7s
2026-04-08 13:51:44 [INFO] src.pomo_trainer:   batch 520/625 (83.2%)  loss=-2.5961  avg_reward=552.99  penalty_ratio=0.00%  eta=58.3s
2026-04-08 13:51:50 [INFO] src.pomo_trainer:   batch 530/625 (84.8%)  loss=118.6615  avg_reward=2892.20  penalty_ratio=0.00%  eta=52.8s
2026-04-08 13:51:56 [INFO] src.pomo_trainer:   batch 540/625 (86.4%)  loss=-3.0611  avg_reward=1129.44  penalty_ratio=0.00%  eta=47.4s
2026-04-08 13:52:02 [INFO] src.pomo_trainer:   batch 550/625 (88.0%)  loss=177.6374  avg_reward=4284.13  penalty_ratio=0.00%  eta=41.8s
2026-04-08 13:52:07 [INFO] src.pomo_trainer:   batch 560/625 (89.6%)  loss=-1.1801  avg_reward=113.93  penalty_ratio=0.00%  eta=36.2s
2026-04-08 13:52:13 [INFO] src.pomo_trainer:   batch 570/625 (91.2%)  loss=-13.2079  avg_reward=1849.46  penalty_ratio=0.00%  eta=30.7s
2026-04-08 13:52:18 [INFO] src.pomo_trainer:   batch 580/625 (92.8%)  loss=31.4237  avg_reward=2477.39  penalty_ratio=0.00%  eta=25.1s
2026-04-08 13:52:22 [INFO] src.pomo_trainer:   batch 590/625 (94.4%)  loss=-4.7528  avg_reward=5260.97  penalty_ratio=0.00%  eta=19.4s
2026-04-08 13:52:30 [INFO] src.pomo_trainer:   batch 600/625 (96.0%)  loss=96.3698  avg_reward=2443.73  penalty_ratio=0.00%  eta=14.0s
2026-04-08 13:52:35 [INFO] src.pomo_trainer:   batch 610/625 (97.6%)  loss=-15.4709  avg_reward=1010.99  penalty_ratio=0.00%  eta=8.4s
2026-04-08 13:52:43 [INFO] src.pomo_trainer:   batch 620/625 (99.2%)  loss=47.7543  avg_reward=2918.15  penalty_ratio=0.00%  eta=2.8s
2026-04-08 13:52:47 [INFO] __main__: Epoch 47  stage=main  loss=22.510480  reward=1994.44  var=228560.91  penalty=0.00%  mem_max=nan%
2026-04-08 13:52:47 [INFO] __main__: Training progress: 47/1000 (4.7%)  elapsed=15637.7s  eta=317079.4s
2026-04-08 13:52:47 [INFO] __main__: 
--- Epoch 48 / 1000 ---
2026-04-08 13:52:52 [INFO] src.pomo_trainer:   batch 10/625 (1.6%)  loss=-26.8449  avg_reward=2677.41  penalty_ratio=0.00%  eta=339.8s
2026-04-08 13:52:59 [INFO] src.pomo_trainer:   batch 20/625 (3.2%)  loss=4.1463  avg_reward=1482.70  penalty_ratio=0.00%  eta=379.1s
2026-04-08 13:53:05 [INFO] src.pomo_trainer:   batch 30/625 (4.8%)  loss=-6.6971  avg_reward=504.85  penalty_ratio=0.00%  eta=356.3s
2026-04-08 13:53:10 [INFO] src.pomo_trainer:   batch 40/625 (6.4%)  loss=0.1006  avg_reward=89.35  penalty_ratio=0.00%  eta=339.8s
2026-04-08 13:53:16 [INFO] src.pomo_trainer:   batch 50/625 (8.0%)  loss=-46.2105  avg_reward=2202.96  penalty_ratio=0.00%  eta=335.1s
2026-04-08 13:53:19 [INFO] src.pomo_trainer:   batch 60/625 (9.6%)  loss=-0.0000  avg_reward=-1395.02  penalty_ratio=0.00%  eta=308.6s
2026-04-08 13:53:25 [INFO] src.pomo_trainer:   batch 70/625 (11.2%)  loss=97.8127  avg_reward=3145.66  penalty_ratio=0.00%  eta=304.2s
2026-04-08 13:53:31 [INFO] src.pomo_trainer:   batch 80/625 (12.8%)  loss=81.5748  avg_reward=2683.82  penalty_ratio=0.00%  eta=302.6s
2026-04-08 13:53:37 [INFO] src.pomo_trainer:   batch 90/625 (14.4%)  loss=57.6682  avg_reward=1545.28  penalty_ratio=0.00%  eta=299.4s
2026-04-08 13:53:42 [INFO] src.pomo_trainer:   batch 100/625 (16.0%)  loss=-22.9919  avg_reward=3580.79  penalty_ratio=0.00%  eta=293.2s
2026-04-08 13:53:48 [INFO] src.pomo_trainer:   batch 110/625 (17.6%)  loss=-29.4793  avg_reward=2590.84  penalty_ratio=0.00%  eta=286.2s
2026-04-08 13:53:54 [INFO] src.pomo_trainer:   batch 120/625 (19.2%)  loss=68.3654  avg_reward=3112.10  penalty_ratio=0.00%  eta=285.2s
2026-04-08 13:53:58 [INFO] src.pomo_trainer:   batch 130/625 (20.8%)  loss=-17.1322  avg_reward=488.61  penalty_ratio=0.00%  eta=271.4s
2026-04-08 13:54:04 [INFO] src.pomo_trainer:   batch 140/625 (22.4%)  loss=5.8248  avg_reward=2406.93  penalty_ratio=0.00%  eta=267.3s
2026-04-08 13:54:09 [INFO] src.pomo_trainer:   batch 150/625 (24.0%)  loss=-37.9516  avg_reward=1943.92  penalty_ratio=0.00%  eta=261.9s
2026-04-08 13:54:14 [INFO] src.pomo_trainer:   batch 160/625 (25.6%)  loss=-13.0376  avg_reward=1763.26  penalty_ratio=0.00%  eta=254.3s
2026-04-08 13:54:18 [INFO] src.pomo_trainer:   batch 170/625 (27.2%)  loss=1.1021  avg_reward=-604.52  penalty_ratio=0.00%  eta=245.4s
2026-04-08 13:54:23 [INFO] src.pomo_trainer:   batch 180/625 (28.8%)  loss=33.6113  avg_reward=1592.28  penalty_ratio=0.00%  eta=238.9s
2026-04-08 13:54:28 [INFO] src.pomo_trainer:   batch 190/625 (30.4%)  loss=-25.8451  avg_reward=1152.70  penalty_ratio=0.00%  eta=233.0s
2026-04-08 13:54:34 [INFO] src.pomo_trainer:   batch 200/625 (32.0%)  loss=47.6327  avg_reward=1500.49  penalty_ratio=0.00%  eta=228.0s
2026-04-08 13:54:40 [INFO] src.pomo_trainer:   batch 210/625 (33.6%)  loss=-223.7429  avg_reward=2248.16  penalty_ratio=0.00%  eta=224.8s
2026-04-08 13:54:45 [INFO] src.pomo_trainer:   batch 220/625 (35.2%)  loss=-23.9818  avg_reward=1175.30  penalty_ratio=0.00%  eta=218.5s
2026-04-08 13:54:50 [INFO] src.pomo_trainer:   batch 230/625 (36.8%)  loss=-0.7054  avg_reward=130.91  penalty_ratio=0.00%  eta=212.0s
2026-04-08 13:54:54 [INFO] src.pomo_trainer:   batch 240/625 (38.4%)  loss=-11.3495  avg_reward=3922.71  penalty_ratio=0.00%  eta=203.8s
2026-04-08 13:54:58 [INFO] src.pomo_trainer:   batch 250/625 (40.0%)  loss=-8.3419  avg_reward=4784.83  penalty_ratio=0.00%  eta=197.8s
2026-04-08 13:55:04 [INFO] src.pomo_trainer:   batch 260/625 (41.6%)  loss=92.1507  avg_reward=1629.97  penalty_ratio=0.00%  eta=192.8s
2026-04-08 13:55:11 [INFO] src.pomo_trainer:   batch 270/625 (43.2%)  loss=-8.0379  avg_reward=340.58  penalty_ratio=0.00%  eta=189.3s
2026-04-08 13:55:16 [INFO] src.pomo_trainer:   batch 280/625 (44.8%)  loss=113.6264  avg_reward=1734.89  penalty_ratio=0.00%  eta=184.0s
2026-04-08 13:55:22 [INFO] src.pomo_trainer:   batch 290/625 (46.4%)  loss=18.3385  avg_reward=1844.20  penalty_ratio=0.00%  eta=179.7s
2026-04-08 13:55:28 [INFO] src.pomo_trainer:   batch 300/625 (48.0%)  loss=1.6401  avg_reward=1492.40  penalty_ratio=0.00%  eta=174.3s
2026-04-08 13:55:33 [INFO] src.pomo_trainer:   batch 310/625 (49.6%)  loss=104.4895  avg_reward=2942.50  penalty_ratio=0.00%  eta=169.5s
2026-04-08 13:55:38 [INFO] src.pomo_trainer:   batch 320/625 (51.2%)  loss=31.7783  avg_reward=2371.60  penalty_ratio=0.00%  eta=163.5s
2026-04-08 13:55:46 [INFO] src.pomo_trainer:   batch 330/625 (52.8%)  loss=148.6104  avg_reward=3487.29  penalty_ratio=0.00%  eta=160.0s
2026-04-08 13:55:50 [INFO] src.pomo_trainer:   batch 340/625 (54.4%)  loss=-0.0000  avg_reward=69.51  penalty_ratio=0.00%  eta=154.1s
2026-04-08 13:55:55 [INFO] src.pomo_trainer:   batch 350/625 (56.0%)  loss=-5.5751  avg_reward=1083.79  penalty_ratio=0.00%  eta=147.7s
2026-04-08 13:56:00 [INFO] src.pomo_trainer:   batch 360/625 (57.6%)  loss=-8.0620  avg_reward=834.33  penalty_ratio=0.00%  eta=142.7s
2026-04-08 13:56:05 [INFO] src.pomo_trainer:   batch 370/625 (59.2%)  loss=-0.0000  avg_reward=-162.23  penalty_ratio=0.00%  eta=137.0s
2026-04-08 13:56:11 [INFO] src.pomo_trainer:   batch 380/625 (60.8%)  loss=-215.7306  avg_reward=3908.61  penalty_ratio=0.00%  eta=131.9s
2026-04-08 13:56:15 [INFO] src.pomo_trainer:   batch 390/625 (62.4%)  loss=-2.5167  avg_reward=718.42  penalty_ratio=0.00%  eta=125.4s
2026-04-08 13:56:18 [INFO] src.pomo_trainer:   batch 400/625 (64.0%)  loss=-39.7227  avg_reward=4091.01  penalty_ratio=0.00%  eta=119.0s
2026-04-08 13:56:23 [INFO] src.pomo_trainer:   batch 410/625 (65.6%)  loss=62.3683  avg_reward=1094.44  penalty_ratio=0.00%  eta=113.7s
2026-04-08 13:56:29 [INFO] src.pomo_trainer:   batch 420/625 (67.2%)  loss=-4.9757  avg_reward=228.79  penalty_ratio=0.00%  eta=108.4s
2026-04-08 13:56:33 [INFO] src.pomo_trainer:   batch 430/625 (68.8%)  loss=208.5193  avg_reward=4490.07  penalty_ratio=0.00%  eta=102.7s
2026-04-08 13:56:39 [INFO] src.pomo_trainer:   batch 440/625 (70.4%)  loss=-1.4617  avg_reward=1825.86  penalty_ratio=0.00%  eta=97.9s
2026-04-08 13:56:43 [INFO] src.pomo_trainer:   batch 450/625 (72.0%)  loss=-0.0000  avg_reward=-557.88  penalty_ratio=0.00%  eta=92.0s
2026-04-08 13:56:51 [INFO] src.pomo_trainer:   batch 460/625 (73.6%)  loss=-6.2230  avg_reward=1841.12  penalty_ratio=0.00%  eta=87.5s
2026-04-08 13:56:55 [INFO] src.pomo_trainer:   batch 470/625 (75.2%)  loss=-3.6563  avg_reward=648.56  penalty_ratio=0.00%  eta=82.0s
2026-04-08 13:57:02 [INFO] src.pomo_trainer:   batch 480/625 (76.8%)  loss=-34.5408  avg_reward=4377.09  penalty_ratio=0.00%  eta=77.1s
2026-04-08 13:57:08 [INFO] src.pomo_trainer:   batch 490/625 (78.4%)  loss=65.7932  avg_reward=2793.20  penalty_ratio=0.00%  eta=71.9s
2026-04-08 13:57:14 [INFO] src.pomo_trainer:   batch 500/625 (80.0%)  loss=79.1984  avg_reward=1802.47  penalty_ratio=0.00%  eta=66.7s
2026-04-08 13:57:18 [INFO] src.pomo_trainer:   batch 510/625 (81.6%)  loss=-0.0000  avg_reward=-1182.11  penalty_ratio=0.00%  eta=61.2s
2026-04-08 13:57:23 [INFO] src.pomo_trainer:   batch 520/625 (83.2%)  loss=123.2657  avg_reward=1925.90  penalty_ratio=0.00%  eta=55.9s
2026-04-08 13:57:29 [INFO] src.pomo_trainer:   batch 530/625 (84.8%)  loss=228.6753  avg_reward=2471.30  penalty_ratio=0.00%  eta=50.6s
2026-04-08 13:57:33 [INFO] src.pomo_trainer:   batch 540/625 (86.4%)  loss=-2.5026  avg_reward=-11.20  penalty_ratio=0.00%  eta=45.1s
2026-04-08 13:57:39 [INFO] src.pomo_trainer:   batch 550/625 (88.0%)  loss=59.1374  avg_reward=1490.65  penalty_ratio=0.00%  eta=39.9s
2026-04-08 13:57:44 [INFO] src.pomo_trainer:   batch 560/625 (89.6%)  loss=89.1668  avg_reward=2530.65  penalty_ratio=0.00%  eta=34.5s
2026-04-08 13:57:51 [INFO] src.pomo_trainer:   batch 570/625 (91.2%)  loss=152.1205  avg_reward=3852.34  penalty_ratio=0.00%  eta=29.4s
2026-04-08 13:57:58 [INFO] src.pomo_trainer:   batch 580/625 (92.8%)  loss=10.7560  avg_reward=2568.56  penalty_ratio=0.00%  eta=24.1s
2026-04-08 13:58:03 [INFO] src.pomo_trainer:   batch 590/625 (94.4%)  loss=-35.2693  avg_reward=2978.04  penalty_ratio=0.00%  eta=18.8s
2026-04-08 13:58:09 [INFO] src.pomo_trainer:   batch 600/625 (96.0%)  loss=-12.9363  avg_reward=980.33  penalty_ratio=0.00%  eta=13.4s
2026-04-08 13:58:15 [INFO] src.pomo_trainer:   batch 610/625 (97.6%)  loss=-40.1651  avg_reward=3592.09  penalty_ratio=0.00%  eta=8.1s
2026-04-08 13:58:19 [INFO] src.pomo_trainer:   batch 620/625 (99.2%)  loss=-8.1701  avg_reward=862.06  penalty_ratio=0.00%  eta=2.7s
2026-04-08 13:58:23 [INFO] __main__: Epoch 48  stage=main  loss=21.469219  reward=1901.07  var=227179.91  penalty=0.00%  mem_max=nan%
2026-04-08 13:58:23 [INFO] __main__: Training progress: 48/1000 (4.8%)  elapsed=15973.9s  eta=316814.9s
2026-04-08 13:58:23 [INFO] __main__: 
--- Epoch 49 / 1000 ---
2026-04-08 13:58:28 [INFO] src.pomo_trainer:   batch 10/625 (1.6%)  loss=-25.3490  avg_reward=1892.67  penalty_ratio=0.00%  eta=311.5s
2026-04-08 13:58:33 [INFO] src.pomo_trainer:   batch 20/625 (3.2%)  loss=-0.0392  avg_reward=-8.33  penalty_ratio=0.00%  eta=323.0s
2026-04-08 13:58:39 [INFO] src.pomo_trainer:   batch 30/625 (4.8%)  loss=22.4150  avg_reward=1163.69  penalty_ratio=0.00%  eta=317.7s
2026-04-08 13:58:45 [INFO] src.pomo_trainer:   batch 40/625 (6.4%)  loss=65.2913  avg_reward=1708.47  penalty_ratio=0.00%  eta=331.5s
2026-04-08 13:58:51 [INFO] src.pomo_trainer:   batch 50/625 (8.0%)  loss=109.9284  avg_reward=1774.10  penalty_ratio=0.00%  eta=330.0s
2026-04-08 13:58:59 [INFO] src.pomo_trainer:   batch 60/625 (9.6%)  loss=66.2769  avg_reward=1726.52  penalty_ratio=0.00%  eta=340.4s
2026-04-08 13:59:04 [INFO] src.pomo_trainer:   batch 70/625 (11.2%)  loss=23.4849  avg_reward=1825.65  penalty_ratio=0.00%  eta=328.3s
2026-04-08 13:59:10 [INFO] src.pomo_trainer:   batch 80/625 (12.8%)  loss=-3.6462  avg_reward=1110.32  penalty_ratio=0.00%  eta=321.9s
2026-04-08 13:59:16 [INFO] src.pomo_trainer:   batch 90/625 (14.4%)  loss=49.6174  avg_reward=1618.70  penalty_ratio=0.00%  eta=314.6s
2026-04-08 13:59:23 [INFO] src.pomo_trainer:   batch 100/625 (16.0%)  loss=45.4841  avg_reward=2635.84  penalty_ratio=0.00%  eta=316.9s
2026-04-08 13:59:29 [INFO] src.pomo_trainer:   batch 110/625 (17.6%)  loss=109.2050  avg_reward=3774.79  penalty_ratio=0.00%  eta=308.2s
2026-04-08 13:59:35 [INFO] src.pomo_trainer:   batch 120/625 (19.2%)  loss=81.4730  avg_reward=2038.71  penalty_ratio=0.00%  eta=303.2s
2026-04-08 13:59:40 [INFO] src.pomo_trainer:   batch 130/625 (20.8%)  loss=49.5206  avg_reward=2160.89  penalty_ratio=0.00%  eta=292.6s
2026-04-08 13:59:44 [INFO] src.pomo_trainer:   batch 140/625 (22.4%)  loss=83.0566  avg_reward=2236.88  penalty_ratio=0.00%  eta=281.7s
2026-04-08 13:59:50 [INFO] src.pomo_trainer:   batch 150/625 (24.0%)  loss=-0.1801  avg_reward=822.45  penalty_ratio=0.00%  eta=277.5s
2026-04-08 13:59:57 [INFO] src.pomo_trainer:   batch 160/625 (25.6%)  loss=114.5830  avg_reward=2076.56  penalty_ratio=0.00%  eta=273.5s
2026-04-08 14:00:02 [INFO] src.pomo_trainer:   batch 170/625 (27.2%)  loss=-3.0594  avg_reward=2197.29  penalty_ratio=0.00%  eta=265.1s
2026-04-08 14:00:08 [INFO] src.pomo_trainer:   batch 180/625 (28.8%)  loss=14.6438  avg_reward=-284.45  penalty_ratio=0.00%  eta=259.1s
2026-04-08 14:00:12 [INFO] src.pomo_trainer:   batch 190/625 (30.4%)  loss=76.6351  avg_reward=1847.98  penalty_ratio=0.00%  eta=251.1s
2026-04-08 14:00:18 [INFO] src.pomo_trainer:   batch 200/625 (32.0%)  loss=62.1680  avg_reward=1556.76  penalty_ratio=0.00%  eta=244.3s
2026-04-08 14:00:23 [INFO] src.pomo_trainer:   batch 210/625 (33.6%)  loss=77.4686  avg_reward=2266.41  penalty_ratio=0.00%  eta=237.6s
2026-04-08 14:00:29 [INFO] src.pomo_trainer:   batch 220/625 (35.2%)  loss=69.8917  avg_reward=2502.77  penalty_ratio=0.00%  eta=232.4s
2026-04-08 14:00:33 [INFO] src.pomo_trainer:   batch 230/625 (36.8%)  loss=9.2878  avg_reward=248.97  penalty_ratio=0.00%  eta=224.0s
2026-04-08 14:00:39 [INFO] src.pomo_trainer:   batch 240/625 (38.4%)  loss=64.9631  avg_reward=2098.12  penalty_ratio=0.00%  eta=218.3s
2026-04-08 14:00:45 [INFO] src.pomo_trainer:   batch 250/625 (40.0%)  loss=82.4328  avg_reward=4014.24  penalty_ratio=0.00%  eta=213.5s
2026-04-08 14:00:50 [INFO] src.pomo_trainer:   batch 260/625 (41.6%)  loss=-15.9284  avg_reward=3180.52  penalty_ratio=0.00%  eta=206.6s
2026-04-08 14:00:55 [INFO] src.pomo_trainer:   batch 270/625 (43.2%)  loss=6.8211  avg_reward=3092.42  penalty_ratio=0.00%  eta=200.8s
2026-04-08 14:01:00 [INFO] src.pomo_trainer:   batch 280/625 (44.8%)  loss=60.8480  avg_reward=2355.22  penalty_ratio=0.00%  eta=194.1s
2026-04-08 14:01:06 [INFO] src.pomo_trainer:   batch 290/625 (46.4%)  loss=97.3938  avg_reward=3508.63  penalty_ratio=0.00%  eta=188.5s
2026-04-08 14:01:08 [INFO] src.pomo_trainer:   batch 300/625 (48.0%)  loss=112.3658  avg_reward=2077.51  penalty_ratio=0.00%  eta=179.2s
2026-04-08 14:01:14 [INFO] src.pomo_trainer:   batch 310/625 (49.6%)  loss=51.5309  avg_reward=1880.51  penalty_ratio=0.00%  eta=174.2s
2026-04-08 14:01:20 [INFO] src.pomo_trainer:   batch 320/625 (51.2%)  loss=-0.4896  avg_reward=-1242.24  penalty_ratio=0.00%  eta=169.4s
2026-04-08 14:01:23 [INFO] src.pomo_trainer:   batch 330/625 (52.8%)  loss=17.5395  avg_reward=882.27  penalty_ratio=0.00%  eta=161.5s
2026-04-08 14:01:29 [INFO] src.pomo_trainer:   batch 340/625 (54.4%)  loss=-35.3017  avg_reward=3963.81  penalty_ratio=0.00%  eta=156.1s
2026-04-08 14:01:34 [INFO] src.pomo_trainer:   batch 350/625 (56.0%)  loss=-2.9162  avg_reward=2198.81  penalty_ratio=0.00%  eta=150.2s
2026-04-08 14:01:39 [INFO] src.pomo_trainer:   batch 360/625 (57.6%)  loss=64.5703  avg_reward=3112.89  penalty_ratio=0.00%  eta=144.4s
2026-04-08 14:01:43 [INFO] src.pomo_trainer:   batch 370/625 (59.2%)  loss=-0.0000  avg_reward=-1101.71  penalty_ratio=0.00%  eta=138.0s
2026-04-08 14:01:49 [INFO] src.pomo_trainer:   batch 380/625 (60.8%)  loss=52.7823  avg_reward=2263.02  penalty_ratio=0.00%  eta=132.7s
2026-04-08 14:01:54 [INFO] src.pomo_trainer:   batch 390/625 (62.4%)  loss=51.1385  avg_reward=2134.28  penalty_ratio=0.00%  eta=127.5s
2026-04-08 14:01:59 [INFO] src.pomo_trainer:   batch 400/625 (64.0%)  loss=-22.6819  avg_reward=2467.53  penalty_ratio=0.00%  eta=121.8s
2026-04-08 14:02:04 [INFO] src.pomo_trainer:   batch 410/625 (65.6%)  loss=-37.5577  avg_reward=4631.78  penalty_ratio=0.00%  eta=115.9s
2026-04-08 14:02:07 [INFO] src.pomo_trainer:   batch 420/625 (67.2%)  loss=-19.6662  avg_reward=1787.76  penalty_ratio=0.00%  eta=109.5s
2026-04-08 14:02:12 [INFO] src.pomo_trainer:   batch 430/625 (68.8%)  loss=-3.0552  avg_reward=655.58  penalty_ratio=0.00%  eta=104.0s
2026-04-08 14:02:14 [INFO] src.pomo_trainer:   batch 440/625 (70.4%)  loss=-5.9935  avg_reward=770.21  penalty_ratio=0.00%  eta=97.0s
2026-04-08 14:02:19 [INFO] src.pomo_trainer:   batch 450/625 (72.0%)  loss=3.6488  avg_reward=2561.64  penalty_ratio=0.00%  eta=91.8s
2026-04-08 14:02:24 [INFO] src.pomo_trainer:   batch 460/625 (73.6%)  loss=103.8012  avg_reward=1835.03  penalty_ratio=0.00%  eta=86.5s
2026-04-08 14:02:29 [INFO] src.pomo_trainer:   batch 470/625 (75.2%)  loss=85.4745  avg_reward=3199.06  penalty_ratio=0.00%  eta=81.4s
2026-04-08 14:02:34 [INFO] src.pomo_trainer:   batch 480/625 (76.8%)  loss=-25.7119  avg_reward=3756.29  penalty_ratio=0.00%  eta=76.0s
2026-04-08 14:02:42 [INFO] src.pomo_trainer:   batch 490/625 (78.4%)  loss=109.0160  avg_reward=1567.37  penalty_ratio=0.00%  eta=71.4s
2026-04-08 14:02:47 [INFO] src.pomo_trainer:   batch 500/625 (80.0%)  loss=-34.6697  avg_reward=3818.02  penalty_ratio=0.00%  eta=66.1s
2026-04-08 14:02:53 [INFO] src.pomo_trainer:   batch 510/625 (81.6%)  loss=-7.3679  avg_reward=3020.98  penalty_ratio=0.00%  eta=60.9s
2026-04-08 14:02:58 [INFO] src.pomo_trainer:   batch 520/625 (83.2%)  loss=-1.0610  avg_reward=5180.19  penalty_ratio=0.00%  eta=55.6s
2026-04-08 14:03:05 [INFO] src.pomo_trainer:   batch 530/625 (84.8%)  loss=89.9965  avg_reward=1539.00  penalty_ratio=0.00%  eta=50.6s
2026-04-08 14:03:09 [INFO] src.pomo_trainer:   batch 540/625 (86.4%)  loss=94.7565  avg_reward=2465.67  penalty_ratio=0.00%  eta=45.1s
2026-04-08 14:03:15 [INFO] src.pomo_trainer:   batch 550/625 (88.0%)  loss=0.7995  avg_reward=695.64  penalty_ratio=0.00%  eta=39.9s
2026-04-08 14:03:21 [INFO] src.pomo_trainer:   batch 560/625 (89.6%)  loss=75.6675  avg_reward=2247.64  penalty_ratio=0.00%  eta=34.6s
2026-04-08 14:03:24 [INFO] src.pomo_trainer:   batch 570/625 (91.2%)  loss=10.5156  avg_reward=757.97  penalty_ratio=0.00%  eta=29.1s
2026-04-08 14:03:29 [INFO] src.pomo_trainer:   batch 580/625 (92.8%)  loss=0.5165  avg_reward=112.89  penalty_ratio=0.00%  eta=23.8s
2026-04-08 14:03:33 [INFO] src.pomo_trainer:   batch 590/625 (94.4%)  loss=36.2022  avg_reward=1576.61  penalty_ratio=0.00%  eta=18.4s
2026-04-08 14:03:38 [INFO] src.pomo_trainer:   batch 600/625 (96.0%)  loss=92.1587  avg_reward=2692.61  penalty_ratio=0.00%  eta=13.1s
2026-04-08 14:03:44 [INFO] src.pomo_trainer:   batch 610/625 (97.6%)  loss=48.2787  avg_reward=1966.41  penalty_ratio=0.00%  eta=7.9s
2026-04-08 14:03:50 [INFO] src.pomo_trainer:   batch 620/625 (99.2%)  loss=-20.2093  avg_reward=4332.19  penalty_ratio=0.00%  eta=2.6s
2026-04-08 14:03:53 [INFO] __main__: Epoch 49  stage=main  loss=35.093771  reward=1914.21  var=224539.94  penalty=0.00%  mem_max=nan%
2026-04-08 14:03:53 [INFO] __main__: Training progress: 49/1000 (4.9%)  elapsed=16304.2s  eta=316434.6s
2026-04-08 14:03:53 [INFO] __main__: 
--- Epoch 50 / 1000 ---
2026-04-08 14:03:59 [INFO] src.pomo_trainer:   batch 10/625 (1.6%)  loss=-0.0001  avg_reward=-274.17  penalty_ratio=0.00%  eta=355.6s
2026-04-08 14:04:06 [INFO] src.pomo_trainer:   batch 20/625 (3.2%)  loss=83.4958  avg_reward=3028.68  penalty_ratio=0.00%  eta=387.2s
2026-04-08 14:04:12 [INFO] src.pomo_trainer:   batch 30/625 (4.8%)  loss=16.5403  avg_reward=2711.95  penalty_ratio=0.00%  eta=372.8s
2026-04-08 14:04:17 [INFO] src.pomo_trainer:   batch 40/625 (6.4%)  loss=-11.0582  avg_reward=635.22  penalty_ratio=0.00%  eta=347.7s
2026-04-08 14:04:23 [INFO] src.pomo_trainer:   batch 50/625 (8.0%)  loss=-1.7737  avg_reward=-453.64  penalty_ratio=0.00%  eta=343.0s
2026-04-08 14:04:29 [INFO] src.pomo_trainer:   batch 60/625 (9.6%)  loss=145.6616  avg_reward=2044.90  penalty_ratio=0.00%  eta=338.7s
2026-04-08 14:04:34 [INFO] src.pomo_trainer:   batch 70/625 (11.2%)  loss=0.3486  avg_reward=-828.63  penalty_ratio=0.00%  eta=322.2s
2026-04-08 14:04:39 [INFO] src.pomo_trainer:   batch 80/625 (12.8%)  loss=51.9667  avg_reward=1590.08  penalty_ratio=0.00%  eta=310.0s
2026-04-08 14:04:43 [INFO] src.pomo_trainer:   batch 90/625 (14.4%)  loss=37.2578  avg_reward=2649.95  penalty_ratio=0.00%  eta=298.8s
2026-04-08 14:04:50 [INFO] src.pomo_trainer:   batch 100/625 (16.0%)  loss=0.0134  avg_reward=-875.69  penalty_ratio=0.00%  eta=297.7s
2026-04-08 14:04:56 [INFO] src.pomo_trainer:   batch 110/625 (17.6%)  loss=-19.5262  avg_reward=2656.00  penalty_ratio=0.00%  eta=292.9s
2026-04-08 14:05:01 [INFO] src.pomo_trainer:   batch 120/625 (19.2%)  loss=-9.0003  avg_reward=2118.79  penalty_ratio=0.00%  eta=286.9s
2026-04-08 14:05:07 [INFO] src.pomo_trainer:   batch 130/625 (20.8%)  loss=27.1083  avg_reward=1695.22  penalty_ratio=0.00%  eta=282.6s
2026-04-08 14:05:12 [INFO] src.pomo_trainer:   batch 140/625 (22.4%)  loss=-26.8380  avg_reward=3204.89  penalty_ratio=0.00%  eta=273.8s
2026-04-08 14:05:16 [INFO] src.pomo_trainer:   batch 150/625 (24.0%)  loss=-0.1243  avg_reward=18.61  penalty_ratio=0.00%  eta=262.4s
2026-04-08 14:05:22 [INFO] src.pomo_trainer:   batch 160/625 (25.6%)  loss=94.5273  avg_reward=2628.44  penalty_ratio=0.00%  eta=257.3s
2026-04-08 14:05:27 [INFO] src.pomo_trainer:   batch 170/625 (27.2%)  loss=-185.3369  avg_reward=3847.54  penalty_ratio=0.00%  eta=252.4s
2026-04-08 14:05:34 [INFO] src.pomo_trainer:   batch 180/625 (28.8%)  loss=-0.0479  avg_reward=2056.02  penalty_ratio=0.00%  eta=250.0s
2026-04-08 14:05:40 [INFO] src.pomo_trainer:   batch 190/625 (30.4%)  loss=-0.7163  avg_reward=1011.78  penalty_ratio=0.00%  eta=244.0s
2026-04-08 14:05:44 [INFO] src.pomo_trainer:   batch 200/625 (32.0%)  loss=-22.9790  avg_reward=514.28  penalty_ratio=0.00%  eta=235.2s
2026-04-08 14:05:49 [INFO] src.pomo_trainer:   batch 210/625 (33.6%)  loss=0.8063  avg_reward=13.16  penalty_ratio=0.00%  eta=229.4s
2026-04-08 14:05:55 [INFO] src.pomo_trainer:   batch 220/625 (35.2%)  loss=8.6157  avg_reward=1549.15  penalty_ratio=0.00%  eta=225.2s
2026-04-08 14:06:02 [INFO] src.pomo_trainer:   batch 230/625 (36.8%)  loss=-1.0226  avg_reward=612.46  penalty_ratio=0.00%  eta=220.9s
2026-04-08 14:06:06 [INFO] src.pomo_trainer:   batch 240/625 (38.4%)  loss=-15.4730  avg_reward=4327.19  penalty_ratio=0.00%  eta=213.0s
2026-04-08 14:06:11 [INFO] src.pomo_trainer:   batch 250/625 (40.0%)  loss=104.0344  avg_reward=1803.84  penalty_ratio=0.00%  eta=206.9s
2026-04-08 14:06:16 [INFO] src.pomo_trainer:   batch 260/625 (41.6%)  loss=1.3403  avg_reward=1264.96  penalty_ratio=0.00%  eta=200.9s
2026-04-08 14:06:21 [INFO] src.pomo_trainer:   batch 270/625 (43.2%)  loss=77.1301  avg_reward=1726.25  penalty_ratio=0.00%  eta=194.6s
2026-04-08 14:06:25 [INFO] src.pomo_trainer:   batch 280/625 (44.8%)  loss=75.9743  avg_reward=1551.37  penalty_ratio=0.00%  eta=187.7s
2026-04-08 14:06:30 [INFO] src.pomo_trainer:   batch 290/625 (46.4%)  loss=-0.0040  avg_reward=-375.45  penalty_ratio=0.00%  eta=180.8s
2026-04-08 14:06:36 [INFO] src.pomo_trainer:   batch 300/625 (48.0%)  loss=12.3705  avg_reward=2208.90  penalty_ratio=0.00%  eta=176.7s
2026-04-08 14:06:42 [INFO] src.pomo_trainer:   batch 310/625 (49.6%)  loss=95.9457  avg_reward=2638.64  penalty_ratio=0.00%  eta=172.1s
2026-04-08 14:06:46 [INFO] src.pomo_trainer:   batch 320/625 (51.2%)  loss=-0.8122  avg_reward=632.43  penalty_ratio=0.00%  eta=165.3s
2026-04-08 14:06:52 [INFO] src.pomo_trainer:   batch 330/625 (52.8%)  loss=-20.7529  avg_reward=2142.35  penalty_ratio=0.00%  eta=159.9s
2026-04-08 14:06:57 [INFO] src.pomo_trainer:   batch 340/625 (54.4%)  loss=0.1465  avg_reward=2477.59  penalty_ratio=0.00%  eta=154.6s
2026-04-08 14:07:03 [INFO] src.pomo_trainer:   batch 350/625 (56.0%)  loss=-33.7182  avg_reward=3213.02  penalty_ratio=0.00%  eta=149.0s
2026-04-08 14:07:09 [INFO] src.pomo_trainer:   batch 360/625 (57.6%)  loss=37.7097  avg_reward=2278.42  penalty_ratio=0.00%  eta=144.0s
2026-04-08 14:07:14 [INFO] src.pomo_trainer:   batch 370/625 (59.2%)  loss=119.1509  avg_reward=2138.80  penalty_ratio=0.00%  eta=138.5s
2026-04-08 14:07:18 [INFO] src.pomo_trainer:   batch 380/625 (60.8%)  loss=-38.2507  avg_reward=3789.71  penalty_ratio=0.00%  eta=132.0s
2026-04-08 14:07:22 [INFO] src.pomo_trainer:   batch 390/625 (62.4%)  loss=65.5508  avg_reward=1490.46  penalty_ratio=0.00%  eta=125.8s
2026-04-08 14:07:28 [INFO] src.pomo_trainer:   batch 400/625 (64.0%)  loss=-2.7530  avg_reward=1244.64  penalty_ratio=0.00%  eta=120.8s
2026-04-08 14:07:34 [INFO] src.pomo_trainer:   batch 410/625 (65.6%)  loss=-0.0000  avg_reward=-1136.62  penalty_ratio=0.00%  eta=115.7s
2026-04-08 14:07:37 [INFO] src.pomo_trainer:   batch 420/625 (67.2%)  loss=-0.0006  avg_reward=-234.80  penalty_ratio=0.00%  eta=109.2s
2026-04-08 14:07:42 [INFO] src.pomo_trainer:   batch 430/625 (68.8%)  loss=-17.6497  avg_reward=3290.61  penalty_ratio=0.00%  eta=103.6s
2026-04-08 14:07:46 [INFO] src.pomo_trainer:   batch 440/625 (70.4%)  loss=-0.0000  avg_reward=-132.57  penalty_ratio=0.00%  eta=97.9s
2026-04-08 14:07:50 [INFO] src.pomo_trainer:   batch 450/625 (72.0%)  loss=11.6744  avg_reward=2702.36  penalty_ratio=0.00%  eta=92.3s
2026-04-08 14:07:56 [INFO] src.pomo_trainer:   batch 460/625 (73.6%)  loss=-35.1574  avg_reward=1236.46  penalty_ratio=0.00%  eta=87.0s
2026-04-08 14:08:00 [INFO] src.pomo_trainer:   batch 470/625 (75.2%)  loss=79.9167  avg_reward=2730.51  penalty_ratio=0.00%  eta=81.4s
2026-04-08 14:08:04 [INFO] src.pomo_trainer:   batch 480/625 (76.8%)  loss=3.1183  avg_reward=1310.09  penalty_ratio=0.00%  eta=75.9s
2026-04-08 14:08:09 [INFO] src.pomo_trainer:   batch 490/625 (78.4%)  loss=-4.6514  avg_reward=4632.31  penalty_ratio=0.00%  eta=70.4s
2026-04-08 14:08:15 [INFO] src.pomo_trainer:   batch 500/625 (80.0%)  loss=74.7051  avg_reward=1963.82  penalty_ratio=0.00%  eta=65.5s
2026-04-08 14:08:20 [INFO] src.pomo_trainer:   batch 510/625 (81.6%)  loss=116.6147  avg_reward=2118.59  penalty_ratio=0.00%  eta=60.3s
2026-04-08 14:08:25 [INFO] src.pomo_trainer:   batch 520/625 (83.2%)  loss=1.6193  avg_reward=1708.73  penalty_ratio=0.00%  eta=55.0s
2026-04-08 14:08:31 [INFO] src.pomo_trainer:   batch 530/625 (84.8%)  loss=39.2540  avg_reward=3100.38  penalty_ratio=0.00%  eta=49.8s
2026-04-08 14:08:37 [INFO] src.pomo_trainer:   batch 540/625 (86.4%)  loss=-17.1802  avg_reward=276.35  penalty_ratio=0.00%  eta=44.6s
2026-04-08 14:08:43 [INFO] src.pomo_trainer:   batch 550/625 (88.0%)  loss=64.9686  avg_reward=1899.33  penalty_ratio=0.00%  eta=39.6s
2026-04-08 14:08:47 [INFO] src.pomo_trainer:   batch 560/625 (89.6%)  loss=-10.1830  avg_reward=101.47  penalty_ratio=0.00%  eta=34.1s
2026-04-08 14:08:51 [INFO] src.pomo_trainer:   batch 570/625 (91.2%)  loss=-0.1100  avg_reward=-47.02  penalty_ratio=0.00%  eta=28.8s
2026-04-08 14:08:58 [INFO] src.pomo_trainer:   batch 580/625 (92.8%)  loss=-30.1127  avg_reward=2127.39  penalty_ratio=0.00%  eta=23.7s
2026-04-08 14:09:04 [INFO] src.pomo_trainer:   batch 590/625 (94.4%)  loss=58.9190  avg_reward=1942.08  penalty_ratio=0.00%  eta=18.5s
2026-04-08 14:09:10 [INFO] src.pomo_trainer:   batch 600/625 (96.0%)  loss=-11.0413  avg_reward=3756.60  penalty_ratio=0.00%  eta=13.2s
2026-04-08 14:09:16 [INFO] src.pomo_trainer:   batch 610/625 (97.6%)  loss=-22.1699  avg_reward=2355.96  penalty_ratio=0.00%  eta=7.9s
2026-04-08 14:09:21 [INFO] src.pomo_trainer:   batch 620/625 (99.2%)  loss=-7.4207  avg_reward=2696.85  penalty_ratio=0.00%  eta=2.6s
2026-04-08 14:09:24 [INFO] __main__: Epoch 50  stage=main  loss=28.074400  reward=1888.86  var=239400.91  penalty=0.00%  mem_max=nan%
2026-04-08 14:09:24 [INFO] __main__: Training progress: 50/1000 (5.0%)  elapsed=16635.2s  eta=316069.7s
2026-04-08 14:09:40 [INFO] __main__: Validation reward (all stages): 1333.7618
2026-04-08 14:09:40 [INFO] __main__: 
--- Epoch 51 / 1000 ---
2026-04-08 14:09:44 [INFO] src.pomo_trainer:   batch 10/625 (1.6%)  loss=-12.5907  avg_reward=2900.76  penalty_ratio=0.00%  eta=263.6s
2026-04-08 14:09:49 [INFO] src.pomo_trainer:   batch 20/625 (3.2%)  loss=-0.0000  avg_reward=-162.00  penalty_ratio=0.00%  eta=292.4s
2026-04-08 14:09:55 [INFO] src.pomo_trainer:   batch 30/625 (4.8%)  loss=-19.9308  avg_reward=3158.24  penalty_ratio=0.00%  eta=299.1s
2026-04-08 14:10:01 [INFO] src.pomo_trainer:   batch 40/625 (6.4%)  loss=1.2554  avg_reward=-702.13  penalty_ratio=0.00%  eta=308.9s
2026-04-08 14:10:06 [INFO] src.pomo_trainer:   batch 50/625 (8.0%)  loss=71.9561  avg_reward=1691.29  penalty_ratio=0.00%  eta=307.9s
2026-04-08 14:10:12 [INFO] src.pomo_trainer:   batch 60/625 (9.6%)  loss=17.6003  avg_reward=1986.61  penalty_ratio=0.00%  eta=302.3s
2026-04-08 14:10:19 [INFO] src.pomo_trainer:   batch 70/625 (11.2%)  loss=134.5197  avg_reward=3369.05  penalty_ratio=0.00%  eta=309.9s
2026-04-08 14:10:23 [INFO] src.pomo_trainer:   batch 80/625 (12.8%)  loss=1.2662  avg_reward=541.34  penalty_ratio=0.00%  eta=293.4s
2026-04-08 14:10:30 [INFO] src.pomo_trainer:   batch 90/625 (14.4%)  loss=34.9293  avg_reward=1864.39  penalty_ratio=0.00%  eta=298.8s
2026-04-08 14:10:35 [INFO] src.pomo_trainer:   batch 100/625 (16.0%)  loss=-6.8164  avg_reward=3191.28  penalty_ratio=0.00%  eta=290.2s
2026-04-08 14:10:41 [INFO] src.pomo_trainer:   batch 110/625 (17.6%)  loss=7.4495  avg_reward=3448.05  penalty_ratio=0.00%  eta=285.9s
2026-04-08 14:10:47 [INFO] src.pomo_trainer:   batch 120/625 (19.2%)  loss=16.4410  avg_reward=4271.92  penalty_ratio=0.00%  eta=283.5s
2026-04-08 14:10:53 [INFO] src.pomo_trainer:   batch 130/625 (20.8%)  loss=43.8791  avg_reward=1644.38  penalty_ratio=0.00%  eta=281.0s
2026-04-08 14:11:02 [INFO] src.pomo_trainer:   batch 140/625 (22.4%)  loss=41.0285  avg_reward=2990.52  penalty_ratio=0.00%  eta=283.9s
2026-04-08 14:11:04 [INFO] src.pomo_trainer:   batch 150/625 (24.0%)  loss=68.6335  avg_reward=2067.00  penalty_ratio=0.00%  eta=267.2s
2026-04-08 14:11:08 [INFO] src.pomo_trainer:   batch 160/625 (25.6%)  loss=-0.0000  avg_reward=-1156.66  penalty_ratio=0.00%  eta=257.8s
2026-04-08 14:11:12 [INFO] src.pomo_trainer:   batch 170/625 (27.2%)  loss=101.3504  avg_reward=1805.23  penalty_ratio=0.00%  eta=246.9s
2026-04-08 14:11:18 [INFO] src.pomo_trainer:   batch 180/625 (28.8%)  loss=37.8262  avg_reward=1962.48  penalty_ratio=0.00%  eta=243.5s
2026-04-08 14:11:23 [INFO] src.pomo_trainer:   batch 190/625 (30.4%)  loss=69.8190  avg_reward=3731.80  penalty_ratio=0.00%  eta=235.8s
2026-04-08 14:11:28 [INFO] src.pomo_trainer:   batch 200/625 (32.0%)  loss=107.0328  avg_reward=3191.60  penalty_ratio=0.00%  eta=230.7s
2026-04-08 14:11:34 [INFO] src.pomo_trainer:   batch 210/625 (33.6%)  loss=52.3957  avg_reward=1389.21  penalty_ratio=0.00%  eta=226.1s
2026-04-08 14:11:40 [INFO] src.pomo_trainer:   batch 220/625 (35.2%)  loss=60.2999  avg_reward=1919.43  penalty_ratio=0.00%  eta=221.3s
2026-04-08 14:11:47 [INFO] src.pomo_trainer:   batch 230/625 (36.8%)  loss=82.3014  avg_reward=2448.44  penalty_ratio=0.00%  eta=218.7s
2026-04-08 14:11:52 [INFO] src.pomo_trainer:   batch 240/625 (38.4%)  loss=155.9403  avg_reward=3502.14  penalty_ratio=0.00%  eta=212.4s
2026-04-08 14:11:59 [INFO] src.pomo_trainer:   batch 250/625 (40.0%)  loss=86.6106  avg_reward=2026.59  penalty_ratio=0.00%  eta=208.9s
2026-04-08 14:12:03 [INFO] src.pomo_trainer:   batch 260/625 (41.6%)  loss=-12.9176  avg_reward=2146.26  penalty_ratio=0.00%  eta=201.7s
2026-04-08 14:12:10 [INFO] src.pomo_trainer:   batch 270/625 (43.2%)  loss=-4.7742  avg_reward=648.25  penalty_ratio=0.00%  eta=197.9s
2026-04-08 14:12:17 [INFO] src.pomo_trainer:   batch 280/625 (44.8%)  loss=109.1380  avg_reward=1998.31  penalty_ratio=0.00%  eta=193.3s
2026-04-08 14:12:22 [INFO] src.pomo_trainer:   batch 290/625 (46.4%)  loss=-14.6225  avg_reward=839.31  penalty_ratio=0.00%  eta=187.9s
2026-04-08 14:12:27 [INFO] src.pomo_trainer:   batch 300/625 (48.0%)  loss=-5.0355  avg_reward=486.83  penalty_ratio=0.00%  eta=181.3s
2026-04-08 14:12:33 [INFO] src.pomo_trainer:   batch 310/625 (49.6%)  loss=49.2090  avg_reward=2668.05  penalty_ratio=0.00%  eta=176.6s
2026-04-08 14:12:40 [INFO] src.pomo_trainer:   batch 320/625 (51.2%)  loss=-2.2109  avg_reward=1347.20  penalty_ratio=0.00%  eta=172.0s
2026-04-08 14:12:47 [INFO] src.pomo_trainer:   batch 330/625 (52.8%)  loss=-36.1072  avg_reward=4415.38  penalty_ratio=0.00%  eta=167.3s
2026-04-08 14:12:53 [INFO] src.pomo_trainer:   batch 340/625 (54.4%)  loss=51.9546  avg_reward=1866.47  penalty_ratio=0.00%  eta=162.3s
2026-04-08 14:13:00 [INFO] src.pomo_trainer:   batch 350/625 (56.0%)  loss=14.7620  avg_reward=1517.26  penalty_ratio=0.00%  eta=157.1s
2026-04-10 16:14:48 [INFO] __main__: Resuming in existing run folder: /content/drive/MyDrive/SOS_0408/results/train_20260408_093200_stage_1_50cust
2026-04-10 16:14:49 [INFO] __main__: Training device: cuda
2026-04-10 16:14:54 [INFO] __main__: TensorBoard logging enabled at: /content/drive/MyDrive/SOS_0408/results/train_20260408_093200_stage_1_50cust/tensorboard
2026-04-10 16:15:03 [INFO] __main__: Resumed training from /content/drive/MyDrive/SOS_0408/results/train_20260408_093200_stage_1_50cust/pretrained_pomo/model_epoch_50.pt (starting at epoch 51)
2026-04-10 16:15:29 [INFO] __main__: Loaded mixed training pool: 26 instances from 3 depots.
2026-04-10 16:15:29 [INFO] __main__: 
=== Curriculum stage: tiny_warmup  epochs=2  max_customers=8 ===
2026-04-10 16:15:29 [INFO] __main__: 
--- Epoch 51 / 1000 ---
2026-04-10 16:15:32 [INFO] src.pomo_trainer:   batch 10/625 (1.6%)  loss=-3.9592  avg_reward=-24.59  penalty_ratio=0.00%  eta=126.7s
2026-04-10 16:15:32 [INFO] src.pomo_trainer:   batch 20/625 (3.2%)  loss=-15.2665  avg_reward=275.32  penalty_ratio=0.00%  eta=78.9s
2026-04-10 16:15:33 [INFO] src.pomo_trainer:   batch 30/625 (4.8%)  loss=-2.0133  avg_reward=242.49  penalty_ratio=0.00%  eta=61.8s
2026-04-10 16:15:33 [INFO] src.pomo_trainer:   batch 40/625 (6.4%)  loss=-8.8624  avg_reward=7.28  penalty_ratio=0.00%  eta=53.5s
2026-04-10 16:15:34 [INFO] src.pomo_trainer:   batch 50/625 (8.0%)  loss=-11.0401  avg_reward=266.72  penalty_ratio=0.00%  eta=49.7s
2026-04-10 16:15:34 [INFO] src.pomo_trainer:   batch 60/625 (9.6%)  loss=-13.3290  avg_reward=690.25  penalty_ratio=0.00%  eta=46.0s
2026-04-10 16:15:35 [INFO] src.pomo_trainer:   batch 70/625 (11.2%)  loss=-18.3584  avg_reward=278.22  penalty_ratio=0.00%  eta=43.2s
2026-04-10 16:15:35 [INFO] src.pomo_trainer:   batch 80/625 (12.8%)  loss=-6.0839  avg_reward=497.89  penalty_ratio=0.00%  eta=40.6s
2026-04-10 16:15:36 [INFO] src.pomo_trainer:   batch 90/625 (14.4%)  loss=1.1746  avg_reward=-1043.23  penalty_ratio=0.00%  eta=39.1s
2026-04-10 16:15:37 [INFO] src.pomo_trainer:   batch 100/625 (16.0%)  loss=0.1773  avg_reward=-876.78  penalty_ratio=0.00%  eta=37.6s
2026-04-10 16:15:37 [INFO] src.pomo_trainer:   batch 110/625 (17.6%)  loss=-4.4357  avg_reward=616.53  penalty_ratio=0.00%  eta=36.6s
2026-04-10 16:15:38 [INFO] src.pomo_trainer:   batch 120/625 (19.2%)  loss=-2.1865  avg_reward=517.62  penalty_ratio=0.00%  eta=35.9s
2026-04-10 16:15:39 [INFO] src.pomo_trainer:   batch 130/625 (20.8%)  loss=-7.8600  avg_reward=362.12  penalty_ratio=0.00%  eta=35.2s
2026-04-10 16:15:39 [INFO] src.pomo_trainer:   batch 140/625 (22.4%)  loss=0.4394  avg_reward=161.73  penalty_ratio=0.00%  eta=34.6s
2026-04-10 16:15:40 [INFO] src.pomo_trainer:   batch 150/625 (24.0%)  loss=-9.2718  avg_reward=906.98  penalty_ratio=0.00%  eta=34.4s
2026-04-10 16:15:41 [INFO] src.pomo_trainer:   batch 160/625 (25.6%)  loss=1.8971  avg_reward=788.18  penalty_ratio=0.00%  eta=33.6s
2026-04-10 16:15:42 [INFO] src.pomo_trainer:   batch 170/625 (27.2%)  loss=-9.2586  avg_reward=-58.93  penalty_ratio=0.00%  eta=32.6s
2026-04-10 16:15:42 [INFO] src.pomo_trainer:   batch 180/625 (28.8%)  loss=-1.4018  avg_reward=200.82  penalty_ratio=0.00%  eta=31.6s
2026-04-10 16:15:43 [INFO] src.pomo_trainer:   batch 190/625 (30.4%)  loss=-10.1593  avg_reward=809.76  penalty_ratio=0.00%  eta=30.5s
2026-04-10 16:15:43 [INFO] src.pomo_trainer:   batch 200/625 (32.0%)  loss=-6.8437  avg_reward=369.02  penalty_ratio=0.00%  eta=29.5s
2026-04-10 16:15:44 [INFO] src.pomo_trainer:   batch 210/625 (33.6%)  loss=-1.8276  avg_reward=-538.32  penalty_ratio=0.00%  eta=28.6s
2026-04-10 16:15:45 [INFO] src.pomo_trainer:   batch 220/625 (35.2%)  loss=-4.6860  avg_reward=63.69  penalty_ratio=0.00%  eta=27.8s
2026-04-10 16:15:45 [INFO] src.pomo_trainer:   batch 230/625 (36.8%)  loss=-1.3990  avg_reward=-663.70  penalty_ratio=0.00%  eta=26.8s
2026-04-10 16:15:46 [INFO] src.pomo_trainer:   batch 240/625 (38.4%)  loss=-3.7700  avg_reward=-48.81  penalty_ratio=0.00%  eta=25.9s
2026-04-10 16:15:46 [INFO] src.pomo_trainer:   batch 250/625 (40.0%)  loss=-2.9949  avg_reward=539.25  penalty_ratio=0.00%  eta=25.0s
2026-04-10 16:15:47 [INFO] src.pomo_trainer:   batch 260/625 (41.6%)  loss=-27.2695  avg_reward=259.30  penalty_ratio=0.00%  eta=24.3s
2026-04-10 16:15:47 [INFO] src.pomo_trainer:   batch 270/625 (43.2%)  loss=3.2519  avg_reward=139.07  penalty_ratio=0.00%  eta=23.4s
2026-04-10 16:15:48 [INFO] src.pomo_trainer:   batch 280/625 (44.8%)  loss=-17.7206  avg_reward=219.61  penalty_ratio=0.00%  eta=22.6s
2026-04-10 16:15:48 [INFO] src.pomo_trainer:   batch 290/625 (46.4%)  loss=-4.5846  avg_reward=-490.13  penalty_ratio=0.00%  eta=21.8s
2026-04-10 16:15:49 [INFO] src.pomo_trainer:   batch 300/625 (48.0%)  loss=-0.7275  avg_reward=-28.99  penalty_ratio=0.00%  eta=21.0s
2026-04-10 16:15:49 [INFO] src.pomo_trainer:   batch 310/625 (49.6%)  loss=-0.9759  avg_reward=134.30  penalty_ratio=0.00%  eta=20.3s
2026-04-10 16:15:50 [INFO] src.pomo_trainer:   batch 320/625 (51.2%)  loss=-0.0599  avg_reward=-20.05  penalty_ratio=0.00%  eta=19.5s
2026-04-10 16:15:51 [INFO] src.pomo_trainer:   batch 330/625 (52.8%)  loss=-2.2605  avg_reward=767.57  penalty_ratio=0.00%  eta=18.8s
2026-04-10 16:15:51 [INFO] src.pomo_trainer:   batch 340/625 (54.4%)  loss=1.4083  avg_reward=277.60  penalty_ratio=0.00%  eta=18.1s
2026-04-10 16:15:52 [INFO] src.pomo_trainer:   batch 350/625 (56.0%)  loss=-8.1920  avg_reward=721.70  penalty_ratio=0.00%  eta=17.6s
2026-04-10 16:15:53 [INFO] src.pomo_trainer:   batch 360/625 (57.6%)  loss=5.5076  avg_reward=201.83  penalty_ratio=0.00%  eta=17.0s
2026-04-10 16:15:53 [INFO] src.pomo_trainer:   batch 370/625 (59.2%)  loss=2.0655  avg_reward=370.10  penalty_ratio=0.00%  eta=16.4s
2026-04-10 16:15:54 [INFO] src.pomo_trainer:   batch 380/625 (60.8%)  loss=0.2860  avg_reward=-685.74  penalty_ratio=0.00%  eta=15.8s
2026-04-10 16:15:55 [INFO] src.pomo_trainer:   batch 390/625 (62.4%)  loss=-8.3131  avg_reward=622.06  penalty_ratio=0.00%  eta=15.4s
2026-04-10 16:15:56 [INFO] src.pomo_trainer:   batch 400/625 (64.0%)  loss=-0.0000  avg_reward=29.80  penalty_ratio=0.00%  eta=14.7s
2026-04-10 16:15:56 [INFO] src.pomo_trainer:   batch 410/625 (65.6%)  loss=5.4908  avg_reward=203.85  penalty_ratio=0.00%  eta=14.0s
2026-04-10 16:15:57 [INFO] src.pomo_trainer:   batch 420/625 (67.2%)  loss=-0.9588  avg_reward=-494.84  penalty_ratio=0.00%  eta=13.3s
2026-04-10 16:15:57 [INFO] src.pomo_trainer:   batch 430/625 (68.8%)  loss=3.3551  avg_reward=-858.19  penalty_ratio=0.00%  eta=12.6s
2026-04-10 16:15:58 [INFO] src.pomo_trainer:   batch 440/625 (70.4%)  loss=-1.7681  avg_reward=-731.72  penalty_ratio=0.00%  eta=12.0s
2026-04-10 16:15:59 [INFO] src.pomo_trainer:   batch 450/625 (72.0%)  loss=-15.3835  avg_reward=394.49  penalty_ratio=0.00%  eta=11.3s
2026-04-10 16:15:59 [INFO] src.pomo_trainer:   batch 460/625 (73.6%)  loss=-0.0000  avg_reward=39.58  penalty_ratio=0.00%  eta=10.6s
2026-04-10 16:16:00 [INFO] src.pomo_trainer:   batch 470/625 (75.2%)  loss=-19.2794  avg_reward=154.03  penalty_ratio=0.00%  eta=9.9s
2026-04-10 16:16:00 [INFO] src.pomo_trainer:   batch 480/625 (76.8%)  loss=0.9977  avg_reward=-235.09  penalty_ratio=0.00%  eta=9.3s
2026-04-10 16:16:01 [INFO] src.pomo_trainer:   batch 490/625 (78.4%)  loss=0.8831  avg_reward=-587.27  penalty_ratio=0.00%  eta=8.6s
2026-04-10 16:16:01 [INFO] src.pomo_trainer:   batch 500/625 (80.0%)  loss=-0.0361  avg_reward=453.33  penalty_ratio=0.00%  eta=7.9s
2026-04-10 16:16:02 [INFO] src.pomo_trainer:   batch 510/625 (81.6%)  loss=-0.0000  avg_reward=-565.54  penalty_ratio=0.00%  eta=7.3s
2026-04-10 16:16:02 [INFO] src.pomo_trainer:   batch 520/625 (83.2%)  loss=9.0528  avg_reward=668.00  penalty_ratio=0.00%  eta=6.6s
2026-04-10 16:16:03 [INFO] src.pomo_trainer:   batch 530/625 (84.8%)  loss=-0.7211  avg_reward=134.02  penalty_ratio=0.00%  eta=6.0s
2026-04-10 16:16:04 [INFO] src.pomo_trainer:   batch 540/625 (86.4%)  loss=-16.0770  avg_reward=638.20  penalty_ratio=0.00%  eta=5.4s
2026-04-10 16:16:04 [INFO] src.pomo_trainer:   batch 550/625 (88.0%)  loss=0.4855  avg_reward=-553.09  penalty_ratio=0.00%  eta=4.7s
2026-04-10 16:16:05 [INFO] src.pomo_trainer:   batch 560/625 (89.6%)  loss=-15.7261  avg_reward=699.90  penalty_ratio=0.00%  eta=4.1s
2026-04-10 16:16:05 [INFO] src.pomo_trainer:   batch 570/625 (91.2%)  loss=-2.9754  avg_reward=826.41  penalty_ratio=0.00%  eta=3.5s
2026-04-10 16:16:06 [INFO] src.pomo_trainer:   batch 580/625 (92.8%)  loss=-10.4477  avg_reward=593.26  penalty_ratio=0.00%  eta=2.8s
2026-04-10 16:16:07 [INFO] src.pomo_trainer:   batch 590/625 (94.4%)  loss=-18.4857  avg_reward=284.48  penalty_ratio=0.00%  eta=2.2s
2026-04-10 16:16:08 [INFO] src.pomo_trainer:   batch 600/625 (96.0%)  loss=-0.0000  avg_reward=-419.46  penalty_ratio=0.00%  eta=1.6s
2026-04-10 16:16:08 [INFO] src.pomo_trainer:   batch 610/625 (97.6%)  loss=-10.9335  avg_reward=-190.11  penalty_ratio=0.00%  eta=1.0s
2026-04-10 16:16:09 [INFO] src.pomo_trainer:   batch 620/625 (99.2%)  loss=-0.1774  avg_reward=-742.12  penalty_ratio=0.00%  eta=0.3s
2026-04-10 16:16:10 [INFO] __main__: Epoch 51  stage=tiny_warmup  loss=-4.028942  reward=103.96  var=28415.33  penalty=0.00%  mem_max=nan%
2026-04-10 16:16:10 [INFO] __main__: Training progress: 1/950 (0.1%)  elapsed=40.2s  eta=38185.2s
2026-04-10 16:16:10 [INFO] __main__: 
--- Epoch 52 / 1000 ---
2026-04-10 16:16:10 [INFO] src.pomo_trainer:   batch 10/625 (1.6%)  loss=-6.1454  avg_reward=-270.33  penalty_ratio=0.00%  eta=34.9s
2026-04-10 16:16:11 [INFO] src.pomo_trainer:   batch 20/625 (3.2%)  loss=-10.3876  avg_reward=697.17  penalty_ratio=0.00%  eta=31.7s
2026-04-10 16:16:11 [INFO] src.pomo_trainer:   batch 30/625 (4.8%)  loss=-10.0467  avg_reward=948.76  penalty_ratio=0.00%  eta=33.2s
2026-04-10 16:16:12 [INFO] src.pomo_trainer:   batch 40/625 (6.4%)  loss=-1.5741  avg_reward=-940.97  penalty_ratio=0.00%  eta=31.7s
2026-04-10 16:16:12 [INFO] src.pomo_trainer:   batch 50/625 (8.0%)  loss=-12.6703  avg_reward=603.84  penalty_ratio=0.00%  eta=31.5s
2026-04-10 16:16:13 [INFO] src.pomo_trainer:   batch 60/625 (9.6%)  loss=-7.1127  avg_reward=282.51  penalty_ratio=0.00%  eta=30.7s
2026-04-10 16:16:14 [INFO] src.pomo_trainer:   batch 70/625 (11.2%)  loss=-1.9066  avg_reward=261.85  penalty_ratio=0.00%  eta=30.6s
2026-04-10 16:16:14 [INFO] src.pomo_trainer:   batch 80/625 (12.8%)  loss=-2.9328  avg_reward=345.41  penalty_ratio=0.00%  eta=29.9s
2026-04-10 16:16:15 [INFO] src.pomo_trainer:   batch 90/625 (14.4%)  loss=2.4372  avg_reward=219.76  penalty_ratio=0.00%  eta=29.8s
2026-04-10 16:16:15 [INFO] src.pomo_trainer:   batch 100/625 (16.0%)  loss=-9.2826  avg_reward=233.98  penalty_ratio=0.00%  eta=29.3s
2026-04-10 16:16:16 [INFO] src.pomo_trainer:   batch 110/625 (17.6%)  loss=-1.0403  avg_reward=-807.54  penalty_ratio=0.00%  eta=28.7s
2026-04-10 16:16:16 [INFO] src.pomo_trainer:   batch 120/625 (19.2%)  loss=-0.1562  avg_reward=-651.08  penalty_ratio=0.00%  eta=28.2s
2026-04-10 16:16:17 [INFO] src.pomo_trainer:   batch 130/625 (20.8%)  loss=-5.3946  avg_reward=-413.41  penalty_ratio=0.00%  eta=27.5s
2026-04-10 16:16:18 [INFO] src.pomo_trainer:   batch 140/625 (22.4%)  loss=-9.0935  avg_reward=347.56  penalty_ratio=0.00%  eta=27.1s
2026-04-10 16:16:18 [INFO] src.pomo_trainer:   batch 150/625 (24.0%)  loss=4.0667  avg_reward=247.35  penalty_ratio=0.00%  eta=26.4s
2026-04-10 16:16:19 [INFO] src.pomo_trainer:   batch 160/625 (25.6%)  loss=-0.0000  avg_reward=-601.68  penalty_ratio=0.00%  eta=25.7s
2026-04-10 16:16:19 [INFO] src.pomo_trainer:   batch 170/625 (27.2%)  loss=-19.4787  avg_reward=438.48  penalty_ratio=0.00%  eta=25.0s
2026-04-10 16:16:20 [INFO] src.pomo_trainer:   batch 180/625 (28.8%)  loss=-0.0000  avg_reward=-563.45  penalty_ratio=0.00%  eta=24.7s
2026-04-10 16:16:20 [INFO] src.pomo_trainer:   batch 190/625 (30.4%)  loss=-48.5312  avg_reward=266.25  penalty_ratio=0.00%  eta=24.4s
2026-04-10 16:16:21 [INFO] src.pomo_trainer:   batch 200/625 (32.0%)  loss=1.1024  avg_reward=96.60  penalty_ratio=0.00%  eta=24.1s
2026-04-10 16:16:22 [INFO] src.pomo_trainer:   batch 210/625 (33.6%)  loss=0.4529  avg_reward=-552.66  penalty_ratio=0.00%  eta=23.6s
2026-04-10 16:16:22 [INFO] src.pomo_trainer:   batch 220/625 (35.2%)  loss=-5.8629  avg_reward=162.87  penalty_ratio=0.00%  eta=23.3s
2026-04-10 16:16:23 [INFO] src.pomo_trainer:   batch 230/625 (36.8%)  loss=-0.4199  avg_reward=738.81  penalty_ratio=0.00%  eta=23.1s
2026-04-10 16:16:24 [INFO] src.pomo_trainer:   batch 240/625 (38.4%)  loss=2.9221  avg_reward=537.22  penalty_ratio=0.00%  eta=22.4s
2026-04-10 16:16:24 [INFO] src.pomo_trainer:   batch 250/625 (40.0%)  loss=-30.8450  avg_reward=452.48  penalty_ratio=0.00%  eta=21.7s
2026-04-10 16:16:25 [INFO] src.pomo_trainer:   batch 260/625 (41.6%)  loss=-1.1687  avg_reward=-251.42  penalty_ratio=0.00%  eta=21.1s
2026-04-10 16:16:25 [INFO] src.pomo_trainer:   batch 270/625 (43.2%)  loss=0.1405  avg_reward=901.67  penalty_ratio=0.00%  eta=20.6s
2026-04-10 16:16:26 [INFO] src.pomo_trainer:   batch 280/625 (44.8%)  loss=-0.8307  avg_reward=-506.16  penalty_ratio=0.00%  eta=20.0s
2026-04-10 16:16:27 [INFO] src.pomo_trainer:   batch 290/625 (46.4%)  loss=-16.5735  avg_reward=122.40  penalty_ratio=0.00%  eta=19.4s
2026-04-10 16:16:27 [INFO] src.pomo_trainer:   batch 300/625 (48.0%)  loss=-13.6918  avg_reward=-176.76  penalty_ratio=0.00%  eta=18.7s
2026-04-10 16:16:28 [INFO] src.pomo_trainer:   batch 310/625 (49.6%)  loss=-2.0151  avg_reward=240.27  penalty_ratio=0.00%  eta=18.1s
2026-04-10 16:16:28 [INFO] src.pomo_trainer:   batch 320/625 (51.2%)  loss=1.0861  avg_reward=309.13  penalty_ratio=0.00%  eta=17.5s
2026-04-10 16:16:29 [INFO] src.pomo_trainer:   batch 330/625 (52.8%)  loss=-14.8886  avg_reward=160.76  penalty_ratio=0.00%  eta=16.9s
2026-04-10 16:16:29 [INFO] src.pomo_trainer:   batch 340/625 (54.4%)  loss=-20.0394  avg_reward=403.11  penalty_ratio=0.00%  eta=16.3s
2026-04-10 16:16:30 [INFO] src.pomo_trainer:   batch 350/625 (56.0%)  loss=-49.4421  avg_reward=72.32  penalty_ratio=0.00%  eta=15.8s
2026-04-10 16:16:30 [INFO] src.pomo_trainer:   batch 360/625 (57.6%)  loss=-15.2237  avg_reward=297.74  penalty_ratio=0.00%  eta=15.2s
2026-04-10 16:16:31 [INFO] src.pomo_trainer:   batch 370/625 (59.2%)  loss=-19.7763  avg_reward=253.63  penalty_ratio=0.00%  eta=14.6s
2026-04-10 16:16:31 [INFO] src.pomo_trainer:   batch 380/625 (60.8%)  loss=-9.9647  avg_reward=222.02  penalty_ratio=0.00%  eta=14.0s
2026-04-10 16:16:32 [INFO] src.pomo_trainer:   batch 390/625 (62.4%)  loss=2.8503  avg_reward=-413.79  penalty_ratio=0.00%  eta=13.4s
2026-04-10 16:16:33 [INFO] src.pomo_trainer:   batch 400/625 (64.0%)  loss=-1.3124  avg_reward=184.42  penalty_ratio=0.00%  eta=12.9s
2026-04-10 16:16:33 [INFO] src.pomo_trainer:   batch 410/625 (65.6%)  loss=-23.6460  avg_reward=839.24  penalty_ratio=0.00%  eta=12.2s
2026-04-10 16:16:34 [INFO] src.pomo_trainer:   batch 420/625 (67.2%)  loss=0.6832  avg_reward=-1041.63  penalty_ratio=0.00%  eta=11.8s
2026-04-10 16:16:34 [INFO] src.pomo_trainer:   batch 430/625 (68.8%)  loss=-18.0950  avg_reward=710.76  penalty_ratio=0.00%  eta=11.2s
2026-04-10 16:16:35 [INFO] src.pomo_trainer:   batch 440/625 (70.4%)  loss=1.5306  avg_reward=723.26  penalty_ratio=0.00%  eta=10.7s
2026-04-10 16:16:36 [INFO] src.pomo_trainer:   batch 450/625 (72.0%)  loss=-25.6034  avg_reward=443.43  penalty_ratio=0.00%  eta=10.2s
2026-04-10 16:16:37 [INFO] src.pomo_trainer:   batch 460/625 (73.6%)  loss=-11.3661  avg_reward=253.88  penalty_ratio=0.00%  eta=9.7s
2026-04-10 16:16:37 [INFO] src.pomo_trainer:   batch 470/625 (75.2%)  loss=-2.4051  avg_reward=-1317.38  penalty_ratio=0.00%  eta=9.1s
2026-04-10 16:16:38 [INFO] src.pomo_trainer:   batch 480/625 (76.8%)  loss=-0.0545  avg_reward=-769.36  penalty_ratio=0.00%  eta=8.5s
2026-04-10 16:16:39 [INFO] src.pomo_trainer:   batch 490/625 (78.4%)  loss=-1.1714  avg_reward=311.46  penalty_ratio=0.00%  eta=7.9s
2026-04-10 16:16:39 [INFO] src.pomo_trainer:   batch 500/625 (80.0%)  loss=6.2100  avg_reward=580.45  penalty_ratio=0.00%  eta=7.3s
2026-04-10 16:16:40 [INFO] src.pomo_trainer:   batch 510/625 (81.6%)  loss=-10.4710  avg_reward=682.51  penalty_ratio=0.00%  eta=6.8s
2026-04-10 16:16:40 [INFO] src.pomo_trainer:   batch 520/625 (83.2%)  loss=-2.1350  avg_reward=628.11  penalty_ratio=0.00%  eta=6.2s
2026-04-10 16:16:41 [INFO] src.pomo_trainer:   batch 530/625 (84.8%)  loss=1.5673  avg_reward=205.70  penalty_ratio=0.00%  eta=5.6s
2026-04-10 16:16:41 [INFO] src.pomo_trainer:   batch 540/625 (86.4%)  loss=-45.2352  avg_reward=626.74  penalty_ratio=0.00%  eta=5.0s
2026-04-10 16:16:42 [INFO] src.pomo_trainer:   batch 550/625 (88.0%)  loss=0.1537  avg_reward=-783.23  penalty_ratio=0.00%  eta=4.4s
2026-04-10 16:16:43 [INFO] src.pomo_trainer:   batch 560/625 (89.6%)  loss=-11.0966  avg_reward=776.95  penalty_ratio=0.00%  eta=3.8s
2026-04-10 16:16:43 [INFO] src.pomo_trainer:   batch 570/625 (91.2%)  loss=-1.2384  avg_reward=-22.01  penalty_ratio=0.00%  eta=3.2s
2026-04-10 16:16:44 [INFO] src.pomo_trainer:   batch 580/625 (92.8%)  loss=-0.1711  avg_reward=-832.75  penalty_ratio=0.00%  eta=2.6s
2026-04-10 16:16:44 [INFO] src.pomo_trainer:   batch 590/625 (94.4%)  loss=-2.5766  avg_reward=420.87  penalty_ratio=0.00%  eta=2.1s
2026-04-10 16:16:45 [INFO] src.pomo_trainer:   batch 600/625 (96.0%)  loss=-42.6036  avg_reward=580.17  penalty_ratio=0.00%  eta=1.5s
2026-04-10 16:16:46 [INFO] src.pomo_trainer:   batch 610/625 (97.6%)  loss=-0.0000  avg_reward=-507.29  penalty_ratio=0.00%  eta=0.9s
2026-04-10 16:16:46 [INFO] src.pomo_trainer:   batch 620/625 (99.2%)  loss=-8.1901  avg_reward=-234.74  penalty_ratio=0.00%  eta=0.3s
2026-04-10 16:16:47 [INFO] __main__: Epoch 52  stage=tiny_warmup  loss=-6.502699  reward=85.79  var=31905.81  penalty=0.00%  mem_max=nan%
2026-04-10 16:16:47 [INFO] __main__: Training progress: 2/950 (0.2%)  elapsed=77.2s  eta=36603.1s
2026-04-10 16:16:47 [INFO] __main__: 
=== Curriculum stage: main  epochs=998  max_customers=50 ===
2026-04-10 16:16:47 [INFO] __main__: 
--- Epoch 53 / 1000 ---
2026-04-10 16:16:53 [INFO] src.pomo_trainer:   batch 10/625 (1.6%)  loss=335.0515  avg_reward=3124.17  penalty_ratio=0.00%  eta=366.5s
2026-04-10 16:16:59 [INFO] src.pomo_trainer:   batch 20/625 (3.2%)  loss=-15.6084  avg_reward=1336.98  penalty_ratio=0.00%  eta=356.2s
2026-04-10 16:17:05 [INFO] src.pomo_trainer:   batch 30/625 (4.8%)  loss=-23.0560  avg_reward=3034.03  penalty_ratio=0.00%  eta=352.7s
2026-04-10 16:17:10 [INFO] src.pomo_trainer:   batch 40/625 (6.4%)  loss=-37.1362  avg_reward=4025.80  penalty_ratio=0.00%  eta=337.8s
2026-04-10 16:17:15 [INFO] src.pomo_trainer:   batch 50/625 (8.0%)  loss=106.0390  avg_reward=3686.86  penalty_ratio=0.00%  eta=325.0s
2026-04-10 16:17:19 [INFO] src.pomo_trainer:   batch 60/625 (9.6%)  loss=-2.1132  avg_reward=454.62  penalty_ratio=0.00%  eta=303.0s
2026-04-10 16:17:25 [INFO] src.pomo_trainer:   batch 70/625 (11.2%)  loss=-11.8971  avg_reward=2093.94  penalty_ratio=0.00%  eta=303.8s
2026-04-10 16:17:30 [INFO] src.pomo_trainer:   batch 80/625 (12.8%)  loss=1.8381  avg_reward=1253.62  penalty_ratio=0.00%  eta=297.6s
2026-04-10 16:17:37 [INFO] src.pomo_trainer:   batch 90/625 (14.4%)  loss=30.5852  avg_reward=2164.49  penalty_ratio=0.00%  eta=297.9s
2026-04-10 16:17:41 [INFO] src.pomo_trainer:   batch 100/625 (16.0%)  loss=-35.4473  avg_reward=2095.59  penalty_ratio=0.00%  eta=285.6s
2026-04-10 16:17:47 [INFO] src.pomo_trainer:   batch 110/625 (17.6%)  loss=-27.3897  avg_reward=3512.54  penalty_ratio=0.00%  eta=283.8s
2026-04-10 16:17:52 [INFO] src.pomo_trainer:   batch 120/625 (19.2%)  loss=-36.8387  avg_reward=4508.10  penalty_ratio=0.00%  eta=275.5s
2026-04-10 16:17:57 [INFO] src.pomo_trainer:   batch 130/625 (20.8%)  loss=22.7026  avg_reward=2886.47  penalty_ratio=0.00%  eta=268.7s
2026-04-10 16:18:03 [INFO] src.pomo_trainer:   batch 140/625 (22.4%)  loss=-52.7796  avg_reward=2566.10  penalty_ratio=0.00%  eta=263.5s
2026-04-10 16:18:08 [INFO] src.pomo_trainer:   batch 150/625 (24.0%)  loss=-39.6095  avg_reward=1523.93  penalty_ratio=0.00%  eta=257.5s
2026-04-10 16:18:13 [INFO] src.pomo_trainer:   batch 160/625 (25.6%)  loss=-42.6693  avg_reward=1248.22  penalty_ratio=0.00%  eta=251.2s
2026-04-10 16:18:18 [INFO] src.pomo_trainer:   batch 170/625 (27.2%)  loss=47.1425  avg_reward=2431.85  penalty_ratio=0.00%  eta=244.5s
2026-04-10 16:18:23 [INFO] src.pomo_trainer:   batch 180/625 (28.8%)  loss=-96.6862  avg_reward=2631.48  penalty_ratio=0.00%  eta=239.1s
2026-04-10 16:18:29 [INFO] src.pomo_trainer:   batch 190/625 (30.4%)  loss=-33.9332  avg_reward=2439.13  penalty_ratio=0.00%  eta=233.4s
2026-04-10 16:18:34 [INFO] src.pomo_trainer:   batch 200/625 (32.0%)  loss=7.6001  avg_reward=729.51  penalty_ratio=0.00%  eta=228.4s
2026-04-10 16:18:38 [INFO] src.pomo_trainer:   batch 210/625 (33.6%)  loss=113.0294  avg_reward=2178.83  penalty_ratio=0.00%  eta=220.6s
2026-04-10 16:18:43 [INFO] src.pomo_trainer:   batch 220/625 (35.2%)  loss=-7.3240  avg_reward=2.05  penalty_ratio=0.00%  eta=213.6s
2026-04-10 16:18:48 [INFO] src.pomo_trainer:   batch 230/625 (36.8%)  loss=-9.3291  avg_reward=430.31  penalty_ratio=0.00%  eta=207.8s
2026-04-10 16:18:54 [INFO] src.pomo_trainer:   batch 240/625 (38.4%)  loss=-18.3310  avg_reward=50.05  penalty_ratio=0.00%  eta=204.2s
2026-04-10 16:18:58 [INFO] src.pomo_trainer:   batch 250/625 (40.0%)  loss=-29.9477  avg_reward=3142.49  penalty_ratio=0.00%  eta=196.6s
2026-04-10 16:19:03 [INFO] src.pomo_trainer:   batch 260/625 (41.6%)  loss=102.0371  avg_reward=3804.43  penalty_ratio=0.00%  eta=190.7s
2026-04-10 16:19:07 [INFO] src.pomo_trainer:   batch 270/625 (43.2%)  loss=-2.6277  avg_reward=931.58  penalty_ratio=0.00%  eta=184.7s
2026-04-10 16:19:14 [INFO] src.pomo_trainer:   batch 280/625 (44.8%)  loss=81.3561  avg_reward=3162.51  penalty_ratio=0.00%  eta=180.9s
2026-04-10 16:19:19 [INFO] src.pomo_trainer:   batch 290/625 (46.4%)  loss=122.8803  avg_reward=1781.37  penalty_ratio=0.00%  eta=175.4s
2026-04-10 16:19:24 [INFO] src.pomo_trainer:   batch 300/625 (48.0%)  loss=49.7292  avg_reward=1996.02  penalty_ratio=0.00%  eta=170.0s
2026-04-10 16:19:30 [INFO] src.pomo_trainer:   batch 310/625 (49.6%)  loss=62.1795  avg_reward=3588.90  penalty_ratio=0.00%  eta=165.7s
2026-04-10 16:19:35 [INFO] src.pomo_trainer:   batch 320/625 (51.2%)  loss=-11.4914  avg_reward=787.03  penalty_ratio=0.00%  eta=160.3s
2026-04-10 16:19:41 [INFO] src.pomo_trainer:   batch 330/625 (52.8%)  loss=-40.1368  avg_reward=4281.73  penalty_ratio=0.00%  eta=155.9s
2026-04-10 16:19:44 [INFO] src.pomo_trainer:   batch 340/625 (54.4%)  loss=26.9490  avg_reward=2121.83  penalty_ratio=0.00%  eta=148.8s
2026-04-10 16:19:51 [INFO] src.pomo_trainer:   batch 350/625 (56.0%)  loss=53.1864  avg_reward=3411.57  penalty_ratio=0.00%  eta=144.4s
2026-04-10 16:19:56 [INFO] src.pomo_trainer:   batch 360/625 (57.6%)  loss=0.2285  avg_reward=-278.27  penalty_ratio=0.00%  eta=139.0s
2026-04-10 16:20:00 [INFO] src.pomo_trainer:   batch 370/625 (59.2%)  loss=-4.4611  avg_reward=2613.14  penalty_ratio=0.00%  eta=133.5s
2026-04-10 16:20:06 [INFO] src.pomo_trainer:   batch 380/625 (60.8%)  loss=86.2297  avg_reward=2778.52  penalty_ratio=0.00%  eta=128.5s
2026-04-10 16:20:11 [INFO] src.pomo_trainer:   batch 390/625 (62.4%)  loss=-2.2012  avg_reward=734.41  penalty_ratio=0.00%  eta=122.9s
2026-04-10 16:20:15 [INFO] src.pomo_trainer:   batch 400/625 (64.0%)  loss=-7.0805  avg_reward=5375.29  penalty_ratio=0.00%  eta=117.2s
2026-04-10 16:20:21 [INFO] src.pomo_trainer:   batch 410/625 (65.6%)  loss=-2.9994  avg_reward=1025.31  penalty_ratio=0.00%  eta=112.4s
2026-04-10 16:20:26 [INFO] src.pomo_trainer:   batch 420/625 (67.2%)  loss=0.8944  avg_reward=1362.14  penalty_ratio=0.00%  eta=107.0s
2026-04-10 16:20:30 [INFO] src.pomo_trainer:   batch 430/625 (68.8%)  loss=125.3251  avg_reward=2112.20  penalty_ratio=0.00%  eta=101.5s
2026-04-10 16:20:35 [INFO] src.pomo_trainer:   batch 440/625 (70.4%)  loss=-23.4484  avg_reward=1754.72  penalty_ratio=0.00%  eta=96.1s
2026-04-10 16:20:40 [INFO] src.pomo_trainer:   batch 450/625 (72.0%)  loss=-4.1010  avg_reward=2552.76  penalty_ratio=0.00%  eta=90.8s
2026-04-10 16:20:46 [INFO] src.pomo_trainer:   batch 460/625 (73.6%)  loss=-6.8944  avg_reward=2169.04  penalty_ratio=0.00%  eta=85.7s
2026-04-10 16:20:50 [INFO] src.pomo_trainer:   batch 470/625 (75.2%)  loss=23.6753  avg_reward=1610.52  penalty_ratio=0.00%  eta=80.1s
2026-04-10 16:20:56 [INFO] src.pomo_trainer:   batch 480/625 (76.8%)  loss=81.7960  avg_reward=2880.25  penalty_ratio=0.00%  eta=75.3s
2026-04-10 16:21:02 [INFO] src.pomo_trainer:   batch 490/625 (78.4%)  loss=0.9361  avg_reward=-281.65  penalty_ratio=0.00%  eta=70.3s
2026-04-10 16:21:07 [INFO] src.pomo_trainer:   batch 500/625 (80.0%)  loss=-11.3861  avg_reward=1084.50  penalty_ratio=0.00%  eta=65.1s
2026-04-10 16:21:12 [INFO] src.pomo_trainer:   batch 510/625 (81.6%)  loss=101.2591  avg_reward=1572.68  penalty_ratio=0.00%  eta=59.8s
2026-04-10 16:21:16 [INFO] src.pomo_trainer:   batch 520/625 (83.2%)  loss=188.7909  avg_reward=3292.71  penalty_ratio=0.00%  eta=54.4s
2026-04-10 16:21:23 [INFO] src.pomo_trainer:   batch 530/625 (84.8%)  loss=-15.3892  avg_reward=5209.51  penalty_ratio=0.00%  eta=49.5s
2026-04-10 16:21:29 [INFO] src.pomo_trainer:   batch 540/625 (86.4%)  loss=-9.0248  avg_reward=4518.26  penalty_ratio=0.00%  eta=44.4s
2026-04-10 16:21:34 [INFO] src.pomo_trainer:   batch 550/625 (88.0%)  loss=126.0442  avg_reward=1529.05  penalty_ratio=0.00%  eta=39.2s
2026-04-10 16:21:38 [INFO] src.pomo_trainer:   batch 560/625 (89.6%)  loss=-0.0000  avg_reward=-1140.62  penalty_ratio=0.00%  eta=33.8s
2026-04-10 16:21:44 [INFO] src.pomo_trainer:   batch 570/625 (91.2%)  loss=12.5701  avg_reward=2913.47  penalty_ratio=0.00%  eta=28.7s
2026-04-10 16:21:48 [INFO] src.pomo_trainer:   batch 580/625 (92.8%)  loss=-11.0170  avg_reward=195.10  penalty_ratio=0.00%  eta=23.4s
2026-04-10 16:21:52 [INFO] src.pomo_trainer:   batch 590/625 (94.4%)  loss=41.7238  avg_reward=2033.77  penalty_ratio=0.00%  eta=18.1s
2026-04-10 16:21:58 [INFO] src.pomo_trainer:   batch 600/625 (96.0%)  loss=97.2601  avg_reward=3552.92  penalty_ratio=0.00%  eta=13.0s
2026-04-10 16:22:03 [INFO] src.pomo_trainer:   batch 610/625 (97.6%)  loss=55.3481  avg_reward=1657.06  penalty_ratio=0.00%  eta=7.8s
2026-04-10 16:22:08 [INFO] src.pomo_trainer:   batch 620/625 (99.2%)  loss=6.9461  avg_reward=481.88  penalty_ratio=0.00%  eta=2.6s
2026-04-10 16:22:12 [INFO] __main__: Epoch 53  stage=main  loss=28.778449  reward=2035.51  var=249331.79  penalty=0.00%  mem_max=nan%
2026-04-10 16:22:12 [INFO] __main__: Training progress: 3/950 (0.3%)  elapsed=402.7s  eta=127119.4s
2026-04-10 16:22:12 [INFO] __main__: 
--- Epoch 54 / 1000 ---
2026-04-10 16:22:18 [INFO] src.pomo_trainer:   batch 10/625 (1.6%)  loss=21.4343  avg_reward=1551.83  penalty_ratio=0.00%  eta=345.9s
2026-04-10 16:22:24 [INFO] src.pomo_trainer:   batch 20/625 (3.2%)  loss=63.0254  avg_reward=3998.14  penalty_ratio=0.00%  eta=349.3s
2026-04-10 16:22:27 [INFO] src.pomo_trainer:   batch 30/625 (4.8%)  loss=-8.4065  avg_reward=4012.32  penalty_ratio=0.00%  eta=299.7s
2026-04-10 16:22:31 [INFO] src.pomo_trainer:   batch 40/625 (6.4%)  loss=0.0015  avg_reward=-390.39  penalty_ratio=0.00%  eta=282.1s
2026-04-10 16:22:36 [INFO] src.pomo_trainer:   batch 50/625 (8.0%)  loss=-13.4527  avg_reward=1025.71  penalty_ratio=0.00%  eta=277.0s
2026-04-10 16:22:42 [INFO] src.pomo_trainer:   batch 60/625 (9.6%)  loss=43.0086  avg_reward=2369.22  penalty_ratio=0.00%  eta=279.4s
2026-04-10 16:22:45 [INFO] src.pomo_trainer:   batch 70/625 (11.2%)  loss=-31.6104  avg_reward=2395.30  penalty_ratio=0.00%  eta=256.1s
2026-04-10 16:22:51 [INFO] src.pomo_trainer:   batch 80/625 (12.8%)  loss=-11.6738  avg_reward=2646.74  penalty_ratio=0.00%  eta=263.4s
2026-04-10 16:22:56 [INFO] src.pomo_trainer:   batch 90/625 (14.4%)  loss=-0.0000  avg_reward=-1291.04  penalty_ratio=0.00%  eta=258.4s
2026-04-10 16:23:01 [INFO] src.pomo_trainer:   batch 100/625 (16.0%)  loss=61.2850  avg_reward=2939.99  penalty_ratio=0.00%  eta=254.1s
2026-04-10 16:23:05 [INFO] src.pomo_trainer:   batch 110/625 (17.6%)  loss=0.0101  avg_reward=-382.81  penalty_ratio=0.00%  eta=248.1s
2026-04-10 16:23:11 [INFO] src.pomo_trainer:   batch 120/625 (19.2%)  loss=9.3336  avg_reward=2109.45  penalty_ratio=0.00%  eta=246.3s
2026-04-10 16:23:16 [INFO] src.pomo_trainer:   batch 130/625 (20.8%)  loss=2.5981  avg_reward=3231.52  penalty_ratio=0.00%  eta=242.1s
2026-04-10 16:23:21 [INFO] src.pomo_trainer:   batch 140/625 (22.4%)  loss=20.5895  avg_reward=1624.13  penalty_ratio=0.00%  eta=237.3s
2026-04-10 16:23:25 [INFO] src.pomo_trainer:   batch 150/625 (24.0%)  loss=90.1632  avg_reward=2233.51  penalty_ratio=0.00%  eta=232.1s
2026-04-10 16:23:32 [INFO] src.pomo_trainer:   batch 160/625 (25.6%)  loss=116.1847  avg_reward=1991.18  penalty_ratio=0.00%  eta=232.0s
2026-04-10 16:23:36 [INFO] src.pomo_trainer:   batch 170/625 (27.2%)  loss=97.3672  avg_reward=3356.68  penalty_ratio=0.00%  eta=224.6s
2026-04-10 16:23:41 [INFO] src.pomo_trainer:   batch 180/625 (28.8%)  loss=86.3180  avg_reward=2614.73  penalty_ratio=0.00%  eta=220.6s
2026-04-10 16:23:48 [INFO] src.pomo_trainer:   batch 190/625 (30.4%)  loss=17.6511  avg_reward=2524.64  penalty_ratio=0.00%  eta=218.7s
2026-04-10 16:23:52 [INFO] src.pomo_trainer:   batch 200/625 (32.0%)  loss=86.2709  avg_reward=2019.41  penalty_ratio=0.00%  eta=212.4s
2026-04-10 16:23:58 [INFO] src.pomo_trainer:   batch 210/625 (33.6%)  loss=8.4068  avg_reward=2663.46  penalty_ratio=0.00%  eta=208.1s
2026-04-10 16:24:02 [INFO] src.pomo_trainer:   batch 220/625 (35.2%)  loss=-2.3831  avg_reward=543.15  penalty_ratio=0.00%  eta=201.3s
2026-04-10 16:24:06 [INFO] src.pomo_trainer:   batch 230/625 (36.8%)  loss=139.2716  avg_reward=3396.09  penalty_ratio=0.00%  eta=195.8s
2026-04-10 16:24:11 [INFO] src.pomo_trainer:   batch 240/625 (38.4%)  loss=62.8806  avg_reward=3189.60  penalty_ratio=0.00%  eta=190.8s
2026-04-10 16:24:17 [INFO] src.pomo_trainer:   batch 250/625 (40.0%)  loss=108.5873  avg_reward=2115.20  penalty_ratio=0.00%  eta=186.6s
2026-04-10 16:24:20 [INFO] src.pomo_trainer:   batch 260/625 (41.6%)  loss=15.1965  avg_reward=1411.63  penalty_ratio=0.00%  eta=179.9s
2026-04-10 16:24:25 [INFO] src.pomo_trainer:   batch 270/625 (43.2%)  loss=2.5261  avg_reward=254.42  penalty_ratio=0.00%  eta=174.9s
2026-04-10 16:24:31 [INFO] src.pomo_trainer:   batch 280/625 (44.8%)  loss=70.4433  avg_reward=2235.60  penalty_ratio=0.00%  eta=170.4s
2026-04-10 16:24:34 [INFO] src.pomo_trainer:   batch 290/625 (46.4%)  loss=-4.3831  avg_reward=-1029.85  penalty_ratio=0.00%  eta=163.4s
2026-04-10 16:24:40 [INFO] src.pomo_trainer:   batch 300/625 (48.0%)  loss=10.8343  avg_reward=3828.24  penalty_ratio=0.00%  eta=160.2s
2026-04-10 16:24:44 [INFO] src.pomo_trainer:   batch 310/625 (49.6%)  loss=-28.1636  avg_reward=1034.94  penalty_ratio=0.00%  eta=154.0s
2026-04-10 16:24:50 [INFO] src.pomo_trainer:   batch 320/625 (51.2%)  loss=27.8307  avg_reward=3694.86  penalty_ratio=0.00%  eta=150.5s
2026-04-10 16:24:55 [INFO] src.pomo_trainer:   batch 330/625 (52.8%)  loss=92.3642  avg_reward=3143.77  penalty_ratio=0.00%  eta=145.6s
2026-04-10 16:25:00 [INFO] src.pomo_trainer:   batch 340/625 (54.4%)  loss=-0.0000  avg_reward=-1418.12  penalty_ratio=0.00%  eta=140.9s
2026-04-10 16:25:03 [INFO] src.pomo_trainer:   batch 350/625 (56.0%)  loss=-0.0000  avg_reward=-508.67  penalty_ratio=0.00%  eta=134.4s
2026-04-10 16:25:10 [INFO] src.pomo_trainer:   batch 360/625 (57.6%)  loss=87.3596  avg_reward=2098.86  penalty_ratio=0.00%  eta=130.7s
2026-04-10 16:25:15 [INFO] src.pomo_trainer:   batch 370/625 (59.2%)  loss=89.2276  avg_reward=2563.79  penalty_ratio=0.00%  eta=126.0s
2026-04-10 16:25:20 [INFO] src.pomo_trainer:   batch 380/625 (60.8%)  loss=-0.0000  avg_reward=-1121.68  penalty_ratio=0.00%  eta=120.8s
2026-04-10 16:25:26 [INFO] src.pomo_trainer:   batch 390/625 (62.4%)  loss=-16.7495  avg_reward=1319.05  penalty_ratio=0.00%  eta=116.9s
2026-04-10 16:25:32 [INFO] src.pomo_trainer:   batch 400/625 (64.0%)  loss=77.0315  avg_reward=2517.43  penalty_ratio=0.00%  eta=112.5s
2026-04-10 16:25:38 [INFO] src.pomo_trainer:   batch 410/625 (65.6%)  loss=0.0037  avg_reward=-262.47  penalty_ratio=0.00%  eta=107.9s
2026-04-10 16:25:42 [INFO] src.pomo_trainer:   batch 420/625 (67.2%)  loss=112.7912  avg_reward=1966.04  penalty_ratio=0.00%  eta=102.4s
2026-04-10 16:25:47 [INFO] src.pomo_trainer:   batch 430/625 (68.8%)  loss=55.4856  avg_reward=2287.53  penalty_ratio=0.00%  eta=97.5s
2026-04-10 16:25:52 [INFO] src.pomo_trainer:   batch 440/625 (70.4%)  loss=19.1056  avg_reward=1689.35  penalty_ratio=0.00%  eta=92.4s
2026-04-10 16:25:58 [INFO] src.pomo_trainer:   batch 450/625 (72.0%)  loss=3.1526  avg_reward=919.22  penalty_ratio=0.00%  eta=87.7s
2026-04-10 16:26:02 [INFO] src.pomo_trainer:   batch 460/625 (73.6%)  loss=-26.9396  avg_reward=1441.06  penalty_ratio=0.00%  eta=82.6s
2026-04-10 16:26:07 [INFO] src.pomo_trainer:   batch 470/625 (75.2%)  loss=75.8974  avg_reward=1441.37  penalty_ratio=0.00%  eta=77.4s
2026-04-10 16:26:11 [INFO] src.pomo_trainer:   batch 480/625 (76.8%)  loss=115.2555  avg_reward=2690.77  penalty_ratio=0.00%  eta=72.1s
2026-04-10 16:26:16 [INFO] src.pomo_trainer:   batch 490/625 (78.4%)  loss=52.5276  avg_reward=1606.03  penalty_ratio=0.00%  eta=67.2s
2026-04-10 16:26:20 [INFO] src.pomo_trainer:   batch 500/625 (80.0%)  loss=3.4574  avg_reward=1571.67  penalty_ratio=0.00%  eta=62.0s
2026-04-10 16:26:24 [INFO] src.pomo_trainer:   batch 510/625 (81.6%)  loss=-11.5422  avg_reward=4008.22  penalty_ratio=0.00%  eta=56.9s
2026-04-10 16:26:30 [INFO] src.pomo_trainer:   batch 520/625 (83.2%)  loss=19.7573  avg_reward=2831.49  penalty_ratio=0.00%  eta=52.0s
2026-04-10 16:26:33 [INFO] src.pomo_trainer:   batch 530/625 (84.8%)  loss=0.0025  avg_reward=420.99  penalty_ratio=0.00%  eta=46.8s
2026-04-10 16:26:39 [INFO] src.pomo_trainer:   batch 540/625 (86.4%)  loss=12.6591  avg_reward=2235.98  penalty_ratio=0.00%  eta=41.9s
2026-04-10 16:26:42 [INFO] src.pomo_trainer:   batch 550/625 (88.0%)  loss=-0.3787  avg_reward=-250.19  penalty_ratio=0.00%  eta=36.8s
2026-04-10 16:26:48 [INFO] src.pomo_trainer:   batch 560/625 (89.6%)  loss=-7.9730  avg_reward=1658.11  penalty_ratio=0.00%  eta=32.0s
2026-04-10 16:26:54 [INFO] src.pomo_trainer:   batch 570/625 (91.2%)  loss=124.3554  avg_reward=2348.07  penalty_ratio=0.00%  eta=27.2s
2026-04-10 16:26:59 [INFO] src.pomo_trainer:   batch 580/625 (92.8%)  loss=0.8788  avg_reward=1376.69  penalty_ratio=0.00%  eta=22.2s
2026-04-10 16:27:05 [INFO] src.pomo_trainer:   batch 590/625 (94.4%)  loss=-41.2947  avg_reward=3806.24  penalty_ratio=0.00%  eta=17.4s
2026-04-10 16:27:11 [INFO] src.pomo_trainer:   batch 600/625 (96.0%)  loss=95.8088  avg_reward=2402.24  penalty_ratio=0.00%  eta=12.4s
2026-04-10 16:27:16 [INFO] src.pomo_trainer:   batch 610/625 (97.6%)  loss=-2.7190  avg_reward=1633.75  penalty_ratio=0.00%  eta=7.5s
2026-04-10 16:27:21 [INFO] src.pomo_trainer:   batch 620/625 (99.2%)  loss=2.7618  avg_reward=1163.15  penalty_ratio=0.00%  eta=2.5s
2026-04-10 16:27:25 [INFO] __main__: Epoch 54  stage=main  loss=29.765728  reward=1861.35  var=223813.58  penalty=0.00%  mem_max=nan%
2026-04-10 16:27:25 [INFO] __main__: Training progress: 4/950 (0.4%)  elapsed=715.2s  eta=169149.4s
2026-04-10 16:27:25 [INFO] __main__: 
--- Epoch 55 / 1000 ---
2026-04-10 16:27:31 [INFO] src.pomo_trainer:   batch 10/625 (1.6%)  loss=68.9761  avg_reward=2251.90  penalty_ratio=0.00%  eta=392.6s
2026-04-10 16:27:37 [INFO] src.pomo_trainer:   batch 20/625 (3.2%)  loss=-11.3862  avg_reward=1428.75  penalty_ratio=0.00%  eta=368.0s
2026-04-10 16:27:40 [INFO] src.pomo_trainer:   batch 30/625 (4.8%)  loss=34.6918  avg_reward=2127.15  penalty_ratio=0.00%  eta=300.5s
2026-04-10 16:27:44 [INFO] src.pomo_trainer:   batch 40/625 (6.4%)  loss=8.4518  avg_reward=2485.76  penalty_ratio=0.00%  eta=283.3s
2026-04-10 16:27:50 [INFO] src.pomo_trainer:   batch 50/625 (8.0%)  loss=1.4545  avg_reward=1170.81  penalty_ratio=0.00%  eta=287.3s
2026-04-10 16:27:54 [INFO] src.pomo_trainer:   batch 60/625 (9.6%)  loss=-0.0496  avg_reward=677.94  penalty_ratio=0.00%  eta=274.1s
2026-04-10 16:28:00 [INFO] src.pomo_trainer:   batch 70/625 (11.2%)  loss=124.0740  avg_reward=3953.81  penalty_ratio=0.00%  eta=277.4s
2026-04-10 16:28:06 [INFO] src.pomo_trainer:   batch 80/625 (12.8%)  loss=-14.1030  avg_reward=2974.71  penalty_ratio=0.00%  eta=284.1s
2026-04-10 16:28:13 [INFO] src.pomo_trainer:   batch 90/625 (14.4%)  loss=-7.4807  avg_reward=3623.88  penalty_ratio=0.00%  eta=286.7s
2026-04-10 16:28:19 [INFO] src.pomo_trainer:   batch 100/625 (16.0%)  loss=7.0666  avg_reward=3769.24  penalty_ratio=0.00%  eta=284.4s
2026-04-10 16:28:25 [INFO] src.pomo_trainer:   batch 110/625 (17.6%)  loss=-7.0058  avg_reward=-133.42  penalty_ratio=0.00%  eta=280.9s
2026-04-10 16:28:31 [INFO] src.pomo_trainer:   batch 120/625 (19.2%)  loss=47.5673  avg_reward=1614.04  penalty_ratio=0.00%  eta=280.2s
2026-04-10 16:28:37 [INFO] src.pomo_trainer:   batch 130/625 (20.8%)  loss=87.6920  avg_reward=2389.17  penalty_ratio=0.00%  eta=275.2s
2026-04-10 16:28:42 [INFO] src.pomo_trainer:   batch 140/625 (22.4%)  loss=55.4835  avg_reward=2317.90  penalty_ratio=0.00%  eta=267.0s
2026-04-10 16:28:48 [INFO] src.pomo_trainer:   batch 150/625 (24.0%)  loss=-20.6095  avg_reward=1499.06  penalty_ratio=0.00%  eta=262.3s
2026-04-10 16:28:54 [INFO] src.pomo_trainer:   batch 160/625 (25.6%)  loss=91.6317  avg_reward=1941.94  penalty_ratio=0.00%  eta=258.8s
2026-04-10 16:28:58 [INFO] src.pomo_trainer:   batch 170/625 (27.2%)  loss=0.0000  avg_reward=-283.68  penalty_ratio=0.00%  eta=250.0s
2026-04-10 16:29:02 [INFO] src.pomo_trainer:   batch 180/625 (28.8%)  loss=157.3480  avg_reward=2170.10  penalty_ratio=0.00%  eta=239.6s
2026-04-10 16:29:07 [INFO] src.pomo_trainer:   batch 190/625 (30.4%)  loss=151.6117  avg_reward=2556.65  penalty_ratio=0.00%  eta=234.4s
2026-04-10 16:29:12 [INFO] src.pomo_trainer:   batch 200/625 (32.0%)  loss=20.9359  avg_reward=1582.23  penalty_ratio=0.00%  eta=227.4s
2026-04-10 16:29:17 [INFO] src.pomo_trainer:   batch 210/625 (33.6%)  loss=132.4889  avg_reward=2861.78  penalty_ratio=0.00%  eta=221.4s
2026-04-10 16:29:23 [INFO] src.pomo_trainer:   batch 220/625 (35.2%)  loss=62.1350  avg_reward=1915.72  penalty_ratio=0.00%  eta=218.5s
2026-04-10 16:29:27 [INFO] src.pomo_trainer:   batch 230/625 (36.8%)  loss=-0.0015  avg_reward=93.37  penalty_ratio=0.00%  eta=210.5s
2026-04-10 16:29:34 [INFO] src.pomo_trainer:   batch 240/625 (38.4%)  loss=-5.7659  avg_reward=1442.41  penalty_ratio=0.00%  eta=208.0s
2026-04-10 16:29:40 [INFO] src.pomo_trainer:   batch 250/625 (40.0%)  loss=79.7441  avg_reward=1916.89  penalty_ratio=0.00%  eta=202.3s
2026-04-10 16:29:44 [INFO] src.pomo_trainer:   batch 260/625 (41.6%)  loss=70.6245  avg_reward=1810.26  penalty_ratio=0.00%  eta=195.6s
2026-04-10 16:29:49 [INFO] src.pomo_trainer:   batch 270/625 (43.2%)  loss=150.6906  avg_reward=3584.14  penalty_ratio=0.00%  eta=190.1s
2026-04-10 16:29:55 [INFO] src.pomo_trainer:   batch 280/625 (44.8%)  loss=36.0064  avg_reward=2221.61  penalty_ratio=0.00%  eta=185.2s
2026-04-10 16:30:00 [INFO] src.pomo_trainer:   batch 290/625 (46.4%)  loss=-1.4337  avg_reward=871.77  penalty_ratio=0.00%  eta=178.9s
2026-04-10 16:30:05 [INFO] src.pomo_trainer:   batch 300/625 (48.0%)  loss=147.4448  avg_reward=2049.02  penalty_ratio=0.00%  eta=173.5s
2026-04-10 16:30:10 [INFO] src.pomo_trainer:   batch 310/625 (49.6%)  loss=80.4141  avg_reward=2057.88  penalty_ratio=0.00%  eta=168.0s
2026-04-10 16:30:17 [INFO] src.pomo_trainer:   batch 320/625 (51.2%)  loss=105.3553  avg_reward=3001.82  penalty_ratio=0.00%  eta=164.4s
2026-04-10 16:30:22 [INFO] src.pomo_trainer:   batch 330/625 (52.8%)  loss=-1.9223  avg_reward=48.09  penalty_ratio=0.00%  eta=158.6s
2026-04-10 16:30:26 [INFO] src.pomo_trainer:   batch 340/625 (54.4%)  loss=11.2020  avg_reward=4400.46  penalty_ratio=0.00%  eta=151.9s
2026-04-10 16:30:32 [INFO] src.pomo_trainer:   batch 350/625 (56.0%)  loss=-5.3628  avg_reward=2147.33  penalty_ratio=0.00%  eta=147.0s
2026-04-10 16:30:38 [INFO] src.pomo_trainer:   batch 360/625 (57.6%)  loss=-16.2420  avg_reward=3086.60  penalty_ratio=0.00%  eta=142.0s
2026-04-10 16:30:41 [INFO] src.pomo_trainer:   batch 370/625 (59.2%)  loss=118.6154  avg_reward=1168.88  penalty_ratio=0.00%  eta=135.6s
2026-04-10 16:30:46 [INFO] src.pomo_trainer:   batch 380/625 (60.8%)  loss=16.7321  avg_reward=1135.73  penalty_ratio=0.00%  eta=129.6s
2026-04-10 16:30:50 [INFO] src.pomo_trainer:   batch 390/625 (62.4%)  loss=0.5889  avg_reward=25.73  penalty_ratio=0.00%  eta=123.7s
2026-04-10 16:30:57 [INFO] src.pomo_trainer:   batch 400/625 (64.0%)  loss=287.7519  avg_reward=1524.08  penalty_ratio=0.00%  eta=119.2s
2026-04-10 16:31:02 [INFO] src.pomo_trainer:   batch 410/625 (65.6%)  loss=-6.4723  avg_reward=2850.01  penalty_ratio=0.00%  eta=114.1s
2026-04-10 16:31:06 [INFO] src.pomo_trainer:   batch 420/625 (67.2%)  loss=-0.7174  avg_reward=314.44  penalty_ratio=0.00%  eta=108.1s
2026-04-10 16:31:11 [INFO] src.pomo_trainer:   batch 430/625 (68.8%)  loss=39.9508  avg_reward=1855.14  penalty_ratio=0.00%  eta=102.8s
2026-04-10 16:31:17 [INFO] src.pomo_trainer:   batch 440/625 (70.4%)  loss=66.1938  avg_reward=2491.64  penalty_ratio=0.00%  eta=97.8s
2026-04-10 16:31:24 [INFO] src.pomo_trainer:   batch 450/625 (72.0%)  loss=85.3981  avg_reward=2194.70  penalty_ratio=0.00%  eta=93.2s
2026-04-10 16:31:29 [INFO] src.pomo_trainer:   batch 460/625 (73.6%)  loss=-6.2787  avg_reward=690.47  penalty_ratio=0.00%  eta=87.4s
2026-04-10 16:31:33 [INFO] src.pomo_trainer:   batch 470/625 (75.2%)  loss=31.7653  avg_reward=1409.88  penalty_ratio=0.00%  eta=82.0s
2026-04-10 16:31:38 [INFO] src.pomo_trainer:   batch 480/625 (76.8%)  loss=-0.5913  avg_reward=303.89  penalty_ratio=0.00%  eta=76.6s
2026-04-10 16:31:44 [INFO] src.pomo_trainer:   batch 490/625 (78.4%)  loss=-17.8982  avg_reward=4005.29  penalty_ratio=0.00%  eta=71.4s
2026-04-10 16:31:48 [INFO] src.pomo_trainer:   batch 500/625 (80.0%)  loss=-11.9180  avg_reward=1889.80  penalty_ratio=0.00%  eta=65.9s
2026-04-10 16:31:53 [INFO] src.pomo_trainer:   batch 510/625 (81.6%)  loss=75.8761  avg_reward=1848.38  penalty_ratio=0.00%  eta=60.5s
2026-04-10 16:31:57 [INFO] src.pomo_trainer:   batch 520/625 (83.2%)  loss=-7.0704  avg_reward=310.30  penalty_ratio=0.00%  eta=55.1s
2026-04-10 16:32:02 [INFO] src.pomo_trainer:   batch 530/625 (84.8%)  loss=192.9750  avg_reward=3663.35  penalty_ratio=0.00%  eta=49.8s
2026-04-10 16:32:08 [INFO] src.pomo_trainer:   batch 540/625 (86.4%)  loss=-0.0027  avg_reward=1993.63  penalty_ratio=0.00%  eta=44.7s
2026-04-10 16:32:14 [INFO] src.pomo_trainer:   batch 550/625 (88.0%)  loss=81.7838  avg_reward=3714.67  penalty_ratio=0.00%  eta=39.5s
2026-04-10 16:32:19 [INFO] src.pomo_trainer:   batch 560/625 (89.6%)  loss=-0.0000  avg_reward=-1142.78  penalty_ratio=0.00%  eta=34.2s
2026-04-10 16:32:25 [INFO] src.pomo_trainer:   batch 570/625 (91.2%)  loss=-36.2283  avg_reward=2900.33  penalty_ratio=0.00%  eta=29.0s
2026-04-10 16:32:30 [INFO] src.pomo_trainer:   batch 580/625 (92.8%)  loss=-18.6601  avg_reward=338.32  penalty_ratio=0.00%  eta=23.7s
2026-04-10 16:32:36 [INFO] src.pomo_trainer:   batch 590/625 (94.4%)  loss=35.1554  avg_reward=2077.37  penalty_ratio=0.00%  eta=18.5s
2026-04-10 16:32:39 [INFO] src.pomo_trainer:   batch 600/625 (96.0%)  loss=5.9932  avg_reward=372.11  penalty_ratio=0.00%  eta=13.1s
2026-04-10 16:32:44 [INFO] src.pomo_trainer:   batch 610/625 (97.6%)  loss=-0.0000  avg_reward=-468.19  penalty_ratio=0.00%  eta=7.8s
2026-04-10 16:32:48 [INFO] src.pomo_trainer:   batch 620/625 (99.2%)  loss=53.3544  avg_reward=2324.05  penalty_ratio=0.00%  eta=2.6s
2026-04-10 16:32:52 [INFO] __main__: Epoch 55  stage=main  loss=31.147793  reward=2013.89  var=229183.63  penalty=0.00%  mem_max=nan%
2026-04-10 16:32:52 [INFO] __main__: Training progress: 5/950 (0.5%)  elapsed=1042.1s  eta=196948.0s
2026-04-10 16:33:03 [INFO] __main__: Validation reward (all stages): 1204.3444
2026-04-10 16:33:03 [INFO] __main__: 
--- Epoch 56 / 1000 ---
2026-04-10 16:33:09 [INFO] src.pomo_trainer:   batch 10/625 (1.6%)  loss=-0.2876  avg_reward=184.85  penalty_ratio=0.00%  eta=395.8s
2026-04-10 16:33:15 [INFO] src.pomo_trainer:   batch 20/625 (3.2%)  loss=-5.3310  avg_reward=2132.08  penalty_ratio=0.00%  eta=354.8s
2026-04-10 16:33:20 [INFO] src.pomo_trainer:   batch 30/625 (4.8%)  loss=94.6767  avg_reward=2593.74  penalty_ratio=0.00%  eta=334.8s
2026-04-10 16:33:25 [INFO] src.pomo_trainer:   batch 40/625 (6.4%)  loss=9.2141  avg_reward=722.20  penalty_ratio=0.00%  eta=320.9s
2026-04-10 16:33:30 [INFO] src.pomo_trainer:   batch 50/625 (8.0%)  loss=-22.6635  avg_reward=1466.91  penalty_ratio=0.00%  eta=312.0s
2026-04-10 16:33:36 [INFO] src.pomo_trainer:   batch 60/625 (9.6%)  loss=53.6826  avg_reward=2353.02  penalty_ratio=0.00%  eta=307.4s
2026-04-10 16:33:41 [INFO] src.pomo_trainer:   batch 70/625 (11.2%)  loss=-32.8626  avg_reward=2155.10  penalty_ratio=0.00%  eta=299.7s
2026-04-10 16:33:47 [INFO] src.pomo_trainer:   batch 80/625 (12.8%)  loss=-12.3255  avg_reward=1896.82  penalty_ratio=0.00%  eta=297.1s
2026-04-10 16:33:51 [INFO] src.pomo_trainer:   batch 90/625 (14.4%)  loss=-6.3817  avg_reward=912.07  penalty_ratio=0.00%  eta=288.0s
2026-04-10 16:33:57 [INFO] src.pomo_trainer:   batch 100/625 (16.0%)  loss=48.2340  avg_reward=3745.81  penalty_ratio=0.00%  eta=282.6s
2026-04-10 16:34:03 [INFO] src.pomo_trainer:   batch 110/625 (17.6%)  loss=-45.9211  avg_reward=4477.87  penalty_ratio=0.00%  eta=281.4s
2026-04-10 16:34:09 [INFO] src.pomo_trainer:   batch 120/625 (19.2%)  loss=76.3882  avg_reward=2247.47  penalty_ratio=0.00%  eta=276.6s
2026-04-10 16:34:13 [INFO] src.pomo_trainer:   batch 130/625 (20.8%)  loss=-4.0919  avg_reward=967.98  penalty_ratio=0.00%  eta=267.3s
2026-04-10 16:34:17 [INFO] src.pomo_trainer:   batch 140/625 (22.4%)  loss=-2.6530  avg_reward=930.17  penalty_ratio=0.00%  eta=257.6s
2026-04-10 16:34:24 [INFO] src.pomo_trainer:   batch 150/625 (24.0%)  loss=149.0255  avg_reward=2959.52  penalty_ratio=0.00%  eta=255.3s
2026-04-10 16:34:28 [INFO] src.pomo_trainer:   batch 160/625 (25.6%)  loss=-25.8520  avg_reward=2960.38  penalty_ratio=0.00%  eta=247.8s
2026-04-10 16:34:34 [INFO] src.pomo_trainer:   batch 170/625 (27.2%)  loss=-15.2167  avg_reward=2684.48  penalty_ratio=0.00%  eta=242.2s
2026-04-10 16:34:38 [INFO] src.pomo_trainer:   batch 180/625 (28.8%)  loss=60.7523  avg_reward=2414.51  penalty_ratio=0.00%  eta=234.9s
2026-04-10 16:34:43 [INFO] src.pomo_trainer:   batch 190/625 (30.4%)  loss=-1.1450  avg_reward=-1128.95  penalty_ratio=0.00%  eta=229.8s
2026-04-10 16:34:48 [INFO] src.pomo_trainer:   batch 200/625 (32.0%)  loss=131.6606  avg_reward=3367.91  penalty_ratio=0.00%  eta=222.4s
2026-04-10 16:34:53 [INFO] src.pomo_trainer:   batch 210/625 (33.6%)  loss=-0.2734  avg_reward=-5.63  penalty_ratio=0.00%  eta=217.8s
2026-04-10 16:35:00 [INFO] src.pomo_trainer:   batch 220/625 (35.2%)  loss=30.0363  avg_reward=3835.36  penalty_ratio=0.00%  eta=215.7s
2026-04-10 16:35:05 [INFO] src.pomo_trainer:   batch 230/625 (36.8%)  loss=92.4813  avg_reward=2372.58  penalty_ratio=0.00%  eta=209.9s
2026-04-10 16:35:12 [INFO] src.pomo_trainer:   batch 240/625 (38.4%)  loss=-16.1981  avg_reward=1319.84  penalty_ratio=0.00%  eta=207.1s
2026-04-10 16:35:17 [INFO] src.pomo_trainer:   batch 250/625 (40.0%)  loss=51.0410  avg_reward=2119.15  penalty_ratio=0.00%  eta=200.8s
2026-04-10 16:35:22 [INFO] src.pomo_trainer:   batch 260/625 (41.6%)  loss=-25.9767  avg_reward=1045.14  penalty_ratio=0.00%  eta=195.7s
2026-04-10 16:35:28 [INFO] src.pomo_trainer:   batch 270/625 (43.2%)  loss=96.8482  avg_reward=1505.81  penalty_ratio=0.00%  eta=191.0s
2026-04-10 16:35:35 [INFO] src.pomo_trainer:   batch 280/625 (44.8%)  loss=36.5780  avg_reward=1793.36  penalty_ratio=0.00%  eta=187.1s
2026-04-10 16:35:40 [INFO] src.pomo_trainer:   batch 290/625 (46.4%)  loss=2.5063  avg_reward=2035.67  penalty_ratio=0.00%  eta=181.9s
2026-04-10 16:35:45 [INFO] src.pomo_trainer:   batch 300/625 (48.0%)  loss=-23.2062  avg_reward=4079.59  penalty_ratio=0.00%  eta=175.8s
2026-04-10 16:35:50 [INFO] src.pomo_trainer:   batch 310/625 (49.6%)  loss=45.3457  avg_reward=3823.35  penalty_ratio=0.00%  eta=169.9s
2026-04-10 16:35:55 [INFO] src.pomo_trainer:   batch 320/625 (51.2%)  loss=-14.6347  avg_reward=3855.71  penalty_ratio=0.00%  eta=163.8s
2026-04-10 16:36:00 [INFO] src.pomo_trainer:   batch 330/625 (52.8%)  loss=-21.5895  avg_reward=2578.63  penalty_ratio=0.00%  eta=158.3s
2026-04-10 16:36:07 [INFO] src.pomo_trainer:   batch 340/625 (54.4%)  loss=37.6842  avg_reward=1828.38  penalty_ratio=0.00%  eta=154.2s
2026-04-10 16:36:13 [INFO] src.pomo_trainer:   batch 350/625 (56.0%)  loss=-28.0632  avg_reward=1396.99  penalty_ratio=0.00%  eta=148.9s
2026-04-10 16:36:18 [INFO] src.pomo_trainer:   batch 360/625 (57.6%)  loss=-21.0190  avg_reward=3629.05  penalty_ratio=0.00%  eta=143.9s
2026-04-10 16:36:23 [INFO] src.pomo_trainer:   batch 370/625 (59.2%)  loss=1.6379  avg_reward=1101.99  penalty_ratio=0.00%  eta=138.0s
2026-04-10 16:36:29 [INFO] src.pomo_trainer:   batch 380/625 (60.8%)  loss=-2.4377  avg_reward=692.90  penalty_ratio=0.00%  eta=132.7s
2026-04-10 16:36:33 [INFO] src.pomo_trainer:   batch 390/625 (62.4%)  loss=0.5912  avg_reward=235.52  penalty_ratio=0.00%  eta=126.4s
2026-04-10 16:36:37 [INFO] src.pomo_trainer:   batch 400/625 (64.0%)  loss=130.1669  avg_reward=3682.58  penalty_ratio=0.00%  eta=120.5s
2026-04-10 16:36:44 [INFO] src.pomo_trainer:   batch 410/625 (65.6%)  loss=101.0201  avg_reward=1866.14  penalty_ratio=0.00%  eta=115.7s
2026-04-10 16:36:48 [INFO] src.pomo_trainer:   batch 420/625 (67.2%)  loss=-3.4261  avg_reward=1929.55  penalty_ratio=0.00%  eta=109.9s
2026-04-10 16:36:53 [INFO] src.pomo_trainer:   batch 430/625 (68.8%)  loss=224.4952  avg_reward=3326.39  penalty_ratio=0.00%  eta=104.4s
2026-04-10 16:37:00 [INFO] src.pomo_trainer:   batch 440/625 (70.4%)  loss=35.9732  avg_reward=1271.12  penalty_ratio=0.00%  eta=99.6s
2026-04-10 16:37:05 [INFO] src.pomo_trainer:   batch 450/625 (72.0%)  loss=90.2772  avg_reward=1813.41  penalty_ratio=0.00%  eta=94.0s
2026-04-10 16:37:09 [INFO] src.pomo_trainer:   batch 460/625 (73.6%)  loss=64.8107  avg_reward=2505.36  penalty_ratio=0.00%  eta=88.3s
2026-04-10 16:37:14 [INFO] src.pomo_trainer:   batch 470/625 (75.2%)  loss=0.0417  avg_reward=-5.12  penalty_ratio=0.00%  eta=82.8s
2026-04-10 16:37:19 [INFO] src.pomo_trainer:   batch 480/625 (76.8%)  loss=110.9216  avg_reward=3079.22  penalty_ratio=0.00%  eta=77.4s
2026-04-10 16:37:24 [INFO] src.pomo_trainer:   batch 490/625 (78.4%)  loss=18.0193  avg_reward=3717.77  penalty_ratio=0.00%  eta=71.8s
2026-04-10 16:37:28 [INFO] src.pomo_trainer:   batch 500/625 (80.0%)  loss=15.7667  avg_reward=2528.80  penalty_ratio=0.00%  eta=66.2s
2026-04-10 16:37:32 [INFO] src.pomo_trainer:   batch 510/625 (81.6%)  loss=2.6519  avg_reward=675.12  penalty_ratio=0.00%  eta=60.6s
2026-04-10 16:37:37 [INFO] src.pomo_trainer:   batch 520/625 (83.2%)  loss=-15.9347  avg_reward=5212.03  penalty_ratio=0.00%  eta=55.3s
2026-04-10 16:37:41 [INFO] src.pomo_trainer:   batch 530/625 (84.8%)  loss=-1.6536  avg_reward=917.82  penalty_ratio=0.00%  eta=49.8s
2026-04-10 16:37:44 [INFO] src.pomo_trainer:   batch 540/625 (86.4%)  loss=-5.4116  avg_reward=-80.86  penalty_ratio=0.00%  eta=44.3s
2026-04-10 16:37:50 [INFO] src.pomo_trainer:   batch 550/625 (88.0%)  loss=-12.3155  avg_reward=3868.43  penalty_ratio=0.00%  eta=39.2s
2026-04-10 16:37:55 [INFO] src.pomo_trainer:   batch 560/625 (89.6%)  loss=-4.3124  avg_reward=-570.42  penalty_ratio=0.00%  eta=33.8s
2026-04-10 16:38:00 [INFO] src.pomo_trainer:   batch 570/625 (91.2%)  loss=-1.2357  avg_reward=197.26  penalty_ratio=0.00%  eta=28.6s
2026-04-10 16:38:04 [INFO] src.pomo_trainer:   batch 580/625 (92.8%)  loss=48.4864  avg_reward=2371.46  penalty_ratio=0.00%  eta=23.4s
2026-04-10 16:38:09 [INFO] src.pomo_trainer:   batch 590/625 (94.4%)  loss=-4.2408  avg_reward=-114.48  penalty_ratio=0.00%  eta=18.2s
2026-04-10 16:38:14 [INFO] src.pomo_trainer:   batch 600/625 (96.0%)  loss=31.4256  avg_reward=2546.57  penalty_ratio=0.00%  eta=13.0s
2026-04-10 16:38:19 [INFO] src.pomo_trainer:   batch 610/625 (97.6%)  loss=-18.5272  avg_reward=2873.52  penalty_ratio=0.00%  eta=7.8s
2026-04-10 16:38:25 [INFO] src.pomo_trainer:   batch 620/625 (99.2%)  loss=70.1188  avg_reward=3700.47  penalty_ratio=0.00%  eta=2.6s
2026-04-10 16:38:29 [INFO] __main__: Epoch 56  stage=main  loss=27.581220  reward=1950.19  var=225338.88  penalty=0.00%  mem_max=nan%
2026-04-10 16:38:29 [INFO] __main__: Training progress: 6/950 (0.6%)  elapsed=1379.3s  eta=217007.9s
2026-04-10 16:38:29 [INFO] __main__: 
--- Epoch 57 / 1000 ---
2026-04-10 16:38:36 [INFO] src.pomo_trainer:   batch 10/625 (1.6%)  loss=92.5562  avg_reward=2754.39  penalty_ratio=0.00%  eta=428.0s
2026-04-10 16:38:40 [INFO] src.pomo_trainer:   batch 20/625 (3.2%)  loss=-27.0277  avg_reward=2128.36  penalty_ratio=0.00%  eta=340.3s
2026-04-10 16:38:45 [INFO] src.pomo_trainer:   batch 30/625 (4.8%)  loss=0.6013  avg_reward=-1069.27  penalty_ratio=0.00%  eta=314.7s
2026-04-10 16:38:50 [INFO] src.pomo_trainer:   batch 40/625 (6.4%)  loss=64.4721  avg_reward=2092.37  penalty_ratio=0.00%  eta=313.1s
2026-04-10 16:38:55 [INFO] src.pomo_trainer:   batch 50/625 (8.0%)  loss=2.3931  avg_reward=1839.81  penalty_ratio=0.00%  eta=306.4s
2026-04-10 16:39:01 [INFO] src.pomo_trainer:   batch 60/625 (9.6%)  loss=-12.6270  avg_reward=1409.07  penalty_ratio=0.00%  eta=307.7s
2026-04-10 16:39:07 [INFO] src.pomo_trainer:   batch 70/625 (11.2%)  loss=16.7700  avg_reward=2203.38  penalty_ratio=0.00%  eta=306.5s
2026-04-10 16:39:13 [INFO] src.pomo_trainer:   batch 80/625 (12.8%)  loss=5.3202  avg_reward=2451.27  penalty_ratio=0.00%  eta=298.8s
2026-04-10 16:39:19 [INFO] src.pomo_trainer:   batch 90/625 (14.4%)  loss=157.0346  avg_reward=3775.30  penalty_ratio=0.00%  eta=296.9s
2026-04-10 16:39:23 [INFO] src.pomo_trainer:   batch 100/625 (16.0%)  loss=-9.9112  avg_reward=2328.34  penalty_ratio=0.00%  eta=286.6s
2026-04-10 16:39:29 [INFO] src.pomo_trainer:   batch 110/625 (17.6%)  loss=1.8334  avg_reward=625.17  penalty_ratio=0.00%  eta=283.9s
2026-04-10 16:39:34 [INFO] src.pomo_trainer:   batch 120/625 (19.2%)  loss=95.6172  avg_reward=2498.82  penalty_ratio=0.00%  eta=274.1s
2026-04-10 16:39:38 [INFO] src.pomo_trainer:   batch 130/625 (20.8%)  loss=77.5238  avg_reward=2708.15  penalty_ratio=0.00%  eta=264.5s
2026-04-10 16:39:44 [INFO] src.pomo_trainer:   batch 140/625 (22.4%)  loss=118.4077  avg_reward=2229.72  penalty_ratio=0.00%  eta=259.6s
2026-04-10 16:39:49 [INFO] src.pomo_trainer:   batch 150/625 (24.0%)  loss=29.2859  avg_reward=2612.81  penalty_ratio=0.00%  eta=252.4s
2026-04-10 16:39:55 [INFO] src.pomo_trainer:   batch 160/625 (25.6%)  loss=143.7372  avg_reward=2925.52  penalty_ratio=0.00%  eta=250.3s
2026-04-10 16:40:00 [INFO] src.pomo_trainer:   batch 170/625 (27.2%)  loss=31.6208  avg_reward=1902.90  penalty_ratio=0.00%  eta=244.2s
2026-04-10 16:40:06 [INFO] src.pomo_trainer:   batch 180/625 (28.8%)  loss=0.0050  avg_reward=5.84  penalty_ratio=0.00%  eta=240.1s
2026-04-10 16:40:11 [INFO] src.pomo_trainer:   batch 190/625 (30.4%)  loss=21.3860  avg_reward=612.81  penalty_ratio=0.00%  eta=232.9s
2026-04-10 16:40:16 [INFO] src.pomo_trainer:   batch 200/625 (32.0%)  loss=17.5959  avg_reward=3236.57  penalty_ratio=0.00%  eta=228.1s
2026-04-10 16:40:23 [INFO] src.pomo_trainer:   batch 210/625 (33.6%)  loss=148.6842  avg_reward=3408.47  penalty_ratio=0.00%  eta=224.8s
2026-04-10 16:40:29 [INFO] src.pomo_trainer:   batch 220/625 (35.2%)  loss=-41.8598  avg_reward=3926.49  penalty_ratio=0.00%  eta=220.8s
2026-04-10 16:40:33 [INFO] src.pomo_trainer:   batch 230/625 (36.8%)  loss=121.8840  avg_reward=1847.64  penalty_ratio=0.00%  eta=213.8s
2026-04-10 16:40:39 [INFO] src.pomo_trainer:   batch 240/625 (38.4%)  loss=35.3671  avg_reward=2832.65  penalty_ratio=0.00%  eta=209.5s
2026-04-10 16:40:45 [INFO] src.pomo_trainer:   batch 250/625 (40.0%)  loss=-4.5957  avg_reward=1737.11  penalty_ratio=0.00%  eta=204.0s
2026-04-10 16:40:51 [INFO] src.pomo_trainer:   batch 260/625 (41.6%)  loss=78.2853  avg_reward=3382.24  penalty_ratio=0.00%  eta=199.1s
2026-04-10 16:40:55 [INFO] src.pomo_trainer:   batch 270/625 (43.2%)  loss=-0.1492  avg_reward=31.77  penalty_ratio=0.00%  eta=192.7s
2026-04-10 16:41:02 [INFO] src.pomo_trainer:   batch 280/625 (44.8%)  loss=83.1736  avg_reward=2465.72  penalty_ratio=0.00%  eta=188.2s
2026-04-10 16:41:08 [INFO] src.pomo_trainer:   batch 290/625 (46.4%)  loss=79.7081  avg_reward=2817.46  penalty_ratio=0.00%  eta=183.4s
2026-04-10 16:41:12 [INFO] src.pomo_trainer:   batch 300/625 (48.0%)  loss=0.0468  avg_reward=132.40  penalty_ratio=0.00%  eta=177.0s
2026-04-10 16:41:18 [INFO] src.pomo_trainer:   batch 310/625 (49.6%)  loss=28.4768  avg_reward=1775.81  penalty_ratio=0.00%  eta=171.5s
2026-04-10 16:41:21 [INFO] src.pomo_trainer:   batch 320/625 (51.2%)  loss=2.7440  avg_reward=1042.44  penalty_ratio=0.00%  eta=164.4s
2026-04-10 16:41:26 [INFO] src.pomo_trainer:   batch 330/625 (52.8%)  loss=-11.6454  avg_reward=577.93  penalty_ratio=0.00%  eta=158.5s
2026-04-10 16:41:31 [INFO] src.pomo_trainer:   batch 340/625 (54.4%)  loss=131.4943  avg_reward=3040.33  penalty_ratio=0.00%  eta=152.9s
2026-04-10 16:41:36 [INFO] src.pomo_trainer:   batch 350/625 (56.0%)  loss=3.8546  avg_reward=434.88  penalty_ratio=0.00%  eta=147.3s
2026-04-10 16:41:42 [INFO] src.pomo_trainer:   batch 360/625 (57.6%)  loss=66.8650  avg_reward=1778.78  penalty_ratio=0.00%  eta=142.2s
2026-04-10 16:41:47 [INFO] src.pomo_trainer:   batch 370/625 (59.2%)  loss=53.7300  avg_reward=1504.50  penalty_ratio=0.00%  eta=136.9s
2026-04-10 16:41:52 [INFO] src.pomo_trainer:   batch 380/625 (60.8%)  loss=-15.4628  avg_reward=1306.12  penalty_ratio=0.00%  eta=130.7s
2026-04-10 16:41:56 [INFO] src.pomo_trainer:   batch 390/625 (62.4%)  loss=1.8403  avg_reward=876.89  penalty_ratio=0.00%  eta=124.6s
2026-04-10 16:42:01 [INFO] src.pomo_trainer:   batch 400/625 (64.0%)  loss=1.8768  avg_reward=2422.16  penalty_ratio=0.00%  eta=119.5s
2026-04-10 16:42:07 [INFO] src.pomo_trainer:   batch 410/625 (65.6%)  loss=-43.5018  avg_reward=4851.03  penalty_ratio=0.00%  eta=114.4s
2026-04-10 16:42:13 [INFO] src.pomo_trainer:   batch 420/625 (67.2%)  loss=47.3472  avg_reward=2383.42  penalty_ratio=0.00%  eta=109.6s
2026-04-10 16:42:17 [INFO] src.pomo_trainer:   batch 430/625 (68.8%)  loss=-0.0031  avg_reward=-11.56  penalty_ratio=0.00%  eta=103.6s
2026-04-10 16:42:22 [INFO] src.pomo_trainer:   batch 440/625 (70.4%)  loss=0.6697  avg_reward=133.45  penalty_ratio=0.00%  eta=98.2s
2026-04-10 16:42:29 [INFO] src.pomo_trainer:   batch 450/625 (72.0%)  loss=-9.2533  avg_reward=963.77  penalty_ratio=0.00%  eta=93.2s
2026-04-10 16:42:35 [INFO] src.pomo_trainer:   batch 460/625 (73.6%)  loss=-54.1667  avg_reward=3743.03  penalty_ratio=0.00%  eta=88.3s
2026-04-10 16:42:40 [INFO] src.pomo_trainer:   batch 470/625 (75.2%)  loss=76.1052  avg_reward=1711.46  penalty_ratio=0.00%  eta=82.9s
2026-04-10 16:42:44 [INFO] src.pomo_trainer:   batch 480/625 (76.8%)  loss=-8.9839  avg_reward=3240.36  penalty_ratio=0.00%  eta=76.9s
2026-04-10 16:42:48 [INFO] src.pomo_trainer:   batch 490/625 (78.4%)  loss=-13.1926  avg_reward=2554.31  penalty_ratio=0.00%  eta=71.5s
2026-04-10 16:42:54 [INFO] src.pomo_trainer:   batch 500/625 (80.0%)  loss=81.1343  avg_reward=1900.11  penalty_ratio=0.00%  eta=66.4s
2026-04-10 16:42:58 [INFO] src.pomo_trainer:   batch 510/625 (81.6%)  loss=45.4785  avg_reward=1844.21  penalty_ratio=0.00%  eta=60.7s
2026-04-10 16:43:03 [INFO] src.pomo_trainer:   batch 520/625 (83.2%)  loss=-3.0224  avg_reward=226.92  penalty_ratio=0.00%  eta=55.5s
2026-04-10 16:43:06 [INFO] src.pomo_trainer:   batch 530/625 (84.8%)  loss=76.0195  avg_reward=2433.83  penalty_ratio=0.00%  eta=49.6s
2026-04-10 16:43:11 [INFO] src.pomo_trainer:   batch 540/625 (86.4%)  loss=-8.7398  avg_reward=2059.11  penalty_ratio=0.00%  eta=44.5s
2026-04-10 16:43:15 [INFO] src.pomo_trainer:   batch 550/625 (88.0%)  loss=-11.2020  avg_reward=2523.34  penalty_ratio=0.00%  eta=39.0s
2026-04-10 16:43:20 [INFO] src.pomo_trainer:   batch 560/625 (89.6%)  loss=13.0338  avg_reward=1444.52  penalty_ratio=0.00%  eta=33.8s
2026-04-10 16:43:25 [INFO] src.pomo_trainer:   batch 570/625 (91.2%)  loss=4.1967  avg_reward=-563.35  penalty_ratio=0.00%  eta=28.6s
2026-04-10 16:43:30 [INFO] src.pomo_trainer:   batch 580/625 (92.8%)  loss=-8.5058  avg_reward=620.08  penalty_ratio=0.00%  eta=23.4s
2026-04-10 16:43:35 [INFO] src.pomo_trainer:   batch 590/625 (94.4%)  loss=-0.0000  avg_reward=-1158.60  penalty_ratio=0.00%  eta=18.2s
2026-04-10 16:43:40 [INFO] src.pomo_trainer:   batch 600/625 (96.0%)  loss=34.1781  avg_reward=2989.38  penalty_ratio=0.00%  eta=13.0s
2026-04-10 16:43:45 [INFO] src.pomo_trainer:   batch 610/625 (97.6%)  loss=69.3027  avg_reward=1856.15  penalty_ratio=0.00%  eta=7.8s
2026-04-10 16:43:51 [INFO] src.pomo_trainer:   batch 620/625 (99.2%)  loss=-6.2776  avg_reward=789.49  penalty_ratio=0.00%  eta=2.6s
2026-04-10 16:43:54 [INFO] __main__: Epoch 57  stage=main  loss=27.814157  reward=1990.95  var=230279.48  penalty=0.00%  mem_max=nan%
2026-04-10 16:43:54 [INFO] __main__: Training progress: 7/950 (0.7%)  elapsed=1704.3s  eta=229597.2s
2026-04-10 16:43:54 [INFO] __main__: 
--- Epoch 58 / 1000 ---
2026-04-10 16:44:00 [INFO] src.pomo_trainer:   batch 10/625 (1.6%)  loss=-13.4463  avg_reward=871.35  penalty_ratio=0.00%  eta=367.5s
2026-04-10 16:44:05 [INFO] src.pomo_trainer:   batch 20/625 (3.2%)  loss=82.5260  avg_reward=4010.27  penalty_ratio=0.00%  eta=324.7s
2026-04-10 16:44:10 [INFO] src.pomo_trainer:   batch 30/625 (4.8%)  loss=3.3208  avg_reward=2048.78  penalty_ratio=0.00%  eta=326.7s
2026-04-10 16:44:15 [INFO] src.pomo_trainer:   batch 40/625 (6.4%)  loss=0.2480  avg_reward=-12.95  penalty_ratio=0.00%  eta=302.6s
2026-04-10 16:44:19 [INFO] src.pomo_trainer:   batch 50/625 (8.0%)  loss=-0.0000  avg_reward=-1174.16  penalty_ratio=0.00%  eta=294.0s
2026-04-10 16:44:26 [INFO] src.pomo_trainer:   batch 60/625 (9.6%)  loss=51.2513  avg_reward=2697.91  penalty_ratio=0.00%  eta=298.9s
2026-04-10 16:44:28 [INFO] src.pomo_trainer:   batch 70/625 (11.2%)  loss=33.6828  avg_reward=1079.76  penalty_ratio=0.00%  eta=273.6s
2026-04-10 16:44:33 [INFO] src.pomo_trainer:   batch 80/625 (12.8%)  loss=-0.3379  avg_reward=2074.97  penalty_ratio=0.00%  eta=265.3s
2026-04-10 16:44:38 [INFO] src.pomo_trainer:   batch 90/625 (14.4%)  loss=-0.0074  avg_reward=27.35  penalty_ratio=0.00%  eta=262.9s
2026-04-10 16:44:43 [INFO] src.pomo_trainer:   batch 100/625 (16.0%)  loss=-2.5743  avg_reward=457.10  penalty_ratio=0.00%  eta=256.0s
2026-04-10 16:44:49 [INFO] src.pomo_trainer:   batch 110/625 (17.6%)  loss=-27.5266  avg_reward=2916.37  penalty_ratio=0.00%  eta=257.2s
2026-04-10 16:44:53 [INFO] src.pomo_trainer:   batch 120/625 (19.2%)  loss=-0.0000  avg_reward=-170.92  penalty_ratio=0.00%  eta=250.6s
2026-04-10 16:44:59 [INFO] src.pomo_trainer:   batch 130/625 (20.8%)  loss=-13.7866  avg_reward=2427.30  penalty_ratio=0.00%  eta=249.4s
2026-04-10 16:45:05 [INFO] src.pomo_trainer:   batch 140/625 (22.4%)  loss=-30.3731  avg_reward=2677.67  penalty_ratio=0.00%  eta=246.6s
2026-04-10 16:45:09 [INFO] src.pomo_trainer:   batch 150/625 (24.0%)  loss=-0.0000  avg_reward=-1118.29  penalty_ratio=0.00%  eta=237.6s
2026-04-10 16:45:14 [INFO] src.pomo_trainer:   batch 160/625 (25.6%)  loss=99.5460  avg_reward=2883.66  penalty_ratio=0.00%  eta=234.1s
2026-04-10 16:45:21 [INFO] src.pomo_trainer:   batch 170/625 (27.2%)  loss=-46.5572  avg_reward=3977.57  penalty_ratio=0.00%  eta=232.1s
2026-04-10 16:45:24 [INFO] src.pomo_trainer:   batch 180/625 (28.8%)  loss=-28.5180  avg_reward=2998.18  penalty_ratio=0.00%  eta=223.9s
2026-04-10 16:45:30 [INFO] src.pomo_trainer:   batch 190/625 (30.4%)  loss=-21.2515  avg_reward=1408.48  penalty_ratio=0.00%  eta=220.7s
2026-04-10 16:45:35 [INFO] src.pomo_trainer:   batch 200/625 (32.0%)  loss=14.4780  avg_reward=587.89  penalty_ratio=0.00%  eta=214.7s
2026-04-10 16:45:39 [INFO] src.pomo_trainer:   batch 210/625 (33.6%)  loss=-9.8725  avg_reward=1507.64  penalty_ratio=0.00%  eta=208.3s
2026-04-10 16:45:45 [INFO] src.pomo_trainer:   batch 220/625 (35.2%)  loss=151.3402  avg_reward=2106.43  penalty_ratio=0.00%  eta=204.4s
2026-04-10 16:45:50 [INFO] src.pomo_trainer:   batch 230/625 (36.8%)  loss=129.4004  avg_reward=3425.46  penalty_ratio=0.00%  eta=200.1s
2026-04-10 16:45:56 [INFO] src.pomo_trainer:   batch 240/625 (38.4%)  loss=-24.3662  avg_reward=2330.92  penalty_ratio=0.00%  eta=196.1s
2026-04-10 16:46:01 [INFO] src.pomo_trainer:   batch 250/625 (40.0%)  loss=-26.7574  avg_reward=3056.72  penalty_ratio=0.00%  eta=190.7s
2026-04-10 16:46:05 [INFO] src.pomo_trainer:   batch 260/625 (41.6%)  loss=92.0696  avg_reward=1697.11  penalty_ratio=0.00%  eta=183.9s
2026-04-10 16:46:10 [INFO] src.pomo_trainer:   batch 270/625 (43.2%)  loss=-5.1031  avg_reward=558.63  penalty_ratio=0.00%  eta=178.7s
2026-04-10 16:46:15 [INFO] src.pomo_trainer:   batch 280/625 (44.8%)  loss=4.3570  avg_reward=4054.16  penalty_ratio=0.00%  eta=173.6s
2026-04-10 16:46:18 [INFO] src.pomo_trainer:   batch 290/625 (46.4%)  loss=-7.6001  avg_reward=350.04  penalty_ratio=0.00%  eta=167.0s
2026-04-10 16:46:25 [INFO] src.pomo_trainer:   batch 300/625 (48.0%)  loss=-17.3703  avg_reward=2155.77  penalty_ratio=0.00%  eta=163.5s
2026-04-10 16:46:29 [INFO] src.pomo_trainer:   batch 310/625 (49.6%)  loss=-0.3809  avg_reward=28.92  penalty_ratio=0.00%  eta=158.1s
2026-04-10 16:46:34 [INFO] src.pomo_trainer:   batch 320/625 (51.2%)  loss=-50.7955  avg_reward=1405.54  penalty_ratio=0.00%  eta=153.0s
2026-04-10 16:46:40 [INFO] src.pomo_trainer:   batch 330/625 (52.8%)  loss=101.4151  avg_reward=3187.38  penalty_ratio=0.00%  eta=148.2s
2026-04-10 16:46:46 [INFO] src.pomo_trainer:   batch 340/625 (54.4%)  loss=-54.7263  avg_reward=2843.64  penalty_ratio=0.00%  eta=144.3s
2026-04-10 16:46:50 [INFO] src.pomo_trainer:   batch 350/625 (56.0%)  loss=50.4424  avg_reward=1775.50  penalty_ratio=0.00%  eta=138.4s
2026-04-10 16:46:55 [INFO] src.pomo_trainer:   batch 360/625 (57.6%)  loss=45.6821  avg_reward=2429.61  penalty_ratio=0.00%  eta=133.2s
2026-04-10 16:47:00 [INFO] src.pomo_trainer:   batch 370/625 (59.2%)  loss=58.8242  avg_reward=1701.78  penalty_ratio=0.00%  eta=128.1s
2026-04-10 16:47:02 [INFO] src.pomo_trainer:   batch 380/625 (60.8%)  loss=62.3666  avg_reward=3554.19  penalty_ratio=0.00%  eta=121.6s
2026-04-10 16:47:08 [INFO] src.pomo_trainer:   batch 390/625 (62.4%)  loss=-24.0140  avg_reward=3914.70  penalty_ratio=0.00%  eta=117.1s
2026-04-10 16:47:13 [INFO] src.pomo_trainer:   batch 400/625 (64.0%)  loss=124.5477  avg_reward=1067.48  penalty_ratio=0.00%  eta=112.2s
2026-04-10 16:47:18 [INFO] src.pomo_trainer:   batch 410/625 (65.6%)  loss=60.3399  avg_reward=1890.04  penalty_ratio=0.00%  eta=106.9s
2026-04-10 16:47:24 [INFO] src.pomo_trainer:   batch 420/625 (67.2%)  loss=36.0669  avg_reward=3500.99  penalty_ratio=0.00%  eta=102.4s
2026-04-10 16:47:29 [INFO] src.pomo_trainer:   batch 430/625 (68.8%)  loss=32.7357  avg_reward=2643.52  penalty_ratio=0.00%  eta=97.4s
2026-04-10 16:47:36 [INFO] src.pomo_trainer:   batch 440/625 (70.4%)  loss=167.0840  avg_reward=2524.23  penalty_ratio=0.00%  eta=93.3s
2026-04-10 16:47:38 [INFO] src.pomo_trainer:   batch 450/625 (72.0%)  loss=-0.0000  avg_reward=-181.22  penalty_ratio=0.00%  eta=87.0s
2026-04-10 16:47:45 [INFO] src.pomo_trainer:   batch 460/625 (73.6%)  loss=61.2203  avg_reward=2478.25  penalty_ratio=0.00%  eta=82.8s
2026-04-10 16:47:49 [INFO] src.pomo_trainer:   batch 470/625 (75.2%)  loss=-0.0004  avg_reward=-242.18  penalty_ratio=0.00%  eta=77.5s
2026-04-10 16:47:54 [INFO] src.pomo_trainer:   batch 480/625 (76.8%)  loss=72.4064  avg_reward=2106.80  penalty_ratio=0.00%  eta=72.5s
2026-04-10 16:47:59 [INFO] src.pomo_trainer:   batch 490/625 (78.4%)  loss=90.6082  avg_reward=1958.48  penalty_ratio=0.00%  eta=67.6s
2026-04-10 16:48:03 [INFO] src.pomo_trainer:   batch 500/625 (80.0%)  loss=-0.0000  avg_reward=-1133.41  penalty_ratio=0.00%  eta=62.3s
2026-04-10 16:48:08 [INFO] src.pomo_trainer:   batch 510/625 (81.6%)  loss=4.7008  avg_reward=1492.47  penalty_ratio=0.00%  eta=57.3s
2026-04-10 16:48:12 [INFO] src.pomo_trainer:   batch 520/625 (83.2%)  loss=-1.4917  avg_reward=-786.01  penalty_ratio=0.00%  eta=52.2s
2026-04-10 16:48:18 [INFO] src.pomo_trainer:   batch 530/625 (84.8%)  loss=-1.5290  avg_reward=4786.25  penalty_ratio=0.00%  eta=47.3s
2026-04-10 16:48:22 [INFO] src.pomo_trainer:   batch 540/625 (86.4%)  loss=5.2746  avg_reward=3238.67  penalty_ratio=0.00%  eta=42.2s
2026-04-10 16:48:28 [INFO] src.pomo_trainer:   batch 550/625 (88.0%)  loss=40.1396  avg_reward=2079.51  penalty_ratio=0.00%  eta=37.4s
2026-04-10 16:48:32 [INFO] src.pomo_trainer:   batch 560/625 (89.6%)  loss=-0.0000  avg_reward=-1296.84  penalty_ratio=0.00%  eta=32.3s
2026-04-10 16:48:36 [INFO] src.pomo_trainer:   batch 570/625 (91.2%)  loss=-0.6316  avg_reward=2146.29  penalty_ratio=0.00%  eta=27.2s
2026-04-10 16:48:43 [INFO] src.pomo_trainer:   batch 580/625 (92.8%)  loss=10.9433  avg_reward=5154.84  penalty_ratio=0.00%  eta=22.4s
2026-04-10 16:48:48 [INFO] src.pomo_trainer:   batch 590/625 (94.4%)  loss=-21.4973  avg_reward=4165.63  penalty_ratio=0.00%  eta=17.4s
2026-04-10 16:48:53 [INFO] src.pomo_trainer:   batch 600/625 (96.0%)  loss=155.3444  avg_reward=1981.60  penalty_ratio=0.00%  eta=12.4s
2026-04-10 16:48:58 [INFO] src.pomo_trainer:   batch 610/625 (97.6%)  loss=-2.1096  avg_reward=-257.06  penalty_ratio=0.00%  eta=7.5s
2026-04-10 16:49:02 [INFO] src.pomo_trainer:   batch 620/625 (99.2%)  loss=-21.5260  avg_reward=3033.98  penalty_ratio=0.00%  eta=2.5s
2026-04-10 16:49:06 [INFO] __main__: Epoch 58  stage=main  loss=21.830919  reward=1926.86  var=219488.73  penalty=0.00%  mem_max=nan%
2026-04-10 16:49:06 [INFO] __main__: Training progress: 8/950 (0.8%)  elapsed=2016.9s  eta=237495.6s
2026-04-10 16:49:06 [INFO] __main__: 
--- Epoch 59 / 1000 ---
2026-04-10 16:49:12 [INFO] src.pomo_trainer:   batch 10/625 (1.6%)  loss=-8.8245  avg_reward=388.63  penalty_ratio=0.00%  eta=322.7s
2026-04-10 16:49:16 [INFO] src.pomo_trainer:   batch 20/625 (3.2%)  loss=-43.2663  avg_reward=1791.61  penalty_ratio=0.00%  eta=293.7s
2026-04-10 16:49:21 [INFO] src.pomo_trainer:   batch 30/625 (4.8%)  loss=-14.5343  avg_reward=1021.94  penalty_ratio=0.00%  eta=279.5s
2026-04-10 16:49:26 [INFO] src.pomo_trainer:   batch 40/625 (6.4%)  loss=42.1434  avg_reward=2566.79  penalty_ratio=0.00%  eta=287.3s
2026-04-10 16:49:31 [INFO] src.pomo_trainer:   batch 50/625 (8.0%)  loss=35.7833  avg_reward=1673.61  penalty_ratio=0.00%  eta=286.2s
2026-04-10 16:49:36 [INFO] src.pomo_trainer:   batch 60/625 (9.6%)  loss=100.0692  avg_reward=1840.29  penalty_ratio=0.00%  eta=276.8s
2026-04-10 16:49:41 [INFO] src.pomo_trainer:   batch 70/625 (11.2%)  loss=49.2320  avg_reward=2761.52  penalty_ratio=0.00%  eta=275.0s
2026-04-10 16:49:47 [INFO] src.pomo_trainer:   batch 80/625 (12.8%)  loss=0.9326  avg_reward=2596.40  penalty_ratio=0.00%  eta=272.9s
2026-04-10 16:49:52 [INFO] src.pomo_trainer:   batch 90/625 (14.4%)  loss=-9.4918  avg_reward=470.20  penalty_ratio=0.00%  eta=272.8s
2026-04-10 16:49:59 [INFO] src.pomo_trainer:   batch 100/625 (16.0%)  loss=-52.3470  avg_reward=2717.82  penalty_ratio=0.00%  eta=276.1s
2026-04-10 16:50:05 [INFO] src.pomo_trainer:   batch 110/625 (17.6%)  loss=-30.3105  avg_reward=2992.74  penalty_ratio=0.00%  eta=275.1s
2026-04-10 16:50:10 [INFO] src.pomo_trainer:   batch 120/625 (19.2%)  loss=13.2401  avg_reward=2271.78  penalty_ratio=0.00%  eta=267.2s
2026-04-10 16:50:16 [INFO] src.pomo_trainer:   batch 130/625 (20.8%)  loss=56.9496  avg_reward=1981.57  penalty_ratio=0.00%  eta=264.1s
2026-04-10 16:50:21 [INFO] src.pomo_trainer:   batch 140/625 (22.4%)  loss=47.5881  avg_reward=2270.12  penalty_ratio=0.00%  eta=259.5s
2026-04-10 16:50:24 [INFO] src.pomo_trainer:   batch 150/625 (24.0%)  loss=-1.4092  avg_reward=593.44  penalty_ratio=0.00%  eta=246.6s
2026-04-10 16:50:29 [INFO] src.pomo_trainer:   batch 160/625 (25.6%)  loss=55.3149  avg_reward=1736.57  penalty_ratio=0.00%  eta=241.2s
2026-04-10 16:50:33 [INFO] src.pomo_trainer:   batch 170/625 (27.2%)  loss=-22.1667  avg_reward=876.45  penalty_ratio=0.00%  eta=231.6s
2026-04-10 16:50:37 [INFO] src.pomo_trainer:   batch 180/625 (28.8%)  loss=-8.8890  avg_reward=2163.78  penalty_ratio=0.00%  eta=223.7s
2026-04-10 16:50:41 [INFO] src.pomo_trainer:   batch 190/625 (30.4%)  loss=34.0519  avg_reward=2930.75  penalty_ratio=0.00%  eta=217.3s
2026-04-10 16:50:48 [INFO] src.pomo_trainer:   batch 200/625 (32.0%)  loss=75.5053  avg_reward=3227.52  penalty_ratio=0.00%  eta=216.7s
2026-04-10 16:50:55 [INFO] src.pomo_trainer:   batch 210/625 (33.6%)  loss=72.5880  avg_reward=2291.48  penalty_ratio=0.00%  eta=214.4s
2026-04-10 16:51:01 [INFO] src.pomo_trainer:   batch 220/625 (35.2%)  loss=-18.9940  avg_reward=3789.45  penalty_ratio=0.00%  eta=210.5s
2026-04-10 16:51:07 [INFO] src.pomo_trainer:   batch 230/625 (36.8%)  loss=24.8734  avg_reward=2151.45  penalty_ratio=0.00%  eta=207.9s
2026-04-10 16:51:13 [INFO] src.pomo_trainer:   batch 240/625 (38.4%)  loss=-26.9482  avg_reward=2988.58  penalty_ratio=0.00%  eta=202.8s
2026-04-10 16:51:20 [INFO] src.pomo_trainer:   batch 250/625 (40.0%)  loss=-39.5521  avg_reward=2579.13  penalty_ratio=0.00%  eta=199.6s
2026-04-10 16:51:25 [INFO] src.pomo_trainer:   batch 260/625 (41.6%)  loss=83.5388  avg_reward=1953.63  penalty_ratio=0.00%  eta=194.3s
2026-04-10 16:51:29 [INFO] src.pomo_trainer:   batch 270/625 (43.2%)  loss=-19.7735  avg_reward=1385.98  penalty_ratio=0.00%  eta=187.8s
2026-04-10 16:51:35 [INFO] src.pomo_trainer:   batch 280/625 (44.8%)  loss=41.8859  avg_reward=2958.30  penalty_ratio=0.00%  eta=183.2s
2026-04-10 16:51:41 [INFO] src.pomo_trainer:   batch 290/625 (46.4%)  loss=71.3869  avg_reward=2325.19  penalty_ratio=0.00%  eta=178.0s
2026-04-10 16:51:47 [INFO] src.pomo_trainer:   batch 300/625 (48.0%)  loss=16.3474  avg_reward=1461.97  penalty_ratio=0.00%  eta=173.9s
2026-04-10 16:51:53 [INFO] src.pomo_trainer:   batch 310/625 (49.6%)  loss=-8.1799  avg_reward=2114.73  penalty_ratio=0.00%  eta=169.2s
2026-04-10 16:51:57 [INFO] src.pomo_trainer:   batch 320/625 (51.2%)  loss=5.2233  avg_reward=1528.97  penalty_ratio=0.00%  eta=163.0s
2026-04-10 16:52:03 [INFO] src.pomo_trainer:   batch 330/625 (52.8%)  loss=-8.6990  avg_reward=576.32  penalty_ratio=0.00%  eta=157.5s
2026-04-10 16:52:07 [INFO] src.pomo_trainer:   batch 340/625 (54.4%)  loss=13.5621  avg_reward=1055.13  penalty_ratio=0.00%  eta=151.1s
2026-04-10 16:52:12 [INFO] src.pomo_trainer:   batch 350/625 (56.0%)  loss=-12.0995  avg_reward=381.05  penalty_ratio=0.00%  eta=145.5s
2026-04-10 16:52:17 [INFO] src.pomo_trainer:   batch 360/625 (57.6%)  loss=0.0792  avg_reward=1415.87  penalty_ratio=0.00%  eta=140.5s
2026-04-10 16:52:20 [INFO] src.pomo_trainer:   batch 370/625 (59.2%)  loss=-3.7759  avg_reward=1707.40  penalty_ratio=0.00%  eta=133.6s
2026-04-10 16:52:26 [INFO] src.pomo_trainer:   batch 380/625 (60.8%)  loss=-33.8514  avg_reward=1986.62  penalty_ratio=0.00%  eta=128.6s
2026-04-10 16:52:30 [INFO] src.pomo_trainer:   batch 390/625 (62.4%)  loss=4.1895  avg_reward=1255.80  penalty_ratio=0.00%  eta=122.8s
2026-04-10 16:52:36 [INFO] src.pomo_trainer:   batch 400/625 (64.0%)  loss=84.5795  avg_reward=2179.21  penalty_ratio=0.00%  eta=117.7s
2026-04-10 16:52:41 [INFO] src.pomo_trainer:   batch 410/625 (65.6%)  loss=189.9936  avg_reward=3832.21  penalty_ratio=0.00%  eta=112.6s
2026-04-10 16:52:45 [INFO] src.pomo_trainer:   batch 420/625 (67.2%)  loss=64.9925  avg_reward=2453.09  penalty_ratio=0.00%  eta=106.4s
2026-04-10 16:52:50 [INFO] src.pomo_trainer:   batch 430/625 (68.8%)  loss=0.2395  avg_reward=-26.73  penalty_ratio=0.00%  eta=101.2s
2026-04-10 16:52:54 [INFO] src.pomo_trainer:   batch 440/625 (70.4%)  loss=-2.8410  avg_reward=1397.39  penalty_ratio=0.00%  eta=95.7s
2026-04-10 16:53:00 [INFO] src.pomo_trainer:   batch 450/625 (72.0%)  loss=-5.1856  avg_reward=1979.76  penalty_ratio=0.00%  eta=90.9s
2026-04-10 16:53:04 [INFO] src.pomo_trainer:   batch 460/625 (73.6%)  loss=-9.9524  avg_reward=1311.06  penalty_ratio=0.00%  eta=85.4s
2026-04-10 16:53:09 [INFO] src.pomo_trainer:   batch 470/625 (75.2%)  loss=5.1928  avg_reward=1599.92  penalty_ratio=0.00%  eta=80.0s
2026-04-10 16:53:14 [INFO] src.pomo_trainer:   batch 480/625 (76.8%)  loss=-11.8542  avg_reward=1515.59  penalty_ratio=0.00%  eta=74.8s
2026-04-10 16:53:19 [INFO] src.pomo_trainer:   batch 490/625 (78.4%)  loss=-24.1231  avg_reward=911.33  penalty_ratio=0.00%  eta=69.7s
2026-04-10 16:53:25 [INFO] src.pomo_trainer:   batch 500/625 (80.0%)  loss=-18.3303  avg_reward=413.57  penalty_ratio=0.00%  eta=64.7s
2026-04-10 16:53:31 [INFO] src.pomo_trainer:   batch 510/625 (81.6%)  loss=4.0450  avg_reward=1861.66  penalty_ratio=0.00%  eta=59.6s
2026-04-10 16:53:36 [INFO] src.pomo_trainer:   batch 520/625 (83.2%)  loss=8.9561  avg_reward=318.88  penalty_ratio=0.00%  eta=54.3s
2026-04-10 16:53:40 [INFO] src.pomo_trainer:   batch 530/625 (84.8%)  loss=-32.4234  avg_reward=378.88  penalty_ratio=0.00%  eta=49.1s
2026-04-10 16:53:46 [INFO] src.pomo_trainer:   batch 540/625 (86.4%)  loss=-6.0094  avg_reward=631.45  penalty_ratio=0.00%  eta=44.1s
2026-04-10 16:53:50 [INFO] src.pomo_trainer:   batch 550/625 (88.0%)  loss=-0.0000  avg_reward=-1172.63  penalty_ratio=0.00%  eta=38.7s
2026-04-10 16:53:56 [INFO] src.pomo_trainer:   batch 560/625 (89.6%)  loss=-4.3155  avg_reward=4732.71  penalty_ratio=0.00%  eta=33.6s
2026-04-10 16:54:00 [INFO] src.pomo_trainer:   batch 570/625 (91.2%)  loss=92.9951  avg_reward=3133.76  penalty_ratio=0.00%  eta=28.4s
2026-04-10 16:54:06 [INFO] src.pomo_trainer:   batch 580/625 (92.8%)  loss=-15.6509  avg_reward=682.71  penalty_ratio=0.00%  eta=23.3s
2026-04-10 16:54:12 [INFO] src.pomo_trainer:   batch 590/625 (94.4%)  loss=50.6031  avg_reward=2672.61  penalty_ratio=0.00%  eta=18.1s
2026-04-10 16:54:17 [INFO] src.pomo_trainer:   batch 600/625 (96.0%)  loss=2.1671  avg_reward=1266.49  penalty_ratio=0.00%  eta=12.9s
2026-04-10 16:54:22 [INFO] src.pomo_trainer:   batch 610/625 (97.6%)  loss=114.5330  avg_reward=2844.03  penalty_ratio=0.00%  eta=7.8s
2026-04-10 16:54:28 [INFO] src.pomo_trainer:   batch 620/625 (99.2%)  loss=-23.8873  avg_reward=5189.80  penalty_ratio=0.00%  eta=2.6s
2026-04-10 16:54:31 [INFO] __main__: Epoch 59  stage=main  loss=25.731827  reward=2024.09  var=236757.09  penalty=0.00%  mem_max=nan%
2026-04-10 16:54:31 [INFO] __main__: Training progress: 9/950 (0.9%)  elapsed=2341.9s  eta=244857.9s
2026-04-10 16:54:31 [INFO] __main__: 
--- Epoch 60 / 1000 ---
2026-04-10 16:54:36 [INFO] src.pomo_trainer:   batch 10/625 (1.6%)  loss=102.0471  avg_reward=2798.09  penalty_ratio=0.00%  eta=271.6s
2026-04-10 16:54:40 [INFO] src.pomo_trainer:   batch 20/625 (3.2%)  loss=-5.1039  avg_reward=1246.93  penalty_ratio=0.00%  eta=274.6s
2026-04-10 16:54:46 [INFO] src.pomo_trainer:   batch 30/625 (4.8%)  loss=102.7796  avg_reward=3342.56  penalty_ratio=0.00%  eta=287.9s
2026-04-10 16:54:52 [INFO] src.pomo_trainer:   batch 40/625 (6.4%)  loss=-4.1375  avg_reward=3713.68  penalty_ratio=0.00%  eta=302.1s
2026-04-10 16:54:57 [INFO] src.pomo_trainer:   batch 50/625 (8.0%)  loss=176.1546  avg_reward=3259.04  penalty_ratio=0.00%  eta=291.2s
2026-04-10 16:55:04 [INFO] src.pomo_trainer:   batch 60/625 (9.6%)  loss=-8.2265  avg_reward=3224.06  penalty_ratio=0.00%  eta=304.3s
2026-04-10 16:55:09 [INFO] src.pomo_trainer:   batch 70/625 (11.2%)  loss=47.6531  avg_reward=2535.77  penalty_ratio=0.00%  eta=296.5s
2026-04-10 16:55:13 [INFO] src.pomo_trainer:   batch 80/625 (12.8%)  loss=-8.6284  avg_reward=2708.61  penalty_ratio=0.00%  eta=283.3s
2026-04-10 16:55:19 [INFO] src.pomo_trainer:   batch 90/625 (14.4%)  loss=-12.2623  avg_reward=3141.98  penalty_ratio=0.00%  eta=281.5s
2026-04-10 16:55:25 [INFO] src.pomo_trainer:   batch 100/625 (16.0%)  loss=68.9785  avg_reward=2019.48  penalty_ratio=0.00%  eta=281.8s
2026-04-10 16:55:29 [INFO] src.pomo_trainer:   batch 110/625 (17.6%)  loss=162.9389  avg_reward=3551.73  penalty_ratio=0.00%  eta=268.6s
2026-04-10 16:55:34 [INFO] src.pomo_trainer:   batch 120/625 (19.2%)  loss=93.9515  avg_reward=1684.32  penalty_ratio=0.00%  eta=262.1s
2026-04-10 16:55:39 [INFO] src.pomo_trainer:   batch 130/625 (20.8%)  loss=54.5266  avg_reward=775.15  penalty_ratio=0.00%  eta=257.7s
2026-04-10 16:55:44 [INFO] src.pomo_trainer:   batch 140/625 (22.4%)  loss=-1.9759  avg_reward=633.35  penalty_ratio=0.00%  eta=251.5s
2026-04-10 16:55:49 [INFO] src.pomo_trainer:   batch 150/625 (24.0%)  loss=8.7101  avg_reward=4451.77  penalty_ratio=0.00%  eta=246.5s
2026-04-10 16:55:54 [INFO] src.pomo_trainer:   batch 160/625 (25.6%)  loss=21.3696  avg_reward=2929.92  penalty_ratio=0.00%  eta=240.9s
2026-04-10 16:56:01 [INFO] src.pomo_trainer:   batch 170/625 (27.2%)  loss=89.1624  avg_reward=1946.42  penalty_ratio=0.00%  eta=240.0s
2026-04-10 16:56:08 [INFO] src.pomo_trainer:   batch 180/625 (28.8%)  loss=71.6876  avg_reward=1789.04  penalty_ratio=0.00%  eta=237.6s
2026-04-10 16:56:12 [INFO] src.pomo_trainer:   batch 190/625 (30.4%)  loss=-0.0000  avg_reward=33.91  penalty_ratio=0.00%  eta=230.9s
2026-04-10 16:56:16 [INFO] src.pomo_trainer:   batch 200/625 (32.0%)  loss=-13.3213  avg_reward=4697.14  penalty_ratio=0.00%  eta=221.9s
2026-04-10 16:56:20 [INFO] src.pomo_trainer:   batch 210/625 (33.6%)  loss=-52.4696  avg_reward=2641.40  penalty_ratio=0.00%  eta=215.2s
2026-04-10 16:56:25 [INFO] src.pomo_trainer:   batch 220/625 (35.2%)  loss=-0.0000  avg_reward=-379.88  penalty_ratio=0.00%  eta=210.0s
2026-04-10 16:56:31 [INFO] src.pomo_trainer:   batch 230/625 (36.8%)  loss=-11.5122  avg_reward=177.28  penalty_ratio=0.00%  eta=206.2s
2026-04-10 16:56:37 [INFO] src.pomo_trainer:   batch 240/625 (38.4%)  loss=62.5196  avg_reward=2392.44  penalty_ratio=0.00%  eta=201.5s
2026-04-10 16:56:42 [INFO] src.pomo_trainer:   batch 250/625 (40.0%)  loss=160.6433  avg_reward=2282.21  penalty_ratio=0.00%  eta=195.6s
2026-04-10 16:56:45 [INFO] src.pomo_trainer:   batch 260/625 (41.6%)  loss=122.0713  avg_reward=3212.23  penalty_ratio=0.00%  eta=187.5s
2026-04-10 16:56:51 [INFO] src.pomo_trainer:   batch 270/625 (43.2%)  loss=-26.0204  avg_reward=805.28  penalty_ratio=0.00%  eta=183.1s
2026-04-10 16:56:56 [INFO] src.pomo_trainer:   batch 280/625 (44.8%)  loss=-0.0000  avg_reward=-192.46  penalty_ratio=0.00%  eta=178.5s
2026-04-10 16:57:01 [INFO] src.pomo_trainer:   batch 290/625 (46.4%)  loss=7.4918  avg_reward=2377.76  penalty_ratio=0.00%  eta=172.3s
2026-04-10 16:57:07 [INFO] src.pomo_trainer:   batch 300/625 (48.0%)  loss=1.1415  avg_reward=3856.74  penalty_ratio=0.00%  eta=168.6s
2026-04-10 16:57:13 [INFO] src.pomo_trainer:   batch 310/625 (49.6%)  loss=39.1747  avg_reward=4387.06  penalty_ratio=0.00%  eta=164.2s
2026-04-10 16:57:19 [INFO] src.pomo_trainer:   batch 320/625 (51.2%)  loss=192.7210  avg_reward=3004.19  penalty_ratio=0.00%  eta=159.5s
2026-04-10 16:57:23 [INFO] src.pomo_trainer:   batch 330/625 (52.8%)  loss=-3.9815  avg_reward=4179.50  penalty_ratio=0.00%  eta=153.7s
2026-04-10 16:57:29 [INFO] src.pomo_trainer:   batch 340/625 (54.4%)  loss=136.4410  avg_reward=2871.75  penalty_ratio=0.00%  eta=148.8s
2026-04-10 16:57:34 [INFO] src.pomo_trainer:   batch 350/625 (56.0%)  loss=-0.2770  avg_reward=-242.22  penalty_ratio=0.00%  eta=143.3s
2026-04-10 16:57:39 [INFO] src.pomo_trainer:   batch 360/625 (57.6%)  loss=-0.5051  avg_reward=5311.06  penalty_ratio=0.00%  eta=137.8s
2026-04-10 16:57:44 [INFO] src.pomo_trainer:   batch 370/625 (59.2%)  loss=-31.6755  avg_reward=1521.87  penalty_ratio=0.00%  eta=132.6s
2026-04-10 16:57:49 [INFO] src.pomo_trainer:   batch 380/625 (60.8%)  loss=43.4357  avg_reward=988.69  penalty_ratio=0.00%  eta=127.2s
2026-04-10 16:57:54 [INFO] src.pomo_trainer:   batch 390/625 (62.4%)  loss=69.5276  avg_reward=2071.60  penalty_ratio=0.00%  eta=122.0s
2026-04-10 16:58:00 [INFO] src.pomo_trainer:   batch 400/625 (64.0%)  loss=32.6542  avg_reward=2505.42  penalty_ratio=0.00%  eta=117.2s
2026-04-10 16:58:06 [INFO] src.pomo_trainer:   batch 410/625 (65.6%)  loss=-9.5760  avg_reward=1064.53  penalty_ratio=0.00%  eta=112.5s
2026-04-10 16:58:10 [INFO] src.pomo_trainer:   batch 420/625 (67.2%)  loss=91.6903  avg_reward=2129.61  penalty_ratio=0.00%  eta=106.7s
2026-04-10 16:58:16 [INFO] src.pomo_trainer:   batch 430/625 (68.8%)  loss=161.3124  avg_reward=3532.41  penalty_ratio=0.00%  eta=102.0s
2026-04-10 16:58:21 [INFO] src.pomo_trainer:   batch 440/625 (70.4%)  loss=103.3696  avg_reward=2194.67  penalty_ratio=0.00%  eta=96.6s
2026-04-10 16:58:28 [INFO] src.pomo_trainer:   batch 450/625 (72.0%)  loss=129.5075  avg_reward=2976.89  penalty_ratio=0.00%  eta=91.9s
2026-04-10 16:58:32 [INFO] src.pomo_trainer:   batch 460/625 (73.6%)  loss=205.0217  avg_reward=3572.67  penalty_ratio=0.00%  eta=86.1s
2026-04-10 16:58:38 [INFO] src.pomo_trainer:   batch 470/625 (75.2%)  loss=38.7031  avg_reward=3187.56  penalty_ratio=0.00%  eta=81.5s
2026-04-10 16:58:44 [INFO] src.pomo_trainer:   batch 480/625 (76.8%)  loss=4.7119  avg_reward=1514.90  penalty_ratio=0.00%  eta=76.3s
2026-04-10 16:58:50 [INFO] src.pomo_trainer:   batch 490/625 (78.4%)  loss=-46.9827  avg_reward=3873.60  penalty_ratio=0.00%  eta=71.2s
2026-04-10 16:58:55 [INFO] src.pomo_trainer:   batch 500/625 (80.0%)  loss=-4.0809  avg_reward=2657.93  penalty_ratio=0.00%  eta=65.8s
2026-04-10 16:58:59 [INFO] src.pomo_trainer:   batch 510/625 (81.6%)  loss=-0.6116  avg_reward=-708.25  penalty_ratio=0.00%  eta=60.4s
2026-04-10 16:59:07 [INFO] src.pomo_trainer:   batch 520/625 (83.2%)  loss=63.1113  avg_reward=2054.29  penalty_ratio=0.00%  eta=55.6s
2026-04-10 16:59:11 [INFO] src.pomo_trainer:   batch 530/625 (84.8%)  loss=0.4568  avg_reward=-536.82  penalty_ratio=0.00%  eta=50.1s
2026-04-10 16:59:15 [INFO] src.pomo_trainer:   batch 540/625 (86.4%)  loss=33.4676  avg_reward=2311.46  penalty_ratio=0.00%  eta=44.6s
2026-04-10 16:59:18 [INFO] src.pomo_trainer:   batch 550/625 (88.0%)  loss=146.0634  avg_reward=2388.77  penalty_ratio=0.00%  eta=39.1s
2026-04-10 16:59:24 [INFO] src.pomo_trainer:   batch 560/625 (89.6%)  loss=26.7520  avg_reward=1676.46  penalty_ratio=0.00%  eta=33.9s
2026-04-10 16:59:29 [INFO] src.pomo_trainer:   batch 570/625 (91.2%)  loss=112.1596  avg_reward=2441.21  penalty_ratio=0.00%  eta=28.7s
2026-04-10 16:59:33 [INFO] src.pomo_trainer:   batch 580/625 (92.8%)  loss=-18.6131  avg_reward=608.97  penalty_ratio=0.00%  eta=23.4s
2026-04-10 16:59:37 [INFO] src.pomo_trainer:   batch 590/625 (94.4%)  loss=52.4122  avg_reward=1913.44  penalty_ratio=0.00%  eta=18.1s
2026-04-10 16:59:44 [INFO] src.pomo_trainer:   batch 600/625 (96.0%)  loss=29.4186  avg_reward=2984.51  penalty_ratio=0.00%  eta=13.0s
2026-04-10 16:59:50 [INFO] src.pomo_trainer:   batch 610/625 (97.6%)  loss=31.2393  avg_reward=3148.91  penalty_ratio=0.00%  eta=7.8s
2026-04-10 16:59:55 [INFO] src.pomo_trainer:   batch 620/625 (99.2%)  loss=-42.4528  avg_reward=373.20  penalty_ratio=0.00%  eta=2.6s
2026-04-10 16:59:59 [INFO] __main__: Epoch 60  stage=main  loss=34.909912  reward=1958.93  var=235302.13  penalty=0.00%  mem_max=nan%
2026-04-10 16:59:59 [INFO] __main__: Training progress: 10/950 (1.1%)  elapsed=2669.1s  eta=250895.7s
2026-04-10 17:00:14 [INFO] __main__: Validation reward (all stages): 1445.9240
2026-04-10 17:00:14 [INFO] __main__: 
--- Epoch 61 / 1000 ---
2026-04-10 17:00:20 [INFO] src.pomo_trainer:   batch 10/625 (1.6%)  loss=107.8982  avg_reward=3393.25  penalty_ratio=0.00%  eta=374.8s
2026-04-10 17:00:25 [INFO] src.pomo_trainer:   batch 20/625 (3.2%)  loss=130.8539  avg_reward=1531.69  penalty_ratio=0.00%  eta=341.8s
2026-04-10 17:00:30 [INFO] src.pomo_trainer:   batch 30/625 (4.8%)  loss=7.7144  avg_reward=3126.96  penalty_ratio=0.00%  eta=318.3s
2026-04-10 17:00:36 [INFO] src.pomo_trainer:   batch 40/625 (6.4%)  loss=-0.2840  avg_reward=646.93  penalty_ratio=0.00%  eta=319.2s
2026-04-10 17:00:40 [INFO] src.pomo_trainer:   batch 50/625 (8.0%)  loss=48.1962  avg_reward=2870.29  penalty_ratio=0.00%  eta=294.1s
2026-04-10 17:00:45 [INFO] src.pomo_trainer:   batch 60/625 (9.6%)  loss=64.1223  avg_reward=2063.89  penalty_ratio=0.00%  eta=292.4s
2026-04-10 17:00:49 [INFO] src.pomo_trainer:   batch 70/625 (11.2%)  loss=5.9440  avg_reward=401.95  penalty_ratio=0.00%  eta=279.7s
2026-04-10 17:00:55 [INFO] src.pomo_trainer:   batch 80/625 (12.8%)  loss=5.1948  avg_reward=2556.72  penalty_ratio=0.00%  eta=276.2s
2026-04-10 17:01:00 [INFO] src.pomo_trainer:   batch 90/625 (14.4%)  loss=147.1747  avg_reward=1521.97  penalty_ratio=0.00%  eta=271.6s
2026-04-10 17:01:04 [INFO] src.pomo_trainer:   batch 100/625 (16.0%)  loss=86.6418  avg_reward=1035.52  penalty_ratio=0.00%  eta=261.2s
2026-04-10 17:01:09 [INFO] src.pomo_trainer:   batch 110/625 (17.6%)  loss=-0.1093  avg_reward=3001.14  penalty_ratio=0.00%  eta=256.2s
2026-04-10 17:01:11 [INFO] src.pomo_trainer:   batch 120/625 (19.2%)  loss=-0.0000  avg_reward=69.11  penalty_ratio=0.00%  eta=238.0s
2026-04-10 17:01:15 [INFO] src.pomo_trainer:   batch 130/625 (20.8%)  loss=44.1720  avg_reward=1262.90  penalty_ratio=0.00%  eta=231.4s
2026-04-10 17:01:20 [INFO] src.pomo_trainer:   batch 140/625 (22.4%)  loss=10.5934  avg_reward=4111.28  penalty_ratio=0.00%  eta=227.3s
2026-04-10 17:01:26 [INFO] src.pomo_trainer:   batch 150/625 (24.0%)  loss=235.7289  avg_reward=3126.05  penalty_ratio=0.00%  eta=227.0s
2026-04-10 17:01:32 [INFO] src.pomo_trainer:   batch 160/625 (25.6%)  loss=119.2003  avg_reward=2410.65  penalty_ratio=0.00%  eta=228.1s
2026-04-10 17:01:37 [INFO] src.pomo_trainer:   batch 170/625 (27.2%)  loss=-1.5114  avg_reward=-9.33  penalty_ratio=0.00%  eta=221.7s
2026-04-10 17:01:42 [INFO] src.pomo_trainer:   batch 180/625 (28.8%)  loss=-5.4438  avg_reward=450.89  penalty_ratio=0.00%  eta=217.3s
2026-04-10 17:01:47 [INFO] src.pomo_trainer:   batch 190/625 (30.4%)  loss=81.8678  avg_reward=3725.22  penalty_ratio=0.00%  eta=212.0s
2026-04-10 17:01:50 [INFO] src.pomo_trainer:   batch 200/625 (32.0%)  loss=-0.0000  avg_reward=75.11  penalty_ratio=0.00%  eta=204.8s
2026-04-10 17:01:55 [INFO] src.pomo_trainer:   batch 210/625 (33.6%)  loss=-6.0562  avg_reward=4817.06  penalty_ratio=0.00%  eta=199.9s
2026-04-10 17:02:01 [INFO] src.pomo_trainer:   batch 220/625 (35.2%)  loss=55.6410  avg_reward=1790.61  penalty_ratio=0.00%  eta=197.5s
2026-04-10 17:02:07 [INFO] src.pomo_trainer:   batch 230/625 (36.8%)  loss=22.5789  avg_reward=1533.75  penalty_ratio=0.00%  eta=193.3s
2026-04-10 17:02:12 [INFO] src.pomo_trainer:   batch 240/625 (38.4%)  loss=-8.5781  avg_reward=2232.00  penalty_ratio=0.00%  eta=189.3s
2026-04-10 17:02:18 [INFO] src.pomo_trainer:   batch 250/625 (40.0%)  loss=-55.0757  avg_reward=3387.89  penalty_ratio=0.00%  eta=186.7s
2026-04-10 17:02:23 [INFO] src.pomo_trainer:   batch 260/625 (41.6%)  loss=-6.1374  avg_reward=1392.35  penalty_ratio=0.00%  eta=181.2s
2026-04-10 17:02:27 [INFO] src.pomo_trainer:   batch 270/625 (43.2%)  loss=82.7159  avg_reward=1999.81  penalty_ratio=0.00%  eta=175.2s
2026-04-10 17:02:32 [INFO] src.pomo_trainer:   batch 280/625 (44.8%)  loss=26.9211  avg_reward=1142.08  penalty_ratio=0.00%  eta=170.3s
2026-04-10 17:02:37 [INFO] src.pomo_trainer:   batch 290/625 (46.4%)  loss=-53.0173  avg_reward=2139.13  penalty_ratio=0.00%  eta=165.3s
2026-04-10 17:02:42 [INFO] src.pomo_trainer:   batch 300/625 (48.0%)  loss=74.1314  avg_reward=2117.03  penalty_ratio=0.00%  eta=160.8s
2026-04-10 17:02:48 [INFO] src.pomo_trainer:   batch 310/625 (49.6%)  loss=-38.8894  avg_reward=4135.72  penalty_ratio=0.00%  eta=156.6s
2026-04-10 17:02:55 [INFO] src.pomo_trainer:   batch 320/625 (51.2%)  loss=-17.1150  avg_reward=3592.01  penalty_ratio=0.00%  eta=153.7s
2026-04-10 17:02:59 [INFO] src.pomo_trainer:   batch 330/625 (52.8%)  loss=-2.3482  avg_reward=603.19  penalty_ratio=0.00%  eta=147.2s
2026-04-10 17:03:04 [INFO] src.pomo_trainer:   batch 340/625 (54.4%)  loss=67.8086  avg_reward=1707.70  penalty_ratio=0.00%  eta=142.6s
2026-04-10 17:03:08 [INFO] src.pomo_trainer:   batch 350/625 (56.0%)  loss=-9.9320  avg_reward=182.89  penalty_ratio=0.00%  eta=136.6s
2026-04-10 17:03:13 [INFO] src.pomo_trainer:   batch 360/625 (57.6%)  loss=-4.1340  avg_reward=5240.11  penalty_ratio=0.00%  eta=132.0s
2026-04-10 17:03:19 [INFO] src.pomo_trainer:   batch 370/625 (59.2%)  loss=82.8501  avg_reward=2357.06  penalty_ratio=0.00%  eta=127.7s
2026-04-10 17:03:25 [INFO] src.pomo_trainer:   batch 380/625 (60.8%)  loss=8.8336  avg_reward=2283.77  penalty_ratio=0.00%  eta=123.4s
2026-04-10 17:03:29 [INFO] src.pomo_trainer:   batch 390/625 (62.4%)  loss=-15.0150  avg_reward=2536.51  penalty_ratio=0.00%  eta=117.4s
2026-04-10 17:03:34 [INFO] src.pomo_trainer:   batch 400/625 (64.0%)  loss=107.0832  avg_reward=3367.72  penalty_ratio=0.00%  eta=112.5s
2026-04-10 17:03:39 [INFO] src.pomo_trainer:   batch 410/625 (65.6%)  loss=4.2151  avg_reward=629.38  penalty_ratio=0.00%  eta=107.6s
2026-04-10 17:03:45 [INFO] src.pomo_trainer:   batch 420/625 (67.2%)  loss=123.0301  avg_reward=2527.81  penalty_ratio=0.00%  eta=103.1s
2026-04-10 17:03:51 [INFO] src.pomo_trainer:   batch 430/625 (68.8%)  loss=-4.3796  avg_reward=198.31  penalty_ratio=0.00%  eta=98.3s
2026-04-10 17:03:58 [INFO] src.pomo_trainer:   batch 440/625 (70.4%)  loss=86.4680  avg_reward=2528.55  penalty_ratio=0.00%  eta=94.1s
2026-04-10 17:04:02 [INFO] src.pomo_trainer:   batch 450/625 (72.0%)  loss=124.1664  avg_reward=1822.64  penalty_ratio=0.00%  eta=88.8s
2026-04-10 17:04:08 [INFO] src.pomo_trainer:   batch 460/625 (73.6%)  loss=-4.7056  avg_reward=65.56  penalty_ratio=0.00%  eta=83.9s
2026-04-10 17:04:12 [INFO] src.pomo_trainer:   batch 470/625 (75.2%)  loss=-24.3657  avg_reward=799.70  penalty_ratio=0.00%  eta=78.6s
2026-04-10 17:04:17 [INFO] src.pomo_trainer:   batch 480/625 (76.8%)  loss=123.1438  avg_reward=2126.45  penalty_ratio=0.00%  eta=73.5s
2026-04-10 17:04:23 [INFO] src.pomo_trainer:   batch 490/625 (78.4%)  loss=-11.7678  avg_reward=3109.77  penalty_ratio=0.00%  eta=68.7s
2026-04-10 17:04:28 [INFO] src.pomo_trainer:   batch 500/625 (80.0%)  loss=-23.0187  avg_reward=4151.34  penalty_ratio=0.00%  eta=63.4s
2026-04-10 17:04:33 [INFO] src.pomo_trainer:   batch 510/625 (81.6%)  loss=-0.7707  avg_reward=-575.66  penalty_ratio=0.00%  eta=58.3s
2026-04-10 17:04:39 [INFO] src.pomo_trainer:   batch 520/625 (83.2%)  loss=-37.6229  avg_reward=2191.83  penalty_ratio=0.00%  eta=53.6s
2026-04-10 17:04:44 [INFO] src.pomo_trainer:   batch 530/625 (84.8%)  loss=-15.0760  avg_reward=4944.44  penalty_ratio=0.00%  eta=48.4s
2026-04-10 17:04:49 [INFO] src.pomo_trainer:   batch 540/625 (86.4%)  loss=-23.3513  avg_reward=2229.54  penalty_ratio=0.00%  eta=43.2s
2026-04-10 17:04:55 [INFO] src.pomo_trainer:   batch 550/625 (88.0%)  loss=56.5206  avg_reward=2018.91  penalty_ratio=0.00%  eta=38.4s
2026-04-10 17:04:59 [INFO] src.pomo_trainer:   batch 560/625 (89.6%)  loss=-6.9551  avg_reward=432.69  penalty_ratio=0.00%  eta=33.1s
2026-04-10 17:05:05 [INFO] src.pomo_trainer:   batch 570/625 (91.2%)  loss=118.0573  avg_reward=2117.99  penalty_ratio=0.00%  eta=28.1s
2026-04-10 17:05:10 [INFO] src.pomo_trainer:   batch 580/625 (92.8%)  loss=-10.9843  avg_reward=3056.36  penalty_ratio=0.00%  eta=23.0s
2026-04-10 17:05:16 [INFO] src.pomo_trainer:   batch 590/625 (94.4%)  loss=90.0782  avg_reward=1970.28  penalty_ratio=0.00%  eta=17.9s
2026-04-10 17:05:21 [INFO] src.pomo_trainer:   batch 600/625 (96.0%)  loss=71.8452  avg_reward=2277.69  penalty_ratio=0.00%  eta=12.8s
2026-04-10 17:05:26 [INFO] src.pomo_trainer:   batch 610/625 (97.6%)  loss=-0.0000  avg_reward=-149.59  penalty_ratio=0.00%  eta=7.7s
2026-04-10 17:05:31 [INFO] src.pomo_trainer:   batch 620/625 (99.2%)  loss=10.0451  avg_reward=3083.39  penalty_ratio=0.00%  eta=2.6s
2026-04-10 17:05:34 [INFO] __main__: Epoch 61  stage=main  loss=35.171261  reward=1979.60  var=230098.35  penalty=0.00%  mem_max=nan%
2026-04-10 17:05:34 [INFO] __main__: Training progress: 11/950 (1.2%)  elapsed=3004.6s  eta=256484.9s
2026-04-10 17:05:34 [INFO] __main__: 
--- Epoch 62 / 1000 ---
2026-04-10 17:05:40 [INFO] src.pomo_trainer:   batch 10/625 (1.6%)  loss=17.7320  avg_reward=2454.96  penalty_ratio=0.00%  eta=374.4s
2026-04-10 17:05:45 [INFO] src.pomo_trainer:   batch 20/625 (3.2%)  loss=0.2284  avg_reward=-668.49  penalty_ratio=0.00%  eta=324.0s
2026-04-10 17:05:49 [INFO] src.pomo_trainer:   batch 30/625 (4.8%)  loss=-2.3016  avg_reward=880.20  penalty_ratio=0.00%  eta=301.1s
2026-04-10 17:05:55 [INFO] src.pomo_trainer:   batch 40/625 (6.4%)  loss=110.4864  avg_reward=1703.62  penalty_ratio=0.00%  eta=298.8s
2026-04-10 17:06:00 [INFO] src.pomo_trainer:   batch 50/625 (8.0%)  loss=-4.5120  avg_reward=1582.07  penalty_ratio=0.00%  eta=294.9s
2026-04-10 17:06:06 [INFO] src.pomo_trainer:   batch 60/625 (9.6%)  loss=53.7913  avg_reward=1996.08  penalty_ratio=0.00%  eta=295.6s
2026-04-10 17:06:11 [INFO] src.pomo_trainer:   batch 70/625 (11.2%)  loss=100.4638  avg_reward=3361.01  penalty_ratio=0.00%  eta=289.7s
2026-04-10 17:06:17 [INFO] src.pomo_trainer:   batch 80/625 (12.8%)  loss=95.8623  avg_reward=2215.47  penalty_ratio=0.00%  eta=292.4s
2026-04-10 17:06:23 [INFO] src.pomo_trainer:   batch 90/625 (14.4%)  loss=15.5662  avg_reward=2029.87  penalty_ratio=0.00%  eta=290.0s
2026-04-10 17:06:28 [INFO] src.pomo_trainer:   batch 100/625 (16.0%)  loss=31.5124  avg_reward=1508.80  penalty_ratio=0.00%  eta=284.0s
2026-04-10 17:06:34 [INFO] src.pomo_trainer:   batch 110/625 (17.6%)  loss=18.6239  avg_reward=2959.65  penalty_ratio=0.00%  eta=280.3s
2026-04-10 17:06:39 [INFO] src.pomo_trainer:   batch 120/625 (19.2%)  loss=0.2413  avg_reward=-257.23  penalty_ratio=0.00%  eta=273.5s
2026-04-10 17:06:44 [INFO] src.pomo_trainer:   batch 130/625 (20.8%)  loss=85.4016  avg_reward=3862.21  penalty_ratio=0.00%  eta=266.3s
2026-04-10 17:06:51 [INFO] src.pomo_trainer:   batch 140/625 (22.4%)  loss=10.8142  avg_reward=2559.91  penalty_ratio=0.00%  eta=264.9s
2026-04-10 17:06:56 [INFO] src.pomo_trainer:   batch 150/625 (24.0%)  loss=-10.0901  avg_reward=2093.68  penalty_ratio=0.00%  eta=260.6s
2026-04-10 17:06:59 [INFO] src.pomo_trainer:   batch 160/625 (25.6%)  loss=-0.0100  avg_reward=-247.71  penalty_ratio=0.00%  eta=245.4s
2026-04-10 17:07:03 [INFO] src.pomo_trainer:   batch 170/625 (27.2%)  loss=82.1582  avg_reward=2711.40  penalty_ratio=0.00%  eta=236.7s
2026-04-10 17:07:08 [INFO] src.pomo_trainer:   batch 180/625 (28.8%)  loss=67.4562  avg_reward=2249.18  penalty_ratio=0.00%  eta=232.3s
2026-04-10 17:07:11 [INFO] src.pomo_trainer:   batch 190/625 (30.4%)  loss=-0.6462  avg_reward=3786.14  penalty_ratio=0.00%  eta=222.1s
2026-04-10 17:07:16 [INFO] src.pomo_trainer:   batch 200/625 (32.0%)  loss=88.6679  avg_reward=2460.52  penalty_ratio=0.00%  eta=216.8s
2026-04-10 17:07:22 [INFO] src.pomo_trainer:   batch 210/625 (33.6%)  loss=46.3776  avg_reward=1599.06  penalty_ratio=0.00%  eta=213.4s
2026-04-10 17:07:29 [INFO] src.pomo_trainer:   batch 220/625 (35.2%)  loss=21.4825  avg_reward=3164.32  penalty_ratio=0.00%  eta=210.6s
2026-04-10 17:07:34 [INFO] src.pomo_trainer:   batch 230/625 (36.8%)  loss=-5.2464  avg_reward=-78.36  penalty_ratio=0.00%  eta=205.3s
2026-04-10 17:07:38 [INFO] src.pomo_trainer:   batch 240/625 (38.4%)  loss=-0.0051  avg_reward=725.83  penalty_ratio=0.00%  eta=198.8s
2026-04-10 17:07:44 [INFO] src.pomo_trainer:   batch 250/625 (40.0%)  loss=-11.9945  avg_reward=1561.23  penalty_ratio=0.00%  eta=195.0s
2026-04-10 17:07:50 [INFO] src.pomo_trainer:   batch 260/625 (41.6%)  loss=93.9925  avg_reward=2574.13  penalty_ratio=0.00%  eta=190.5s
2026-04-10 17:07:54 [INFO] src.pomo_trainer:   batch 270/625 (43.2%)  loss=-13.9093  avg_reward=2319.87  penalty_ratio=0.00%  eta=183.3s
2026-04-10 17:07:59 [INFO] src.pomo_trainer:   batch 280/625 (44.8%)  loss=25.7908  avg_reward=2203.11  penalty_ratio=0.00%  eta=178.6s
2026-04-10 17:08:05 [INFO] src.pomo_trainer:   batch 290/625 (46.4%)  loss=68.6729  avg_reward=2316.72  penalty_ratio=0.00%  eta=174.3s
2026-04-10 17:08:11 [INFO] src.pomo_trainer:   batch 300/625 (48.0%)  loss=17.0730  avg_reward=1922.67  penalty_ratio=0.00%  eta=170.2s
2026-04-10 17:08:17 [INFO] src.pomo_trainer:   batch 310/625 (49.6%)  loss=48.7019  avg_reward=3213.43  penalty_ratio=0.00%  eta=165.1s
2026-04-10 17:08:24 [INFO] src.pomo_trainer:   batch 320/625 (51.2%)  loss=-2.7307  avg_reward=2159.22  penalty_ratio=0.00%  eta=161.5s
2026-04-10 17:08:29 [INFO] src.pomo_trainer:   batch 330/625 (52.8%)  loss=-5.3498  avg_reward=2349.06  penalty_ratio=0.00%  eta=156.3s
2026-04-10 17:08:33 [INFO] src.pomo_trainer:   batch 340/625 (54.4%)  loss=31.5020  avg_reward=1566.04  penalty_ratio=0.00%  eta=150.3s
2026-04-10 17:08:38 [INFO] src.pomo_trainer:   batch 350/625 (56.0%)  loss=-0.0076  avg_reward=57.98  penalty_ratio=0.00%  eta=144.6s
2026-04-10 17:08:44 [INFO] src.pomo_trainer:   batch 360/625 (57.6%)  loss=56.5117  avg_reward=923.82  penalty_ratio=0.00%  eta=139.9s
2026-04-10 17:08:49 [INFO] src.pomo_trainer:   batch 370/625 (59.2%)  loss=-24.8623  avg_reward=3530.89  penalty_ratio=0.00%  eta=134.6s
2026-04-10 17:08:54 [INFO] src.pomo_trainer:   batch 380/625 (60.8%)  loss=-7.6954  avg_reward=330.38  penalty_ratio=0.00%  eta=128.9s
2026-04-10 17:09:01 [INFO] src.pomo_trainer:   batch 390/625 (62.4%)  loss=-10.1514  avg_reward=546.86  penalty_ratio=0.00%  eta=124.4s
2026-04-10 17:09:06 [INFO] src.pomo_trainer:   batch 400/625 (64.0%)  loss=2.7489  avg_reward=2596.85  penalty_ratio=0.00%  eta=119.2s
2026-04-10 17:09:11 [INFO] src.pomo_trainer:   batch 410/625 (65.6%)  loss=-16.4767  avg_reward=1932.82  penalty_ratio=0.00%  eta=113.8s
2026-04-10 17:09:17 [INFO] src.pomo_trainer:   batch 420/625 (67.2%)  loss=161.4112  avg_reward=3615.78  penalty_ratio=0.00%  eta=108.6s
2026-04-10 17:09:21 [INFO] src.pomo_trainer:   batch 430/625 (68.8%)  loss=113.8405  avg_reward=3157.56  penalty_ratio=0.00%  eta=102.8s
2026-04-10 17:09:26 [INFO] src.pomo_trainer:   batch 440/625 (70.4%)  loss=64.4656  avg_reward=3772.75  penalty_ratio=0.00%  eta=97.4s
2026-04-10 17:09:31 [INFO] src.pomo_trainer:   batch 450/625 (72.0%)  loss=47.0374  avg_reward=2300.63  penalty_ratio=0.00%  eta=91.9s
2026-04-10 17:09:38 [INFO] src.pomo_trainer:   batch 460/625 (73.6%)  loss=-26.4013  avg_reward=3756.64  penalty_ratio=0.00%  eta=87.4s
2026-04-10 17:09:43 [INFO] src.pomo_trainer:   batch 470/625 (75.2%)  loss=-8.6683  avg_reward=1177.56  penalty_ratio=0.00%  eta=82.2s
2026-04-10 17:09:49 [INFO] src.pomo_trainer:   batch 480/625 (76.8%)  loss=-15.1475  avg_reward=2695.78  penalty_ratio=0.00%  eta=77.0s
2026-04-10 17:09:54 [INFO] src.pomo_trainer:   batch 490/625 (78.4%)  loss=3.2461  avg_reward=4110.78  penalty_ratio=0.00%  eta=71.6s
2026-04-10 17:10:00 [INFO] src.pomo_trainer:   batch 500/625 (80.0%)  loss=-0.6111  avg_reward=721.61  penalty_ratio=0.00%  eta=66.5s
2026-04-10 17:10:04 [INFO] src.pomo_trainer:   batch 510/625 (81.6%)  loss=58.2483  avg_reward=2271.19  penalty_ratio=0.00%  eta=60.9s
2026-04-10 17:10:08 [INFO] src.pomo_trainer:   batch 520/625 (83.2%)  loss=10.8405  avg_reward=1162.07  penalty_ratio=0.00%  eta=55.4s
2026-04-10 17:10:13 [INFO] src.pomo_trainer:   batch 530/625 (84.8%)  loss=5.4384  avg_reward=2264.99  penalty_ratio=0.00%  eta=49.9s
2026-04-10 17:10:18 [INFO] src.pomo_trainer:   batch 540/625 (86.4%)  loss=-0.0000  avg_reward=-179.31  penalty_ratio=0.00%  eta=44.6s
2026-04-10 17:10:22 [INFO] src.pomo_trainer:   batch 550/625 (88.0%)  loss=51.2056  avg_reward=2057.21  penalty_ratio=0.00%  eta=39.3s
2026-04-10 17:10:29 [INFO] src.pomo_trainer:   batch 560/625 (89.6%)  loss=-35.7097  avg_reward=4326.97  penalty_ratio=0.00%  eta=34.2s
2026-04-10 17:10:33 [INFO] src.pomo_trainer:   batch 570/625 (91.2%)  loss=115.1347  avg_reward=2744.23  penalty_ratio=0.00%  eta=28.8s
2026-04-10 17:10:38 [INFO] src.pomo_trainer:   batch 580/625 (92.8%)  loss=31.2414  avg_reward=1752.71  penalty_ratio=0.00%  eta=23.6s
2026-04-10 17:10:43 [INFO] src.pomo_trainer:   batch 590/625 (94.4%)  loss=-0.9876  avg_reward=-89.68  penalty_ratio=0.00%  eta=18.3s
2026-04-10 17:10:49 [INFO] src.pomo_trainer:   batch 600/625 (96.0%)  loss=24.4959  avg_reward=1848.89  penalty_ratio=0.00%  eta=13.1s
2026-04-10 17:10:55 [INFO] src.pomo_trainer:   batch 610/625 (97.6%)  loss=42.3034  avg_reward=1619.88  penalty_ratio=0.00%  eta=7.9s
2026-04-10 17:11:02 [INFO] src.pomo_trainer:   batch 620/625 (99.2%)  loss=-0.0577  avg_reward=52.02  penalty_ratio=0.00%  eta=2.6s
2026-04-10 17:11:05 [INFO] __main__: Epoch 62  stage=main  loss=22.416992  reward=1965.12  var=234224.22  penalty=0.00%  mem_max=nan%
2026-04-10 17:11:05 [INFO] __main__: Training progress: 12/950 (1.3%)  elapsed=3335.6s  eta=260734.7s
2026-04-10 17:11:05 [INFO] __main__: 
--- Epoch 63 / 1000 ---
2026-04-10 17:11:10 [INFO] src.pomo_trainer:   batch 10/625 (1.6%)  loss=32.1044  avg_reward=1879.55  penalty_ratio=0.00%  eta=315.8s
2026-04-10 17:11:15 [INFO] src.pomo_trainer:   batch 20/625 (3.2%)  loss=93.7124  avg_reward=3545.65  penalty_ratio=0.00%  eta=305.0s
2026-04-10 17:11:19 [INFO] src.pomo_trainer:   batch 30/625 (4.8%)  loss=-1.4723  avg_reward=806.25  penalty_ratio=0.00%  eta=282.5s
2026-04-10 17:11:25 [INFO] src.pomo_trainer:   batch 40/625 (6.4%)  loss=43.4212  avg_reward=2539.82  penalty_ratio=0.00%  eta=285.0s
2026-04-10 17:11:30 [INFO] src.pomo_trainer:   batch 50/625 (8.0%)  loss=43.0358  avg_reward=1938.68  penalty_ratio=0.00%  eta=291.7s
2026-04-10 17:11:35 [INFO] src.pomo_trainer:   batch 60/625 (9.6%)  loss=98.1600  avg_reward=1773.85  penalty_ratio=0.00%  eta=282.8s
2026-04-10 17:11:41 [INFO] src.pomo_trainer:   batch 70/625 (11.2%)  loss=-26.8910  avg_reward=1635.80  penalty_ratio=0.00%  eta=283.5s
2026-04-10 17:11:46 [INFO] src.pomo_trainer:   batch 80/625 (12.8%)  loss=-21.7895  avg_reward=1929.16  penalty_ratio=0.00%  eta=278.8s
2026-04-10 17:11:52 [INFO] src.pomo_trainer:   batch 90/625 (14.4%)  loss=-10.5995  avg_reward=1949.55  penalty_ratio=0.00%  eta=280.9s
2026-04-10 17:11:58 [INFO] src.pomo_trainer:   batch 100/625 (16.0%)  loss=-103.7727  avg_reward=2035.98  penalty_ratio=0.00%  eta=277.8s
2026-04-10 17:12:05 [INFO] src.pomo_trainer:   batch 110/625 (17.6%)  loss=31.6919  avg_reward=3478.50  penalty_ratio=0.00%  eta=278.7s
2026-04-10 17:12:11 [INFO] src.pomo_trainer:   batch 120/625 (19.2%)  loss=135.5102  avg_reward=3128.05  penalty_ratio=0.00%  eta=276.5s
2026-04-10 17:12:15 [INFO] src.pomo_trainer:   batch 130/625 (20.8%)  loss=-27.8385  avg_reward=3701.67  penalty_ratio=0.00%  eta=266.2s
2026-04-10 17:12:21 [INFO] src.pomo_trainer:   batch 140/625 (22.4%)  loss=20.3425  avg_reward=1632.05  penalty_ratio=0.00%  eta=261.1s
2026-04-10 17:12:26 [INFO] src.pomo_trainer:   batch 150/625 (24.0%)  loss=-33.7736  avg_reward=3747.88  penalty_ratio=0.00%  eta=256.6s
2026-04-10 17:12:32 [INFO] src.pomo_trainer:   batch 160/625 (25.6%)  loss=41.3287  avg_reward=2447.38  penalty_ratio=0.00%  eta=252.8s
2026-04-10 17:12:37 [INFO] src.pomo_trainer:   batch 170/625 (27.2%)  loss=34.2029  avg_reward=2227.98  penalty_ratio=0.00%  eta=247.1s
2026-04-10 17:12:43 [INFO] src.pomo_trainer:   batch 180/625 (28.8%)  loss=80.7553  avg_reward=1767.18  penalty_ratio=0.00%  eta=241.5s
2026-04-10 17:12:48 [INFO] src.pomo_trainer:   batch 190/625 (30.4%)  loss=-0.5758  avg_reward=2205.11  penalty_ratio=0.00%  eta=236.4s
2026-04-10 17:12:53 [INFO] src.pomo_trainer:   batch 200/625 (32.0%)  loss=-10.4233  avg_reward=882.53  penalty_ratio=0.00%  eta=229.4s
2026-04-10 17:12:59 [INFO] src.pomo_trainer:   batch 210/625 (33.6%)  loss=69.5901  avg_reward=2474.55  penalty_ratio=0.00%  eta=225.7s
2026-04-10 17:13:04 [INFO] src.pomo_trainer:   batch 220/625 (35.2%)  loss=60.4970  avg_reward=2762.32  penalty_ratio=0.00%  eta=218.3s
2026-04-10 17:13:08 [INFO] src.pomo_trainer:   batch 230/625 (36.8%)  loss=-10.3924  avg_reward=4105.91  penalty_ratio=0.00%  eta=211.6s
2026-04-10 17:13:13 [INFO] src.pomo_trainer:   batch 240/625 (38.4%)  loss=-19.7475  avg_reward=2126.42  penalty_ratio=0.00%  eta=205.2s
2026-04-10 17:13:18 [INFO] src.pomo_trainer:   batch 250/625 (40.0%)  loss=-6.3540  avg_reward=299.80  penalty_ratio=0.00%  eta=199.9s
2026-04-10 17:13:23 [INFO] src.pomo_trainer:   batch 260/625 (41.6%)  loss=72.8818  avg_reward=2960.51  penalty_ratio=0.00%  eta=193.0s
2026-04-10 17:13:29 [INFO] src.pomo_trainer:   batch 270/625 (43.2%)  loss=-17.1047  avg_reward=4164.11  penalty_ratio=0.00%  eta=189.1s
2026-04-10 17:13:35 [INFO] src.pomo_trainer:   batch 280/625 (44.8%)  loss=52.2085  avg_reward=2884.23  penalty_ratio=0.00%  eta=185.1s
2026-04-10 17:13:40 [INFO] src.pomo_trainer:   batch 290/625 (46.4%)  loss=91.4437  avg_reward=2498.72  penalty_ratio=0.00%  eta=178.8s
2026-04-10 17:13:45 [INFO] src.pomo_trainer:   batch 300/625 (48.0%)  loss=-2.1545  avg_reward=2299.08  penalty_ratio=0.00%  eta=173.3s
2026-04-10 17:13:50 [INFO] src.pomo_trainer:   batch 310/625 (49.6%)  loss=13.9167  avg_reward=833.77  penalty_ratio=0.00%  eta=167.3s
2026-04-10 17:13:55 [INFO] src.pomo_trainer:   batch 320/625 (51.2%)  loss=12.3895  avg_reward=1747.92  penalty_ratio=0.00%  eta=161.9s
2026-04-10 17:14:00 [INFO] src.pomo_trainer:   batch 330/625 (52.8%)  loss=-13.5284  avg_reward=3558.63  penalty_ratio=0.00%  eta=156.5s
2026-04-10 17:14:06 [INFO] src.pomo_trainer:   batch 340/625 (54.4%)  loss=-38.4330  avg_reward=4413.45  penalty_ratio=0.00%  eta=151.7s
2026-04-10 17:14:11 [INFO] src.pomo_trainer:   batch 350/625 (56.0%)  loss=26.0319  avg_reward=3922.85  penalty_ratio=0.00%  eta=146.0s
2026-04-10 17:14:17 [INFO] src.pomo_trainer:   batch 360/625 (57.6%)  loss=-28.9906  avg_reward=1169.16  penalty_ratio=0.00%  eta=141.2s
2026-04-10 17:14:21 [INFO] src.pomo_trainer:   batch 370/625 (59.2%)  loss=96.6191  avg_reward=3676.37  penalty_ratio=0.00%  eta=135.2s
2026-04-10 17:14:27 [INFO] src.pomo_trainer:   batch 380/625 (60.8%)  loss=52.7750  avg_reward=1308.80  penalty_ratio=0.00%  eta=129.9s
2026-04-10 17:14:34 [INFO] src.pomo_trainer:   batch 390/625 (62.4%)  loss=0.1737  avg_reward=2465.29  penalty_ratio=0.00%  eta=125.7s
2026-04-10 17:14:38 [INFO] src.pomo_trainer:   batch 400/625 (64.0%)  loss=-0.0585  avg_reward=-430.23  penalty_ratio=0.00%  eta=119.8s
2026-04-10 17:14:44 [INFO] src.pomo_trainer:   batch 410/625 (65.6%)  loss=-0.0000  avg_reward=-550.20  penalty_ratio=0.00%  eta=114.8s
2026-04-10 17:14:48 [INFO] src.pomo_trainer:   batch 420/625 (67.2%)  loss=0.3931  avg_reward=126.99  penalty_ratio=0.00%  eta=108.7s
2026-04-10 17:14:53 [INFO] src.pomo_trainer:   batch 430/625 (68.8%)  loss=-32.5518  avg_reward=1366.91  penalty_ratio=0.00%  eta=103.1s
2026-04-10 17:14:57 [INFO] src.pomo_trainer:   batch 440/625 (70.4%)  loss=-3.0193  avg_reward=2341.07  penalty_ratio=0.00%  eta=97.5s
2026-04-10 17:15:03 [INFO] src.pomo_trainer:   batch 450/625 (72.0%)  loss=209.5815  avg_reward=1267.45  penalty_ratio=0.00%  eta=92.5s
2026-04-10 17:15:09 [INFO] src.pomo_trainer:   batch 460/625 (73.6%)  loss=65.3736  avg_reward=1997.78  penalty_ratio=0.00%  eta=87.3s
2026-04-10 17:15:13 [INFO] src.pomo_trainer:   batch 470/625 (75.2%)  loss=44.7130  avg_reward=1559.60  penalty_ratio=0.00%  eta=81.9s
2026-04-10 17:15:17 [INFO] src.pomo_trainer:   batch 480/625 (76.8%)  loss=13.3891  avg_reward=3286.28  penalty_ratio=0.00%  eta=76.1s
2026-04-10 17:15:23 [INFO] src.pomo_trainer:   batch 490/625 (78.4%)  loss=-2.4591  avg_reward=566.97  penalty_ratio=0.00%  eta=70.9s
2026-04-10 17:15:27 [INFO] src.pomo_trainer:   batch 500/625 (80.0%)  loss=52.4936  avg_reward=1696.43  penalty_ratio=0.00%  eta=65.4s
2026-04-10 17:15:32 [INFO] src.pomo_trainer:   batch 510/625 (81.6%)  loss=-24.4581  avg_reward=691.29  penalty_ratio=0.00%  eta=60.2s
2026-04-10 17:15:38 [INFO] src.pomo_trainer:   batch 520/625 (83.2%)  loss=-3.9534  avg_reward=908.93  penalty_ratio=0.00%  eta=55.1s
2026-04-10 17:15:42 [INFO] src.pomo_trainer:   batch 530/625 (84.8%)  loss=-7.6709  avg_reward=2536.17  penalty_ratio=0.00%  eta=49.6s
2026-04-10 17:15:47 [INFO] src.pomo_trainer:   batch 540/625 (86.4%)  loss=10.4106  avg_reward=660.42  penalty_ratio=0.00%  eta=44.3s
2026-04-10 17:15:53 [INFO] src.pomo_trainer:   batch 550/625 (88.0%)  loss=128.0863  avg_reward=1982.89  penalty_ratio=0.00%  eta=39.2s
2026-04-10 17:15:58 [INFO] src.pomo_trainer:   batch 560/625 (89.6%)  loss=-0.0003  avg_reward=-282.15  penalty_ratio=0.00%  eta=33.9s
2026-04-10 17:16:03 [INFO] src.pomo_trainer:   batch 570/625 (91.2%)  loss=9.6701  avg_reward=2090.48  penalty_ratio=0.00%  eta=28.7s
2026-04-10 17:16:09 [INFO] src.pomo_trainer:   batch 580/625 (92.8%)  loss=122.6541  avg_reward=3523.87  penalty_ratio=0.00%  eta=23.6s
2026-04-10 17:16:16 [INFO] src.pomo_trainer:   batch 590/625 (94.4%)  loss=27.2823  avg_reward=2640.35  penalty_ratio=0.00%  eta=18.4s
2026-04-10 17:16:21 [INFO] src.pomo_trainer:   batch 600/625 (96.0%)  loss=9.8060  avg_reward=5354.53  penalty_ratio=0.00%  eta=13.2s
2026-04-10 17:16:26 [INFO] src.pomo_trainer:   batch 610/625 (97.6%)  loss=31.8947  avg_reward=3836.95  penalty_ratio=0.00%  eta=7.9s
2026-04-10 17:16:30 [INFO] src.pomo_trainer:   batch 620/625 (99.2%)  loss=29.7106  avg_reward=5147.23  penalty_ratio=0.00%  eta=2.6s
2026-04-10 17:16:33 [INFO] __main__: Epoch 63  stage=main  loss=28.700305  reward=2006.58  var=235513.60  penalty=0.00%  mem_max=nan%
2026-04-10 17:16:33 [INFO] __main__: Training progress: 13/950 (1.4%)  elapsed=3663.6s  eta=264064.1s
2026-04-10 17:16:33 [INFO] __main__: 
--- Epoch 64 / 1000 ---
2026-04-10 17:16:37 [INFO] src.pomo_trainer:   batch 10/625 (1.6%)  loss=-19.7389  avg_reward=486.21  penalty_ratio=0.00%  eta=253.0s
2026-04-10 17:16:41 [INFO] src.pomo_trainer:   batch 20/625 (3.2%)  loss=107.3023  avg_reward=2559.36  penalty_ratio=0.00%  eta=250.7s
2026-04-10 17:16:47 [INFO] src.pomo_trainer:   batch 30/625 (4.8%)  loss=1.4188  avg_reward=5311.07  penalty_ratio=0.00%  eta=274.9s
2026-04-10 17:16:52 [INFO] src.pomo_trainer:   batch 40/625 (6.4%)  loss=-35.7275  avg_reward=287.45  penalty_ratio=0.00%  eta=275.7s
2026-04-10 17:16:57 [INFO] src.pomo_trainer:   batch 50/625 (8.0%)  loss=-12.1509  avg_reward=3642.84  penalty_ratio=0.00%  eta=279.8s
2026-04-10 17:17:05 [INFO] src.pomo_trainer:   batch 60/625 (9.6%)  loss=49.8679  avg_reward=2052.54  penalty_ratio=0.00%  eta=304.6s
2026-04-10 17:17:10 [INFO] src.pomo_trainer:   batch 70/625 (11.2%)  loss=-0.0000  avg_reward=-149.14  penalty_ratio=0.00%  eta=288.8s
2026-04-10 17:17:13 [INFO] src.pomo_trainer:   batch 80/625 (12.8%)  loss=75.9453  avg_reward=2473.58  penalty_ratio=0.00%  eta=273.9s
2026-04-10 17:17:20 [INFO] src.pomo_trainer:   batch 90/625 (14.4%)  loss=5.2778  avg_reward=2407.72  penalty_ratio=0.00%  eta=280.1s
2026-04-10 17:17:23 [INFO] src.pomo_trainer:   batch 100/625 (16.0%)  loss=-0.0000  avg_reward=-1229.63  penalty_ratio=0.00%  eta=260.2s
2026-04-10 17:17:27 [INFO] src.pomo_trainer:   batch 110/625 (17.6%)  loss=170.5750  avg_reward=3080.97  penalty_ratio=0.00%  eta=252.1s
2026-04-10 17:17:32 [INFO] src.pomo_trainer:   batch 120/625 (19.2%)  loss=124.8851  avg_reward=2447.72  penalty_ratio=0.00%  eta=245.9s
2026-04-10 17:17:35 [INFO] src.pomo_trainer:   batch 130/625 (20.8%)  loss=7.4877  avg_reward=2738.18  penalty_ratio=0.00%  eta=234.2s
2026-04-10 17:17:39 [INFO] src.pomo_trainer:   batch 140/625 (22.4%)  loss=-0.0000  avg_reward=-1129.58  penalty_ratio=0.00%  eta=229.3s
2026-04-10 17:17:45 [INFO] src.pomo_trainer:   batch 150/625 (24.0%)  loss=131.4653  avg_reward=2254.37  penalty_ratio=0.00%  eta=228.6s
2026-04-10 17:17:50 [INFO] src.pomo_trainer:   batch 160/625 (25.6%)  loss=-2.1859  avg_reward=226.25  penalty_ratio=0.00%  eta=224.6s
2026-04-10 17:17:57 [INFO] src.pomo_trainer:   batch 170/625 (27.2%)  loss=74.7939  avg_reward=1769.00  penalty_ratio=0.00%  eta=223.9s
2026-04-10 17:18:02 [INFO] src.pomo_trainer:   batch 180/625 (28.8%)  loss=113.9757  avg_reward=2149.06  penalty_ratio=0.00%  eta=218.8s
2026-04-10 17:18:07 [INFO] src.pomo_trainer:   batch 190/625 (30.4%)  loss=125.3848  avg_reward=2569.09  penalty_ratio=0.00%  eta=215.5s
2026-04-10 17:18:11 [INFO] src.pomo_trainer:   batch 200/625 (32.0%)  loss=68.3398  avg_reward=1894.34  penalty_ratio=0.00%  eta=208.5s
2026-04-10 17:18:15 [INFO] src.pomo_trainer:   batch 210/625 (33.6%)  loss=-12.0399  avg_reward=111.69  penalty_ratio=0.00%  eta=200.4s
2026-04-10 17:18:21 [INFO] src.pomo_trainer:   batch 220/625 (35.2%)  loss=94.8921  avg_reward=1707.09  penalty_ratio=0.00%  eta=198.6s
2026-04-10 17:18:26 [INFO] src.pomo_trainer:   batch 230/625 (36.8%)  loss=-4.2159  avg_reward=237.33  penalty_ratio=0.00%  eta=193.7s
2026-04-10 17:18:29 [INFO] src.pomo_trainer:   batch 240/625 (38.4%)  loss=1.4918  avg_reward=-1000.70  penalty_ratio=0.00%  eta=185.5s
2026-04-10 17:18:33 [INFO] src.pomo_trainer:   batch 250/625 (40.0%)  loss=-13.7204  avg_reward=1911.04  penalty_ratio=0.00%  eta=179.1s
2026-04-10 17:18:38 [INFO] src.pomo_trainer:   batch 260/625 (41.6%)  loss=-27.5703  avg_reward=4052.22  penalty_ratio=0.00%  eta=175.4s
2026-04-10 17:18:43 [INFO] src.pomo_trainer:   batch 270/625 (43.2%)  loss=2.0843  avg_reward=680.26  penalty_ratio=0.00%  eta=170.7s
2026-04-10 17:18:49 [INFO] src.pomo_trainer:   batch 280/625 (44.8%)  loss=4.3570  avg_reward=847.58  penalty_ratio=0.00%  eta=167.0s
2026-04-10 17:18:53 [INFO] src.pomo_trainer:   batch 290/625 (46.4%)  loss=-5.7925  avg_reward=3661.37  penalty_ratio=0.00%  eta=161.2s
2026-04-10 17:18:55 [INFO] src.pomo_trainer:   batch 300/625 (48.0%)  loss=61.8517  avg_reward=1753.01  penalty_ratio=0.00%  eta=154.1s
2026-04-10 17:19:01 [INFO] src.pomo_trainer:   batch 310/625 (49.6%)  loss=9.8144  avg_reward=450.88  penalty_ratio=0.00%  eta=150.0s
2026-04-10 17:19:06 [INFO] src.pomo_trainer:   batch 320/625 (51.2%)  loss=-15.4559  avg_reward=3176.23  penalty_ratio=0.00%  eta=145.7s
2026-04-10 17:19:11 [INFO] src.pomo_trainer:   batch 330/625 (52.8%)  loss=36.2483  avg_reward=1459.71  penalty_ratio=0.00%  eta=141.3s
2026-04-10 17:19:15 [INFO] src.pomo_trainer:   batch 340/625 (54.4%)  loss=79.9178  avg_reward=2378.30  penalty_ratio=0.00%  eta=135.7s
2026-04-10 17:19:19 [INFO] src.pomo_trainer:   batch 350/625 (56.0%)  loss=-0.0039  avg_reward=99.17  penalty_ratio=0.00%  eta=130.0s
2026-04-10 17:19:23 [INFO] src.pomo_trainer:   batch 360/625 (57.6%)  loss=-0.0000  avg_reward=-1219.98  penalty_ratio=0.00%  eta=125.0s
2026-04-10 17:19:29 [INFO] src.pomo_trainer:   batch 370/625 (59.2%)  loss=4.3342  avg_reward=2180.87  penalty_ratio=0.00%  eta=121.0s
2026-04-10 17:19:35 [INFO] src.pomo_trainer:   batch 380/625 (60.8%)  loss=36.5716  avg_reward=1383.75  penalty_ratio=0.00%  eta=117.0s
2026-04-10 17:19:40 [INFO] src.pomo_trainer:   batch 390/625 (62.4%)  loss=46.3146  avg_reward=1956.00  penalty_ratio=0.00%  eta=112.8s
2026-04-10 17:19:44 [INFO] src.pomo_trainer:   batch 400/625 (64.0%)  loss=-5.9852  avg_reward=-334.68  penalty_ratio=0.00%  eta=107.6s
2026-04-10 17:19:50 [INFO] src.pomo_trainer:   batch 410/625 (65.6%)  loss=16.9497  avg_reward=2706.10  penalty_ratio=0.00%  eta=103.2s
2026-04-10 17:19:55 [INFO] src.pomo_trainer:   batch 420/625 (67.2%)  loss=102.4184  avg_reward=2802.33  penalty_ratio=0.00%  eta=98.4s
2026-04-10 17:20:01 [INFO] src.pomo_trainer:   batch 430/625 (68.8%)  loss=-5.1774  avg_reward=1059.18  penalty_ratio=0.00%  eta=94.1s
2026-04-10 17:20:06 [INFO] src.pomo_trainer:   batch 440/625 (70.4%)  loss=141.1060  avg_reward=2675.17  penalty_ratio=0.00%  eta=89.4s
2026-04-10 17:20:11 [INFO] src.pomo_trainer:   batch 450/625 (72.0%)  loss=64.1339  avg_reward=1654.82  penalty_ratio=0.00%  eta=84.8s
2026-04-10 17:20:16 [INFO] src.pomo_trainer:   batch 460/625 (73.6%)  loss=69.3508  avg_reward=3255.89  penalty_ratio=0.00%  eta=79.8s
2026-04-10 17:20:22 [INFO] src.pomo_trainer:   batch 470/625 (75.2%)  loss=99.6169  avg_reward=2057.83  penalty_ratio=0.00%  eta=75.5s
2026-04-10 17:20:26 [INFO] src.pomo_trainer:   batch 480/625 (76.8%)  loss=50.3707  avg_reward=1640.69  penalty_ratio=0.00%  eta=70.2s
2026-04-10 17:20:31 [INFO] src.pomo_trainer:   batch 490/625 (78.4%)  loss=-2.2303  avg_reward=636.68  penalty_ratio=0.00%  eta=65.5s
2026-04-10 17:20:36 [INFO] src.pomo_trainer:   batch 500/625 (80.0%)  loss=44.7392  avg_reward=2761.79  penalty_ratio=0.00%  eta=60.7s
2026-04-10 17:20:41 [INFO] src.pomo_trainer:   batch 510/625 (81.6%)  loss=4.1665  avg_reward=1870.02  penalty_ratio=0.00%  eta=55.9s
2026-04-10 17:20:47 [INFO] src.pomo_trainer:   batch 520/625 (83.2%)  loss=19.6833  avg_reward=1508.69  penalty_ratio=0.00%  eta=51.3s
2026-04-10 17:20:52 [INFO] src.pomo_trainer:   batch 530/625 (84.8%)  loss=114.3261  avg_reward=2861.97  penalty_ratio=0.00%  eta=46.4s
2026-04-10 17:20:57 [INFO] src.pomo_trainer:   batch 540/625 (86.4%)  loss=157.1994  avg_reward=2461.45  penalty_ratio=0.00%  eta=41.5s
2026-04-10 17:21:03 [INFO] src.pomo_trainer:   batch 550/625 (88.0%)  loss=86.4198  avg_reward=2701.13  penalty_ratio=0.00%  eta=36.7s
2026-04-10 17:21:08 [INFO] src.pomo_trainer:   batch 560/625 (89.6%)  loss=80.4481  avg_reward=2196.38  penalty_ratio=0.00%  eta=31.9s
2026-04-10 17:21:12 [INFO] src.pomo_trainer:   batch 570/625 (91.2%)  loss=111.0644  avg_reward=3266.53  penalty_ratio=0.00%  eta=26.9s
2026-04-10 17:21:19 [INFO] src.pomo_trainer:   batch 580/625 (92.8%)  loss=152.4735  avg_reward=3161.95  penalty_ratio=0.00%  eta=22.2s
2026-04-10 17:21:25 [INFO] src.pomo_trainer:   batch 590/625 (94.4%)  loss=76.1305  avg_reward=2356.35  penalty_ratio=0.00%  eta=17.3s
2026-04-10 17:21:31 [INFO] src.pomo_trainer:   batch 600/625 (96.0%)  loss=10.2286  avg_reward=4297.90  penalty_ratio=0.00%  eta=12.4s
2026-04-10 17:21:35 [INFO] src.pomo_trainer:   batch 610/625 (97.6%)  loss=-0.9022  avg_reward=-256.21  penalty_ratio=0.00%  eta=7.4s
2026-04-10 17:21:40 [INFO] src.pomo_trainer:   batch 620/625 (99.2%)  loss=166.7406  avg_reward=2487.59  penalty_ratio=0.00%  eta=2.5s
2026-04-10 17:21:43 [INFO] __main__: Epoch 64  stage=main  loss=33.612589  reward=1847.82  var=207740.42  penalty=0.00%  mem_max=nan%
2026-04-10 17:21:43 [INFO] __main__: Training progress: 14/950 (1.5%)  elapsed=3973.3s  eta=265645.7s
2026-04-10 17:21:43 [INFO] __main__: 
--- Epoch 65 / 1000 ---
2026-04-10 17:21:49 [INFO] src.pomo_trainer:   batch 10/625 (1.6%)  loss=158.6143  avg_reward=2772.84  penalty_ratio=0.00%  eta=350.1s
2026-04-10 17:21:53 [INFO] src.pomo_trainer:   batch 20/625 (3.2%)  loss=17.6510  avg_reward=1131.17  penalty_ratio=0.00%  eta=303.0s
2026-04-10 17:21:57 [INFO] src.pomo_trainer:   batch 30/625 (4.8%)  loss=-0.3742  avg_reward=2162.74  penalty_ratio=0.00%  eta=287.4s
2026-04-10 17:22:03 [INFO] src.pomo_trainer:   batch 40/625 (6.4%)  loss=110.8136  avg_reward=2510.91  penalty_ratio=0.00%  eta=297.4s
2026-04-10 17:22:09 [INFO] src.pomo_trainer:   batch 50/625 (8.0%)  loss=142.4086  avg_reward=4080.30  penalty_ratio=0.00%  eta=295.3s
2026-04-10 17:22:14 [INFO] src.pomo_trainer:   batch 60/625 (9.6%)  loss=19.0423  avg_reward=279.81  penalty_ratio=0.00%  eta=290.7s
2026-04-10 17:22:20 [INFO] src.pomo_trainer:   batch 70/625 (11.2%)  loss=5.6700  avg_reward=1106.51  penalty_ratio=0.00%  eta=295.2s
2026-04-10 17:22:25 [INFO] src.pomo_trainer:   batch 80/625 (12.8%)  loss=15.5077  avg_reward=2346.85  penalty_ratio=0.00%  eta=290.1s
2026-04-10 17:22:31 [INFO] src.pomo_trainer:   batch 90/625 (14.4%)  loss=71.0464  avg_reward=3310.36  penalty_ratio=0.00%  eta=286.5s
2026-04-10 17:22:37 [INFO] src.pomo_trainer:   batch 100/625 (16.0%)  loss=136.2752  avg_reward=2934.70  penalty_ratio=0.00%  eta=286.2s
2026-04-10 17:22:42 [INFO] src.pomo_trainer:   batch 110/625 (17.6%)  loss=12.8060  avg_reward=1237.92  penalty_ratio=0.00%  eta=278.5s
2026-04-10 17:22:48 [INFO] src.pomo_trainer:   batch 120/625 (19.2%)  loss=0.1688  avg_reward=57.50  penalty_ratio=0.00%  eta=273.3s
2026-04-10 17:22:53 [INFO] src.pomo_trainer:   batch 130/625 (20.8%)  loss=-2.3123  avg_reward=556.37  penalty_ratio=0.00%  eta=265.5s
2026-04-10 17:22:57 [INFO] src.pomo_trainer:   batch 140/625 (22.4%)  loss=11.2304  avg_reward=4532.86  penalty_ratio=0.00%  eta=257.3s
2026-04-10 17:23:03 [INFO] src.pomo_trainer:   batch 150/625 (24.0%)  loss=-1.3836  avg_reward=25.60  penalty_ratio=0.00%  eta=253.7s
2026-04-10 17:23:09 [INFO] src.pomo_trainer:   batch 160/625 (25.6%)  loss=-0.0000  avg_reward=-1188.11  penalty_ratio=0.00%  eta=249.3s
2026-04-10 17:23:13 [INFO] src.pomo_trainer:   batch 170/625 (27.2%)  loss=15.6864  avg_reward=1883.26  penalty_ratio=0.00%  eta=242.4s
2026-04-10 17:23:19 [INFO] src.pomo_trainer:   batch 180/625 (28.8%)  loss=78.5012  avg_reward=2323.22  penalty_ratio=0.00%  eta=238.0s
2026-04-10 17:23:25 [INFO] src.pomo_trainer:   batch 190/625 (30.4%)  loss=163.0370  avg_reward=2259.90  penalty_ratio=0.00%  eta=234.2s
2026-04-10 17:23:29 [INFO] src.pomo_trainer:   batch 200/625 (32.0%)  loss=18.7248  avg_reward=655.64  penalty_ratio=0.00%  eta=225.2s
2026-04-10 17:23:35 [INFO] src.pomo_trainer:   batch 210/625 (33.6%)  loss=-9.2434  avg_reward=2145.73  penalty_ratio=0.00%  eta=220.7s
2026-04-10 17:23:40 [INFO] src.pomo_trainer:   batch 220/625 (35.2%)  loss=-17.0247  avg_reward=4254.83  penalty_ratio=0.00%  eta=216.5s
2026-04-10 17:23:46 [INFO] src.pomo_trainer:   batch 230/625 (36.8%)  loss=16.5138  avg_reward=4330.19  penalty_ratio=0.00%  eta=212.4s
2026-04-10 17:23:52 [INFO] src.pomo_trainer:   batch 240/625 (38.4%)  loss=108.5389  avg_reward=3214.78  penalty_ratio=0.00%  eta=207.5s
2026-04-10 17:23:55 [INFO] src.pomo_trainer:   batch 250/625 (40.0%)  loss=-8.7362  avg_reward=5370.80  penalty_ratio=0.00%  eta=198.8s
2026-04-10 17:24:00 [INFO] src.pomo_trainer:   batch 260/625 (41.6%)  loss=-7.8719  avg_reward=2538.66  penalty_ratio=0.00%  eta=193.1s
2026-04-10 17:24:04 [INFO] src.pomo_trainer:   batch 270/625 (43.2%)  loss=117.4320  avg_reward=1333.15  penalty_ratio=0.00%  eta=185.2s
2026-04-10 17:24:09 [INFO] src.pomo_trainer:   batch 280/625 (44.8%)  loss=0.3624  avg_reward=567.02  penalty_ratio=0.00%  eta=179.8s
2026-04-10 17:24:14 [INFO] src.pomo_trainer:   batch 290/625 (46.4%)  loss=75.7664  avg_reward=2673.36  penalty_ratio=0.00%  eta=175.1s
2026-04-10 17:24:18 [INFO] src.pomo_trainer:   batch 300/625 (48.0%)  loss=-22.9470  avg_reward=4401.07  penalty_ratio=0.00%  eta=168.5s
2026-04-10 17:24:24 [INFO] src.pomo_trainer:   batch 310/625 (49.6%)  loss=-9.1314  avg_reward=4137.16  penalty_ratio=0.00%  eta=164.2s
2026-04-10 17:24:29 [INFO] src.pomo_trainer:   batch 320/625 (51.2%)  loss=0.0010  avg_reward=-265.13  penalty_ratio=0.00%  eta=158.5s
2026-04-10 17:24:33 [INFO] src.pomo_trainer:   batch 330/625 (52.8%)  loss=-14.1904  avg_reward=3751.50  penalty_ratio=0.00%  eta=151.7s
2026-04-10 17:24:38 [INFO] src.pomo_trainer:   batch 340/625 (54.4%)  loss=-16.8747  avg_reward=2095.75  penalty_ratio=0.00%  eta=147.0s
2026-04-10 17:24:43 [INFO] src.pomo_trainer:   batch 350/625 (56.0%)  loss=-20.1267  avg_reward=3609.75  penalty_ratio=0.00%  eta=141.4s
2026-04-10 17:24:48 [INFO] src.pomo_trainer:   batch 360/625 (57.6%)  loss=61.9192  avg_reward=2579.15  penalty_ratio=0.00%  eta=136.2s
2026-04-10 17:24:53 [INFO] src.pomo_trainer:   batch 370/625 (59.2%)  loss=-0.0000  avg_reward=82.52  penalty_ratio=0.00%  eta=131.0s
2026-04-10 17:24:59 [INFO] src.pomo_trainer:   batch 380/625 (60.8%)  loss=7.5976  avg_reward=1987.92  penalty_ratio=0.00%  eta=126.6s
2026-04-10 17:25:02 [INFO] src.pomo_trainer:   batch 390/625 (62.4%)  loss=-0.0000  avg_reward=-164.96  penalty_ratio=0.00%  eta=120.2s
2026-04-10 17:25:09 [INFO] src.pomo_trainer:   batch 400/625 (64.0%)  loss=70.6715  avg_reward=2218.56  penalty_ratio=0.00%  eta=116.2s
2026-04-10 17:25:13 [INFO] src.pomo_trainer:   batch 410/625 (65.6%)  loss=0.1609  avg_reward=-746.14  penalty_ratio=0.00%  eta=110.4s
2026-04-10 17:25:18 [INFO] src.pomo_trainer:   batch 420/625 (67.2%)  loss=11.1229  avg_reward=2808.88  penalty_ratio=0.00%  eta=105.2s
2026-04-10 17:25:25 [INFO] src.pomo_trainer:   batch 430/625 (68.8%)  loss=-3.0916  avg_reward=2661.92  penalty_ratio=0.00%  eta=100.9s
2026-04-10 17:25:31 [INFO] src.pomo_trainer:   batch 440/625 (70.4%)  loss=-41.4520  avg_reward=5356.94  penalty_ratio=0.00%  eta=96.0s
2026-04-10 17:25:36 [INFO] src.pomo_trainer:   batch 450/625 (72.0%)  loss=-39.8336  avg_reward=4298.95  penalty_ratio=0.00%  eta=90.7s
2026-04-10 17:25:43 [INFO] src.pomo_trainer:   batch 460/625 (73.6%)  loss=69.0457  avg_reward=2578.29  penalty_ratio=0.00%  eta=86.1s
2026-04-10 17:25:48 [INFO] src.pomo_trainer:   batch 470/625 (75.2%)  loss=8.3092  avg_reward=2531.48  penalty_ratio=0.00%  eta=80.9s
2026-04-10 17:25:54 [INFO] src.pomo_trainer:   batch 480/625 (76.8%)  loss=-30.3497  avg_reward=2085.26  penalty_ratio=0.00%  eta=75.9s
2026-04-10 17:26:00 [INFO] src.pomo_trainer:   batch 490/625 (78.4%)  loss=79.8656  avg_reward=3538.27  penalty_ratio=0.00%  eta=70.9s
2026-04-10 17:26:04 [INFO] src.pomo_trainer:   batch 500/625 (80.0%)  loss=18.1921  avg_reward=1203.11  penalty_ratio=0.00%  eta=65.4s
2026-04-10 17:26:11 [INFO] src.pomo_trainer:   batch 510/625 (81.6%)  loss=-34.1637  avg_reward=2497.50  penalty_ratio=0.00%  eta=60.5s
2026-04-10 17:26:17 [INFO] src.pomo_trainer:   batch 520/625 (83.2%)  loss=-14.4493  avg_reward=476.30  penalty_ratio=0.00%  eta=55.4s
2026-04-10 17:26:24 [INFO] src.pomo_trainer:   batch 530/625 (84.8%)  loss=23.7320  avg_reward=2511.15  penalty_ratio=0.00%  eta=50.4s
2026-04-10 17:26:29 [INFO] src.pomo_trainer:   batch 540/625 (86.4%)  loss=-0.0000  avg_reward=-1308.01  penalty_ratio=0.00%  eta=45.1s
2026-04-10 17:26:34 [INFO] src.pomo_trainer:   batch 550/625 (88.0%)  loss=-18.0214  avg_reward=2022.23  penalty_ratio=0.00%  eta=39.7s
2026-04-10 17:26:40 [INFO] src.pomo_trainer:   batch 560/625 (89.6%)  loss=0.0000  avg_reward=-366.79  penalty_ratio=0.00%  eta=34.5s
2026-04-10 17:26:42 [INFO] src.pomo_trainer:   batch 570/625 (91.2%)  loss=95.1327  avg_reward=3700.92  penalty_ratio=0.00%  eta=28.9s
2026-04-10 17:26:48 [INFO] src.pomo_trainer:   batch 580/625 (92.8%)  loss=56.3360  avg_reward=3817.73  penalty_ratio=0.00%  eta=23.6s
2026-04-10 17:26:52 [INFO] src.pomo_trainer:   batch 590/625 (94.4%)  loss=0.6933  avg_reward=-137.32  penalty_ratio=0.00%  eta=18.4s
2026-04-10 17:26:58 [INFO] src.pomo_trainer:   batch 600/625 (96.0%)  loss=-49.3681  avg_reward=4798.02  penalty_ratio=0.00%  eta=13.1s
2026-04-10 17:27:04 [INFO] src.pomo_trainer:   batch 610/625 (97.6%)  loss=70.6280  avg_reward=2313.85  penalty_ratio=0.00%  eta=7.9s
2026-04-10 17:27:08 [INFO] src.pomo_trainer:   batch 620/625 (99.2%)  loss=126.5997  avg_reward=3613.08  penalty_ratio=0.00%  eta=2.6s
2026-04-10 17:27:11 [INFO] __main__: Epoch 65  stage=main  loss=30.303193  reward=2002.40  var=236006.51  penalty=0.00%  mem_max=nan%
2026-04-10 17:27:11 [INFO] __main__: Training progress: 15/950 (1.6%)  elapsed=4301.9s  eta=268151.8s
2026-04-10 17:27:27 [INFO] __main__: Validation reward (all stages): 1314.3604
2026-04-10 17:27:27 [INFO] __main__: 
--- Epoch 66 / 1000 ---
2026-04-10 17:27:33 [INFO] src.pomo_trainer:   batch 10/625 (1.6%)  loss=-43.0230  avg_reward=1954.13  penalty_ratio=0.00%  eta=371.2s
2026-04-10 17:27:39 [INFO] src.pomo_trainer:   batch 20/625 (3.2%)  loss=105.3398  avg_reward=2153.95  penalty_ratio=0.00%  eta=364.4s
2026-04-10 17:27:42 [INFO] src.pomo_trainer:   batch 30/625 (4.8%)  loss=85.3419  avg_reward=1001.35  penalty_ratio=0.00%  eta=306.3s
2026-04-10 17:27:47 [INFO] src.pomo_trainer:   batch 40/625 (6.4%)  loss=-7.3123  avg_reward=2311.49  penalty_ratio=0.00%  eta=304.2s
2026-04-10 17:27:52 [INFO] src.pomo_trainer:   batch 50/625 (8.0%)  loss=-22.9715  avg_reward=1963.11  penalty_ratio=0.00%  eta=289.9s
2026-04-10 17:27:58 [INFO] src.pomo_trainer:   batch 60/625 (9.6%)  loss=101.0517  avg_reward=2970.26  penalty_ratio=0.00%  eta=293.6s
2026-04-10 17:28:03 [INFO] src.pomo_trainer:   batch 70/625 (11.2%)  loss=0.4990  avg_reward=616.48  penalty_ratio=0.00%  eta=293.2s
2026-04-10 17:28:06 [INFO] src.pomo_trainer:   batch 80/625 (12.8%)  loss=2.1942  avg_reward=773.94  penalty_ratio=0.00%  eta=267.1s
2026-04-10 17:28:10 [INFO] src.pomo_trainer:   batch 90/625 (14.4%)  loss=38.9491  avg_reward=2469.98  penalty_ratio=0.00%  eta=259.7s
2026-04-10 17:28:16 [INFO] src.pomo_trainer:   batch 100/625 (16.0%)  loss=-30.8492  avg_reward=2534.62  penalty_ratio=0.00%  eta=261.8s
2026-04-10 17:28:22 [INFO] src.pomo_trainer:   batch 110/625 (17.6%)  loss=73.5355  avg_reward=2226.07  penalty_ratio=0.00%  eta=258.3s
2026-04-10 17:28:26 [INFO] src.pomo_trainer:   batch 120/625 (19.2%)  loss=-10.2285  avg_reward=984.20  penalty_ratio=0.00%  eta=251.6s
2026-04-10 17:28:32 [INFO] src.pomo_trainer:   batch 130/625 (20.8%)  loss=-32.7339  avg_reward=3999.26  penalty_ratio=0.00%  eta=249.4s
2026-04-10 17:28:37 [INFO] src.pomo_trainer:   batch 140/625 (22.4%)  loss=41.5292  avg_reward=1975.77  penalty_ratio=0.00%  eta=244.2s
2026-04-10 17:28:42 [INFO] src.pomo_trainer:   batch 150/625 (24.0%)  loss=-40.1191  avg_reward=2119.69  penalty_ratio=0.00%  eta=240.5s
2026-04-10 17:28:47 [INFO] src.pomo_trainer:   batch 160/625 (25.6%)  loss=-0.0000  avg_reward=-169.85  penalty_ratio=0.00%  eta=235.0s
2026-04-10 17:28:54 [INFO] src.pomo_trainer:   batch 170/625 (27.2%)  loss=33.3050  avg_reward=2615.28  penalty_ratio=0.00%  eta=233.0s
2026-04-10 17:28:58 [INFO] src.pomo_trainer:   batch 180/625 (28.8%)  loss=-17.8231  avg_reward=2083.83  penalty_ratio=0.00%  eta=225.2s
2026-04-10 17:29:04 [INFO] src.pomo_trainer:   batch 190/625 (30.4%)  loss=5.6432  avg_reward=3179.44  penalty_ratio=0.00%  eta=224.1s
2026-04-10 17:29:10 [INFO] src.pomo_trainer:   batch 200/625 (32.0%)  loss=67.5472  avg_reward=2139.23  penalty_ratio=0.00%  eta=219.3s
2026-04-10 17:29:15 [INFO] src.pomo_trainer:   batch 210/625 (33.6%)  loss=-56.4550  avg_reward=3617.76  penalty_ratio=0.00%  eta=214.3s
2026-04-10 17:29:20 [INFO] src.pomo_trainer:   batch 220/625 (35.2%)  loss=124.7474  avg_reward=1221.44  penalty_ratio=0.00%  eta=208.1s
2026-04-10 17:29:24 [INFO] src.pomo_trainer:   batch 230/625 (36.8%)  loss=-1.2749  avg_reward=-551.58  penalty_ratio=0.00%  eta=201.4s
2026-04-10 17:29:30 [INFO] src.pomo_trainer:   batch 240/625 (38.4%)  loss=34.7791  avg_reward=4476.16  penalty_ratio=0.00%  eta=197.7s
2026-04-10 17:29:34 [INFO] src.pomo_trainer:   batch 250/625 (40.0%)  loss=-8.9143  avg_reward=518.16  penalty_ratio=0.00%  eta=191.7s
2026-04-10 17:29:39 [INFO] src.pomo_trainer:   batch 260/625 (41.6%)  loss=-19.1068  avg_reward=816.65  penalty_ratio=0.00%  eta=186.4s
2026-04-10 17:29:46 [INFO] src.pomo_trainer:   batch 270/625 (43.2%)  loss=71.5166  avg_reward=2515.79  penalty_ratio=0.00%  eta=183.7s
2026-04-10 17:29:53 [INFO] src.pomo_trainer:   batch 280/625 (44.8%)  loss=73.5418  avg_reward=2450.83  penalty_ratio=0.00%  eta=180.9s
2026-04-10 17:29:58 [INFO] src.pomo_trainer:   batch 290/625 (46.4%)  loss=-0.8497  avg_reward=-305.66  penalty_ratio=0.00%  eta=174.7s
2026-04-10 17:30:02 [INFO] src.pomo_trainer:   batch 300/625 (48.0%)  loss=-57.3593  avg_reward=2747.55  penalty_ratio=0.00%  eta=168.0s
2026-04-10 17:30:07 [INFO] src.pomo_trainer:   batch 310/625 (49.6%)  loss=39.1152  avg_reward=1821.26  penalty_ratio=0.00%  eta=163.2s
2026-04-10 17:30:11 [INFO] src.pomo_trainer:   batch 320/625 (51.2%)  loss=83.2350  avg_reward=1972.89  penalty_ratio=0.00%  eta=156.4s
2026-04-10 17:30:15 [INFO] src.pomo_trainer:   batch 330/625 (52.8%)  loss=17.3824  avg_reward=1453.28  penalty_ratio=0.00%  eta=150.9s
2026-04-10 17:30:20 [INFO] src.pomo_trainer:   batch 340/625 (54.4%)  loss=-12.0969  avg_reward=3963.59  penalty_ratio=0.00%  eta=145.6s
2026-04-10 17:30:26 [INFO] src.pomo_trainer:   batch 350/625 (56.0%)  loss=121.6572  avg_reward=3449.82  penalty_ratio=0.00%  eta=140.9s
2026-04-10 17:30:32 [INFO] src.pomo_trainer:   batch 360/625 (57.6%)  loss=9.8759  avg_reward=1495.32  penalty_ratio=0.00%  eta=136.4s
2026-04-10 17:30:37 [INFO] src.pomo_trainer:   batch 370/625 (59.2%)  loss=106.1170  avg_reward=3513.86  penalty_ratio=0.00%  eta=131.1s
2026-04-10 17:30:40 [INFO] src.pomo_trainer:   batch 380/625 (60.8%)  loss=-7.3384  avg_reward=1174.45  penalty_ratio=0.00%  eta=124.7s
2026-04-10 17:30:45 [INFO] src.pomo_trainer:   batch 390/625 (62.4%)  loss=-0.2846  avg_reward=14.17  penalty_ratio=0.00%  eta=119.4s
2026-04-10 17:30:48 [INFO] src.pomo_trainer:   batch 400/625 (64.0%)  loss=-0.0948  avg_reward=-395.26  penalty_ratio=0.00%  eta=113.6s
2026-04-10 17:30:53 [INFO] src.pomo_trainer:   batch 410/625 (65.6%)  loss=74.9701  avg_reward=2456.86  penalty_ratio=0.00%  eta=108.3s
2026-04-10 17:31:00 [INFO] src.pomo_trainer:   batch 420/625 (67.2%)  loss=9.9113  avg_reward=773.70  penalty_ratio=0.00%  eta=104.0s
2026-04-10 17:31:05 [INFO] src.pomo_trainer:   batch 430/625 (68.8%)  loss=-4.1671  avg_reward=1885.03  penalty_ratio=0.00%  eta=99.0s
2026-04-10 17:31:10 [INFO] src.pomo_trainer:   batch 440/625 (70.4%)  loss=117.3563  avg_reward=2774.85  penalty_ratio=0.00%  eta=93.8s
2026-04-10 17:31:16 [INFO] src.pomo_trainer:   batch 450/625 (72.0%)  loss=55.8951  avg_reward=2465.24  penalty_ratio=0.00%  eta=89.3s
2026-04-10 17:31:21 [INFO] src.pomo_trainer:   batch 460/625 (73.6%)  loss=40.8644  avg_reward=2255.99  penalty_ratio=0.00%  eta=84.0s
2026-04-10 17:31:25 [INFO] src.pomo_trainer:   batch 470/625 (75.2%)  loss=0.6111  avg_reward=2263.72  penalty_ratio=0.00%  eta=78.5s
2026-04-10 17:31:30 [INFO] src.pomo_trainer:   batch 480/625 (76.8%)  loss=82.7628  avg_reward=2116.65  penalty_ratio=0.00%  eta=73.6s
2026-04-10 17:31:35 [INFO] src.pomo_trainer:   batch 490/625 (78.4%)  loss=0.0537  avg_reward=-439.26  penalty_ratio=0.00%  eta=68.5s
2026-04-10 17:31:41 [INFO] src.pomo_trainer:   batch 500/625 (80.0%)  loss=-4.0607  avg_reward=2303.95  penalty_ratio=0.00%  eta=63.6s
2026-04-10 17:31:46 [INFO] src.pomo_trainer:   batch 510/625 (81.6%)  loss=2.3870  avg_reward=579.09  penalty_ratio=0.00%  eta=58.4s
2026-04-10 17:31:50 [INFO] src.pomo_trainer:   batch 520/625 (83.2%)  loss=-8.3807  avg_reward=1692.69  penalty_ratio=0.00%  eta=53.2s
2026-04-10 17:31:56 [INFO] src.pomo_trainer:   batch 530/625 (84.8%)  loss=-17.7922  avg_reward=3587.63  penalty_ratio=0.00%  eta=48.3s
2026-04-10 17:32:02 [INFO] src.pomo_trainer:   batch 540/625 (86.4%)  loss=-2.1843  avg_reward=4459.99  penalty_ratio=0.00%  eta=43.4s
2026-04-10 17:32:06 [INFO] src.pomo_trainer:   batch 550/625 (88.0%)  loss=-10.2949  avg_reward=669.64  penalty_ratio=0.00%  eta=38.1s
2026-04-10 17:32:12 [INFO] src.pomo_trainer:   batch 560/625 (89.6%)  loss=-0.2380  avg_reward=664.85  penalty_ratio=0.00%  eta=33.2s
2026-04-10 17:32:17 [INFO] src.pomo_trainer:   batch 570/625 (91.2%)  loss=36.0555  avg_reward=2721.07  penalty_ratio=0.00%  eta=28.0s
2026-04-10 17:32:22 [INFO] src.pomo_trainer:   batch 580/625 (92.8%)  loss=70.1011  avg_reward=2016.27  penalty_ratio=0.00%  eta=22.9s
2026-04-10 17:32:26 [INFO] src.pomo_trainer:   batch 590/625 (94.4%)  loss=3.5897  avg_reward=749.53  penalty_ratio=0.00%  eta=17.7s
2026-04-10 17:32:30 [INFO] src.pomo_trainer:   batch 600/625 (96.0%)  loss=2.2684  avg_reward=631.98  penalty_ratio=0.00%  eta=12.6s
2026-04-10 17:32:34 [INFO] src.pomo_trainer:   batch 610/625 (97.6%)  loss=153.8400  avg_reward=2526.93  penalty_ratio=0.00%  eta=7.6s
2026-04-10 17:32:40 [INFO] src.pomo_trainer:   batch 620/625 (99.2%)  loss=10.4610  avg_reward=726.17  penalty_ratio=0.00%  eta=2.5s
2026-04-10 17:32:44 [INFO] __main__: Epoch 66  stage=main  loss=23.001220  reward=1892.73  var=236452.36  penalty=0.00%  mem_max=nan%
2026-04-10 17:32:44 [INFO] __main__: Training progress: 16/950 (1.7%)  elapsed=4634.4s  eta=270532.0s
2026-04-10 17:32:44 [INFO] __main__: 
--- Epoch 67 / 1000 ---
2026-04-10 17:32:48 [INFO] src.pomo_trainer:   batch 10/625 (1.6%)  loss=35.2408  avg_reward=1457.46  penalty_ratio=0.00%  eta=276.4s
2026-04-10 17:32:54 [INFO] src.pomo_trainer:   batch 20/625 (3.2%)  loss=95.8481  avg_reward=2559.08  penalty_ratio=0.00%  eta=292.1s
2026-04-10 17:33:00 [INFO] src.pomo_trainer:   batch 30/625 (4.8%)  loss=-11.9775  avg_reward=1590.97  penalty_ratio=0.00%  eta=319.4s
2026-04-10 17:33:05 [INFO] src.pomo_trainer:   batch 40/625 (6.4%)  loss=68.5839  avg_reward=2960.58  penalty_ratio=0.00%  eta=313.1s
2026-04-10 17:33:11 [INFO] src.pomo_trainer:   batch 50/625 (8.0%)  loss=-0.0000  avg_reward=-554.64  penalty_ratio=0.00%  eta=308.1s
2026-04-10 17:33:15 [INFO] src.pomo_trainer:   batch 60/625 (9.6%)  loss=13.3439  avg_reward=1571.33  penalty_ratio=0.00%  eta=290.2s
2026-04-10 17:33:20 [INFO] src.pomo_trainer:   batch 70/625 (11.2%)  loss=-7.1993  avg_reward=4174.62  penalty_ratio=0.00%  eta=282.9s
2026-04-10 17:33:25 [INFO] src.pomo_trainer:   batch 80/625 (12.8%)  loss=-57.0014  avg_reward=4509.84  penalty_ratio=0.00%  eta=279.0s
2026-04-10 17:33:31 [INFO] src.pomo_trainer:   batch 90/625 (14.4%)  loss=70.2511  avg_reward=2794.89  penalty_ratio=0.00%  eta=279.6s
2026-04-10 17:33:38 [INFO] src.pomo_trainer:   batch 100/625 (16.0%)  loss=52.6865  avg_reward=2664.82  penalty_ratio=0.00%  eta=285.2s
2026-04-10 17:33:43 [INFO] src.pomo_trainer:   batch 110/625 (17.6%)  loss=73.9508  avg_reward=2369.66  penalty_ratio=0.00%  eta=276.5s
2026-04-10 17:33:48 [INFO] src.pomo_trainer:   batch 120/625 (19.2%)  loss=-2.0548  avg_reward=984.33  penalty_ratio=0.00%  eta=269.2s
2026-04-10 17:33:54 [INFO] src.pomo_trainer:   batch 130/625 (20.8%)  loss=-8.6582  avg_reward=4200.42  penalty_ratio=0.00%  eta=265.7s
2026-04-10 17:33:58 [INFO] src.pomo_trainer:   batch 140/625 (22.4%)  loss=73.8929  avg_reward=1673.36  penalty_ratio=0.00%  eta=258.4s
2026-04-10 17:34:04 [INFO] src.pomo_trainer:   batch 150/625 (24.0%)  loss=62.7170  avg_reward=1777.67  penalty_ratio=0.00%  eta=255.0s
2026-04-10 17:34:09 [INFO] src.pomo_trainer:   batch 160/625 (25.6%)  loss=-0.0000  avg_reward=110.89  penalty_ratio=0.00%  eta=248.4s
2026-04-10 17:34:14 [INFO] src.pomo_trainer:   batch 170/625 (27.2%)  loss=60.1088  avg_reward=1923.82  penalty_ratio=0.00%  eta=240.2s
2026-04-10 17:34:19 [INFO] src.pomo_trainer:   batch 180/625 (28.8%)  loss=1.6001  avg_reward=149.97  penalty_ratio=0.00%  eta=236.1s
2026-04-10 17:34:25 [INFO] src.pomo_trainer:   batch 190/625 (30.4%)  loss=-9.2358  avg_reward=3694.43  penalty_ratio=0.00%  eta=231.1s
2026-04-10 17:34:30 [INFO] src.pomo_trainer:   batch 200/625 (32.0%)  loss=-63.3465  avg_reward=3766.16  penalty_ratio=0.00%  eta=226.3s
2026-04-10 17:34:34 [INFO] src.pomo_trainer:   batch 210/625 (33.6%)  loss=80.7715  avg_reward=2338.49  penalty_ratio=0.00%  eta=217.9s
2026-04-10 17:34:38 [INFO] src.pomo_trainer:   batch 220/625 (35.2%)  loss=70.6245  avg_reward=2321.65  penalty_ratio=0.00%  eta=209.4s
2026-04-10 17:34:42 [INFO] src.pomo_trainer:   batch 230/625 (36.8%)  loss=-0.7460  avg_reward=2129.07  penalty_ratio=0.00%  eta=203.3s
2026-04-10 17:34:49 [INFO] src.pomo_trainer:   batch 240/625 (38.4%)  loss=-27.6445  avg_reward=3340.42  penalty_ratio=0.00%  eta=200.0s
2026-04-10 17:34:54 [INFO] src.pomo_trainer:   batch 250/625 (40.0%)  loss=-27.8807  avg_reward=1876.09  penalty_ratio=0.00%  eta=195.4s
2026-04-10 17:35:00 [INFO] src.pomo_trainer:   batch 260/625 (41.6%)  loss=-23.9691  avg_reward=3245.63  penalty_ratio=0.00%  eta=191.5s
2026-04-10 17:35:05 [INFO] src.pomo_trainer:   batch 270/625 (43.2%)  loss=31.6127  avg_reward=1646.28  penalty_ratio=0.00%  eta=185.4s
2026-04-10 17:35:11 [INFO] src.pomo_trainer:   batch 280/625 (44.8%)  loss=1.6732  avg_reward=1155.04  penalty_ratio=0.00%  eta=180.9s
2026-04-10 17:35:16 [INFO] src.pomo_trainer:   batch 290/625 (46.4%)  loss=-28.0027  avg_reward=747.72  penalty_ratio=0.00%  eta=175.9s
2026-04-10 17:35:22 [INFO] src.pomo_trainer:   batch 300/625 (48.0%)  loss=73.9242  avg_reward=2448.92  penalty_ratio=0.00%  eta=171.2s
2026-04-10 17:35:26 [INFO] src.pomo_trainer:   batch 310/625 (49.6%)  loss=-23.9858  avg_reward=2639.46  penalty_ratio=0.00%  eta=165.0s
2026-04-10 17:35:31 [INFO] src.pomo_trainer:   batch 320/625 (51.2%)  loss=-18.5219  avg_reward=2575.71  penalty_ratio=0.00%  eta=158.8s
2026-04-10 17:35:35 [INFO] src.pomo_trainer:   batch 330/625 (52.8%)  loss=0.0032  avg_reward=-272.62  penalty_ratio=0.00%  eta=153.0s
2026-04-10 17:35:39 [INFO] src.pomo_trainer:   batch 340/625 (54.4%)  loss=-18.1030  avg_reward=1079.22  penalty_ratio=0.00%  eta=147.1s
2026-04-10 17:35:44 [INFO] src.pomo_trainer:   batch 350/625 (56.0%)  loss=55.7189  avg_reward=1559.23  penalty_ratio=0.00%  eta=141.8s
2026-04-10 17:35:50 [INFO] src.pomo_trainer:   batch 360/625 (57.6%)  loss=-22.4264  avg_reward=2678.12  penalty_ratio=0.00%  eta=136.7s
2026-04-10 17:35:55 [INFO] src.pomo_trainer:   batch 370/625 (59.2%)  loss=-0.5637  avg_reward=-565.84  penalty_ratio=0.00%  eta=131.6s
2026-04-10 17:36:01 [INFO] src.pomo_trainer:   batch 380/625 (60.8%)  loss=60.5658  avg_reward=2148.38  penalty_ratio=0.00%  eta=127.0s
2026-04-10 17:36:05 [INFO] src.pomo_trainer:   batch 390/625 (62.4%)  loss=-14.1901  avg_reward=1447.70  penalty_ratio=0.00%  eta=120.9s
2026-04-10 17:36:09 [INFO] src.pomo_trainer:   batch 400/625 (64.0%)  loss=11.5010  avg_reward=2194.55  penalty_ratio=0.00%  eta=115.6s
2026-04-10 17:36:13 [INFO] src.pomo_trainer:   batch 410/625 (65.6%)  loss=-0.0000  avg_reward=-1145.79  penalty_ratio=0.00%  eta=109.9s
2026-04-10 17:36:18 [INFO] src.pomo_trainer:   batch 420/625 (67.2%)  loss=138.9101  avg_reward=2416.58  penalty_ratio=0.00%  eta=104.7s
2026-04-10 17:36:23 [INFO] src.pomo_trainer:   batch 430/625 (68.8%)  loss=-9.4969  avg_reward=1046.21  penalty_ratio=0.00%  eta=99.5s
2026-04-10 17:36:28 [INFO] src.pomo_trainer:   batch 440/625 (70.4%)  loss=-9.1919  avg_reward=1280.45  penalty_ratio=0.00%  eta=94.1s
2026-04-10 17:36:32 [INFO] src.pomo_trainer:   batch 450/625 (72.0%)  loss=116.6111  avg_reward=2370.95  penalty_ratio=0.00%  eta=88.8s
2026-04-10 17:36:38 [INFO] src.pomo_trainer:   batch 460/625 (73.6%)  loss=-0.3690  avg_reward=-293.77  penalty_ratio=0.00%  eta=84.0s
2026-04-10 17:36:43 [INFO] src.pomo_trainer:   batch 470/625 (75.2%)  loss=85.3693  avg_reward=1410.41  penalty_ratio=0.00%  eta=78.9s
2026-04-10 17:36:47 [INFO] src.pomo_trainer:   batch 480/625 (76.8%)  loss=27.1390  avg_reward=889.82  penalty_ratio=0.00%  eta=73.4s
2026-04-10 17:36:51 [INFO] src.pomo_trainer:   batch 490/625 (78.4%)  loss=62.8827  avg_reward=3277.15  penalty_ratio=0.00%  eta=68.1s
2026-04-10 17:36:57 [INFO] src.pomo_trainer:   batch 500/625 (80.0%)  loss=27.8814  avg_reward=2577.09  penalty_ratio=0.00%  eta=63.2s
2026-04-10 17:37:02 [INFO] src.pomo_trainer:   batch 510/625 (81.6%)  loss=231.6800  avg_reward=3007.91  penalty_ratio=0.00%  eta=58.3s
2026-04-10 17:37:06 [INFO] src.pomo_trainer:   batch 520/625 (83.2%)  loss=78.5110  avg_reward=1809.70  penalty_ratio=0.00%  eta=53.0s
2026-04-10 17:37:11 [INFO] src.pomo_trainer:   batch 530/625 (84.8%)  loss=45.3289  avg_reward=2702.35  penalty_ratio=0.00%  eta=47.9s
2026-04-10 17:37:16 [INFO] src.pomo_trainer:   batch 540/625 (86.4%)  loss=205.5802  avg_reward=2745.30  penalty_ratio=0.00%  eta=42.9s
2026-04-10 17:37:23 [INFO] src.pomo_trainer:   batch 550/625 (88.0%)  loss=-27.6201  avg_reward=5277.23  penalty_ratio=0.00%  eta=38.0s
2026-04-10 17:37:29 [INFO] src.pomo_trainer:   batch 560/625 (89.6%)  loss=84.9414  avg_reward=2488.03  penalty_ratio=0.00%  eta=33.1s
2026-04-10 17:37:34 [INFO] src.pomo_trainer:   batch 570/625 (91.2%)  loss=0.0414  avg_reward=-239.54  penalty_ratio=0.00%  eta=28.0s
2026-04-10 17:37:40 [INFO] src.pomo_trainer:   batch 580/625 (92.8%)  loss=61.6447  avg_reward=1717.82  penalty_ratio=0.00%  eta=22.9s
2026-04-10 17:37:44 [INFO] src.pomo_trainer:   batch 590/625 (94.4%)  loss=49.6796  avg_reward=3420.64  penalty_ratio=0.00%  eta=17.8s
2026-04-10 17:37:51 [INFO] src.pomo_trainer:   batch 600/625 (96.0%)  loss=65.8175  avg_reward=2838.76  penalty_ratio=0.00%  eta=12.8s
2026-04-10 17:37:56 [INFO] src.pomo_trainer:   batch 610/625 (97.6%)  loss=-37.9123  avg_reward=4033.84  penalty_ratio=0.00%  eta=7.7s
2026-04-10 17:38:01 [INFO] src.pomo_trainer:   batch 620/625 (99.2%)  loss=-12.9734  avg_reward=444.35  penalty_ratio=0.00%  eta=2.6s
2026-04-10 17:38:04 [INFO] __main__: Epoch 67  stage=main  loss=20.780419  reward=1903.14  var=209179.23  penalty=0.00%  mem_max=nan%
2026-04-10 17:38:04 [INFO] __main__: Training progress: 17/950 (1.8%)  elapsed=4954.0s  eta=271889.0s
2026-04-10 17:38:04 [INFO] __main__: 
--- Epoch 68 / 1000 ---
2026-04-10 17:38:09 [INFO] src.pomo_trainer:   batch 10/625 (1.6%)  loss=90.6959  avg_reward=2494.43  penalty_ratio=0.00%  eta=326.7s
2026-04-10 17:38:14 [INFO] src.pomo_trainer:   batch 20/625 (3.2%)  loss=-3.3524  avg_reward=4049.28  penalty_ratio=0.00%  eta=316.1s
2026-04-10 17:38:20 [INFO] src.pomo_trainer:   batch 30/625 (4.8%)  loss=42.2946  avg_reward=2018.24  penalty_ratio=0.00%  eta=332.8s
2026-04-10 17:38:24 [INFO] src.pomo_trainer:   batch 40/625 (6.4%)  loss=-16.0247  avg_reward=302.45  penalty_ratio=0.00%  eta=294.0s
2026-04-10 17:38:28 [INFO] src.pomo_trainer:   batch 50/625 (8.0%)  loss=-23.5160  avg_reward=2249.49  penalty_ratio=0.00%  eta=282.9s
2026-04-10 17:38:34 [INFO] src.pomo_trainer:   batch 60/625 (9.6%)  loss=20.4307  avg_reward=1871.51  penalty_ratio=0.00%  eta=289.3s
2026-04-10 17:38:40 [INFO] src.pomo_trainer:   batch 70/625 (11.2%)  loss=-0.0413  avg_reward=630.95  penalty_ratio=0.00%  eta=287.9s
2026-04-10 17:38:47 [INFO] src.pomo_trainer:   batch 80/625 (12.8%)  loss=-26.0682  avg_reward=2854.97  penalty_ratio=0.00%  eta=292.8s
2026-04-10 17:38:52 [INFO] src.pomo_trainer:   batch 90/625 (14.4%)  loss=-2.7153  avg_reward=1319.04  penalty_ratio=0.00%  eta=287.6s
2026-04-10 17:38:58 [INFO] src.pomo_trainer:   batch 100/625 (16.0%)  loss=16.9596  avg_reward=2128.65  penalty_ratio=0.00%  eta=286.4s
2026-04-10 17:39:02 [INFO] src.pomo_trainer:   batch 110/625 (17.6%)  loss=-5.6007  avg_reward=2218.74  penalty_ratio=0.00%  eta=272.5s
2026-04-10 17:39:08 [INFO] src.pomo_trainer:   batch 120/625 (19.2%)  loss=39.9182  avg_reward=2107.90  penalty_ratio=0.00%  eta=269.6s
2026-04-10 17:39:14 [INFO] src.pomo_trainer:   batch 130/625 (20.8%)  loss=79.0582  avg_reward=2353.60  penalty_ratio=0.00%  eta=268.1s
2026-04-10 17:39:20 [INFO] src.pomo_trainer:   batch 140/625 (22.4%)  loss=-23.8368  avg_reward=2187.25  penalty_ratio=0.00%  eta=265.3s
2026-04-10 17:39:25 [INFO] src.pomo_trainer:   batch 150/625 (24.0%)  loss=-9.4100  avg_reward=133.98  penalty_ratio=0.00%  eta=256.8s
2026-04-10 17:39:31 [INFO] src.pomo_trainer:   batch 160/625 (25.6%)  loss=49.8506  avg_reward=1937.84  penalty_ratio=0.00%  eta=253.4s
2026-04-10 17:39:35 [INFO] src.pomo_trainer:   batch 170/625 (27.2%)  loss=164.5495  avg_reward=2063.96  penalty_ratio=0.00%  eta=244.6s
2026-04-10 17:39:40 [INFO] src.pomo_trainer:   batch 180/625 (28.8%)  loss=-5.7349  avg_reward=493.31  penalty_ratio=0.00%  eta=239.4s
2026-04-10 17:39:45 [INFO] src.pomo_trainer:   batch 190/625 (30.4%)  loss=0.2205  avg_reward=704.44  penalty_ratio=0.00%  eta=232.0s
2026-04-10 17:39:51 [INFO] src.pomo_trainer:   batch 200/625 (32.0%)  loss=-16.0959  avg_reward=1252.42  penalty_ratio=0.00%  eta=227.4s
2026-04-10 17:39:55 [INFO] src.pomo_trainer:   batch 210/625 (33.6%)  loss=54.1680  avg_reward=1802.79  penalty_ratio=0.00%  eta=221.0s
2026-04-10 17:40:01 [INFO] src.pomo_trainer:   batch 220/625 (35.2%)  loss=25.3175  avg_reward=2451.28  penalty_ratio=0.00%  eta=215.5s
2026-04-10 17:40:05 [INFO] src.pomo_trainer:   batch 230/625 (36.8%)  loss=-15.1001  avg_reward=961.90  penalty_ratio=0.00%  eta=209.0s
2026-04-10 17:40:11 [INFO] src.pomo_trainer:   batch 240/625 (38.4%)  loss=-69.8717  avg_reward=2633.66  penalty_ratio=0.00%  eta=203.7s
2026-04-10 17:40:14 [INFO] src.pomo_trainer:   batch 250/625 (40.0%)  loss=-35.5925  avg_reward=2068.39  penalty_ratio=0.00%  eta=196.1s
2026-04-10 17:40:19 [INFO] src.pomo_trainer:   batch 260/625 (41.6%)  loss=41.0060  avg_reward=2120.61  penalty_ratio=0.00%  eta=189.9s
2026-04-10 17:40:23 [INFO] src.pomo_trainer:   batch 270/625 (43.2%)  loss=-13.8421  avg_reward=738.72  penalty_ratio=0.00%  eta=182.9s
2026-04-10 17:40:27 [INFO] src.pomo_trainer:   batch 280/625 (44.8%)  loss=-29.3811  avg_reward=1120.48  penalty_ratio=0.00%  eta=176.5s
2026-04-10 17:40:32 [INFO] src.pomo_trainer:   batch 290/625 (46.4%)  loss=122.2518  avg_reward=2186.84  penalty_ratio=0.00%  eta=171.4s
2026-04-10 17:40:39 [INFO] src.pomo_trainer:   batch 300/625 (48.0%)  loss=182.9977  avg_reward=2682.93  penalty_ratio=0.00%  eta=168.2s
2026-04-10 17:40:45 [INFO] src.pomo_trainer:   batch 310/625 (49.6%)  loss=97.6055  avg_reward=2611.08  penalty_ratio=0.00%  eta=163.6s
2026-04-10 17:40:51 [INFO] src.pomo_trainer:   batch 320/625 (51.2%)  loss=112.4076  avg_reward=3336.99  penalty_ratio=0.00%  eta=159.7s
2026-04-10 17:40:57 [INFO] src.pomo_trainer:   batch 330/625 (52.8%)  loss=2.6061  avg_reward=1468.40  penalty_ratio=0.00%  eta=155.2s
2026-04-10 17:41:04 [INFO] src.pomo_trainer:   batch 340/625 (54.4%)  loss=-2.7846  avg_reward=2436.85  penalty_ratio=0.00%  eta=151.1s
2026-04-10 17:41:09 [INFO] src.pomo_trainer:   batch 350/625 (56.0%)  loss=109.4510  avg_reward=2630.94  penalty_ratio=0.00%  eta=146.0s
2026-04-10 17:41:15 [INFO] src.pomo_trainer:   batch 360/625 (57.6%)  loss=-10.8161  avg_reward=2112.44  penalty_ratio=0.00%  eta=141.1s
2026-04-10 17:41:20 [INFO] src.pomo_trainer:   batch 370/625 (59.2%)  loss=-11.3206  avg_reward=566.85  penalty_ratio=0.00%  eta=135.7s
2026-04-10 17:41:25 [INFO] src.pomo_trainer:   batch 380/625 (60.8%)  loss=-20.8039  avg_reward=1646.73  penalty_ratio=0.00%  eta=130.1s
2026-04-10 17:41:31 [INFO] src.pomo_trainer:   batch 390/625 (62.4%)  loss=-15.4277  avg_reward=2667.78  penalty_ratio=0.00%  eta=124.7s
2026-04-10 17:41:34 [INFO] src.pomo_trainer:   batch 400/625 (64.0%)  loss=-59.1404  avg_reward=2474.67  penalty_ratio=0.00%  eta=118.5s
2026-04-10 17:41:40 [INFO] src.pomo_trainer:   batch 410/625 (65.6%)  loss=84.6657  avg_reward=2700.74  penalty_ratio=0.00%  eta=113.8s
2026-04-10 17:41:46 [INFO] src.pomo_trainer:   batch 420/625 (67.2%)  loss=16.7087  avg_reward=1998.48  penalty_ratio=0.00%  eta=108.8s
2026-04-10 17:41:53 [INFO] src.pomo_trainer:   batch 430/625 (68.8%)  loss=-7.6238  avg_reward=3118.81  penalty_ratio=0.00%  eta=104.0s
2026-04-10 17:41:56 [INFO] src.pomo_trainer:   batch 440/625 (70.4%)  loss=-5.8305  avg_reward=1959.38  penalty_ratio=0.00%  eta=97.9s
2026-04-10 17:42:01 [INFO] src.pomo_trainer:   batch 450/625 (72.0%)  loss=38.3857  avg_reward=2111.86  penalty_ratio=0.00%  eta=92.5s
2026-04-10 17:42:05 [INFO] src.pomo_trainer:   batch 460/625 (73.6%)  loss=2.0209  avg_reward=1122.34  penalty_ratio=0.00%  eta=86.6s
2026-04-10 17:42:09 [INFO] src.pomo_trainer:   batch 470/625 (75.2%)  loss=-16.2997  avg_reward=2257.49  penalty_ratio=0.00%  eta=81.0s
2026-04-10 17:42:13 [INFO] src.pomo_trainer:   batch 480/625 (76.8%)  loss=-6.4315  avg_reward=3144.48  penalty_ratio=0.00%  eta=75.4s
2026-04-10 17:42:19 [INFO] src.pomo_trainer:   batch 490/625 (78.4%)  loss=113.3361  avg_reward=3468.05  penalty_ratio=0.00%  eta=70.4s
2026-04-10 17:42:24 [INFO] src.pomo_trainer:   batch 500/625 (80.0%)  loss=62.8173  avg_reward=1439.53  penalty_ratio=0.00%  eta=65.1s
2026-04-10 17:42:29 [INFO] src.pomo_trainer:   batch 510/625 (81.6%)  loss=63.2462  avg_reward=3058.65  penalty_ratio=0.00%  eta=60.0s
2026-04-10 17:42:36 [INFO] src.pomo_trainer:   batch 520/625 (83.2%)  loss=89.5611  avg_reward=2819.94  penalty_ratio=0.00%  eta=55.0s
2026-04-10 17:42:40 [INFO] src.pomo_trainer:   batch 530/625 (84.8%)  loss=-10.0896  avg_reward=300.05  penalty_ratio=0.00%  eta=49.6s
2026-04-10 17:42:46 [INFO] src.pomo_trainer:   batch 540/625 (86.4%)  loss=-2.7761  avg_reward=-1118.58  penalty_ratio=0.00%  eta=44.4s
2026-04-10 17:42:50 [INFO] src.pomo_trainer:   batch 550/625 (88.0%)  loss=-0.0000  avg_reward=-442.70  penalty_ratio=0.00%  eta=39.1s
2026-04-10 17:42:55 [INFO] src.pomo_trainer:   batch 560/625 (89.6%)  loss=-13.3151  avg_reward=1695.64  penalty_ratio=0.00%  eta=33.9s
2026-04-10 17:42:59 [INFO] src.pomo_trainer:   batch 570/625 (91.2%)  loss=-3.0837  avg_reward=1781.83  penalty_ratio=0.00%  eta=28.5s
2026-04-10 17:43:05 [INFO] src.pomo_trainer:   batch 580/625 (92.8%)  loss=59.8677  avg_reward=1978.65  penalty_ratio=0.00%  eta=23.4s
2026-04-10 17:43:10 [INFO] src.pomo_trainer:   batch 590/625 (94.4%)  loss=-1.5451  avg_reward=2288.91  penalty_ratio=0.00%  eta=18.2s
2026-04-10 17:43:13 [INFO] src.pomo_trainer:   batch 600/625 (96.0%)  loss=0.7951  avg_reward=-325.49  penalty_ratio=0.00%  eta=12.9s
2026-04-10 17:43:17 [INFO] src.pomo_trainer:   batch 610/625 (97.6%)  loss=-20.8819  avg_reward=3188.92  penalty_ratio=0.00%  eta=7.7s
2026-04-10 17:43:23 [INFO] src.pomo_trainer:   batch 620/625 (99.2%)  loss=21.8559  avg_reward=3266.41  penalty_ratio=0.00%  eta=2.6s
2026-04-10 17:43:26 [INFO] __main__: Epoch 68  stage=main  loss=21.395902  reward=1934.16  var=223726.90  penalty=0.00%  mem_max=nan%
2026-04-10 17:43:26 [INFO] __main__: Training progress: 18/950 (1.9%)  elapsed=5276.4s  eta=273198.5s
2026-04-10 17:43:26 [INFO] __main__: 
--- Epoch 69 / 1000 ---
2026-04-10 17:43:28 [INFO] src.pomo_trainer:   batch 10/625 (1.6%)  loss=134.8242  avg_reward=2681.63  penalty_ratio=0.00%  eta=159.8s
2026-04-10 17:43:32 [INFO] src.pomo_trainer:   batch 20/625 (3.2%)  loss=-52.7271  avg_reward=3733.82  penalty_ratio=0.00%  eta=193.2s
2026-04-10 17:43:37 [INFO] src.pomo_trainer:   batch 30/625 (4.8%)  loss=14.4146  avg_reward=1837.73  penalty_ratio=0.00%  eta=211.5s
2026-04-10 17:43:41 [INFO] src.pomo_trainer:   batch 40/625 (6.4%)  loss=-18.9938  avg_reward=2566.15  penalty_ratio=0.00%  eta=226.9s
2026-04-10 17:43:46 [INFO] src.pomo_trainer:   batch 50/625 (8.0%)  loss=-9.5915  avg_reward=258.98  penalty_ratio=0.00%  eta=231.9s
2026-04-10 17:43:51 [INFO] src.pomo_trainer:   batch 60/625 (9.6%)  loss=-23.8627  avg_reward=449.93  penalty_ratio=0.00%  eta=232.8s
2026-04-10 17:43:56 [INFO] src.pomo_trainer:   batch 70/625 (11.2%)  loss=91.3540  avg_reward=3880.71  penalty_ratio=0.00%  eta=236.6s
2026-04-10 17:44:00 [INFO] src.pomo_trainer:   batch 80/625 (12.8%)  loss=-1.2263  avg_reward=1825.21  penalty_ratio=0.00%  eta=232.3s
2026-04-10 17:44:06 [INFO] src.pomo_trainer:   batch 90/625 (14.4%)  loss=69.5615  avg_reward=2443.13  penalty_ratio=0.00%  eta=238.7s
2026-04-10 17:44:11 [INFO] src.pomo_trainer:   batch 100/625 (16.0%)  loss=11.5701  avg_reward=1328.33  penalty_ratio=0.00%  eta=236.1s
2026-04-10 17:44:14 [INFO] src.pomo_trainer:   batch 110/625 (17.6%)  loss=0.0001  avg_reward=-384.52  penalty_ratio=0.00%  eta=226.9s
2026-04-10 17:44:20 [INFO] src.pomo_trainer:   batch 120/625 (19.2%)  loss=15.2740  avg_reward=2623.18  penalty_ratio=0.00%  eta=226.6s
2026-04-10 17:44:26 [INFO] src.pomo_trainer:   batch 130/625 (20.8%)  loss=13.6510  avg_reward=3038.99  penalty_ratio=0.00%  eta=227.2s
2026-04-10 17:44:30 [INFO] src.pomo_trainer:   batch 140/625 (22.4%)  loss=89.5236  avg_reward=2075.54  penalty_ratio=0.00%  eta=221.9s
2026-04-10 17:44:35 [INFO] src.pomo_trainer:   batch 150/625 (24.0%)  loss=78.7694  avg_reward=1925.49  penalty_ratio=0.00%  eta=217.7s
2026-04-10 17:44:39 [INFO] src.pomo_trainer:   batch 160/625 (25.6%)  loss=0.0010  avg_reward=-373.90  penalty_ratio=0.00%  eta=213.4s
2026-04-10 17:44:45 [INFO] src.pomo_trainer:   batch 170/625 (27.2%)  loss=-10.1528  avg_reward=2401.52  penalty_ratio=0.00%  eta=211.2s
2026-04-10 17:44:49 [INFO] src.pomo_trainer:   batch 180/625 (28.8%)  loss=-5.1774  avg_reward=499.56  penalty_ratio=0.00%  eta=205.5s
2026-04-10 17:44:53 [INFO] src.pomo_trainer:   batch 190/625 (30.4%)  loss=10.8145  avg_reward=4701.23  penalty_ratio=0.00%  eta=200.6s
2026-04-10 17:44:59 [INFO] src.pomo_trainer:   batch 200/625 (32.0%)  loss=-21.9387  avg_reward=2224.55  penalty_ratio=0.00%  eta=198.9s
2026-04-10 17:45:06 [INFO] src.pomo_trainer:   batch 210/625 (33.6%)  loss=80.7913  avg_reward=3908.78  penalty_ratio=0.00%  eta=198.1s
2026-04-10 17:45:10 [INFO] src.pomo_trainer:   batch 220/625 (35.2%)  loss=-15.0545  avg_reward=1415.20  penalty_ratio=0.00%  eta=192.3s
2026-04-10 17:45:16 [INFO] src.pomo_trainer:   batch 230/625 (36.8%)  loss=-33.4537  avg_reward=4093.62  penalty_ratio=0.00%  eta=188.9s
2026-04-10 17:45:19 [INFO] src.pomo_trainer:   batch 240/625 (38.4%)  loss=-0.0000  avg_reward=-191.64  penalty_ratio=0.00%  eta=181.0s
2026-04-10 17:45:24 [INFO] src.pomo_trainer:   batch 250/625 (40.0%)  loss=-23.4471  avg_reward=920.47  penalty_ratio=0.00%  eta=176.5s
2026-04-10 17:45:30 [INFO] src.pomo_trainer:   batch 260/625 (41.6%)  loss=42.9330  avg_reward=2650.09  penalty_ratio=0.00%  eta=173.6s
2026-04-10 17:45:35 [INFO] src.pomo_trainer:   batch 270/625 (43.2%)  loss=88.4959  avg_reward=2739.24  penalty_ratio=0.00%  eta=170.3s
2026-04-10 17:45:40 [INFO] src.pomo_trainer:   batch 280/625 (44.8%)  loss=78.2858  avg_reward=2864.22  penalty_ratio=0.00%  eta=165.8s
2026-04-10 17:45:46 [INFO] src.pomo_trainer:   batch 290/625 (46.4%)  loss=64.7301  avg_reward=2097.18  penalty_ratio=0.00%  eta=161.9s
2026-04-10 17:45:53 [INFO] src.pomo_trainer:   batch 300/625 (48.0%)  loss=-26.4830  avg_reward=3058.34  penalty_ratio=0.00%  eta=159.3s
2026-04-10 17:45:58 [INFO] src.pomo_trainer:   batch 310/625 (49.6%)  loss=-0.0000  avg_reward=-1319.92  penalty_ratio=0.00%  eta=154.2s
2026-04-10 17:46:03 [INFO] src.pomo_trainer:   batch 320/625 (51.2%)  loss=82.6667  avg_reward=1523.60  penalty_ratio=0.00%  eta=149.7s
2026-04-10 17:46:09 [INFO] src.pomo_trainer:   batch 330/625 (52.8%)  loss=-19.1437  avg_reward=2651.15  penalty_ratio=0.00%  eta=146.0s
2026-04-10 17:46:13 [INFO] src.pomo_trainer:   batch 340/625 (54.4%)  loss=0.5360  avg_reward=2519.36  penalty_ratio=0.00%  eta=140.3s
2026-04-10 17:46:19 [INFO] src.pomo_trainer:   batch 350/625 (56.0%)  loss=23.1580  avg_reward=2972.65  penalty_ratio=0.00%  eta=136.1s
2026-04-10 17:46:24 [INFO] src.pomo_trainer:   batch 360/625 (57.6%)  loss=-9.7515  avg_reward=2012.37  penalty_ratio=0.00%  eta=131.0s
2026-04-10 17:46:28 [INFO] src.pomo_trainer:   batch 370/625 (59.2%)  loss=-24.7028  avg_reward=3940.91  penalty_ratio=0.00%  eta=125.4s
2026-04-10 17:46:33 [INFO] src.pomo_trainer:   batch 380/625 (60.8%)  loss=-26.0736  avg_reward=3797.97  penalty_ratio=0.00%  eta=120.9s
2026-04-10 17:46:38 [INFO] src.pomo_trainer:   batch 390/625 (62.4%)  loss=48.9195  avg_reward=2116.95  penalty_ratio=0.00%  eta=115.9s
2026-04-10 17:46:44 [INFO] src.pomo_trainer:   batch 400/625 (64.0%)  loss=-15.0627  avg_reward=2332.00  penalty_ratio=0.00%  eta=111.6s
2026-04-10 17:46:51 [INFO] src.pomo_trainer:   batch 410/625 (65.6%)  loss=11.3804  avg_reward=3890.29  penalty_ratio=0.00%  eta=107.3s
2026-04-10 17:46:55 [INFO] src.pomo_trainer:   batch 420/625 (67.2%)  loss=-18.1410  avg_reward=4110.87  penalty_ratio=0.00%  eta=102.0s
2026-04-10 17:47:00 [INFO] src.pomo_trainer:   batch 430/625 (68.8%)  loss=56.8636  avg_reward=2060.18  penalty_ratio=0.00%  eta=97.0s
2026-04-10 17:47:05 [INFO] src.pomo_trainer:   batch 440/625 (70.4%)  loss=49.7349  avg_reward=727.44  penalty_ratio=0.00%  eta=91.9s
2026-04-10 17:47:09 [INFO] src.pomo_trainer:   batch 450/625 (72.0%)  loss=-0.0324  avg_reward=34.51  penalty_ratio=0.00%  eta=86.7s
2026-04-10 17:47:14 [INFO] src.pomo_trainer:   batch 460/625 (73.6%)  loss=62.2216  avg_reward=2406.13  penalty_ratio=0.00%  eta=81.9s
2026-04-10 17:47:21 [INFO] src.pomo_trainer:   batch 470/625 (75.2%)  loss=82.8270  avg_reward=2535.03  penalty_ratio=0.00%  eta=77.7s
2026-04-10 17:47:27 [INFO] src.pomo_trainer:   batch 480/625 (76.8%)  loss=-16.4631  avg_reward=830.51  penalty_ratio=0.00%  eta=72.8s
2026-04-10 17:47:33 [INFO] src.pomo_trainer:   batch 490/625 (78.4%)  loss=224.2827  avg_reward=2903.08  penalty_ratio=0.00%  eta=68.1s
2026-04-10 17:47:39 [INFO] src.pomo_trainer:   batch 500/625 (80.0%)  loss=106.4678  avg_reward=1928.57  penalty_ratio=0.00%  eta=63.3s
2026-04-10 17:47:44 [INFO] src.pomo_trainer:   batch 510/625 (81.6%)  loss=1.4630  avg_reward=-687.31  penalty_ratio=0.00%  eta=58.2s
2026-04-10 17:47:49 [INFO] src.pomo_trainer:   batch 520/625 (83.2%)  loss=40.2503  avg_reward=1575.78  penalty_ratio=0.00%  eta=53.1s
2026-04-10 17:47:50 [INFO] src.pomo_trainer:   batch 530/625 (84.8%)  loss=-0.0001  avg_reward=-434.34  penalty_ratio=0.00%  eta=47.4s
2026-04-10 17:47:54 [INFO] src.pomo_trainer:   batch 540/625 (86.4%)  loss=72.4263  avg_reward=2282.98  penalty_ratio=0.00%  eta=42.3s
2026-04-10 17:48:00 [INFO] src.pomo_trainer:   batch 550/625 (88.0%)  loss=-7.3563  avg_reward=3644.72  penalty_ratio=0.00%  eta=37.4s
2026-04-10 17:48:05 [INFO] src.pomo_trainer:   batch 560/625 (89.6%)  loss=67.2655  avg_reward=1586.93  penalty_ratio=0.00%  eta=32.4s
2026-04-10 17:48:11 [INFO] src.pomo_trainer:   batch 570/625 (91.2%)  loss=85.3466  avg_reward=2521.51  penalty_ratio=0.00%  eta=27.5s
2026-04-10 17:48:17 [INFO] src.pomo_trainer:   batch 580/625 (92.8%)  loss=-4.5119  avg_reward=2579.46  penalty_ratio=0.00%  eta=22.6s
2026-04-10 17:48:21 [INFO] src.pomo_trainer:   batch 590/625 (94.4%)  loss=91.4820  avg_reward=2014.60  penalty_ratio=0.00%  eta=17.5s
2026-04-10 17:48:28 [INFO] src.pomo_trainer:   batch 600/625 (96.0%)  loss=97.7472  avg_reward=1935.35  penalty_ratio=0.00%  eta=12.6s
2026-04-10 17:48:32 [INFO] src.pomo_trainer:   batch 610/625 (97.6%)  loss=-62.2775  avg_reward=5378.32  penalty_ratio=0.00%  eta=7.5s
2026-04-10 17:48:37 [INFO] src.pomo_trainer:   batch 620/625 (99.2%)  loss=-10.4850  avg_reward=2964.11  penalty_ratio=0.00%  eta=2.5s
2026-04-10 17:48:40 [INFO] __main__: Epoch 69  stage=main  loss=23.863056  reward=1898.72  var=227075.22  penalty=0.00%  mem_max=nan%
2026-04-10 17:48:40 [INFO] __main__: Training progress: 19/950 (2.0%)  elapsed=5590.4s  eta=273927.3s
2026-04-10 17:48:40 [INFO] __main__: 
--- Epoch 70 / 1000 ---
2026-04-10 17:48:46 [INFO] src.pomo_trainer:   batch 10/625 (1.6%)  loss=-17.6928  avg_reward=659.38  penalty_ratio=0.00%  eta=355.1s
2026-04-10 17:48:51 [INFO] src.pomo_trainer:   batch 20/625 (3.2%)  loss=105.4886  avg_reward=2435.21  penalty_ratio=0.00%  eta=330.4s
2026-04-10 17:48:56 [INFO] src.pomo_trainer:   batch 30/625 (4.8%)  loss=-21.2723  avg_reward=2915.61  penalty_ratio=0.00%  eta=327.0s
2026-04-10 17:49:02 [INFO] src.pomo_trainer:   batch 40/625 (6.4%)  loss=-34.8203  avg_reward=4305.50  penalty_ratio=0.00%  eta=330.9s
2026-04-10 17:49:08 [INFO] src.pomo_trainer:   batch 50/625 (8.0%)  loss=18.2699  avg_reward=1107.88  penalty_ratio=0.00%  eta=325.0s
2026-04-10 17:49:14 [INFO] src.pomo_trainer:   batch 60/625 (9.6%)  loss=50.9443  avg_reward=2656.16  penalty_ratio=0.00%  eta=320.6s
2026-04-10 17:49:20 [INFO] src.pomo_trainer:   batch 70/625 (11.2%)  loss=-11.2100  avg_reward=2062.96  penalty_ratio=0.00%  eta=321.1s
2026-04-10 17:49:25 [INFO] src.pomo_trainer:   batch 80/625 (12.8%)  loss=-7.9165  avg_reward=2241.97  penalty_ratio=0.00%  eta=307.6s
2026-04-10 17:49:30 [INFO] src.pomo_trainer:   batch 90/625 (14.4%)  loss=-10.0807  avg_reward=2087.40  penalty_ratio=0.00%  eta=299.2s
2026-04-10 17:49:35 [INFO] src.pomo_trainer:   batch 100/625 (16.0%)  loss=-44.7637  avg_reward=409.57  penalty_ratio=0.00%  eta=289.6s
2026-04-10 17:49:41 [INFO] src.pomo_trainer:   batch 110/625 (17.6%)  loss=-13.3218  avg_reward=1991.98  penalty_ratio=0.00%  eta=284.0s
2026-04-10 17:49:46 [INFO] src.pomo_trainer:   batch 120/625 (19.2%)  loss=-36.8710  avg_reward=5276.09  penalty_ratio=0.00%  eta=277.5s
2026-04-10 17:49:52 [INFO] src.pomo_trainer:   batch 130/625 (20.8%)  loss=75.3696  avg_reward=1816.25  penalty_ratio=0.00%  eta=275.5s
2026-04-10 17:49:58 [INFO] src.pomo_trainer:   batch 140/625 (22.4%)  loss=5.5230  avg_reward=1315.10  penalty_ratio=0.00%  eta=271.2s
2026-04-10 17:50:03 [INFO] src.pomo_trainer:   batch 150/625 (24.0%)  loss=-20.1185  avg_reward=284.93  penalty_ratio=0.00%  eta=262.3s
2026-04-10 17:50:08 [INFO] src.pomo_trainer:   batch 160/625 (25.6%)  loss=98.6100  avg_reward=1808.19  penalty_ratio=0.00%  eta=256.1s
2026-04-10 17:50:15 [INFO] src.pomo_trainer:   batch 170/625 (27.2%)  loss=150.8081  avg_reward=2902.95  penalty_ratio=0.00%  eta=253.8s
2026-04-10 17:50:19 [INFO] src.pomo_trainer:   batch 180/625 (28.8%)  loss=-5.3109  avg_reward=694.42  penalty_ratio=0.00%  eta=245.1s
2026-04-10 17:50:25 [INFO] src.pomo_trainer:   batch 190/625 (30.4%)  loss=109.2671  avg_reward=2020.86  penalty_ratio=0.00%  eta=240.5s
2026-04-10 17:50:28 [INFO] src.pomo_trainer:   batch 200/625 (32.0%)  loss=111.6087  avg_reward=2093.33  penalty_ratio=0.00%  eta=230.8s
2026-04-10 17:50:34 [INFO] src.pomo_trainer:   batch 210/625 (33.6%)  loss=-14.4943  avg_reward=508.66  penalty_ratio=0.00%  eta=225.8s
2026-04-10 17:50:40 [INFO] src.pomo_trainer:   batch 220/625 (35.2%)  loss=-25.5450  avg_reward=3973.13  penalty_ratio=0.00%  eta=220.9s
2026-04-10 17:50:45 [INFO] src.pomo_trainer:   batch 230/625 (36.8%)  loss=116.3209  avg_reward=2098.81  penalty_ratio=0.00%  eta=214.4s
2026-04-10 17:50:49 [INFO] src.pomo_trainer:   batch 240/625 (38.4%)  loss=73.0000  avg_reward=1910.42  penalty_ratio=0.00%  eta=206.5s
2026-04-10 17:50:53 [INFO] src.pomo_trainer:   batch 250/625 (40.0%)  loss=-24.0877  avg_reward=2594.53  penalty_ratio=0.00%  eta=200.3s
2026-04-10 17:50:59 [INFO] src.pomo_trainer:   batch 260/625 (41.6%)  loss=-51.4050  avg_reward=2632.55  penalty_ratio=0.00%  eta=195.3s
2026-04-10 17:51:05 [INFO] src.pomo_trainer:   batch 270/625 (43.2%)  loss=-8.6940  avg_reward=2181.69  penalty_ratio=0.00%  eta=190.4s
2026-04-10 17:51:08 [INFO] src.pomo_trainer:   batch 280/625 (44.8%)  loss=51.6054  avg_reward=2472.43  penalty_ratio=0.00%  eta=182.7s
2026-04-10 17:51:13 [INFO] src.pomo_trainer:   batch 290/625 (46.4%)  loss=-0.0004  avg_reward=17.26  penalty_ratio=0.00%  eta=177.2s
2026-04-10 17:51:17 [INFO] src.pomo_trainer:   batch 300/625 (48.0%)  loss=84.8606  avg_reward=2957.58  penalty_ratio=0.00%  eta=170.4s
2026-04-10 17:51:22 [INFO] src.pomo_trainer:   batch 310/625 (49.6%)  loss=-3.5573  avg_reward=536.87  penalty_ratio=0.00%  eta=164.8s
2026-04-10 17:51:27 [INFO] src.pomo_trainer:   batch 320/625 (51.2%)  loss=69.9070  avg_reward=2446.42  penalty_ratio=0.00%  eta=159.6s
2026-04-10 17:51:33 [INFO] src.pomo_trainer:   batch 330/625 (52.8%)  loss=111.9559  avg_reward=2085.15  penalty_ratio=0.00%  eta=154.6s
2026-04-10 17:51:38 [INFO] src.pomo_trainer:   batch 340/625 (54.4%)  loss=5.9199  avg_reward=1140.67  penalty_ratio=0.00%  eta=149.1s
2026-04-10 17:51:45 [INFO] src.pomo_trainer:   batch 350/625 (56.0%)  loss=68.4390  avg_reward=1661.16  penalty_ratio=0.00%  eta=145.3s
2026-04-10 17:51:50 [INFO] src.pomo_trainer:   batch 360/625 (57.6%)  loss=151.4373  avg_reward=2466.28  penalty_ratio=0.00%  eta=139.7s
2026-04-10 17:51:56 [INFO] src.pomo_trainer:   batch 370/625 (59.2%)  loss=-9.7630  avg_reward=5307.21  penalty_ratio=0.00%  eta=135.0s
2026-04-10 17:51:59 [INFO] src.pomo_trainer:   batch 380/625 (60.8%)  loss=117.4077  avg_reward=2897.31  penalty_ratio=0.00%  eta=128.7s
2026-04-10 17:52:04 [INFO] src.pomo_trainer:   batch 390/625 (62.4%)  loss=54.3772  avg_reward=1337.23  penalty_ratio=0.00%  eta=123.0s
2026-04-10 17:52:08 [INFO] src.pomo_trainer:   batch 400/625 (64.0%)  loss=23.3253  avg_reward=2111.78  penalty_ratio=0.00%  eta=117.3s
2026-04-10 17:52:15 [INFO] src.pomo_trainer:   batch 410/625 (65.6%)  loss=60.6286  avg_reward=2553.59  penalty_ratio=0.00%  eta=112.8s
2026-04-10 17:52:20 [INFO] src.pomo_trainer:   batch 420/625 (67.2%)  loss=68.3326  avg_reward=1694.96  penalty_ratio=0.00%  eta=107.6s
2026-04-10 17:52:24 [INFO] src.pomo_trainer:   batch 430/625 (68.8%)  loss=-2.1995  avg_reward=1261.25  penalty_ratio=0.00%  eta=101.6s
2026-04-10 17:52:30 [INFO] src.pomo_trainer:   batch 440/625 (70.4%)  loss=53.3909  avg_reward=2908.57  penalty_ratio=0.00%  eta=96.8s
2026-04-10 17:52:34 [INFO] src.pomo_trainer:   batch 450/625 (72.0%)  loss=72.2293  avg_reward=2646.35  penalty_ratio=0.00%  eta=91.2s
2026-04-10 17:52:41 [INFO] src.pomo_trainer:   batch 460/625 (73.6%)  loss=65.9071  avg_reward=2504.96  penalty_ratio=0.00%  eta=86.5s
2026-04-10 17:52:46 [INFO] src.pomo_trainer:   batch 470/625 (75.2%)  loss=-13.5462  avg_reward=2723.91  penalty_ratio=0.00%  eta=81.0s
2026-04-10 17:52:50 [INFO] src.pomo_trainer:   batch 480/625 (76.8%)  loss=26.2333  avg_reward=1988.01  penalty_ratio=0.00%  eta=75.7s
2026-04-10 17:52:56 [INFO] src.pomo_trainer:   batch 490/625 (78.4%)  loss=-78.1706  avg_reward=2402.51  penalty_ratio=0.00%  eta=70.6s
2026-04-10 17:53:01 [INFO] src.pomo_trainer:   batch 500/625 (80.0%)  loss=-83.6021  avg_reward=2330.19  penalty_ratio=0.00%  eta=65.2s
2026-04-10 17:53:05 [INFO] src.pomo_trainer:   batch 510/625 (81.6%)  loss=5.4731  avg_reward=547.42  penalty_ratio=0.00%  eta=59.8s
2026-04-10 17:53:10 [INFO] src.pomo_trainer:   batch 520/625 (83.2%)  loss=-78.8980  avg_reward=4095.93  penalty_ratio=0.00%  eta=54.6s
2026-04-10 17:53:17 [INFO] src.pomo_trainer:   batch 530/625 (84.8%)  loss=54.8036  avg_reward=2266.08  penalty_ratio=0.00%  eta=49.7s
2026-04-10 17:53:21 [INFO] src.pomo_trainer:   batch 540/625 (86.4%)  loss=-36.4406  avg_reward=2108.18  penalty_ratio=0.00%  eta=44.3s
2026-04-10 17:53:27 [INFO] src.pomo_trainer:   batch 550/625 (88.0%)  loss=38.3870  avg_reward=2550.40  penalty_ratio=0.00%  eta=39.1s
2026-04-10 17:53:32 [INFO] src.pomo_trainer:   batch 560/625 (89.6%)  loss=-16.6638  avg_reward=2179.70  penalty_ratio=0.00%  eta=33.9s
2026-04-10 17:53:38 [INFO] src.pomo_trainer:   batch 570/625 (91.2%)  loss=-66.3091  avg_reward=4086.25  penalty_ratio=0.00%  eta=28.7s
2026-04-10 17:53:42 [INFO] src.pomo_trainer:   batch 580/625 (92.8%)  loss=-29.2140  avg_reward=237.48  penalty_ratio=0.00%  eta=23.5s
2026-04-10 17:53:48 [INFO] src.pomo_trainer:   batch 590/625 (94.4%)  loss=7.0385  avg_reward=-179.63  penalty_ratio=0.00%  eta=18.3s
2026-04-10 17:53:55 [INFO] src.pomo_trainer:   batch 600/625 (96.0%)  loss=-0.0000  avg_reward=-193.74  penalty_ratio=0.00%  eta=13.1s
2026-04-10 17:53:58 [INFO] src.pomo_trainer:   batch 610/625 (97.6%)  loss=31.6178  avg_reward=2095.51  penalty_ratio=0.00%  eta=7.8s
2026-04-10 17:54:04 [INFO] src.pomo_trainer:   batch 620/625 (99.2%)  loss=-10.6598  avg_reward=269.63  penalty_ratio=0.00%  eta=2.6s
2026-04-10 17:54:07 [INFO] __main__: Epoch 70  stage=main  loss=21.806173  reward=1919.86  var=224203.22  penalty=0.00%  mem_max=nan%
2026-04-10 17:54:07 [INFO] __main__: Training progress: 20/950 (2.1%)  elapsed=5917.2s  eta=275151.9s
2026-04-10 17:54:20 [INFO] __main__: Validation reward (all stages): 1271.2510
2026-04-10 17:54:20 [INFO] __main__: 
--- Epoch 71 / 1000 ---
2026-04-10 17:54:26 [INFO] src.pomo_trainer:   batch 10/625 (1.6%)  loss=-4.2326  avg_reward=-535.09  penalty_ratio=0.00%  eta=338.4s
2026-04-10 17:54:32 [INFO] src.pomo_trainer:   batch 20/625 (3.2%)  loss=-12.7729  avg_reward=1391.98  penalty_ratio=0.00%  eta=342.3s
2026-04-10 17:54:37 [INFO] src.pomo_trainer:   batch 30/625 (4.8%)  loss=1.2827  avg_reward=199.12  penalty_ratio=0.00%  eta=339.1s
2026-04-10 17:54:43 [INFO] src.pomo_trainer:   batch 40/625 (6.4%)  loss=-26.3747  avg_reward=4941.90  penalty_ratio=0.00%  eta=327.3s
2026-04-10 17:54:49 [INFO] src.pomo_trainer:   batch 50/625 (8.0%)  loss=116.3473  avg_reward=2470.48  penalty_ratio=0.00%  eta=328.4s
2026-04-10 17:54:55 [INFO] src.pomo_trainer:   batch 60/625 (9.6%)  loss=76.9658  avg_reward=1681.84  penalty_ratio=0.00%  eta=329.3s
2026-04-10 17:54:59 [INFO] src.pomo_trainer:   batch 70/625 (11.2%)  loss=-0.0000  avg_reward=-1312.90  penalty_ratio=0.00%  eta=308.1s
2026-04-10 17:55:05 [INFO] src.pomo_trainer:   batch 80/625 (12.8%)  loss=-23.6120  avg_reward=3160.82  penalty_ratio=0.00%  eta=302.7s
2026-04-10 17:55:09 [INFO] src.pomo_trainer:   batch 90/625 (14.4%)  loss=-5.6951  avg_reward=2973.58  penalty_ratio=0.00%  eta=291.1s
2026-04-10 17:55:13 [INFO] src.pomo_trainer:   batch 100/625 (16.0%)  loss=71.9086  avg_reward=1951.50  penalty_ratio=0.00%  eta=279.3s
2026-04-10 17:55:19 [INFO] src.pomo_trainer:   batch 110/625 (17.6%)  loss=59.7986  avg_reward=1912.02  penalty_ratio=0.00%  eta=273.7s
2026-04-10 17:55:25 [INFO] src.pomo_trainer:   batch 120/625 (19.2%)  loss=-17.9057  avg_reward=2589.14  penalty_ratio=0.00%  eta=271.7s
2026-04-10 17:55:30 [INFO] src.pomo_trainer:   batch 130/625 (20.8%)  loss=155.6836  avg_reward=3697.10  penalty_ratio=0.00%  eta=267.2s
2026-04-10 17:55:34 [INFO] src.pomo_trainer:   batch 140/625 (22.4%)  loss=-0.7332  avg_reward=119.15  penalty_ratio=0.00%  eta=255.1s
2026-04-10 17:55:39 [INFO] src.pomo_trainer:   batch 150/625 (24.0%)  loss=4.6041  avg_reward=921.37  penalty_ratio=0.00%  eta=249.6s
2026-04-10 17:55:43 [INFO] src.pomo_trainer:   batch 160/625 (25.6%)  loss=-0.0000  avg_reward=-1312.30  penalty_ratio=0.00%  eta=239.8s
2026-04-10 17:55:47 [INFO] src.pomo_trainer:   batch 170/625 (27.2%)  loss=17.6951  avg_reward=4278.75  penalty_ratio=0.00%  eta=232.7s
2026-04-10 17:55:52 [INFO] src.pomo_trainer:   batch 180/625 (28.8%)  loss=98.6804  avg_reward=1964.74  penalty_ratio=0.00%  eta=227.3s
2026-04-10 17:55:56 [INFO] src.pomo_trainer:   batch 190/625 (30.4%)  loss=-0.3000  avg_reward=2616.35  penalty_ratio=0.00%  eta=219.6s
2026-04-10 17:56:00 [INFO] src.pomo_trainer:   batch 200/625 (32.0%)  loss=242.4419  avg_reward=3542.64  penalty_ratio=0.00%  eta=212.6s
2026-04-10 17:56:06 [INFO] src.pomo_trainer:   batch 210/625 (33.6%)  loss=2.3047  avg_reward=3030.55  penalty_ratio=0.00%  eta=208.7s
2026-04-10 17:56:11 [INFO] src.pomo_trainer:   batch 220/625 (35.2%)  loss=-27.5753  avg_reward=286.98  penalty_ratio=0.00%  eta=203.5s
2026-04-10 17:56:14 [INFO] src.pomo_trainer:   batch 230/625 (36.8%)  loss=75.6615  avg_reward=1857.47  penalty_ratio=0.00%  eta=195.7s
2026-04-10 17:56:19 [INFO] src.pomo_trainer:   batch 240/625 (38.4%)  loss=69.3487  avg_reward=2458.42  penalty_ratio=0.00%  eta=191.0s
2026-04-10 17:56:26 [INFO] src.pomo_trainer:   batch 250/625 (40.0%)  loss=23.2659  avg_reward=4262.36  penalty_ratio=0.00%  eta=189.1s
2026-04-10 17:56:31 [INFO] src.pomo_trainer:   batch 260/625 (41.6%)  loss=-0.0000  avg_reward=-1313.65  penalty_ratio=0.00%  eta=183.0s
2026-04-10 17:56:35 [INFO] src.pomo_trainer:   batch 270/625 (43.2%)  loss=114.3466  avg_reward=2476.97  penalty_ratio=0.00%  eta=177.1s
2026-04-10 17:56:39 [INFO] src.pomo_trainer:   batch 280/625 (44.8%)  loss=-0.0000  avg_reward=-183.44  penalty_ratio=0.00%  eta=171.4s
2026-04-10 17:56:43 [INFO] src.pomo_trainer:   batch 290/625 (46.4%)  loss=-3.3950  avg_reward=600.52  penalty_ratio=0.00%  eta=165.2s
2026-04-10 17:56:47 [INFO] src.pomo_trainer:   batch 300/625 (48.0%)  loss=78.8792  avg_reward=1234.48  penalty_ratio=0.00%  eta=158.7s
2026-04-10 17:56:51 [INFO] src.pomo_trainer:   batch 310/625 (49.6%)  loss=-0.5106  avg_reward=792.65  penalty_ratio=0.00%  eta=153.2s
2026-04-10 17:56:56 [INFO] src.pomo_trainer:   batch 320/625 (51.2%)  loss=23.2935  avg_reward=4002.67  penalty_ratio=0.00%  eta=148.1s
2026-04-10 17:57:02 [INFO] src.pomo_trainer:   batch 330/625 (52.8%)  loss=15.2790  avg_reward=2137.01  penalty_ratio=0.00%  eta=144.5s
2026-04-10 17:57:07 [INFO] src.pomo_trainer:   batch 340/625 (54.4%)  loss=5.3495  avg_reward=4002.52  penalty_ratio=0.00%  eta=139.4s
2026-04-10 17:57:12 [INFO] src.pomo_trainer:   batch 350/625 (56.0%)  loss=-17.9819  avg_reward=707.42  penalty_ratio=0.00%  eta=134.9s
2026-04-10 17:57:16 [INFO] src.pomo_trainer:   batch 360/625 (57.6%)  loss=-14.0050  avg_reward=3030.31  penalty_ratio=0.00%  eta=129.7s
2026-04-10 17:57:21 [INFO] src.pomo_trainer:   batch 370/625 (59.2%)  loss=-21.7329  avg_reward=2851.14  penalty_ratio=0.00%  eta=124.8s
2026-04-10 17:57:27 [INFO] src.pomo_trainer:   batch 380/625 (60.8%)  loss=148.7067  avg_reward=3418.83  penalty_ratio=0.00%  eta=120.6s
2026-04-10 17:57:34 [INFO] src.pomo_trainer:   batch 390/625 (62.4%)  loss=-19.5261  avg_reward=3061.51  penalty_ratio=0.00%  eta=116.6s
2026-04-10 17:57:40 [INFO] src.pomo_trainer:   batch 400/625 (64.0%)  loss=-9.4919  avg_reward=3717.36  penalty_ratio=0.00%  eta=112.2s
2026-04-10 17:57:44 [INFO] src.pomo_trainer:   batch 410/625 (65.6%)  loss=-26.8284  avg_reward=3165.28  penalty_ratio=0.00%  eta=107.1s
2026-04-10 17:57:49 [INFO] src.pomo_trainer:   batch 420/625 (67.2%)  loss=161.2368  avg_reward=3170.76  penalty_ratio=0.00%  eta=102.1s
2026-04-10 17:57:54 [INFO] src.pomo_trainer:   batch 430/625 (68.8%)  loss=-41.7746  avg_reward=4820.11  penalty_ratio=0.00%  eta=96.8s
2026-04-10 17:57:59 [INFO] src.pomo_trainer:   batch 440/625 (70.4%)  loss=-14.6806  avg_reward=1187.09  penalty_ratio=0.00%  eta=91.9s
2026-04-10 17:58:01 [INFO] src.pomo_trainer:   batch 450/625 (72.0%)  loss=0.6602  avg_reward=36.47  penalty_ratio=0.00%  eta=86.0s
2026-04-10 17:58:07 [INFO] src.pomo_trainer:   batch 460/625 (73.6%)  loss=114.8757  avg_reward=3137.83  penalty_ratio=0.00%  eta=81.3s
2026-04-10 17:58:11 [INFO] src.pomo_trainer:   batch 470/625 (75.2%)  loss=-27.0823  avg_reward=1180.96  penalty_ratio=0.00%  eta=76.2s
2026-04-10 17:58:18 [INFO] src.pomo_trainer:   batch 480/625 (76.8%)  loss=-0.0000  avg_reward=-1202.38  penalty_ratio=0.00%  eta=71.7s
2026-04-10 17:58:24 [INFO] src.pomo_trainer:   batch 490/625 (78.4%)  loss=-24.0578  avg_reward=287.31  penalty_ratio=0.00%  eta=67.0s
2026-04-10 17:58:28 [INFO] src.pomo_trainer:   batch 500/625 (80.0%)  loss=35.2732  avg_reward=1209.23  penalty_ratio=0.00%  eta=61.8s
2026-04-10 17:58:35 [INFO] src.pomo_trainer:   batch 510/625 (81.6%)  loss=117.4047  avg_reward=1493.79  penalty_ratio=0.00%  eta=57.3s
2026-04-10 17:58:41 [INFO] src.pomo_trainer:   batch 520/625 (83.2%)  loss=49.0870  avg_reward=2823.63  penalty_ratio=0.00%  eta=52.6s
2026-04-10 17:58:47 [INFO] src.pomo_trainer:   batch 530/625 (84.8%)  loss=31.5844  avg_reward=649.13  penalty_ratio=0.00%  eta=47.8s
2026-04-10 17:58:51 [INFO] src.pomo_trainer:   batch 540/625 (86.4%)  loss=31.8802  avg_reward=2167.40  penalty_ratio=0.00%  eta=42.6s
2026-04-10 17:58:56 [INFO] src.pomo_trainer:   batch 550/625 (88.0%)  loss=94.9345  avg_reward=2931.96  penalty_ratio=0.00%  eta=37.6s
2026-04-10 17:59:00 [INFO] src.pomo_trainer:   batch 560/625 (89.6%)  loss=84.8613  avg_reward=2477.00  penalty_ratio=0.00%  eta=32.5s
2026-04-10 17:59:05 [INFO] src.pomo_trainer:   batch 570/625 (91.2%)  loss=-21.6513  avg_reward=790.25  penalty_ratio=0.00%  eta=27.5s
2026-04-10 17:59:10 [INFO] src.pomo_trainer:   batch 580/625 (92.8%)  loss=43.8702  avg_reward=2070.44  penalty_ratio=0.00%  eta=22.5s
2026-04-10 17:59:16 [INFO] src.pomo_trainer:   batch 590/625 (94.4%)  loss=-8.5310  avg_reward=1060.58  penalty_ratio=0.00%  eta=17.6s
2026-04-10 17:59:20 [INFO] src.pomo_trainer:   batch 600/625 (96.0%)  loss=121.9560  avg_reward=1546.02  penalty_ratio=0.00%  eta=12.5s
2026-04-10 17:59:26 [INFO] src.pomo_trainer:   batch 610/625 (97.6%)  loss=2.7742  avg_reward=202.43  penalty_ratio=0.00%  eta=7.5s
2026-04-10 17:59:30 [INFO] src.pomo_trainer:   batch 620/625 (99.2%)  loss=-0.8362  avg_reward=4210.91  penalty_ratio=0.00%  eta=2.5s
2026-04-10 17:59:33 [INFO] __main__: Epoch 71  stage=main  loss=35.113494  reward=1866.25  var=228530.95  penalty=0.00%  mem_max=nan%
2026-04-10 17:59:33 [INFO] __main__: Training progress: 21/950 (2.2%)  elapsed=6243.9s  eta=276219.8s
2026-04-10 17:59:33 [INFO] __main__: 
--- Epoch 72 / 1000 ---
2026-04-10 17:59:40 [INFO] src.pomo_trainer:   batch 10/625 (1.6%)  loss=-23.8714  avg_reward=2189.55  penalty_ratio=0.00%  eta=421.7s
2026-04-10 17:59:46 [INFO] src.pomo_trainer:   batch 20/625 (3.2%)  loss=-20.5378  avg_reward=1100.79  penalty_ratio=0.00%  eta=368.1s
2026-04-10 17:59:50 [INFO] src.pomo_trainer:   batch 30/625 (4.8%)  loss=-4.8148  avg_reward=2330.47  penalty_ratio=0.00%  eta=321.6s
2026-04-10 17:59:56 [INFO] src.pomo_trainer:   batch 40/625 (6.4%)  loss=79.0640  avg_reward=1998.52  penalty_ratio=0.00%  eta=335.6s
2026-04-10 18:00:01 [INFO] src.pomo_trainer:   batch 50/625 (8.0%)  loss=-15.8542  avg_reward=2535.15  penalty_ratio=0.00%  eta=319.9s
2026-04-10 18:00:06 [INFO] src.pomo_trainer:   batch 60/625 (9.6%)  loss=42.2268  avg_reward=2150.52  penalty_ratio=0.00%  eta=309.9s
2026-04-10 18:00:12 [INFO] src.pomo_trainer:   batch 70/625 (11.2%)  loss=134.4744  avg_reward=2767.14  penalty_ratio=0.00%  eta=306.6s
2026-04-10 18:00:16 [INFO] src.pomo_trainer:   batch 80/625 (12.8%)  loss=-9.4112  avg_reward=247.75  penalty_ratio=0.00%  eta=287.2s
2026-04-10 18:00:21 [INFO] src.pomo_trainer:   batch 90/625 (14.4%)  loss=83.8959  avg_reward=1678.10  penalty_ratio=0.00%  eta=280.7s
2026-04-10 18:00:24 [INFO] src.pomo_trainer:   batch 100/625 (16.0%)  loss=131.0337  avg_reward=1784.99  penalty_ratio=0.00%  eta=265.1s
2026-04-10 18:00:30 [INFO] src.pomo_trainer:   batch 110/625 (17.6%)  loss=76.3187  avg_reward=2479.25  penalty_ratio=0.00%  eta=262.9s
2026-04-10 18:00:34 [INFO] src.pomo_trainer:   batch 120/625 (19.2%)  loss=-1.4260  avg_reward=162.82  penalty_ratio=0.00%  eta=255.6s
2026-04-10 18:00:38 [INFO] src.pomo_trainer:   batch 130/625 (20.8%)  loss=8.1519  avg_reward=1777.14  penalty_ratio=0.00%  eta=246.7s
2026-04-10 18:00:43 [INFO] src.pomo_trainer:   batch 140/625 (22.4%)  loss=52.0341  avg_reward=1779.70  penalty_ratio=0.00%  eta=240.5s
2026-04-10 18:00:49 [INFO] src.pomo_trainer:   batch 150/625 (24.0%)  loss=6.7164  avg_reward=4286.22  penalty_ratio=0.00%  eta=238.0s
2026-04-10 18:00:52 [INFO] src.pomo_trainer:   batch 160/625 (25.6%)  loss=-4.0503  avg_reward=25.75  penalty_ratio=0.00%  eta=229.3s
2026-04-10 18:00:58 [INFO] src.pomo_trainer:   batch 170/625 (27.2%)  loss=187.9205  avg_reward=1856.47  penalty_ratio=0.00%  eta=226.9s
2026-04-10 18:01:04 [INFO] src.pomo_trainer:   batch 180/625 (28.8%)  loss=-3.5640  avg_reward=3122.67  penalty_ratio=0.00%  eta=222.9s
2026-04-10 18:01:10 [INFO] src.pomo_trainer:   batch 190/625 (30.4%)  loss=80.5821  avg_reward=3198.08  penalty_ratio=0.00%  eta=221.8s
2026-04-10 18:01:15 [INFO] src.pomo_trainer:   batch 200/625 (32.0%)  loss=10.1486  avg_reward=724.80  penalty_ratio=0.00%  eta=215.9s
2026-04-10 18:01:20 [INFO] src.pomo_trainer:   batch 210/625 (33.6%)  loss=-8.7150  avg_reward=553.67  penalty_ratio=0.00%  eta=210.3s
2026-04-10 18:01:24 [INFO] src.pomo_trainer:   batch 220/625 (35.2%)  loss=128.3137  avg_reward=940.20  penalty_ratio=0.00%  eta=203.4s
2026-04-10 18:01:29 [INFO] src.pomo_trainer:   batch 230/625 (36.8%)  loss=-2.4735  avg_reward=2167.28  penalty_ratio=0.00%  eta=198.6s
2026-04-10 18:01:34 [INFO] src.pomo_trainer:   batch 240/625 (38.4%)  loss=65.1525  avg_reward=2748.23  penalty_ratio=0.00%  eta=193.2s
2026-04-10 18:01:39 [INFO] src.pomo_trainer:   batch 250/625 (40.0%)  loss=125.0779  avg_reward=2766.35  penalty_ratio=0.00%  eta=188.8s
2026-04-10 18:01:45 [INFO] src.pomo_trainer:   batch 260/625 (41.6%)  loss=-6.8193  avg_reward=3788.77  penalty_ratio=0.00%  eta=184.7s
2026-04-10 18:01:50 [INFO] src.pomo_trainer:   batch 270/625 (43.2%)  loss=4.2094  avg_reward=1444.34  penalty_ratio=0.00%  eta=179.1s
2026-04-10 18:01:55 [INFO] src.pomo_trainer:   batch 280/625 (44.8%)  loss=-11.3160  avg_reward=2335.92  penalty_ratio=0.00%  eta=174.9s
2026-04-10 18:01:58 [INFO] src.pomo_trainer:   batch 290/625 (46.4%)  loss=-9.3615  avg_reward=1134.12  penalty_ratio=0.00%  eta=167.3s
2026-04-10 18:02:05 [INFO] src.pomo_trainer:   batch 300/625 (48.0%)  loss=145.0278  avg_reward=2230.63  penalty_ratio=0.00%  eta=163.7s
2026-04-10 18:02:10 [INFO] src.pomo_trainer:   batch 310/625 (49.6%)  loss=-14.3414  avg_reward=615.35  penalty_ratio=0.00%  eta=159.5s
2026-04-10 18:02:15 [INFO] src.pomo_trainer:   batch 320/625 (51.2%)  loss=0.7766  avg_reward=-532.52  penalty_ratio=0.00%  eta=153.8s
2026-04-10 18:02:20 [INFO] src.pomo_trainer:   batch 330/625 (52.8%)  loss=46.1025  avg_reward=3070.41  penalty_ratio=0.00%  eta=149.0s
2026-04-10 18:02:23 [INFO] src.pomo_trainer:   batch 340/625 (54.4%)  loss=-4.9676  avg_reward=534.13  penalty_ratio=0.00%  eta=142.3s
2026-04-10 18:02:28 [INFO] src.pomo_trainer:   batch 350/625 (56.0%)  loss=117.4382  avg_reward=2413.22  penalty_ratio=0.00%  eta=137.2s
2026-04-10 18:02:34 [INFO] src.pomo_trainer:   batch 360/625 (57.6%)  loss=95.8434  avg_reward=2350.69  penalty_ratio=0.00%  eta=132.8s
2026-04-10 18:02:39 [INFO] src.pomo_trainer:   batch 370/625 (59.2%)  loss=74.4186  avg_reward=1848.08  penalty_ratio=0.00%  eta=128.0s
2026-04-10 18:02:43 [INFO] src.pomo_trainer:   batch 380/625 (60.8%)  loss=57.1119  avg_reward=2196.17  penalty_ratio=0.00%  eta=122.5s
2026-04-10 18:02:49 [INFO] src.pomo_trainer:   batch 390/625 (62.4%)  loss=34.4554  avg_reward=2477.16  penalty_ratio=0.00%  eta=118.0s
2026-04-10 18:02:54 [INFO] src.pomo_trainer:   batch 400/625 (64.0%)  loss=5.6933  avg_reward=1369.01  penalty_ratio=0.00%  eta=112.7s
2026-04-10 18:02:59 [INFO] src.pomo_trainer:   batch 410/625 (65.6%)  loss=-20.4471  avg_reward=3895.28  penalty_ratio=0.00%  eta=108.0s
2026-04-10 18:03:05 [INFO] src.pomo_trainer:   batch 420/625 (67.2%)  loss=12.0585  avg_reward=2145.92  penalty_ratio=0.00%  eta=103.4s
2026-04-10 18:03:11 [INFO] src.pomo_trainer:   batch 430/625 (68.8%)  loss=75.4543  avg_reward=2423.47  penalty_ratio=0.00%  eta=98.5s
2026-04-10 18:03:15 [INFO] src.pomo_trainer:   batch 440/625 (70.4%)  loss=-0.0000  avg_reward=-1133.65  penalty_ratio=0.00%  eta=93.2s
2026-04-10 18:03:21 [INFO] src.pomo_trainer:   batch 450/625 (72.0%)  loss=-23.9868  avg_reward=1975.37  penalty_ratio=0.00%  eta=88.4s
2026-04-10 18:03:27 [INFO] src.pomo_trainer:   batch 460/625 (73.6%)  loss=150.0976  avg_reward=3589.85  penalty_ratio=0.00%  eta=83.6s
2026-04-10 18:03:32 [INFO] src.pomo_trainer:   batch 470/625 (75.2%)  loss=52.4867  avg_reward=3293.70  penalty_ratio=0.00%  eta=78.5s
2026-04-10 18:03:37 [INFO] src.pomo_trainer:   batch 480/625 (76.8%)  loss=21.5355  avg_reward=3156.44  penalty_ratio=0.00%  eta=73.6s
2026-04-10 18:03:42 [INFO] src.pomo_trainer:   batch 490/625 (78.4%)  loss=-20.0575  avg_reward=313.54  penalty_ratio=0.00%  eta=68.6s
2026-04-10 18:03:48 [INFO] src.pomo_trainer:   batch 500/625 (80.0%)  loss=58.7524  avg_reward=2223.65  penalty_ratio=0.00%  eta=63.7s
2026-04-10 18:03:53 [INFO] src.pomo_trainer:   batch 510/625 (81.6%)  loss=-0.0333  avg_reward=704.42  penalty_ratio=0.00%  eta=58.4s
2026-04-10 18:03:57 [INFO] src.pomo_trainer:   batch 520/625 (83.2%)  loss=53.7581  avg_reward=2027.41  penalty_ratio=0.00%  eta=53.3s
2026-04-10 18:04:02 [INFO] src.pomo_trainer:   batch 530/625 (84.8%)  loss=209.3427  avg_reward=1405.29  penalty_ratio=0.00%  eta=48.1s
2026-04-10 18:04:06 [INFO] src.pomo_trainer:   batch 540/625 (86.4%)  loss=97.5095  avg_reward=1694.97  penalty_ratio=0.00%  eta=42.9s
2026-04-10 18:04:11 [INFO] src.pomo_trainer:   batch 550/625 (88.0%)  loss=37.1993  avg_reward=1895.25  penalty_ratio=0.00%  eta=37.8s
2026-04-10 18:04:16 [INFO] src.pomo_trainer:   batch 560/625 (89.6%)  loss=101.8007  avg_reward=2848.61  penalty_ratio=0.00%  eta=32.9s
2026-04-10 18:04:21 [INFO] src.pomo_trainer:   batch 570/625 (91.2%)  loss=4.2960  avg_reward=842.50  penalty_ratio=0.00%  eta=27.7s
2026-04-10 18:04:28 [INFO] src.pomo_trainer:   batch 580/625 (92.8%)  loss=-28.5171  avg_reward=3484.36  penalty_ratio=0.00%  eta=22.9s
2026-04-10 18:04:32 [INFO] src.pomo_trainer:   batch 590/625 (94.4%)  loss=22.2278  avg_reward=2263.73  penalty_ratio=0.00%  eta=17.7s
2026-04-10 18:04:37 [INFO] src.pomo_trainer:   batch 600/625 (96.0%)  loss=-45.8496  avg_reward=4257.99  penalty_ratio=0.00%  eta=12.7s
2026-04-10 18:04:42 [INFO] src.pomo_trainer:   batch 610/625 (97.6%)  loss=-86.2890  avg_reward=2521.70  penalty_ratio=0.00%  eta=7.6s
2026-04-10 18:04:48 [INFO] src.pomo_trainer:   batch 620/625 (99.2%)  loss=86.2782  avg_reward=2704.46  penalty_ratio=0.00%  eta=2.5s
2026-04-10 18:04:51 [INFO] __main__: Epoch 72  stage=main  loss=32.429214  reward=1894.97  var=233638.12  penalty=0.00%  mem_max=nan%
2026-04-10 18:04:51 [INFO] __main__: Training progress: 22/950 (2.3%)  elapsed=6561.4s  eta=276770.5s
2026-04-10 18:04:51 [INFO] __main__: 
--- Epoch 73 / 1000 ---
2026-04-10 18:04:55 [INFO] src.pomo_trainer:   batch 10/625 (1.6%)  loss=-45.1707  avg_reward=1484.52  penalty_ratio=0.00%  eta=275.9s
2026-04-10 18:05:00 [INFO] src.pomo_trainer:   batch 20/625 (3.2%)  loss=-32.9090  avg_reward=2222.03  penalty_ratio=0.00%  eta=288.6s
2026-04-10 18:05:05 [INFO] src.pomo_trainer:   batch 30/625 (4.8%)  loss=8.3558  avg_reward=1038.45  penalty_ratio=0.00%  eta=271.4s
2026-04-10 18:05:10 [INFO] src.pomo_trainer:   batch 40/625 (6.4%)  loss=70.2727  avg_reward=2300.70  penalty_ratio=0.00%  eta=278.6s
2026-04-10 18:05:15 [INFO] src.pomo_trainer:   batch 50/625 (8.0%)  loss=-53.7259  avg_reward=2146.05  penalty_ratio=0.00%  eta=281.6s
2026-04-10 18:05:21 [INFO] src.pomo_trainer:   batch 60/625 (9.6%)  loss=61.3417  avg_reward=2554.67  penalty_ratio=0.00%  eta=281.5s
2026-04-10 18:05:26 [INFO] src.pomo_trainer:   batch 70/625 (11.2%)  loss=-30.2925  avg_reward=2557.50  penalty_ratio=0.00%  eta=276.1s
2026-04-10 18:05:32 [INFO] src.pomo_trainer:   batch 80/625 (12.8%)  loss=106.1855  avg_reward=1613.69  penalty_ratio=0.00%  eta=281.2s
2026-04-10 18:05:37 [INFO] src.pomo_trainer:   batch 90/625 (14.4%)  loss=120.3455  avg_reward=2916.54  penalty_ratio=0.00%  eta=276.3s
2026-04-10 18:05:43 [INFO] src.pomo_trainer:   batch 100/625 (16.0%)  loss=85.9001  avg_reward=1269.56  penalty_ratio=0.00%  eta=271.9s
2026-04-10 18:05:50 [INFO] src.pomo_trainer:   batch 110/625 (17.6%)  loss=112.1774  avg_reward=2538.18  penalty_ratio=0.00%  eta=275.6s
2026-04-10 18:05:53 [INFO] src.pomo_trainer:   batch 120/625 (19.2%)  loss=-2.5354  avg_reward=693.98  penalty_ratio=0.00%  eta=263.1s
2026-04-10 18:05:59 [INFO] src.pomo_trainer:   batch 130/625 (20.8%)  loss=-18.2535  avg_reward=2492.36  penalty_ratio=0.00%  eta=260.3s
2026-04-10 18:06:06 [INFO] src.pomo_trainer:   batch 140/625 (22.4%)  loss=157.8028  avg_reward=2341.20  penalty_ratio=0.00%  eta=259.7s
2026-04-10 18:06:11 [INFO] src.pomo_trainer:   batch 150/625 (24.0%)  loss=-18.6521  avg_reward=2632.89  penalty_ratio=0.00%  eta=253.4s
2026-04-10 18:06:16 [INFO] src.pomo_trainer:   batch 160/625 (25.6%)  loss=-28.1070  avg_reward=932.19  penalty_ratio=0.00%  eta=248.4s
2026-04-10 18:06:21 [INFO] src.pomo_trainer:   batch 170/625 (27.2%)  loss=142.3878  avg_reward=2978.32  penalty_ratio=0.00%  eta=240.3s
2026-04-10 18:06:26 [INFO] src.pomo_trainer:   batch 180/625 (28.8%)  loss=25.8568  avg_reward=3642.83  penalty_ratio=0.00%  eta=236.1s
2026-04-10 18:06:31 [INFO] src.pomo_trainer:   batch 190/625 (30.4%)  loss=-0.0000  avg_reward=59.51  penalty_ratio=0.00%  eta=228.6s
2026-04-10 18:06:37 [INFO] src.pomo_trainer:   batch 200/625 (32.0%)  loss=42.7485  avg_reward=2403.26  penalty_ratio=0.00%  eta=225.0s
2026-04-10 18:06:42 [INFO] src.pomo_trainer:   batch 210/625 (33.6%)  loss=50.6722  avg_reward=1583.22  penalty_ratio=0.00%  eta=220.0s
2026-04-10 18:06:46 [INFO] src.pomo_trainer:   batch 220/625 (35.2%)  loss=-31.7270  avg_reward=316.50  penalty_ratio=0.00%  eta=211.9s
2026-04-10 18:06:51 [INFO] src.pomo_trainer:   batch 230/625 (36.8%)  loss=26.5574  avg_reward=3705.69  penalty_ratio=0.00%  eta=205.5s
2026-04-10 18:06:57 [INFO] src.pomo_trainer:   batch 240/625 (38.4%)  loss=-32.4768  avg_reward=4760.04  penalty_ratio=0.00%  eta=203.0s
2026-04-10 18:07:05 [INFO] src.pomo_trainer:   batch 250/625 (40.0%)  loss=3.2586  avg_reward=2186.91  penalty_ratio=0.00%  eta=200.6s
2026-04-10 18:07:09 [INFO] src.pomo_trainer:   batch 260/625 (41.6%)  loss=53.0997  avg_reward=2146.86  penalty_ratio=0.00%  eta=194.4s
2026-04-10 18:07:16 [INFO] src.pomo_trainer:   batch 270/625 (43.2%)  loss=-18.6629  avg_reward=2528.81  penalty_ratio=0.00%  eta=190.3s
2026-04-10 18:07:21 [INFO] src.pomo_trainer:   batch 280/625 (44.8%)  loss=10.5013  avg_reward=3112.45  penalty_ratio=0.00%  eta=184.7s
2026-04-10 18:07:26 [INFO] src.pomo_trainer:   batch 290/625 (46.4%)  loss=88.6442  avg_reward=2981.57  penalty_ratio=0.00%  eta=179.6s
2026-04-10 18:07:33 [INFO] src.pomo_trainer:   batch 300/625 (48.0%)  loss=46.7043  avg_reward=1847.41  penalty_ratio=0.00%  eta=175.1s
2026-04-10 18:07:38 [INFO] src.pomo_trainer:   batch 310/625 (49.6%)  loss=92.1828  avg_reward=2626.15  penalty_ratio=0.00%  eta=169.5s
2026-04-10 18:07:43 [INFO] src.pomo_trainer:   batch 320/625 (51.2%)  loss=56.7744  avg_reward=2442.79  penalty_ratio=0.00%  eta=164.5s
2026-04-10 18:07:49 [INFO] src.pomo_trainer:   batch 330/625 (52.8%)  loss=51.5488  avg_reward=2433.66  penalty_ratio=0.00%  eta=159.4s
2026-04-10 18:07:55 [INFO] src.pomo_trainer:   batch 340/625 (54.4%)  loss=15.9260  avg_reward=501.87  penalty_ratio=0.00%  eta=154.1s
2026-04-10 18:08:00 [INFO] src.pomo_trainer:   batch 350/625 (56.0%)  loss=74.3366  avg_reward=2161.71  penalty_ratio=0.00%  eta=148.9s
2026-04-10 18:08:07 [INFO] src.pomo_trainer:   batch 360/625 (57.6%)  loss=128.9586  avg_reward=3997.05  penalty_ratio=0.00%  eta=144.3s
2026-04-10 18:08:13 [INFO] src.pomo_trainer:   batch 370/625 (59.2%)  loss=-13.9087  avg_reward=3758.41  penalty_ratio=0.00%  eta=139.0s
2026-04-10 18:08:18 [INFO] src.pomo_trainer:   batch 380/625 (60.8%)  loss=136.9224  avg_reward=1167.17  penalty_ratio=0.00%  eta=133.6s
2026-04-10 18:08:24 [INFO] src.pomo_trainer:   batch 390/625 (62.4%)  loss=65.4603  avg_reward=2381.73  penalty_ratio=0.00%  eta=128.6s
2026-04-10 18:08:30 [INFO] src.pomo_trainer:   batch 400/625 (64.0%)  loss=79.5271  avg_reward=3539.79  penalty_ratio=0.00%  eta=123.4s
2026-04-10 18:08:34 [INFO] src.pomo_trainer:   batch 410/625 (65.6%)  loss=5.9978  avg_reward=2175.51  penalty_ratio=0.00%  eta=116.9s
2026-04-10 18:08:38 [INFO] src.pomo_trainer:   batch 420/625 (67.2%)  loss=88.5242  avg_reward=1965.38  penalty_ratio=0.00%  eta=110.7s
2026-04-10 18:08:44 [INFO] src.pomo_trainer:   batch 430/625 (68.8%)  loss=-27.4091  avg_reward=395.75  penalty_ratio=0.00%  eta=105.7s
2026-04-10 18:08:49 [INFO] src.pomo_trainer:   batch 440/625 (70.4%)  loss=-5.6359  avg_reward=9.50  penalty_ratio=0.00%  eta=100.1s
2026-04-10 18:08:54 [INFO] src.pomo_trainer:   batch 450/625 (72.0%)  loss=98.9639  avg_reward=2011.66  penalty_ratio=0.00%  eta=94.4s
2026-04-10 18:08:59 [INFO] src.pomo_trainer:   batch 460/625 (73.6%)  loss=-0.0000  avg_reward=-1332.77  penalty_ratio=0.00%  eta=88.8s
2026-04-10 18:09:06 [INFO] src.pomo_trainer:   batch 470/625 (75.2%)  loss=-19.4634  avg_reward=3779.60  penalty_ratio=0.00%  eta=84.0s
2026-04-10 18:09:10 [INFO] src.pomo_trainer:   batch 480/625 (76.8%)  loss=-6.1643  avg_reward=951.51  penalty_ratio=0.00%  eta=78.2s
2026-04-10 18:09:16 [INFO] src.pomo_trainer:   batch 490/625 (78.4%)  loss=-21.6205  avg_reward=1307.01  penalty_ratio=0.00%  eta=73.1s
2026-04-10 18:09:22 [INFO] src.pomo_trainer:   batch 500/625 (80.0%)  loss=90.8461  avg_reward=4762.06  penalty_ratio=0.00%  eta=67.7s
2026-04-10 18:09:26 [INFO] src.pomo_trainer:   batch 510/625 (81.6%)  loss=24.4886  avg_reward=1162.97  penalty_ratio=0.00%  eta=62.1s
2026-04-10 18:09:31 [INFO] src.pomo_trainer:   batch 520/625 (83.2%)  loss=-1.2269  avg_reward=9.80  penalty_ratio=0.00%  eta=56.5s
2026-04-10 18:09:37 [INFO] src.pomo_trainer:   batch 530/625 (84.8%)  loss=65.5804  avg_reward=1428.43  penalty_ratio=0.00%  eta=51.2s
2026-04-10 18:09:43 [INFO] src.pomo_trainer:   batch 540/625 (86.4%)  loss=78.2057  avg_reward=1850.86  penalty_ratio=0.00%  eta=46.0s
2026-04-10 18:09:48 [INFO] src.pomo_trainer:   batch 550/625 (88.0%)  loss=-0.0000  avg_reward=-1250.24  penalty_ratio=0.00%  eta=40.5s
2026-04-10 18:09:54 [INFO] src.pomo_trainer:   batch 560/625 (89.6%)  loss=139.9736  avg_reward=2397.36  penalty_ratio=0.00%  eta=35.2s
2026-04-10 18:10:00 [INFO] src.pomo_trainer:   batch 570/625 (91.2%)  loss=-0.0000  avg_reward=-1156.69  penalty_ratio=0.00%  eta=29.8s
2026-04-10 18:10:05 [INFO] src.pomo_trainer:   batch 580/625 (92.8%)  loss=113.3067  avg_reward=1983.19  penalty_ratio=0.00%  eta=24.3s
2026-04-10 18:10:12 [INFO] src.pomo_trainer:   batch 590/625 (94.4%)  loss=106.2679  avg_reward=2715.11  penalty_ratio=0.00%  eta=19.0s
2026-04-10 18:10:17 [INFO] src.pomo_trainer:   batch 600/625 (96.0%)  loss=-18.0057  avg_reward=1860.22  penalty_ratio=0.00%  eta=13.6s
2026-04-10 18:10:23 [INFO] src.pomo_trainer:   batch 610/625 (97.6%)  loss=111.8659  avg_reward=2270.73  penalty_ratio=0.00%  eta=8.2s
2026-04-10 18:10:27 [INFO] src.pomo_trainer:   batch 620/625 (99.2%)  loss=-23.4519  avg_reward=669.06  penalty_ratio=0.00%  eta=2.7s
2026-04-10 18:10:29 [INFO] __main__: Epoch 73  stage=main  loss=33.273580  reward=2037.10  var=236753.77  penalty=0.00%  mem_max=nan%
2026-04-10 18:10:29 [INFO] __main__: Training progress: 23/950 (2.4%)  elapsed=6899.5s  eta=278078.9s
2026-04-10 18:10:29 [INFO] __main__: 
--- Epoch 74 / 1000 ---
2026-04-10 18:10:34 [INFO] src.pomo_trainer:   batch 10/625 (1.6%)  loss=25.5060  avg_reward=1743.28  penalty_ratio=0.00%  eta=308.3s
2026-04-10 18:10:39 [INFO] src.pomo_trainer:   batch 20/625 (3.2%)  loss=-10.1920  avg_reward=2096.73  penalty_ratio=0.00%  eta=305.7s
2026-04-10 18:10:43 [INFO] src.pomo_trainer:   batch 30/625 (4.8%)  loss=22.2133  avg_reward=1847.61  penalty_ratio=0.00%  eta=279.2s
2026-04-10 18:10:48 [INFO] src.pomo_trainer:   batch 40/625 (6.4%)  loss=132.9339  avg_reward=2006.07  penalty_ratio=0.00%  eta=274.6s
2026-04-10 18:10:54 [INFO] src.pomo_trainer:   batch 50/625 (8.0%)  loss=63.4556  avg_reward=2815.88  penalty_ratio=0.00%  eta=282.2s
2026-04-10 18:10:58 [INFO] src.pomo_trainer:   batch 60/625 (9.6%)  loss=-15.2525  avg_reward=2876.70  penalty_ratio=0.00%  eta=274.1s
2026-04-10 18:11:04 [INFO] src.pomo_trainer:   batch 70/625 (11.2%)  loss=-44.8999  avg_reward=3752.09  penalty_ratio=0.00%  eta=274.6s
2026-04-10 18:11:08 [INFO] src.pomo_trainer:   batch 80/625 (12.8%)  loss=68.5715  avg_reward=3267.92  penalty_ratio=0.00%  eta=267.8s
2026-04-10 18:11:13 [INFO] src.pomo_trainer:   batch 90/625 (14.4%)  loss=51.6583  avg_reward=3115.51  penalty_ratio=0.00%  eta=259.9s
2026-04-10 18:11:16 [INFO] src.pomo_trainer:   batch 100/625 (16.0%)  loss=23.7204  avg_reward=960.93  penalty_ratio=0.00%  eta=248.3s
2026-04-10 18:11:22 [INFO] src.pomo_trainer:   batch 110/625 (17.6%)  loss=122.0465  avg_reward=2328.40  penalty_ratio=0.00%  eta=246.3s
2026-04-10 18:11:26 [INFO] src.pomo_trainer:   batch 120/625 (19.2%)  loss=-30.3514  avg_reward=4770.44  penalty_ratio=0.00%  eta=238.2s
2026-04-10 18:11:29 [INFO] src.pomo_trainer:   batch 130/625 (20.8%)  loss=-16.5088  avg_reward=482.84  penalty_ratio=0.00%  eta=228.7s
2026-04-10 18:11:33 [INFO] src.pomo_trainer:   batch 140/625 (22.4%)  loss=-17.8167  avg_reward=2141.84  penalty_ratio=0.00%  eta=222.7s
2026-04-10 18:11:38 [INFO] src.pomo_trainer:   batch 150/625 (24.0%)  loss=-30.7583  avg_reward=4369.74  penalty_ratio=0.00%  eta=218.7s
2026-04-10 18:11:42 [INFO] src.pomo_trainer:   batch 160/625 (25.6%)  loss=-15.7857  avg_reward=2175.94  penalty_ratio=0.00%  eta=212.8s
2026-04-10 18:11:45 [INFO] src.pomo_trainer:   batch 170/625 (27.2%)  loss=147.1456  avg_reward=2574.58  penalty_ratio=0.00%  eta=204.0s
2026-04-10 18:11:49 [INFO] src.pomo_trainer:   batch 180/625 (28.8%)  loss=-3.9401  avg_reward=342.31  penalty_ratio=0.00%  eta=199.1s
2026-04-10 18:11:54 [INFO] src.pomo_trainer:   batch 190/625 (30.4%)  loss=133.8101  avg_reward=2747.86  penalty_ratio=0.00%  eta=195.4s
2026-04-10 18:12:01 [INFO] src.pomo_trainer:   batch 200/625 (32.0%)  loss=-17.1209  avg_reward=301.00  penalty_ratio=0.00%  eta=194.5s
2026-04-10 18:12:07 [INFO] src.pomo_trainer:   batch 210/625 (33.6%)  loss=-4.2936  avg_reward=3011.16  penalty_ratio=0.00%  eta=193.9s
2026-04-10 18:12:13 [INFO] src.pomo_trainer:   batch 220/625 (35.2%)  loss=-0.0000  avg_reward=-1106.07  penalty_ratio=0.00%  eta=191.5s
2026-04-10 18:12:17 [INFO] src.pomo_trainer:   batch 230/625 (36.8%)  loss=-15.3628  avg_reward=806.86  penalty_ratio=0.00%  eta=185.5s
2026-04-10 18:12:23 [INFO] src.pomo_trainer:   batch 240/625 (38.4%)  loss=189.7459  avg_reward=3060.75  penalty_ratio=0.00%  eta=182.8s
2026-04-10 18:12:28 [INFO] src.pomo_trainer:   batch 250/625 (40.0%)  loss=155.3018  avg_reward=2397.24  penalty_ratio=0.00%  eta=177.9s
2026-04-10 18:12:32 [INFO] src.pomo_trainer:   batch 260/625 (41.6%)  loss=184.4094  avg_reward=2216.41  penalty_ratio=0.00%  eta=172.6s
2026-04-10 18:12:38 [INFO] src.pomo_trainer:   batch 270/625 (43.2%)  loss=4.5097  avg_reward=1887.61  penalty_ratio=0.00%  eta=169.0s
2026-04-10 18:12:42 [INFO] src.pomo_trainer:   batch 280/625 (44.8%)  loss=45.3255  avg_reward=2213.92  penalty_ratio=0.00%  eta=163.9s
2026-04-10 18:12:47 [INFO] src.pomo_trainer:   batch 290/625 (46.4%)  loss=39.8823  avg_reward=1934.57  penalty_ratio=0.00%  eta=159.0s
2026-04-10 18:12:52 [INFO] src.pomo_trainer:   batch 300/625 (48.0%)  loss=44.7344  avg_reward=711.83  penalty_ratio=0.00%  eta=154.7s
2026-04-10 18:12:56 [INFO] src.pomo_trainer:   batch 310/625 (49.6%)  loss=-13.6622  avg_reward=2524.35  penalty_ratio=0.00%  eta=149.8s
2026-04-10 18:13:01 [INFO] src.pomo_trainer:   batch 320/625 (51.2%)  loss=-4.2865  avg_reward=-537.89  penalty_ratio=0.00%  eta=144.7s
2026-04-10 18:13:05 [INFO] src.pomo_trainer:   batch 330/625 (52.8%)  loss=150.1909  avg_reward=2967.66  penalty_ratio=0.00%  eta=139.4s
2026-04-10 18:13:11 [INFO] src.pomo_trainer:   batch 340/625 (54.4%)  loss=4.6356  avg_reward=2218.02  penalty_ratio=0.00%  eta=135.7s
2026-04-10 18:13:15 [INFO] src.pomo_trainer:   batch 350/625 (56.0%)  loss=-7.6001  avg_reward=2052.18  penalty_ratio=0.00%  eta=130.5s
2026-04-10 18:13:21 [INFO] src.pomo_trainer:   batch 360/625 (57.6%)  loss=-3.3772  avg_reward=-814.06  penalty_ratio=0.00%  eta=126.3s
2026-04-10 18:13:26 [INFO] src.pomo_trainer:   batch 370/625 (59.2%)  loss=36.7657  avg_reward=3710.56  penalty_ratio=0.00%  eta=121.7s
2026-04-10 18:13:31 [INFO] src.pomo_trainer:   batch 380/625 (60.8%)  loss=-19.8861  avg_reward=2521.64  penalty_ratio=0.00%  eta=117.6s
2026-04-10 18:13:37 [INFO] src.pomo_trainer:   batch 390/625 (62.4%)  loss=-3.6971  avg_reward=1106.74  penalty_ratio=0.00%  eta=113.1s
2026-04-10 18:13:43 [INFO] src.pomo_trainer:   batch 400/625 (64.0%)  loss=-9.3420  avg_reward=1626.79  penalty_ratio=0.00%  eta=109.0s
2026-04-10 18:13:47 [INFO] src.pomo_trainer:   batch 410/625 (65.6%)  loss=101.0583  avg_reward=2174.32  penalty_ratio=0.00%  eta=103.8s
2026-04-10 18:13:52 [INFO] src.pomo_trainer:   batch 420/625 (67.2%)  loss=-0.0755  avg_reward=-247.66  penalty_ratio=0.00%  eta=99.0s
2026-04-10 18:13:57 [INFO] src.pomo_trainer:   batch 430/625 (68.8%)  loss=-12.9913  avg_reward=2587.65  penalty_ratio=0.00%  eta=94.1s
2026-04-10 18:14:01 [INFO] src.pomo_trainer:   batch 440/625 (70.4%)  loss=-6.9202  avg_reward=-151.03  penalty_ratio=0.00%  eta=89.3s
2026-04-10 18:14:06 [INFO] src.pomo_trainer:   batch 450/625 (72.0%)  loss=-9.3479  avg_reward=220.73  penalty_ratio=0.00%  eta=84.5s
2026-04-10 18:14:12 [INFO] src.pomo_trainer:   batch 460/625 (73.6%)  loss=-5.9253  avg_reward=3196.36  penalty_ratio=0.00%  eta=79.9s
2026-04-10 18:14:17 [INFO] src.pomo_trainer:   batch 470/625 (75.2%)  loss=162.3064  avg_reward=2462.97  penalty_ratio=0.00%  eta=75.1s
2026-04-10 18:14:23 [INFO] src.pomo_trainer:   batch 480/625 (76.8%)  loss=249.7417  avg_reward=3296.73  penalty_ratio=0.00%  eta=70.6s
2026-04-10 18:14:26 [INFO] src.pomo_trainer:   batch 490/625 (78.4%)  loss=37.2692  avg_reward=1443.34  penalty_ratio=0.00%  eta=65.3s
2026-04-10 18:14:33 [INFO] src.pomo_trainer:   batch 500/625 (80.0%)  loss=182.0987  avg_reward=2545.31  penalty_ratio=0.00%  eta=61.0s
2026-04-10 18:14:40 [INFO] src.pomo_trainer:   batch 510/625 (81.6%)  loss=128.9102  avg_reward=4131.45  penalty_ratio=0.00%  eta=56.5s
2026-04-10 18:14:44 [INFO] src.pomo_trainer:   batch 520/625 (83.2%)  loss=82.0437  avg_reward=1839.82  penalty_ratio=0.00%  eta=51.5s
2026-04-10 18:14:48 [INFO] src.pomo_trainer:   batch 530/625 (84.8%)  loss=54.8588  avg_reward=2416.34  penalty_ratio=0.00%  eta=46.5s
2026-04-10 18:14:54 [INFO] src.pomo_trainer:   batch 540/625 (86.4%)  loss=-8.3210  avg_reward=2130.75  penalty_ratio=0.00%  eta=41.8s
2026-04-10 18:15:00 [INFO] src.pomo_trainer:   batch 550/625 (88.0%)  loss=92.9053  avg_reward=3126.66  penalty_ratio=0.00%  eta=37.0s
2026-04-10 18:15:07 [INFO] src.pomo_trainer:   batch 560/625 (89.6%)  loss=-0.8788  avg_reward=-268.85  penalty_ratio=0.00%  eta=32.2s
2026-04-10 18:15:10 [INFO] src.pomo_trainer:   batch 570/625 (91.2%)  loss=77.5308  avg_reward=2622.72  penalty_ratio=0.00%  eta=27.2s
2026-04-10 18:15:16 [INFO] src.pomo_trainer:   batch 580/625 (92.8%)  loss=84.0729  avg_reward=2134.27  penalty_ratio=0.00%  eta=22.2s
2026-04-10 18:15:21 [INFO] src.pomo_trainer:   batch 590/625 (94.4%)  loss=-16.4400  avg_reward=3149.55  penalty_ratio=0.00%  eta=17.3s
2026-04-10 18:15:28 [INFO] src.pomo_trainer:   batch 600/625 (96.0%)  loss=96.9750  avg_reward=2702.14  penalty_ratio=0.00%  eta=12.5s
2026-04-10 18:15:34 [INFO] src.pomo_trainer:   batch 610/625 (97.6%)  loss=58.2368  avg_reward=2455.50  penalty_ratio=0.00%  eta=7.5s
2026-04-10 18:15:39 [INFO] src.pomo_trainer:   batch 620/625 (99.2%)  loss=-14.4342  avg_reward=302.69  penalty_ratio=0.00%  eta=2.5s
2026-04-10 18:15:41 [INFO] __main__: Epoch 74  stage=main  loss=43.011628  reward=1941.49  var=223049.03  penalty=0.00%  mem_max=nan%
2026-04-10 18:15:41 [INFO] __main__: Training progress: 24/950 (2.5%)  elapsed=7211.8s  eta=278254.8s
2026-04-10 18:15:41 [INFO] __main__: 
--- Epoch 75 / 1000 ---
2026-04-10 18:15:48 [INFO] src.pomo_trainer:   batch 10/625 (1.6%)  loss=-14.5362  avg_reward=2589.90  penalty_ratio=0.00%  eta=415.4s
2026-04-10 18:15:55 [INFO] src.pomo_trainer:   batch 20/625 (3.2%)  loss=53.3108  avg_reward=2098.17  penalty_ratio=0.00%  eta=423.3s
2026-04-10 18:16:00 [INFO] src.pomo_trainer:   batch 30/625 (4.8%)  loss=16.3790  avg_reward=1736.35  penalty_ratio=0.00%  eta=377.4s
2026-04-10 18:16:06 [INFO] src.pomo_trainer:   batch 40/625 (6.4%)  loss=-0.6435  avg_reward=2878.57  penalty_ratio=0.00%  eta=360.6s
2026-04-10 18:16:10 [INFO] src.pomo_trainer:   batch 50/625 (8.0%)  loss=-2.8666  avg_reward=3597.22  penalty_ratio=0.00%  eta=332.7s
2026-04-10 18:16:15 [INFO] src.pomo_trainer:   batch 60/625 (9.6%)  loss=42.7459  avg_reward=698.12  penalty_ratio=0.00%  eta=315.4s
2026-04-10 18:16:21 [INFO] src.pomo_trainer:   batch 70/625 (11.2%)  loss=-3.9332  avg_reward=3646.88  penalty_ratio=0.00%  eta=315.7s
2026-04-10 18:16:26 [INFO] src.pomo_trainer:   batch 80/625 (12.8%)  loss=-0.0000  avg_reward=-162.01  penalty_ratio=0.00%  eta=302.9s
2026-04-10 18:16:30 [INFO] src.pomo_trainer:   batch 90/625 (14.4%)  loss=-0.0381  avg_reward=-238.84  penalty_ratio=0.00%  eta=290.6s
2026-04-10 18:16:36 [INFO] src.pomo_trainer:   batch 100/625 (16.0%)  loss=86.8823  avg_reward=3713.66  penalty_ratio=0.00%  eta=289.0s
2026-04-10 18:16:42 [INFO] src.pomo_trainer:   batch 110/625 (17.6%)  loss=190.1282  avg_reward=2478.22  penalty_ratio=0.00%  eta=284.9s
2026-04-10 18:16:47 [INFO] src.pomo_trainer:   batch 120/625 (19.2%)  loss=-7.2433  avg_reward=3179.75  penalty_ratio=0.00%  eta=277.9s
2026-04-10 18:16:54 [INFO] src.pomo_trainer:   batch 130/625 (20.8%)  loss=4.1435  avg_reward=1226.07  penalty_ratio=0.00%  eta=275.6s
2026-04-10 18:16:58 [INFO] src.pomo_trainer:   batch 140/625 (22.4%)  loss=42.0791  avg_reward=1584.86  penalty_ratio=0.00%  eta=266.9s
2026-04-10 18:17:04 [INFO] src.pomo_trainer:   batch 150/625 (24.0%)  loss=9.3339  avg_reward=1046.51  penalty_ratio=0.00%  eta=260.7s
2026-04-10 18:17:09 [INFO] src.pomo_trainer:   batch 160/625 (25.6%)  loss=-14.1250  avg_reward=4234.24  penalty_ratio=0.00%  eta=254.4s
2026-04-10 18:17:14 [INFO] src.pomo_trainer:   batch 170/625 (27.2%)  loss=253.3430  avg_reward=4209.57  penalty_ratio=0.00%  eta=248.2s
2026-04-10 18:17:19 [INFO] src.pomo_trainer:   batch 180/625 (28.8%)  loss=4.3236  avg_reward=2598.82  penalty_ratio=0.00%  eta=242.5s
2026-04-10 18:17:24 [INFO] src.pomo_trainer:   batch 190/625 (30.4%)  loss=204.5001  avg_reward=2527.39  penalty_ratio=0.00%  eta=235.6s
2026-04-10 18:17:30 [INFO] src.pomo_trainer:   batch 200/625 (32.0%)  loss=59.6013  avg_reward=2643.34  penalty_ratio=0.00%  eta=230.1s
2026-04-10 18:17:35 [INFO] src.pomo_trainer:   batch 210/625 (33.6%)  loss=44.7741  avg_reward=1913.99  penalty_ratio=0.00%  eta=225.4s
2026-04-10 18:17:41 [INFO] src.pomo_trainer:   batch 220/625 (35.2%)  loss=77.8702  avg_reward=2065.21  penalty_ratio=0.00%  eta=220.0s
2026-04-10 18:17:47 [INFO] src.pomo_trainer:   batch 230/625 (36.8%)  loss=-16.7052  avg_reward=1932.85  penalty_ratio=0.00%  eta=216.1s
2026-04-10 18:17:53 [INFO] src.pomo_trainer:   batch 240/625 (38.4%)  loss=120.8568  avg_reward=4664.70  penalty_ratio=0.00%  eta=211.9s
2026-04-10 18:17:59 [INFO] src.pomo_trainer:   batch 250/625 (40.0%)  loss=-54.2794  avg_reward=5294.89  penalty_ratio=0.00%  eta=206.7s
2026-04-10 18:18:04 [INFO] src.pomo_trainer:   batch 260/625 (41.6%)  loss=165.0182  avg_reward=2389.92  penalty_ratio=0.00%  eta=200.6s
2026-04-10 18:18:09 [INFO] src.pomo_trainer:   batch 270/625 (43.2%)  loss=-1.8216  avg_reward=-417.93  penalty_ratio=0.00%  eta=193.7s
2026-04-10 18:18:14 [INFO] src.pomo_trainer:   batch 280/625 (44.8%)  loss=-16.5840  avg_reward=3130.55  penalty_ratio=0.00%  eta=188.5s
2026-04-10 18:18:19 [INFO] src.pomo_trainer:   batch 290/625 (46.4%)  loss=72.6246  avg_reward=2459.03  penalty_ratio=0.00%  eta=182.1s
2026-04-10 18:18:23 [INFO] src.pomo_trainer:   batch 300/625 (48.0%)  loss=-20.6649  avg_reward=3437.22  penalty_ratio=0.00%  eta=175.0s
2026-04-10 18:18:28 [INFO] src.pomo_trainer:   batch 310/625 (49.6%)  loss=61.5506  avg_reward=1626.38  penalty_ratio=0.00%  eta=169.5s
2026-04-10 18:18:34 [INFO] src.pomo_trainer:   batch 320/625 (51.2%)  loss=-0.0000  avg_reward=-562.48  penalty_ratio=0.00%  eta=164.4s
2026-04-10 18:18:39 [INFO] src.pomo_trainer:   batch 330/625 (52.8%)  loss=14.2307  avg_reward=2070.14  penalty_ratio=0.00%  eta=159.1s
2026-04-10 18:18:43 [INFO] src.pomo_trainer:   batch 340/625 (54.4%)  loss=-7.1095  avg_reward=871.69  penalty_ratio=0.00%  eta=152.1s
2026-04-10 18:18:47 [INFO] src.pomo_trainer:   batch 350/625 (56.0%)  loss=-0.0000  avg_reward=-167.92  penalty_ratio=0.00%  eta=146.1s
2026-04-10 18:18:52 [INFO] src.pomo_trainer:   batch 360/625 (57.6%)  loss=83.0487  avg_reward=3461.64  penalty_ratio=0.00%  eta=140.4s
2026-04-10 18:18:58 [INFO] src.pomo_trainer:   batch 370/625 (59.2%)  loss=250.1635  avg_reward=1972.32  penalty_ratio=0.00%  eta=135.3s
2026-04-10 18:19:01 [INFO] src.pomo_trainer:   batch 380/625 (60.8%)  loss=-11.9864  avg_reward=2610.51  penalty_ratio=0.00%  eta=128.8s
2026-04-10 18:19:06 [INFO] src.pomo_trainer:   batch 390/625 (62.4%)  loss=-1.2697  avg_reward=641.27  penalty_ratio=0.00%  eta=123.2s
2026-04-10 18:19:11 [INFO] src.pomo_trainer:   batch 400/625 (64.0%)  loss=135.9552  avg_reward=2372.00  penalty_ratio=0.00%  eta=117.9s
2026-04-10 18:19:16 [INFO] src.pomo_trainer:   batch 410/625 (65.6%)  loss=-0.0000  avg_reward=-176.33  penalty_ratio=0.00%  eta=112.6s
2026-04-10 18:19:19 [INFO] src.pomo_trainer:   batch 420/625 (67.2%)  loss=7.6621  avg_reward=1881.39  penalty_ratio=0.00%  eta=106.4s
2026-04-10 18:19:24 [INFO] src.pomo_trainer:   batch 430/625 (68.8%)  loss=14.2758  avg_reward=3250.57  penalty_ratio=0.00%  eta=101.2s
2026-04-10 18:19:28 [INFO] src.pomo_trainer:   batch 440/625 (70.4%)  loss=150.3152  avg_reward=1872.26  penalty_ratio=0.00%  eta=95.5s
2026-04-10 18:19:34 [INFO] src.pomo_trainer:   batch 450/625 (72.0%)  loss=202.6367  avg_reward=2492.66  penalty_ratio=0.00%  eta=90.4s
2026-04-10 18:19:39 [INFO] src.pomo_trainer:   batch 460/625 (73.6%)  loss=146.1763  avg_reward=4418.23  penalty_ratio=0.00%  eta=85.3s
2026-04-10 18:19:46 [INFO] src.pomo_trainer:   batch 470/625 (75.2%)  loss=-6.7792  avg_reward=1589.47  penalty_ratio=0.00%  eta=80.7s
2026-04-10 18:19:51 [INFO] src.pomo_trainer:   batch 480/625 (76.8%)  loss=-0.0000  avg_reward=-1011.07  penalty_ratio=0.00%  eta=75.4s
2026-04-10 18:19:56 [INFO] src.pomo_trainer:   batch 490/625 (78.4%)  loss=-35.8708  avg_reward=4811.44  penalty_ratio=0.00%  eta=70.1s
2026-04-10 18:20:00 [INFO] src.pomo_trainer:   batch 500/625 (80.0%)  loss=-33.4207  avg_reward=3934.67  penalty_ratio=0.00%  eta=64.7s
2026-04-10 18:20:04 [INFO] src.pomo_trainer:   batch 510/625 (81.6%)  loss=109.1528  avg_reward=1482.67  penalty_ratio=0.00%  eta=59.2s
2026-04-10 18:20:07 [INFO] src.pomo_trainer:   batch 520/625 (83.2%)  loss=115.9824  avg_reward=3765.51  penalty_ratio=0.00%  eta=53.6s
2026-04-10 18:20:14 [INFO] src.pomo_trainer:   batch 530/625 (84.8%)  loss=-46.9977  avg_reward=2341.05  penalty_ratio=0.00%  eta=48.8s
2026-04-10 18:20:18 [INFO] src.pomo_trainer:   batch 540/625 (86.4%)  loss=93.0872  avg_reward=3040.76  penalty_ratio=0.00%  eta=43.5s
2026-04-10 18:20:22 [INFO] src.pomo_trainer:   batch 550/625 (88.0%)  loss=144.8593  avg_reward=1403.02  penalty_ratio=0.00%  eta=38.3s
2026-04-10 18:20:28 [INFO] src.pomo_trainer:   batch 560/625 (89.6%)  loss=-0.7046  avg_reward=304.10  penalty_ratio=0.00%  eta=33.3s
2026-04-10 18:20:34 [INFO] src.pomo_trainer:   batch 570/625 (91.2%)  loss=172.2754  avg_reward=1832.28  penalty_ratio=0.00%  eta=28.2s
2026-04-10 18:20:37 [INFO] src.pomo_trainer:   batch 580/625 (92.8%)  loss=-30.4942  avg_reward=844.35  penalty_ratio=0.00%  eta=23.0s
2026-04-10 18:20:43 [INFO] src.pomo_trainer:   batch 590/625 (94.4%)  loss=0.0054  avg_reward=59.81  penalty_ratio=0.00%  eta=17.9s
2026-04-10 18:20:47 [INFO] src.pomo_trainer:   batch 600/625 (96.0%)  loss=-0.0000  avg_reward=-1188.47  penalty_ratio=0.00%  eta=12.7s
2026-04-10 18:20:51 [INFO] src.pomo_trainer:   batch 610/625 (97.6%)  loss=9.7599  avg_reward=1839.56  penalty_ratio=0.00%  eta=7.6s
2026-04-10 18:20:56 [INFO] src.pomo_trainer:   batch 620/625 (99.2%)  loss=-0.3026  avg_reward=-255.62  penalty_ratio=0.00%  eta=2.5s
2026-04-10 18:20:59 [INFO] __main__: Epoch 75  stage=main  loss=38.956578  reward=1931.93  var=227306.85  penalty=0.00%  mem_max=nan%
2026-04-10 18:20:59 [INFO] __main__: Training progress: 25/950 (2.6%)  elapsed=7529.9s  eta=278605.4s
2026-04-10 18:21:15 [INFO] __main__: Validation reward (all stages): 1392.9906
2026-04-10 18:21:15 [INFO] __main__: 
--- Epoch 76 / 1000 ---
2026-04-10 18:21:20 [INFO] src.pomo_trainer:   batch 10/625 (1.6%)  loss=4.1329  avg_reward=4343.43  penalty_ratio=0.00%  eta=345.8s
2026-04-10 18:21:26 [INFO] src.pomo_trainer:   batch 20/625 (3.2%)  loss=-22.4305  avg_reward=4231.06  penalty_ratio=0.00%  eta=354.5s
2026-04-10 18:21:33 [INFO] src.pomo_trainer:   batch 30/625 (4.8%)  loss=88.4782  avg_reward=1461.23  penalty_ratio=0.00%  eta=356.8s
2026-04-10 18:21:37 [INFO] src.pomo_trainer:   batch 40/625 (6.4%)  loss=104.3438  avg_reward=3890.55  penalty_ratio=0.00%  eta=323.6s
2026-04-10 18:31:20 [INFO] __main__: Resuming in existing run folder: /content/drive/MyDrive/SOS_Lab_VRPTW/results/train_20260408_093200_stage_1_50cust
2026-04-10 18:31:21 [INFO] __main__: Training device: cuda
