Results folder created        : D:\Uni Material\Code_Odyssey\Code\DQN\260407\results\2510_2023-01-16_260410_2259_cg
Loading problem data...
Using device: cpu
Loading POMO model from d:\Uni Material\Code_Odyssey\Code\DQN\260407\results\train_20260408_093200_stage_1_50cust\pretrained_pomo\model_epoch_50.pt...
Building initial dummy basis...
Starting Root Node Column Generation...

[Iteration 1] RMP Objective: 4000000.00
[Iteration 1] POMO generated 198 negative RC columns.
[Iteration 1] Adding Columns:
  - Vehicle: AUV | RC: -898513.34 | Cost: 1486.66 | Route: [0, 27, 31, 9, 37, 3, 5, 29, 35, 2, 0]
  - Vehicle: AUV | RC: -898506.18 | Cost: 1493.82 | Route: [0, 8, 31, 9, 37, 3, 5, 29, 35, 4, 0]
  - Vehicle: AUV | RC: -898501.82 | Cost: 1498.18 | Route: [0, 16, 31, 9, 37, 3, 5, 35, 29, 32, 0]
  - Vehicle: AUV | RC: -898501.32 | Cost: 1498.68 | Route: [0, 7, 31, 9, 37, 3, 5, 35, 29, 32, 0]
  - Vehicle: AUV | RC: -898486.14 | Cost: 1513.86 | Route: [0, 19, 31, 9, 37, 3, 5, 29, 35, 28, 0]
  - Vehicle: AUV | RC: -898485.43 | Cost: 1514.57 | Route: [0, 31, 9, 37, 3, 5, 29, 35, 28, 4, 0]
  - Vehicle: AUV | RC: -898477.87 | Cost: 1522.13 | Route: [0, 35, 31, 9, 37, 3, 5, 29, 28, 4, 0]
  - Vehicle: AUV | RC: -898475.08 | Cost: 1524.92 | Route: [0, 39, 31, 9, 37, 3, 5, 35, 29, 32, 0]
  - Vehicle: AUV | RC: -898474.29 | Cost: 1525.71 | Route: [0, 20, 31, 9, 37, 3, 5, 29, 35, 28, 0]
  - Vehicle: AUV | RC: -898474.11 | Cost: 1525.89 | Route: [0, 15, 31, 9, 37, 3, 5, 29, 35, 28, 0]
  - Vehicle: AUV | RC: -898474.11 | Cost: 1525.89 | Route: [0, 14, 31, 9, 37, 3, 5, 29, 35, 28, 0]
  - Vehicle: AUV | RC: -898474.09 | Cost: 1525.91 | Route: [0, 6, 31, 9, 37, 3, 5, 29, 35, 28, 0]
  - Vehicle: AUV | RC: -898473.31 | Cost: 1526.69 | Route: [0, 26, 31, 9, 37, 3, 5, 29, 35, 28, 0]
  - Vehicle: AUV | RC: -898463.69 | Cost: 1536.31 | Route: [0, 17, 31, 9, 37, 3, 5, 29, 35, 4, 0]
  - Vehicle: AUV | RC: -898446.07 | Cost: 1553.93 | Route: [0, 32, 31, 9, 37, 3, 5, 29, 35, 4, 0]
  - Vehicle: AUV | RC: -898437.69 | Cost: 1562.31 | Route: [0, 29, 31, 9, 37, 3, 5, 35, 28, 4, 0]
  - Vehicle: AUV | RC: -898432.14 | Cost: 1567.86 | Route: [0, 37, 31, 9, 3, 5, 29, 35, 28, 4, 0]
  - Vehicle: AUV | RC: -898423.92 | Cost: 1576.08 | Route: [0, 2, 31, 9, 37, 3, 5, 29, 35, 28, 0]
  - Vehicle: AUV | RC: -898422.81 | Cost: 1577.19 | Route: [0, 30, 31, 9, 37, 3, 5, 29, 35, 4, 0]
  - Vehicle: AUV | RC: -898410.18 | Cost: 1589.82 | Route: [0, 11, 31, 9, 37, 3, 5, 29, 35, 4, 0]
  - Vehicle: AUV | RC: -898405.04 | Cost: 1594.96 | Route: [0, 24, 31, 9, 37, 3, 5, 29, 35, 4, 0]
  - Vehicle: AUV | RC: -898396.51 | Cost: 1603.49 | Route: [0, 9, 31, 37, 3, 5, 29, 35, 28, 11, 0]
  - Vehicle: AUV | RC: -898395.75 | Cost: 1604.25 | Route: [0, 33, 31, 9, 37, 3, 5, 29, 35, 4, 0]
  - Vehicle: AUV | RC: -898394.16 | Cost: 1605.84 | Route: [0, 10, 31, 9, 37, 3, 5, 29, 35, 28, 0]
  - Vehicle: AUV | RC: -898386.40 | Cost: 1613.60 | Route: [0, 4, 31, 9, 37, 3, 5, 29, 35, 28, 0]
  - Vehicle: AUV | RC: -898379.81 | Cost: 1620.19 | Route: [0, 28, 31, 9, 37, 3, 5, 29, 35, 11, 0]
  - Vehicle: 4w | RC: -898276.89 | Cost: 1723.11 | Route: [0, 19, 31, 9, 3, 5, 35, 37, 29, 26, 0]
  - Vehicle: 4w | RC: -898268.13 | Cost: 1731.87 | Route: [0, 31, 9, 3, 5, 35, 37, 29, 26, 20, 0]
  - Vehicle: 4w | RC: -898262.57 | Cost: 1737.43 | Route: [0, 20, 31, 9, 3, 5, 35, 37, 29, 26, 0]
  - Vehicle: 4w | RC: -898262.39 | Cost: 1737.61 | Route: [0, 14, 31, 9, 3, 5, 35, 37, 29, 26, 0]
  - Vehicle: 4w | RC: -898262.36 | Cost: 1737.64 | Route: [0, 15, 31, 9, 3, 5, 35, 37, 29, 26, 0]
  - Vehicle: 4w | RC: -898262.33 | Cost: 1737.67 | Route: [0, 6, 31, 9, 3, 5, 35, 37, 29, 26, 0]
  - Vehicle: 4w | RC: -898230.17 | Cost: 1769.83 | Route: [0, 26, 31, 9, 3, 5, 35, 37, 29, 28, 0]
  - Vehicle: 4w | RC: -898221.46 | Cost: 1778.54 | Route: [0, 35, 31, 9, 3, 5, 37, 29, 26, 20, 0]
  - Vehicle: 4w | RC: -898216.63 | Cost: 1783.37 | Route: [0, 8, 31, 9, 3, 5, 35, 37, 29, 28, 0]
  - Vehicle: 4w | RC: -898202.13 | Cost: 1797.87 | Route: [0, 2, 31, 9, 3, 5, 35, 37, 29, 26, 0]
  - Vehicle: 4w | RC: -898196.92 | Cost: 1803.08 | Route: [0, 17, 31, 9, 3, 5, 35, 37, 29, 26, 0]
  - Vehicle: 4w | RC: -898196.40 | Cost: 1803.60 | Route: [0, 5, 31, 9, 3, 35, 37, 29, 26, 20, 0]
  - Vehicle: 4w | RC: -898195.08 | Cost: 1804.92 | Route: [0, 3, 31, 9, 5, 35, 37, 29, 26, 20, 0]
  - Vehicle: 4w | RC: -898185.76 | Cost: 1814.24 | Route: [0, 27, 31, 9, 3, 5, 35, 37, 29, 28, 0]
  - Vehicle: 4w | RC: -898175.78 | Cost: 1824.22 | Route: [0, 32, 31, 9, 3, 5, 35, 37, 29, 26, 0]
  - Vehicle: 4w | RC: -898173.20 | Cost: 1826.80 | Route: [0, 29, 31, 9, 3, 5, 35, 37, 26, 14, 0]
  - Vehicle: 4w | RC: -898167.84 | Cost: 1832.16 | Route: [0, 9, 31, 3, 5, 35, 37, 29, 26, 14, 0]
  - Vehicle: 4w | RC: -898166.41 | Cost: 1833.59 | Route: [0, 10, 31, 9, 3, 5, 35, 37, 29, 26, 0]
  - Vehicle: 4w | RC: -898165.85 | Cost: 1834.15 | Route: [0, 37, 31, 9, 3, 5, 35, 29, 26, 14, 0]
  - Vehicle: 4w | RC: -898157.08 | Cost: 1842.92 | Route: [0, 4, 31, 9, 3, 5, 35, 37, 29, 26, 0]
  - Vehicle: 4w | RC: -898153.94 | Cost: 1846.06 | Route: [0, 16, 31, 9, 3, 5, 35, 37, 29, 28, 0]
  - Vehicle: 4w | RC: -898153.35 | Cost: 1846.65 | Route: [0, 7, 31, 9, 3, 5, 35, 37, 29, 28, 0]
  - Vehicle: 4w | RC: -898147.87 | Cost: 1852.13 | Route: [0, 30, 31, 9, 3, 5, 35, 37, 29, 26, 0]
  - Vehicle: 4w | RC: -898122.07 | Cost: 1877.93 | Route: [0, 40, 31, 9, 3, 5, 35, 37, 29, 28, 0]
  - Vehicle: 4w | RC: -898121.88 | Cost: 1878.12 | Route: [0, 39, 31, 9, 3, 5, 35, 37, 29, 28, 0]
  - Vehicle: 4w | RC: -898105.30 | Cost: 1894.70 | Route: [0, 25, 31, 9, 3, 5, 35, 37, 29, 28, 0]
  - Vehicle: 4w | RC: -898103.51 | Cost: 1896.49 | Route: [0, 12, 31, 9, 3, 5, 35, 37, 29, 28, 0]
  - Vehicle: 4w | RC: -898101.44 | Cost: 1898.56 | Route: [0, 11, 31, 9, 3, 5, 35, 37, 29, 28, 0]
  - Vehicle: 4w | RC: -898095.27 | Cost: 1904.73 | Route: [0, 24, 31, 9, 3, 5, 35, 37, 29, 28, 0]
  - Vehicle: 4w | RC: -898088.66 | Cost: 1911.34 | Route: [0, 23, 31, 9, 3, 5, 35, 37, 29, 28, 0]
  - Vehicle: 4w | RC: -898087.54 | Cost: 1912.46 | Route: [0, 22, 31, 9, 3, 5, 35, 37, 29, 28, 0]
  - Vehicle: 4w | RC: -898084.11 | Cost: 1915.89 | Route: [0, 33, 31, 9, 3, 5, 35, 37, 29, 28, 0]
  - Vehicle: 4w | RC: -898081.29 | Cost: 1918.71 | Route: [0, 28, 31, 9, 3, 5, 35, 37, 29, 4, 0]
  - Vehicle: 4w | RC: -898021.34 | Cost: 1978.66 | Route: [0, 38, 31, 9, 3, 5, 35, 37, 29, 32, 0]
  - Vehicle: 6w | RC: -897825.44 | Cost: 2174.56 | Route: [0, 14, 31, 27, 9, 3, 5, 35, 29, 32, 0]
  - Vehicle: 6w | RC: -897824.32 | Cost: 2175.68 | Route: [0, 26, 31, 27, 9, 3, 5, 35, 29, 32, 0]
  - Vehicle: 6w | RC: -897806.12 | Cost: 2193.88 | Route: [0, 19, 31, 27, 9, 3, 5, 35, 29, 37, 0]
  - Vehicle: 10w | RC: -897172.53 | Cost: 2827.47 | Route: [0, 17, 27, 31, 3, 9, 5, 35, 29, 32, 0]
  - Vehicle: 40ft | RC: -896804.45 | Cost: 3195.55 | Route: [0, 17, 27, 31, 3, 9, 5, 35, 29, 32, 0]
  - Vehicle: AUV | RC: -798541.50 | Cost: 1458.50 | Route: [0, 1, 31, 9, 37, 3, 5, 29, 35, 0]
  - Vehicle: AUV | RC: -798487.41 | Cost: 1512.59 | Route: [0, 40, 31, 9, 37, 3, 5, 29, 35, 0]
  - Vehicle: AUV | RC: -798473.44 | Cost: 1526.56 | Route: [0, 25, 31, 9, 37, 3, 5, 29, 35, 0]
  - Vehicle: AUV | RC: -798471.95 | Cost: 1528.05 | Route: [0, 12, 31, 9, 37, 3, 5, 29, 35, 0]
  - Vehicle: AUV | RC: -798459.59 | Cost: 1540.41 | Route: [0, 23, 31, 9, 37, 3, 5, 29, 35, 0]
  - Vehicle: AUV | RC: -798458.66 | Cost: 1541.34 | Route: [0, 22, 31, 9, 37, 3, 5, 29, 35, 0]
  - Vehicle: AUV | RC: -798428.47 | Cost: 1571.53 | Route: [0, 3, 31, 9, 37, 5, 29, 35, 28, 0]
  - Vehicle: AUV | RC: -798428.44 | Cost: 1571.56 | Route: [0, 5, 31, 9, 37, 3, 29, 35, 28, 0]
  - Vehicle: AUV | RC: -798373.24 | Cost: 1626.76 | Route: [0, 34, 31, 9, 37, 3, 5, 35, 29, 0]
  - Vehicle: AUV | RC: -798352.30 | Cost: 1647.70 | Route: [0, 18, 31, 9, 37, 3, 5, 35, 29, 0]
  - Vehicle: AUV | RC: -798336.59 | Cost: 1663.41 | Route: [0, 38, 31, 9, 37, 3, 5, 29, 35, 0]
  - Vehicle: 4w | RC: -798275.58 | Cost: 1724.42 | Route: [0, 1, 31, 9, 3, 5, 35, 37, 29, 0]
  - Vehicle: AUV | RC: -798237.67 | Cost: 1762.33 | Route: [0, 13, 31, 9, 37, 3, 5, 29, 35, 0]
  - Vehicle: AUV | RC: -798237.31 | Cost: 1762.69 | Route: [0, 36, 31, 9, 37, 3, 5, 29, 35, 0]
  - Vehicle: AUV | RC: -798046.26 | Cost: 1953.74 | Route: [0, 21, 31, 9, 37, 3, 5, 35, 29, 0]
  - Vehicle: 4w | RC: -798034.06 | Cost: 1965.94 | Route: [0, 34, 31, 9, 3, 5, 35, 37, 26, 0]
  - Vehicle: 4w | RC: -798008.91 | Cost: 1991.09 | Route: [0, 18, 31, 9, 3, 5, 35, 37, 26, 0]
  - Vehicle: 6w | RC: -797926.45 | Cost: 2073.55 | Route: [0, 27, 31, 9, 3, 5, 35, 29, 26, 0]
  - Vehicle: 4w | RC: -797910.98 | Cost: 2089.02 | Route: [0, 13, 31, 9, 3, 5, 35, 37, 29, 0]
  - Vehicle: 4w | RC: -797910.54 | Cost: 2089.46 | Route: [0, 36, 31, 9, 3, 5, 35, 37, 29, 0]
  - Vehicle: 6w | RC: -797836.94 | Cost: 2163.06 | Route: [0, 20, 31, 27, 9, 3, 5, 35, 29, 0]
  - Vehicle: 6w | RC: -797836.69 | Cost: 2163.31 | Route: [0, 15, 31, 27, 9, 3, 5, 35, 29, 0]
  - Vehicle: 6w | RC: -797836.66 | Cost: 2163.34 | Route: [0, 6, 31, 27, 9, 3, 5, 35, 29, 0]
  - Vehicle: 6w | RC: -797819.69 | Cost: 2180.31 | Route: [0, 8, 31, 27, 9, 3, 5, 35, 29, 0]
  - Vehicle: 6w | RC: -797790.12 | Cost: 2209.88 | Route: [0, 31, 27, 9, 3, 5, 35, 29, 26, 0]
  - Vehicle: 6w | RC: -797784.42 | Cost: 2215.58 | Route: [0, 1, 31, 27, 9, 3, 5, 35, 29, 0]
  - Vehicle: 6w | RC: -797777.46 | Cost: 2222.54 | Route: [0, 16, 31, 27, 9, 3, 5, 35, 26, 0]
  - Vehicle: 6w | RC: -797776.76 | Cost: 2223.24 | Route: [0, 7, 31, 27, 9, 3, 5, 35, 26, 0]
  - Vehicle: 6w | RC: -797766.43 | Cost: 2233.57 | Route: [0, 2, 31, 27, 9, 3, 5, 35, 29, 0]
  - Vehicle: 6w | RC: -797760.27 | Cost: 2239.73 | Route: [0, 17, 31, 27, 9, 3, 5, 35, 29, 0]
  - Vehicle: 6w | RC: -797754.19 | Cost: 2245.81 | Route: [0, 29, 31, 27, 9, 3, 5, 35, 26, 0]
  - Vehicle: 6w | RC: -797744.33 | Cost: 2255.67 | Route: [0, 35, 31, 27, 9, 3, 5, 29, 26, 0]
  - Vehicle: 6w | RC: -797735.62 | Cost: 2264.38 | Route: [0, 32, 31, 27, 9, 3, 5, 35, 29, 0]
  - Vehicle: 6w | RC: -797724.74 | Cost: 2275.26 | Route: [0, 10, 31, 27, 9, 3, 5, 35, 29, 0]
  - Vehicle: 6w | RC: -797713.83 | Cost: 2286.17 | Route: [0, 4, 31, 27, 9, 3, 5, 35, 29, 0]
  - Vehicle: 6w | RC: -797709.23 | Cost: 2290.77 | Route: [0, 40, 31, 27, 9, 3, 5, 35, 29, 0]
  - Vehicle: 6w | RC: -797709.01 | Cost: 2290.99 | Route: [0, 39, 31, 27, 9, 3, 5, 35, 29, 0]
  - Vehicle: 6w | RC: -797706.19 | Cost: 2293.81 | Route: [0, 5, 31, 27, 9, 3, 35, 29, 26, 0]
  - Vehicle: 6w | RC: -797704.65 | Cost: 2295.35 | Route: [0, 3, 31, 27, 9, 5, 35, 29, 26, 0]
  - Vehicle: 6w | RC: -797703.05 | Cost: 2296.95 | Route: [0, 30, 31, 27, 9, 3, 5, 35, 29, 0]
  - Vehicle: 6w | RC: -797690.02 | Cost: 2309.98 | Route: [0, 37, 31, 27, 9, 3, 5, 35, 29, 0]
  - Vehicle: 6w | RC: -797689.63 | Cost: 2310.37 | Route: [0, 25, 31, 27, 9, 3, 5, 35, 29, 0]
  - Vehicle: 4w | RC: -797687.77 | Cost: 2312.23 | Route: [0, 21, 31, 9, 3, 5, 35, 37, 29, 0]
  - Vehicle: 6w | RC: -797687.54 | Cost: 2312.46 | Route: [0, 12, 31, 27, 9, 3, 5, 35, 29, 0]
  - Vehicle: 6w | RC: -797685.33 | Cost: 2314.67 | Route: [0, 11, 31, 27, 9, 3, 5, 35, 29, 0]
  - Vehicle: 6w | RC: -797678.11 | Cost: 2321.89 | Route: [0, 24, 31, 27, 9, 3, 5, 35, 29, 0]
  - Vehicle: 6w | RC: -797677.01 | Cost: 2322.99 | Route: [0, 9, 31, 27, 3, 5, 35, 29, 26, 0]
  - Vehicle: 6w | RC: -797670.18 | Cost: 2329.82 | Route: [0, 23, 31, 27, 9, 3, 5, 35, 29, 0]
  - Vehicle: 6w | RC: -797668.87 | Cost: 2331.13 | Route: [0, 22, 31, 27, 9, 3, 5, 35, 29, 0]
  - Vehicle: 6w | RC: -797665.06 | Cost: 2334.94 | Route: [0, 33, 31, 27, 9, 3, 5, 35, 29, 0]
  - Vehicle: 6w | RC: -797652.13 | Cost: 2347.87 | Route: [0, 28, 31, 27, 9, 3, 5, 35, 29, 0]
  - Vehicle: 6w | RC: -797587.83 | Cost: 2412.17 | Route: [0, 34, 31, 27, 9, 3, 5, 35, 26, 0]
  - Vehicle: 6w | RC: -797558.43 | Cost: 2441.57 | Route: [0, 18, 31, 27, 9, 3, 5, 35, 26, 0]
  - Vehicle: 6w | RC: -797497.85 | Cost: 2502.15 | Route: [0, 38, 31, 27, 9, 3, 5, 35, 29, 0]
  - Vehicle: 6w | RC: -797359.00 | Cost: 2641.00 | Route: [0, 13, 31, 27, 9, 3, 5, 35, 29, 0]
  - Vehicle: 6w | RC: -797358.48 | Cost: 2641.52 | Route: [0, 36, 31, 27, 9, 3, 5, 35, 29, 0]
  - Vehicle: 10w | RC: -797351.74 | Cost: 2648.26 | Route: [0, 1, 27, 31, 3, 9, 5, 35, 29, 0]
  - Vehicle: 10w | RC: -797323.26 | Cost: 2676.74 | Route: [0, 27, 31, 3, 9, 5, 35, 29, 26, 0]
  - Vehicle: 10w | RC: -797184.59 | Cost: 2815.41 | Route: [0, 20, 27, 31, 3, 9, 5, 35, 29, 0]
  - Vehicle: 10w | RC: -797184.39 | Cost: 2815.61 | Route: [0, 14, 27, 31, 3, 9, 5, 35, 29, 0]
  - Vehicle: 10w | RC: -797184.26 | Cost: 2815.74 | Route: [0, 15, 27, 31, 3, 9, 5, 35, 29, 0]
  - Vehicle: 10w | RC: -797184.22 | Cost: 2815.78 | Route: [0, 6, 27, 31, 3, 9, 5, 35, 29, 0]
  - Vehicle: 10w | RC: -797182.95 | Cost: 2817.05 | Route: [0, 26, 27, 31, 3, 9, 5, 35, 29, 0]
  - Vehicle: 10w | RC: -797166.52 | Cost: 2833.48 | Route: [0, 31, 27, 3, 9, 5, 35, 29, 26, 0]
  - Vehicle: 10w | RC: -797141.79 | Cost: 2858.21 | Route: [0, 29, 27, 31, 3, 9, 5, 35, 26, 0]
  - Vehicle: 10w | RC: -797131.32 | Cost: 2868.68 | Route: [0, 2, 27, 31, 3, 9, 5, 35, 29, 0]
  - Vehicle: 10w | RC: -797119.31 | Cost: 2880.69 | Route: [0, 19, 27, 31, 3, 9, 5, 35, 29, 0]
  - Vehicle: 10w | RC: -797117.93 | Cost: 2882.07 | Route: [0, 32, 27, 31, 3, 9, 5, 35, 29, 0]
  - Vehicle: 10w | RC: -797099.36 | Cost: 2900.64 | Route: [0, 35, 27, 31, 3, 9, 5, 29, 26, 0]
  - Vehicle: 6w | RC: -797097.92 | Cost: 2902.08 | Route: [0, 21, 31, 27, 9, 3, 5, 35, 29, 0]
  - Vehicle: 10w | RC: -797071.49 | Cost: 2928.51 | Route: [0, 3, 27, 31, 9, 5, 35, 29, 26, 0]
  - Vehicle: 10w | RC: -797068.50 | Cost: 2931.50 | Route: [0, 16, 27, 31, 3, 9, 5, 35, 29, 0]
  - Vehicle: 10w | RC: -797067.61 | Cost: 2932.39 | Route: [0, 7, 27, 31, 3, 9, 5, 35, 29, 0]
  - Vehicle: 10w | RC: -797060.14 | Cost: 2939.86 | Route: [0, 4, 27, 31, 3, 9, 5, 35, 29, 0]
  - Vehicle: 10w | RC: -797059.40 | Cost: 2940.60 | Route: [0, 5, 27, 31, 3, 9, 35, 29, 26, 0]
  - Vehicle: 10w | RC: -797059.33 | Cost: 2940.67 | Route: [0, 37, 27, 31, 3, 9, 5, 35, 29, 0]
  - Vehicle: 10w | RC: -797046.30 | Cost: 2953.70 | Route: [0, 30, 27, 31, 3, 9, 5, 35, 29, 0]
  - Vehicle: 10w | RC: -797023.51 | Cost: 2976.49 | Route: [0, 11, 27, 31, 3, 9, 5, 35, 29, 0]
  - Vehicle: 10w | RC: -797020.46 | Cost: 2979.54 | Route: [0, 40, 27, 31, 3, 9, 5, 35, 29, 0]
  - Vehicle: 10w | RC: -797020.17 | Cost: 2979.83 | Route: [0, 39, 27, 31, 3, 9, 5, 35, 29, 0]
  - Vehicle: 10w | RC: -797017.46 | Cost: 2982.54 | Route: [0, 9, 27, 31, 3, 5, 35, 29, 26, 0]
  - Vehicle: 10w | RC: -797014.24 | Cost: 2985.76 | Route: [0, 24, 27, 31, 3, 9, 5, 35, 29, 0]
  - Vehicle: 40ft | RC: -797005.67 | Cost: 2994.33 | Route: [0, 1, 27, 31, 3, 9, 5, 35, 29, 0]
  - Vehicle: 40ft | RC: -797004.41 | Cost: 2995.59 | Route: [0, 27, 31, 3, 9, 5, 35, 29, 17, 0]
  - Vehicle: 10w | RC: -796997.47 | Cost: 3002.53 | Route: [0, 33, 27, 31, 3, 9, 5, 35, 29, 0]
  - Vehicle: 10w | RC: -796995.27 | Cost: 3004.73 | Route: [0, 25, 27, 31, 3, 9, 5, 35, 29, 0]
  - Vehicle: 10w | RC: -796992.58 | Cost: 3007.42 | Route: [0, 12, 27, 31, 3, 9, 5, 35, 29, 0]
  - Vehicle: 10w | RC: -796980.85 | Cost: 3019.15 | Route: [0, 28, 27, 31, 3, 9, 5, 35, 29, 0]
  - Vehicle: 10w | RC: -796970.28 | Cost: 3029.72 | Route: [0, 23, 27, 31, 3, 9, 5, 35, 29, 0]
  - Vehicle: 10w | RC: -796968.59 | Cost: 3031.41 | Route: [0, 22, 27, 31, 3, 9, 5, 35, 29, 0]
  - Vehicle: 10w | RC: -796866.67 | Cost: 3133.33 | Route: [0, 34, 31, 27, 3, 9, 5, 35, 29, 0]
  - Vehicle: 40ft | RC: -796830.01 | Cost: 3169.99 | Route: [0, 31, 27, 3, 9, 5, 35, 29, 17, 0]
  - Vehicle: 10w | RC: -796828.90 | Cost: 3171.10 | Route: [0, 18, 31, 27, 3, 9, 5, 35, 29, 0]
  - Vehicle: 40ft | RC: -796819.92 | Cost: 3180.08 | Route: [0, 20, 27, 31, 3, 9, 5, 35, 29, 0]
  - Vehicle: 40ft | RC: -796819.81 | Cost: 3180.19 | Route: [0, 14, 27, 31, 3, 9, 5, 35, 29, 0]
  - Vehicle: 40ft | RC: -796819.55 | Cost: 3180.45 | Route: [0, 15, 27, 31, 3, 9, 5, 35, 29, 0]
  - Vehicle: 40ft | RC: -796819.49 | Cost: 3180.51 | Route: [0, 6, 27, 31, 3, 9, 5, 35, 29, 0]
  - Vehicle: 40ft | RC: -796818.20 | Cost: 3181.80 | Route: [0, 26, 27, 31, 3, 9, 5, 35, 29, 0]
  - Vehicle: 40ft | RC: -796798.63 | Cost: 3201.37 | Route: [0, 29, 27, 31, 3, 9, 5, 35, 17, 0]
  - Vehicle: 40ft | RC: -796760.89 | Cost: 3239.11 | Route: [0, 2, 27, 31, 3, 9, 5, 35, 29, 0]
  - Vehicle: 40ft | RC: -796755.27 | Cost: 3244.73 | Route: [0, 35, 27, 31, 3, 9, 5, 29, 17, 0]
  - Vehicle: 10w | RC: -796753.17 | Cost: 3246.83 | Route: [0, 38, 27, 31, 3, 9, 5, 35, 29, 0]
  - Vehicle: 40ft | RC: -796747.42 | Cost: 3252.58 | Route: [0, 19, 27, 31, 3, 9, 5, 35, 29, 0]
  - Vehicle: 40ft | RC: -796746.01 | Cost: 3253.99 | Route: [0, 32, 27, 31, 3, 9, 5, 35, 29, 0]
  - Vehicle: 40ft | RC: -796724.10 | Cost: 3275.90 | Route: [0, 3, 27, 31, 9, 5, 35, 29, 17, 0]
  - Vehicle: 40ft | RC: -796710.60 | Cost: 3289.40 | Route: [0, 5, 27, 31, 3, 9, 35, 29, 17, 0]
  - Vehicle: 40ft | RC: -796690.49 | Cost: 3309.51 | Route: [0, 16, 27, 31, 3, 9, 5, 35, 29, 0]
  - Vehicle: 40ft | RC: -796689.49 | Cost: 3310.51 | Route: [0, 7, 27, 31, 3, 9, 5, 35, 29, 0]
  - Vehicle: 40ft | RC: -796681.72 | Cost: 3318.28 | Route: [0, 4, 27, 31, 3, 9, 5, 35, 29, 0]
  - Vehicle: 40ft | RC: -796680.77 | Cost: 3319.23 | Route: [0, 37, 27, 31, 3, 9, 5, 35, 29, 0]
  - Vehicle: 40ft | RC: -796666.29 | Cost: 3333.71 | Route: [0, 30, 27, 31, 3, 9, 5, 35, 29, 0]
  - Vehicle: 40ft | RC: -796664.04 | Cost: 3335.96 | Route: [0, 9, 27, 31, 3, 5, 35, 29, 17, 0]
  - Vehicle: 40ft | RC: -796640.93 | Cost: 3359.07 | Route: [0, 11, 27, 31, 3, 9, 5, 35, 29, 0]
  - Vehicle: 40ft | RC: -796637.14 | Cost: 3362.86 | Route: [0, 40, 27, 31, 3, 9, 5, 35, 29, 0]
  - Vehicle: 40ft | RC: -796636.83 | Cost: 3363.17 | Route: [0, 39, 27, 31, 3, 9, 5, 35, 29, 0]
  - Vehicle: 40ft | RC: -796630.61 | Cost: 3369.39 | Route: [0, 24, 27, 31, 3, 9, 5, 35, 29, 0]
  - Vehicle: 40ft | RC: -796611.94 | Cost: 3388.06 | Route: [0, 33, 27, 31, 3, 9, 5, 35, 29, 0]
  - Vehicle: 40ft | RC: -796609.10 | Cost: 3390.90 | Route: [0, 25, 27, 31, 3, 9, 5, 35, 29, 0]
  - Vehicle: 40ft | RC: -796606.11 | Cost: 3393.89 | Route: [0, 12, 27, 31, 3, 9, 5, 35, 29, 0]
  - Vehicle: 40ft | RC: -796593.43 | Cost: 3406.57 | Route: [0, 28, 27, 31, 3, 9, 5, 35, 29, 0]
  - Vehicle: 40ft | RC: -796581.28 | Cost: 3418.72 | Route: [0, 23, 27, 31, 3, 9, 5, 35, 29, 0]
  - Vehicle: 40ft | RC: -796579.40 | Cost: 3420.60 | Route: [0, 22, 27, 31, 3, 9, 5, 35, 29, 0]
  - Vehicle: 10w | RC: -796574.72 | Cost: 3425.28 | Route: [0, 13, 27, 31, 3, 9, 5, 35, 29, 0]
  - Vehicle: 10w | RC: -796574.05 | Cost: 3425.95 | Route: [0, 36, 27, 31, 3, 9, 5, 35, 29, 0]
  - Vehicle: 40ft | RC: -796419.17 | Cost: 3580.83 | Route: [0, 34, 27, 31, 3, 9, 5, 35, 29, 0]
  - Vehicle: 40ft | RC: -796377.12 | Cost: 3622.88 | Route: [0, 18, 27, 31, 3, 9, 5, 35, 29, 0]
  - Vehicle: 40ft | RC: -796339.92 | Cost: 3660.08 | Route: [0, 38, 27, 31, 3, 9, 5, 35, 29, 0]
  - Vehicle: 10w | RC: -796276.95 | Cost: 3723.05 | Route: [0, 21, 31, 27, 3, 9, 5, 35, 29, 0]
  - Vehicle: 40ft | RC: -796141.26 | Cost: 3858.74 | Route: [0, 13, 27, 31, 3, 9, 5, 35, 29, 0]
  - Vehicle: 40ft | RC: -796140.50 | Cost: 3859.50 | Route: [0, 36, 27, 31, 3, 9, 5, 35, 29, 0]
  - Vehicle: 40ft | RC: -795762.51 | Cost: 4237.49 | Route: [0, 21, 27, 31, 3, 9, 5, 35, 29, 0]
  - Vehicle: MC | RC: -99449.86 | Cost: 550.14 | Route: [0, 8, 0]
  - Vehicle: MC | RC: -99361.87 | Cost: 638.13 | Route: [0, 10, 0]

[Iteration 2] RMP Objective: 42446.74
[Iteration 2] POMO generated 196 negative RC columns.
[Iteration 2] Adding Columns:
  - Vehicle: AUV | RC: -11296.92 | Cost: 1937.22 | Route: [0, 38, 36, 13, 30, 11, 33, 18, 34, 0]
  - Vehicle: AUV | RC: -11295.46 | Cost: 1938.68 | Route: [0, 36, 13, 38, 30, 11, 33, 18, 34, 0]
  - Vehicle: AUV | RC: -11292.76 | Cost: 1941.38 | Route: [0, 13, 36, 38, 30, 11, 33, 18, 34, 0]
  - Vehicle: AUV | RC: -11276.39 | Cost: 1736.76 | Route: [0, 1, 13, 36, 38, 30, 11, 33, 24, 0]
  - Vehicle: AUV | RC: -11254.68 | Cost: 1767.88 | Route: [0, 17, 36, 13, 38, 30, 11, 33, 25, 0]
  - Vehicle: AUV | RC: -11211.32 | Cost: 1806.04 | Route: [0, 24, 36, 13, 38, 30, 11, 25, 23, 0]
  - Vehicle: AUV | RC: -11175.67 | Cost: 1760.60 | Route: [0, 19, 36, 13, 38, 30, 11, 25, 23, 0]
  - Vehicle: AUV | RC: -10733.99 | Cost: 1720.72 | Route: [0, 2, 36, 13, 38, 30, 11, 33, 25, 0]
  - Vehicle: AUV | RC: -10350.27 | Cost: 1774.10 | Route: [0, 10, 36, 13, 38, 30, 11, 33, 25, 0]
  - Vehicle: AUV | RC: -10249.19 | Cost: 1755.25 | Route: [0, 27, 36, 13, 38, 30, 11, 33, 25, 0]
  - Vehicle: AUV | RC: -9701.08 | Cost: 2242.11 | Route: [0, 21, 18, 34, 25, 36, 13, 38, 0]
  - Vehicle: AUV | RC: -9698.40 | Cost: 2244.78 | Route: [0, 18, 21, 34, 25, 36, 13, 38, 0]
  - Vehicle: AUV | RC: -9698.28 | Cost: 2244.91 | Route: [0, 34, 21, 18, 25, 36, 13, 38, 0]
  - Vehicle: AUV | RC: -9663.34 | Cost: 2229.60 | Route: [0, 15, 36, 13, 38, 30, 18, 21, 0]
  - Vehicle: AUV | RC: -9618.69 | Cost: 1911.00 | Route: [0, 30, 36, 13, 38, 11, 25, 18, 0]
  - Vehicle: AUV | RC: -9601.71 | Cost: 1927.97 | Route: [0, 11, 36, 13, 38, 30, 25, 18, 0]
  - Vehicle: AUV | RC: -9585.53 | Cost: 1958.60 | Route: [0, 33, 36, 13, 38, 30, 25, 18, 0]
  - Vehicle: AUV | RC: -9567.62 | Cost: 2324.35 | Route: [0, 39, 36, 13, 38, 30, 18, 21, 0]
  - Vehicle: AUV | RC: -9556.42 | Cost: 1909.16 | Route: [0, 20, 36, 13, 38, 30, 25, 18, 0]
  - Vehicle: AUV | RC: -9556.42 | Cost: 1909.35 | Route: [0, 6, 36, 13, 38, 30, 25, 18, 0]
  - Vehicle: AUV | RC: -9556.42 | Cost: 1909.34 | Route: [0, 14, 36, 13, 38, 30, 25, 18, 0]
  - Vehicle: AUV | RC: -9536.11 | Cost: 2242.34 | Route: [0, 7, 18, 21, 34, 25, 36, 13, 0]
  - Vehicle: AUV | RC: -9534.65 | Cost: 2243.30 | Route: [0, 16, 18, 21, 34, 25, 36, 13, 0]
  - Vehicle: 4w | RC: -9417.50 | Cost: 2566.44 | Route: [0, 38, 36, 13, 11, 33, 21, 18, 0]
  - Vehicle: 4w | RC: -9415.84 | Cost: 2568.10 | Route: [0, 36, 13, 38, 11, 33, 21, 18, 0]
  - Vehicle: 4w | RC: -9412.59 | Cost: 2571.35 | Route: [0, 13, 36, 38, 11, 33, 21, 18, 0]
  - Vehicle: 4w | RC: -9377.52 | Cost: 2628.92 | Route: [0, 21, 18, 34, 36, 13, 38, 11, 0]
  - Vehicle: 4w | RC: -9376.00 | Cost: 2607.93 | Route: [0, 11, 36, 13, 38, 33, 21, 18, 0]
  - Vehicle: 4w | RC: -9373.97 | Cost: 2632.47 | Route: [0, 18, 21, 34, 36, 13, 38, 11, 0]
  - Vehicle: 4w | RC: -9373.79 | Cost: 2632.65 | Route: [0, 34, 21, 18, 36, 13, 38, 11, 0]
  - Vehicle: 4w | RC: -9339.94 | Cost: 2644.00 | Route: [0, 33, 36, 13, 38, 11, 21, 18, 0]
  - Vehicle: 4w | RC: -9302.16 | Cost: 2611.26 | Route: [0, 30, 36, 13, 38, 11, 33, 21, 0]
  - Vehicle: 4w | RC: -9299.63 | Cost: 2641.91 | Route: [0, 39, 21, 18, 34, 36, 13, 38, 0]
  - Vehicle: 4w | RC: -9298.59 | Cost: 2632.61 | Route: [0, 24, 36, 13, 38, 11, 33, 21, 0]
  - Vehicle: 4w | RC: -9291.81 | Cost: 2651.37 | Route: [0, 25, 21, 18, 34, 36, 13, 38, 0]
  - Vehicle: 4w | RC: -9291.51 | Cost: 2653.16 | Route: [0, 12, 21, 18, 34, 36, 13, 38, 0]
  - Vehicle: 4w | RC: -9289.03 | Cost: 2668.01 | Route: [0, 23, 21, 18, 34, 36, 13, 38, 0]
  - Vehicle: 4w | RC: -9288.84 | Cost: 2669.13 | Route: [0, 22, 21, 18, 34, 36, 13, 38, 0]
  - Vehicle: 4w | RC: -9288.33 | Cost: 2640.88 | Route: [0, 40, 21, 18, 34, 36, 13, 38, 0]
  - Vehicle: 4w | RC: -9286.64 | Cost: 2655.89 | Route: [0, 6, 21, 18, 34, 36, 13, 38, 0]
  - Vehicle: 4w | RC: -9278.51 | Cost: 2663.82 | Route: [0, 20, 21, 18, 34, 36, 13, 38, 0]
  - Vehicle: 4w | RC: -9277.41 | Cost: 2584.72 | Route: [0, 14, 36, 13, 38, 11, 33, 21, 0]
  - Vehicle: 4w | RC: -9277.38 | Cost: 2584.75 | Route: [0, 15, 36, 13, 38, 11, 33, 21, 0]
  - Vehicle: 4w | RC: -9272.67 | Cost: 2642.63 | Route: [0, 7, 21, 18, 34, 36, 13, 38, 0]
  - Vehicle: 4w | RC: -9272.02 | Cost: 2578.08 | Route: [0, 19, 36, 13, 38, 11, 33, 21, 0]
  - Vehicle: 4w | RC: -9271.73 | Cost: 2600.82 | Route: [0, 17, 36, 13, 38, 11, 33, 21, 0]
  - Vehicle: 4w | RC: -9271.02 | Cost: 2643.79 | Route: [0, 16, 21, 18, 34, 36, 13, 38, 0]
  - Vehicle: 4w | RC: -9189.85 | Cost: 2604.89 | Route: [0, 1, 13, 36, 38, 11, 33, 21, 0]
  - Vehicle: 6w | RC: -8981.08 | Cost: 3025.36 | Route: [0, 36, 13, 38, 11, 21, 18, 34, 0]
  - Vehicle: 6w | RC: -8977.29 | Cost: 3029.15 | Route: [0, 13, 36, 38, 11, 21, 18, 34, 0]
  - Vehicle: 6w | RC: -8976.48 | Cost: 3029.96 | Route: [0, 38, 13, 36, 11, 21, 18, 34, 0]
  - Vehicle: 6w | RC: -8902.73 | Cost: 3103.71 | Route: [0, 18, 21, 34, 36, 13, 38, 11, 0]
  - Vehicle: 6w | RC: -8902.67 | Cost: 3081.27 | Route: [0, 11, 13, 36, 38, 33, 21, 18, 0]
  - Vehicle: 6w | RC: -8902.47 | Cost: 3103.97 | Route: [0, 34, 21, 18, 36, 13, 38, 11, 0]
  - Vehicle: 6w | RC: -8877.70 | Cost: 3079.17 | Route: [0, 30, 36, 13, 38, 11, 21, 18, 0]
  - Vehicle: 6w | RC: -8870.54 | Cost: 3104.11 | Route: [0, 24, 36, 13, 38, 11, 21, 18, 0]
  - Vehicle: 6w | RC: -8866.78 | Cost: 3117.15 | Route: [0, 33, 36, 13, 38, 11, 21, 18, 0]
  - Vehicle: 6w | RC: -8857.16 | Cost: 3048.41 | Route: [0, 14, 36, 13, 38, 11, 21, 18, 0]
  - Vehicle: 6w | RC: -8846.73 | Cost: 3046.82 | Route: [0, 19, 13, 36, 38, 11, 21, 18, 0]
  - Vehicle: 6w | RC: -8845.03 | Cost: 3070.96 | Route: [0, 17, 13, 36, 38, 11, 21, 18, 0]
  - Vehicle: 6w | RC: -8783.44 | Cost: 3200.50 | Route: [0, 21, 18, 36, 13, 38, 11, 33, 0]
  - Vehicle: 4w | RC: -8760.60 | Cost: 2544.11 | Route: [0, 2, 36, 13, 38, 11, 33, 21, 0]
  - Vehicle: AUV | RC: -8641.87 | Cost: 1911.40 | Route: [0, 8, 36, 13, 38, 30, 11, 18, 0]
  - Vehicle: 4w | RC: -8366.15 | Cost: 2608.22 | Route: [0, 10, 36, 13, 38, 11, 33, 21, 0]
  - Vehicle: 6w | RC: -8341.16 | Cost: 3006.99 | Route: [0, 2, 13, 36, 38, 11, 21, 18, 0]
  - Vehicle: 4w | RC: -8287.17 | Cost: 2599.22 | Route: [0, 8, 36, 13, 38, 11, 33, 21, 0]
  - Vehicle: 4w | RC: -8268.70 | Cost: 2585.74 | Route: [0, 27, 36, 13, 38, 11, 33, 21, 0]
  - Vehicle: AUV | RC: -8182.18 | Cost: 2184.87 | Route: [0, 32, 36, 13, 38, 30, 18, 21, 0]
  - Vehicle: AUV | RC: -8176.38 | Cost: 2190.68 | Route: [0, 37, 36, 13, 38, 30, 18, 21, 0]
  - Vehicle: AUV | RC: -8175.46 | Cost: 2191.59 | Route: [0, 29, 36, 13, 38, 30, 18, 21, 0]
  - Vehicle: AUV | RC: -8171.17 | Cost: 2195.88 | Route: [0, 5, 36, 13, 38, 30, 18, 21, 0]
  - Vehicle: AUV | RC: -8167.53 | Cost: 2199.52 | Route: [0, 3, 36, 13, 38, 30, 18, 21, 0]
  - Vehicle: 10w | RC: -8125.73 | Cost: 3880.71 | Route: [0, 36, 13, 38, 11, 21, 18, 34, 0]
  - Vehicle: 10w | RC: -8120.85 | Cost: 3885.59 | Route: [0, 13, 36, 38, 11, 21, 18, 34, 0]
  - Vehicle: 10w | RC: -8119.89 | Cost: 3886.55 | Route: [0, 38, 13, 36, 11, 21, 18, 34, 0]
  - Vehicle: 10w | RC: -8031.57 | Cost: 3952.37 | Route: [0, 11, 13, 36, 38, 33, 21, 18, 0]
  - Vehicle: 10w | RC: -8024.92 | Cost: 3981.52 | Route: [0, 34, 21, 18, 36, 13, 38, 11, 0]
  - Vehicle: 10w | RC: -8012.45 | Cost: 3958.86 | Route: [0, 30, 13, 36, 38, 33, 21, 18, 0]
  - Vehicle: AUV | RC: -7999.46 | Cost: 2280.31 | Route: [0, 25, 18, 21, 34, 36, 13, 0]
  - Vehicle: 10w | RC: -7998.17 | Cost: 3990.91 | Route: [0, 24, 13, 36, 38, 33, 21, 18, 0]
  - Vehicle: 10w | RC: -7985.50 | Cost: 3908.05 | Route: [0, 19, 13, 36, 38, 11, 21, 18, 0]
  - Vehicle: 10w | RC: -7977.35 | Cost: 4006.59 | Route: [0, 33, 13, 36, 38, 11, 21, 18, 0]
  - Vehicle: 10w | RC: -7976.93 | Cost: 3939.07 | Route: [0, 17, 13, 36, 38, 11, 21, 18, 0]
  - Vehicle: 10w | RC: -7973.62 | Cost: 4010.32 | Route: [0, 18, 21, 36, 13, 38, 33, 11, 0]
  - Vehicle: 6w | RC: -7935.89 | Cost: 3081.92 | Route: [0, 10, 13, 36, 38, 11, 21, 18, 0]
  - Vehicle: 4w | RC: -7925.00 | Cost: 2697.78 | Route: [0, 26, 21, 18, 34, 36, 13, 38, 0]
  - Vehicle: 10w | RC: -7878.15 | Cost: 4105.79 | Route: [0, 21, 18, 36, 13, 38, 11, 33, 0]
  - Vehicle: 4w | RC: -7848.58 | Cost: 2531.10 | Route: [0, 32, 36, 13, 38, 11, 21, 18, 0]
  - Vehicle: 4w | RC: -7840.52 | Cost: 2539.17 | Route: [0, 29, 36, 13, 38, 11, 21, 18, 0]
  - Vehicle: AUV | RC: -7732.86 | Cost: 2325.93 | Route: [0, 22, 18, 21, 34, 25, 36, 0]
  - Vehicle: AUV | RC: -7730.26 | Cost: 2327.60 | Route: [0, 23, 18, 21, 34, 25, 36, 0]
  - Vehicle: AUV | RC: -7717.60 | Cost: 2327.89 | Route: [0, 12, 18, 21, 34, 25, 36, 0]
  - Vehicle: AUV | RC: -7662.05 | Cost: 2367.99 | Route: [0, 40, 18, 21, 34, 25, 36, 0]
  - Vehicle: 40ft | RC: -7642.01 | Cost: 4364.43 | Route: [0, 36, 13, 38, 11, 21, 18, 34, 0]
  - Vehicle: 40ft | RC: -7636.58 | Cost: 4369.86 | Route: [0, 13, 36, 38, 11, 21, 18, 34, 0]
  - Vehicle: 40ft | RC: -7635.13 | Cost: 4371.31 | Route: [0, 38, 13, 36, 11, 21, 18, 34, 0]
  - Vehicle: 40ft | RC: -7538.69 | Cost: 4445.25 | Route: [0, 11, 13, 36, 38, 33, 21, 18, 0]
  - Vehicle: 40ft | RC: -7528.58 | Cost: 4477.86 | Route: [0, 34, 21, 18, 36, 13, 38, 11, 0]
  - Vehicle: 40ft | RC: -7518.77 | Cost: 4452.54 | Route: [0, 30, 13, 36, 38, 33, 21, 18, 0]
  - Vehicle: 40ft | RC: -7510.59 | Cost: 4397.40 | Route: [0, 19, 13, 36, 38, 33, 21, 18, 0]
  - Vehicle: 40ft | RC: -7500.87 | Cost: 4488.21 | Route: [0, 24, 13, 36, 38, 33, 21, 18, 0]
  - Vehicle: 40ft | RC: -7498.42 | Cost: 4432.01 | Route: [0, 17, 13, 36, 38, 33, 21, 18, 0]
  - Vehicle: 10w | RC: -7491.25 | Cost: 3856.89 | Route: [0, 2, 13, 36, 38, 11, 21, 18, 0]
  - Vehicle: 40ft | RC: -7478.27 | Cost: 4505.67 | Route: [0, 33, 13, 36, 38, 11, 21, 18, 0]
  - Vehicle: 40ft | RC: -7474.03 | Cost: 4509.91 | Route: [0, 18, 21, 36, 13, 38, 33, 11, 0]
  - Vehicle: 40ft | RC: -7368.86 | Cost: 4615.07 | Route: [0, 21, 18, 36, 13, 38, 11, 33, 0]
  - Vehicle: 6w | RC: -7206.78 | Cost: 3108.00 | Route: [0, 39, 21, 18, 36, 13, 38, 0]
  - Vehicle: 6w | RC: -7197.38 | Cost: 3119.05 | Route: [0, 25, 21, 18, 36, 13, 38, 0]
  - Vehicle: 6w | RC: -7196.77 | Cost: 3121.14 | Route: [0, 12, 21, 18, 36, 13, 38, 0]
  - Vehicle: 6w | RC: -7195.65 | Cost: 3106.81 | Route: [0, 40, 21, 18, 36, 13, 38, 0]
  - Vehicle: 6w | RC: -7191.78 | Cost: 3138.49 | Route: [0, 23, 21, 18, 36, 13, 38, 0]
  - Vehicle: 6w | RC: -7191.41 | Cost: 3139.80 | Route: [0, 22, 21, 18, 36, 13, 38, 0]
  - Vehicle: 6w | RC: -7191.22 | Cost: 3124.54 | Route: [0, 15, 21, 18, 36, 13, 38, 0]
  - Vehicle: 6w | RC: -7191.20 | Cost: 3124.57 | Route: [0, 6, 21, 18, 36, 13, 38, 0]
  - Vehicle: 6w | RC: -7181.73 | Cost: 3133.85 | Route: [0, 20, 21, 18, 36, 13, 38, 0]
  - Vehicle: 6w | RC: -7179.54 | Cost: 3109.01 | Route: [0, 7, 21, 18, 36, 13, 38, 0]
  - Vehicle: 6w | RC: -7177.69 | Cost: 3110.36 | Route: [0, 16, 21, 18, 36, 13, 38, 0]
  - Vehicle: 6w | RC: -7127.58 | Cost: 3062.92 | Route: [0, 1, 13, 36, 38, 11, 21, 0]
  - Vehicle: 40ft | RC: -7009.11 | Cost: 4339.03 | Route: [0, 2, 13, 36, 38, 11, 21, 18, 0]
  - Vehicle: AUV | RC: -6398.91 | Cost: 2324.70 | Route: [0, 26, 18, 21, 34, 25, 36, 0]
  - Vehicle: 10w | RC: -6365.01 | Cost: 3907.30 | Route: [0, 14, 13, 36, 38, 33, 21, 0]
  - Vehicle: 10w | RC: -6327.71 | Cost: 3987.07 | Route: [0, 39, 21, 18, 36, 13, 38, 0]
  - Vehicle: 10w | RC: -6316.92 | Cost: 3985.54 | Route: [0, 40, 21, 18, 36, 13, 38, 0]
  - Vehicle: 10w | RC: -6315.15 | Cost: 4001.28 | Route: [0, 25, 21, 18, 36, 13, 38, 0]
  - Vehicle: 10w | RC: -6313.95 | Cost: 4003.96 | Route: [0, 12, 21, 18, 36, 13, 38, 0]
  - Vehicle: 10w | RC: -6307.49 | Cost: 4008.26 | Route: [0, 15, 21, 18, 36, 13, 38, 0]
  - Vehicle: 10w | RC: -6307.47 | Cost: 4008.30 | Route: [0, 6, 21, 18, 36, 13, 38, 0]
  - Vehicle: 10w | RC: -6304.01 | Cost: 4026.27 | Route: [0, 23, 21, 18, 36, 13, 38, 0]
  - Vehicle: 10w | RC: -6303.26 | Cost: 4027.95 | Route: [0, 22, 21, 18, 36, 13, 38, 0]
  - Vehicle: 10w | RC: -6300.22 | Cost: 3988.32 | Route: [0, 7, 21, 18, 36, 13, 38, 0]
  - Vehicle: 10w | RC: -6297.99 | Cost: 3990.06 | Route: [0, 16, 21, 18, 36, 13, 38, 0]
  - Vehicle: 10w | RC: -6295.35 | Cost: 4020.23 | Route: [0, 20, 21, 18, 36, 13, 38, 0]
  - Vehicle: 10w | RC: -6261.52 | Cost: 3928.97 | Route: [0, 1, 13, 36, 38, 11, 21, 0]
  - Vehicle: 6w | RC: -6217.29 | Cost: 3122.72 | Route: [0, 8, 21, 18, 36, 13, 38, 0]
  - Vehicle: 6w | RC: -6206.25 | Cost: 3043.94 | Route: [0, 27, 13, 36, 38, 11, 21, 0]
  - Vehicle: AUV | RC: -6145.97 | Cost: 2371.48 | Route: [0, 31, 18, 21, 34, 25, 36, 0]
  - Vehicle: AUV | RC: -6091.93 | Cost: 2425.52 | Route: [0, 35, 18, 21, 34, 25, 36, 0]
  - Vehicle: AUV | RC: -6065.50 | Cost: 2451.95 | Route: [0, 9, 18, 21, 34, 25, 36, 0]
  - Vehicle: AUV | RC: -6057.00 | Cost: 2460.44 | Route: [0, 4, 18, 21, 34, 25, 36, 0]
  - Vehicle: AUV | RC: -6013.05 | Cost: 2504.39 | Route: [0, 28, 18, 21, 34, 25, 36, 0]
  - Vehicle: 4w | RC: -5996.22 | Cost: 2757.00 | Route: [0, 31, 21, 18, 34, 36, 13, 0]
  - Vehicle: 4w | RC: -5936.81 | Cost: 2816.40 | Route: [0, 5, 21, 18, 34, 36, 13, 0]
  - Vehicle: 4w | RC: -5932.46 | Cost: 2820.75 | Route: [0, 3, 21, 18, 34, 36, 13, 0]
  - Vehicle: 4w | RC: -5931.30 | Cost: 2821.91 | Route: [0, 35, 21, 18, 34, 36, 13, 0]
  - Vehicle: 4w | RC: -5926.21 | Cost: 2827.01 | Route: [0, 4, 21, 18, 34, 36, 13, 0]
  - Vehicle: 4w | RC: -5899.56 | Cost: 2853.65 | Route: [0, 9, 21, 18, 34, 36, 13, 0]
  - Vehicle: 40ft | RC: -5879.08 | Cost: 4393.23 | Route: [0, 14, 13, 36, 38, 33, 21, 0]
  - Vehicle: 4w | RC: -5873.42 | Cost: 2879.79 | Route: [0, 28, 21, 18, 34, 36, 13, 0]
  - Vehicle: 4w | RC: -5863.02 | Cost: 2890.20 | Route: [0, 37, 21, 18, 34, 36, 13, 0]
  - Vehicle: 40ft | RC: -5832.76 | Cost: 4482.02 | Route: [0, 39, 21, 18, 36, 13, 38, 0]
  - Vehicle: 6w | RC: -5822.49 | Cost: 3173.53 | Route: [0, 26, 21, 18, 36, 13, 38, 0]
  - Vehicle: 40ft | RC: -5822.13 | Cost: 4480.32 | Route: [0, 40, 21, 18, 36, 13, 38, 0]
  - Vehicle: 40ft | RC: -5818.61 | Cost: 4497.82 | Route: [0, 25, 21, 18, 36, 13, 38, 0]
  - Vehicle: 40ft | RC: -5817.11 | Cost: 4500.80 | Route: [0, 12, 21, 18, 36, 13, 38, 0]
  - Vehicle: 40ft | RC: -5809.79 | Cost: 4505.96 | Route: [0, 15, 21, 18, 36, 13, 38, 0]
  - Vehicle: 40ft | RC: -5809.76 | Cost: 4506.01 | Route: [0, 6, 21, 18, 36, 13, 38, 0]
  - Vehicle: 40ft | RC: -5804.88 | Cost: 4483.66 | Route: [0, 7, 21, 18, 36, 13, 38, 0]
  - Vehicle: 40ft | RC: -5804.64 | Cost: 4525.64 | Route: [0, 23, 21, 18, 36, 13, 38, 0]
  - Vehicle: 40ft | RC: -5803.70 | Cost: 4527.51 | Route: [0, 22, 21, 18, 36, 13, 38, 0]
  - Vehicle: 40ft | RC: -5802.44 | Cost: 4485.61 | Route: [0, 16, 21, 18, 36, 13, 38, 0]
  - Vehicle: 40ft | RC: -5796.28 | Cost: 4519.30 | Route: [0, 20, 21, 18, 36, 13, 38, 0]
  - Vehicle: 40ft | RC: -5772.28 | Cost: 4418.21 | Route: [0, 1, 13, 36, 38, 11, 21, 0]
  - Vehicle: 6w | RC: -5537.96 | Cost: 3251.91 | Route: [0, 31, 21, 18, 36, 13, 38, 0]
  - Vehicle: 6w | RC: -5468.45 | Cost: 3321.42 | Route: [0, 5, 21, 18, 36, 13, 38, 0]
  - Vehicle: 6w | RC: -5463.36 | Cost: 3326.50 | Route: [0, 3, 21, 18, 36, 13, 38, 0]
  - Vehicle: 6w | RC: -5462.07 | Cost: 3327.80 | Route: [0, 35, 21, 18, 36, 13, 38, 0]
  - Vehicle: 6w | RC: -5456.18 | Cost: 3333.69 | Route: [0, 4, 21, 18, 36, 13, 38, 0]
  - Vehicle: 6w | RC: -5424.98 | Cost: 3364.89 | Route: [0, 9, 21, 18, 36, 13, 38, 0]
  - Vehicle: 6w | RC: -5414.87 | Cost: 3374.99 | Route: [0, 32, 21, 18, 36, 13, 38, 0]
  - Vehicle: 6w | RC: -5398.91 | Cost: 3390.95 | Route: [0, 29, 21, 18, 36, 13, 38, 0]
  - Vehicle: 6w | RC: -5394.48 | Cost: 3395.39 | Route: [0, 28, 21, 18, 36, 13, 38, 0]
  - Vehicle: 6w | RC: -5382.17 | Cost: 3407.70 | Route: [0, 37, 21, 18, 36, 13, 38, 0]
  - Vehicle: 10w | RC: -5345.49 | Cost: 3904.70 | Route: [0, 27, 13, 36, 38, 11, 21, 0]
  - Vehicle: 10w | RC: -4924.80 | Cost: 4071.23 | Route: [0, 26, 21, 18, 36, 13, 38, 0]
  - Vehicle: 40ft | RC: -4859.63 | Cost: 4390.55 | Route: [0, 27, 13, 36, 38, 11, 21, 0]
  - Vehicle: 10w | RC: -4617.91 | Cost: 4171.95 | Route: [0, 31, 21, 18, 36, 13, 38, 0]
  - Vehicle: 10w | RC: -4528.60 | Cost: 4261.26 | Route: [0, 5, 21, 18, 36, 13, 38, 0]
  - Vehicle: 10w | RC: -4522.07 | Cost: 4267.80 | Route: [0, 3, 21, 18, 36, 13, 38, 0]
  - Vehicle: 10w | RC: -4520.39 | Cost: 4269.48 | Route: [0, 35, 21, 18, 36, 13, 38, 0]
  - Vehicle: 10w | RC: -4512.79 | Cost: 4277.07 | Route: [0, 4, 21, 18, 36, 13, 38, 0]
  - Vehicle: 10w | RC: -4472.71 | Cost: 4317.16 | Route: [0, 9, 21, 18, 36, 13, 38, 0]
  - Vehicle: 10w | RC: -4459.76 | Cost: 4330.11 | Route: [0, 32, 21, 18, 36, 13, 38, 0]
  - Vehicle: 10w | RC: -4439.25 | Cost: 4350.62 | Route: [0, 29, 21, 18, 36, 13, 38, 0]
  - Vehicle: 10w | RC: -4433.50 | Cost: 4356.37 | Route: [0, 28, 21, 18, 36, 13, 38, 0]
  - Vehicle: 40ft | RC: -4419.96 | Cost: 4576.07 | Route: [0, 26, 21, 18, 36, 13, 38, 0]
  - Vehicle: 10w | RC: -4417.72 | Cost: 4372.15 | Route: [0, 37, 21, 18, 36, 13, 38, 0]
  - Vehicle: 40ft | RC: -4101.65 | Cost: 4688.21 | Route: [0, 31, 21, 18, 36, 13, 38, 0]
  - Vehicle: 40ft | RC: -4002.10 | Cost: 4787.77 | Route: [0, 5, 21, 18, 36, 13, 38, 0]
  - Vehicle: 40ft | RC: -3994.83 | Cost: 4795.04 | Route: [0, 3, 21, 18, 36, 13, 38, 0]
  - Vehicle: 40ft | RC: -3993.04 | Cost: 4796.83 | Route: [0, 35, 21, 18, 36, 13, 38, 0]
  - Vehicle: 40ft | RC: -3984.70 | Cost: 4805.17 | Route: [0, 4, 21, 18, 36, 13, 38, 0]
  - Vehicle: 40ft | RC: -3939.98 | Cost: 4849.89 | Route: [0, 9, 21, 18, 36, 13, 38, 0]
  - Vehicle: 40ft | RC: -3925.37 | Cost: 4864.50 | Route: [0, 32, 21, 18, 36, 13, 38, 0]
  - Vehicle: 40ft | RC: -3902.53 | Cost: 4887.34 | Route: [0, 29, 21, 18, 36, 13, 38, 0]
  - Vehicle: 40ft | RC: -3896.41 | Cost: 4893.46 | Route: [0, 28, 21, 18, 36, 13, 38, 0]
  - Vehicle: 40ft | RC: -3878.61 | Cost: 4911.26 | Route: [0, 37, 21, 18, 36, 13, 38, 0]

[Iteration 3] RMP Objective: 23865.58
[Iteration 3] POMO generated 196 negative RC columns.
[Iteration 3] Adding Columns:
  - Vehicle: 4w | RC: -11985.71 | Cost: 1709.59 | Route: [0, 12, 23, 40, 22, 6, 20, 14, 7, 16, 0]
  - Vehicle: 4w | RC: -11982.59 | Cost: 1709.58 | Route: [0, 39, 23, 40, 22, 6, 20, 14, 7, 16, 0]
  - Vehicle: 4w | RC: -11961.43 | Cost: 1731.71 | Route: [0, 15, 20, 23, 40, 22, 6, 14, 7, 16, 0]
  - Vehicle: 6w | RC: -11710.87 | Cost: 2012.14 | Route: [0, 7, 23, 22, 40, 12, 6, 20, 14, 15, 0]
  - Vehicle: 6w | RC: -11672.33 | Cost: 2050.67 | Route: [0, 40, 23, 22, 12, 7, 6, 20, 14, 15, 0]
  - Vehicle: 6w | RC: -11665.34 | Cost: 2057.67 | Route: [0, 12, 23, 22, 40, 7, 6, 20, 14, 15, 0]
  - Vehicle: 6w | RC: -11654.90 | Cost: 2067.14 | Route: [0, 39, 23, 22, 40, 12, 7, 6, 20, 14, 0]
  - Vehicle: 6w | RC: -11643.46 | Cost: 2079.54 | Route: [0, 22, 23, 40, 12, 7, 6, 20, 14, 15, 0]
  - Vehicle: 6w | RC: -11643.46 | Cost: 2079.55 | Route: [0, 23, 22, 40, 12, 7, 6, 20, 14, 15, 0]
  - Vehicle: 10w | RC: -11177.27 | Cost: 2544.77 | Route: [0, 7, 23, 22, 12, 40, 39, 6, 20, 14, 0]
  - Vehicle: 10w | RC: -11121.11 | Cost: 2573.22 | Route: [0, 39, 23, 22, 12, 40, 7, 16, 6, 20, 0]
  - Vehicle: 6w | RC: -11113.09 | Cost: 2080.19 | Route: [0, 2, 14, 20, 6, 23, 22, 40, 12, 39, 0]
  - Vehicle: 10w | RC: -11025.94 | Cost: 2669.36 | Route: [0, 14, 20, 23, 22, 12, 40, 7, 16, 6, 0]
  - Vehicle: 4w | RC: -10982.78 | Cost: 1734.62 | Route: [0, 8, 14, 20, 6, 23, 40, 22, 7, 16, 0]
  - Vehicle: 10w | RC: -10960.26 | Cost: 2734.07 | Route: [0, 22, 23, 12, 40, 7, 16, 39, 6, 20, 0]
  - Vehicle: 10w | RC: -10960.26 | Cost: 2734.07 | Route: [0, 23, 22, 12, 40, 7, 16, 39, 6, 20, 0]
  - Vehicle: 10w | RC: -10958.76 | Cost: 2735.75 | Route: [0, 12, 23, 22, 40, 7, 16, 39, 6, 15, 0]
  - Vehicle: 6w | RC: -10944.02 | Cost: 2132.79 | Route: [0, 4, 14, 20, 6, 23, 22, 40, 12, 39, 0]
  - Vehicle: 6w | RC: -10809.63 | Cost: 2100.46 | Route: [0, 17, 14, 20, 6, 23, 22, 40, 12, 15, 0]
  - Vehicle: 40ft | RC: -10791.61 | Cost: 2902.72 | Route: [0, 40, 23, 22, 12, 39, 7, 16, 6, 20, 0]
  - Vehicle: 40ft | RC: -10782.38 | Cost: 2911.95 | Route: [0, 39, 23, 22, 12, 40, 7, 16, 6, 20, 0]
  - Vehicle: 6w | RC: -10782.37 | Cost: 2195.67 | Route: [0, 33, 14, 20, 6, 23, 22, 40, 12, 15, 0]
  - Vehicle: 40ft | RC: -10780.85 | Cost: 2913.47 | Route: [0, 14, 20, 23, 22, 12, 40, 39, 7, 16, 0]
  - Vehicle: 40ft | RC: -10770.13 | Cost: 2924.20 | Route: [0, 22, 23, 12, 40, 39, 7, 16, 6, 20, 0]
  - Vehicle: 40ft | RC: -10770.12 | Cost: 2924.21 | Route: [0, 23, 22, 12, 40, 39, 7, 16, 6, 20, 0]
  - Vehicle: 40ft | RC: -10769.93 | Cost: 2924.39 | Route: [0, 12, 23, 22, 40, 39, 7, 16, 6, 20, 0]
  - Vehicle: 40ft | RC: -10741.55 | Cost: 2952.78 | Route: [0, 6, 23, 22, 12, 40, 39, 7, 16, 20, 0]
  - Vehicle: 40ft | RC: -10740.02 | Cost: 2954.48 | Route: [0, 15, 23, 22, 12, 40, 39, 7, 16, 6, 0]
  - Vehicle: 6w | RC: -10727.92 | Cost: 2135.99 | Route: [0, 10, 14, 20, 6, 23, 22, 40, 12, 15, 0]
  - Vehicle: 40ft | RC: -10726.51 | Cost: 2967.82 | Route: [0, 20, 23, 22, 12, 40, 39, 7, 16, 6, 0]
  - Vehicle: 6w | RC: -10712.71 | Cost: 2031.28 | Route: [0, 27, 14, 20, 6, 23, 22, 40, 12, 15, 0]
  - Vehicle: 6w | RC: -10707.19 | Cost: 2040.07 | Route: [0, 8, 14, 20, 6, 23, 22, 40, 12, 7, 0]
  - Vehicle: AUV | RC: -10698.15 | Cost: 1498.97 | Route: [0, 12, 23, 40, 6, 20, 14, 22, 7, 0]
  - Vehicle: AUV | RC: -10698.04 | Cost: 1499.08 | Route: [0, 7, 23, 40, 6, 20, 14, 22, 12, 0]
  - Vehicle: 10w | RC: -10680.61 | Cost: 2529.68 | Route: [0, 1, 14, 20, 6, 15, 23, 22, 12, 40, 0]
  - Vehicle: AUV | RC: -10677.66 | Cost: 1517.30 | Route: [0, 15, 20, 23, 40, 6, 14, 22, 7, 0]
  - Vehicle: AUV | RC: -10661.36 | Cost: 1535.76 | Route: [0, 22, 23, 40, 6, 20, 14, 7, 12, 25, 0]
  - Vehicle: 4w | RC: -10607.96 | Cost: 1765.46 | Route: [0, 26, 23, 40, 22, 6, 20, 14, 7, 16, 0]
  - Vehicle: AUV | RC: -10595.32 | Cost: 1571.93 | Route: [0, 16, 23, 40, 6, 20, 14, 22, 7, 0]
  - Vehicle: AUV | RC: -10585.76 | Cost: 1608.23 | Route: [0, 39, 20, 23, 40, 6, 14, 22, 7, 0]
  - Vehicle: AUV | RC: -10550.49 | Cost: 1646.63 | Route: [0, 40, 23, 6, 20, 14, 22, 7, 12, 0]
  - Vehicle: AUV | RC: -10545.52 | Cost: 1651.60 | Route: [0, 23, 40, 6, 20, 14, 22, 7, 12, 0]
  - Vehicle: AUV | RC: -10531.80 | Cost: 1665.32 | Route: [0, 6, 23, 40, 20, 14, 22, 7, 12, 0]
  - Vehicle: AUV | RC: -10525.17 | Cost: 1671.95 | Route: [0, 14, 20, 23, 40, 6, 22, 7, 12, 0]
  - Vehicle: AUV | RC: -10525.01 | Cost: 1672.11 | Route: [0, 20, 23, 40, 6, 14, 22, 7, 12, 0]
  - Vehicle: 4w | RC: -10459.45 | Cost: 1707.81 | Route: [0, 25, 23, 40, 22, 6, 20, 14, 7, 16, 0]
  - Vehicle: 10w | RC: -10423.11 | Cost: 2755.77 | Route: [0, 2, 14, 20, 6, 15, 23, 22, 12, 7, 0]
  - Vehicle: 10w | RC: -10377.64 | Cost: 2700.14 | Route: [0, 4, 14, 20, 6, 15, 23, 22, 12, 40, 0]
  - Vehicle: 4w | RC: -10374.04 | Cost: 1793.22 | Route: [0, 16, 23, 40, 22, 6, 20, 14, 7, 0]
  - Vehicle: 40ft | RC: -10367.87 | Cost: 2854.74 | Route: [0, 1, 14, 20, 6, 15, 23, 22, 12, 39, 0]
  - Vehicle: 4w | RC: -10365.05 | Cost: 1832.07 | Route: [0, 7, 23, 40, 22, 6, 20, 14, 12, 0]
  - Vehicle: 4w | RC: -10348.18 | Cost: 1848.94 | Route: [0, 40, 23, 22, 6, 20, 14, 7, 12, 0]
  - Vehicle: 4w | RC: -10339.24 | Cost: 1857.88 | Route: [0, 22, 23, 40, 6, 20, 14, 7, 12, 25, 0]
  - Vehicle: 4w | RC: -10308.24 | Cost: 1888.88 | Route: [0, 23, 40, 22, 6, 20, 14, 7, 12, 0]
  - Vehicle: 6w | RC: -10306.78 | Cost: 2110.53 | Route: [0, 19, 14, 20, 6, 23, 22, 40, 12, 7, 0]
  - Vehicle: 4w | RC: -10291.63 | Cost: 1905.49 | Route: [0, 6, 23, 40, 22, 20, 14, 7, 12, 0]
  - Vehicle: 4w | RC: -10283.70 | Cost: 1913.42 | Route: [0, 14, 20, 23, 40, 22, 6, 7, 12, 0]
  - Vehicle: 4w | RC: -10283.48 | Cost: 1913.64 | Route: [0, 20, 23, 40, 22, 6, 14, 7, 12, 0]
  - Vehicle: 10w | RC: -10269.67 | Cost: 2640.43 | Route: [0, 17, 14, 20, 6, 15, 23, 22, 12, 40, 0]
  - Vehicle: 10w | RC: -10215.23 | Cost: 2762.81 | Route: [0, 33, 14, 20, 6, 15, 23, 22, 12, 40, 0]
  - Vehicle: 10w | RC: -10192.52 | Cost: 2551.47 | Route: [0, 27, 14, 20, 6, 15, 23, 22, 12, 40, 0]
  - Vehicle: AUV | RC: -10152.82 | Cost: 1529.42 | Route: [0, 1, 15, 14, 20, 23, 40, 6, 22, 0]
  - Vehicle: 6w | RC: -10145.95 | Cost: 2051.17 | Route: [0, 15, 20, 23, 22, 40, 12, 7, 6, 0]
  - Vehicle: 6w | RC: -10132.09 | Cost: 2065.03 | Route: [0, 25, 23, 22, 40, 12, 7, 6, 20, 14, 0]
  - Vehicle: 6w | RC: -10118.68 | Cost: 2078.44 | Route: [0, 6, 23, 22, 40, 12, 7, 20, 14, 0]
  - Vehicle: 6w | RC: -10109.13 | Cost: 2087.99 | Route: [0, 20, 23, 22, 40, 12, 7, 6, 14, 0]
  - Vehicle: 6w | RC: -10098.16 | Cost: 2098.96 | Route: [0, 14, 20, 23, 22, 40, 12, 7, 6, 0]
  - Vehicle: 40ft | RC: -10063.40 | Cost: 3115.47 | Route: [0, 2, 14, 20, 6, 15, 23, 22, 12, 7, 0]
  - Vehicle: 40ft | RC: -10046.53 | Cost: 3043.57 | Route: [0, 4, 14, 20, 6, 15, 23, 22, 12, 39, 0]
  - Vehicle: 6w | RC: -10042.38 | Cost: 2127.04 | Route: [0, 16, 23, 22, 40, 12, 7, 6, 20, 0]
  - Vehicle: AUV | RC: -10006.50 | Cost: 1631.04 | Route: [0, 2, 14, 20, 23, 40, 6, 22, 7, 0]
  - Vehicle: 4w | RC: -9951.42 | Cost: 1730.83 | Route: [0, 1, 15, 14, 20, 6, 23, 40, 22, 0]
  - Vehicle: 40ft | RC: -9945.14 | Cost: 2977.29 | Route: [0, 17, 14, 20, 6, 15, 23, 22, 12, 39, 0]
  - Vehicle: 40ft | RC: -9877.84 | Cost: 2878.47 | Route: [0, 27, 14, 20, 6, 15, 23, 22, 12, 39, 0]
  - Vehicle: 40ft | RC: -9877.00 | Cost: 3113.36 | Route: [0, 33, 14, 20, 6, 15, 23, 22, 12, 39, 0]
  - Vehicle: AUV | RC: -9824.14 | Cost: 1696.93 | Route: [0, 4, 20, 23, 40, 6, 14, 22, 7, 0]
  - Vehicle: AUV | RC: -9817.14 | Cost: 1536.25 | Route: [0, 17, 14, 20, 6, 23, 40, 22, 7, 0]
  - Vehicle: 4w | RC: -9784.85 | Cost: 1852.69 | Route: [0, 2, 14, 20, 6, 23, 40, 22, 7, 0]
  - Vehicle: 10w | RC: -9741.20 | Cost: 2676.10 | Route: [0, 19, 14, 20, 6, 23, 22, 12, 40, 7, 0]
  - Vehicle: 10w | RC: -9718.20 | Cost: 2657.38 | Route: [0, 26, 23, 22, 12, 40, 7, 16, 6, 20, 0]
  - Vehicle: AUV | RC: -9718.03 | Cost: 1703.30 | Route: [0, 33, 14, 20, 23, 40, 6, 22, 7, 0]
  - Vehicle: AUV | RC: -9700.46 | Cost: 1486.81 | Route: [0, 27, 14, 20, 6, 23, 40, 22, 7, 0]
  - Vehicle: AUV | RC: -9689.97 | Cost: 1529.25 | Route: [0, 8, 14, 20, 23, 40, 6, 22, 7, 0]
  - Vehicle: 6w | RC: -9671.63 | Cost: 2010.61 | Route: [0, 1, 15, 14, 20, 6, 23, 22, 40, 0]
  - Vehicle: AUV | RC: -9646.40 | Cost: 1660.80 | Route: [0, 10, 14, 20, 23, 40, 6, 22, 7, 0]
  - Vehicle: 4w | RC: -9623.34 | Cost: 1897.74 | Route: [0, 4, 14, 20, 6, 23, 40, 22, 7, 0]
  - Vehicle: 40ft | RC: -9553.70 | Cost: 2891.30 | Route: [0, 19, 14, 20, 6, 23, 22, 12, 40, 39, 0]
  - Vehicle: 4w | RC: -9495.49 | Cost: 1857.90 | Route: [0, 17, 14, 20, 6, 23, 40, 22, 7, 0]
  - Vehicle: 4w | RC: -9481.88 | Cost: 1939.45 | Route: [0, 33, 14, 20, 6, 23, 40, 22, 7, 0]
  - Vehicle: AUV | RC: -9467.71 | Cost: 1639.91 | Route: [0, 34, 23, 40, 6, 20, 14, 22, 7, 0]
  - Vehicle: 10w | RC: -9448.18 | Cost: 2720.44 | Route: [0, 40, 23, 22, 12, 7, 16, 39, 6, 0]
  - Vehicle: 10w | RC: -9436.83 | Cost: 2731.77 | Route: [0, 15, 23, 22, 12, 40, 7, 16, 39, 0]
  - Vehicle: 10w | RC: -9436.81 | Cost: 2731.81 | Route: [0, 6, 23, 22, 12, 40, 7, 16, 39, 0]
  - Vehicle: 10w | RC: -9424.69 | Cost: 2743.74 | Route: [0, 20, 23, 22, 12, 40, 7, 16, 39, 0]
  - Vehicle: 4w | RC: -9418.79 | Cost: 1888.41 | Route: [0, 10, 14, 20, 6, 23, 40, 22, 7, 0]
  - Vehicle: 4w | RC: -9388.69 | Cost: 1798.58 | Route: [0, 27, 14, 20, 6, 23, 40, 22, 7, 0]
  - Vehicle: 40ft | RC: -9350.19 | Cost: 3024.59 | Route: [0, 26, 23, 22, 12, 40, 39, 7, 16, 6, 0]
  - Vehicle: AUV | RC: -9329.83 | Cost: 1545.40 | Route: [0, 26, 23, 40, 6, 20, 14, 22, 7, 0]
  - Vehicle: 10w | RC: -9304.49 | Cost: 2864.13 | Route: [0, 16, 23, 22, 12, 40, 7, 39, 6, 0]
  - Vehicle: AUV | RC: -9281.29 | Cost: 1607.97 | Route: [0, 19, 20, 23, 40, 6, 14, 22, 7, 0]
  - Vehicle: 40ft | RC: -9241.13 | Cost: 2927.48 | Route: [0, 25, 23, 22, 12, 40, 39, 7, 16, 6, 0]
  - Vehicle: 4w | RC: -9232.83 | Cost: 1874.79 | Route: [0, 34, 23, 40, 22, 6, 20, 14, 7, 0]
  - Vehicle: AUV | RC: -9171.59 | Cost: 1497.49 | Route: [0, 25, 23, 40, 6, 20, 14, 22, 7, 0]
  - Vehicle: 40ft | RC: -9101.32 | Cost: 3067.30 | Route: [0, 7, 23, 22, 12, 40, 39, 16, 6, 0]
  - Vehicle: 40ft | RC: -9101.31 | Cost: 3067.31 | Route: [0, 16, 23, 22, 12, 40, 39, 7, 6, 0]
  - Vehicle: AUV | RC: -9067.85 | Cost: 1601.23 | Route: [0, 31, 23, 40, 6, 20, 14, 22, 7, 0]
  - Vehicle: AUV | RC: -9046.94 | Cost: 1928.71 | Route: [0, 21, 23, 40, 6, 20, 14, 22, 7, 0]
  - Vehicle: AUV | RC: -9024.65 | Cost: 1644.42 | Route: [0, 24, 23, 40, 6, 20, 14, 22, 7, 0]
  - Vehicle: AUV | RC: -9018.41 | Cost: 1650.66 | Route: [0, 5, 23, 40, 6, 20, 14, 22, 7, 0]
  - Vehicle: AUV | RC: -9014.79 | Cost: 1654.29 | Route: [0, 3, 23, 40, 6, 20, 14, 22, 7, 0]
  - Vehicle: AUV | RC: -9013.81 | Cost: 1655.27 | Route: [0, 35, 23, 40, 6, 20, 14, 22, 7, 0]
  - Vehicle: AUV | RC: -9008.22 | Cost: 1660.85 | Route: [0, 18, 23, 40, 6, 20, 14, 22, 7, 0]
  - Vehicle: AUV | RC: -9004.58 | Cost: 1664.49 | Route: [0, 30, 23, 40, 6, 20, 14, 22, 7, 0]
  - Vehicle: AUV | RC: -8991.95 | Cost: 1677.12 | Route: [0, 11, 23, 40, 6, 20, 14, 22, 7, 0]
  - Vehicle: AUV | RC: -8987.37 | Cost: 1681.70 | Route: [0, 9, 23, 40, 6, 20, 14, 22, 7, 0]
  - Vehicle: AUV | RC: -8985.57 | Cost: 1683.50 | Route: [0, 29, 23, 40, 6, 20, 14, 22, 7, 0]
  - Vehicle: AUV | RC: -8983.01 | Cost: 1686.07 | Route: [0, 32, 23, 40, 6, 20, 14, 22, 7, 0]
  - Vehicle: AUV | RC: -8968.30 | Cost: 1700.78 | Route: [0, 28, 23, 40, 6, 20, 14, 22, 7, 0]
  - Vehicle: AUV | RC: -8959.69 | Cost: 1709.39 | Route: [0, 37, 23, 40, 6, 20, 14, 22, 7, 0]
  - Vehicle: 4w | RC: -8945.16 | Cost: 1944.10 | Route: [0, 19, 20, 23, 40, 6, 14, 22, 7, 0]
  - Vehicle: 6w | RC: -8887.56 | Cost: 2222.21 | Route: [0, 34, 23, 22, 40, 12, 7, 6, 20, 0]
  - Vehicle: 4w | RC: -8840.72 | Cost: 1828.36 | Route: [0, 31, 23, 40, 22, 6, 20, 14, 7, 0]
  - Vehicle: AUV | RC: -8822.71 | Cost: 1846.37 | Route: [0, 38, 23, 40, 6, 20, 14, 22, 7, 0]
  - Vehicle: 4w | RC: -8788.89 | Cost: 1880.18 | Route: [0, 24, 23, 40, 22, 6, 20, 14, 7, 0]
  - Vehicle: 6w | RC: -8787.76 | Cost: 2089.64 | Route: [0, 26, 23, 22, 40, 12, 7, 6, 20, 0]
  - Vehicle: 4w | RC: -8781.31 | Cost: 1887.76 | Route: [0, 5, 23, 40, 22, 6, 20, 14, 7, 0]
  - Vehicle: 4w | RC: -8776.96 | Cost: 1892.11 | Route: [0, 3, 23, 40, 22, 6, 20, 14, 7, 0]
  - Vehicle: 4w | RC: -8775.80 | Cost: 1893.27 | Route: [0, 35, 23, 40, 22, 6, 20, 14, 7, 0]
  - Vehicle: 4w | RC: -8769.13 | Cost: 1899.94 | Route: [0, 18, 23, 40, 22, 6, 20, 14, 7, 0]
  - Vehicle: 4w | RC: -8764.75 | Cost: 1904.32 | Route: [0, 30, 23, 40, 22, 6, 20, 14, 7, 0]
  - Vehicle: 4w | RC: -8754.09 | Cost: 2221.56 | Route: [0, 21, 23, 40, 22, 6, 20, 14, 7, 0]
  - Vehicle: 4w | RC: -8749.58 | Cost: 1919.49 | Route: [0, 11, 23, 40, 22, 6, 20, 14, 7, 0]
  - Vehicle: 4w | RC: -8744.06 | Cost: 1925.01 | Route: [0, 9, 23, 40, 22, 6, 20, 14, 7, 0]
  - Vehicle: 4w | RC: -8741.87 | Cost: 1927.21 | Route: [0, 29, 23, 40, 22, 6, 20, 14, 7, 0]
  - Vehicle: 4w | RC: -8738.77 | Cost: 1930.30 | Route: [0, 32, 23, 40, 22, 6, 20, 14, 7, 0]
  - Vehicle: AUV | RC: -8723.79 | Cost: 1945.28 | Route: [0, 13, 23, 40, 6, 20, 14, 22, 7, 0]
  - Vehicle: AUV | RC: -8723.43 | Cost: 1945.65 | Route: [0, 36, 23, 40, 6, 20, 14, 22, 7, 0]
  - Vehicle: 4w | RC: -8721.18 | Cost: 1947.90 | Route: [0, 28, 23, 40, 22, 6, 20, 14, 7, 0]
  - Vehicle: 4w | RC: -8710.77 | Cost: 1958.30 | Route: [0, 37, 23, 40, 22, 6, 20, 14, 7, 0]
  - Vehicle: 4w | RC: -8546.29 | Cost: 2122.79 | Route: [0, 38, 23, 40, 22, 6, 20, 14, 7, 0]
  - Vehicle: 6w | RC: -8503.22 | Cost: 2168.01 | Route: [0, 31, 23, 22, 40, 12, 7, 6, 20, 0]
  - Vehicle: 6w | RC: -8442.79 | Cost: 2228.44 | Route: [0, 24, 23, 22, 40, 12, 7, 6, 20, 0]
  - Vehicle: 6w | RC: -8433.72 | Cost: 2237.52 | Route: [0, 5, 23, 22, 40, 12, 7, 6, 20, 0]
  - Vehicle: 6w | RC: -8428.63 | Cost: 2242.60 | Route: [0, 3, 23, 22, 40, 12, 7, 6, 20, 0]
  - Vehicle: 4w | RC: -8427.49 | Cost: 2241.58 | Route: [0, 13, 23, 40, 22, 6, 20, 14, 7, 0]
  - Vehicle: 6w | RC: -8427.33 | Cost: 2243.90 | Route: [0, 35, 23, 22, 40, 12, 7, 6, 20, 0]
  - Vehicle: 4w | RC: -8427.05 | Cost: 2242.02 | Route: [0, 36, 23, 40, 22, 6, 20, 14, 7, 0]
  - Vehicle: 6w | RC: -8419.63 | Cost: 2251.60 | Route: [0, 18, 23, 22, 40, 12, 7, 6, 20, 0]
  - Vehicle: 6w | RC: -8414.48 | Cost: 2256.75 | Route: [0, 30, 23, 22, 40, 12, 7, 6, 20, 0]
  - Vehicle: 6w | RC: -8396.75 | Cost: 2274.48 | Route: [0, 11, 23, 22, 40, 12, 7, 6, 20, 0]
  - Vehicle: 6w | RC: -8390.24 | Cost: 2280.99 | Route: [0, 9, 23, 22, 40, 12, 7, 6, 20, 0]
  - Vehicle: 6w | RC: -8387.59 | Cost: 2283.64 | Route: [0, 29, 23, 22, 40, 12, 7, 6, 20, 0]
  - Vehicle: 6w | RC: -8383.95 | Cost: 2287.28 | Route: [0, 32, 23, 22, 40, 12, 7, 6, 20, 0]
  - Vehicle: 6w | RC: -8363.55 | Cost: 2307.68 | Route: [0, 28, 23, 22, 40, 12, 7, 6, 20, 0]
  - Vehicle: 6w | RC: -8351.24 | Cost: 2319.99 | Route: [0, 37, 23, 22, 40, 12, 7, 6, 20, 0]
  - Vehicle: 6w | RC: -8350.50 | Cost: 2627.31 | Route: [0, 21, 23, 22, 40, 12, 7, 6, 20, 0]
  - Vehicle: 10w | RC: -8259.22 | Cost: 2823.02 | Route: [0, 34, 23, 22, 12, 40, 7, 16, 6, 0]
  - Vehicle: 6w | RC: -8159.08 | Cost: 2512.15 | Route: [0, 38, 23, 22, 40, 12, 7, 6, 20, 0]
  - Vehicle: 6w | RC: -8020.23 | Cost: 2651.00 | Route: [0, 13, 23, 22, 40, 12, 7, 6, 20, 0]
  - Vehicle: 6w | RC: -8019.71 | Cost: 2651.52 | Route: [0, 36, 23, 22, 40, 12, 7, 6, 20, 0]
  - Vehicle: 40ft | RC: -7999.15 | Cost: 3082.10 | Route: [0, 34, 23, 22, 12, 40, 39, 7, 16, 0]
  - Vehicle: 10w | RC: -7934.83 | Cost: 2707.88 | Route: [0, 25, 23, 22, 12, 40, 7, 16, 39, 0]
  - Vehicle: 10w | RC: -7890.36 | Cost: 2753.34 | Route: [0, 31, 23, 22, 12, 40, 7, 16, 6, 0]
  - Vehicle: 10w | RC: -7839.78 | Cost: 2803.73 | Route: [0, 29, 20, 23, 22, 12, 40, 7, 16, 0]
  - Vehicle: 10w | RC: -7812.66 | Cost: 2831.05 | Route: [0, 24, 23, 22, 12, 40, 7, 16, 6, 0]
  - Vehicle: 10w | RC: -7801.05 | Cost: 2842.65 | Route: [0, 5, 23, 22, 12, 40, 7, 16, 6, 0]
  - Vehicle: 10w | RC: -7794.52 | Cost: 2849.19 | Route: [0, 3, 23, 22, 12, 40, 7, 16, 6, 0]
  - Vehicle: 10w | RC: -7792.83 | Cost: 2850.87 | Route: [0, 35, 23, 22, 12, 40, 7, 16, 6, 0]
  - Vehicle: 10w | RC: -7776.29 | Cost: 2867.41 | Route: [0, 30, 23, 22, 12, 40, 7, 16, 6, 0]
  - Vehicle: 10w | RC: -7753.51 | Cost: 2890.19 | Route: [0, 11, 23, 22, 12, 40, 7, 16, 6, 0]
  - Vehicle: 10w | RC: -7745.16 | Cost: 2898.54 | Route: [0, 9, 23, 22, 12, 40, 7, 16, 6, 0]
  - Vehicle: 10w | RC: -7737.11 | Cost: 2906.60 | Route: [0, 32, 23, 22, 12, 40, 7, 16, 6, 0]
  - Vehicle: 10w | RC: -7710.85 | Cost: 2932.86 | Route: [0, 28, 23, 22, 12, 40, 7, 16, 6, 0]
  - Vehicle: 10w | RC: -7695.07 | Cost: 2948.64 | Route: [0, 37, 23, 22, 12, 40, 7, 16, 6, 0]
  - Vehicle: 10w | RC: -7639.79 | Cost: 3002.92 | Route: [0, 18, 23, 22, 12, 40, 7, 16, 39, 0]
  - Vehicle: 40ft | RC: -7638.08 | Cost: 3004.63 | Route: [0, 31, 23, 22, 12, 40, 39, 7, 16, 0]
  - Vehicle: 40ft | RC: -7551.79 | Cost: 3090.92 | Route: [0, 24, 23, 22, 12, 40, 39, 7, 16, 0]
  - Vehicle: 40ft | RC: -7538.53 | Cost: 3104.18 | Route: [0, 5, 23, 22, 12, 40, 39, 7, 16, 0]
  - Vehicle: 40ft | RC: -7531.26 | Cost: 3111.45 | Route: [0, 3, 23, 22, 12, 40, 39, 7, 16, 0]
  - Vehicle: 40ft | RC: -7529.47 | Cost: 3113.25 | Route: [0, 35, 23, 22, 12, 40, 39, 7, 16, 0]
  - Vehicle: 40ft | RC: -7518.56 | Cost: 3124.16 | Route: [0, 18, 23, 22, 12, 40, 39, 7, 16, 0]
  - Vehicle: 40ft | RC: -7511.15 | Cost: 3131.56 | Route: [0, 30, 23, 22, 12, 40, 39, 7, 16, 0]
  - Vehicle: 40ft | RC: -7488.39 | Cost: 3181.86 | Route: [0, 29, 20, 23, 22, 12, 40, 39, 7, 0]
  - Vehicle: 40ft | RC: -7485.80 | Cost: 3156.91 | Route: [0, 11, 23, 22, 12, 40, 39, 7, 16, 0]
  - Vehicle: 40ft | RC: -7476.41 | Cost: 3166.30 | Route: [0, 9, 23, 22, 12, 40, 39, 7, 16, 0]
  - Vehicle: 40ft | RC: -7467.27 | Cost: 3175.45 | Route: [0, 32, 23, 22, 12, 40, 39, 7, 16, 0]
  - Vehicle: 10w | RC: -7463.46 | Cost: 3485.83 | Route: [0, 21, 23, 22, 12, 40, 7, 16, 39, 0]
  - Vehicle: 10w | RC: -7448.07 | Cost: 3195.63 | Route: [0, 38, 23, 22, 12, 40, 7, 16, 6, 0]
  - Vehicle: 40ft | RC: -7438.30 | Cost: 3204.41 | Route: [0, 28, 23, 22, 12, 40, 39, 7, 16, 0]
  - Vehicle: 40ft | RC: -7420.50 | Cost: 3222.21 | Route: [0, 37, 23, 22, 12, 40, 39, 7, 16, 0]
  - Vehicle: 40ft | RC: -7287.82 | Cost: 3661.47 | Route: [0, 21, 23, 22, 12, 40, 39, 7, 16, 0]
  - Vehicle: 10w | RC: -7269.63 | Cost: 3374.07 | Route: [0, 13, 23, 22, 12, 40, 7, 16, 6, 0]
  - Vehicle: 10w | RC: -7268.96 | Cost: 3374.74 | Route: [0, 36, 23, 22, 12, 40, 7, 16, 6, 0]
  - Vehicle: 40ft | RC: -7145.64 | Cost: 3497.07 | Route: [0, 38, 23, 22, 12, 40, 39, 7, 16, 0]
  - Vehicle: 40ft | RC: -6946.99 | Cost: 3695.73 | Route: [0, 13, 23, 22, 12, 40, 39, 7, 16, 0]
  - Vehicle: 40ft | RC: -6946.23 | Cost: 3696.49 | Route: [0, 36, 23, 22, 12, 40, 39, 7, 16, 0]

[Iteration 4] RMP Objective: 13544.18
[Iteration 4] POMO generated 196 negative RC columns.
[Iteration 4] Adding Columns:
  - Vehicle: 4w | RC: -4401.24 | Cost: 2206.56 | Route: [0, 34, 32, 17, 2, 24, 19, 28, 4, 0]
  - Vehicle: 4w | RC: -4365.27 | Cost: 2242.54 | Route: [0, 2, 32, 17, 19, 34, 24, 28, 4, 0]
  - Vehicle: AUV | RC: -4267.50 | Cost: 1974.24 | Route: [0, 19, 32, 2, 17, 1, 24, 34, 0]
  - Vehicle: AUV | RC: -4265.30 | Cost: 1833.62 | Route: [0, 1, 17, 32, 2, 34, 24, 28, 0]
  - Vehicle: 4w | RC: -4198.69 | Cost: 2232.54 | Route: [0, 18, 34, 32, 17, 2, 24, 19, 28, 0]
  - Vehicle: AUV | RC: -4167.84 | Cost: 2073.90 | Route: [0, 17, 32, 2, 1, 24, 34, 19, 0]
  - Vehicle: AUV | RC: -4164.09 | Cost: 2077.65 | Route: [0, 2, 32, 17, 1, 24, 34, 19, 0]
  - Vehicle: AUV | RC: -4123.50 | Cost: 1975.42 | Route: [0, 34, 32, 2, 17, 1, 24, 28, 0]
  - Vehicle: AUV | RC: -4088.32 | Cost: 2010.60 | Route: [0, 28, 32, 2, 17, 1, 24, 34, 0]
  - Vehicle: 4w | RC: -4077.75 | Cost: 2163.98 | Route: [0, 1, 17, 32, 2, 24, 34, 19, 0]
  - Vehicle: AUV | RC: -4064.01 | Cost: 1945.49 | Route: [0, 27, 32, 2, 17, 1, 24, 34, 0]
  - Vehicle: AUV | RC: -4052.15 | Cost: 1999.37 | Route: [0, 10, 32, 2, 17, 1, 24, 34, 0]
  - Vehicle: 6w | RC: -4043.25 | Cost: 2604.55 | Route: [0, 17, 32, 2, 19, 34, 24, 28, 10, 0]
  - Vehicle: AUV | RC: -4005.10 | Cost: 2032.09 | Route: [0, 26, 34, 32, 2, 17, 1, 24, 0]
  - Vehicle: AUV | RC: -4004.40 | Cost: 2007.13 | Route: [0, 4, 32, 2, 17, 1, 24, 34, 0]
  - Vehicle: AUV | RC: -3975.67 | Cost: 2123.25 | Route: [0, 24, 32, 2, 17, 1, 34, 28, 0]
  - Vehicle: 6w | RC: -3958.98 | Cost: 2648.82 | Route: [0, 2, 32, 17, 19, 34, 24, 28, 4, 0]
  - Vehicle: 6w | RC: -3951.23 | Cost: 2547.16 | Route: [0, 12, 34, 24, 32, 17, 2, 19, 26, 0]
  - Vehicle: 6w | RC: -3950.77 | Cost: 2657.03 | Route: [0, 32, 17, 2, 19, 34, 24, 28, 4, 0]
  - Vehicle: AUV | RC: -3928.57 | Cost: 2035.28 | Route: [0, 12, 34, 32, 2, 17, 1, 24, 0]
  - Vehicle: AUV | RC: -3913.92 | Cost: 2185.00 | Route: [0, 32, 2, 17, 1, 24, 34, 28, 0]
  - Vehicle: AUV | RC: -3903.28 | Cost: 2051.89 | Route: [0, 15, 1, 17, 32, 2, 34, 24, 0]
  - Vehicle: AUV | RC: -3899.63 | Cost: 2063.91 | Route: [0, 8, 1, 17, 32, 2, 34, 24, 0]
  - Vehicle: AUV | RC: -3897.00 | Cost: 2044.42 | Route: [0, 7, 32, 2, 17, 1, 24, 34, 0]
  - Vehicle: 6w | RC: -3892.11 | Cost: 2715.70 | Route: [0, 28, 32, 17, 2, 19, 34, 24, 4, 0]
  - Vehicle: AUV | RC: -3877.12 | Cost: 1957.85 | Route: [0, 18, 34, 32, 2, 17, 1, 24, 0]
  - Vehicle: AUV | RC: -3839.84 | Cost: 2115.95 | Route: [0, 16, 1, 17, 32, 2, 34, 24, 0]
  - Vehicle: AUV | RC: -3839.69 | Cost: 2142.83 | Route: [0, 39, 1, 17, 32, 2, 34, 24, 0]
  - Vehicle: 6w | RC: -3837.14 | Cost: 2594.09 | Route: [0, 18, 34, 24, 32, 17, 2, 19, 28, 0]
  - Vehicle: 6w | RC: -3795.64 | Cost: 2446.10 | Route: [0, 34, 24, 32, 17, 2, 19, 1, 0]
  - Vehicle: AUV | RC: -3766.84 | Cost: 2033.79 | Route: [0, 25, 34, 32, 2, 17, 1, 24, 0]
  - Vehicle: 4w | RC: -3736.95 | Cost: 2225.32 | Route: [0, 10, 17, 32, 2, 24, 34, 19, 31, 0]
  - Vehicle: 4w | RC: -3733.82 | Cost: 2275.85 | Route: [0, 17, 32, 2, 24, 34, 19, 28, 0]
  - Vehicle: 4w | RC: -3729.65 | Cost: 2280.02 | Route: [0, 28, 32, 17, 2, 24, 34, 19, 0]
  - Vehicle: 4w | RC: -3718.26 | Cost: 2201.99 | Route: [0, 27, 32, 17, 2, 24, 34, 19, 0]
  - Vehicle: 4w | RC: -3703.91 | Cost: 2244.03 | Route: [0, 26, 32, 17, 2, 24, 34, 19, 0]
  - Vehicle: 4w | RC: -3696.61 | Cost: 2177.99 | Route: [0, 12, 34, 32, 17, 2, 24, 19, 31, 0]
  - Vehicle: 4w | RC: -3680.22 | Cost: 2329.45 | Route: [0, 32, 17, 2, 24, 34, 19, 28, 0]
  - Vehicle: 4w | RC: -3679.56 | Cost: 2330.11 | Route: [0, 24, 32, 17, 2, 19, 34, 28, 0]
  - Vehicle: 6w | RC: -3666.96 | Cost: 2574.78 | Route: [0, 1, 17, 32, 2, 19, 34, 24, 0]
  - Vehicle: 4w | RC: -3649.18 | Cost: 2306.00 | Route: [0, 15, 1, 17, 32, 2, 24, 34, 0]
  - Vehicle: 4w | RC: -3646.39 | Cost: 2275.89 | Route: [0, 4, 32, 17, 2, 24, 34, 19, 0]
  - Vehicle: 4w | RC: -3643.07 | Cost: 2320.47 | Route: [0, 8, 1, 17, 32, 2, 24, 34, 0]
  - Vehicle: 4w | RC: -3633.41 | Cost: 2376.26 | Route: [0, 19, 32, 17, 2, 24, 34, 28, 0]
  - Vehicle: 4w | RC: -3572.80 | Cost: 2382.98 | Route: [0, 16, 1, 17, 32, 2, 24, 34, 0]
  - Vehicle: 4w | RC: -3567.30 | Cost: 2415.23 | Route: [0, 39, 1, 17, 32, 2, 24, 34, 0]
  - Vehicle: 4w | RC: -3531.31 | Cost: 2320.85 | Route: [0, 7, 32, 17, 2, 24, 34, 19, 0]
  - Vehicle: AUV | RC: -3471.20 | Cost: 1942.20 | Route: [0, 29, 32, 2, 17, 1, 24, 34, 0]
  - Vehicle: AUV | RC: -3469.97 | Cost: 1943.43 | Route: [0, 3, 32, 2, 17, 1, 24, 34, 0]
  - Vehicle: 6w | RC: -3457.99 | Cost: 2493.92 | Route: [0, 6, 34, 24, 32, 17, 2, 19, 26, 0]
  - Vehicle: AUV | RC: -3448.18 | Cost: 2031.29 | Route: [0, 14, 34, 32, 2, 17, 1, 24, 0]
  - Vehicle: 6w | RC: -3444.73 | Cost: 2503.20 | Route: [0, 20, 34, 24, 32, 17, 2, 19, 26, 0]
  - Vehicle: AUV | RC: -3420.17 | Cost: 1997.20 | Route: [0, 6, 34, 32, 2, 17, 1, 24, 0]
  - Vehicle: AUV | RC: -3409.59 | Cost: 2003.80 | Route: [0, 20, 34, 32, 2, 17, 1, 24, 0]
  - Vehicle: 6w | RC: -3403.59 | Cost: 2544.35 | Route: [0, 22, 34, 24, 32, 17, 2, 19, 26, 0]
  - Vehicle: 6w | RC: -3401.23 | Cost: 2546.70 | Route: [0, 23, 34, 24, 32, 17, 2, 19, 26, 0]
  - Vehicle: AUV | RC: -3380.09 | Cost: 2033.31 | Route: [0, 22, 34, 32, 2, 17, 1, 24, 0]
  - Vehicle: AUV | RC: -3378.41 | Cost: 2034.98 | Route: [0, 23, 34, 32, 2, 17, 1, 24, 0]
  - Vehicle: 4w | RC: -3347.09 | Cost: 2364.29 | Route: [0, 25, 32, 17, 2, 24, 34, 19, 0]
  - Vehicle: 6w | RC: -3338.10 | Cost: 2671.57 | Route: [0, 5, 32, 17, 2, 19, 34, 24, 28, 0]
  - Vehicle: AUV | RC: -3338.03 | Cost: 2075.37 | Route: [0, 40, 34, 32, 2, 17, 1, 24, 0]
  - Vehicle: 6w | RC: -3334.79 | Cost: 2674.88 | Route: [0, 29, 32, 17, 2, 19, 34, 24, 28, 0]
  - Vehicle: AUV | RC: -3334.54 | Cost: 2078.86 | Route: [0, 31, 34, 32, 2, 17, 1, 24, 0]
  - Vehicle: 6w | RC: -3332.99 | Cost: 2676.68 | Route: [0, 3, 32, 17, 2, 19, 34, 24, 28, 0]
  - Vehicle: AUV | RC: -3315.16 | Cost: 2098.24 | Route: [0, 38, 32, 2, 17, 1, 24, 34, 0]
  - Vehicle: 6w | RC: -3308.04 | Cost: 2701.62 | Route: [0, 37, 32, 17, 2, 19, 34, 24, 28, 0]
  - Vehicle: 6w | RC: -3306.15 | Cost: 2587.12 | Route: [0, 39, 34, 24, 32, 17, 2, 19, 31, 0]
  - Vehicle: 6w | RC: -3301.35 | Cost: 2618.90 | Route: [0, 27, 32, 17, 2, 19, 34, 24, 0]
  - Vehicle: 6w | RC: -3299.10 | Cost: 2710.57 | Route: [0, 9, 32, 17, 2, 19, 34, 24, 28, 0]
  - Vehicle: AUV | RC: -3285.10 | Cost: 2128.30 | Route: [0, 5, 34, 32, 2, 17, 1, 24, 0]
  - Vehicle: 10w | RC: -3281.45 | Cost: 3326.36 | Route: [0, 17, 32, 2, 19, 34, 24, 28, 4, 0]
  - Vehicle: AUV | RC: -3280.49 | Cost: 2132.90 | Route: [0, 35, 34, 32, 2, 17, 1, 24, 0]
  - Vehicle: 6w | RC: -3279.96 | Cost: 2667.97 | Route: [0, 26, 32, 17, 2, 19, 34, 24, 0]
  - Vehicle: 6w | RC: -3268.22 | Cost: 2694.05 | Route: [0, 10, 32, 17, 2, 19, 34, 24, 0]
  - Vehicle: 6w | RC: -3260.00 | Cost: 2749.67 | Route: [0, 24, 32, 17, 2, 19, 34, 28, 0]
  - Vehicle: AUV | RC: -3254.06 | Cost: 2159.34 | Route: [0, 9, 34, 32, 2, 17, 1, 24, 0]
  - Vehicle: AUV | RC: -3237.90 | Cost: 2175.50 | Route: [0, 30, 34, 32, 2, 17, 1, 24, 0]
  - Vehicle: 10w | RC: -3232.66 | Cost: 3265.72 | Route: [0, 12, 34, 24, 32, 17, 2, 19, 26, 0]
  - Vehicle: AUV | RC: -3228.67 | Cost: 2184.72 | Route: [0, 37, 34, 32, 2, 17, 1, 24, 0]
  - Vehicle: AUV | RC: -3225.27 | Cost: 2188.13 | Route: [0, 11, 34, 32, 2, 17, 1, 24, 0]
  - Vehicle: 4w | RC: -3219.97 | Cost: 2170.25 | Route: [0, 14, 34, 32, 17, 2, 24, 19, 0]
  - Vehicle: 6w | RC: -3217.32 | Cost: 2704.96 | Route: [0, 4, 32, 17, 2, 19, 34, 24, 0]
  - Vehicle: AUV | RC: -3216.24 | Cost: 2197.16 | Route: [0, 13, 32, 2, 17, 1, 24, 34, 0]
  - Vehicle: 10w | RC: -3211.47 | Cost: 3396.34 | Route: [0, 2, 32, 17, 19, 34, 24, 28, 4, 0]
  - Vehicle: AUV | RC: -3208.33 | Cost: 2205.07 | Route: [0, 33, 34, 32, 2, 17, 1, 24, 0]
  - Vehicle: 6w | RC: -3205.72 | Cost: 2803.95 | Route: [0, 19, 32, 17, 2, 24, 34, 28, 0]
  - Vehicle: 10w | RC: -3200.92 | Cost: 3406.89 | Route: [0, 32, 17, 2, 19, 34, 24, 28, 4, 0]
  - Vehicle: 6w | RC: -3198.96 | Cost: 2666.96 | Route: [0, 15, 32, 17, 2, 19, 34, 24, 0]
  - Vehicle: 4w | RC: -3195.80 | Cost: 2132.32 | Route: [0, 6, 34, 32, 17, 2, 24, 19, 31, 0]
  - Vehicle: 6w | RC: -3190.33 | Cost: 2683.96 | Route: [0, 8, 32, 17, 2, 19, 34, 24, 0]
  - Vehicle: 4w | RC: -3183.89 | Cost: 2140.25 | Route: [0, 20, 34, 32, 17, 2, 24, 19, 31, 0]
  - Vehicle: 4w | RC: -3148.53 | Cost: 2175.62 | Route: [0, 22, 34, 32, 17, 2, 24, 19, 31, 0]
  - Vehicle: 4w | RC: -3146.52 | Cost: 2177.63 | Route: [0, 23, 34, 32, 17, 2, 24, 19, 31, 0]
  - Vehicle: 4w | RC: -3126.15 | Cost: 2197.99 | Route: [0, 5, 32, 17, 2, 24, 34, 19, 31, 0]
  - Vehicle: 10w | RC: -3125.49 | Cost: 3482.32 | Route: [0, 28, 32, 17, 2, 19, 34, 24, 4, 0]
  - Vehicle: 4w | RC: -3123.27 | Cost: 2200.88 | Route: [0, 29, 32, 17, 2, 24, 34, 19, 31, 0]
  - Vehicle: 4w | RC: -3121.78 | Cost: 2202.37 | Route: [0, 3, 32, 17, 2, 24, 34, 19, 31, 0]
  - Vehicle: 6w | RC: -3109.28 | Cost: 2757.26 | Route: [0, 16, 32, 17, 2, 19, 34, 24, 0]
  - Vehicle: AUV | RC: -3108.53 | Cost: 2304.87 | Route: [0, 21, 34, 32, 2, 17, 1, 24, 0]
  - Vehicle: 10w | RC: -3105.39 | Cost: 3136.35 | Route: [0, 34, 24, 32, 17, 2, 19, 1, 0]
  - Vehicle: 10w | RC: -3105.16 | Cost: 3326.07 | Route: [0, 18, 34, 24, 32, 17, 2, 19, 28, 0]
  - Vehicle: 4w | RC: -3100.95 | Cost: 2223.20 | Route: [0, 40, 34, 32, 17, 2, 24, 19, 0]
  - Vehicle: 4w | RC: -3100.38 | Cost: 2223.77 | Route: [0, 37, 32, 17, 2, 24, 34, 19, 31, 0]
  - Vehicle: 4w | RC: -3096.76 | Cost: 2227.39 | Route: [0, 31, 34, 32, 17, 2, 24, 19, 0]
  - Vehicle: 6w | RC: -3094.21 | Cost: 2757.96 | Route: [0, 7, 32, 17, 2, 19, 34, 24, 0]
  - Vehicle: 4w | RC: -3092.72 | Cost: 2231.43 | Route: [0, 9, 32, 17, 2, 24, 34, 19, 31, 0]
  - Vehicle: 4w | RC: -3031.85 | Cost: 2292.30 | Route: [0, 35, 34, 32, 17, 2, 24, 19, 0]
  - Vehicle: 4w | RC: -2980.68 | Cost: 2343.46 | Route: [0, 30, 34, 32, 17, 2, 24, 19, 0]
  - Vehicle: 4w | RC: -2965.52 | Cost: 2358.63 | Route: [0, 11, 34, 32, 17, 2, 24, 19, 0]
  - Vehicle: AUV | RC: -2961.86 | Cost: 2228.48 | Route: [0, 36, 34, 32, 2, 17, 1, 27, 0]
  - Vehicle: 4w | RC: -2945.16 | Cost: 2378.98 | Route: [0, 33, 34, 32, 17, 2, 24, 19, 0]
  - Vehicle: 10w | RC: -2940.30 | Cost: 3301.43 | Route: [0, 1, 17, 32, 2, 19, 34, 24, 0]
  - Vehicle: 4w | RC: -2938.90 | Cost: 2385.25 | Route: [0, 38, 32, 17, 2, 24, 34, 19, 0]
  - Vehicle: 6w | RC: -2902.75 | Cost: 2808.62 | Route: [0, 25, 32, 17, 2, 19, 34, 24, 0]
  - Vehicle: 6w | RC: -2865.20 | Cost: 2525.02 | Route: [0, 14, 34, 24, 32, 17, 2, 19, 31, 0]
  - Vehicle: 40ft | RC: -2858.11 | Cost: 3749.69 | Route: [0, 17, 32, 2, 19, 34, 24, 28, 4, 0]
  - Vehicle: 4w | RC: -2825.53 | Cost: 2498.62 | Route: [0, 21, 34, 32, 17, 2, 24, 19, 0]
  - Vehicle: 4w | RC: -2820.10 | Cost: 2504.05 | Route: [0, 13, 32, 17, 2, 24, 34, 19, 0]
  - Vehicle: 4w | RC: -2819.66 | Cost: 2504.49 | Route: [0, 36, 32, 17, 2, 24, 34, 19, 0]
  - Vehicle: 40ft | RC: -2816.39 | Cost: 3682.00 | Route: [0, 12, 34, 24, 32, 17, 2, 19, 26, 0]
  - Vehicle: 40ft | RC: -2780.16 | Cost: 3827.64 | Route: [0, 2, 32, 17, 19, 34, 24, 28, 4, 0]
  - Vehicle: 40ft | RC: -2768.44 | Cost: 3839.36 | Route: [0, 32, 17, 2, 19, 34, 24, 28, 4, 0]
  - Vehicle: 10w | RC: -2754.65 | Cost: 3197.26 | Route: [0, 6, 34, 24, 32, 17, 2, 19, 26, 0]
  - Vehicle: 10w | RC: -2738.75 | Cost: 3209.18 | Route: [0, 20, 34, 24, 32, 17, 2, 19, 26, 0]
  - Vehicle: 6w | RC: -2737.36 | Cost: 2586.78 | Route: [0, 31, 34, 24, 32, 17, 2, 19, 0]
  - Vehicle: 6w | RC: -2737.25 | Cost: 2586.90 | Route: [0, 40, 34, 24, 32, 17, 2, 19, 31, 0]
  - Vehicle: 40ft | RC: -2706.56 | Cost: 3535.18 | Route: [0, 34, 24, 32, 17, 2, 19, 1, 0]
  - Vehicle: 10w | RC: -2685.82 | Cost: 3262.11 | Route: [0, 22, 34, 24, 32, 17, 2, 19, 26, 0]
  - Vehicle: 40ft | RC: -2684.63 | Cost: 3923.17 | Route: [0, 28, 32, 17, 2, 19, 34, 24, 4, 0]
  - Vehicle: 10w | RC: -2682.79 | Cost: 3265.14 | Route: [0, 23, 34, 24, 32, 17, 2, 19, 26, 0]
  - Vehicle: 40ft | RC: -2682.22 | Cost: 3749.02 | Route: [0, 18, 34, 24, 32, 17, 2, 19, 28, 0]
  - Vehicle: 6w | RC: -2661.47 | Cost: 2662.67 | Route: [0, 35, 34, 24, 32, 17, 2, 19, 0]
  - Vehicle: 6w | RC: -2601.66 | Cost: 2722.49 | Route: [0, 30, 34, 24, 32, 17, 2, 19, 0]
  - Vehicle: 10w | RC: -2584.12 | Cost: 3425.55 | Route: [0, 5, 32, 17, 2, 19, 34, 24, 28, 0]
  - Vehicle: 6w | RC: -2583.94 | Cost: 2740.21 | Route: [0, 11, 34, 24, 32, 17, 2, 19, 0]
  - Vehicle: 10w | RC: -2579.84 | Cost: 3429.83 | Route: [0, 29, 32, 17, 2, 19, 34, 24, 28, 0]
  - Vehicle: 10w | RC: -2577.55 | Cost: 3432.12 | Route: [0, 3, 32, 17, 2, 19, 34, 24, 28, 0]
  - Vehicle: 10w | RC: -2576.22 | Cost: 3317.05 | Route: [0, 39, 34, 24, 32, 17, 2, 19, 31, 0]
  - Vehicle: 10w | RC: -2562.03 | Cost: 3358.22 | Route: [0, 27, 32, 17, 2, 19, 34, 24, 0]
  - Vehicle: 6w | RC: -2560.14 | Cost: 2764.00 | Route: [0, 33, 34, 24, 32, 17, 2, 19, 0]
  - Vehicle: 10w | RC: -2545.47 | Cost: 3464.20 | Route: [0, 37, 32, 17, 2, 19, 34, 24, 28, 0]
  - Vehicle: 10w | RC: -2533.97 | Cost: 3475.70 | Route: [0, 9, 32, 17, 2, 19, 34, 24, 28, 0]
  - Vehicle: 10w | RC: -2526.63 | Cost: 3421.30 | Route: [0, 26, 32, 17, 2, 19, 34, 24, 0]
  - Vehicle: 40ft | RC: -2521.17 | Cost: 3720.57 | Route: [0, 1, 17, 32, 2, 19, 34, 24, 0]
  - Vehicle: 6w | RC: -2491.53 | Cost: 2832.61 | Route: [0, 38, 32, 17, 2, 19, 34, 24, 0]
  - Vehicle: 10w | RC: -2483.29 | Cost: 3526.37 | Route: [0, 24, 32, 17, 2, 19, 34, 28, 0]
  - Vehicle: 10w | RC: -2453.36 | Cost: 3468.92 | Route: [0, 4, 32, 17, 2, 19, 34, 24, 0]
  - Vehicle: 10w | RC: -2445.94 | Cost: 3419.99 | Route: [0, 15, 32, 17, 2, 19, 34, 24, 0]
  - Vehicle: 6w | RC: -2420.87 | Cost: 2903.27 | Route: [0, 21, 34, 24, 32, 17, 2, 19, 0]
  - Vehicle: 10w | RC: -2413.63 | Cost: 3596.04 | Route: [0, 19, 32, 17, 2, 24, 34, 28, 0]
  - Vehicle: 6w | RC: -2352.69 | Cost: 2971.46 | Route: [0, 13, 32, 17, 2, 19, 34, 24, 0]
  - Vehicle: 6w | RC: -2352.16 | Cost: 2971.98 | Route: [0, 36, 32, 17, 2, 19, 34, 24, 0]
  - Vehicle: 40ft | RC: -2345.91 | Cost: 3606.00 | Route: [0, 6, 34, 24, 32, 17, 2, 19, 26, 0]
  - Vehicle: 10w | RC: -2330.53 | Cost: 3536.00 | Route: [0, 16, 32, 17, 2, 19, 34, 24, 0]
  - Vehicle: 40ft | RC: -2328.64 | Cost: 3619.29 | Route: [0, 20, 34, 24, 32, 17, 2, 19, 26, 0]
  - Vehicle: 10w | RC: -2315.26 | Cost: 3536.90 | Route: [0, 7, 32, 17, 2, 19, 34, 24, 0]
  - Vehicle: 40ft | RC: -2270.00 | Cost: 3677.93 | Route: [0, 22, 34, 24, 32, 17, 2, 19, 26, 0]
  - Vehicle: 40ft | RC: -2266.63 | Cost: 3681.30 | Route: [0, 23, 34, 24, 32, 17, 2, 19, 26, 0]
  - Vehicle: 40ft | RC: -2153.97 | Cost: 3739.30 | Route: [0, 39, 34, 24, 32, 17, 2, 19, 31, 0]
  - Vehicle: 10w | RC: -2152.99 | Cost: 3237.23 | Route: [0, 14, 34, 24, 32, 17, 2, 19, 31, 0]
  - Vehicle: 40ft | RC: -2149.43 | Cost: 3860.24 | Route: [0, 5, 32, 17, 2, 19, 34, 24, 28, 0]
  - Vehicle: 40ft | RC: -2144.75 | Cost: 3864.92 | Route: [0, 29, 32, 17, 2, 19, 34, 24, 28, 0]
  - Vehicle: 40ft | RC: -2142.12 | Cost: 3867.55 | Route: [0, 3, 32, 17, 2, 19, 34, 24, 28, 0]
  - Vehicle: 40ft | RC: -2136.92 | Cost: 3783.33 | Route: [0, 27, 32, 17, 2, 19, 34, 24, 0]
  - Vehicle: 10w | RC: -2109.33 | Cost: 3602.05 | Route: [0, 25, 32, 17, 2, 19, 34, 24, 0]
  - Vehicle: 40ft | RC: -2106.50 | Cost: 3903.17 | Route: [0, 37, 32, 17, 2, 19, 34, 24, 28, 0]
  - Vehicle: 40ft | RC: -2094.47 | Cost: 3853.46 | Route: [0, 26, 32, 17, 2, 19, 34, 24, 0]
  - Vehicle: 40ft | RC: -2093.71 | Cost: 3915.96 | Route: [0, 9, 32, 17, 2, 19, 34, 24, 28, 0]
  - Vehicle: 40ft | RC: -2039.59 | Cost: 3970.07 | Route: [0, 24, 32, 17, 2, 19, 34, 28, 0]
  - Vehicle: 40ft | RC: -2016.20 | Cost: 3906.07 | Route: [0, 4, 32, 17, 2, 19, 34, 24, 0]
  - Vehicle: 40ft | RC: -2013.81 | Cost: 3852.12 | Route: [0, 15, 32, 17, 2, 19, 34, 24, 0]
  - Vehicle: 10w | RC: -2007.38 | Cost: 3316.76 | Route: [0, 40, 34, 24, 32, 17, 2, 19, 31, 0]
  - Vehicle: 10w | RC: -2007.11 | Cost: 3317.04 | Route: [0, 31, 34, 24, 32, 17, 2, 19, 0]
  - Vehicle: 40ft | RC: -1961.51 | Cost: 4048.16 | Route: [0, 19, 32, 17, 2, 24, 34, 28, 0]
  - Vehicle: 40ft | RC: -1943.94 | Cost: 3908.23 | Route: [0, 7, 17, 32, 2, 19, 34, 24, 0]
  - Vehicle: 10w | RC: -1909.58 | Cost: 3414.57 | Route: [0, 35, 34, 24, 32, 17, 2, 19, 0]
  - Vehicle: 40ft | RC: -1885.07 | Cost: 3981.46 | Route: [0, 16, 32, 17, 2, 19, 34, 24, 0]
  - Vehicle: 10w | RC: -1832.71 | Cost: 3491.44 | Route: [0, 30, 34, 24, 32, 17, 2, 19, 0]
  - Vehicle: 10w | RC: -1809.93 | Cost: 3514.21 | Route: [0, 11, 34, 24, 32, 17, 2, 19, 0]
  - Vehicle: 10w | RC: -1779.35 | Cost: 3544.79 | Route: [0, 33, 34, 24, 32, 17, 2, 19, 0]
  - Vehicle: 40ft | RC: -1739.76 | Cost: 3650.46 | Route: [0, 14, 34, 24, 32, 17, 2, 19, 31, 0]
  - Vehicle: 10w | RC: -1691.12 | Cost: 3633.02 | Route: [0, 38, 32, 17, 2, 19, 34, 24, 0]
  - Vehicle: 40ft | RC: -1656.55 | Cost: 4054.83 | Route: [0, 25, 32, 17, 2, 19, 34, 24, 0]
  - Vehicle: 10w | RC: -1600.20 | Cost: 3723.94 | Route: [0, 21, 34, 24, 32, 17, 2, 19, 0]
  - Vehicle: 40ft | RC: -1587.18 | Cost: 3736.96 | Route: [0, 31, 34, 24, 32, 17, 2, 19, 0]
  - Vehicle: 40ft | RC: -1585.15 | Cost: 3738.99 | Route: [0, 40, 34, 24, 32, 17, 2, 19, 31, 0]
  - Vehicle: 10w | RC: -1512.68 | Cost: 3811.47 | Route: [0, 13, 32, 17, 2, 19, 34, 24, 0]
  - Vehicle: 10w | RC: -1512.01 | Cost: 3812.14 | Route: [0, 36, 32, 17, 2, 19, 34, 24, 0]
  - Vehicle: 40ft | RC: -1478.57 | Cost: 3845.58 | Route: [0, 35, 34, 24, 32, 17, 2, 19, 0]
  - Vehicle: 40ft | RC: -1392.96 | Cost: 3931.18 | Route: [0, 30, 34, 24, 32, 17, 2, 19, 0]
  - Vehicle: 40ft | RC: -1367.61 | Cost: 3956.53 | Route: [0, 11, 34, 24, 32, 17, 2, 19, 0]
  - Vehicle: 40ft | RC: -1333.56 | Cost: 3990.59 | Route: [0, 33, 34, 24, 32, 17, 2, 19, 0]
  - Vehicle: 40ft | RC: -1235.62 | Cost: 4088.53 | Route: [0, 38, 32, 17, 2, 19, 34, 24, 0]
  - Vehicle: 40ft | RC: -1134.97 | Cost: 4189.17 | Route: [0, 21, 34, 24, 32, 17, 2, 19, 0]
  - Vehicle: 40ft | RC: -1036.96 | Cost: 4287.18 | Route: [0, 13, 32, 17, 2, 19, 34, 24, 0]
  - Vehicle: 40ft | RC: -1036.20 | Cost: 4287.94 | Route: [0, 36, 32, 17, 2, 19, 34, 24, 0]

[Iteration 5] RMP Objective: 11424.73
[Iteration 5] POMO generated 178 negative RC columns.
[Iteration 5] Adding Columns:
  - Vehicle: AUV | RC: -2987.69 | Cost: 1977.46 | Route: [0, 1, 27, 26, 21, 33, 10, 19, 0]
  - Vehicle: AUV | RC: -2695.17 | Cost: 2269.99 | Route: [0, 21, 26, 33, 1, 27, 10, 19, 0]
  - Vehicle: AUV | RC: -2263.41 | Cost: 2068.50 | Route: [0, 39, 21, 26, 33, 1, 27, 0]
  - Vehicle: AUV | RC: -2254.05 | Cost: 2077.87 | Route: [0, 12, 21, 26, 33, 1, 27, 0]
  - Vehicle: 4w | RC: -2173.06 | Cost: 2806.33 | Route: [0, 21, 26, 33, 27, 1, 19, 12, 0]
  - Vehicle: AUV | RC: -2166.40 | Cost: 2067.46 | Route: [0, 18, 21, 26, 33, 1, 27, 0]
  - Vehicle: AUV | RC: -2157.12 | Cost: 2080.04 | Route: [0, 15, 21, 26, 33, 1, 27, 0]
  - Vehicle: AUV | RC: -2156.25 | Cost: 2170.77 | Route: [0, 19, 21, 26, 33, 1, 27, 0]
  - Vehicle: AUV | RC: -2151.01 | Cost: 2078.69 | Route: [0, 8, 21, 26, 33, 1, 27, 0]
  - Vehicle: AUV | RC: -2127.01 | Cost: 2190.67 | Route: [0, 10, 26, 21, 33, 1, 27, 0]
  - Vehicle: AUV | RC: -2124.58 | Cost: 2069.05 | Route: [0, 7, 21, 26, 33, 1, 27, 0]
  - Vehicle: AUV | RC: -2095.41 | Cost: 2222.28 | Route: [0, 26, 21, 33, 1, 27, 10, 0]
  - Vehicle: AUV | RC: -2094.05 | Cost: 2165.23 | Route: [0, 17, 26, 21, 33, 1, 27, 0]
  - Vehicle: AUV | RC: -2065.72 | Cost: 2251.97 | Route: [0, 33, 21, 26, 1, 27, 10, 0]
  - Vehicle: AUV | RC: -2042.68 | Cost: 2275.00 | Route: [0, 27, 26, 21, 33, 1, 10, 0]
  - Vehicle: 4w | RC: -2031.75 | Cost: 2300.16 | Route: [0, 39, 21, 26, 33, 27, 1, 0]
  - Vehicle: 4w | RC: -2020.51 | Cost: 2311.41 | Route: [0, 12, 21, 26, 33, 27, 1, 0]
  - Vehicle: AUV | RC: -1978.81 | Cost: 2229.08 | Route: [0, 4, 21, 26, 33, 1, 27, 0]
  - Vehicle: AUV | RC: -1964.94 | Cost: 2070.01 | Route: [0, 16, 21, 26, 33, 1, 27, 0]
  - Vehicle: 4w | RC: -1948.68 | Cost: 2378.34 | Route: [0, 1, 27, 26, 21, 33, 19, 31, 0]
  - Vehicle: AUV | RC: -1936.00 | Cost: 2158.91 | Route: [0, 5, 26, 21, 33, 1, 27, 0]
  - Vehicle: 4w | RC: -1935.03 | Cost: 2298.83 | Route: [0, 18, 21, 26, 33, 27, 1, 0]
  - Vehicle: 4w | RC: -1923.04 | Cost: 2314.12 | Route: [0, 15, 21, 26, 33, 27, 1, 0]
  - Vehicle: 4w | RC: -1917.19 | Cost: 2312.52 | Route: [0, 8, 21, 26, 33, 27, 1, 0]
  - Vehicle: 4w | RC: -1892.73 | Cost: 2300.89 | Route: [0, 7, 21, 26, 33, 27, 1, 0]
  - Vehicle: 6w | RC: -1862.41 | Cost: 3022.86 | Route: [0, 39, 21, 26, 33, 19, 27, 10, 0]
  - Vehicle: AUV | RC: -1857.58 | Cost: 2273.03 | Route: [0, 28, 21, 26, 33, 1, 27, 0]
  - Vehicle: 6w | RC: -1849.28 | Cost: 3035.99 | Route: [0, 12, 21, 26, 33, 19, 27, 10, 0]
  - Vehicle: 6w | RC: -1768.40 | Cost: 2963.71 | Route: [0, 15, 21, 26, 33, 19, 27, 17, 0]
  - Vehicle: 6w | RC: -1766.15 | Cost: 3021.07 | Route: [0, 18, 21, 26, 33, 19, 27, 10, 0]
  - Vehicle: AUV | RC: -1753.19 | Cost: 2114.15 | Route: [0, 14, 21, 26, 33, 1, 27, 0]
  - Vehicle: 6w | RC: -1740.39 | Cost: 2948.18 | Route: [0, 7, 21, 26, 33, 19, 27, 17, 0]
  - Vehicle: 4w | RC: -1732.90 | Cost: 2302.05 | Route: [0, 16, 21, 26, 33, 27, 1, 0]
  - Vehicle: AUV | RC: -1720.37 | Cost: 2076.38 | Route: [0, 25, 21, 26, 33, 1, 27, 0]
  - Vehicle: 4w | RC: -1689.80 | Cost: 2637.23 | Route: [0, 26, 21, 33, 27, 1, 19, 0]
  - Vehicle: 4w | RC: -1688.45 | Cost: 2558.70 | Route: [0, 27, 21, 26, 33, 19, 12, 0]
  - Vehicle: 4w | RC: -1686.10 | Cost: 2408.81 | Route: [0, 5, 26, 21, 33, 27, 1, 0]
  - Vehicle: 6w | RC: -1655.98 | Cost: 3323.41 | Route: [0, 21, 26, 33, 19, 27, 1, 12, 0]
  - Vehicle: AUV | RC: -1649.35 | Cost: 2249.38 | Route: [0, 11, 21, 26, 33, 1, 27, 0]
  - Vehicle: 4w | RC: -1625.31 | Cost: 2701.72 | Route: [0, 33, 21, 26, 27, 1, 19, 0]
  - Vehicle: AUV | RC: -1611.92 | Cost: 2067.64 | Route: [0, 40, 21, 26, 33, 1, 27, 0]
  - Vehicle: AUV | RC: -1610.56 | Cost: 2069.00 | Route: [0, 34, 21, 26, 33, 1, 27, 0]
  - Vehicle: AUV | RC: -1599.50 | Cost: 2080.06 | Route: [0, 6, 21, 26, 33, 1, 27, 0]
  - Vehicle: AUV | RC: -1592.89 | Cost: 2086.66 | Route: [0, 20, 21, 26, 33, 1, 27, 0]
  - Vehicle: AUV | RC: -1589.33 | Cost: 2090.23 | Route: [0, 23, 21, 26, 33, 1, 27, 0]
  - Vehicle: AUV | RC: -1588.39 | Cost: 2091.17 | Route: [0, 22, 21, 26, 33, 1, 27, 0]
  - Vehicle: 6w | RC: -1580.36 | Cost: 2949.54 | Route: [0, 16, 21, 26, 33, 19, 27, 17, 0]
  - Vehicle: 4w | RC: -1578.53 | Cost: 2668.62 | Route: [0, 19, 21, 26, 33, 27, 12, 0]
  - Vehicle: 4w | RC: -1576.39 | Cost: 2656.53 | Route: [0, 10, 21, 26, 33, 27, 19, 0]
  - Vehicle: AUV | RC: -1567.59 | Cost: 2236.74 | Route: [0, 30, 21, 26, 33, 1, 27, 0]
  - Vehicle: 6w | RC: -1549.90 | Cost: 2777.13 | Route: [0, 26, 21, 33, 19, 27, 1, 0]
  - Vehicle: 4w | RC: -1531.68 | Cost: 2642.83 | Route: [0, 17, 21, 26, 33, 27, 19, 0]
  - Vehicle: 4w | RC: -1512.25 | Cost: 2355.08 | Route: [0, 14, 21, 26, 33, 27, 1, 0]
  - Vehicle: AUV | RC: -1508.79 | Cost: 2170.77 | Route: [0, 31, 21, 26, 33, 1, 27, 0]
  - Vehicle: 6w | RC: -1501.13 | Cost: 2825.90 | Route: [0, 33, 21, 26, 19, 27, 1, 0]
  - Vehicle: 4w | RC: -1487.12 | Cost: 2309.63 | Route: [0, 25, 21, 26, 33, 27, 1, 0]
  - Vehicle: 4w | RC: -1477.30 | Cost: 2645.82 | Route: [0, 4, 21, 26, 33, 27, 19, 0]
  - Vehicle: AUV | RC: -1462.88 | Cost: 2216.68 | Route: [0, 24, 21, 26, 33, 1, 27, 0]
  - Vehicle: AUV | RC: -1457.35 | Cost: 2222.21 | Route: [0, 2, 21, 26, 33, 1, 27, 0]
  - Vehicle: AUV | RC: -1455.73 | Cost: 2223.83 | Route: [0, 3, 21, 26, 33, 1, 27, 0]
  - Vehicle: AUV | RC: -1454.75 | Cost: 2224.81 | Route: [0, 35, 21, 26, 33, 1, 27, 0]
  - Vehicle: 6w | RC: -1438.72 | Cost: 2888.30 | Route: [0, 1, 27, 21, 26, 33, 19, 0]
  - Vehicle: AUV | RC: -1428.31 | Cost: 2251.24 | Route: [0, 9, 21, 26, 33, 1, 27, 0]
  - Vehicle: AUV | RC: -1421.24 | Cost: 2258.32 | Route: [0, 32, 21, 26, 33, 1, 27, 0]
  - Vehicle: AUV | RC: -1409.88 | Cost: 2269.68 | Route: [0, 29, 21, 26, 33, 1, 27, 0]
  - Vehicle: AUV | RC: -1397.92 | Cost: 2281.64 | Route: [0, 37, 21, 26, 33, 1, 27, 0]
  - Vehicle: 4w | RC: -1380.42 | Cost: 2299.14 | Route: [0, 40, 21, 26, 33, 27, 1, 0]
  - Vehicle: 4w | RC: -1378.86 | Cost: 2300.70 | Route: [0, 34, 21, 26, 33, 27, 1, 0]
  - Vehicle: 4w | RC: -1365.41 | Cost: 2314.15 | Route: [0, 6, 21, 26, 33, 27, 1, 0]
  - Vehicle: 6w | RC: -1359.27 | Cost: 2785.67 | Route: [0, 8, 21, 26, 33, 19, 27, 0]
  - Vehicle: 4w | RC: -1357.48 | Cost: 2322.08 | Route: [0, 20, 21, 26, 33, 27, 1, 0]
  - Vehicle: 4w | RC: -1353.29 | Cost: 2326.26 | Route: [0, 23, 21, 26, 33, 27, 1, 0]
  - Vehicle: 4w | RC: -1352.17 | Cost: 2327.38 | Route: [0, 22, 21, 26, 33, 27, 1, 0]
  - Vehicle: 4w | RC: -1347.24 | Cost: 2698.60 | Route: [0, 28, 21, 26, 33, 27, 19, 0]
  - Vehicle: 10w | RC: -1317.75 | Cost: 3581.76 | Route: [0, 39, 21, 12, 26, 33, 19, 27, 0]
  - Vehicle: 6w | RC: -1316.20 | Cost: 3033.91 | Route: [0, 25, 21, 26, 33, 19, 27, 10, 0]
  - Vehicle: AUV | RC: -1260.94 | Cost: 2418.62 | Route: [0, 38, 21, 26, 33, 1, 27, 0]
  - Vehicle: 6w | RC: -1230.81 | Cost: 3016.34 | Route: [0, 27, 21, 26, 33, 19, 12, 0]
  - Vehicle: 6w | RC: -1223.73 | Cost: 3009.19 | Route: [0, 10, 21, 26, 33, 19, 27, 0]
  - Vehicle: 10w | RC: -1221.93 | Cost: 3579.53 | Route: [0, 18, 21, 12, 26, 33, 19, 27, 0]
  - Vehicle: 6w | RC: -1211.25 | Cost: 3021.67 | Route: [0, 40, 21, 26, 33, 19, 27, 10, 0]
  - Vehicle: 6w | RC: -1210.77 | Cost: 2963.74 | Route: [0, 6, 21, 26, 33, 19, 27, 17, 0]
  - Vehicle: 6w | RC: -1209.61 | Cost: 3023.31 | Route: [0, 34, 21, 26, 33, 19, 27, 10, 0]
  - Vehicle: 10w | RC: -1201.81 | Cost: 3602.95 | Route: [0, 15, 21, 12, 26, 33, 19, 27, 0]
  - Vehicle: 6w | RC: -1181.16 | Cost: 2993.35 | Route: [0, 17, 21, 26, 33, 19, 27, 0]
  - Vehicle: 6w | RC: -1179.57 | Cost: 3053.35 | Route: [0, 23, 21, 26, 33, 19, 27, 10, 0]
  - Vehicle: 6w | RC: -1178.26 | Cost: 3054.66 | Route: [0, 22, 21, 26, 33, 19, 27, 10, 0]
  - Vehicle: 10w | RC: -1178.21 | Cost: 3583.01 | Route: [0, 7, 21, 12, 26, 33, 19, 27, 0]
  - Vehicle: 10w | RC: -1176.78 | Cost: 3683.47 | Route: [0, 1, 27, 21, 12, 26, 33, 4, 0]
  - Vehicle: 6w | RC: -1165.22 | Cost: 3067.70 | Route: [0, 19, 21, 26, 33, 27, 10, 0]
  - Vehicle: AUV | RC: -1162.02 | Cost: 2517.53 | Route: [0, 13, 21, 26, 33, 1, 27, 0]
  - Vehicle: AUV | RC: -1161.66 | Cost: 2517.90 | Route: [0, 36, 21, 26, 33, 1, 27, 0]
  - Vehicle: 4w | RC: -1143.76 | Cost: 2670.20 | Route: [0, 11, 21, 26, 33, 27, 19, 0]
  - Vehicle: 6w | RC: -1126.48 | Cost: 2996.64 | Route: [0, 4, 21, 26, 33, 19, 27, 0]
  - Vehicle: 6w | RC: -1112.04 | Cost: 2898.10 | Route: [0, 5, 26, 21, 33, 19, 27, 0]
  - Vehicle: 4w | RC: -1064.54 | Cost: 2655.03 | Route: [0, 30, 21, 26, 33, 27, 19, 0]
  - Vehicle: 10w | RC: -1062.61 | Cost: 3764.26 | Route: [0, 26, 21, 12, 33, 19, 27, 17, 0]
  - Vehicle: 10w | RC: -1048.41 | Cost: 3778.46 | Route: [0, 27, 21, 12, 26, 33, 19, 17, 0]
  - Vehicle: 10w | RC: -1029.95 | Cost: 3796.92 | Route: [0, 12, 21, 26, 33, 19, 27, 17, 0]
  - Vehicle: 4w | RC: -1018.99 | Cost: 2575.80 | Route: [0, 31, 21, 26, 33, 27, 19, 0]
  - Vehicle: 10w | RC: -1017.79 | Cost: 3584.75 | Route: [0, 16, 21, 12, 26, 33, 19, 27, 0]
  - Vehicle: 10w | RC: -1001.37 | Cost: 3825.50 | Route: [0, 33, 21, 12, 26, 19, 27, 17, 0]
  - Vehicle: 6w | RC: -987.50 | Cost: 3058.34 | Route: [0, 28, 21, 26, 33, 19, 27, 0]
  - Vehicle: 4w | RC: -963.91 | Cost: 2630.88 | Route: [0, 24, 21, 26, 33, 27, 19, 0]
  - Vehicle: 10w | RC: -961.11 | Cost: 3865.76 | Route: [0, 19, 21, 12, 26, 33, 27, 17, 0]
  - Vehicle: 4w | RC: -957.17 | Cost: 2637.62 | Route: [0, 2, 21, 26, 33, 27, 19, 0]
  - Vehicle: 4w | RC: -955.23 | Cost: 2639.56 | Route: [0, 3, 21, 26, 33, 27, 19, 0]
  - Vehicle: 4w | RC: -954.07 | Cost: 2640.72 | Route: [0, 35, 21, 26, 33, 27, 19, 0]
  - Vehicle: 10w | RC: -953.62 | Cost: 3797.32 | Route: [0, 17, 21, 12, 26, 33, 19, 15, 0]
  - Vehicle: 6w | RC: -947.20 | Cost: 2835.36 | Route: [0, 14, 21, 26, 33, 19, 27, 0]
  - Vehicle: 10w | RC: -937.69 | Cost: 3961.82 | Route: [0, 21, 12, 26, 33, 19, 27, 39, 0]
  - Vehicle: 4w | RC: -922.33 | Cost: 2672.46 | Route: [0, 9, 21, 26, 33, 27, 19, 0]
  - Vehicle: 10w | RC: -915.85 | Cost: 3746.65 | Route: [0, 5, 26, 21, 12, 33, 19, 27, 0]
  - Vehicle: 4w | RC: -913.79 | Cost: 2681.00 | Route: [0, 32, 21, 26, 33, 27, 19, 0]
  - Vehicle: 4w | RC: -900.13 | Cost: 2694.65 | Route: [0, 29, 21, 26, 33, 27, 19, 0]
  - Vehicle: 4w | RC: -885.78 | Cost: 2709.00 | Route: [0, 37, 21, 26, 33, 27, 19, 0]
  - Vehicle: 40ft | RC: -867.26 | Cost: 4032.24 | Route: [0, 39, 21, 12, 26, 33, 19, 27, 0]
  - Vehicle: 40ft | RC: -867.18 | Cost: 4032.32 | Route: [0, 12, 21, 39, 26, 33, 19, 27, 0]
  - Vehicle: 10w | RC: -849.96 | Cost: 3871.70 | Route: [0, 4, 21, 12, 26, 33, 19, 17, 0]
  - Vehicle: 6w | RC: -797.99 | Cost: 2796.80 | Route: [0, 20, 21, 26, 33, 19, 27, 0]
  - Vehicle: 6w | RC: -788.81 | Cost: 3025.14 | Route: [0, 11, 21, 26, 33, 19, 27, 0]
  - Vehicle: 40ft | RC: -772.05 | Cost: 4029.41 | Route: [0, 18, 21, 12, 26, 33, 19, 27, 0]
  - Vehicle: 10w | RC: -770.45 | Cost: 3664.47 | Route: [0, 14, 21, 12, 26, 33, 19, 27, 0]
  - Vehicle: 10w | RC: -768.38 | Cost: 3595.96 | Route: [0, 25, 21, 12, 26, 33, 19, 27, 0]
  - Vehicle: 40ft | RC: -748.57 | Cost: 4056.19 | Route: [0, 15, 21, 12, 26, 33, 19, 27, 0]
  - Vehicle: 40ft | RC: -727.33 | Cost: 4033.89 | Route: [0, 7, 21, 12, 26, 33, 19, 27, 0]
  - Vehicle: 4w | RC: -721.30 | Cost: 2873.49 | Route: [0, 38, 21, 26, 33, 27, 19, 0]
  - Vehicle: 40ft | RC: -713.56 | Cost: 4146.68 | Route: [0, 1, 27, 21, 12, 26, 33, 4, 0]
  - Vehicle: 6w | RC: -712.15 | Cost: 3007.42 | Route: [0, 30, 21, 26, 33, 19, 27, 0]
  - Vehicle: 10w | RC: -693.38 | Cost: 3951.00 | Route: [0, 28, 21, 12, 26, 33, 19, 17, 0]
  - Vehicle: 6w | RC: -679.93 | Cost: 2914.86 | Route: [0, 31, 21, 26, 33, 19, 27, 0]
  - Vehicle: 10w | RC: -666.93 | Cost: 3580.22 | Route: [0, 40, 21, 12, 26, 33, 19, 27, 0]
  - Vehicle: 10w | RC: -664.77 | Cost: 3582.38 | Route: [0, 34, 21, 12, 26, 33, 19, 27, 0]
  - Vehicle: 10w | RC: -644.16 | Cost: 3602.99 | Route: [0, 6, 21, 12, 26, 33, 19, 27, 0]
  - Vehicle: 40ft | RC: -640.43 | Cost: 4183.14 | Route: [0, 19, 21, 12, 26, 33, 39, 15, 0]
  - Vehicle: 10w | RC: -632.24 | Cost: 3614.91 | Route: [0, 20, 21, 12, 26, 33, 19, 27, 0]
  - Vehicle: 10w | RC: -626.20 | Cost: 3620.95 | Route: [0, 23, 21, 12, 26, 33, 19, 27, 0]
  - Vehicle: 10w | RC: -624.52 | Cost: 3622.63 | Route: [0, 22, 21, 12, 26, 33, 19, 27, 0]
  - Vehicle: 6w | RC: -615.69 | Cost: 2979.10 | Route: [0, 24, 21, 26, 33, 19, 27, 0]
  - Vehicle: 6w | RC: -607.61 | Cost: 2987.18 | Route: [0, 2, 21, 26, 33, 19, 27, 0]
  - Vehicle: 6w | RC: -605.34 | Cost: 2989.45 | Route: [0, 3, 21, 26, 33, 19, 27, 0]
  - Vehicle: 6w | RC: -604.04 | Cost: 2990.75 | Route: [0, 35, 21, 26, 33, 19, 27, 0]
  - Vehicle: 4w | RC: -602.50 | Cost: 2992.28 | Route: [0, 13, 21, 26, 33, 27, 19, 0]
  - Vehicle: 4w | RC: -602.06 | Cost: 2992.73 | Route: [0, 36, 21, 26, 33, 27, 19, 0]
  - Vehicle: 40ft | RC: -590.88 | Cost: 4235.99 | Route: [0, 26, 21, 12, 33, 19, 27, 17, 0]
  - Vehicle: 40ft | RC: -574.81 | Cost: 4252.06 | Route: [0, 27, 21, 12, 26, 33, 19, 17, 0]
  - Vehicle: 6w | RC: -566.95 | Cost: 3027.84 | Route: [0, 9, 21, 26, 33, 19, 27, 0]
  - Vehicle: 40ft | RC: -566.71 | Cost: 4035.83 | Route: [0, 16, 21, 12, 26, 33, 19, 27, 0]
  - Vehicle: 40ft | RC: -566.02 | Cost: 4096.48 | Route: [0, 5, 33, 21, 12, 26, 19, 27, 0]
  - Vehicle: 6w | RC: -556.84 | Cost: 3037.94 | Route: [0, 32, 21, 26, 33, 19, 27, 0]
  - Vehicle: 6w | RC: -540.88 | Cost: 3053.90 | Route: [0, 29, 21, 26, 33, 19, 27, 0]
  - Vehicle: 6w | RC: -524.14 | Cost: 3070.65 | Route: [0, 37, 21, 26, 33, 19, 27, 0]
  - Vehicle: 40ft | RC: -523.18 | Cost: 4303.69 | Route: [0, 33, 21, 12, 26, 19, 27, 17, 0]
  - Vehicle: 10w | RC: -504.16 | Cost: 3908.33 | Route: [0, 11, 21, 12, 26, 33, 19, 17, 0]
  - Vehicle: 10w | RC: -480.51 | Cost: 3766.64 | Route: [0, 31, 21, 12, 26, 33, 19, 27, 0]
  - Vehicle: 40ft | RC: -478.25 | Cost: 4272.68 | Route: [0, 17, 21, 12, 26, 33, 19, 15, 0]
  - Vehicle: 40ft | RC: -445.01 | Cost: 4454.49 | Route: [0, 21, 12, 26, 33, 19, 27, 39, 0]
  - Vehicle: 10w | RC: -432.56 | Cost: 3885.55 | Route: [0, 30, 21, 12, 26, 33, 19, 17, 0]
  - Vehicle: 10w | RC: -397.91 | Cost: 3849.24 | Route: [0, 24, 21, 12, 26, 33, 19, 27, 0]
  - Vehicle: 40ft | RC: -366.32 | Cost: 4355.34 | Route: [0, 4, 21, 12, 26, 33, 19, 17, 0]
  - Vehicle: 10w | RC: -333.82 | Cost: 3859.51 | Route: [0, 2, 21, 12, 26, 33, 19, 17, 0]
  - Vehicle: 6w | RC: -331.98 | Cost: 3262.81 | Route: [0, 38, 21, 26, 33, 19, 27, 0]
  - Vehicle: 10w | RC: -330.90 | Cost: 3862.43 | Route: [0, 3, 21, 12, 26, 33, 19, 17, 0]
  - Vehicle: 10w | RC: -329.22 | Cost: 3864.11 | Route: [0, 35, 21, 12, 26, 33, 19, 17, 0]
  - Vehicle: 40ft | RC: -316.29 | Cost: 4048.04 | Route: [0, 25, 21, 12, 26, 33, 19, 27, 0]
  - Vehicle: 40ft | RC: -310.24 | Cost: 4124.69 | Route: [0, 14, 21, 12, 26, 33, 19, 27, 0]
  - Vehicle: 10w | RC: -281.55 | Cost: 3911.79 | Route: [0, 9, 21, 12, 26, 33, 19, 17, 0]
  - Vehicle: 40ft | RC: -216.60 | Cost: 4030.55 | Route: [0, 40, 21, 12, 26, 33, 19, 27, 0]
  - Vehicle: 40ft | RC: -214.47 | Cost: 4032.68 | Route: [0, 34, 21, 12, 26, 33, 19, 27, 0]
  - Vehicle: 40ft | RC: -200.76 | Cost: 4443.63 | Route: [0, 28, 21, 12, 26, 33, 19, 17, 0]
  - Vehicle: 6w | RC: -193.13 | Cost: 3401.66 | Route: [0, 13, 21, 26, 33, 19, 27, 0]
  - Vehicle: 6w | RC: -192.61 | Cost: 3402.18 | Route: [0, 36, 21, 26, 33, 19, 27, 0]
  - Vehicle: 40ft | RC: -190.91 | Cost: 4056.24 | Route: [0, 6, 21, 12, 26, 33, 19, 27, 0]
  - Vehicle: 40ft | RC: -177.62 | Cost: 4069.53 | Route: [0, 20, 21, 12, 26, 33, 19, 27, 0]
  - Vehicle: 40ft | RC: -171.29 | Cost: 4075.86 | Route: [0, 23, 21, 12, 26, 33, 19, 27, 0]
  - Vehicle: 40ft | RC: -169.41 | Cost: 4077.74 | Route: [0, 22, 21, 12, 26, 33, 19, 27, 0]
  - Vehicle: 40ft | RC: -16.37 | Cost: 4396.13 | Route: [0, 11, 21, 12, 26, 33, 19, 17, 0]
  - Vehicle: 40ft | RC: -8.71 | Cost: 4238.44 | Route: [0, 31, 21, 12, 26, 33, 19, 27, 0]

[Iteration 6] RMP Objective: 9975.71
[Iteration 6] POMO generated 166 negative RC columns.
[Iteration 6] Adding Columns:
  - Vehicle: AUV | RC: -2457.36 | Cost: 2018.66 | Route: [0, 8, 15, 9, 12, 21, 16, 39, 0]
  - Vehicle: AUV | RC: -2419.08 | Cost: 1981.17 | Route: [0, 16, 21, 12, 9, 15, 39, 25, 0]
  - Vehicle: AUV | RC: -2386.75 | Cost: 2013.50 | Route: [0, 9, 15, 39, 12, 21, 16, 25, 0]
  - Vehicle: AUV | RC: -2377.67 | Cost: 2022.58 | Route: [0, 15, 9, 12, 21, 16, 39, 25, 0]
  - Vehicle: AUV | RC: -2353.64 | Cost: 2046.61 | Route: [0, 25, 21, 12, 9, 15, 39, 16, 0]
  - Vehicle: AUV | RC: -2309.94 | Cost: 2070.08 | Route: [0, 18, 21, 12, 16, 9, 15, 39, 0]
  - Vehicle: AUV | RC: -2288.83 | Cost: 2111.42 | Route: [0, 39, 15, 9, 12, 21, 16, 25, 0]
  - Vehicle: AUV | RC: -2266.20 | Cost: 2016.29 | Route: [0, 20, 15, 9, 12, 21, 16, 39, 0]
  - Vehicle: AUV | RC: -2255.02 | Cost: 2166.24 | Route: [0, 12, 21, 16, 9, 15, 39, 11, 0]
  - Vehicle: AUV | RC: -2250.47 | Cost: 2044.57 | Route: [0, 26, 15, 9, 12, 21, 16, 39, 0]
  - Vehicle: AUV | RC: -2194.68 | Cost: 2091.11 | Route: [0, 11, 12, 21, 16, 9, 15, 8, 0]
  - Vehicle: AUV | RC: -2186.20 | Cost: 2235.06 | Route: [0, 21, 12, 16, 9, 15, 39, 11, 0]
  - Vehicle: 4w | RC: -2143.82 | Cost: 2277.44 | Route: [0, 16, 21, 12, 39, 15, 9, 11, 0]
  - Vehicle: AUV | RC: -2114.98 | Cost: 2076.39 | Route: [0, 4, 15, 9, 12, 21, 16, 8, 0]
  - Vehicle: AUV | RC: -2114.40 | Cost: 2068.63 | Route: [0, 10, 15, 9, 12, 21, 16, 8, 0]
  - Vehicle: AUV | RC: -2113.14 | Cost: 2101.83 | Route: [0, 24, 15, 9, 12, 21, 16, 8, 0]
  - Vehicle: AUV | RC: -2090.78 | Cost: 2038.87 | Route: [0, 2, 15, 9, 12, 21, 16, 8, 0]
  - Vehicle: 4w | RC: -2084.98 | Cost: 2336.27 | Route: [0, 39, 12, 21, 16, 15, 9, 11, 0]
  - Vehicle: AUV | RC: -2084.57 | Cost: 1993.75 | Route: [0, 27, 15, 9, 12, 21, 16, 8, 0]
  - Vehicle: 4w | RC: -2045.76 | Cost: 2430.26 | Route: [0, 8, 15, 12, 21, 16, 39, 9, 0]
  - Vehicle: AUV | RC: -2027.43 | Cost: 2100.40 | Route: [0, 19, 15, 9, 12, 21, 16, 39, 0]
  - Vehicle: AUV | RC: -2026.20 | Cost: 2060.80 | Route: [0, 32, 15, 9, 12, 21, 16, 8, 0]
  - Vehicle: 4w | RC: -1977.94 | Cost: 2443.31 | Route: [0, 12, 21, 16, 39, 15, 9, 11, 0]
  - Vehicle: 4w | RC: -1977.52 | Cost: 2451.17 | Route: [0, 11, 15, 12, 21, 16, 39, 8, 0]
  - Vehicle: AUV | RC: -1977.25 | Cost: 2043.18 | Route: [0, 17, 15, 9, 12, 21, 16, 8, 0]
  - Vehicle: AUV | RC: -1956.09 | Cost: 2120.34 | Route: [0, 28, 15, 9, 12, 21, 16, 8, 0]
  - Vehicle: 4w | RC: -1944.99 | Cost: 2476.26 | Route: [0, 15, 12, 21, 16, 39, 9, 11, 0]
  - Vehicle: 4w | RC: -1920.96 | Cost: 2479.29 | Route: [0, 25, 21, 12, 16, 39, 15, 9, 0]
  - Vehicle: 4w | RC: -1911.53 | Cost: 2468.50 | Route: [0, 18, 21, 12, 16, 39, 15, 9, 0]
  - Vehicle: 4w | RC: -1895.64 | Cost: 2525.62 | Route: [0, 21, 12, 16, 39, 15, 9, 11, 0]
  - Vehicle: AUV | RC: -1869.38 | Cost: 2071.67 | Route: [0, 7, 21, 12, 16, 9, 15, 39, 0]
  - Vehicle: AUV | RC: -1855.61 | Cost: 2070.26 | Route: [0, 40, 21, 12, 16, 9, 15, 39, 0]
  - Vehicle: 4w | RC: -1855.11 | Cost: 2427.39 | Route: [0, 20, 15, 12, 21, 16, 39, 9, 0]
  - Vehicle: AUV | RC: -1854.26 | Cost: 2071.62 | Route: [0, 34, 21, 12, 16, 9, 15, 39, 0]
  - Vehicle: 4w | RC: -1833.70 | Cost: 2461.35 | Route: [0, 26, 15, 12, 21, 16, 39, 9, 0]
  - Vehicle: AUV | RC: -1833.02 | Cost: 2092.85 | Route: [0, 23, 21, 12, 16, 9, 15, 39, 0]
  - Vehicle: AUV | RC: -1832.09 | Cost: 2093.78 | Route: [0, 22, 21, 12, 16, 9, 15, 39, 0]
  - Vehicle: 4w | RC: -1808.22 | Cost: 2613.04 | Route: [0, 9, 15, 12, 21, 16, 39, 11, 0]
  - Vehicle: 6w | RC: -1807.60 | Cost: 2668.42 | Route: [0, 16, 21, 12, 39, 15, 9, 8, 0]
  - Vehicle: AUV | RC: -1799.66 | Cost: 1994.73 | Route: [0, 6, 21, 12, 16, 9, 15, 8, 0]
  - Vehicle: 4w | RC: -1733.45 | Cost: 2611.59 | Route: [0, 38, 15, 12, 21, 16, 39, 8, 0]
  - Vehicle: 4w | RC: -1692.56 | Cost: 2625.93 | Route: [0, 10, 15, 12, 21, 16, 39, 9, 0]
  - Vehicle: 4w | RC: -1691.58 | Cost: 2635.26 | Route: [0, 4, 15, 12, 21, 16, 39, 9, 0]
  - Vehicle: AUV | RC: -1685.05 | Cost: 2050.60 | Route: [0, 14, 21, 12, 16, 15, 9, 11, 0]
  - Vehicle: 4w | RC: -1674.90 | Cost: 2590.21 | Route: [0, 2, 15, 12, 21, 16, 39, 9, 0]
  - Vehicle: 6w | RC: -1672.55 | Cost: 2803.47 | Route: [0, 8, 21, 12, 39, 16, 15, 9, 0]
  - Vehicle: 4w | RC: -1649.31 | Cost: 2653.80 | Route: [0, 24, 15, 12, 21, 16, 39, 11, 0]
  - Vehicle: AUV | RC: -1649.21 | Cost: 2086.44 | Route: [0, 5, 12, 21, 16, 15, 9, 11, 0]
  - Vehicle: AUV | RC: -1645.58 | Cost: 2090.06 | Route: [0, 3, 12, 21, 16, 15, 9, 11, 0]
  - Vehicle: AUV | RC: -1644.60 | Cost: 2091.04 | Route: [0, 35, 12, 21, 16, 15, 9, 11, 0]
  - Vehicle: 4w | RC: -1642.36 | Cost: 2524.09 | Route: [0, 27, 15, 12, 21, 16, 39, 11, 0]
  - Vehicle: 6w | RC: -1640.06 | Cost: 2835.96 | Route: [0, 39, 21, 12, 16, 15, 9, 8, 0]
  - Vehicle: AUV | RC: -1628.42 | Cost: 2107.22 | Route: [0, 31, 21, 12, 16, 15, 9, 11, 0]
  - Vehicle: 4w | RC: -1627.65 | Cost: 2364.90 | Route: [0, 1, 8, 15, 12, 21, 16, 39, 0]
  - Vehicle: 6w | RC: -1625.04 | Cost: 2850.98 | Route: [0, 9, 15, 12, 21, 16, 39, 8, 0]
  - Vehicle: AUV | RC: -1616.37 | Cost: 2119.27 | Route: [0, 29, 12, 21, 16, 15, 9, 11, 0]
  - Vehicle: 6w | RC: -1613.58 | Cost: 2862.44 | Route: [0, 12, 21, 16, 39, 15, 9, 8, 0]
  - Vehicle: 6w | RC: -1600.45 | Cost: 2799.81 | Route: [0, 25, 21, 12, 39, 16, 15, 9, 0]
  - Vehicle: 4w | RC: -1599.43 | Cost: 2528.40 | Route: [0, 19, 15, 12, 21, 16, 39, 9, 0]
  - Vehicle: 6w | RC: -1593.06 | Cost: 2786.97 | Route: [0, 18, 21, 12, 39, 16, 15, 9, 0]
  - Vehicle: AUV | RC: -1590.48 | Cost: 2145.16 | Route: [0, 37, 12, 21, 16, 15, 9, 11, 0]
  - Vehicle: 4w | RC: -1570.60 | Cost: 2604.54 | Route: [0, 32, 15, 12, 21, 16, 39, 11, 0]
  - Vehicle: 6w | RC: -1537.26 | Cost: 2891.43 | Route: [0, 11, 15, 12, 21, 16, 39, 8, 0]
  - Vehicle: 4w | RC: -1525.16 | Cost: 2583.41 | Route: [0, 17, 15, 12, 21, 16, 39, 11, 0]
  - Vehicle: 6w | RC: -1518.26 | Cost: 2957.76 | Route: [0, 21, 12, 16, 39, 15, 9, 8, 0]
  - Vehicle: 4w | RC: -1517.49 | Cost: 2415.82 | Route: [0, 31, 21, 12, 16, 39, 15, 8, 0]
  - Vehicle: 6w | RC: -1500.01 | Cost: 2921.24 | Route: [0, 15, 12, 21, 16, 39, 9, 11, 0]
  - Vehicle: 4w | RC: -1488.54 | Cost: 2676.03 | Route: [0, 28, 15, 12, 21, 16, 39, 11, 0]
  - Vehicle: 6w | RC: -1473.92 | Cost: 2747.30 | Route: [0, 27, 15, 12, 21, 16, 39, 8, 0]
  - Vehicle: 4w | RC: -1471.95 | Cost: 2461.36 | Route: [0, 37, 12, 21, 16, 39, 15, 8, 0]
  - Vehicle: 4w | RC: -1470.49 | Cost: 2470.56 | Route: [0, 7, 21, 12, 16, 39, 15, 9, 0]
  - Vehicle: AUV | RC: -1470.39 | Cost: 2126.49 | Route: [0, 33, 21, 12, 16, 9, 15, 20, 0]
  - Vehicle: AUV | RC: -1462.12 | Cost: 2205.04 | Route: [0, 38, 15, 9, 12, 21, 16, 7, 0]
  - Vehicle: 6w | RC: -1459.23 | Cost: 2898.64 | Route: [0, 24, 15, 12, 21, 16, 39, 8, 0]
  - Vehicle: 4w | RC: -1457.07 | Cost: 2468.81 | Route: [0, 40, 21, 12, 16, 39, 15, 9, 0]
  - Vehicle: 4w | RC: -1455.51 | Cost: 2470.36 | Route: [0, 34, 21, 12, 16, 39, 15, 9, 0]
  - Vehicle: 4w | RC: -1446.04 | Cost: 2483.81 | Route: [0, 6, 21, 12, 16, 39, 15, 9, 0]
  - Vehicle: 4w | RC: -1438.27 | Cost: 2495.04 | Route: [0, 30, 21, 12, 16, 39, 15, 8, 0]
  - Vehicle: 4w | RC: -1429.94 | Cost: 2495.93 | Route: [0, 23, 21, 12, 16, 39, 15, 9, 0]
  - Vehicle: 4w | RC: -1428.82 | Cost: 2497.05 | Route: [0, 22, 21, 12, 16, 39, 15, 9, 0]
  - Vehicle: 6w | RC: -1418.48 | Cost: 2864.01 | Route: [0, 20, 15, 12, 21, 16, 39, 9, 0]
  - Vehicle: 4w | RC: -1401.13 | Cost: 2524.75 | Route: [0, 14, 21, 12, 16, 39, 15, 9, 0]
  - Vehicle: 6w | RC: -1391.35 | Cost: 2903.70 | Route: [0, 26, 15, 12, 21, 16, 39, 9, 0]
  - Vehicle: 6w | RC: -1388.77 | Cost: 2841.13 | Route: [0, 32, 15, 12, 21, 16, 39, 8, 0]
  - Vehicle: AUV | RC: -1358.54 | Cost: 1956.14 | Route: [0, 1, 15, 9, 12, 21, 16, 7, 0]
  - Vehicle: 4w | RC: -1358.12 | Cost: 2567.76 | Route: [0, 5, 12, 21, 16, 39, 15, 9, 0]
  - Vehicle: 4w | RC: -1353.76 | Cost: 2572.11 | Route: [0, 3, 12, 21, 16, 39, 15, 9, 0]
  - Vehicle: 4w | RC: -1352.61 | Cost: 2573.26 | Route: [0, 35, 12, 21, 16, 39, 15, 9, 0]
  - Vehicle: 6w | RC: -1346.85 | Cost: 2816.49 | Route: [0, 17, 15, 12, 21, 16, 39, 8, 0]
  - Vehicle: 4w | RC: -1318.67 | Cost: 2607.20 | Route: [0, 29, 12, 21, 16, 39, 15, 9, 0]
  - Vehicle: 6w | RC: -1294.71 | Cost: 2924.62 | Route: [0, 28, 15, 12, 21, 16, 39, 8, 0]
  - Vehicle: 4w | RC: -1277.99 | Cost: 2647.89 | Route: [0, 33, 21, 12, 16, 39, 15, 9, 0]
  - Vehicle: 6w | RC: -1266.13 | Cost: 3078.90 | Route: [0, 38, 15, 12, 21, 16, 39, 8, 0]
  - Vehicle: 6w | RC: -1222.41 | Cost: 3096.08 | Route: [0, 10, 15, 12, 21, 16, 39, 9, 0]
  - Vehicle: 6w | RC: -1219.84 | Cost: 3107.00 | Route: [0, 4, 15, 12, 21, 16, 39, 9, 0]
  - Vehicle: 6w | RC: -1210.72 | Cost: 3054.39 | Route: [0, 2, 15, 12, 21, 16, 39, 9, 0]
  - Vehicle: 6w | RC: -1150.67 | Cost: 2698.99 | Route: [0, 1, 9, 15, 12, 21, 16, 8, 0]
  - Vehicle: 6w | RC: -1145.76 | Cost: 2982.08 | Route: [0, 19, 15, 12, 21, 16, 39, 9, 0]
  - Vehicle: AUV | RC: -1095.07 | Cost: 2145.19 | Route: [0, 30, 21, 12, 16, 9, 15, 0]
  - Vehicle: 6w | RC: -1079.68 | Cost: 2853.63 | Route: [0, 29, 15, 12, 21, 16, 39, 8, 0]
  - Vehicle: 6w | RC: -1029.89 | Cost: 2903.42 | Route: [0, 37, 12, 21, 16, 39, 15, 8, 0]
  - Vehicle: 6w | RC: -1026.53 | Cost: 2914.52 | Route: [0, 7, 21, 12, 16, 39, 15, 9, 0]
  - Vehicle: 6w | RC: -1013.55 | Cost: 2912.32 | Route: [0, 40, 21, 12, 16, 39, 15, 9, 0]
  - Vehicle: 6w | RC: -1011.91 | Cost: 2913.96 | Route: [0, 34, 21, 12, 16, 39, 15, 9, 0]
  - Vehicle: 6w | RC: -999.77 | Cost: 2930.08 | Route: [0, 6, 21, 12, 16, 39, 15, 9, 0]
  - Vehicle: 6w | RC: -993.21 | Cost: 2932.66 | Route: [0, 31, 21, 12, 39, 16, 15, 9, 0]
  - Vehicle: 6w | RC: -981.87 | Cost: 2944.01 | Route: [0, 23, 21, 12, 16, 39, 15, 9, 0]
  - Vehicle: 6w | RC: -980.56 | Cost: 2945.32 | Route: [0, 22, 21, 12, 16, 39, 15, 9, 0]
  - Vehicle: 10w | RC: -973.69 | Cost: 3447.56 | Route: [0, 16, 21, 12, 39, 15, 9, 11, 0]
  - Vehicle: 6w | RC: -947.95 | Cost: 2977.93 | Route: [0, 14, 21, 12, 16, 39, 15, 9, 0]
  - Vehicle: 6w | RC: -900.65 | Cost: 3025.22 | Route: [0, 30, 21, 12, 39, 16, 15, 9, 0]
  - Vehicle: 6w | RC: -897.76 | Cost: 3028.11 | Route: [0, 5, 12, 21, 16, 39, 15, 9, 0]
  - Vehicle: 6w | RC: -892.68 | Cost: 3033.20 | Route: [0, 3, 12, 21, 16, 39, 15, 9, 0]
  - Vehicle: 6w | RC: -891.38 | Cost: 3034.49 | Route: [0, 35, 12, 21, 16, 39, 15, 9, 0]
  - Vehicle: AUV | RC: -887.21 | Cost: 2353.06 | Route: [0, 13, 12, 21, 16, 9, 15, 0]
  - Vehicle: AUV | RC: -886.84 | Cost: 2353.42 | Route: [0, 36, 12, 21, 16, 9, 15, 0]
  - Vehicle: 10w | RC: -809.53 | Cost: 3590.72 | Route: [0, 25, 21, 12, 39, 16, 15, 9, 0]
  - Vehicle: 10w | RC: -805.74 | Cost: 3574.28 | Route: [0, 18, 21, 12, 39, 16, 15, 9, 0]
  - Vehicle: 6w | RC: -804.17 | Cost: 3121.71 | Route: [0, 33, 21, 12, 16, 39, 15, 9, 0]
  - Vehicle: 10w | RC: -758.41 | Cost: 3662.85 | Route: [0, 39, 21, 12, 16, 15, 9, 11, 0]
  - Vehicle: 10w | RC: -724.38 | Cost: 3696.87 | Route: [0, 12, 21, 16, 39, 15, 9, 11, 0]
  - Vehicle: 10w | RC: -674.59 | Cost: 3746.66 | Route: [0, 15, 12, 21, 16, 39, 9, 11, 0]
  - Vehicle: 4w | RC: -646.59 | Cost: 2736.58 | Route: [0, 13, 12, 21, 16, 39, 15, 0]
  - Vehicle: 4w | RC: -646.15 | Cost: 2737.02 | Route: [0, 36, 12, 21, 16, 39, 15, 0]
  - Vehicle: 40ft | RC: -637.27 | Cost: 4208.54 | Route: [0, 21, 12, 39, 16, 15, 9, 11, 24, 0]
  - Vehicle: 10w | RC: -622.94 | Cost: 3729.98 | Route: [0, 11, 15, 12, 21, 16, 39, 25, 0]
  - Vehicle: 10w | RC: -609.35 | Cost: 3673.14 | Route: [0, 20, 15, 12, 21, 16, 39, 9, 0]
  - Vehicle: 10w | RC: -601.63 | Cost: 3819.63 | Route: [0, 21, 12, 16, 39, 15, 9, 11, 0]
  - Vehicle: 10w | RC: -582.00 | Cost: 3631.79 | Route: [0, 27, 15, 39, 12, 21, 16, 9, 0]
  - Vehicle: 10w | RC: -570.90 | Cost: 3724.14 | Route: [0, 26, 15, 12, 21, 16, 39, 9, 0]
  - Vehicle: 10w | RC: -552.27 | Cost: 3712.84 | Route: [0, 2, 15, 39, 12, 21, 16, 9, 0]
  - Vehicle: 40ft | RC: -538.44 | Cost: 3882.82 | Route: [0, 16, 21, 12, 39, 15, 9, 11, 0]
  - Vehicle: 10w | RC: -470.03 | Cost: 3752.44 | Route: [0, 32, 15, 39, 12, 21, 16, 9, 0]
  - Vehicle: 10w | RC: -469.26 | Cost: 3952.00 | Route: [0, 9, 15, 12, 21, 16, 39, 11, 0]
  - Vehicle: 10w | RC: -435.15 | Cost: 3720.75 | Route: [0, 17, 15, 39, 12, 21, 16, 9, 0]
  - Vehicle: 10w | RC: -363.28 | Cost: 3577.76 | Route: [0, 7, 21, 12, 39, 16, 15, 9, 0]
  - Vehicle: 40ft | RC: -358.06 | Cost: 4042.20 | Route: [0, 25, 21, 12, 39, 16, 15, 9, 0]
  - Vehicle: 40ft | RC: -356.46 | Cost: 4023.56 | Route: [0, 18, 21, 12, 39, 16, 15, 9, 0]
  - Vehicle: 10w | RC: -352.14 | Cost: 3859.76 | Route: [0, 28, 15, 39, 12, 21, 16, 9, 0]
  - Vehicle: 10w | RC: -350.89 | Cost: 3574.98 | Route: [0, 40, 21, 12, 39, 16, 15, 9, 0]
  - Vehicle: 10w | RC: -348.73 | Cost: 3577.14 | Route: [0, 34, 21, 12, 39, 16, 15, 9, 0]
  - Vehicle: 10w | RC: -341.42 | Cost: 3985.42 | Route: [0, 4, 15, 12, 21, 16, 39, 9, 0]
  - Vehicle: 10w | RC: -332.11 | Cost: 3597.74 | Route: [0, 6, 21, 12, 39, 16, 15, 9, 0]
  - Vehicle: 10w | RC: -310.17 | Cost: 3615.71 | Route: [0, 23, 21, 12, 39, 16, 15, 9, 0]
  - Vehicle: 10w | RC: -308.48 | Cost: 3617.39 | Route: [0, 22, 21, 12, 39, 16, 15, 9, 0]
  - Vehicle: 10w | RC: -302.96 | Cost: 3824.88 | Route: [0, 19, 15, 12, 21, 16, 39, 9, 0]
  - Vehicle: 40ft | RC: -298.56 | Cost: 4122.69 | Route: [0, 39, 21, 12, 16, 15, 9, 11, 0]
  - Vehicle: 10w | RC: -298.33 | Cost: 3970.93 | Route: [0, 38, 15, 12, 21, 16, 39, 25, 0]
  - Vehicle: 10w | RC: -289.86 | Cost: 4013.25 | Route: [0, 24, 15, 12, 21, 16, 39, 11, 0]
  - Vehicle: 10w | RC: -266.64 | Cost: 3659.23 | Route: [0, 14, 21, 12, 39, 16, 15, 9, 0]
  - Vehicle: 40ft | RC: -260.66 | Cost: 4160.59 | Route: [0, 12, 21, 16, 39, 15, 9, 11, 0]
  - Vehicle: 40ft | RC: -235.02 | Cost: 4047.47 | Route: [0, 20, 15, 39, 21, 12, 16, 9, 0]
  - Vehicle: 40ft | RC: -204.77 | Cost: 4216.48 | Route: [0, 15, 12, 21, 16, 39, 9, 11, 0]
  - Vehicle: 40ft | RC: -190.80 | Cost: 4104.24 | Route: [0, 26, 15, 39, 21, 12, 16, 9, 0]
  - Vehicle: 10w | RC: -164.48 | Cost: 3761.39 | Route: [0, 31, 21, 12, 39, 16, 15, 9, 0]
  - Vehicle: 6w | RC: -159.66 | Cost: 3223.51 | Route: [0, 13, 12, 21, 16, 39, 15, 0]
  - Vehicle: 6w | RC: -159.14 | Cost: 3224.03 | Route: [0, 36, 12, 21, 16, 39, 15, 0]
  - Vehicle: 40ft | RC: -155.72 | Cost: 4197.20 | Route: [0, 11, 15, 12, 21, 16, 39, 25, 0]
  - Vehicle: 40ft | RC: -125.32 | Cost: 4088.46 | Route: [0, 27, 15, 39, 12, 21, 16, 9, 0]
  - Vehicle: 40ft | RC: -86.75 | Cost: 4178.36 | Route: [0, 2, 15, 39, 12, 21, 16, 9, 0]
  - Vehicle: 10w | RC: -81.82 | Cost: 3844.06 | Route: [0, 33, 21, 12, 39, 16, 15, 9, 0]
  - Vehicle: 10w | RC: -54.19 | Cost: 3699.47 | Route: [0, 1, 9, 15, 12, 21, 16, 18, 0]
  - Vehicle: 10w | RC: -45.51 | Cost: 3880.36 | Route: [0, 30, 21, 12, 39, 16, 15, 9, 0]
  - Vehicle: 10w | RC: -41.85 | Cost: 3884.03 | Route: [0, 5, 12, 21, 16, 39, 15, 9, 0]
  - Vehicle: 10w | RC: -35.31 | Cost: 3890.57 | Route: [0, 3, 12, 21, 16, 39, 15, 9, 0]
  - Vehicle: 10w | RC: -33.63 | Cost: 3892.25 | Route: [0, 35, 12, 21, 16, 39, 15, 9, 0]

[Iteration 7] RMP Objective: 9320.48
[Iteration 7] POMO generated 148 negative RC columns.
[Iteration 7] Adding Columns:
  - Vehicle: AUV | RC: -2259.24 | Cost: 1849.57 | Route: [0, 18, 22, 26, 35, 4, 30, 27, 11, 0]
  - Vehicle: AUV | RC: -2253.27 | Cost: 1874.40 | Route: [0, 10, 35, 4, 26, 18, 22, 30, 11, 0]
  - Vehicle: AUV | RC: -2233.45 | Cost: 1894.22 | Route: [0, 11, 35, 4, 26, 18, 22, 30, 10, 0]
  - Vehicle: AUV | RC: -2190.30 | Cost: 1845.56 | Route: [0, 22, 18, 26, 35, 4, 30, 27, 2, 0]
  - Vehicle: AUV | RC: -2160.48 | Cost: 1907.60 | Route: [0, 24, 35, 4, 26, 18, 22, 30, 11, 0]
  - Vehicle: AUV | RC: -2145.92 | Cost: 1848.33 | Route: [0, 2, 35, 4, 26, 18, 22, 30, 11, 0]
  - Vehicle: AUV | RC: -2088.15 | Cost: 1914.84 | Route: [0, 30, 35, 4, 26, 18, 22, 11, 28, 0]
  - Vehicle: AUV | RC: -1998.93 | Cost: 1647.53 | Route: [0, 34, 18, 22, 26, 35, 4, 30, 27, 0]
  - Vehicle: 4w | RC: -1952.43 | Cost: 2241.66 | Route: [0, 10, 35, 27, 4, 26, 18, 22, 39, 0]
  - Vehicle: 4w | RC: -1945.50 | Cost: 2014.85 | Route: [0, 1, 10, 35, 27, 4, 26, 22, 39, 0]
  - Vehicle: AUV | RC: -1920.77 | Cost: 1849.27 | Route: [0, 19, 35, 4, 26, 18, 22, 30, 11, 0]
  - Vehicle: AUV | RC: -1900.91 | Cost: 1745.55 | Route: [0, 23, 18, 22, 26, 35, 4, 30, 27, 0]
  - Vehicle: AUV | RC: -1898.55 | Cost: 1747.90 | Route: [0, 26, 18, 22, 35, 4, 30, 27, 0]
  - Vehicle: AUV | RC: -1893.55 | Cost: 1761.27 | Route: [0, 6, 18, 26, 35, 4, 30, 22, 39, 0]
  - Vehicle: 4w | RC: -1892.40 | Cost: 2216.42 | Route: [0, 22, 18, 26, 35, 27, 4, 30, 11, 0]
  - Vehicle: AUV | RC: -1886.95 | Cost: 1767.87 | Route: [0, 20, 18, 26, 35, 4, 30, 22, 39, 0]
  - Vehicle: 4w | RC: -1850.29 | Cost: 2210.39 | Route: [0, 2, 35, 27, 4, 26, 18, 22, 39, 0]
  - Vehicle: AUV | RC: -1840.39 | Cost: 1836.55 | Route: [0, 15, 35, 4, 26, 18, 22, 30, 0]
  - Vehicle: AUV | RC: -1824.44 | Cost: 1822.01 | Route: [0, 4, 35, 26, 18, 22, 30, 27, 0]
  - Vehicle: AUV | RC: -1814.22 | Cost: 1832.24 | Route: [0, 27, 35, 4, 26, 18, 22, 30, 0]
  - Vehicle: AUV | RC: -1806.05 | Cost: 1840.40 | Route: [0, 35, 4, 26, 18, 22, 30, 27, 0]
  - Vehicle: AUV | RC: -1758.26 | Cost: 1846.59 | Route: [0, 5, 35, 4, 26, 18, 22, 30, 11, 0]
  - Vehicle: AUV | RC: -1754.63 | Cost: 1850.22 | Route: [0, 3, 35, 4, 26, 18, 22, 30, 11, 0]
  - Vehicle: AUV | RC: -1735.88 | Cost: 1730.56 | Route: [0, 1, 10, 35, 4, 26, 18, 22, 0]
  - Vehicle: AUV | RC: -1735.34 | Cost: 1869.51 | Route: [0, 32, 35, 4, 26, 18, 22, 30, 11, 0]
  - Vehicle: AUV | RC: -1728.64 | Cost: 1876.21 | Route: [0, 9, 35, 4, 26, 18, 22, 30, 11, 0]
  - Vehicle: AUV | RC: -1723.98 | Cost: 1880.87 | Route: [0, 29, 35, 4, 26, 18, 22, 30, 11, 0]
  - Vehicle: AUV | RC: -1710.63 | Cost: 1944.19 | Route: [0, 39, 35, 4, 26, 18, 22, 30, 0]
  - Vehicle: AUV | RC: -1709.52 | Cost: 1895.33 | Route: [0, 37, 35, 4, 26, 18, 22, 30, 11, 0]
  - Vehicle: AUV | RC: -1698.06 | Cost: 1848.57 | Route: [0, 8, 35, 4, 26, 18, 22, 30, 0]
  - Vehicle: 6w | RC: -1646.24 | Cost: 2569.98 | Route: [0, 18, 22, 15, 35, 27, 10, 4, 26, 0]
  - Vehicle: AUV | RC: -1632.72 | Cost: 1907.92 | Route: [0, 28, 35, 4, 26, 18, 22, 30, 0]
  - Vehicle: 6w | RC: -1632.38 | Cost: 2599.30 | Route: [0, 39, 22, 18, 15, 35, 27, 10, 4, 0]
  - Vehicle: AUV | RC: -1611.67 | Cost: 1993.18 | Route: [0, 21, 18, 22, 26, 35, 4, 30, 11, 0]
  - Vehicle: AUV | RC: -1587.66 | Cost: 1849.04 | Route: [0, 17, 35, 4, 26, 18, 22, 30, 0]
  - Vehicle: 6w | RC: -1578.56 | Cost: 2628.30 | Route: [0, 22, 18, 15, 35, 27, 10, 4, 30, 0]
  - Vehicle: 4w | RC: -1522.03 | Cost: 2171.38 | Route: [0, 34, 18, 22, 35, 27, 4, 26, 15, 0]
  - Vehicle: AUV | RC: -1517.75 | Cost: 1901.25 | Route: [0, 7, 35, 4, 26, 18, 22, 30, 0]
  - Vehicle: 4w | RC: -1482.93 | Cost: 2210.48 | Route: [0, 15, 35, 27, 4, 22, 18, 26, 0]
  - Vehicle: AUV | RC: -1477.90 | Cost: 1951.12 | Route: [0, 12, 35, 4, 26, 18, 22, 30, 0]
  - Vehicle: 4w | RC: -1471.51 | Cost: 2174.94 | Route: [0, 18, 22, 35, 4, 26, 30, 27, 0]
  - Vehicle: AUV | RC: -1466.20 | Cost: 1836.56 | Route: [0, 14, 35, 4, 26, 18, 22, 30, 0]
  - Vehicle: AUV | RC: -1459.25 | Cost: 1949.63 | Route: [0, 25, 35, 4, 26, 18, 22, 30, 0]
  - Vehicle: AUV | RC: -1456.15 | Cost: 1900.76 | Route: [0, 16, 35, 4, 26, 18, 22, 30, 0]
  - Vehicle: 4w | RC: -1433.27 | Cost: 2213.18 | Route: [0, 27, 35, 4, 26, 18, 22, 30, 0]
  - Vehicle: 6w | RC: -1424.70 | Cost: 2571.16 | Route: [0, 4, 35, 27, 10, 15, 22, 18, 7, 0]
  - Vehicle: 6w | RC: -1418.01 | Cost: 2370.10 | Route: [0, 1, 27, 35, 10, 15, 22, 18, 7, 0]
  - Vehicle: 6w | RC: -1405.03 | Cost: 2581.94 | Route: [0, 30, 35, 27, 10, 15, 22, 18, 7, 0]
  - Vehicle: 4w | RC: -1399.62 | Cost: 2211.05 | Route: [0, 19, 35, 27, 4, 26, 18, 22, 12, 0]
  - Vehicle: 4w | RC: -1393.97 | Cost: 2252.49 | Route: [0, 30, 35, 27, 4, 22, 18, 26, 0]
  - Vehicle: 6w | RC: -1365.11 | Cost: 2523.77 | Route: [0, 2, 35, 27, 10, 15, 22, 18, 7, 0]
  - Vehicle: 6w | RC: -1362.17 | Cost: 2599.67 | Route: [0, 11, 35, 27, 10, 15, 22, 18, 7, 0]
  - Vehicle: 6w | RC: -1355.82 | Cost: 2606.88 | Route: [0, 24, 35, 27, 10, 15, 22, 18, 7, 0]
  - Vehicle: 4w | RC: -1349.77 | Cost: 2321.51 | Route: [0, 39, 18, 22, 35, 27, 4, 26, 0]
  - Vehicle: 4w | RC: -1346.73 | Cost: 2274.58 | Route: [0, 11, 35, 27, 4, 26, 18, 22, 23, 0]
  - Vehicle: 4w | RC: -1341.43 | Cost: 2280.76 | Route: [0, 24, 35, 27, 4, 26, 18, 22, 23, 0]
  - Vehicle: 4w | RC: -1336.71 | Cost: 2226.38 | Route: [0, 8, 35, 27, 4, 26, 18, 22, 0]
  - Vehicle: 4w | RC: -1334.43 | Cost: 2312.03 | Route: [0, 4, 35, 27, 26, 18, 22, 30, 0]
  - Vehicle: AUV | RC: -1307.78 | Cost: 1834.71 | Route: [0, 40, 18, 26, 35, 4, 30, 22, 0]
  - Vehicle: AUV | RC: -1304.29 | Cost: 1838.20 | Route: [0, 31, 18, 26, 35, 4, 30, 22, 0]
  - Vehicle: 4w | RC: -1280.54 | Cost: 2172.62 | Route: [0, 17, 35, 27, 4, 26, 22, 18, 34, 0]
  - Vehicle: 4w | RC: -1278.26 | Cost: 2368.20 | Route: [0, 35, 27, 4, 22, 18, 26, 30, 0]
  - Vehicle: 4w | RC: -1276.61 | Cost: 2369.84 | Route: [0, 26, 35, 27, 4, 22, 18, 30, 0]
  - Vehicle: 6w | RC: -1264.75 | Cost: 2632.86 | Route: [0, 28, 35, 27, 10, 15, 22, 18, 7, 0]
  - Vehicle: 4w | RC: -1259.60 | Cost: 2297.50 | Route: [0, 28, 35, 27, 4, 26, 18, 22, 0]
  - Vehicle: 6w | RC: -1243.23 | Cost: 2550.46 | Route: [0, 17, 35, 27, 10, 15, 22, 18, 7, 0]
  - Vehicle: 6w | RC: -1216.80 | Cost: 2518.48 | Route: [0, 27, 35, 10, 15, 22, 18, 39, 0]
  - Vehicle: 6w | RC: -1187.77 | Cost: 2531.59 | Route: [0, 34, 18, 22, 15, 35, 27, 10, 4, 0]
  - Vehicle: 6w | RC: -1185.12 | Cost: 2534.71 | Route: [0, 26, 35, 27, 10, 15, 22, 18, 34, 0]
  - Vehicle: AUV | RC: -1178.08 | Cost: 1964.41 | Route: [0, 33, 18, 26, 35, 4, 30, 22, 0]
  - Vehicle: AUV | RC: -1163.41 | Cost: 2014.12 | Route: [0, 38, 35, 4, 26, 18, 22, 30, 0]
  - Vehicle: 4w | RC: -1145.79 | Cost: 2289.67 | Route: [0, 7, 35, 27, 4, 26, 18, 22, 0]
  - Vehicle: 6w | RC: -1139.51 | Cost: 2525.15 | Route: [0, 19, 35, 27, 10, 15, 22, 18, 7, 0]
  - Vehicle: 6w | RC: -1123.68 | Cost: 2595.68 | Route: [0, 15, 22, 18, 35, 27, 10, 4, 0]
  - Vehicle: 6w | RC: -1120.17 | Cost: 2599.19 | Route: [0, 10, 35, 27, 4, 22, 18, 15, 0]
  - Vehicle: 4w | RC: -1107.33 | Cost: 2211.89 | Route: [0, 14, 35, 27, 4, 26, 18, 22, 0]
  - Vehicle: 4w | RC: -1095.95 | Cost: 2349.53 | Route: [0, 12, 35, 27, 4, 26, 18, 22, 0]
  - Vehicle: 4w | RC: -1084.30 | Cost: 2289.07 | Route: [0, 16, 35, 27, 4, 26, 18, 22, 0]
  - Vehicle: 4w | RC: -1077.60 | Cost: 2347.74 | Route: [0, 25, 35, 27, 4, 26, 18, 22, 0]
  - Vehicle: 6w | RC: -1076.40 | Cost: 2550.70 | Route: [0, 8, 35, 27, 10, 15, 22, 18, 34, 0]
  - Vehicle: 6w | RC: -1029.62 | Cost: 2705.67 | Route: [0, 35, 27, 10, 15, 22, 18, 39, 0]
  - Vehicle: AUV | RC: -1029.46 | Cost: 2113.03 | Route: [0, 13, 35, 4, 26, 18, 22, 30, 0]
  - Vehicle: AUV | RC: -1029.10 | Cost: 2113.40 | Route: [0, 36, 35, 4, 26, 18, 22, 30, 0]
  - Vehicle: 6w | RC: -978.14 | Cost: 2521.33 | Route: [0, 5, 35, 27, 10, 15, 22, 18, 7, 0]
  - Vehicle: 6w | RC: -973.06 | Cost: 2526.42 | Route: [0, 3, 35, 27, 10, 15, 22, 18, 7, 0]
  - Vehicle: 4w | RC: -958.37 | Cost: 2200.59 | Route: [0, 5, 35, 27, 4, 22, 18, 26, 0]
  - Vehicle: 4w | RC: -954.02 | Cost: 2204.94 | Route: [0, 3, 35, 27, 4, 22, 18, 26, 0]
  - Vehicle: 6w | RC: -945.96 | Cost: 2553.52 | Route: [0, 32, 35, 27, 10, 15, 22, 18, 7, 0]
  - Vehicle: 6w | RC: -936.68 | Cost: 2562.80 | Route: [0, 9, 35, 27, 10, 15, 22, 18, 7, 0]
  - Vehicle: 4w | RC: -931.53 | Cost: 2227.42 | Route: [0, 6, 18, 22, 35, 27, 4, 26, 0]
  - Vehicle: 4w | RC: -930.84 | Cost: 2228.11 | Route: [0, 32, 35, 27, 4, 22, 18, 26, 0]
  - Vehicle: 6w | RC: -930.00 | Cost: 2569.48 | Route: [0, 29, 35, 27, 10, 15, 22, 18, 7, 0]
  - Vehicle: 4w | RC: -923.60 | Cost: 2235.36 | Route: [0, 20, 18, 22, 35, 27, 4, 26, 0]
  - Vehicle: 4w | RC: -922.83 | Cost: 2236.12 | Route: [0, 9, 35, 27, 4, 22, 18, 26, 0]
  - Vehicle: 4w | RC: -917.19 | Cost: 2241.76 | Route: [0, 29, 35, 27, 4, 22, 18, 26, 0]
  - Vehicle: 6w | RC: -909.74 | Cost: 2589.74 | Route: [0, 37, 35, 27, 10, 15, 22, 18, 7, 0]
  - Vehicle: 4w | RC: -899.84 | Cost: 2259.11 | Route: [0, 37, 35, 27, 4, 22, 18, 26, 0]
  - Vehicle: 4w | RC: -886.22 | Cost: 2272.73 | Route: [0, 23, 18, 22, 35, 27, 4, 26, 0]
  - Vehicle: 6w | RC: -881.75 | Cost: 2617.72 | Route: [0, 7, 35, 27, 10, 15, 22, 18, 0]
  - Vehicle: 10w | RC: -865.88 | Cost: 3330.48 | Route: [0, 39, 22, 18, 15, 35, 27, 4, 30, 0]
  - Vehicle: 6w | RC: -849.64 | Cost: 2533.59 | Route: [0, 14, 35, 27, 10, 15, 22, 18, 34, 0]
  - Vehicle: 4w | RC: -837.65 | Cost: 2321.31 | Route: [0, 40, 18, 22, 35, 27, 4, 26, 0]
  - Vehicle: 4w | RC: -833.46 | Cost: 2325.49 | Route: [0, 31, 18, 22, 35, 27, 4, 26, 0]
  - Vehicle: 6w | RC: -821.88 | Cost: 2687.61 | Route: [0, 12, 35, 27, 10, 15, 22, 18, 0]
  - Vehicle: 6w | RC: -820.36 | Cost: 2617.02 | Route: [0, 16, 35, 27, 10, 15, 22, 18, 0]
  - Vehicle: 6w | RC: -803.83 | Cost: 2685.52 | Route: [0, 25, 35, 27, 10, 15, 22, 18, 0]
  - Vehicle: 4w | RC: -770.39 | Cost: 2423.60 | Route: [0, 38, 35, 27, 4, 22, 18, 26, 0]
  - Vehicle: 4w | RC: -681.87 | Cost: 2477.09 | Route: [0, 33, 18, 22, 35, 27, 4, 26, 0]
  - Vehicle: 6w | RC: -657.17 | Cost: 2565.80 | Route: [0, 6, 22, 18, 15, 35, 27, 10, 0]
  - Vehicle: 6w | RC: -647.89 | Cost: 2575.08 | Route: [0, 20, 22, 18, 15, 35, 27, 10, 0]
  - Vehicle: 4w | RC: -616.56 | Cost: 2542.39 | Route: [0, 13, 35, 27, 4, 22, 18, 26, 0]
  - Vehicle: 4w | RC: -616.12 | Cost: 2542.83 | Route: [0, 36, 35, 27, 4, 22, 18, 26, 0]
  - Vehicle: 6w | RC: -603.35 | Cost: 2619.62 | Route: [0, 23, 18, 22, 15, 35, 27, 10, 0]
  - Vehicle: 4w | RC: -570.03 | Cost: 2572.46 | Route: [0, 21, 18, 22, 35, 4, 26, 30, 0]
  - Vehicle: 6w | RC: -529.83 | Cost: 2693.14 | Route: [0, 31, 22, 18, 15, 35, 27, 10, 0]
  - Vehicle: 10w | RC: -520.03 | Cost: 3368.37 | Route: [0, 2, 35, 27, 15, 22, 18, 39, 12, 0]
  - Vehicle: 10w | RC: -499.07 | Cost: 3210.27 | Route: [0, 27, 35, 15, 22, 18, 39, 26, 0]
  - Vehicle: 10w | RC: -492.41 | Cost: 3366.18 | Route: [0, 18, 22, 15, 35, 27, 4, 26, 19, 0]
  - Vehicle: 6w | RC: -488.06 | Cost: 2734.90 | Route: [0, 40, 18, 22, 35, 27, 10, 15, 0]
  - Vehicle: 6w | RC: -475.56 | Cost: 2782.44 | Route: [0, 38, 35, 27, 10, 15, 22, 18, 34, 0]
  - Vehicle: 6w | RC: -469.35 | Cost: 2753.61 | Route: [0, 33, 22, 18, 15, 35, 27, 10, 0]
  - Vehicle: 40ft | RC: -442.08 | Cost: 3754.28 | Route: [0, 39, 22, 18, 15, 35, 27, 4, 30, 0]
  - Vehicle: 10w | RC: -365.46 | Cost: 3343.87 | Route: [0, 26, 35, 27, 15, 22, 18, 39, 0]
  - Vehicle: 10w | RC: -362.71 | Cost: 3330.69 | Route: [0, 22, 18, 15, 35, 27, 4, 26, 0]
  - Vehicle: 10w | RC: -354.16 | Cost: 3329.88 | Route: [0, 23, 22, 18, 15, 35, 27, 4, 30, 0]
  - Vehicle: 10w | RC: -353.21 | Cost: 3330.83 | Route: [0, 40, 22, 18, 15, 35, 27, 4, 30, 0]
  - Vehicle: 10w | RC: -344.64 | Cost: 3364.22 | Route: [0, 34, 18, 22, 15, 35, 27, 4, 39, 0]
  - Vehicle: 10w | RC: -317.48 | Cost: 3391.86 | Route: [0, 35, 27, 15, 22, 18, 39, 26, 0]
  - Vehicle: 10w | RC: -317.38 | Cost: 3391.49 | Route: [0, 4, 35, 27, 15, 22, 18, 39, 0]
  - Vehicle: 10w | RC: -309.17 | Cost: 3191.93 | Route: [0, 1, 27, 35, 15, 22, 18, 39, 0]
  - Vehicle: 6w | RC: -308.66 | Cost: 2914.31 | Route: [0, 13, 35, 27, 10, 15, 22, 18, 0]
  - Vehicle: 6w | RC: -308.14 | Cost: 2914.83 | Route: [0, 36, 35, 27, 10, 15, 22, 18, 0]
  - Vehicle: 10w | RC: -294.64 | Cost: 3405.34 | Route: [0, 30, 35, 27, 15, 22, 18, 39, 0]
  - Vehicle: 6w | RC: -256.57 | Cost: 2966.39 | Route: [0, 21, 18, 22, 15, 35, 27, 10, 0]
  - Vehicle: 10w | RC: -246.71 | Cost: 3428.12 | Route: [0, 11, 35, 27, 15, 22, 18, 39, 0]
  - Vehicle: 10w | RC: -238.31 | Cost: 3437.39 | Route: [0, 24, 35, 27, 15, 22, 18, 39, 0]
  - Vehicle: 10w | RC: -209.74 | Cost: 3499.13 | Route: [0, 15, 22, 18, 39, 35, 27, 4, 0]
  - Vehicle: 40ft | RC: -171.52 | Cost: 3823.87 | Route: [0, 18, 22, 15, 35, 27, 4, 39, 12, 0]
  - Vehicle: 10w | RC: -141.85 | Cost: 3364.83 | Route: [0, 17, 35, 27, 15, 22, 18, 39, 0]
  - Vehicle: 10w | RC: -139.83 | Cost: 3470.78 | Route: [0, 28, 35, 27, 15, 22, 18, 39, 0]
  - Vehicle: 10w | RC: -133.76 | Cost: 3365.24 | Route: [0, 5, 35, 27, 15, 22, 18, 39, 12, 0]
  - Vehicle: 10w | RC: -127.22 | Cost: 3371.77 | Route: [0, 3, 35, 27, 15, 22, 18, 39, 12, 0]
  - Vehicle: 40ft | RC: -91.95 | Cost: 3796.45 | Route: [0, 2, 35, 27, 15, 22, 18, 39, 12, 0]
  - Vehicle: 40ft | RC: -91.03 | Cost: 3618.31 | Route: [0, 27, 35, 15, 22, 18, 39, 26, 0]
  - Vehicle: 10w | RC: -80.45 | Cost: 3418.55 | Route: [0, 9, 35, 27, 15, 22, 18, 39, 12, 0]
  - Vehicle: 10w | RC: -45.34 | Cost: 3332.32 | Route: [0, 19, 35, 27, 15, 22, 18, 39, 0]
  - Vehicle: 10w | RC: -30.31 | Cost: 3342.43 | Route: [0, 14, 35, 27, 15, 22, 18, 39, 0]
  - Vehicle: 10w | RC: -29.51 | Cost: 3459.47 | Route: [0, 7, 35, 27, 15, 22, 18, 39, 0]

[Iteration 8] RMP Objective: 9243.01
[Iteration 8] POMO generated 102 negative RC columns.
[Iteration 8] Adding Columns:
  - Vehicle: AUV | RC: -1487.50 | Cost: 1708.60 | Route: [0, 26, 36, 38, 29, 5, 6, 40, 15, 0]
  - Vehicle: AUV | RC: -1484.68 | Cost: 1711.42 | Route: [0, 6, 36, 38, 29, 5, 26, 40, 15, 0]
  - Vehicle: AUV | RC: -1463.10 | Cost: 1733.00 | Route: [0, 15, 38, 36, 29, 5, 6, 40, 26, 0]
  - Vehicle: AUV | RC: -1431.81 | Cost: 1752.65 | Route: [0, 10, 38, 36, 29, 5, 6, 40, 26, 0]
  - Vehicle: AUV | RC: -1431.81 | Cost: 1733.80 | Route: [0, 27, 38, 36, 29, 5, 6, 40, 26, 0]
  - Vehicle: AUV | RC: -1430.15 | Cost: 1718.04 | Route: [0, 8, 38, 36, 29, 5, 6, 40, 15, 0]
  - Vehicle: AUV | RC: -1419.53 | Cost: 1655.36 | Route: [0, 32, 38, 36, 29, 5, 26, 6, 40, 0]
  - Vehicle: AUV | RC: -1381.23 | Cost: 1746.43 | Route: [0, 17, 38, 36, 29, 5, 6, 40, 26, 0]
  - Vehicle: AUV | RC: -1363.79 | Cost: 1768.82 | Route: [0, 4, 36, 38, 29, 5, 6, 40, 26, 0]
  - Vehicle: AUV | RC: -1345.73 | Cost: 1699.27 | Route: [0, 2, 38, 36, 29, 5, 6, 40, 26, 0]
  - Vehicle: AUV | RC: -1336.17 | Cost: 1717.57 | Route: [0, 28, 36, 38, 29, 5, 26, 6, 40, 0]
  - Vehicle: AUV | RC: -1327.20 | Cost: 1803.48 | Route: [0, 12, 38, 36, 29, 5, 6, 40, 39, 0]
  - Vehicle: AUV | RC: -1324.71 | Cost: 1805.97 | Route: [0, 39, 38, 36, 29, 5, 6, 40, 12, 0]
  - Vehicle: AUV | RC: -1318.40 | Cost: 1727.52 | Route: [0, 19, 38, 36, 29, 5, 6, 40, 26, 0]
  - Vehicle: AUV | RC: -1287.77 | Cost: 1772.96 | Route: [0, 24, 38, 36, 29, 5, 6, 40, 26, 0]
  - Vehicle: AUV | RC: -1286.51 | Cost: 1766.01 | Route: [0, 16, 38, 36, 29, 5, 6, 40, 39, 0]
  - Vehicle: AUV | RC: -1270.64 | Cost: 1766.50 | Route: [0, 7, 38, 36, 29, 5, 6, 40, 39, 0]
  - Vehicle: AUV | RC: -1264.37 | Cost: 1751.63 | Route: [0, 11, 38, 36, 29, 5, 6, 40, 26, 0]
  - Vehicle: AUV | RC: -1233.74 | Cost: 1729.29 | Route: [0, 31, 36, 38, 29, 5, 6, 40, 26, 0]
  - Vehicle: AUV | RC: -1159.28 | Cost: 1909.91 | Route: [0, 38, 36, 29, 5, 6, 40, 18, 34, 0]
  - Vehicle: AUV | RC: -1159.11 | Cost: 1803.77 | Route: [0, 25, 36, 38, 29, 5, 6, 40, 39, 0]
  - Vehicle: AUV | RC: -1157.82 | Cost: 1911.37 | Route: [0, 36, 38, 29, 5, 6, 40, 18, 34, 0]
  - Vehicle: AUV | RC: -1145.53 | Cost: 1817.62 | Route: [0, 23, 36, 38, 29, 5, 6, 40, 39, 0]
  - Vehicle: AUV | RC: -1145.12 | Cost: 1733.00 | Route: [0, 14, 38, 36, 29, 5, 6, 40, 26, 0]
  - Vehicle: AUV | RC: -1094.29 | Cost: 1702.92 | Route: [0, 3, 38, 36, 29, 5, 6, 40, 26, 0]
  - Vehicle: 4w | RC: -1080.88 | Cost: 2122.06 | Route: [0, 26, 36, 38, 29, 27, 5, 6, 15, 0]
  - Vehicle: AUV | RC: -1076.01 | Cost: 1721.20 | Route: [0, 35, 38, 36, 29, 5, 6, 40, 26, 0]
  - Vehicle: 4w | RC: -1070.15 | Cost: 2095.46 | Route: [0, 27, 38, 36, 29, 5, 6, 40, 26, 0]
  - Vehicle: AUV | RC: -1068.30 | Cost: 1728.91 | Route: [0, 9, 36, 38, 29, 5, 6, 40, 26, 0]
  - Vehicle: AUV | RC: -1062.62 | Cost: 1734.59 | Route: [0, 20, 36, 38, 29, 5, 6, 40, 26, 0]
  - Vehicle: 4w | RC: -1062.46 | Cost: 2135.07 | Route: [0, 17, 38, 36, 29, 27, 5, 6, 15, 0]
  - Vehicle: AUV | RC: -1040.24 | Cost: 1756.96 | Route: [0, 30, 36, 38, 29, 5, 6, 40, 26, 0]
  - Vehicle: AUV | RC: -1019.55 | Cost: 1818.55 | Route: [0, 22, 36, 38, 29, 5, 6, 40, 39, 0]
  - Vehicle: 4w | RC: -1016.42 | Cost: 2174.89 | Route: [0, 10, 38, 36, 29, 27, 5, 6, 26, 0]
  - Vehicle: AUV | RC: -1013.18 | Cost: 1784.03 | Route: [0, 33, 36, 38, 29, 5, 6, 40, 26, 0]
  - Vehicle: 4w | RC: -998.85 | Cost: 2166.76 | Route: [0, 5, 36, 38, 29, 27, 6, 40, 26, 0]
  - Vehicle: 4w | RC: -979.34 | Cost: 2227.17 | Route: [0, 29, 36, 38, 27, 5, 6, 40, 39, 0]
  - Vehicle: AUV | RC: -957.72 | Cost: 1721.63 | Route: [0, 1, 36, 38, 29, 5, 27, 6, 0]
  - Vehicle: 4w | RC: -945.13 | Cost: 2194.32 | Route: [0, 4, 36, 38, 29, 27, 5, 6, 26, 0]
  - Vehicle: AUV | RC: -942.70 | Cost: 1880.02 | Route: [0, 29, 36, 38, 5, 6, 40, 18, 0]
  - Vehicle: AUV | RC: -934.87 | Cost: 1887.85 | Route: [0, 37, 36, 38, 29, 5, 6, 40, 18, 0]
  - Vehicle: 4w | RC: -929.81 | Cost: 2177.62 | Route: [0, 32, 36, 38, 29, 27, 5, 6, 40, 0]
  - Vehicle: AUV | RC: -912.06 | Cost: 1894.66 | Route: [0, 5, 36, 38, 29, 26, 40, 18, 0]
  - Vehicle: AUV | RC: -909.43 | Cost: 1913.29 | Route: [0, 18, 36, 38, 29, 5, 6, 40, 0]
  - Vehicle: 4w | RC: -908.64 | Cost: 2256.98 | Route: [0, 38, 36, 29, 27, 5, 6, 40, 26, 0]
  - Vehicle: 4w | RC: -908.01 | Cost: 2144.76 | Route: [0, 19, 38, 36, 29, 27, 5, 6, 26, 0]
  - Vehicle: 4w | RC: -906.98 | Cost: 2258.63 | Route: [0, 36, 38, 29, 27, 5, 6, 40, 26, 0]
  - Vehicle: AUV | RC: -906.30 | Cost: 1916.42 | Route: [0, 40, 36, 38, 29, 5, 6, 18, 0]
  - Vehicle: AUV | RC: -899.33 | Cost: 1923.38 | Route: [0, 13, 36, 38, 29, 5, 6, 40, 18, 0]
  - Vehicle: 4w | RC: -888.82 | Cost: 2188.72 | Route: [0, 2, 38, 36, 29, 27, 5, 6, 40, 0]
  - Vehicle: 4w | RC: -868.30 | Cost: 2199.28 | Route: [0, 24, 38, 36, 29, 27, 5, 6, 26, 0]
  - Vehicle: 4w | RC: -836.10 | Cost: 2250.18 | Route: [0, 28, 36, 38, 29, 27, 5, 6, 40, 0]
  - Vehicle: 4w | RC: -826.88 | Cost: 2121.10 | Route: [0, 14, 36, 38, 29, 27, 5, 6, 15, 0]
  - Vehicle: 4w | RC: -822.99 | Cost: 2146.89 | Route: [0, 31, 36, 38, 29, 27, 5, 6, 26, 0]
  - Vehicle: AUV | RC: -817.25 | Cost: 1890.57 | Route: [0, 34, 38, 36, 29, 5, 6, 40, 0]
  - Vehicle: 4w | RC: -796.95 | Cost: 2251.59 | Route: [0, 11, 38, 36, 29, 27, 5, 6, 40, 0]
  - Vehicle: 4w | RC: -751.28 | Cost: 2115.79 | Route: [0, 15, 38, 36, 29, 27, 5, 6, 0]
  - Vehicle: AUV | RC: -673.46 | Cost: 2213.94 | Route: [0, 21, 36, 38, 29, 5, 6, 40, 0]
  - Vehicle: 4w | RC: -645.18 | Cost: 2184.56 | Route: [0, 37, 36, 38, 29, 27, 5, 6, 40, 0]
  - Vehicle: 4w | RC: -634.50 | Cost: 2195.24 | Route: [0, 3, 36, 38, 29, 27, 5, 6, 40, 0]
  - Vehicle: 4w | RC: -625.88 | Cost: 2130.26 | Route: [0, 8, 38, 36, 29, 27, 5, 6, 0]
  - Vehicle: 4w | RC: -623.99 | Cost: 2180.07 | Route: [0, 30, 36, 38, 29, 27, 5, 6, 26, 0]
  - Vehicle: 4w | RC: -615.35 | Cost: 2229.60 | Route: [0, 39, 38, 36, 29, 27, 5, 6, 0]
  - Vehicle: 4w | RC: -612.55 | Cost: 2217.19 | Route: [0, 35, 36, 38, 29, 27, 5, 6, 40, 0]
  - Vehicle: 4w | RC: -611.36 | Cost: 2218.38 | Route: [0, 40, 36, 38, 29, 27, 5, 6, 0]
  - Vehicle: 4w | RC: -605.45 | Cost: 2224.30 | Route: [0, 9, 36, 38, 29, 27, 5, 6, 40, 0]
  - Vehicle: 4w | RC: -602.74 | Cost: 2227.01 | Route: [0, 13, 36, 38, 29, 27, 5, 6, 40, 0]
  - Vehicle: 4w | RC: -597.26 | Cost: 2232.49 | Route: [0, 6, 36, 38, 29, 27, 5, 40, 0]
  - Vehicle: 4w | RC: -591.48 | Cost: 2212.58 | Route: [0, 33, 36, 38, 29, 27, 5, 6, 26, 0]
  - Vehicle: 4w | RC: -544.54 | Cost: 2134.81 | Route: [0, 1, 36, 38, 29, 27, 5, 6, 0]
  - Vehicle: 4w | RC: -522.85 | Cost: 2237.92 | Route: [0, 12, 38, 36, 29, 27, 5, 6, 0]
  - Vehicle: 4w | RC: -489.65 | Cost: 2192.95 | Route: [0, 16, 38, 36, 29, 27, 5, 6, 0]
  - Vehicle: 4w | RC: -473.68 | Cost: 2193.55 | Route: [0, 7, 38, 36, 29, 27, 5, 6, 0]
  - Vehicle: 4w | RC: -447.08 | Cost: 2382.48 | Route: [0, 18, 36, 38, 29, 27, 5, 6, 0]
  - Vehicle: 6w | RC: -444.25 | Cost: 2793.62 | Route: [0, 38, 36, 29, 15, 10, 27, 5, 4, 0]
  - Vehicle: 6w | RC: -412.39 | Cost: 2825.48 | Route: [0, 36, 38, 27, 15, 10, 29, 5, 4, 0]
  - Vehicle: 6w | RC: -368.81 | Cost: 2525.77 | Route: [0, 26, 38, 36, 29, 15, 10, 27, 0]
  - Vehicle: 4w | RC: -359.47 | Cost: 2355.20 | Route: [0, 34, 38, 36, 29, 27, 5, 6, 0]
  - Vehicle: 4w | RC: -354.70 | Cost: 2238.26 | Route: [0, 25, 36, 38, 29, 27, 5, 6, 0]
  - Vehicle: 6w | RC: -354.63 | Cost: 2547.85 | Route: [0, 27, 38, 36, 29, 15, 10, 5, 0]
  - Vehicle: 4w | RC: -350.48 | Cost: 2117.71 | Route: [0, 20, 36, 38, 29, 27, 5, 6, 0]
  - Vehicle: 4w | RC: -338.33 | Cost: 2254.90 | Route: [0, 23, 36, 38, 29, 27, 5, 6, 0]
  - Vehicle: 6w | RC: -280.50 | Cost: 2621.97 | Route: [0, 15, 36, 38, 27, 10, 29, 5, 0]
  - Vehicle: 6w | RC: -241.03 | Cost: 2661.44 | Route: [0, 29, 36, 38, 27, 15, 10, 5, 0]
  - Vehicle: 4w | RC: -212.17 | Cost: 2256.02 | Route: [0, 22, 36, 38, 29, 27, 5, 6, 0]
  - Vehicle: 6w | RC: -201.59 | Cost: 2700.88 | Route: [0, 5, 36, 38, 27, 15, 10, 29, 0]
  - Vehicle: 6w | RC: -161.83 | Cost: 2748.74 | Route: [0, 6, 36, 38, 27, 15, 10, 29, 0]
  - Vehicle: 6w | RC: -153.55 | Cost: 2682.84 | Route: [0, 32, 38, 36, 27, 15, 10, 29, 0]
  - Vehicle: 6w | RC: -151.19 | Cost: 2751.28 | Route: [0, 10, 36, 38, 27, 15, 29, 5, 0]
  - Vehicle: 4w | RC: -150.72 | Cost: 2743.52 | Route: [0, 21, 36, 38, 29, 27, 5, 6, 0]
  - Vehicle: 6w | RC: -134.63 | Cost: 2767.84 | Route: [0, 13, 36, 38, 27, 15, 10, 29, 5, 0]
  - Vehicle: 6w | RC: -124.32 | Cost: 2764.83 | Route: [0, 17, 38, 36, 27, 15, 10, 29, 0]
  - Vehicle: 6w | RC: -108.13 | Cost: 2698.36 | Route: [0, 2, 38, 36, 27, 15, 10, 29, 0]
  - Vehicle: 6w | RC: -98.06 | Cost: 2796.04 | Route: [0, 4, 36, 38, 27, 15, 10, 29, 0]
  - Vehicle: 6w | RC: -83.45 | Cost: 2763.21 | Route: [0, 8, 38, 36, 27, 15, 10, 29, 0]
  - Vehicle: 6w | RC: -69.22 | Cost: 2738.20 | Route: [0, 19, 38, 36, 27, 15, 10, 29, 0]
  - Vehicle: 6w | RC: -54.14 | Cost: 2866.13 | Route: [0, 40, 36, 38, 27, 15, 10, 29, 0]
  - Vehicle: 6w | RC: -53.72 | Cost: 2881.75 | Route: [0, 39, 36, 38, 27, 15, 10, 29, 0]
  - Vehicle: 6w | RC: -45.15 | Cost: 2770.08 | Route: [0, 28, 36, 38, 27, 15, 10, 29, 0]
  - Vehicle: 6w | RC: -20.45 | Cost: 2801.79 | Route: [0, 24, 38, 36, 27, 15, 10, 29, 0]
  - Vehicle: 6w | RC: -5.71 | Cost: 2771.79 | Route: [0, 11, 38, 36, 27, 15, 10, 29, 0]
  - Vehicle: 6w | RC: -0.96 | Cost: 2768.91 | Route: [0, 1, 36, 38, 27, 15, 10, 29, 0]

[Iteration 9] RMP Objective: 9243.01
[Iteration 9] POMO generated 117 negative RC columns.
[Iteration 9] Adding Columns:
  - Vehicle: AUV | RC: -1516.89 | Cost: 1745.03 | Route: [0, 39, 38, 13, 3, 29, 14, 26, 15, 0]
  - Vehicle: AUV | RC: -1479.30 | Cost: 1710.77 | Route: [0, 29, 13, 38, 3, 14, 26, 4, 27, 0]
  - Vehicle: AUV | RC: -1476.04 | Cost: 1714.98 | Route: [0, 7, 38, 13, 3, 29, 14, 26, 15, 0]
  - Vehicle: AUV | RC: -1468.27 | Cost: 1721.81 | Route: [0, 3, 13, 38, 29, 14, 26, 4, 27, 0]
  - Vehicle: AUV | RC: -1463.25 | Cost: 1745.67 | Route: [0, 26, 38, 13, 29, 3, 14, 4, 10, 0]
  - Vehicle: AUV | RC: -1453.14 | Cost: 1736.94 | Route: [0, 13, 38, 29, 3, 14, 26, 4, 27, 0]
  - Vehicle: AUV | RC: -1451.55 | Cost: 1738.53 | Route: [0, 27, 38, 13, 29, 3, 14, 26, 4, 0]
  - Vehicle: AUV | RC: -1445.69 | Cost: 1774.87 | Route: [0, 15, 38, 13, 3, 29, 14, 26, 4, 0]
  - Vehicle: AUV | RC: -1425.78 | Cost: 1751.96 | Route: [0, 12, 38, 13, 3, 29, 14, 26, 15, 0]
  - Vehicle: AUV | RC: -1412.62 | Cost: 1796.30 | Route: [0, 10, 13, 38, 3, 29, 14, 26, 4, 0]
  - Vehicle: AUV | RC: -1391.71 | Cost: 1737.55 | Route: [0, 20, 38, 13, 29, 3, 14, 26, 4, 0]
  - Vehicle: AUV | RC: -1385.09 | Cost: 1714.49 | Route: [0, 16, 38, 13, 3, 29, 14, 26, 15, 0]
  - Vehicle: AUV | RC: -1367.43 | Cost: 1731.92 | Route: [0, 32, 13, 38, 3, 29, 14, 26, 4, 0]
  - Vehicle: AUV | RC: -1363.81 | Cost: 1788.30 | Route: [0, 17, 38, 13, 3, 29, 14, 26, 4, 0]
  - Vehicle: AUV | RC: -1360.33 | Cost: 1886.21 | Route: [0, 38, 13, 29, 3, 14, 26, 18, 15, 0]
  - Vehicle: AUV | RC: -1328.32 | Cost: 1741.14 | Route: [0, 2, 38, 13, 3, 29, 14, 26, 4, 0]
  - Vehicle: AUV | RC: -1322.74 | Cost: 1786.89 | Route: [0, 8, 38, 13, 3, 29, 14, 26, 4, 0]
  - Vehicle: AUV | RC: -1307.32 | Cost: 1875.72 | Route: [0, 4, 38, 13, 29, 3, 14, 26, 18, 0]
  - Vehicle: AUV | RC: -1300.99 | Cost: 1769.39 | Route: [0, 19, 38, 13, 3, 29, 14, 26, 4, 0]
  - Vehicle: AUV | RC: -1285.84 | Cost: 1792.35 | Route: [0, 28, 13, 38, 3, 29, 14, 26, 4, 0]
  - Vehicle: AUV | RC: -1284.10 | Cost: 1756.36 | Route: [0, 11, 38, 13, 29, 3, 14, 26, 4, 0]
  - Vehicle: AUV | RC: -1270.36 | Cost: 1814.84 | Route: [0, 24, 38, 13, 3, 29, 14, 26, 4, 0]
  - Vehicle: AUV | RC: -1259.46 | Cost: 1750.47 | Route: [0, 25, 38, 13, 3, 29, 14, 26, 15, 0]
  - Vehicle: 4w | RC: -1257.52 | Cost: 1996.05 | Route: [0, 27, 13, 38, 3, 29, 14, 26, 15, 0]
  - Vehicle: AUV | RC: -1245.88 | Cost: 1764.32 | Route: [0, 23, 38, 13, 3, 29, 14, 26, 15, 0]
  - Vehicle: AUV | RC: -1170.55 | Cost: 1742.93 | Route: [0, 5, 13, 38, 3, 29, 14, 26, 4, 0]
  - Vehicle: 4w | RC: -1147.76 | Cost: 2105.81 | Route: [0, 14, 38, 13, 3, 29, 27, 26, 15, 0]
  - Vehicle: 4w | RC: -1125.08 | Cost: 2128.48 | Route: [0, 29, 13, 38, 3, 14, 27, 26, 15, 0]
  - Vehicle: 4w | RC: -1111.79 | Cost: 2141.77 | Route: [0, 3, 13, 38, 29, 14, 27, 26, 15, 0]
  - Vehicle: AUV | RC: -1103.72 | Cost: 1769.39 | Route: [0, 31, 38, 13, 3, 29, 14, 26, 4, 0]
  - Vehicle: 4w | RC: -1048.78 | Cost: 2204.78 | Route: [0, 38, 13, 3, 29, 14, 27, 26, 15, 0]
  - Vehicle: AUV | RC: -1046.78 | Cost: 1774.89 | Route: [0, 6, 38, 13, 3, 29, 14, 26, 4, 0]
  - Vehicle: AUV | RC: -1046.48 | Cost: 1650.96 | Route: [0, 1, 13, 38, 3, 29, 14, 26, 0]
  - Vehicle: 4w | RC: -1030.40 | Cost: 2164.98 | Route: [0, 32, 13, 38, 3, 29, 14, 27, 15, 0]
  - Vehicle: AUV | RC: -1027.51 | Cost: 1820.14 | Route: [0, 18, 38, 13, 29, 3, 14, 26, 0]
  - Vehicle: AUV | RC: -1007.97 | Cost: 1839.68 | Route: [0, 14, 38, 13, 29, 3, 26, 18, 0]
  - Vehicle: AUV | RC: -1007.75 | Cost: 1839.89 | Route: [0, 37, 38, 13, 3, 29, 14, 26, 18, 0]
  - Vehicle: 4w | RC: -1001.40 | Cost: 2235.10 | Route: [0, 10, 38, 13, 3, 29, 14, 27, 17, 0]
  - Vehicle: AUV | RC: -997.54 | Cost: 1824.13 | Route: [0, 33, 38, 13, 3, 29, 14, 26, 4, 0]
  - Vehicle: AUV | RC: -980.62 | Cost: 1867.02 | Route: [0, 35, 38, 13, 3, 29, 14, 26, 18, 0]
  - Vehicle: AUV | RC: -974.69 | Cost: 1872.96 | Route: [0, 9, 38, 13, 3, 29, 14, 26, 18, 0]
  - Vehicle: AUV | RC: -946.64 | Cost: 1901.01 | Route: [0, 30, 38, 13, 3, 29, 14, 26, 18, 0]
  - Vehicle: AUV | RC: -896.40 | Cost: 1836.35 | Route: [0, 34, 38, 13, 3, 29, 14, 26, 0]
  - Vehicle: 4w | RC: -892.99 | Cost: 2204.97 | Route: [0, 19, 38, 13, 3, 29, 14, 27, 17, 0]
  - Vehicle: AUV | RC: -882.02 | Cost: 1965.63 | Route: [0, 36, 38, 13, 3, 29, 14, 26, 18, 0]
  - Vehicle: 4w | RC: -857.01 | Cost: 2244.98 | Route: [0, 2, 38, 13, 3, 29, 14, 27, 4, 0]
  - Vehicle: 4w | RC: -855.31 | Cost: 2062.39 | Route: [0, 15, 38, 13, 3, 29, 14, 27, 0]
  - Vehicle: 4w | RC: -853.29 | Cost: 2259.49 | Route: [0, 24, 38, 13, 3, 29, 14, 27, 17, 0]
  - Vehicle: 4w | RC: -836.02 | Cost: 2354.05 | Route: [0, 13, 38, 3, 29, 14, 27, 26, 4, 0]
  - Vehicle: 4w | RC: -832.05 | Cost: 2235.99 | Route: [0, 11, 13, 38, 3, 29, 14, 27, 17, 0]
  - Vehicle: 6w | RC: -820.56 | Cost: 2484.40 | Route: [0, 29, 13, 38, 3, 14, 15, 10, 27, 0]
  - Vehicle: 4w | RC: -804.29 | Cost: 2306.44 | Route: [0, 28, 13, 38, 3, 29, 14, 27, 4, 0]
  - Vehicle: 4w | RC: -791.36 | Cost: 2063.32 | Route: [0, 26, 38, 13, 3, 29, 14, 27, 0]
  - Vehicle: 4w | RC: -773.57 | Cost: 2172.92 | Route: [0, 5, 13, 38, 3, 29, 14, 27, 26, 0]
  - Vehicle: 4w | RC: -770.80 | Cost: 2078.46 | Route: [0, 17, 38, 13, 3, 29, 14, 27, 0]
  - Vehicle: 4w | RC: -764.22 | Cost: 2062.17 | Route: [0, 20, 38, 13, 3, 29, 14, 27, 0]
  - Vehicle: AUV | RC: -754.39 | Cost: 2157.94 | Route: [0, 21, 38, 13, 3, 29, 14, 26, 0]
  - Vehicle: 4w | RC: -748.91 | Cost: 2105.29 | Route: [0, 4, 13, 38, 3, 29, 14, 27, 0]
  - Vehicle: 4w | RC: -747.91 | Cost: 2169.79 | Route: [0, 37, 38, 13, 3, 29, 14, 27, 15, 0]
  - Vehicle: 6w | RC: -746.78 | Cost: 2474.98 | Route: [0, 32, 13, 38, 3, 14, 15, 10, 27, 0]
  - Vehicle: 4w | RC: -729.90 | Cost: 2076.86 | Route: [0, 8, 38, 13, 3, 29, 14, 27, 0]
  - Vehicle: 6w | RC: -719.86 | Cost: 2559.61 | Route: [0, 27, 13, 38, 3, 14, 15, 10, 4, 0]
  - Vehicle: 4w | RC: -719.37 | Cost: 2176.20 | Route: [0, 39, 38, 13, 3, 29, 14, 27, 0]
  - Vehicle: 4w | RC: -708.27 | Cost: 2209.42 | Route: [0, 36, 13, 38, 3, 29, 14, 27, 15, 0]
  - Vehicle: 6w | RC: -701.36 | Cost: 2490.50 | Route: [0, 2, 13, 38, 3, 14, 15, 10, 27, 0]
  - Vehicle: 4w | RC: -695.73 | Cost: 2204.96 | Route: [0, 31, 38, 13, 3, 29, 14, 27, 17, 0]
  - Vehicle: 6w | RC: -693.79 | Cost: 2585.67 | Route: [0, 4, 13, 38, 3, 14, 15, 10, 27, 0]
  - Vehicle: 4w | RC: -684.53 | Cost: 2140.14 | Route: [0, 7, 38, 13, 3, 29, 14, 27, 0]
  - Vehicle: 6w | RC: -680.39 | Cost: 2592.03 | Route: [0, 26, 38, 13, 3, 14, 15, 10, 29, 0]
  - Vehicle: 6w | RC: -664.95 | Cost: 2527.83 | Route: [0, 19, 38, 13, 3, 14, 15, 10, 27, 0]
  - Vehicle: 6w | RC: -660.54 | Cost: 2558.11 | Route: [0, 20, 38, 13, 3, 14, 15, 10, 4, 0]
  - Vehicle: 6w | RC: -657.36 | Cost: 2609.64 | Route: [0, 17, 38, 13, 3, 14, 15, 10, 29, 0]
  - Vehicle: 4w | RC: -650.69 | Cost: 2079.28 | Route: [0, 1, 13, 38, 3, 29, 14, 27, 0]
  - Vehicle: 6w | RC: -640.88 | Cost: 2559.72 | Route: [0, 28, 13, 38, 3, 14, 15, 10, 27, 0]
  - Vehicle: 4w | RC: -626.87 | Cost: 2184.51 | Route: [0, 12, 38, 13, 3, 29, 14, 27, 0]
  - Vehicle: 6w | RC: -616.18 | Cost: 2591.42 | Route: [0, 24, 38, 13, 3, 14, 15, 10, 27, 0]
  - Vehicle: 6w | RC: -605.52 | Cost: 2666.42 | Route: [0, 10, 13, 38, 3, 14, 15, 29, 4, 0]
  - Vehicle: 6w | RC: -598.94 | Cost: 2563.93 | Route: [0, 11, 13, 38, 3, 14, 15, 10, 27, 0]
  - Vehicle: 4w | RC: -593.67 | Cost: 2139.54 | Route: [0, 16, 38, 13, 3, 29, 14, 27, 0]
  - Vehicle: 6w | RC: -556.65 | Cost: 2748.31 | Route: [0, 13, 38, 3, 14, 15, 10, 27, 29, 0]
  - Vehicle: 6w | RC: -555.84 | Cost: 2749.11 | Route: [0, 38, 13, 3, 14, 15, 10, 27, 29, 0]
  - Vehicle: AUV | RC: -552.13 | Cost: 1959.65 | Route: [0, 40, 38, 13, 3, 29, 14, 18, 0]
  - Vehicle: 6w | RC: -545.36 | Cost: 2490.52 | Route: [0, 5, 13, 38, 3, 14, 15, 10, 27, 0]
  - Vehicle: AUV | RC: -520.79 | Cost: 1990.99 | Route: [0, 22, 38, 13, 3, 29, 14, 18, 0]
  - Vehicle: 4w | RC: -489.62 | Cost: 2390.56 | Route: [0, 18, 38, 13, 3, 14, 29, 27, 0]
  - Vehicle: 6w | RC: -467.69 | Cost: 2527.82 | Route: [0, 31, 38, 13, 3, 14, 15, 10, 27, 0]
  - Vehicle: 6w | RC: -465.71 | Cost: 2478.36 | Route: [0, 15, 38, 13, 3, 14, 10, 27, 0]
  - Vehicle: 4w | RC: -463.49 | Cost: 2301.80 | Route: [0, 34, 38, 13, 3, 29, 14, 27, 0]
  - Vehicle: 6w | RC: -461.05 | Cost: 2483.02 | Route: [0, 37, 13, 38, 3, 14, 15, 10, 27, 0]
  - Vehicle: 4w | RC: -460.86 | Cost: 2182.72 | Route: [0, 25, 38, 13, 3, 29, 14, 27, 0]
  - Vehicle: 4w | RC: -444.49 | Cost: 2199.36 | Route: [0, 23, 38, 13, 3, 29, 14, 27, 0]
  - Vehicle: 6w | RC: -433.36 | Cost: 2510.72 | Route: [0, 35, 38, 13, 3, 15, 14, 10, 27, 0]
  - Vehicle: 6w | RC: -421.81 | Cost: 2522.26 | Route: [0, 14, 38, 13, 3, 15, 10, 27, 0]
  - Vehicle: 6w | RC: -417.79 | Cost: 2526.29 | Route: [0, 36, 13, 38, 3, 14, 15, 10, 27, 0]
  - Vehicle: 6w | RC: -417.04 | Cost: 2527.03 | Route: [0, 9, 38, 13, 3, 14, 15, 10, 27, 0]
  - Vehicle: 4w | RC: -407.11 | Cost: 2111.70 | Route: [0, 35, 38, 13, 3, 14, 29, 27, 0]
  - Vehicle: 4w | RC: -400.00 | Cost: 2118.81 | Route: [0, 9, 38, 13, 3, 14, 29, 27, 0]
  - Vehicle: 4w | RC: -392.78 | Cost: 2126.03 | Route: [0, 6, 38, 13, 3, 14, 29, 27, 0]
  - Vehicle: 6w | RC: -385.65 | Cost: 2558.42 | Route: [0, 30, 38, 13, 3, 15, 14, 10, 27, 0]
  - Vehicle: 4w | RC: -366.29 | Cost: 2152.52 | Route: [0, 30, 38, 13, 3, 14, 29, 27, 0]
  - Vehicle: 6w | RC: -360.73 | Cost: 2550.33 | Route: [0, 6, 38, 13, 3, 15, 14, 10, 4, 0]
  - Vehicle: 6w | RC: -347.66 | Cost: 2596.41 | Route: [0, 33, 38, 13, 3, 15, 14, 10, 27, 0]
  - Vehicle: 4w | RC: -333.78 | Cost: 2185.02 | Route: [0, 33, 38, 13, 3, 14, 29, 27, 0]
  - Vehicle: 6w | RC: -326.77 | Cost: 2536.85 | Route: [0, 8, 38, 13, 3, 14, 15, 10, 35, 0]
  - Vehicle: 6w | RC: -311.09 | Cost: 2641.34 | Route: [0, 39, 38, 13, 3, 14, 15, 10, 0]
  - Vehicle: 6w | RC: -305.34 | Cost: 2638.73 | Route: [0, 3, 13, 38, 27, 14, 15, 10, 0]
  - Vehicle: 4w | RC: -292.35 | Cost: 2226.45 | Route: [0, 40, 38, 13, 3, 14, 29, 27, 0]
  - Vehicle: 6w | RC: -282.24 | Cost: 2599.30 | Route: [0, 7, 38, 13, 3, 14, 15, 10, 0]
  - Vehicle: 6w | RC: -258.31 | Cost: 2528.52 | Route: [0, 1, 13, 38, 3, 14, 15, 10, 0]
  - Vehicle: 4w | RC: -254.71 | Cost: 2264.09 | Route: [0, 22, 38, 13, 3, 14, 29, 27, 0]
  - Vehicle: 6w | RC: -217.20 | Cost: 2651.05 | Route: [0, 12, 38, 13, 3, 14, 15, 10, 0]
  - Vehicle: 4w | RC: -193.26 | Cost: 2751.60 | Route: [0, 21, 38, 13, 3, 14, 29, 27, 0]
  - Vehicle: 6w | RC: -191.48 | Cost: 2598.60 | Route: [0, 16, 38, 13, 3, 14, 15, 10, 0]
  - Vehicle: 6w | RC: -119.43 | Cost: 2817.62 | Route: [0, 18, 38, 13, 3, 14, 15, 10, 0]
  - Vehicle: 6w | RC: -51.48 | Cost: 2648.96 | Route: [0, 25, 38, 13, 3, 14, 15, 10, 0]
  - Vehicle: 6w | RC: -33.92 | Cost: 2788.23 | Route: [0, 34, 38, 13, 3, 14, 15, 10, 0]
  - Vehicle: 6w | RC: -32.31 | Cost: 2668.40 | Route: [0, 23, 38, 13, 3, 14, 15, 10, 0]

[Iteration 10] RMP Objective: 9242.84
[Iteration 10] POMO generated 99 negative RC columns.
[Iteration 10] Adding Columns:
  - Vehicle: AUV | RC: -1357.28 | Cost: 1745.70 | Route: [0, 26, 36, 37, 11, 4, 27, 15, 20, 0]
  - Vehicle: AUV | RC: -1221.43 | Cost: 1906.17 | Route: [0, 13, 36, 37, 11, 26, 4, 27, 15, 0]
  - Vehicle: AUV | RC: -1210.91 | Cost: 1892.07 | Route: [0, 36, 37, 11, 26, 4, 27, 15, 20, 0]
  - Vehicle: AUV | RC: -1014.08 | Cost: 1781.66 | Route: [0, 15, 36, 37, 11, 26, 4, 27, 0]
  - Vehicle: AUV | RC: -982.79 | Cost: 1801.32 | Route: [0, 10, 36, 37, 11, 26, 4, 27, 0]
  - Vehicle: 4w | RC: -946.10 | Cost: 2156.88 | Route: [0, 4, 36, 37, 11, 27, 26, 15, 20, 0]
  - Vehicle: AUV | RC: -937.60 | Cost: 1736.94 | Route: [0, 32, 36, 37, 11, 26, 4, 27, 0]
  - Vehicle: AUV | RC: -932.89 | Cost: 1862.85 | Route: [0, 37, 36, 11, 26, 4, 27, 15, 0]
  - Vehicle: AUV | RC: -932.84 | Cost: 1795.09 | Route: [0, 17, 36, 37, 11, 26, 4, 27, 0]
  - Vehicle: 4w | RC: -931.85 | Cost: 2171.13 | Route: [0, 37, 36, 11, 27, 4, 26, 15, 20, 0]
  - Vehicle: AUV | RC: -922.32 | Cost: 1781.48 | Route: [0, 20, 36, 37, 11, 26, 4, 27, 0]
  - Vehicle: 4w | RC: -921.40 | Cost: 2181.58 | Route: [0, 11, 36, 37, 27, 4, 26, 15, 20, 0]
  - Vehicle: AUV | RC: -915.70 | Cost: 1781.66 | Route: [0, 14, 36, 37, 11, 26, 4, 27, 0]
  - Vehicle: AUV | RC: -909.43 | Cost: 1747.94 | Route: [0, 5, 36, 37, 11, 26, 4, 27, 0]
  - Vehicle: 4w | RC: -906.24 | Cost: 2221.36 | Route: [0, 13, 36, 37, 11, 27, 4, 26, 15, 0]
  - Vehicle: 4w | RC: -901.74 | Cost: 2171.97 | Route: [0, 32, 36, 37, 11, 27, 4, 26, 15, 0]
  - Vehicle: AUV | RC: -896.71 | Cost: 1747.93 | Route: [0, 2, 36, 37, 11, 26, 4, 27, 0]
  - Vehicle: AUV | RC: -891.76 | Cost: 1793.68 | Route: [0, 8, 36, 37, 11, 26, 4, 27, 0]
  - Vehicle: AUV | RC: -869.26 | Cost: 1776.18 | Route: [0, 19, 36, 37, 11, 26, 4, 27, 0]
  - Vehicle: AUV | RC: -856.01 | Cost: 1797.37 | Route: [0, 28, 36, 37, 11, 26, 4, 27, 0]
  - Vehicle: AUV | RC: -836.08 | Cost: 1821.63 | Route: [0, 24, 36, 37, 11, 26, 4, 27, 0]
  - Vehicle: AUV | RC: -811.99 | Cost: 1795.56 | Route: [0, 1, 36, 37, 11, 26, 4, 27, 0]
  - Vehicle: AUV | RC: -808.93 | Cost: 1883.34 | Route: [0, 12, 36, 37, 11, 26, 4, 27, 0]
  - Vehicle: AUV | RC: -801.17 | Cost: 1776.18 | Route: [0, 31, 36, 37, 11, 26, 4, 27, 0]
  - Vehicle: 4w | RC: -786.46 | Cost: 2171.71 | Route: [0, 5, 36, 37, 11, 27, 4, 26, 14, 0]
  - Vehicle: 4w | RC: -773.74 | Cost: 2171.70 | Route: [0, 2, 36, 37, 11, 27, 4, 26, 14, 0]
  - Vehicle: AUV | RC: -765.11 | Cost: 1845.86 | Route: [0, 16, 36, 37, 11, 26, 4, 27, 0]
  - Vehicle: AUV | RC: -763.65 | Cost: 1846.36 | Route: [0, 7, 36, 37, 11, 26, 4, 27, 0]
  - Vehicle: AUV | RC: -755.69 | Cost: 2001.90 | Route: [0, 18, 36, 37, 11, 26, 4, 27, 0]
  - Vehicle: AUV | RC: -738.37 | Cost: 2019.22 | Route: [0, 27, 36, 37, 11, 26, 4, 18, 0]
  - Vehicle: 4w | RC: -723.15 | Cost: 2231.02 | Route: [0, 28, 36, 37, 11, 27, 4, 26, 14, 0]
  - Vehicle: AUV | RC: -699.60 | Cost: 1865.30 | Route: [0, 40, 36, 37, 11, 26, 4, 27, 0]
  - Vehicle: 4w | RC: -621.63 | Cost: 2174.11 | Route: [0, 27, 36, 37, 11, 26, 4, 15, 0]
  - Vehicle: 4w | RC: -615.70 | Cost: 2180.03 | Route: [0, 29, 36, 37, 11, 27, 4, 26, 15, 0]
  - Vehicle: 4w | RC: -587.94 | Cost: 2208.41 | Route: [0, 38, 36, 37, 11, 27, 4, 26, 15, 0]
  - Vehicle: 4w | RC: -586.40 | Cost: 2209.34 | Route: [0, 15, 36, 37, 11, 27, 4, 26, 0]
  - Vehicle: 4w | RC: -580.16 | Cost: 2215.58 | Route: [0, 26, 36, 37, 11, 27, 4, 15, 0]
  - Vehicle: AUV | RC: -561.55 | Cost: 2250.04 | Route: [0, 4, 36, 37, 11, 26, 18, 21, 0]
  - Vehicle: AUV | RC: -556.60 | Cost: 2288.63 | Route: [0, 11, 36, 37, 27, 26, 18, 21, 0]
  - Vehicle: 4w | RC: -551.29 | Cost: 2232.81 | Route: [0, 10, 36, 37, 11, 27, 4, 26, 0]
  - Vehicle: AUV | RC: -542.86 | Cost: 2310.74 | Route: [0, 39, 36, 37, 11, 26, 18, 21, 0]
  - Vehicle: 4w | RC: -502.52 | Cost: 2225.41 | Route: [0, 17, 36, 37, 11, 27, 4, 26, 0]
  - Vehicle: 4w | RC: -494.67 | Cost: 2209.13 | Route: [0, 20, 36, 37, 11, 27, 4, 26, 0]
  - Vehicle: AUV | RC: -494.39 | Cost: 2095.57 | Route: [0, 34, 36, 37, 11, 26, 18, 8, 0]
  - Vehicle: 4w | RC: -488.05 | Cost: 2209.31 | Route: [0, 14, 36, 37, 11, 27, 4, 26, 0]
  - Vehicle: AUV | RC: -478.69 | Cost: 2332.90 | Route: [0, 21, 18, 36, 37, 11, 26, 4, 0]
  - Vehicle: 4w | RC: -461.63 | Cost: 2223.81 | Route: [0, 8, 36, 37, 11, 27, 4, 26, 0]
  - Vehicle: 4w | RC: -450.46 | Cost: 2323.15 | Route: [0, 39, 36, 37, 11, 27, 4, 26, 0]
  - Vehicle: 4w | RC: -442.77 | Cost: 2202.68 | Route: [0, 19, 36, 37, 11, 27, 4, 26, 0]
  - Vehicle: 4w | RC: -400.51 | Cost: 2257.20 | Route: [0, 24, 36, 37, 11, 27, 4, 26, 0]
  - Vehicle: 4w | RC: -381.32 | Cost: 2226.23 | Route: [0, 1, 36, 37, 11, 27, 4, 26, 0]
  - Vehicle: 4w | RC: -374.68 | Cost: 2202.67 | Route: [0, 31, 36, 37, 11, 27, 4, 26, 0]
  - Vehicle: 4w | RC: -360.80 | Cost: 2331.47 | Route: [0, 12, 36, 37, 11, 27, 4, 26, 0]
  - Vehicle: 6w | RC: -349.08 | Cost: 2830.54 | Route: [0, 13, 36, 37, 11, 15, 10, 27, 4, 0]
  - Vehicle: 4w | RC: -324.47 | Cost: 2286.50 | Route: [0, 16, 36, 37, 11, 27, 4, 26, 0]
  - Vehicle: 4w | RC: -322.91 | Cost: 2287.10 | Route: [0, 7, 36, 37, 11, 27, 4, 26, 0]
  - Vehicle: AUV | RC: -298.56 | Cost: 2177.98 | Route: [0, 29, 36, 37, 11, 26, 18, 21, 0]
  - Vehicle: AUV | RC: -290.63 | Cost: 2185.91 | Route: [0, 3, 36, 37, 11, 26, 18, 21, 0]
  - Vehicle: 4w | RC: -283.69 | Cost: 2473.90 | Route: [0, 18, 36, 37, 11, 27, 4, 26, 0]
  - Vehicle: AUV | RC: -282.30 | Cost: 2316.18 | Route: [0, 25, 36, 37, 11, 26, 18, 21, 0]
  - Vehicle: 4w | RC: -280.66 | Cost: 2476.93 | Route: [0, 36, 37, 11, 27, 4, 26, 18, 0]
  - Vehicle: 6w | RC: -280.09 | Cost: 2510.60 | Route: [0, 32, 36, 37, 11, 15, 10, 27, 0]
  - Vehicle: AUV | RC: -275.41 | Cost: 2201.74 | Route: [0, 38, 36, 37, 11, 26, 18, 21, 0]
  - Vehicle: AUV | RC: -274.80 | Cost: 2330.03 | Route: [0, 23, 36, 37, 11, 26, 18, 21, 0]
  - Vehicle: 6w | RC: -273.26 | Cost: 2574.98 | Route: [0, 26, 36, 37, 11, 15, 10, 27, 0]
  - Vehicle: AUV | RC: -272.35 | Cost: 2204.20 | Route: [0, 35, 36, 37, 11, 26, 18, 21, 0]
  - Vehicle: AUV | RC: -266.41 | Cost: 2210.13 | Route: [0, 9, 36, 37, 11, 26, 18, 21, 0]
  - Vehicle: 6w | RC: -265.94 | Cost: 2623.83 | Route: [0, 15, 36, 37, 11, 10, 27, 39, 0]
  - Vehicle: AUV | RC: -260.53 | Cost: 2216.01 | Route: [0, 6, 36, 37, 11, 26, 18, 21, 0]
  - Vehicle: 4w | RC: -255.10 | Cost: 2309.80 | Route: [0, 40, 36, 37, 11, 27, 4, 26, 0]
  - Vehicle: 6w | RC: -251.50 | Cost: 2592.59 | Route: [0, 17, 36, 37, 11, 15, 10, 27, 0]
  - Vehicle: 6w | RC: -247.38 | Cost: 2526.15 | Route: [0, 5, 36, 37, 11, 15, 10, 27, 0]
  - Vehicle: 6w | RC: -246.24 | Cost: 2573.72 | Route: [0, 20, 36, 37, 11, 15, 10, 27, 0]
  - Vehicle: 6w | RC: -239.66 | Cost: 2573.86 | Route: [0, 14, 36, 37, 11, 15, 10, 27, 0]
  - Vehicle: AUV | RC: -238.36 | Cost: 2238.18 | Route: [0, 30, 36, 37, 11, 26, 18, 21, 0]
  - Vehicle: 6w | RC: -234.67 | Cost: 2526.13 | Route: [0, 2, 36, 37, 11, 15, 10, 27, 0]
  - Vehicle: 6w | RC: -226.46 | Cost: 2621.30 | Route: [0, 4, 36, 37, 11, 15, 10, 27, 0]
  - Vehicle: AUV | RC: -214.42 | Cost: 2265.25 | Route: [0, 33, 36, 37, 11, 26, 18, 21, 0]
  - Vehicle: 6w | RC: -210.63 | Cost: 2590.97 | Route: [0, 8, 36, 37, 11, 15, 10, 27, 0]
  - Vehicle: 6w | RC: -195.64 | Cost: 2565.96 | Route: [0, 19, 36, 37, 11, 15, 10, 27, 0]
  - Vehicle: 4w | RC: -195.04 | Cost: 2448.75 | Route: [0, 34, 36, 37, 11, 27, 4, 26, 0]
  - Vehicle: 4w | RC: -188.81 | Cost: 2329.68 | Route: [0, 25, 36, 37, 11, 27, 4, 26, 0]
  - Vehicle: 6w | RC: -187.31 | Cost: 2702.45 | Route: [0, 27, 36, 37, 11, 15, 10, 39, 0]
  - Vehicle: 6w | RC: -182.75 | Cost: 2707.02 | Route: [0, 39, 36, 37, 11, 15, 10, 27, 0]
  - Vehicle: 4w | RC: -178.53 | Cost: 2346.32 | Route: [0, 23, 36, 37, 11, 27, 4, 26, 0]
  - Vehicle: 6w | RC: -174.19 | Cost: 2595.34 | Route: [0, 28, 36, 37, 11, 15, 10, 27, 0]
  - Vehicle: AUV | RC: -145.58 | Cost: 2330.96 | Route: [0, 22, 36, 37, 11, 26, 18, 21, 0]
  - Vehicle: 6w | RC: -144.32 | Cost: 2629.55 | Route: [0, 24, 36, 37, 11, 15, 10, 27, 0]
  - Vehicle: 6w | RC: -129.53 | Cost: 2594.18 | Route: [0, 1, 36, 37, 11, 15, 10, 27, 0]
  - Vehicle: 6w | RC: -127.55 | Cost: 2565.95 | Route: [0, 31, 36, 37, 11, 15, 10, 27, 0]
  - Vehicle: 6w | RC: -115.70 | Cost: 2729.00 | Route: [0, 38, 36, 37, 11, 15, 10, 27, 17, 0]
  - Vehicle: 6w | RC: -91.71 | Cost: 2716.72 | Route: [0, 12, 36, 37, 11, 15, 10, 27, 0]
  - Vehicle: 6w | RC: -89.77 | Cost: 2800.00 | Route: [0, 10, 36, 37, 11, 15, 27, 39, 0]
  - Vehicle: 6w | RC: -86.96 | Cost: 2802.81 | Route: [0, 11, 36, 37, 27, 15, 10, 39, 0]
  - Vehicle: 6w | RC: -76.88 | Cost: 2812.89 | Route: [0, 37, 36, 11, 15, 10, 27, 39, 0]
  - Vehicle: 6w | RC: -62.86 | Cost: 2664.27 | Route: [0, 16, 36, 37, 11, 15, 10, 27, 0]
  - Vehicle: 4w | RC: -61.49 | Cost: 2809.79 | Route: [0, 21, 36, 37, 11, 27, 4, 10, 0]
  - Vehicle: 6w | RC: -61.20 | Cost: 2664.97 | Route: [0, 7, 36, 37, 11, 15, 10, 27, 0]
  - Vehicle: 6w | RC: -38.55 | Cost: 2851.22 | Route: [0, 36, 37, 11, 15, 10, 27, 39, 0]

[Iteration 11] RMP Objective: 9130.95
[Iteration 11] POMO generated 74 negative RC columns.
[Iteration 11] Adding Columns:
  - Vehicle: AUV | RC: -631.30 | Cost: 1912.38 | Route: [0, 7, 18, 21, 31, 28, 5, 27, 0]
  - Vehicle: 4w | RC: -578.38 | Cost: 2155.99 | Route: [0, 19, 31, 28, 5, 27, 17, 18, 7, 0]
  - Vehicle: AUV | RC: -567.01 | Cost: 1913.34 | Route: [0, 16, 18, 21, 31, 28, 5, 27, 0]
  - Vehicle: AUV | RC: -534.71 | Cost: 2008.97 | Route: [0, 27, 31, 28, 5, 18, 21, 7, 0]
  - Vehicle: AUV | RC: -522.82 | Cost: 2050.90 | Route: [0, 39, 18, 21, 31, 28, 5, 27, 0]
  - Vehicle: AUV | RC: -515.19 | Cost: 2010.64 | Route: [0, 12, 18, 21, 31, 28, 5, 27, 0]
  - Vehicle: AUV | RC: -499.77 | Cost: 2007.45 | Route: [0, 26, 18, 21, 31, 28, 5, 27, 0]
  - Vehicle: AUV | RC: -480.22 | Cost: 2018.69 | Route: [0, 8, 31, 28, 5, 18, 21, 26, 0]
  - Vehicle: AUV | RC: -474.94 | Cost: 2032.28 | Route: [0, 18, 21, 31, 28, 5, 27, 26, 0]
  - Vehicle: AUV | RC: -464.22 | Cost: 2006.68 | Route: [0, 15, 31, 28, 5, 18, 21, 26, 0]
  - Vehicle: AUV | RC: -464.16 | Cost: 2061.19 | Route: [0, 17, 31, 28, 5, 18, 21, 26, 0]
  - Vehicle: AUV | RC: -449.63 | Cost: 2049.28 | Route: [0, 5, 31, 28, 18, 21, 26, 8, 0]
  - Vehicle: AUV | RC: -444.93 | Cost: 2086.63 | Route: [0, 10, 31, 28, 5, 18, 21, 26, 0]
  - Vehicle: AUV | RC: -442.01 | Cost: 2065.21 | Route: [0, 31, 28, 5, 18, 21, 26, 27, 0]
  - Vehicle: AUV | RC: -436.63 | Cost: 2070.58 | Route: [0, 21, 18, 31, 28, 5, 27, 26, 0]
  - Vehicle: AUV | RC: -406.89 | Cost: 2033.91 | Route: [0, 1, 27, 31, 28, 5, 18, 21, 0]
  - Vehicle: AUV | RC: -402.27 | Cost: 2141.41 | Route: [0, 28, 31, 5, 27, 18, 21, 7, 0]
  - Vehicle: AUV | RC: -392.67 | Cost: 2061.51 | Route: [0, 19, 31, 28, 5, 27, 18, 21, 0]
  - Vehicle: AUV | RC: -379.35 | Cost: 2050.73 | Route: [0, 40, 18, 21, 31, 28, 5, 27, 0]
  - Vehicle: AUV | RC: -369.05 | Cost: 2010.35 | Route: [0, 23, 18, 21, 31, 28, 5, 27, 0]
  - Vehicle: 6w | RC: -367.27 | Cost: 2365.01 | Route: [0, 1, 27, 31, 17, 28, 10, 5, 39, 0]
  - Vehicle: 4w | RC: -359.40 | Cost: 2170.99 | Route: [0, 15, 31, 28, 5, 27, 17, 18, 34, 0]
  - Vehicle: AUV | RC: -355.69 | Cost: 2123.72 | Route: [0, 2, 31, 28, 5, 27, 18, 21, 0]
  - Vehicle: AUV | RC: -353.40 | Cost: 2145.65 | Route: [0, 32, 31, 28, 5, 27, 18, 21, 0]
  - Vehicle: 6w | RC: -349.02 | Cost: 2482.96 | Route: [0, 5, 31, 28, 17, 10, 27, 39, 8, 0]
  - Vehicle: AUV | RC: -345.26 | Cost: 2009.16 | Route: [0, 25, 18, 21, 31, 28, 5, 27, 0]
  - Vehicle: AUV | RC: -339.93 | Cost: 2161.24 | Route: [0, 4, 31, 28, 5, 27, 18, 21, 0]
  - Vehicle: AUV | RC: -328.08 | Cost: 1953.30 | Route: [0, 34, 21, 18, 31, 28, 5, 27, 0]
  - Vehicle: 4w | RC: -324.11 | Cost: 2266.94 | Route: [0, 10, 31, 28, 5, 27, 17, 18, 34, 0]
  - Vehicle: AUV | RC: -303.45 | Cost: 2073.35 | Route: [0, 20, 31, 28, 5, 27, 18, 21, 0]
  - Vehicle: AUV | RC: -301.88 | Cost: 2181.54 | Route: [0, 11, 31, 28, 5, 27, 18, 21, 0]
  - Vehicle: AUV | RC: -296.66 | Cost: 2073.55 | Route: [0, 6, 31, 28, 5, 27, 18, 21, 0]
  - Vehicle: AUV | RC: -286.39 | Cost: 2168.91 | Route: [0, 30, 31, 28, 5, 27, 18, 21, 0]
  - Vehicle: 4w | RC: -266.09 | Cost: 2231.21 | Route: [0, 2, 31, 28, 5, 27, 17, 18, 34, 0]
  - Vehicle: AUV | RC: -262.76 | Cost: 2186.68 | Route: [0, 24, 31, 28, 5, 27, 18, 21, 0]
  - Vehicle: 4w | RC: -259.38 | Cost: 2257.56 | Route: [0, 32, 31, 28, 5, 27, 17, 18, 34, 0]
  - Vehicle: 4w | RC: -242.81 | Cost: 2276.26 | Route: [0, 4, 31, 28, 5, 27, 17, 18, 34, 0]
  - Vehicle: 6w | RC: -240.65 | Cost: 2530.24 | Route: [0, 2, 31, 17, 28, 10, 27, 5, 39, 0]
  - Vehicle: AUV | RC: -240.07 | Cost: 2125.34 | Route: [0, 3, 31, 28, 5, 27, 18, 21, 0]
  - Vehicle: AUV | RC: -230.91 | Cost: 1975.47 | Route: [0, 22, 21, 18, 31, 28, 5, 27, 0]
  - Vehicle: 6w | RC: -229.47 | Cost: 2561.05 | Route: [0, 32, 31, 17, 28, 10, 27, 5, 39, 0]
  - Vehicle: 4w | RC: -223.92 | Cost: 2170.77 | Route: [0, 20, 31, 28, 5, 27, 17, 18, 34, 0]
  - Vehicle: 4w | RC: -217.08 | Cost: 2171.01 | Route: [0, 6, 31, 28, 5, 27, 17, 18, 34, 0]
  - Vehicle: 6w | RC: -215.80 | Cost: 2576.86 | Route: [0, 4, 31, 28, 17, 10, 5, 27, 39, 0]
  - Vehicle: 6w | RC: -208.55 | Cost: 2459.73 | Route: [0, 20, 31, 17, 28, 10, 27, 5, 39, 0]
  - Vehicle: 6w | RC: -208.01 | Cost: 2627.15 | Route: [0, 28, 31, 17, 10, 5, 27, 39, 7, 0]
  - Vehicle: 6w | RC: -201.67 | Cost: 2460.02 | Route: [0, 6, 31, 17, 28, 10, 27, 5, 39, 0]
  - Vehicle: 4w | RC: -200.67 | Cost: 2300.64 | Route: [0, 11, 31, 28, 5, 27, 17, 18, 34, 0]
  - Vehicle: 4w | RC: -199.86 | Cost: 2340.64 | Route: [0, 8, 18, 21, 31, 28, 5, 27, 0]
  - Vehicle: AUV | RC: -199.73 | Cost: 2006.65 | Route: [0, 14, 18, 21, 31, 28, 5, 27, 0]
  - Vehicle: 4w | RC: -195.60 | Cost: 2188.09 | Route: [0, 1, 17, 31, 28, 5, 27, 18, 0]
  - Vehicle: 4w | RC: -187.72 | Cost: 2285.47 | Route: [0, 30, 31, 28, 5, 27, 17, 18, 34, 0]
  - Vehicle: 4w | RC: -184.95 | Cost: 2358.72 | Route: [0, 7, 21, 18, 31, 28, 5, 27, 0]
  - Vehicle: AUV | RC: -172.08 | Cost: 2315.11 | Route: [0, 38, 31, 28, 5, 27, 18, 21, 0]
  - Vehicle: 4w | RC: -169.72 | Cost: 2310.62 | Route: [0, 16, 18, 21, 31, 28, 5, 27, 0]
  - Vehicle: 6w | RC: -163.56 | Cost: 2611.34 | Route: [0, 11, 31, 17, 28, 10, 27, 5, 39, 0]
  - Vehicle: 4w | RC: -156.58 | Cost: 2369.25 | Route: [0, 12, 21, 18, 31, 28, 5, 27, 0]
  - Vehicle: 6w | RC: -153.16 | Cost: 2593.62 | Route: [0, 30, 31, 17, 28, 10, 27, 5, 39, 0]
  - Vehicle: 6w | RC: -152.87 | Cost: 2504.02 | Route: [0, 3, 17, 31, 28, 10, 27, 5, 39, 0]
  - Vehicle: 4w | RC: -150.15 | Cost: 2233.16 | Route: [0, 3, 31, 28, 5, 27, 17, 18, 34, 0]
  - Vehicle: 6w | RC: -137.42 | Cost: 2626.43 | Route: [0, 19, 31, 17, 28, 10, 27, 5, 18, 0]
  - Vehicle: 6w | RC: -134.12 | Cost: 2587.44 | Route: [0, 40, 31, 17, 28, 10, 27, 5, 39, 0]
  - Vehicle: AUV | RC: -123.24 | Cost: 2414.03 | Route: [0, 13, 31, 28, 5, 27, 18, 21, 0]
  - Vehicle: 6w | RC: -122.36 | Cost: 2618.56 | Route: [0, 24, 31, 17, 28, 10, 27, 5, 39, 0]
  - Vehicle: 4w | RC: -118.06 | Cost: 2425.62 | Route: [0, 27, 31, 28, 5, 18, 21, 7, 0]
  - Vehicle: 4w | RC: -113.28 | Cost: 2453.66 | Route: [0, 18, 21, 31, 28, 5, 27, 17, 0]
  - Vehicle: 4w | RC: -97.82 | Cost: 2475.91 | Route: [0, 39, 18, 21, 31, 28, 5, 27, 0]
  - Vehicle: 4w | RC: -90.21 | Cost: 2302.13 | Route: [0, 24, 31, 28, 5, 27, 17, 18, 0]
  - Vehicle: 4w | RC: -83.49 | Cost: 2423.72 | Route: [0, 26, 18, 21, 31, 28, 5, 27, 0]
  - Vehicle: 6w | RC: -70.41 | Cost: 2675.04 | Route: [0, 38, 31, 17, 28, 10, 27, 5, 8, 0]
  - Vehicle: 4w | RC: -67.58 | Cost: 2499.36 | Route: [0, 21, 18, 31, 28, 5, 27, 17, 0]
  - Vehicle: 6w | RC: -48.36 | Cost: 2542.69 | Route: [0, 27, 31, 28, 17, 10, 5, 18, 34, 0]
  - Vehicle: AUV | RC: -39.31 | Cost: 2184.85 | Route: [0, 33, 18, 21, 31, 28, 5, 32, 0]
  - Vehicle: AUV | RC: -12.14 | Cost: 2146.61 | Route: [0, 35, 18, 21, 31, 28, 5, 4, 0]

[Iteration 12] RMP Objective: 9080.64
[Iteration 12] POMO generated 22 negative RC columns.
[Iteration 12] Adding Columns:
  - Vehicle: AUV | RC: -556.54 | Cost: 1848.49 | Route: [0, 16, 18, 40, 38, 37, 32, 30, 0]
  - Vehicle: AUV | RC: -556.54 | Cost: 1847.53 | Route: [0, 7, 18, 40, 38, 37, 32, 30, 0]
  - Vehicle: AUV | RC: -529.30 | Cost: 1945.80 | Route: [0, 12, 18, 40, 38, 37, 32, 30, 0]
  - Vehicle: AUV | RC: -489.03 | Cost: 1986.06 | Route: [0, 39, 18, 40, 38, 37, 32, 30, 0]
  - Vehicle: AUV | RC: -450.79 | Cost: 2081.05 | Route: [0, 18, 21, 40, 38, 37, 30, 32, 0]
  - Vehicle: AUV | RC: -426.04 | Cost: 1945.50 | Route: [0, 23, 18, 40, 38, 37, 32, 30, 0]
  - Vehicle: AUV | RC: -401.09 | Cost: 1872.44 | Route: [0, 34, 18, 40, 38, 37, 30, 32, 0]
  - Vehicle: AUV | RC: -313.92 | Cost: 2217.93 | Route: [0, 21, 18, 40, 38, 37, 30, 32, 0]
  - Vehicle: AUV | RC: -261.93 | Cost: 1969.27 | Route: [0, 25, 18, 40, 38, 37, 30, 32, 0]
  - Vehicle: AUV | RC: -208.67 | Cost: 1939.28 | Route: [0, 20, 18, 40, 38, 37, 30, 32, 0]
  - Vehicle: AUV | RC: -175.67 | Cost: 1966.76 | Route: [0, 14, 18, 40, 38, 37, 30, 32, 0]
  - Vehicle: AUV | RC: -173.65 | Cost: 1968.79 | Route: [0, 22, 18, 40, 38, 37, 30, 32, 0]
  - Vehicle: 4w | RC: -172.11 | Cost: 2498.41 | Route: [0, 8, 18, 21, 40, 38, 10, 17, 0]
  - Vehicle: 4w | RC: -118.36 | Cost: 2467.24 | Route: [0, 7, 18, 21, 40, 38, 10, 17, 0]
  - Vehicle: 4w | RC: -118.16 | Cost: 2468.40 | Route: [0, 16, 18, 21, 40, 38, 10, 17, 0]
  - Vehicle: 4w | RC: -112.90 | Cost: 2536.51 | Route: [0, 18, 21, 40, 38, 10, 17, 32, 0]
  - Vehicle: AUV | RC: -78.66 | Cost: 2063.77 | Route: [0, 5, 18, 40, 38, 37, 30, 32, 0]
  - Vehicle: AUV | RC: -74.06 | Cost: 2068.38 | Route: [0, 35, 18, 40, 38, 37, 30, 32, 0]
  - Vehicle: AUV | RC: -47.62 | Cost: 2094.81 | Route: [0, 9, 18, 40, 38, 37, 30, 32, 0]
  - Vehicle: AUV | RC: -45.91 | Cost: 2195.78 | Route: [0, 1, 10, 38, 40, 18, 21, 0]
  - Vehicle: AUV | RC: -23.00 | Cost: 2183.39 | Route: [0, 40, 18, 21, 38, 37, 30, 0]
  - Vehicle: 4w | RC: -4.86 | Cost: 2613.77 | Route: [0, 12, 18, 21, 40, 38, 10, 30, 0]

[Iteration 13] RMP Objective: 9069.77
[Iteration 13] POMO generated 60 negative RC columns.
[Iteration 13] Adding Columns:
  - Vehicle: AUV | RC: -541.81 | Cost: 1905.03 | Route: [0, 7, 18, 21, 40, 3, 10, 31, 0]
  - Vehicle: AUV | RC: -541.81 | Cost: 1905.99 | Route: [0, 16, 18, 21, 40, 3, 10, 31, 0]
  - Vehicle: AUV | RC: -538.40 | Cost: 2003.30 | Route: [0, 12, 18, 21, 40, 3, 10, 31, 0]
  - Vehicle: AUV | RC: -498.13 | Cost: 2043.56 | Route: [0, 39, 18, 21, 40, 3, 10, 31, 0]
  - Vehicle: AUV | RC: -462.80 | Cost: 2026.33 | Route: [0, 18, 21, 40, 3, 10, 31, 28, 0]
  - Vehicle: AUV | RC: -435.26 | Cost: 1904.98 | Route: [0, 34, 18, 21, 40, 3, 10, 31, 0]
  - Vehicle: AUV | RC: -419.05 | Cost: 2003.00 | Route: [0, 23, 18, 21, 40, 3, 10, 31, 0]
  - Vehicle: AUV | RC: -404.16 | Cost: 2134.12 | Route: [0, 2, 3, 40, 18, 21, 31, 10, 0]
  - Vehicle: AUV | RC: -384.80 | Cost: 2086.38 | Route: [0, 17, 3, 40, 18, 21, 31, 19, 0]
  - Vehicle: AUV | RC: -367.89 | Cost: 2128.73 | Route: [0, 10, 3, 40, 18, 21, 31, 19, 0]
  - Vehicle: AUV | RC: -355.25 | Cost: 2155.03 | Route: [0, 32, 3, 40, 18, 21, 31, 10, 0]
  - Vehicle: AUV | RC: -345.24 | Cost: 1971.82 | Route: [0, 20, 18, 21, 40, 3, 10, 31, 0]
  - Vehicle: AUV | RC: -325.93 | Cost: 2163.20 | Route: [0, 21, 18, 40, 3, 10, 31, 28, 0]
  - Vehicle: AUV | RC: -324.34 | Cost: 2164.79 | Route: [0, 40, 18, 21, 3, 10, 31, 28, 0]
  - Vehicle: AUV | RC: -314.53 | Cost: 2163.10 | Route: [0, 3, 40, 18, 21, 31, 10, 4, 0]
  - Vehicle: 4w | RC: -306.86 | Cost: 2317.68 | Route: [0, 8, 18, 21, 40, 3, 10, 17, 0]
  - Vehicle: 4w | RC: -286.27 | Cost: 2358.85 | Route: [0, 15, 18, 21, 40, 3, 10, 17, 0]
  - Vehicle: 4w | RC: -272.77 | Cost: 2346.80 | Route: [0, 18, 21, 40, 3, 10, 17, 2, 0]
  - Vehicle: 4w | RC: -247.52 | Cost: 2375.48 | Route: [0, 17, 3, 10, 40, 21, 18, 12, 0]
  - Vehicle: AUV | RC: -246.11 | Cost: 2136.49 | Route: [0, 4, 3, 40, 18, 21, 31, 19, 0]
  - Vehicle: 4w | RC: -241.63 | Cost: 2286.51 | Route: [0, 7, 18, 21, 40, 3, 10, 17, 0]
  - Vehicle: 4w | RC: -241.44 | Cost: 2287.67 | Route: [0, 16, 18, 21, 40, 3, 10, 17, 0]
  - Vehicle: 4w | RC: -241.42 | Cost: 2353.64 | Route: [0, 2, 3, 10, 40, 21, 18, 12, 0]
  - Vehicle: AUV | RC: -232.49 | Cost: 2161.60 | Route: [0, 28, 3, 40, 18, 21, 31, 19, 0]
  - Vehicle: 4w | RC: -225.05 | Cost: 2394.52 | Route: [0, 40, 21, 18, 3, 10, 17, 2, 0]
  - Vehicle: AUV | RC: -223.02 | Cost: 2136.71 | Route: [0, 30, 3, 40, 18, 21, 31, 19, 0]
  - Vehicle: AUV | RC: -222.06 | Cost: 2051.91 | Route: [0, 25, 21, 18, 40, 3, 10, 31, 0]
  - Vehicle: AUV | RC: -221.49 | Cost: 2133.15 | Route: [0, 11, 3, 40, 18, 21, 31, 19, 0]
  - Vehicle: 4w | RC: -212.55 | Cost: 2344.19 | Route: [0, 27, 3, 10, 17, 40, 21, 18, 0]
  - Vehicle: AUV | RC: -206.24 | Cost: 1999.30 | Route: [0, 14, 18, 21, 40, 3, 10, 31, 0]
  - Vehicle: 4w | RC: -188.31 | Cost: 2378.77 | Route: [0, 32, 3, 10, 40, 21, 18, 12, 0]
  - Vehicle: 4w | RC: -170.04 | Cost: 2452.95 | Route: [0, 39, 18, 21, 40, 3, 10, 17, 0]
  - Vehicle: AUV | RC: -168.88 | Cost: 2163.16 | Route: [0, 35, 3, 40, 18, 21, 31, 10, 0]
  - Vehicle: AUV | RC: -167.10 | Cost: 2040.34 | Route: [0, 1, 10, 3, 40, 18, 21, 0]
  - Vehicle: 4w | RC: -158.23 | Cost: 2464.77 | Route: [0, 12, 21, 18, 40, 3, 10, 17, 0]
  - Vehicle: 4w | RC: -157.24 | Cost: 2396.17 | Route: [0, 19, 3, 10, 40, 21, 18, 12, 0]
  - Vehicle: 4w | RC: -145.67 | Cost: 2303.08 | Route: [0, 1, 10, 3, 40, 21, 18, 7, 0]
  - Vehicle: 4w | RC: -145.53 | Cost: 2396.16 | Route: [0, 31, 3, 10, 40, 21, 18, 12, 0]
  - Vehicle: AUV | RC: -138.84 | Cost: 2066.70 | Route: [0, 22, 21, 18, 40, 3, 10, 31, 0]
  - Vehicle: AUV | RC: -114.41 | Cost: 2132.11 | Route: [0, 5, 3, 40, 18, 21, 31, 10, 0]
  - Vehicle: 4w | RC: -108.59 | Cost: 2510.98 | Route: [0, 21, 18, 40, 3, 10, 17, 2, 0]
  - Vehicle: 4w | RC: -99.17 | Cost: 2404.18 | Route: [0, 23, 18, 21, 40, 3, 10, 17, 0]
  - Vehicle: 4w | RC: -98.80 | Cost: 2435.63 | Route: [0, 4, 3, 10, 40, 21, 18, 12, 0]
  - Vehicle: AUV | RC: -91.95 | Cost: 2154.49 | Route: [0, 24, 3, 40, 18, 21, 31, 19, 0]
  - Vehicle: 4w | RC: -81.78 | Cost: 2541.22 | Route: [0, 3, 10, 40, 21, 18, 12, 17, 0]
  - Vehicle: AUV | RC: -81.71 | Cost: 2163.78 | Route: [0, 33, 3, 40, 18, 21, 31, 19, 0]
  - Vehicle: 4w | RC: -80.14 | Cost: 2465.78 | Route: [0, 28, 3, 10, 40, 21, 18, 12, 0]
  - Vehicle: AUV | RC: -78.19 | Cost: 2127.35 | Route: [0, 9, 18, 21, 40, 3, 10, 31, 0]
  - Vehicle: AUV | RC: -75.77 | Cost: 2101.93 | Route: [0, 15, 3, 40, 18, 21, 31, 0]
  - Vehicle: 4w | RC: -75.66 | Cost: 2435.89 | Route: [0, 30, 3, 10, 40, 21, 18, 12, 0]
  - Vehicle: 4w | RC: -74.86 | Cost: 2431.60 | Route: [0, 11, 3, 10, 40, 21, 18, 12, 0]
  - Vehicle: 4w | RC: -64.55 | Cost: 2403.76 | Route: [0, 26, 3, 10, 40, 21, 18, 12, 0]
  - Vehicle: AUV | RC: -62.90 | Cost: 2121.64 | Route: [0, 37, 3, 40, 18, 21, 31, 19, 0]
  - Vehicle: 4w | RC: -50.79 | Cost: 2362.55 | Route: [0, 35, 3, 10, 17, 40, 21, 18, 0]
  - Vehicle: AUV | RC: -43.18 | Cost: 2113.95 | Route: [0, 8, 3, 40, 18, 21, 31, 0]
  - Vehicle: 4w | RC: -41.67 | Cost: 2402.86 | Route: [0, 6, 3, 10, 40, 21, 18, 12, 0]
  - Vehicle: 4w | RC: -34.61 | Cost: 2588.39 | Route: [0, 10, 3, 40, 21, 18, 12, 17, 0]
  - Vehicle: 4w | RC: -31.56 | Cost: 2366.80 | Route: [0, 20, 18, 21, 40, 3, 10, 17, 0]
  - Vehicle: AUV | RC: -14.60 | Cost: 2074.74 | Route: [0, 27, 3, 40, 18, 21, 31, 0]
  - Vehicle: AUV | RC: -14.05 | Cost: 2096.46 | Route: [0, 19, 3, 40, 18, 21, 31, 0]

[Iteration 14] RMP Objective: 9043.87
[Iteration 14] POMO generated 20 negative RC columns.
[Iteration 14] Adding Columns:
  - Vehicle: AUV | RC: -382.36 | Cost: 2138.10 | Route: [0, 2, 38, 13, 32, 18, 21, 12, 0]
  - Vehicle: AUV | RC: -361.99 | Cost: 2169.02 | Route: [0, 18, 21, 38, 13, 32, 10, 4, 0]
  - Vehicle: AUV | RC: -318.30 | Cost: 2212.72 | Route: [0, 21, 18, 38, 13, 32, 10, 4, 0]
  - Vehicle: AUV | RC: -276.50 | Cost: 2138.11 | Route: [0, 5, 38, 13, 32, 18, 21, 12, 0]
  - Vehicle: AUV | RC: -260.84 | Cost: 2187.54 | Route: [0, 28, 38, 13, 32, 18, 21, 12, 0]
  - Vehicle: AUV | RC: -244.85 | Cost: 2138.53 | Route: [0, 34, 18, 21, 38, 13, 32, 10, 0]
  - Vehicle: AUV | RC: -237.07 | Cost: 2293.94 | Route: [0, 13, 38, 32, 18, 21, 4, 10, 0]
  - Vehicle: AUV | RC: -219.96 | Cost: 2163.42 | Route: [0, 32, 38, 13, 10, 18, 21, 34, 0]
  - Vehicle: AUV | RC: -129.10 | Cost: 2159.05 | Route: [0, 19, 38, 13, 32, 18, 21, 34, 0]
  - Vehicle: AUV | RC: -109.76 | Cost: 2139.55 | Route: [0, 25, 21, 18, 38, 13, 32, 2, 0]
  - Vehicle: AUV | RC: -90.33 | Cost: 2093.23 | Route: [0, 8, 18, 21, 38, 13, 32, 0]
  - Vehicle: AUV | RC: -82.71 | Cost: 2183.16 | Route: [0, 11, 38, 13, 32, 18, 21, 34, 0]
  - Vehicle: AUV | RC: -70.04 | Cost: 2152.73 | Route: [0, 35, 38, 13, 32, 18, 21, 34, 0]
  - Vehicle: AUV | RC: -55.67 | Cost: 2170.99 | Route: [0, 37, 13, 38, 10, 18, 21, 34, 0]
  - Vehicle: AUV | RC: -52.93 | Cost: 2157.83 | Route: [0, 15, 38, 13, 32, 18, 21, 0]
  - Vehicle: AUV | RC: -41.89 | Cost: 2171.26 | Route: [0, 17, 38, 13, 32, 18, 21, 0]
  - Vehicle: AUV | RC: -32.08 | Cost: 2127.42 | Route: [0, 7, 18, 21, 38, 13, 10, 0]
  - Vehicle: AUV | RC: -32.08 | Cost: 2128.38 | Route: [0, 16, 18, 21, 38, 13, 10, 0]
  - Vehicle: AUV | RC: -28.50 | Cost: 2154.34 | Route: [0, 22, 21, 18, 38, 13, 32, 2, 0]
  - Vehicle: AUV | RC: -23.04 | Cost: 2165.60 | Route: [0, 12, 18, 21, 38, 13, 32, 0]

[Iteration 15] RMP Objective: 9040.58
[Iteration 15] POMO generated 56 negative RC columns.
[Iteration 15] Adding Columns:
  - Vehicle: AUV | RC: -690.11 | Cost: 2011.71 | Route: [0, 21, 18, 23, 30, 11, 10, 17, 29, 0]
  - Vehicle: AUV | RC: -635.32 | Cost: 1884.52 | Route: [0, 34, 18, 21, 23, 30, 11, 10, 4, 0]
  - Vehicle: AUV | RC: -563.94 | Cost: 1864.96 | Route: [0, 18, 21, 23, 30, 11, 10, 17, 0]
  - Vehicle: AUV | RC: -543.72 | Cost: 1851.31 | Route: [0, 16, 18, 21, 23, 30, 10, 17, 0]
  - Vehicle: AUV | RC: -515.79 | Cost: 1910.72 | Route: [0, 15, 18, 21, 23, 30, 11, 10, 0]
  - Vehicle: AUV | RC: -514.45 | Cost: 1876.45 | Route: [0, 8, 18, 21, 23, 30, 11, 10, 0]
  - Vehicle: AUV | RC: -492.39 | Cost: 1850.55 | Route: [0, 7, 18, 21, 23, 30, 11, 10, 0]
  - Vehicle: AUV | RC: -489.64 | Cost: 1939.26 | Route: [0, 23, 18, 21, 30, 11, 10, 17, 0]
  - Vehicle: AUV | RC: -455.58 | Cost: 1948.81 | Route: [0, 12, 18, 21, 23, 30, 11, 10, 0]
  - Vehicle: AUV | RC: -455.20 | Cost: 1910.54 | Route: [0, 6, 18, 21, 23, 30, 10, 17, 0]
  - Vehicle: AUV | RC: -415.31 | Cost: 1989.07 | Route: [0, 39, 18, 21, 23, 30, 11, 10, 0]
  - Vehicle: AUV | RC: -406.79 | Cost: 1945.42 | Route: [0, 26, 18, 21, 23, 30, 10, 17, 0]
  - Vehicle: AUV | RC: -374.81 | Cost: 2041.91 | Route: [0, 2, 10, 17, 30, 18, 21, 23, 0]
  - Vehicle: AUV | RC: -361.48 | Cost: 2029.42 | Route: [0, 27, 10, 17, 30, 18, 21, 23, 0]
  - Vehicle: AUV | RC: -356.91 | Cost: 2028.26 | Route: [0, 19, 10, 17, 30, 18, 21, 23, 0]
  - Vehicle: AUV | RC: -327.43 | Cost: 2101.47 | Route: [0, 11, 18, 21, 23, 30, 10, 17, 0]
  - Vehicle: AUV | RC: -327.39 | Cost: 2101.51 | Route: [0, 30, 18, 21, 23, 11, 10, 17, 0]
  - Vehicle: AUV | RC: -323.95 | Cost: 2066.42 | Route: [0, 32, 10, 17, 30, 18, 21, 23, 0]
  - Vehicle: AUV | RC: -311.06 | Cost: 2117.84 | Route: [0, 10, 30, 18, 21, 23, 11, 17, 0]
  - Vehicle: AUV | RC: -309.29 | Cost: 1988.71 | Route: [0, 40, 18, 21, 23, 30, 10, 17, 0]
  - Vehicle: AUV | RC: -302.29 | Cost: 2126.60 | Route: [0, 17, 10, 30, 18, 21, 23, 11, 0]
  - Vehicle: AUV | RC: -298.12 | Cost: 1917.14 | Route: [0, 20, 18, 21, 23, 30, 10, 17, 0]
  - Vehicle: AUV | RC: -291.59 | Cost: 2081.17 | Route: [0, 4, 18, 21, 23, 30, 10, 17, 0]
  - Vehicle: AUV | RC: -265.40 | Cost: 2062.62 | Route: [0, 24, 10, 17, 30, 18, 21, 23, 0]
  - Vehicle: AUV | RC: -246.93 | Cost: 2089.74 | Route: [0, 37, 10, 17, 30, 18, 21, 23, 0]
  - Vehicle: AUV | RC: -244.10 | Cost: 2125.12 | Route: [0, 28, 18, 21, 23, 30, 10, 17, 0]
  - Vehicle: AUV | RC: -240.56 | Cost: 2022.73 | Route: [0, 1, 10, 17, 30, 18, 21, 34, 0]
  - Vehicle: AUV | RC: -235.90 | Cost: 2071.91 | Route: [0, 33, 10, 17, 30, 18, 21, 23, 0]
  - Vehicle: 4w | RC: -231.75 | Cost: 2251.17 | Route: [0, 8, 18, 21, 12, 30, 10, 17, 0]
  - Vehicle: AUV | RC: -222.74 | Cost: 1947.33 | Route: [0, 25, 18, 21, 23, 30, 11, 10, 0]
  - Vehicle: 4w | RC: -216.14 | Cost: 2302.40 | Route: [0, 18, 21, 12, 30, 10, 17, 15, 0]
  - Vehicle: 4w | RC: -214.97 | Cost: 2220.01 | Route: [0, 7, 18, 21, 12, 30, 10, 17, 0]
  - Vehicle: 4w | RC: -214.77 | Cost: 2221.16 | Route: [0, 16, 18, 21, 12, 30, 10, 17, 0]
  - Vehicle: AUV | RC: -206.49 | Cost: 2092.33 | Route: [0, 31, 30, 18, 21, 23, 11, 10, 0]
  - Vehicle: 4w | RC: -204.03 | Cost: 2411.40 | Route: [0, 21, 18, 12, 30, 10, 17, 15, 20, 0]
  - Vehicle: AUV | RC: -200.32 | Cost: 2039.91 | Route: [0, 5, 10, 17, 30, 18, 21, 23, 0]
  - Vehicle: AUV | RC: -182.01 | Cost: 2158.16 | Route: [0, 29, 10, 30, 18, 21, 23, 11, 0]
  - Vehicle: AUV | RC: -145.99 | Cost: 2043.53 | Route: [0, 3, 10, 17, 30, 18, 21, 23, 0]
  - Vehicle: 4w | RC: -142.69 | Cost: 2375.85 | Route: [0, 17, 10, 30, 18, 21, 12, 15, 0]
  - Vehicle: 4w | RC: -129.10 | Cost: 2389.44 | Route: [0, 30, 10, 17, 15, 18, 21, 12, 0]
  - Vehicle: 4w | RC: -126.03 | Cost: 2392.51 | Route: [0, 12, 21, 18, 30, 10, 17, 15, 0]
  - Vehicle: AUV | RC: -122.43 | Cost: 1944.82 | Route: [0, 14, 18, 21, 23, 30, 11, 10, 0]
  - Vehicle: AUV | RC: -115.42 | Cost: 1951.83 | Route: [0, 22, 21, 18, 23, 30, 11, 10, 0]
  - Vehicle: 4w | RC: -109.97 | Cost: 2386.45 | Route: [0, 39, 18, 21, 12, 30, 10, 17, 0]
  - Vehicle: AUV | RC: -105.03 | Cost: 2226.72 | Route: [0, 38, 10, 17, 30, 18, 21, 23, 0]
  - Vehicle: 4w | RC: -103.22 | Cost: 2300.05 | Route: [0, 34, 18, 21, 12, 10, 17, 15, 0]
  - Vehicle: 4w | RC: -102.26 | Cost: 2369.58 | Route: [0, 19, 10, 17, 15, 18, 21, 12, 0]
  - Vehicle: 4w | RC: -99.77 | Cost: 2355.75 | Route: [0, 23, 21, 18, 12, 30, 10, 17, 0]
  - Vehicle: 4w | RC: -79.80 | Cost: 2372.60 | Route: [0, 6, 18, 21, 12, 10, 17, 15, 0]
  - Vehicle: 4w | RC: -78.09 | Cost: 2440.45 | Route: [0, 15, 10, 17, 30, 18, 21, 12, 0]
  - Vehicle: 4w | RC: -77.67 | Cost: 2440.87 | Route: [0, 10, 17, 30, 18, 21, 12, 15, 0]
  - Vehicle: 4w | RC: -61.10 | Cost: 2386.88 | Route: [0, 1, 10, 17, 15, 18, 21, 12, 0]
  - Vehicle: AUV | RC: -20.81 | Cost: 2046.43 | Route: [0, 35, 18, 21, 23, 30, 11, 10, 0]
  - Vehicle: 4w | RC: -7.45 | Cost: 2450.17 | Route: [0, 2, 10, 17, 30, 18, 21, 12, 0]
  - Vehicle: 4w | RC: -3.91 | Cost: 2410.78 | Route: [0, 24, 10, 17, 15, 18, 21, 12, 0]
  - Vehicle: 4w | RC: -1.00 | Cost: 2468.80 | Route: [0, 11, 10, 17, 30, 18, 21, 12, 0]

[Iteration 16] RMP Objective: 9003.42
[Iteration 16] POMO generated 73 negative RC columns.
[Iteration 16] Adding Columns:
  - Vehicle: AUV | RC: -696.80 | Cost: 1935.72 | Route: [0, 1, 10, 13, 19, 18, 8, 15, 0]
  - Vehicle: AUV | RC: -676.52 | Cost: 1950.51 | Route: [0, 2, 13, 19, 10, 8, 18, 15, 0]
  - Vehicle: AUV | RC: -663.13 | Cost: 1960.72 | Route: [0, 16, 18, 13, 19, 10, 8, 15, 0]
  - Vehicle: AUV | RC: -640.79 | Cost: 1939.52 | Route: [0, 32, 13, 19, 10, 8, 18, 15, 0]
  - Vehicle: AUV | RC: -605.23 | Cost: 2023.74 | Route: [0, 15, 13, 19, 10, 8, 18, 12, 0]
  - Vehicle: AUV | RC: -594.23 | Cost: 2034.74 | Route: [0, 8, 13, 19, 10, 15, 18, 12, 0]
  - Vehicle: AUV | RC: -586.14 | Cost: 1983.28 | Route: [0, 27, 13, 19, 10, 8, 18, 15, 0]
  - Vehicle: AUV | RC: -570.94 | Cost: 2058.02 | Route: [0, 12, 18, 13, 19, 10, 8, 15, 0]
  - Vehicle: AUV | RC: -560.68 | Cost: 2066.35 | Route: [0, 10, 13, 19, 18, 8, 15, 2, 0]
  - Vehicle: AUV | RC: -559.44 | Cost: 1969.99 | Route: [0, 38, 13, 19, 10, 8, 18, 15, 0]
  - Vehicle: AUV | RC: -559.20 | Cost: 1999.95 | Route: [0, 28, 13, 19, 10, 8, 18, 15, 0]
  - Vehicle: AUV | RC: -559.01 | Cost: 1939.51 | Route: [0, 17, 10, 13, 19, 18, 8, 15, 0]
  - Vehicle: AUV | RC: -551.82 | Cost: 2075.21 | Route: [0, 19, 13, 10, 8, 18, 15, 2, 0]
  - Vehicle: AUV | RC: -545.99 | Cost: 1978.76 | Route: [0, 31, 13, 19, 10, 8, 18, 15, 0]
  - Vehicle: AUV | RC: -537.49 | Cost: 1959.76 | Route: [0, 7, 18, 13, 19, 10, 8, 15, 0]
  - Vehicle: AUV | RC: -528.92 | Cost: 1950.52 | Route: [0, 5, 13, 19, 10, 8, 18, 15, 0]
  - Vehicle: AUV | RC: -517.25 | Cost: 2109.78 | Route: [0, 18, 13, 19, 10, 8, 15, 2, 0]
  - Vehicle: AUV | RC: -509.77 | Cost: 2117.26 | Route: [0, 13, 19, 10, 8, 18, 15, 2, 0]
  - Vehicle: AUV | RC: -505.89 | Cost: 2018.29 | Route: [0, 4, 13, 19, 10, 8, 18, 15, 0]
  - Vehicle: AUV | RC: -505.36 | Cost: 1984.06 | Route: [0, 20, 13, 19, 10, 8, 18, 15, 0]
  - Vehicle: AUV | RC: -498.56 | Cost: 1984.26 | Route: [0, 6, 13, 19, 10, 8, 18, 15, 0]
  - Vehicle: AUV | RC: -495.15 | Cost: 1945.32 | Route: [0, 37, 13, 19, 10, 8, 18, 15, 0]
  - Vehicle: AUV | RC: -494.35 | Cost: 1959.71 | Route: [0, 34, 18, 13, 19, 10, 8, 15, 0]
  - Vehicle: AUV | RC: -486.28 | Cost: 2006.43 | Route: [0, 30, 13, 19, 10, 8, 18, 15, 0]
  - Vehicle: AUV | RC: -475.61 | Cost: 2054.83 | Route: [0, 26, 18, 13, 19, 10, 8, 15, 0]
  - Vehicle: AUV | RC: -467.89 | Cost: 1954.17 | Route: [0, 3, 13, 19, 10, 8, 18, 15, 0]
  - Vehicle: AUV | RC: -461.79 | Cost: 2024.21 | Route: [0, 24, 13, 19, 10, 8, 18, 15, 0]
  - Vehicle: AUV | RC: -460.75 | Cost: 2002.88 | Route: [0, 11, 13, 19, 10, 8, 18, 15, 0]
  - Vehicle: AUV | RC: -455.03 | Cost: 1972.45 | Route: [0, 35, 13, 19, 10, 8, 18, 15, 0]
  - Vehicle: AUV | RC: -418.91 | Cost: 2056.54 | Route: [0, 25, 18, 13, 19, 10, 8, 15, 0]
  - Vehicle: AUV | RC: -397.44 | Cost: 2033.50 | Route: [0, 33, 13, 19, 10, 8, 18, 15, 0]
  - Vehicle: AUV | RC: -375.63 | Cost: 2057.73 | Route: [0, 23, 18, 13, 19, 10, 8, 15, 0]
  - Vehicle: AUV | RC: -365.16 | Cost: 1976.73 | Route: [0, 36, 13, 19, 10, 8, 18, 15, 0]
  - Vehicle: 4w | RC: -335.93 | Cost: 2296.59 | Route: [0, 1, 10, 13, 19, 15, 18, 8, 0]
  - Vehicle: 4w | RC: -324.15 | Cost: 2284.10 | Route: [0, 37, 13, 19, 10, 15, 8, 18, 34, 0]
  - Vehicle: 4w | RC: -314.32 | Cost: 2312.71 | Route: [0, 2, 13, 19, 10, 15, 18, 8, 0]
  - Vehicle: 4w | RC: -286.04 | Cost: 2337.81 | Route: [0, 16, 18, 8, 13, 19, 10, 15, 0]
  - Vehicle: 4w | RC: -280.83 | Cost: 2299.48 | Route: [0, 32, 13, 19, 10, 15, 18, 8, 0]
  - Vehicle: 4w | RC: -278.21 | Cost: 2348.83 | Route: [0, 8, 18, 15, 13, 19, 10, 2, 0]
  - Vehicle: 4w | RC: -234.57 | Cost: 2295.86 | Route: [0, 26, 19, 13, 10, 15, 18, 8, 0]
  - Vehicle: AUV | RC: -232.25 | Cost: 2054.03 | Route: [0, 14, 18, 13, 19, 10, 8, 15, 0]
  - Vehicle: AUV | RC: -230.23 | Cost: 2056.05 | Route: [0, 22, 18, 13, 19, 10, 8, 15, 0]
  - Vehicle: 4w | RC: -229.14 | Cost: 2340.28 | Route: [0, 27, 19, 13, 10, 15, 18, 8, 0]
  - Vehicle: 4w | RC: -224.64 | Cost: 2273.88 | Route: [0, 17, 10, 13, 19, 15, 8, 18, 0]
  - Vehicle: AUV | RC: -214.33 | Cost: 2049.83 | Route: [0, 39, 18, 13, 19, 10, 8, 0]
  - Vehicle: 4w | RC: -194.71 | Cost: 2294.72 | Route: [0, 20, 19, 13, 10, 15, 18, 8, 0]
  - Vehicle: 4w | RC: -193.73 | Cost: 2285.71 | Route: [0, 5, 13, 19, 10, 15, 8, 18, 0]
  - Vehicle: 4w | RC: -193.51 | Cost: 2335.92 | Route: [0, 38, 13, 19, 10, 15, 18, 8, 0]
  - Vehicle: 4w | RC: -187.87 | Cost: 2294.96 | Route: [0, 6, 19, 13, 10, 15, 18, 8, 0]
  - Vehicle: 4w | RC: -187.12 | Cost: 2372.04 | Route: [0, 28, 13, 19, 10, 15, 18, 8, 0]
  - Vehicle: 4w | RC: -185.63 | Cost: 2443.34 | Route: [0, 15, 13, 19, 10, 8, 18, 12, 0]
  - Vehicle: 4w | RC: -178.06 | Cost: 2346.69 | Route: [0, 31, 13, 19, 10, 15, 18, 8, 0]
  - Vehicle: 4w | RC: -176.02 | Cost: 2278.04 | Route: [0, 34, 18, 8, 19, 13, 10, 15, 0]
  - Vehicle: 4w | RC: -174.28 | Cost: 2454.69 | Route: [0, 12, 18, 8, 13, 19, 10, 15, 0]
  - Vehicle: 4w | RC: -151.30 | Cost: 2503.09 | Route: [0, 39, 18, 8, 13, 19, 10, 15, 0]
  - Vehicle: 4w | RC: -149.31 | Cost: 2314.32 | Route: [0, 11, 10, 13, 19, 15, 18, 8, 0]
  - Vehicle: 4w | RC: -131.97 | Cost: 2290.09 | Route: [0, 3, 13, 19, 10, 15, 8, 18, 0]
  - Vehicle: 4w | RC: -130.05 | Cost: 2394.12 | Route: [0, 4, 13, 19, 10, 15, 18, 8, 0]
  - Vehicle: 4w | RC: -124.56 | Cost: 2372.69 | Route: [0, 7, 19, 13, 10, 15, 18, 8, 0]
  - Vehicle: 4w | RC: -118.12 | Cost: 2508.91 | Route: [0, 10, 13, 19, 15, 18, 8, 2, 0]
  - Vehicle: 4w | RC: -110.21 | Cost: 2516.82 | Route: [0, 18, 8, 13, 19, 10, 15, 2, 0]
  - Vehicle: 4w | RC: -108.78 | Cost: 2518.25 | Route: [0, 19, 13, 10, 15, 18, 8, 2, 0]
  - Vehicle: AUV | RC: -92.58 | Cost: 2049.66 | Route: [0, 40, 18, 13, 19, 10, 8, 0]
  - Vehicle: 4w | RC: -88.42 | Cost: 2339.05 | Route: [0, 35, 13, 19, 10, 15, 18, 8, 0]
  - Vehicle: 4w | RC: -88.00 | Cost: 2444.47 | Route: [0, 40, 18, 8, 19, 13, 10, 15, 0]
  - Vehicle: 4w | RC: -83.29 | Cost: 2409.42 | Route: [0, 30, 19, 13, 10, 15, 18, 8, 0]
  - Vehicle: 4w | RC: -80.97 | Cost: 2394.48 | Route: [0, 25, 18, 8, 19, 13, 10, 15, 0]
  - Vehicle: 6w | RC: -79.22 | Cost: 2552.30 | Route: [0, 22, 18, 39, 8, 15, 19, 10, 2, 0]
  - Vehicle: 4w | RC: -58.57 | Cost: 2568.47 | Route: [0, 13, 19, 10, 15, 18, 8, 2, 0]
  - Vehicle: 4w | RC: -55.24 | Cost: 2430.76 | Route: [0, 24, 19, 13, 10, 15, 18, 8, 0]
  - Vehicle: 4w | RC: -37.46 | Cost: 2395.90 | Route: [0, 23, 18, 8, 19, 13, 10, 15, 0]
  - Vehicle: 6w | RC: -35.29 | Cost: 2862.26 | Route: [0, 18, 39, 8, 15, 19, 10, 13, 38, 0]
  - Vehicle: 6w | RC: -13.91 | Cost: 2678.04 | Route: [0, 4, 10, 13, 19, 15, 8, 18, 34, 0]

[Iteration 17] RMP Objective: 8964.57
[Iteration 17] POMO generated 73 negative RC columns.
[Iteration 17] Adding Columns:
  - Vehicle: AUV | RC: -879.32 | Cost: 1756.21 | Route: [0, 10, 28, 38, 35, 27, 26, 12, 39, 0]
  - Vehicle: AUV | RC: -851.38 | Cost: 1756.72 | Route: [0, 17, 28, 38, 35, 27, 26, 12, 39, 0]
  - Vehicle: AUV | RC: -839.17 | Cost: 1738.75 | Route: [0, 19, 28, 38, 35, 27, 26, 12, 39, 0]
  - Vehicle: AUV | RC: -830.40 | Cost: 1734.60 | Route: [0, 3, 28, 38, 35, 27, 26, 12, 39, 0]
  - Vehicle: AUV | RC: -820.27 | Cost: 1781.34 | Route: [0, 12, 28, 38, 35, 27, 26, 7, 16, 0]
  - Vehicle: AUV | RC: -795.89 | Cost: 1805.72 | Route: [0, 28, 38, 35, 27, 26, 12, 7, 16, 0]
  - Vehicle: AUV | RC: -793.22 | Cost: 1744.25 | Route: [0, 6, 28, 38, 35, 27, 26, 12, 39, 0]
  - Vehicle: AUV | RC: -783.28 | Cost: 1738.75 | Route: [0, 31, 28, 38, 35, 27, 26, 12, 39, 0]
  - Vehicle: AUV | RC: -752.96 | Cost: 1801.49 | Route: [0, 2, 28, 38, 35, 27, 26, 12, 7, 0]
  - Vehicle: AUV | RC: -751.06 | Cost: 1802.28 | Route: [0, 32, 28, 38, 35, 27, 26, 12, 7, 0]
  - Vehicle: AUV | RC: -736.64 | Cost: 1826.17 | Route: [0, 24, 28, 38, 35, 27, 26, 12, 7, 0]
  - Vehicle: AUV | RC: -712.00 | Cost: 1809.64 | Route: [0, 11, 28, 38, 35, 27, 26, 12, 7, 0]
  - Vehicle: AUV | RC: -710.60 | Cost: 1820.25 | Route: [0, 4, 28, 38, 35, 27, 26, 12, 7, 0]
  - Vehicle: AUV | RC: -694.54 | Cost: 1820.01 | Route: [0, 39, 28, 38, 35, 27, 26, 12, 23, 0]
  - Vehicle: AUV | RC: -692.68 | Cost: 1835.46 | Route: [0, 33, 28, 38, 35, 27, 26, 12, 7, 0]
  - Vehicle: AUV | RC: -687.25 | Cost: 1827.29 | Route: [0, 23, 28, 38, 35, 27, 26, 12, 39, 0]
  - Vehicle: AUV | RC: -660.91 | Cost: 1915.25 | Route: [0, 36, 38, 28, 35, 27, 26, 12, 7, 0]
  - Vehicle: AUV | RC: -642.03 | Cost: 1813.44 | Route: [0, 25, 28, 38, 35, 27, 26, 12, 39, 0]
  - Vehicle: AUV | RC: -600.37 | Cost: 1764.21 | Route: [0, 5, 38, 28, 35, 27, 12, 26, 8, 0]
  - Vehicle: AUV | RC: -587.75 | Cost: 1969.08 | Route: [0, 38, 28, 35, 27, 26, 12, 7, 18, 0]
  - Vehicle: AUV | RC: -544.55 | Cost: 1750.27 | Route: [0, 20, 28, 38, 35, 12, 26, 7, 16, 0]
  - Vehicle: AUV | RC: -540.07 | Cost: 1782.86 | Route: [0, 37, 28, 38, 35, 27, 12, 26, 8, 0]
  - Vehicle: AUV | RC: -535.44 | Cost: 1767.99 | Route: [0, 29, 28, 38, 35, 12, 26, 7, 8, 0]
  - Vehicle: AUV | RC: -515.07 | Cost: 1788.36 | Route: [0, 9, 28, 38, 35, 12, 26, 7, 8, 0]
  - Vehicle: AUV | RC: -513.11 | Cost: 1759.56 | Route: [0, 27, 38, 28, 35, 12, 26, 7, 0]
  - Vehicle: AUV | RC: -507.33 | Cost: 1784.43 | Route: [0, 8, 28, 38, 35, 27, 12, 26, 0]
  - Vehicle: AUV | RC: -476.66 | Cost: 1796.01 | Route: [0, 22, 12, 28, 38, 35, 27, 26, 7, 0]
  - Vehicle: AUV | RC: -473.63 | Cost: 1799.03 | Route: [0, 7, 28, 38, 35, 12, 26, 27, 0]
  - Vehicle: AUV | RC: -463.50 | Cost: 1809.16 | Route: [0, 26, 28, 38, 35, 27, 12, 7, 0]
  - Vehicle: AUV | RC: -461.85 | Cost: 1772.41 | Route: [0, 15, 28, 38, 35, 27, 12, 26, 0]
  - Vehicle: AUV | RC: -455.99 | Cost: 1914.89 | Route: [0, 13, 38, 28, 35, 27, 26, 12, 7, 0]
  - Vehicle: AUV | RC: -437.01 | Cost: 1836.61 | Route: [0, 16, 28, 38, 35, 27, 12, 26, 0]
  - Vehicle: AUV | RC: -431.40 | Cost: 1841.27 | Route: [0, 35, 28, 38, 27, 26, 12, 7, 0]
  - Vehicle: AUV | RC: -402.38 | Cost: 1705.10 | Route: [0, 1, 27, 38, 28, 35, 12, 26, 0]
  - Vehicle: AUV | RC: -382.11 | Cost: 1897.83 | Route: [0, 30, 28, 38, 35, 12, 26, 7, 18, 0]
  - Vehicle: AUV | RC: -357.31 | Cost: 1871.53 | Route: [0, 18, 12, 28, 38, 35, 27, 26, 0]
  - Vehicle: AUV | RC: -278.69 | Cost: 1772.41 | Route: [0, 14, 28, 38, 35, 27, 12, 26, 0]
  - Vehicle: 6w | RC: -275.49 | Cost: 2461.03 | Route: [0, 10, 28, 38, 12, 39, 8, 7, 16, 0]
  - Vehicle: 6w | RC: -275.34 | Cost: 2461.18 | Route: [0, 28, 38, 10, 12, 39, 8, 7, 16, 0]
  - Vehicle: 6w | RC: -251.82 | Cost: 2472.06 | Route: [0, 27, 28, 38, 10, 12, 39, 8, 7, 0]
  - Vehicle: AUV | RC: -249.33 | Cost: 1825.07 | Route: [0, 40, 28, 38, 35, 27, 12, 26, 0]
  - Vehicle: 6w | RC: -245.11 | Cost: 2440.37 | Route: [0, 15, 12, 39, 8, 28, 38, 10, 27, 0]
  - Vehicle: 6w | RC: -233.77 | Cost: 2455.58 | Route: [0, 2, 28, 38, 10, 12, 39, 8, 7, 0]
  - Vehicle: 6w | RC: -231.60 | Cost: 2456.64 | Route: [0, 32, 28, 38, 10, 12, 39, 8, 7, 0]
  - Vehicle: 6w | RC: -219.98 | Cost: 2495.33 | Route: [0, 17, 28, 38, 10, 12, 39, 8, 7, 0]
  - Vehicle: 6w | RC: -215.11 | Cost: 2470.02 | Route: [0, 19, 28, 38, 10, 12, 39, 8, 7, 0]
  - Vehicle: 6w | RC: -213.10 | Cost: 2492.73 | Route: [0, 35, 28, 38, 10, 12, 39, 8, 7, 0]
  - Vehicle: 6w | RC: -208.10 | Cost: 2464.10 | Route: [0, 3, 28, 38, 10, 12, 39, 8, 7, 0]
  - Vehicle: 6w | RC: -207.69 | Cost: 2490.02 | Route: [0, 24, 28, 38, 10, 12, 39, 8, 7, 0]
  - Vehicle: 6w | RC: -194.98 | Cost: 2489.37 | Route: [0, 26, 12, 39, 8, 28, 38, 10, 27, 0]
  - Vehicle: 6w | RC: -194.35 | Cost: 2511.48 | Route: [0, 7, 12, 39, 8, 28, 38, 10, 35, 0]
  - Vehicle: 6w | RC: -189.76 | Cost: 2466.78 | Route: [0, 11, 28, 38, 10, 12, 39, 8, 7, 0]
  - Vehicle: 6w | RC: -189.54 | Cost: 2526.73 | Route: [0, 16, 12, 39, 8, 28, 38, 10, 17, 0]
  - Vehicle: 6w | RC: -185.44 | Cost: 2518.19 | Route: [0, 8, 12, 39, 28, 38, 10, 27, 17, 0]
  - Vehicle: 6w | RC: -183.97 | Cost: 2481.78 | Route: [0, 4, 28, 38, 10, 12, 39, 8, 7, 0]
  - Vehicle: 6w | RC: -179.01 | Cost: 2525.83 | Route: [0, 36, 38, 28, 12, 39, 8, 7, 16, 0]
  - Vehicle: 6w | RC: -168.92 | Cost: 2441.16 | Route: [0, 23, 12, 39, 8, 28, 38, 10, 27, 0]
  - Vehicle: 6w | RC: -166.61 | Cost: 2478.07 | Route: [0, 6, 28, 38, 10, 12, 39, 8, 7, 0]
  - Vehicle: 6w | RC: -159.97 | Cost: 2503.08 | Route: [0, 33, 28, 38, 10, 12, 39, 8, 7, 0]
  - Vehicle: AUV | RC: -159.64 | Cost: 2126.73 | Route: [0, 21, 12, 28, 38, 35, 27, 26, 0]
  - Vehicle: 6w | RC: -159.22 | Cost: 2470.02 | Route: [0, 31, 28, 38, 10, 12, 39, 8, 7, 0]
  - Vehicle: 6w | RC: -157.23 | Cost: 2558.08 | Route: [0, 39, 12, 7, 8, 28, 38, 10, 17, 0]
  - Vehicle: AUV | RC: -135.70 | Cost: 1971.71 | Route: [0, 34, 28, 38, 35, 27, 12, 26, 0]
  - Vehicle: 6w | RC: -111.88 | Cost: 2591.76 | Route: [0, 12, 39, 8, 28, 38, 10, 27, 17, 0]
  - Vehicle: 6w | RC: -101.52 | Cost: 2424.10 | Route: [0, 40, 12, 39, 8, 28, 38, 10, 27, 0]
  - Vehicle: 4w | RC: -89.99 | Cost: 2280.60 | Route: [0, 39, 28, 38, 27, 12, 7, 16, 0]
  - Vehicle: 6w | RC: -68.10 | Cost: 2668.41 | Route: [0, 38, 28, 12, 39, 8, 7, 16, 10, 0]
  - Vehicle: 6w | RC: -36.07 | Cost: 2477.92 | Route: [0, 14, 28, 38, 10, 12, 39, 8, 7, 0]
  - Vehicle: 6w | RC: -24.78 | Cost: 2455.61 | Route: [0, 5, 28, 38, 10, 12, 39, 8, 7, 0]
  - Vehicle: 6w | RC: -8.83 | Cost: 2653.16 | Route: [0, 18, 12, 39, 8, 28, 38, 10, 35, 0]
  - Vehicle: 4w | RC: -8.12 | Cost: 2305.05 | Route: [0, 16, 12, 28, 38, 27, 35, 7, 0]
  - Vehicle: 4w | RC: -3.55 | Cost: 2336.34 | Route: [0, 7, 12, 28, 38, 27, 35, 39, 0]
  - Vehicle: 4w | RC: -3.51 | Cost: 2385.21 | Route: [0, 8, 28, 38, 27, 12, 7, 39, 0]

[Iteration 18] RMP Objective: 8895.11
[Iteration 18] POMO generated 45 negative RC columns.
[Iteration 18] Adding Columns:
  - Vehicle: AUV | RC: -405.68 | Cost: 1969.72 | Route: [0, 18, 7, 24, 36, 3, 33, 39, 0]
  - Vehicle: AUV | RC: -383.15 | Cost: 1966.55 | Route: [0, 25, 7, 24, 36, 3, 33, 39, 0]
  - Vehicle: AUV | RC: -350.21 | Cost: 2010.64 | Route: [0, 15, 36, 24, 3, 33, 7, 18, 0]
  - Vehicle: AUV | RC: -337.31 | Cost: 1974.13 | Route: [0, 8, 24, 36, 3, 33, 7, 18, 0]
  - Vehicle: AUV | RC: -326.43 | Cost: 1956.64 | Route: [0, 19, 24, 36, 3, 33, 7, 18, 0]
  - Vehicle: AUV | RC: -318.54 | Cost: 2026.32 | Route: [0, 16, 24, 36, 3, 33, 7, 18, 0]
  - Vehicle: AUV | RC: -317.13 | Cost: 2027.73 | Route: [0, 7, 24, 36, 3, 33, 18, 16, 0]
  - Vehicle: AUV | RC: -301.42 | Cost: 1970.29 | Route: [0, 2, 24, 36, 3, 33, 7, 18, 0]
  - Vehicle: AUV | RC: -294.81 | Cost: 2030.29 | Route: [0, 10, 36, 24, 3, 33, 7, 18, 0]
  - Vehicle: AUV | RC: -294.81 | Cost: 2024.07 | Route: [0, 17, 36, 24, 3, 33, 7, 18, 0]
  - Vehicle: AUV | RC: -294.81 | Cost: 2011.44 | Route: [0, 27, 36, 24, 3, 33, 7, 18, 0]
  - Vehicle: AUV | RC: -279.05 | Cost: 1972.63 | Route: [0, 29, 36, 24, 3, 33, 7, 18, 0]
  - Vehicle: AUV | RC: -274.90 | Cost: 1965.91 | Route: [0, 32, 36, 24, 3, 33, 7, 18, 0]
  - Vehicle: 4w | RC: -274.58 | Cost: 2188.65 | Route: [0, 15, 24, 36, 3, 39, 7, 16, 0]
  - Vehicle: AUV | RC: -270.02 | Cost: 2105.39 | Route: [0, 39, 36, 24, 3, 33, 7, 18, 0]
  - Vehicle: AUV | RC: -260.35 | Cost: 2012.13 | Route: [0, 12, 24, 36, 3, 33, 7, 18, 0]
  - Vehicle: AUV | RC: -231.10 | Cost: 1962.12 | Route: [0, 14, 24, 36, 3, 33, 7, 18, 0]
  - Vehicle: AUV | RC: -230.00 | Cost: 2026.35 | Route: [0, 28, 36, 24, 3, 33, 7, 18, 0]
  - Vehicle: AUV | RC: -228.99 | Cost: 2044.69 | Route: [0, 4, 36, 24, 3, 33, 7, 18, 0]
  - Vehicle: AUV | RC: -222.78 | Cost: 2010.66 | Route: [0, 6, 36, 24, 3, 33, 7, 18, 0]
  - Vehicle: AUV | RC: -217.98 | Cost: 2010.65 | Route: [0, 13, 36, 24, 3, 33, 7, 18, 34, 0]
  - Vehicle: AUV | RC: -217.18 | Cost: 2005.16 | Route: [0, 31, 36, 24, 3, 33, 7, 18, 0]
  - Vehicle: 4w | RC: -210.72 | Cost: 2203.11 | Route: [0, 8, 24, 36, 3, 39, 7, 16, 0]
  - Vehicle: AUV | RC: -205.81 | Cost: 2029.28 | Route: [0, 11, 36, 24, 3, 33, 7, 18, 0]
  - Vehicle: AUV | RC: -197.29 | Cost: 2011.44 | Route: [0, 26, 36, 24, 3, 33, 7, 18, 0]
  - Vehicle: AUV | RC: -176.36 | Cost: 2032.83 | Route: [0, 30, 36, 24, 3, 33, 7, 18, 0]
  - Vehicle: AUV | RC: -158.60 | Cost: 2024.54 | Route: [0, 1, 36, 24, 3, 33, 7, 18, 0]
  - Vehicle: AUV | RC: -154.02 | Cost: 1976.92 | Route: [0, 5, 36, 24, 3, 33, 7, 18, 0]
  - Vehicle: 4w | RC: -150.11 | Cost: 2193.09 | Route: [0, 32, 36, 24, 3, 39, 7, 16, 0]
  - Vehicle: 4w | RC: -147.16 | Cost: 2188.67 | Route: [0, 6, 24, 36, 3, 39, 7, 16, 0]
  - Vehicle: AUV | RC: -140.46 | Cost: 2025.43 | Route: [0, 22, 24, 36, 3, 33, 7, 18, 0]
  - Vehicle: AUV | RC: -132.93 | Cost: 2224.73 | Route: [0, 3, 36, 24, 33, 7, 18, 21, 0]
  - Vehicle: 4w | RC: -123.78 | Cost: 2219.09 | Route: [0, 1, 36, 24, 39, 7, 16, 15, 0]
  - Vehicle: AUV | RC: -116.67 | Cost: 2316.74 | Route: [0, 21, 7, 24, 36, 3, 33, 39, 0]
  - Vehicle: AUV | RC: -96.02 | Cost: 1980.40 | Route: [0, 23, 7, 24, 36, 3, 33, 39, 0]
  - Vehicle: 6w | RC: -88.23 | Cost: 2555.95 | Route: [0, 29, 36, 24, 39, 7, 16, 15, 6, 0]
  - Vehicle: AUV | RC: -61.50 | Cost: 2296.16 | Route: [0, 24, 36, 3, 33, 7, 18, 21, 0]
  - Vehicle: AUV | RC: -46.69 | Cost: 2310.98 | Route: [0, 33, 36, 24, 3, 7, 18, 21, 0]
  - Vehicle: AUV | RC: -33.25 | Cost: 1971.71 | Route: [0, 37, 36, 24, 3, 33, 7, 18, 0]
  - Vehicle: AUV | RC: -27.78 | Cost: 1972.89 | Route: [0, 35, 24, 36, 3, 33, 7, 18, 0]
  - Vehicle: AUV | RC: -27.44 | Cost: 2161.42 | Route: [0, 34, 24, 36, 3, 33, 7, 18, 0]
  - Vehicle: AUV | RC: -20.22 | Cost: 1996.39 | Route: [0, 38, 36, 24, 3, 33, 7, 18, 0]
  - Vehicle: AUV | RC: -17.44 | Cost: 2340.23 | Route: [0, 36, 24, 3, 33, 7, 18, 21, 0]
  - Vehicle: 4w | RC: -3.63 | Cost: 2264.64 | Route: [0, 22, 24, 36, 3, 39, 7, 16, 0]
  - Vehicle: AUV | RC: -1.35 | Cost: 1999.32 | Route: [0, 9, 24, 36, 3, 33, 7, 18, 0]

[Iteration 19] RMP Objective: 8873.88
[Iteration 19] POMO generated 18 negative RC columns.
[Iteration 19] Adding Columns:
  - Vehicle: AUV | RC: -268.83 | Cost: 2006.94 | Route: [0, 15, 24, 28, 21, 25, 26, 31, 0]
  - Vehicle: AUV | RC: -268.24 | Cost: 2018.96 | Route: [0, 8, 24, 28, 21, 25, 26, 31, 0]
  - Vehicle: AUV | RC: -250.40 | Cost: 2018.92 | Route: [0, 10, 24, 28, 21, 25, 26, 31, 0]
  - Vehicle: AUV | RC: -250.40 | Cost: 2001.47 | Route: [0, 19, 24, 28, 21, 25, 26, 31, 0]
  - Vehicle: AUV | RC: -243.67 | Cost: 2019.43 | Route: [0, 17, 24, 28, 21, 25, 26, 31, 0]
  - Vehicle: AUV | RC: -219.16 | Cost: 2082.55 | Route: [0, 16, 21, 25, 24, 28, 36, 29, 0]
  - Vehicle: AUV | RC: -200.83 | Cost: 2015.12 | Route: [0, 2, 24, 28, 21, 25, 26, 31, 0]
  - Vehicle: AUV | RC: -186.60 | Cost: 2141.84 | Route: [0, 39, 21, 25, 24, 36, 28, 29, 0]
  - Vehicle: AUV | RC: -184.99 | Cost: 2025.23 | Route: [0, 33, 24, 28, 21, 25, 26, 31, 0]
  - Vehicle: AUV | RC: -169.36 | Cost: 2006.96 | Route: [0, 6, 24, 28, 21, 25, 26, 31, 0]
  - Vehicle: AUV | RC: -159.71 | Cost: 2006.94 | Route: [0, 14, 24, 28, 21, 25, 26, 31, 0]
  - Vehicle: AUV | RC: -116.11 | Cost: 2155.99 | Route: [0, 18, 21, 25, 24, 36, 28, 31, 0]
  - Vehicle: AUV | RC: -98.82 | Cost: 2090.41 | Route: [0, 12, 21, 25, 24, 28, 36, 29, 0]
  - Vehicle: AUV | RC: -78.16 | Cost: 2120.13 | Route: [0, 34, 21, 25, 24, 28, 36, 26, 0]
  - Vehicle: AUV | RC: -67.93 | Cost: 2246.50 | Route: [0, 36, 24, 28, 21, 25, 26, 15, 0]
  - Vehicle: AUV | RC: -67.37 | Cost: 2218.01 | Route: [0, 21, 25, 24, 36, 28, 26, 31, 0]
  - Vehicle: AUV | RC: -36.13 | Cost: 2140.98 | Route: [0, 40, 21, 25, 24, 36, 28, 29, 0]
  - Vehicle: AUV | RC: -1.67 | Cost: 2013.11 | Route: [0, 5, 24, 28, 21, 25, 26, 31, 0]

[Iteration 20] RMP Objective: 8866.05
[Iteration 20] POMO generated 2 negative RC columns.
[Iteration 20] Adding Columns:
  - Vehicle: AUV | RC: -119.98 | Cost: 2133.68 | Route: [0, 18, 21, 33, 4, 36, 31, 19, 0]
  - Vehicle: AUV | RC: -54.27 | Cost: 2135.21 | Route: [0, 34, 18, 21, 4, 36, 31, 19, 0]

[Iteration 21] RMP Objective: 8865.19
[Iteration 21] POMO generated 2 negative RC columns.
[Iteration 21] Adding Columns:
  - Vehicle: AUV | RC: -100.53 | Cost: 2245.68 | Route: [0, 21, 18, 14, 36, 24, 4, 15, 0]
  - Vehicle: AUV | RC: -33.04 | Cost: 2237.23 | Route: [0, 18, 21, 14, 36, 24, 4, 33, 0]

[Iteration 22] RMP Objective: 8863.83
[Iteration 22] POMO generated 3 negative RC columns.
[Iteration 22] Adding Columns:
  - Vehicle: AUV | RC: -79.72 | Cost: 2206.79 | Route: [0, 21, 14, 36, 28, 33, 24, 27, 0]
  - Vehicle: AUV | RC: -33.66 | Cost: 2221.22 | Route: [0, 18, 21, 14, 36, 24, 33, 28, 0]
  - Vehicle: AUV | RC: -20.31 | Cost: 2186.34 | Route: [0, 34, 21, 14, 36, 24, 33, 30, 0]

[Iteration 23] RMP Objective: 8863.27
[Iteration 23] POMO generated 22 negative RC columns.
[Iteration 23] Adding Columns:
  - Vehicle: AUV | RC: -482.04 | Cost: 1850.79 | Route: [0, 37, 33, 14, 4, 31, 27, 24, 30, 0]
  - Vehicle: AUV | RC: -452.23 | Cost: 1838.83 | Route: [0, 29, 33, 14, 4, 31, 27, 24, 30, 0]
  - Vehicle: AUV | RC: -306.03 | Cost: 1754.91 | Route: [0, 1, 15, 33, 14, 4, 27, 31, 0]
  - Vehicle: AUV | RC: -159.64 | Cost: 2111.39 | Route: [0, 16, 21, 18, 33, 14, 4, 24, 0]
  - Vehicle: AUV | RC: -137.41 | Cost: 2075.83 | Route: [0, 12, 18, 21, 33, 14, 4, 27, 0]
  - Vehicle: AUV | RC: -137.00 | Cost: 2092.02 | Route: [0, 18, 21, 33, 14, 4, 31, 24, 0]
  - Vehicle: AUV | RC: -136.09 | Cost: 2110.43 | Route: [0, 7, 21, 18, 33, 14, 4, 24, 0]
  - Vehicle: AUV | RC: -119.36 | Cost: 2100.60 | Route: [0, 4, 33, 14, 21, 18, 31, 27, 0]
  - Vehicle: AUV | RC: -118.26 | Cost: 2110.76 | Route: [0, 14, 33, 4, 21, 18, 31, 24, 0]
  - Vehicle: AUV | RC: -105.09 | Cost: 2144.72 | Route: [0, 17, 33, 14, 18, 21, 4, 24, 0]
  - Vehicle: AUV | RC: -89.77 | Cost: 2139.25 | Route: [0, 24, 33, 14, 21, 18, 4, 31, 0]
  - Vehicle: AUV | RC: -78.97 | Cost: 2150.04 | Route: [0, 31, 33, 14, 21, 18, 4, 24, 0]
  - Vehicle: AUV | RC: -66.27 | Cost: 2095.90 | Route: [0, 40, 21, 18, 33, 14, 4, 31, 0]
  - Vehicle: AUV | RC: -66.24 | Cost: 2113.63 | Route: [0, 19, 33, 14, 18, 21, 4, 31, 0]
  - Vehicle: AUV | RC: -58.14 | Cost: 2127.28 | Route: [0, 2, 33, 14, 18, 21, 4, 31, 0]
  - Vehicle: AUV | RC: -51.47 | Cost: 2169.99 | Route: [0, 32, 33, 14, 21, 18, 4, 30, 0]
  - Vehicle: AUV | RC: -47.81 | Cost: 2097.25 | Route: [0, 34, 21, 18, 33, 14, 4, 31, 0]
  - Vehicle: AUV | RC: -47.52 | Cost: 2153.14 | Route: [0, 30, 33, 14, 21, 18, 4, 31, 0]
  - Vehicle: AUV | RC: -37.66 | Cost: 2154.38 | Route: [0, 10, 33, 14, 21, 18, 4, 31, 0]
  - Vehicle: AUV | RC: -31.66 | Cost: 2197.36 | Route: [0, 21, 18, 33, 14, 4, 31, 24, 0]
  - Vehicle: AUV | RC: -26.12 | Cost: 2202.55 | Route: [0, 28, 33, 14, 21, 18, 4, 24, 0]
  - Vehicle: AUV | RC: -16.04 | Cost: 2104.64 | Route: [0, 25, 21, 18, 33, 14, 4, 31, 0]

[Iteration 24] RMP Objective: 8858.55
[Iteration 24] POMO generated 1 negative RC columns.
[Iteration 24] Adding Columns:
  - Vehicle: AUV | RC: -32.23 | Cost: 2275.77 | Route: [0, 21, 36, 24, 28, 4, 17, 19, 0]

[Iteration 25] RMP Objective: 8857.88
POMO failed 3 strikes → DP fallback (call 1 / 25).
DP solver hit label limit (100000) for AUV.
DP solver hit label limit (100000) for 4w.
DP solver hit label limit (100000) for 6w.
DP solver hit label limit (100000) for 10w.
DP solver hit label limit (100000) for 40ft.
[Iteration 25] POMO generated 0 negative RC columns.

============================================================
ROOT NODE INFERENCE COMPLETE
============================================================
Final Root Node LP Objective : 8857.8795
Total CG Iterations          : 25
Total Columns in Pool        : 1834
Total Execution Time         : 47.85 seconds
Results folder created        : D:\Uni Material\Code_Odyssey\Code\DQN\260407\results\2510_2023-01-16_260410_2259_cg
Markdown report saved         : 2510_2023-01-16_260410_2259_cg.md
