,Depot,70017458,70017459,70017496,70017505,70017526,70017539,70017600,70018354,70018486,70019315,70019322,70019375,70019381,70019384,70019391,70019392,70019410,70019425,70019426,70019459,70019475,70019476,70019480,70019482,70019513,70019527,70019549,70019554,70019564,70020103,70029285,70030492,70030499,70030842,70031292,70031293,70034004,70042197,70043250,70043420,70081032,70082414,70083842,70084418,70084927,70084983,70130674,70130675,70132664,70132665,70133553,70138438,70155196,70155987,70238985,70244565,70246377,70248476,70286419,70288587,70337217,70337705,70343296,70347238,70351598,70361410,70362005,70373907,70374983,70375866,70382544,70382797,70390788,70390791,70390799,70395155,70396492,70398370,70398392,70400253,70401488,70408061,70408272,70408277,70408280,70412170,70428043,70433908,70435202,70450886,70464520,70465560,70484079,70490240,70494785,70494786,70494791,70521396,70521405,70525152,70535019,70544149,70548634,70556250,70584255
Depot,0.0,70.2792,68.8341,71.6943,69.4521,76.16715,79.48125,89.69835,69.3009,85.5036,72.37125,90.01185000000001,90.1314,94.24245,75.3108,74.61810000000001,70.75500000000001,89.79765,82.08405,83.32335,50.035650000000004,80.3694,94.04535000000001,60.94215,93.96555000000001,81.168,13.5105,82.7559,95.49210000000001,70.61625000000001,72.26610000000001,50.5689,89.1705,113.09309999999999,68.12205,65.36175,77.0931,74.66460000000001,84.61785,52.9956,73.57875,62.3769,64.7778,68.87955,82.1877,79.78245000000001,83.28615,88.04970000000002,74.07960000000001,49.1823,94.9467,70.4577,88.48065,56.825100000000006,74.31675,77.74155,75.08445,82.2972,120.67125,90.13395000000001,90.0948,95.95245000000001,89.05935000000001,72.84135,84.67755,68.196,80.12325,97.26,74.09295,91.6113,94.41510000000001,61.98075,69.85695000000001,81.02505000000001,88.51710000000001,75.5172,71.3289,90.94605,76.68795000000001,78.37545000000001,71.16570000000002,69.3786,70.18395000000001,96.5073,93.38145000000002,72.95385,91.80675000000001,62.353350000000006,70.0545,68.33295000000001,112.87365000000001,71.86515,53.1114,93.37455,72.94635000000001,82.5621,79.9941,75.85515000000001,105.74640000000001,57.2205,88.1943,74.98755,46.19655,87.9288,74.5269,69.6903
70017458,69.8883,0.0,1.3377000000000001,5.895600000000001,1.2232500000000002,10.61625,13.93035,24.14745,9.4662,19.9527,6.8203499999999995,24.46095,24.5805,27.365250000000003,9.759900000000002,6.6123,7.305900000000001,24.246750000000002,25.2525,33.769800000000004,36.6411,28.8075,25.28205,45.531000000000006,27.088350000000005,10.079400000000001,67.7046,20.4204,28.61475,7.517250000000001,13.009800000000002,34.6383,33.8811,47.5422,7.92525,12.58335,11.54235,15.503550000000002,23.10885,33.18315,3.8908500000000004,14.212800000000001,9.054900000000002,3.0147,25.35615,14.231550000000002,33.73245,22.49895,8.52885,36.28455,45.393,12.656550000000001,25.77345,15.309750000000001,8.76585,12.190650000000002,14.0235,25.006350000000005,65.38170000000001,34.8444,34.80525,29.075100000000003,33.769800000000004,3.1534500000000003,23.168550000000003,3.6414,14.57235,30.382800000000003,5.3505,26.060550000000003,27.5379,44.451750000000004,12.055650000000002,18.71955,25.8099,9.9663,8.2218,25.39515,11.13705,15.579300000000002,7.556400000000001,2.2483500000000003,9.141900000000001,29.630100000000002,43.8279,4.2114,24.929550000000003,14.189250000000001,6.605400000000001,3.4225499999999998,47.32275,3.1227000000000005,41.3172,27.82365,4.20375,20.2266,17.6886,10.304250000000001,40.19565,16.79745,32.90475,9.43665,40.55565,32.639250000000004,8.97615,3.8916000000000004
70017459,68.95935,1.3164,0.0,4.534350000000001,0.7878000000000002,11.616900000000001,14.931000000000001,25.148100000000003,6.91005,20.95335,7.821000000000001,25.461600000000004,25.58115,28.365750000000002,10.7604,7.2456,10.20135,25.2474,26.253149999999998,34.770300000000006,34.08495,29.80815,26.282700000000002,42.9747,28.088850000000004,8.7027,66.77565,21.420900000000003,29.6154,8.517900000000001,14.010300000000003,32.08215,34.881600000000006,48.54285000000001,11.4267,15.790500000000002,12.54285,16.5042,24.1095,30.626850000000005,4.524150000000001,12.833550000000002,7.6755,3.2442000000000006,26.356800000000003,15.2322,34.73310000000001,23.49945,9.52935,33.7284,46.39365,13.657050000000002,26.77395,14.380800000000002,9.76635,13.191300000000002,15.024000000000001,26.006850000000004,66.38220000000001,35.84505,35.8059,30.075750000000003,34.770450000000004,3.78675,24.1692,2.26215,15.573,31.383300000000002,4.20885,27.06105,28.538550000000004,41.8956,13.056300000000002,19.7202,26.810550000000003,10.966800000000001,9.22245,26.3958,12.137550000000001,16.57995,8.55705,3.4530000000000003,10.14255,30.630600000000005,44.8284,2.8095000000000003,25.93005,12.80985,8.661900000000001,2.90655,48.3234,1.9173000000000002,38.761050000000004,28.82415,2.802,21.2271,18.68925,11.304900000000002,41.19615,15.868500000000001,33.90525,10.4373,37.999500000000005,33.6399,9.976650000000001,2.5302000000000002
70017496,71.51400000000001,4.66335,4.6537500000000005,0.0,4.932,14.38785,17.70195,27.919050000000002,7.2612000000000005,20.0772,10.59195,28.232550000000003,28.352100000000004,31.136850000000003,13.531500000000001,10.01655,12.972300000000002,28.018350000000005,29.024100000000004,37.541250000000005,31.03695,32.579100000000004,29.05365,39.926700000000004,30.859800000000003,12.648300000000003,69.3303,24.191850000000002,32.38635000000001,11.28885,16.7814,29.03415,37.652550000000005,49.81320000000001,14.197800000000003,18.561600000000002,15.313800000000002,19.27515,26.88045,27.578850000000003,7.2951,16.0827,10.48395,7.4553,29.127750000000002,18.00315,37.50405000000001,26.2704,12.30045,30.6804,49.16460000000001,16.428,29.5449,16.93545,12.53745,14.646150000000002,17.79495,28.777800000000003,69.15315,38.616,38.57685000000001,32.8467,37.5414,6.5577000000000005,26.94015,8.1906,18.34395,34.1544,7.8093,29.832,31.309500000000003,38.84760000000001,15.827250000000001,22.49115,29.581500000000002,13.737900000000002,11.993400000000001,29.16675,14.908650000000002,19.350900000000003,11.328000000000001,6.688950000000001,12.9135,33.4017,47.599500000000006,6.6702,28.701,16.059,11.433,7.863150000000001,49.5936,5.5815,35.71305,31.59525,6.662700000000001,23.9982,21.4602,14.07585,42.4665,18.423000000000002,36.676350000000006,13.208250000000001,34.951350000000005,36.41085,12.7476,3.6696000000000004
70017505,68.6259,1.44075,0.28395000000000004,4.84185,0.0,11.74125,15.05535,25.27245,7.23555,21.0777,7.9453499999999995,25.58595,25.7055,28.490100000000005,10.88475,7.369950000000001,10.325700000000001,25.371750000000002,26.3775,34.89465,34.4106,29.9325,26.40705,43.30035,28.2132,8.82705,66.44205,21.545250000000003,29.73975,8.64225,14.13465,32.4078,35.00595,48.6672,11.551200000000001,15.91485,12.6672,16.62855,24.23385,30.9525,4.6485,13.159050000000002,8.00115,2.9106000000000005,26.48115,15.356550000000002,34.85745,23.623800000000003,9.6537,34.054050000000004,46.518,13.781400000000001,26.898300000000003,14.0472,9.8907,13.315650000000002,15.14835,26.1312,66.50655,35.9694,35.93025,30.200100000000003,34.894800000000004,3.9111000000000002,24.293550000000003,2.5878,15.69735,31.507649999999998,4.333200000000001,27.185399999999998,28.6629,42.221250000000005,13.180650000000002,19.84455,26.9349,11.09115,9.3468,26.52015,12.2619,16.704300000000003,8.681400000000002,2.9632500000000004,10.266900000000001,30.75495,44.95275,2.9338500000000005,26.054399999999998,13.1355,8.7864,2.57295,48.44775,2.04165,39.0867,28.948500000000003,2.9263500000000002,21.35145,18.8136,11.429250000000001,41.3205,15.534900000000002,34.0296,10.561650000000002,38.325,33.764250000000004,10.101,2.8378500000000004
70017526,73.97550000000001,9.166200000000002,8.8815,12.0543,8.76705,0.0,6.743400000000001,16.9605,12.57675,12.76575,3.43905,17.274,17.39355,20.178150000000002,3.72975,3.3632999999999997,8.612400000000001,17.059800000000003,18.06555,26.5827,39.7518,21.62055,18.095100000000002,48.64155,19.90125,5.165850000000001,71.79165,13.233300000000002,21.4278,7.794150000000001,9.58275,37.749,26.694000000000003,40.355250000000005,11.040000000000001,13.900050000000002,4.37145,10.544400000000001,15.9219,36.2937,7.07205,18.5421,13.3842,7.137900000000001,18.1692,7.0446,26.5455,15.31185,4.18155,39.395250000000004,38.206050000000005,9.2295,18.58635,19.4124,5.3388,3.2421,9.064200000000001,17.81925,58.19460000000001,27.65745,27.6183,21.888150000000003,26.582850000000004,6.334650000000001,15.9816,8.9295,7.385400000000001,23.19585,7.389150000000001,18.87345,20.35095,47.56245,8.62875,11.5326,18.62295,1.13895,5.65725,18.2082,3.0267,8.39235,6.50175,6.609,8.069700000000001,22.443150000000003,36.640950000000004,9.726750000000001,17.74245,15.288150000000002,7.277400000000001,6.5373,40.1358,8.63805,44.42775,20.6367,9.71925,13.039650000000002,10.501650000000001,4.1775,33.00855,19.9851,25.717800000000004,3.3651000000000004,43.6662,25.4523,2.0106,9.91365
70017539,79.3515,14.5422,14.257650000000002,17.43045,14.1432,5.6031,0.0,14.796300000000002,17.952900000000003,10.60155,8.8152,15.109800000000002,15.22935,18.0141,7.0116,8.739450000000001,11.5176,14.8956,13.2501,21.76725,45.1278,16.8051,15.930900000000001,54.017700000000005,17.737050000000004,9.189300000000001,77.1678,8.41785,19.2636,13.170300000000001,10.185150000000002,43.125,21.87855,38.191050000000004,13.296750000000001,16.0491,3.3270000000000004,8.9085,11.10645,41.6697,12.4482,18.6405,18.7602,12.514050000000001,13.353750000000002,4.879200000000001,21.730050000000002,13.14765,7.4075999999999995,44.77125,33.390600000000006,11.381250000000001,13.770900000000001,24.78855,10.714950000000002,6.8001,7.428450000000001,13.003800000000002,53.37915,22.842000000000002,22.80285,19.72395,21.767400000000002,11.7108,11.166150000000002,14.305650000000002,5.21985,21.031650000000003,12.765300000000002,16.70925,18.18675,52.93845000000001,10.78035,6.717150000000001,13.807500000000001,6.952500000000001,11.03325,16.044,5.7463500000000005,3.5769,11.87775,11.985000000000001,10.97475,20.278950000000002,31.8255,15.102900000000002,15.57825,17.437050000000003,11.88255,11.9133,37.9716,14.014199999999999,49.8039,18.4725,15.095400000000001,8.224200000000002,5.6862,4.5075,30.8445,25.361250000000002,20.902350000000002,6.13005,49.042350000000006,20.63685,7.3866,15.289800000000001
70017600,89.4474,24.638100000000005,24.3534,27.526350000000004,24.2391,15.699000000000002,12.76575,0.0,28.04865,5.5509,18.9111,1.3926,1.51215,6.85755,17.10735,18.835350000000002,20.4009,1.1784000000000001,14.87625,23.4084,55.22370000000001,18.431250000000002,2.2137000000000002,64.11345000000001,8.81655,19.2852,87.26355,5.82645,4.96785,21.27765,18.806250000000002,53.2209,23.50485,19.353150000000003,22.18005,24.93225,15.72045,18.1233,12.7326,51.765600000000006,22.5441,27.5238,28.856100000000005,22.609800000000003,14.9799,12.0576,23.371050000000004,6.0993,17.503500000000003,54.86715,35.03175,20.264550000000003,8.841750000000001,34.88445,19.82985,16.89585,16.6431,14.6301,57.4848,24.46815,24.429000000000002,10.749,23.39355,21.80655,12.792300000000003,24.401400000000002,11.726400000000002,7.4508,22.8612,1.9129500000000002,9.21165,63.03435,19.66365,14.025150000000002,8.878200000000001,17.0484,19.342650000000003,1.2477,15.8421,13.623300000000002,19.698150000000002,22.080900000000003,19.858050000000002,11.30385,33.4665,25.19865,3.9885,26.320350000000005,20.76585,22.0092,18.870300000000004,24.1101,59.8998,3.67605,25.19115,6.0201,12.97095,17.447550000000003,11.743200000000002,35.45715,22.5285,16.22595,59.13810000000001,23.92935,17.4825,25.385550000000002
70018354,67.79925,6.80775,5.51565,8.3793,5.6095500000000005,12.843,16.15695,26.374200000000002,0.0,22.1793,9.0471,26.68755,26.807100000000005,29.591850000000004,11.986500000000001,11.29395,9.657,26.473350000000003,27.479100000000003,39.9117,30.879300000000004,31.03425,27.508800000000004,39.7692,29.31495,16.80675,65.61540000000001,22.647000000000002,30.841500000000003,9.6708,15.236400000000001,28.8765,36.1077,49.768950000000004,10.52055,16.69035,13.76895,17.730300000000003,25.335600000000003,27.421350000000004,8.4684,12.36585,7.20795,5.55525,27.5829,16.4583,39.874500000000005,24.725550000000002,10.755450000000002,30.522750000000002,51.53505,14.88315,28.00005,13.236150000000002,10.992450000000002,14.4174,16.2501,27.23295,67.6083,37.07115,37.031850000000006,31.301850000000005,35.996550000000006,7.731000000000001,25.395300000000002,4.87755,16.79895,32.6094,10.77795,28.28715,29.76465,38.68995,14.282250000000001,20.9463,28.0365,12.192900000000002,11.310900000000002,27.6219,13.363650000000002,17.806050000000003,9.8025,6.054450000000001,10.33485,31.8567,49.969950000000004,8.16555,27.15615,12.342300000000002,8.9565,5.00865,49.549350000000004,8.55015,35.5554,30.050250000000002,8.15805,22.4532,19.91535,12.531,42.422250000000005,13.809000000000001,35.131350000000005,11.663250000000001,34.793850000000006,34.866,11.20275,6.3753
70018486,85.81485,21.005550000000003,20.720850000000002,21.05445,20.6064,12.066450000000001,11.30085,5.1519,24.4161,0.0,15.278400000000001,5.4654,5.584950000000001,10.5492,13.474800000000002,15.202650000000002,18.936,5.251200000000001,17.082900000000002,25.615050000000004,51.59115,20.638050000000003,6.2865,60.4809,10.2723,13.960800000000003,83.631,6.4581,11.79885,19.81275,17.341350000000002,49.588350000000005,25.7115,24.505050000000004,20.71515,23.46735,12.087900000000001,16.6584,14.939250000000001,48.133050000000004,18.9114,26.058899999999998,25.223399999999998,18.97725,17.18655,8.4267,25.5777,5.6829,13.870800000000003,51.23460000000001,37.2384,18.799650000000003,11.0484,31.25175,18.36495,13.263300000000001,15.1782,16.836750000000002,57.21210000000001,26.6748,26.63565,12.259200000000002,25.6002,18.174,14.9991,20.76885,8.09385,13.56675,19.2285,7.06485,10.72185,59.4018,18.19875,12.53685,11.08485,13.41585,17.877750000000002,6.3995999999999995,12.20955,12.158400000000002,18.23325,18.44835,18.393150000000002,12.814050000000002,35.67315,21.566100000000002,8.1135,24.85545,19.30095,18.3765,24.0222,20.477400000000003,56.267100000000006,8.827950000000001,21.558600000000002,6.651900000000001,11.50605,13.815000000000001,16.8951,31.824450000000002,24.73515,12.5934,55.50555,25.439700000000002,13.84995,21.753
70019315,73.1103,8.301,8.01645,11.189250000000001,7.902,5.02845,8.342550000000001,18.55965,11.7117,14.364900000000002,0.0,18.873150000000003,18.9927,21.777300000000004,4.171950000000001,6.2613,6.818400000000001,18.65895,19.6647,28.181850000000004,38.8866,23.2197,19.69425,47.776500000000006,21.500400000000003,8.9922,70.92660000000001,14.83245,23.02695,6.0001500000000005,7.78875,36.8838,28.29315,41.9544,8.1933,12.10605,5.954400000000001,10.2825,17.521050000000002,35.42865,4.155,14.69745,12.519,6.27285,19.76835,8.64375,28.1445,16.911,2.9409,38.53005,39.8052,7.4355,20.1855,18.54735,3.5448,6.60285,8.80245,19.418400000000002,59.79375,29.256600000000002,29.21745,23.4873,28.182000000000002,5.469600000000001,17.580750000000002,8.06445,8.9844,24.794850000000004,6.171,20.4726,21.9501,46.697250000000004,6.8346,13.13175,20.2221,4.37835,3.8631,19.80735,5.5491,9.9915,4.7076,5.743950000000001,6.27555,24.042150000000003,38.23995,8.8617,19.3416,13.494150000000001,5.4834000000000005,5.6721,41.73495,7.773000000000001,43.5627,22.2357,8.8542,14.638650000000002,12.1008,4.619700000000001,34.6077,19.120050000000003,27.316800000000004,3.8488500000000005,42.80115,27.05145,4.81245,9.0486
70019322,90.51615,25.706850000000003,25.42215,28.595100000000002,25.307850000000002,16.76775,13.864650000000001,1.3575000000000002,29.11755,6.1648499999999995,19.97985,0.0,0.5712,6.11955,18.1761,19.9041,21.499650000000003,0.4041,13.78425,22.31625,56.29245000000001,17.33925,1.12155,65.18220000000001,6.9735000000000005,20.35395,88.33245000000001,4.7343,4.229850000000001,22.37655,19.905,54.28965,22.4127,20.67195,23.278950000000002,26.03115,16.78935,19.222050000000003,11.640600000000001,52.83435000000001,23.61285,28.622550000000004,29.924850000000003,23.67855,13.887900000000002,13.12635,22.27905,5.00715,18.57225,55.935900000000004,33.939600000000006,21.363300000000002,7.7496,35.9532,20.9286,17.9646,17.742,13.53795,53.9133,23.376150000000003,23.337,8.960400000000002,22.301550000000002,22.875300000000003,11.7003,25.4703,12.795150000000001,6.712950000000001,23.92995,3.2317500000000003,7.4232000000000005,64.10310000000001,20.76255,12.933150000000001,7.786200000000001,18.117150000000002,20.441550000000003,2.5665,16.911,14.722050000000001,20.7969,23.14965,20.95695,9.515400000000001,32.374500000000005,26.2674,2.6421,27.41925,21.86475,23.07795,20.18925,25.178850000000004,60.96855,4.995,26.2599,4.928100000000001,10.379700000000001,18.5163,13.062000000000001,39.03765,21.43635,17.2947,60.20685,22.140900000000002,18.55125,26.454300000000003
70019375,90.63855,25.829250000000002,25.54455,28.717350000000003,25.430100000000003,16.890150000000002,13.987050000000002,1.7830500000000002,29.239800000000002,6.590400000000001,20.1021,0.501,0.0,6.903900000000001,18.2985,20.02635,21.62205,0.2868,13.906500000000001,22.438650000000003,56.41485000000001,17.461650000000002,1.2439500000000001,65.30460000000001,7.095900000000001,20.47635,88.4547,4.856700000000001,5.014200000000001,22.498800000000003,20.0274,54.41205,22.5351,21.0975,23.4012,26.153550000000003,16.9116,19.34445,11.76285,52.95675,23.7351,28.74495,30.047250000000002,23.80095,14.010150000000001,13.248750000000001,22.401300000000003,5.12955,18.6945,56.058299999999996,34.062000000000005,21.4857,7.872000000000001,36.075450000000004,21.051000000000002,18.087,17.864250000000002,13.660350000000001,54.035700000000006,23.49855,23.45925,9.0828,22.423800000000004,22.997700000000002,11.822700000000001,25.592550000000003,12.917550000000002,7.497150000000001,24.05235,3.6572999999999998,7.5456,64.2255,20.884800000000002,13.0554,7.908450000000001,18.23955,20.5638,2.9920500000000003,17.033250000000002,14.84445,20.919300000000003,23.272050000000004,21.0792,9.63765,32.49675,26.3898,2.80425,27.541500000000003,21.987000000000002,23.20035,20.614800000000002,25.301100000000005,61.09095000000001,5.4204,26.382300000000004,5.0505,10.5021,18.6387,13.487550000000002,39.160050000000005,21.55875,17.4171,60.32925,22.2633,18.673650000000002,26.5767
70019381,92.19765000000001,27.388350000000003,27.103800000000003,30.276600000000006,26.989350000000005,18.449250000000003,15.54615,7.153650000000001,30.79905,10.35195,21.661350000000002,6.065250000000001,6.53955,0.0,19.8576,21.5856,23.181300000000004,6.469200000000001,15.1731,23.705250000000003,57.97395000000001,18.728250000000003,5.7181500000000005,66.86385,2.0658000000000003,22.03545,90.01395000000001,6.4158,3.5377500000000004,24.05805,21.586650000000002,55.97115,18.82965,26.568600000000004,24.96045,27.71265,18.470850000000002,20.903550000000003,13.0296,54.51585000000001,25.294350000000005,30.3042,31.606350000000003,25.36005,15.276900000000001,14.80785,23.66805,6.688650000000001,20.25375,57.6174,35.3286,23.04495,9.1386,40.03875,22.61025,19.6461,19.4235,14.92695,50.7339,19.7931,19.753800000000002,3.9981000000000004,18.71835,24.55695,13.089300000000001,27.1518,14.476800000000003,5.30565,25.61145,9.06675,2.46075,65.78460000000001,22.44405,14.322000000000001,9.17505,19.798650000000002,22.123050000000003,8.40135,18.5925,16.403550000000003,22.478550000000002,24.83115,22.63845,4.552950000000001,33.7635,27.949050000000003,3.47955,29.10075,23.54625,24.75945,26.0859,26.860350000000004,62.65005,10.891650000000002,27.941399999999998,6.6095999999999995,12.061350000000001,20.19795,18.958650000000002,40.42665,17.985,18.9762,61.8885,17.17845,20.232750000000003,28.13595
70019384,76.59945,11.79015,11.5056,14.678400000000002,11.391150000000001,2.8527,6.1530000000000005,16.370250000000002,15.20085,12.17535,6.06315,16.683600000000002,16.803150000000002,19.5879,0.0,5.9874,8.61555,16.4694,17.475150000000003,25.99245,42.375750000000004,21.030300000000004,17.5047,51.2655,19.311,6.4863,74.41575,12.643050000000002,20.837550000000004,6.442500000000001,7.2831,40.37295,26.10375,39.765,10.3947,13.147050000000002,2.2749,7.546200000000001,15.3315,38.91765,9.696150000000001,15.73845,16.00815,9.76185,17.5788,6.45435,25.955100000000005,14.7216,2.0478,42.0192,37.6158,8.4792,17.996100000000002,22.0365,3.98715,4.0971,6.066000000000001,17.229,57.604350000000004,27.0672,27.0279,21.297900000000002,25.99245,8.95875,15.391350000000001,11.5536,6.795000000000001,22.60545,10.013250000000001,18.2832,19.760550000000002,50.1864,7.878450000000001,10.942200000000001,18.03255,4.200450000000001,4.3660499999999995,17.61795,3.04335,7.801950000000001,5.1499500000000005,9.23295,8.07285,21.85275,36.05055,12.35085,17.1522,14.535150000000002,5.925750000000001,9.16125,39.5454,11.262150000000002,47.05185,20.046300000000002,12.3432,12.449250000000001,9.9114,0.6879000000000001,32.4183,22.6092,25.127399999999998,1.3062,46.2903,24.862050000000004,4.63455,12.53775
70019391,74.49195,6.94155,7.06035,9.82965,6.9460500000000005,3.2578500000000004,9.59235,19.809450000000002,13.0932,15.6147,5.71005,20.12295,20.2425,23.027250000000002,5.3064,0.0,10.6431,19.90875,20.9145,29.431800000000003,40.26825,24.4695,20.94405,49.158,22.75035,3.76455,72.30825,16.0824,24.27675,8.959650000000002,11.85375,38.26545,29.543100000000003,43.2042,11.8686,16.17105,7.220400000000001,12.612449999999999,18.77085,36.81015,3.7896000000000005,19.058550000000004,13.90065,7.65435,21.018150000000002,6.267,29.39445,18.16095,6.4525500000000005,39.9117,41.055,11.5005,21.43545,19.929000000000002,7.6098,3.6267000000000005,11.13225,20.66835,61.04370000000001,30.5064,30.467250000000003,24.737100000000005,29.431800000000003,4.4634,18.8307,9.4461,10.23435,26.044800000000002,5.805750000000001,21.722550000000002,23.199900000000003,48.0789,10.8996,14.381550000000002,21.4719,3.6819,7.92825,21.0573,4.46955,11.2413,8.998800000000001,5.839200000000001,10.58445,25.292100000000005,39.4899,7.5020999999999995,20.59155,17.559150000000002,9.1038,7.05375,42.984750000000005,6.413400000000001,44.94435000000001,23.485650000000003,7.4946,15.8886,13.3506,5.75415,35.85765,20.5017,28.566750000000003,6.21405,44.18265,28.301250000000003,2.0982,7.689
70019392,70.18350000000001,9.319650000000001,9.03495,12.20775,8.9205,9.812700000000001,9.582,19.516800000000003,13.9497,19.149150000000002,6.0168,19.830150000000003,19.9497,22.73445,6.141450000000001,8.7021,0.0,19.61595,18.8322,27.349350000000005,38.176350000000006,22.3872,20.65125,48.6918,22.45755,12.3876,67.9998,14.030100000000001,23.9841,2.0974500000000003,5.344950000000001,36.173550000000006,27.46065,44.45685,3.50625,6.258450000000001,8.17605,7.83885,16.688550000000003,34.718250000000005,7.2255,8.85,9.4266,6.0423,18.935850000000002,13.428,27.31215,17.86815,7.725150000000001,37.8198,38.9727,2.9262,16.40475,15.492300000000002,2.1558,9.99825,6.358650000000001,18.585900000000002,58.96125000000001,28.424100000000003,28.38495,24.44445,27.349500000000003,6.4881,16.748250000000002,7.9473,13.768650000000001,25.752000000000002,11.019300000000001,21.429750000000002,22.9071,47.612700000000004,2.3253000000000004,12.29925,16.44135,9.1626,1.8226499999999999,20.7645,8.9445,9.6495,1.6648500000000002,5.6637,0.67785,24.9993,37.4076,9.8802,20.298750000000002,7.64655,1.58565,5.55105,44.2374,8.791500000000001,44.478,23.19285,9.8727,13.836300000000001,11.2683,6.0894,37.1103,15.402750000000001,26.48445,6.92955,42.09075,26.21895,8.61105,10.0671
70019410,90.4299,25.620600000000003,25.3359,28.508850000000002,25.221600000000002,16.6815,13.778400000000001,1.5717,29.03115,6.37905,19.8936,0.21420000000000003,0.4848,6.33375,18.089850000000002,19.81785,21.413400000000003,0.0,13.69785,22.23,56.20620000000001,17.253,1.0353,65.09595,6.887250000000001,20.2677,88.24605,4.64805,4.44405,22.290300000000002,19.81875,54.2034,22.32645,20.88615,23.19255,25.9449,16.70295,19.135800000000003,11.55435,52.74810000000001,23.526600000000002,28.536300000000004,29.838600000000003,23.5923,13.801650000000002,13.0401,22.192800000000002,4.9209000000000005,18.486,55.849650000000004,33.853350000000006,21.277050000000003,7.66335,35.86695,20.84235,17.87835,17.6556,13.451699999999999,53.82705,23.289900000000003,23.250600000000002,8.87415,22.215300000000003,22.789050000000003,11.61405,25.3839,12.708900000000002,6.927150000000001,23.843700000000002,3.4459500000000003,7.336950000000001,64.01685,20.6763,12.84675,7.6998,18.030900000000003,20.355300000000003,2.7807,16.8246,14.635800000000001,20.71065,23.0634,20.8707,9.429,32.28810000000001,26.18115,2.5956,27.333000000000002,21.7785,22.9917,20.40345,25.092600000000004,60.8823,5.209200000000001,26.17365,4.84185,10.29345,18.43005,13.2762,38.9514,21.3501,17.20845,60.1206,22.054650000000002,18.465,26.368050000000004
70019425,81.98685,25.597800000000003,25.313100000000002,28.4859,25.19865,16.6587,11.906400000000001,15.1491,29.008350000000004,18.347250000000003,20.4576,14.060550000000003,14.53485,13.910550000000002,16.35195,19.794900000000002,19.4691,14.464500000000001,0.0,10.358400000000001,57.4719,4.03335,13.71345,65.07315,13.633650000000001,20.2449,79.80300000000001,11.19825,15.1602,20.346,19.22535,55.469100000000005,9.1068,33.57585,21.248250000000002,20.9634,14.38245,17.1915,2.56155,54.01395000000001,23.50365,24.35265,27.40725,23.5695,0.13155,15.934650000000001,10.32105,14.68395,18.463050000000003,57.11535000000001,21.9816,19.33275,8.14875,27.29895,18.89805,17.85555,15.711300000000001,0.2409,40.6074,10.0701,10.03095,15.620550000000001,8.9955,22.766250000000003,2.6214,25.361100000000004,16.27545,16.9281,23.82075,17.062050000000003,14.08335,63.99405,18.732,7.3767000000000005,8.18535,18.0081,18.411,16.396800000000002,16.801800000000004,12.76395,18.76635,23.0406,18.9264,16.1754,20.416500000000003,26.158350000000002,11.47485,25.3887,19.8342,22.96875,33.09315,25.06965,60.859350000000006,17.8989,26.150850000000002,11.00445,10.735650000000001,15.632550000000002,25.965899999999998,27.686850000000003,8.130450000000002,17.185650000000003,61.38645000000001,7.8651,18.4422,26.34525
70019426,82.9044,33.983250000000005,33.6987,36.871500000000005,33.584250000000004,25.04415,20.292,23.556,40.6923,26.75415,28.84305,22.46745,22.941750000000003,22.31745,24.737550000000002,28.180500000000002,27.8547,22.8714,10.01415,0.0,58.38945000000001,8.299650000000002,22.120350000000002,70.20060000000001,22.040550000000003,28.630350000000004,80.72055,19.58385,23.5671,28.73145,20.1429,56.38665,17.10075,41.98275,27.74775,21.88095,22.768050000000002,19.244400000000002,12.54795,54.9315,31.88925,25.2702,36.169200000000004,31.95495,10.1178,24.32025,0.18000000000000002,23.09085,26.84865,58.0329,11.7825,21.636750000000003,16.5558,28.2165,27.283649999999998,26.241000000000003,24.0969,10.2273,37.73505,18.0642,18.024900000000002,24.02745,16.9896,31.1517,12.607800000000001,33.746700000000004,24.660899999999998,25.33515,32.20635,25.46895,22.49025,69.1215,22.09035,15.762300000000002,16.59225,26.39355,26.79645,24.8037,25.1874,21.1494,27.15195,31.426050000000004,27.311850000000003,24.58245,10.21725,34.54395,19.88175,26.823,28.219649999999998,31.354350000000004,41.50005,33.45525,65.98695000000001,26.3058,34.536300000000004,19.390050000000002,19.121100000000002,24.018150000000002,34.372800000000005,28.6044,16.1244,25.571100000000005,62.304,15.859050000000002,26.82765,34.7307
70019459,50.218650000000004,32.301300000000005,32.2917,29.444399999999998,32.5698,39.7503,43.06425,53.2815,27.12315,49.086600000000004,35.9544,53.59485000000001,53.7144,56.49915,38.893800000000006,38.201100000000004,36.31725,53.38065,55.6599,56.89920000000001,0.0,53.94525,54.41610000000001,19.747500000000002,56.22225,41.415,48.48930000000001,48.78255,57.748799999999996,36.1785,38.292750000000005,0.8751,62.746500000000005,76.67625000000001,33.6843,34.908750000000005,40.67625,40.691250000000004,51.441,3.3018,34.93305,32.439,28.9587,32.46255,55.76355,43.36560000000001,56.862,51.632850000000005,37.66275,1.42215,68.52255,36.484350000000006,51.15720000000001,29.3088,37.899750000000004,41.3247,41.11110000000001,55.87305,94.2471,63.7098,63.67065,58.20915,62.635200000000005,34.1955,51.50070000000001,31.784850000000002,43.706250000000004,59.51670000000001,35.447250000000004,55.19445000000001,56.6718,20.786250000000003,35.88345,47.051700000000004,51.193799999999996,39.1002,37.93245,54.52920000000001,40.27095,44.713350000000005,36.72795,32.96175,36.99495,58.764,66.95745000000001,34.308,54.06345000000001,31.235550000000003,35.616600000000005,31.915950000000002,76.45665,33.21945,9.4869,56.95755,34.3005,48.588750000000005,46.02075,39.438300000000005,69.32955,30.7965,61.77015,38.570550000000004,5.6931,61.50465,38.11005,31.307550000000003
70019475,78.5811,29.088600000000003,28.8039,31.976850000000002,28.689600000000002,20.1495,15.397350000000001,18.6399,36.369,21.838050000000003,23.948400000000003,17.55135,18.025800000000004,17.401500000000002,19.8429,23.28585,22.960050000000003,17.95545,3.5187000000000004,6.952650000000001,54.06615,0.0,17.204400000000003,65.87745000000001,17.12445,23.7357,76.39725,14.689050000000002,18.651,23.836800000000004,15.819600000000001,52.06335000000001,10.6053,37.06665,23.42445,17.557650000000002,17.873250000000002,14.921100000000001,6.0525,50.60820000000001,26.994600000000005,20.946900000000003,31.8459,27.0603,3.6223500000000004,19.42545,6.9153,18.1749,21.954,53.7096,18.57585,17.31345,11.639700000000001,23.8932,22.389000000000003,21.34635,19.20225,3.7318500000000006,42.1059,11.5686,11.52945,19.11135,10.494,26.257050000000003,6.1122000000000005,28.852050000000002,19.76625,20.419050000000002,27.311700000000002,20.55285,17.574150000000003,64.79820000000001,17.76705,10.867500000000001,11.676150000000002,21.498900000000003,21.9018,19.8876,20.2926,16.25475,22.2573,26.531399999999998,22.4172,21.22155,17.01075,29.64915,14.965650000000002,22.4997,23.325000000000003,26.4597,36.58395,28.560600000000004,61.663650000000004,21.3897,29.64165,14.495400000000002,14.22645,19.1235,29.456850000000003,24.281100000000002,9.628950000000001,20.67645,57.980700000000006,9.36345,21.933,29.836050000000004
70019476,90.83535,26.02605,25.741350000000004,28.914300000000004,25.627050000000004,17.08695,14.18385,1.5039,29.436600000000002,6.3111,20.298900000000003,0.31920000000000004,0.8902500000000001,6.265950000000001,18.495300000000004,20.223300000000002,21.81885,0.7231500000000001,14.103300000000003,22.63545,56.611650000000004,17.65845,0.0,65.5014,8.224950000000002,20.673150000000003,88.6515,5.0535000000000005,4.376250000000001,22.695600000000002,20.2242,54.608850000000004,22.731900000000003,20.818350000000002,23.598000000000003,26.350350000000002,17.108400000000003,19.54125,11.959650000000002,53.153549999999996,23.932050000000004,28.941750000000003,30.24405,23.99775,14.2071,13.445550000000003,22.59825,5.326350000000001,18.8913,56.255100000000006,34.2588,21.6825,8.0688,36.2724,21.2478,18.283800000000003,18.06105,13.85715,54.2325,23.69535,23.656050000000004,9.2796,22.62075,23.1945,12.0195,25.789350000000002,13.11435,6.8592,24.24915,3.37815,7.742400000000001,64.42229999999999,21.08175,13.2522,8.10525,18.43635,20.7606,2.7129,17.230050000000002,15.041250000000002,21.1161,23.46885,21.27615,9.83445,32.69355,26.586600000000004,2.7885,27.73845,22.1838,23.397150000000003,20.3355,25.498050000000003,61.28775,5.14125,26.579100000000004,5.2473,10.698900000000002,18.8355,13.208400000000001,39.35685,21.755550000000003,17.6139,60.52605,22.4601,18.87045,26.773500000000002
70019480,82.46445000000001,42.47325,42.46365,39.616350000000004,42.74175,49.922250000000005,53.23620000000001,63.4533,37.295100000000005,59.25855,46.126200000000004,63.766799999999996,63.88635000000001,66.67110000000001,49.06575,48.373050000000006,47.90175,63.552600000000005,67.57095000000001,68.81025000000001,18.9693,65.85645000000001,64.5879,0.0,66.39420000000001,51.58695000000001,59.1819,59.72625,67.92060000000001,47.76315,50.2038,18.10095,74.65755,86.84805,45.268950000000004,46.8198,50.848200000000006,54.809400000000004,62.41470000000001,17.1126,45.105000000000004,47.11410000000001,39.13065,42.6345,67.67460000000001,53.5374,68.77305,61.8048,47.834700000000005,18.612750000000002,80.43360000000001,50.82795000000001,65.0793,41.21985,48.0717,51.49665,53.329350000000005,64.3122,106.15815000000002,75.62085,75.58170000000001,68.38095000000001,74.54625,44.36745,62.4744,41.9568,53.87820000000001,69.68865,45.61905,65.3664,66.84375,1.5211500000000002,50.22720000000001,58.0254,65.11575,49.27215,48.39,64.70115,50.4429,54.88515,48.31245,43.133700000000005,48.579600000000006,68.93595,78.8685,44.47995,64.2354,43.14660000000001,47.20125,42.0879,86.6286,43.3914,11.42745,67.12950000000001,44.47245,59.532450000000004,56.99445000000001,49.6101,79.50150000000001,42.707550000000005,73.6812,48.7425,20.823300000000003,73.41570000000002,48.282000000000004,41.479350000000004
70019482,91.3161,26.506800000000002,26.222100000000005,29.3949,26.10765,17.5677,14.66445,6.2721,29.917350000000003,9.47025,20.77965,5.18355,5.658,3.8905499999999997,18.97605,20.7039,22.2996,5.58765,14.291550000000003,22.8237,57.0924,17.84655,4.83645,65.98215,0.0,21.1539,89.13225,5.53425,5.140200000000001,23.17635,20.70495,55.089600000000004,20.432100000000002,24.698850000000004,24.078750000000003,26.831100000000003,17.58915,20.022000000000002,12.147900000000002,53.634299999999996,24.412650000000003,29.422500000000003,30.72465,24.4785,14.395199999999999,13.926300000000001,22.786350000000002,5.8071,19.37205,56.735850000000006,34.4469,22.16325,8.256900000000002,39.157050000000005,21.728550000000002,18.764550000000003,18.541800000000002,14.045250000000001,52.33635,21.395400000000002,21.356250000000003,5.6004000000000005,20.320800000000002,23.675250000000002,12.2076,26.270100000000003,13.5951,6.9081,24.729750000000003,8.18505,4.0632,64.90305,21.562350000000002,13.44045,8.2935,18.9171,21.24135,7.5198,17.710800000000003,15.522,21.59685,23.9496,21.75675,6.155400000000001,32.881800000000005,27.067350000000005,2.59785,28.219050000000003,22.664550000000002,23.877750000000002,24.216150000000003,25.97865,61.768350000000005,9.0219,27.059850000000004,5.72805,11.17965,19.31625,17.08905,39.54495,19.58745,18.09465,61.0068,18.780900000000003,19.3512,27.254250000000003
70019513,77.57295,8.9286,8.919,11.1216,9.1971,5.77215,9.2139,18.027449999999998,18.120150000000002,12.9885,8.9826,18.34095,18.4605,19.047900000000002,6.71505,4.8474,14.08425,18.12675,20.536050000000003,29.053350000000005,45.2952,24.0912,19.16205,54.18495000000001,18.77085,0.0,75.38910000000001,14.956800000000001,20.297400000000003,12.1704,12.751949999999999,43.2924,29.164649999999998,41.01135000000001,15.863400000000002,18.615750000000002,6.841950000000001,13.0149,18.392400000000002,41.83710000000001,7.00035,21.207150000000002,18.9276,12.681300000000002,20.63985,4.00215,29.016000000000002,14.18145,7.113150000000001,44.93865,40.676700000000004,13.9479,21.057000000000002,22.99425,10.88235,3.24825,11.5347,20.289900000000003,60.66525,30.128100000000003,30.088800000000003,20.75775,29.053350000000005,11.87805,18.45225,14.473050000000002,5.08785,22.06545,6.8389500000000005,19.94055,19.220550000000003,53.105850000000004,13.347150000000001,14.0031,21.09345,7.119900000000001,11.200650000000001,19.2753,4.0911,10.863000000000001,12.045150000000001,12.152400000000002,13.541550000000003,21.31275,39.11145,7.0638000000000005,16.612050000000004,20.00385,12.82095,12.0807,40.79175,7.883700000000001,49.9713,21.703650000000003,7.056150000000001,15.15045,12.972300000000002,7.05525,33.66465,24.48195,28.1883,5.8356,49.2096,27.92295,5.49765,8.98095
70019527,14.767650000000001,69.99315,68.54805,71.40825000000001,69.16590000000001,75.8811,79.19520000000001,89.4123,69.0147,85.21755,72.08520000000001,89.7258,89.84535000000001,93.9564,75.0246,74.33205,70.46895,89.5116,81.798,83.0373,49.5633,80.08335000000001,93.7593,60.4698,93.6795,80.88195,0.0,82.46985000000001,95.2059,70.3302,71.98005,50.09655,88.88445000000002,112.80705,67.836,65.07570000000001,76.80705,74.37855,84.3318,52.523250000000004,73.29270000000001,62.09085,64.49175000000001,68.5935,81.90165,79.49640000000001,83.0001,87.76365,73.79355,48.70995,94.66065,70.17165,88.19460000000001,56.539049999999996,74.03055,77.4555,74.7984,82.01100000000001,120.38505,89.84790000000001,89.80875,95.66625,88.7733,72.5553,84.39150000000001,67.90995000000001,79.83720000000001,96.97395000000002,73.8069,91.32525000000001,94.12905,61.5084,69.57075,80.739,88.23105,75.23100000000001,71.04270000000001,90.66000000000001,76.40175,78.08925,70.87965,69.09255,69.8979,96.22125000000001,93.0954,72.6678,91.5207,62.067299999999996,69.76845,68.04675,112.5876,71.57910000000001,52.63905,93.08835,72.6603,82.27605,79.70805,75.5691,105.46034999999999,56.934450000000005,87.90825000000001,74.70150000000001,45.72435000000001,87.64275,74.24085000000001,69.40425
70019549,81.78720000000001,20.507550000000002,20.22285,23.3958,20.10855,11.56845,6.8163,7.751400000000001,23.91825,8.2521,15.36735,6.66285,7.1373,6.513000000000001,11.26185,14.704800000000002,14.379000000000001,7.06695,13.0467,21.5787,49.76475,16.6017,6.31575,59.9829,6.235950000000001,15.154650000000002,79.60350000000001,0.0,7.7625,15.25575,12.78435,47.76195,21.675150000000002,26.17815,16.158150000000003,18.91035,9.29235,12.101400000000002,10.90305,46.30665,18.41355,21.501900000000003,22.31715,18.47925,13.15035,10.84455,21.541500000000003,4.5889500000000005,13.37295,49.40820000000001,33.20205,14.242650000000001,7.01205,27.66675,13.80795,12.765300000000002,10.621200000000002,12.800400000000002,53.17575,22.6386,22.59945,8.22285,21.564,17.676000000000002,10.96275,20.271,12.376949999999999,9.53055,18.73065,9.66435,6.685650000000001,58.9038,13.64175,3.8595,7.048650000000001,12.91785,13.32075,8.9991,11.7117,7.673700000000001,13.676250000000001,17.95035,13.836150000000002,8.77785,31.636950000000002,21.068250000000003,4.0771500000000005,20.29845,14.74395,17.87865,25.69545,19.979550000000003,55.76925000000001,10.5012,21.0606,0.1938,5.6454,10.54245,18.56835,28.05465,20.698800000000002,12.095400000000001,53.67915,21.40335,13.35195,21.255000000000003
70019554,93.98070000000001,29.1714,28.886850000000003,32.05965,28.7724,20.232300000000002,17.3292,4.71,32.582100000000004,12.135000000000002,23.4444,4.229850000000001,4.80105,1.8897,21.64065,23.368650000000002,24.9642,5.20065,16.95615,25.488300000000002,59.757000000000005,20.511300000000002,4.63485,68.64675,3.8487000000000005,23.8185,91.79700000000001,8.19885,0.0,25.841100000000004,23.3697,57.754200000000004,20.6127,23.03085,26.7435,29.4957,20.2539,22.686600000000002,14.812650000000001,56.2989,27.0774,32.087250000000004,33.3894,27.143100000000004,17.05995,16.5909,25.451100000000004,8.4717,22.036800000000003,59.400450000000006,37.11165,24.827850000000005,10.921650000000001,41.8218,24.393150000000002,21.429150000000003,21.206550000000004,16.71,52.51695000000001,21.576,21.53685,5.78115,20.5014,26.339850000000002,14.87235,28.934850000000004,16.25985,2.48295,27.3945,6.62295,4.2438,67.56765,24.2271,16.105050000000002,10.9581,21.5817,23.906100000000002,5.957700000000001,20.37555,18.186600000000002,24.26145,26.6142,24.4215,6.336,35.5464,29.732100000000003,5.262600000000001,30.883800000000004,25.329300000000003,26.5425,22.548150000000003,28.6434,64.43310000000001,7.353900000000001,29.72445,8.392650000000001,13.844400000000002,21.981,15.421050000000003,42.2097,19.768050000000002,20.75925,63.671549999999996,18.9615,22.015800000000002,29.918850000000003
70019564,69.76335,7.529700000000001,7.245,10.4178,7.13055,8.02275,11.3367,21.55395,13.529550000000002,17.359050000000003,4.226850000000001,21.867300000000004,21.98685,24.771600000000003,6.53385,6.912150000000001,2.41785,21.653100000000002,20.187900000000003,28.705050000000004,37.75605,23.742900000000002,22.6884,48.27165,24.4947,11.986500000000001,67.57965,15.385800000000001,26.021250000000002,0.0,6.700650000000001,35.75325,28.816350000000003,44.948550000000004,3.64365,7.6953000000000005,8.9487,9.19455,18.04425,34.298100000000005,5.43555,10.286700000000002,9.006450000000001,5.51355,20.29155,11.63805,28.667850000000005,19.905300000000004,5.935200000000001,37.39965,40.3284,4.7991,17.76045,15.07215,2.8536,9.597150000000001,7.71435,19.9416,60.316950000000006,29.7798,29.74065,26.481600000000004,28.7052,4.69815,18.10395,7.305150000000001,11.978700000000002,27.78915,9.22935,23.466900000000003,24.94425,47.192550000000004,4.1983500000000005,13.65495,17.797050000000002,7.372650000000001,2.63025,22.801650000000002,8.543400000000002,11.00535,1.6824,4.98465,2.4834,27.036450000000002,38.7633,8.090250000000001,22.335900000000002,9.083250000000001,0.93615,4.91295,44.7291,7.00155,44.05785,25.23,8.08275,15.192,12.624,6.4818,37.602000000000004,15.75735,27.840149999999998,6.843,41.67060000000001,27.57465,6.820950000000001,8.27715
70020103,71.33655,13.09845,12.813900000000002,15.986699999999999,12.699449999999999,10.4331,9.62535,19.560000000000002,16.512900000000002,18.88935,7.77405,19.8735,19.993050000000004,22.777800000000003,7.69785,12.472650000000002,6.7878,19.6593,18.87555,21.631800000000002,40.4793,18.67785,20.6946,52.57770000000001,22.50075,14.06685,69.15270000000001,14.073300000000001,24.027300000000004,7.66455,0.0,38.4765,27.47895,44.5002,8.56695,7.967700000000001,9.8553,2.64825,16.731900000000003,37.0212,11.00445,12.216450000000002,14.72595,11.07405,18.9792,14.03475,21.59445,17.9115,8.870400000000002,40.12275,33.25515,2.65095,16.4481,16.64865,6.214650000000001,11.6775,3.70155,18.629250000000003,58.979549999999996,28.4424,28.40325,24.487650000000002,27.367800000000003,10.266900000000001,16.7916,12.86565,14.3754,25.795350000000003,14.798250000000001,21.47295,22.95045,51.498450000000005,3.1038,12.342600000000001,16.484550000000002,10.30785,5.72955,20.8077,10.623750000000001,9.69285,6.08505,10.545150000000001,6.2451,25.04265,31.689899999999998,13.659150000000002,20.34195,11.013,7.15275,10.4733,44.280750000000005,12.57045,48.3639,23.2362,13.6515,13.879650000000002,7.30545,7.6458,37.15365,17.036550000000002,26.502750000000002,8.48595,44.39385000000001,26.237250000000003,10.741950000000001,13.845900000000002
70029285,51.171600000000005,31.4262,31.416600000000003,28.569300000000002,31.6947,38.8752,42.18915,52.4064,26.248050000000003,48.2115,35.0793,52.719750000000005,52.8393,55.62405,38.0187,37.32615,35.44215,52.50555,54.7848,56.024100000000004,2.73165,53.070299999999996,53.541000000000004,19.56015,55.34715,40.54005,49.44225,47.907450000000004,56.87370000000001,35.303399999999996,37.41765,0.0,61.8714,75.80115,32.809200000000004,34.03365,39.80115,39.81615,50.5659,2.4267,34.05795,31.5639,28.083600000000004,31.58745,54.888450000000006,42.490500000000004,55.9869,50.75775,36.78765,2.3751,67.64745,35.60925,50.28210000000001,28.4337,37.02465,40.449600000000004,40.236000000000004,54.99795000000001,93.372,62.834700000000005,62.79555,57.33405,61.76010000000001,33.320550000000004,50.625600000000006,30.909750000000003,42.83115,58.641600000000004,34.57215,54.31935000000001,55.796850000000006,20.598750000000003,35.008500000000005,46.17660000000001,50.31870000000001,38.225100000000005,37.05735000000001,53.65410000000001,39.39585,43.83825,35.852850000000004,32.08665,36.120000000000005,57.8889,66.08235,33.43305,53.18835000000001,30.36045,34.74165,31.040850000000002,75.58170000000001,32.344350000000006,9.2994,56.08245000000001,33.425399999999996,47.71365,45.14565,38.5632,68.45445000000001,29.9214,60.89505,37.69545,6.6462,60.62970000000001,37.23495,30.43245
70030492,88.89825,34.38345,34.0989,37.2717,33.98445,25.444350000000004,20.6922,23.3631,37.79415,28.37595,29.243250000000003,22.883100000000002,23.454150000000002,18.130650000000003,25.13775,28.5807,28.2549,23.85375,8.813550000000001,17.269800000000004,64.3833,10.94475,23.28795,73.85895000000001,20.089800000000004,29.03055,86.7144,19.984050000000003,18.653100000000002,29.13165,26.136750000000003,62.38065,0.0,41.68395,30.034050000000004,27.874800000000004,23.16825,25.977300000000003,11.34735,60.92535000000001,32.28945,31.264050000000005,36.19305000000001,32.35515,8.917200000000001,24.72045,17.23245,24.7128,27.248850000000004,64.0269,20.61615,27.630600000000005,16.93455,34.210350000000005,27.683850000000003,26.6412,24.4971,9.0267,33.240899999999996,1.3102500000000001,1.2711000000000001,16.03065,0.11115,31.55205,11.40705,34.1469,25.061100000000003,20.42115,32.606550000000006,25.27605,17.57625,72.7797,27.51765,16.1625,16.971,26.793750000000003,27.196649999999998,24.6108,25.587600000000002,21.5496,27.55215,31.82625,27.71205,15.098550000000001,19.050900000000002,34.94415,21.50355,32.81685,28.619850000000003,31.754550000000002,41.20125,33.85545,69.64515,26.007,34.9365,19.79025,19.521300000000004,24.41835,34.07415,34.59825,1.7142,25.971300000000003,68.29785000000001,2.1876,27.227850000000004,35.13105
70030499,117.82950000000001,48.752100000000006,48.4674,51.57765,48.353100000000005,39.813,32.0037,19.237800000000004,52.16265,24.7887,43.024950000000004,20.6304,20.74995,24.362550000000002,41.22135,42.949200000000005,39.6387,20.4162,34.114050000000006,42.6462,79.33770000000001,37.669200000000004,21.451500000000003,88.22745,26.3217,43.3992,115.64580000000001,25.06425,22.845000000000002,40.51545,38.044050000000006,77.3349,43.085550000000005,0.0,41.41785,44.1702,39.834450000000004,37.36110000000001,31.970399999999998,75.87960000000001,46.65795,46.7616,52.9701,46.723800000000004,34.2177,36.17325,42.608850000000004,25.337100000000003,41.61735,78.98115,54.269549999999995,39.50235000000001,28.07955,63.25095000000001,44.9247,41.00985000000001,35.8809,33.8679,74.9898,44.049,44.0097,28.254,42.9744,45.920550000000006,32.03025,48.5154,35.8404,20.70495,46.9752,18.32985,26.716800000000003,87.14835000000001,38.901450000000004,33.262950000000004,28.116000000000003,41.1624,38.58045,17.9901,39.956100000000006,32.86110000000001,38.93595,46.1949,39.095850000000006,28.808850000000003,52.704299999999996,49.31265,21.865650000000002,45.55815,40.00365,46.123200000000004,1.78095,48.22410000000001,84.0138,16.424550000000004,49.30515,25.25805,32.20875,41.561550000000004,8.04015,64.7385,42.2409,40.33995,83.25210000000001,41.4345,41.5965,49.48785
70030842,67.60785,11.163,10.853250000000001,14.0511,10.76385,11.65605,12.007650000000002,21.942300000000003,11.3739,20.992350000000002,7.860150000000001,22.2558,22.37535,25.160100000000003,8.97585,10.54545,4.0504500000000005,22.0416,21.25785,27.92115,35.600550000000005,24.812850000000005,23.076900000000002,46.116,24.8832,15.619800000000001,65.424,16.455750000000002,26.409600000000005,3.9117000000000006,7.7706,33.597750000000005,29.886300000000002,46.8825,0.0,6.2388,12.2376,10.26435,19.1142,32.142450000000004,9.06885,8.830200000000001,6.850950000000001,7.650900000000001,21.3615,15.27135,27.883800000000004,20.2938,9.5685,35.244,39.5445,5.36265,18.8304,12.91665,5.889,13.23045,8.7843,21.011550000000003,61.386900000000004,30.84975,30.810600000000004,26.86995,29.77515,8.33145,19.173900000000003,10.215150000000001,15.612,28.17765,12.862650000000002,23.855400000000003,25.33275,45.0369,4.7619,14.724900000000002,18.86685,11.00595,5.66565,23.19,12.1767,12.07515,4.461,7.2723,3.8838,27.42495,37.97925,11.723550000000001,22.724400000000003,7.62675,3.3498,7.159650000000001,46.663050000000005,10.63485,41.902350000000006,25.6185,11.716050000000001,16.26195,13.69395,8.923950000000001,39.53595,13.60185,28.909950000000002,10.4763,39.51495,28.644600000000004,10.454400000000001,11.91045
70031292,64.68375,16.470750000000002,16.18605,19.35885,16.0716,16.73145,15.9237,25.858350000000005,18.258300000000002,25.1877,13.167900000000001,26.171850000000003,26.2914,29.07615,13.263449999999999,15.8532,8.342550000000001,25.95765,20.56635,21.8058,38.291850000000004,18.85185,26.99295,53.0004,28.799100000000003,20.3652,62.499900000000004,20.371650000000002,30.32565,9.21945,7.0081500000000005,36.28905,27.65295,50.79855,7.576200000000001,0.0,16.153650000000003,9.40665,23.100150000000003,34.8339,14.3766,5.19915,13.735199999999999,13.164300000000003,20.670150000000003,20.3331,21.76845,24.20985,14.87625,37.935300000000005,33.42915,7.29105,22.74645,9.99585,9.277800000000001,17.97585,12.70035,20.779500000000002,59.153549999999996,28.6164,28.577250000000003,30.786,27.541800000000002,13.639199999999999,23.16,17.099400000000003,20.673750000000002,32.0937,18.1704,27.771300000000004,29.248800000000003,51.921299999999995,7.5642000000000005,18.64095,22.7829,16.3137,8.944650000000001,27.106050000000003,16.9221,15.9912,8.78685,12.7857,7.79985,31.341,31.8639,17.0313,26.640300000000003,5.936100000000001,8.707650000000001,12.673050000000002,50.579100000000004,15.9426,48.78660000000001,29.534550000000003,17.0238,20.178,17.61,14.442150000000002,43.452000000000005,10.383750000000001,26.676600000000004,15.784050000000002,42.2064,26.411250000000003,15.762150000000002,17.2182
70031293,77.08725,12.27795,11.993250000000002,15.166050000000002,11.8788,3.3405,2.3772,14.3607,15.688500000000001,10.62795,6.5508,14.674050000000001,14.7936,17.57835,2.8245,6.47505,9.94305,14.45985,13.69935,22.2165,42.863550000000004,17.25435,15.49515,51.753299999999996,17.30145,6.9741,74.9034,8.8671,18.828,10.8198,8.6106,40.86075,22.327800000000003,38.21745,11.7222,14.474400000000001,0.0,7.333950000000001,11.555700000000002,39.40545,10.1838,17.06595,16.49595,10.24965,13.803,4.905600000000001,22.179150000000003,12.712050000000001,3.7368,42.507000000000005,33.839850000000006,9.806700000000001,14.220150000000002,22.524150000000002,6.184200000000001,4.5847500000000005,5.853750000000001,13.453050000000001,53.8284,23.29125,23.252100000000002,19.28835,22.21665,9.4464,11.615400000000001,12.041250000000002,5.2464,20.5959,10.501050000000001,16.27365,17.751,50.674200000000006,9.2058,7.166400000000001,14.25675,4.68825,6.5630999999999995,15.608400000000001,3.531,4.02615,9.2403,9.72075,9.400200000000002,19.8432,32.27460000000001,12.838500000000002,15.142650000000001,15.8625,10.308,9.64905,37.998000000000005,11.7498,47.53965,18.03675,12.831000000000001,8.6733,6.1354500000000005,2.9328000000000003,30.8709,23.09685,21.35145,2.9631000000000003,46.777950000000004,21.086100000000002,5.122350000000001,13.025400000000001
70034004,73.25865,15.181050000000003,14.89635,18.069300000000002,14.782050000000002,10.019400000000001,8.81655,18.7512,18.5955,18.080550000000002,9.856650000000002,19.0647,19.184250000000002,21.969,8.4495,13.15395,9.430950000000001,18.8505,16.267500000000002,17.50695,42.40155,14.553,19.885800000000003,54.66015,21.69195,13.653,71.07495000000002,13.2645,23.218500000000002,10.3077,2.172,40.39875,23.354100000000003,43.6914,11.685900000000002,9.889800000000001,9.441450000000001,0.0,15.9231,38.94345,13.087050000000001,14.1387,17.844900000000003,13.156500000000001,16.37115,13.6209,17.4696,17.10255,10.953000000000001,42.045,29.130300000000002,4.73355,15.639300000000002,18.5709,8.29725,11.263650000000002,3.45405,16.48065,54.85470000000001,24.317550000000004,24.2784,23.67885,23.24295,12.3495,15.982800000000003,14.948250000000002,13.9617,24.98655,16.8807,20.664150000000003,22.141650000000002,53.58105,5.1864,11.533800000000001,15.67575,11.36715,8.3727,19.998900000000003,10.209900000000001,8.88405,8.728200000000001,12.627600000000001,8.8881,24.23385,27.565050000000003,15.7416,19.533150000000003,12.93525,9.795900000000001,12.555900000000001,43.47195,14.653050000000002,50.4465,22.427400000000002,15.7341,13.07085,5.88435,7.7301,36.3447,18.958650000000002,22.377750000000002,9.642000000000001,46.31595,22.1124,11.801250000000001,15.928500000000001
70042197,83.35050000000001,23.07825,22.793550000000003,25.9665,22.67925,14.13915,9.387,12.629550000000002,26.48895,15.8277,17.93805,11.541,12.015450000000001,11.391150000000001,13.832550000000001,17.2755,16.9497,11.9451,3.0400500000000004,12.9201,52.33545000000001,6.5950500000000005,11.19405,62.5536,11.11425,17.72535,81.1668,8.678700000000001,12.64065,17.82645,15.355050000000002,50.33265,11.6685,31.056300000000004,18.72885,21.481050000000003,11.863050000000001,14.6721,0.0,48.87735000000001,20.984250000000003,24.0726,24.887850000000004,21.04995,3.1437000000000004,13.41525,12.882900000000001,12.16455,15.943650000000002,51.9789,24.54345,16.81335,5.6293500000000005,28.662600000000005,16.37865,15.336,13.191900000000002,2.79375,43.16910000000001,12.63195,12.592800000000002,13.101,11.55735,20.2467,0.059699999999999996,22.8417,13.7559,14.4087,21.30135,14.5425,11.5638,61.474500000000006,16.21245,4.85715,5.6658,15.488550000000002,15.891449999999999,13.87725,14.2824,10.2444,16.24695,20.521050000000002,16.406850000000002,13.656,22.978350000000002,23.638800000000003,8.95545,22.86915,17.31465,20.44935,30.573600000000003,22.550250000000002,58.33995000000001,15.37935,23.631300000000003,8.485050000000001,8.216099999999999,13.113150000000001,23.4465,29.050500000000003,10.6923,14.6661,56.24985,10.4268,15.92265,23.8257
70043250,53.02905,29.37315,29.363550000000004,26.516250000000003,29.64165,36.82215,40.136100000000006,50.353350000000006,24.195,46.15845,33.026250000000005,50.666700000000006,50.78625,53.571000000000005,35.96565,35.27295,33.38895,50.4525,52.731750000000005,53.97105,4.5891,51.017100000000006,51.4878,17.47395,53.29410000000001,38.486850000000004,51.29970000000001,45.8544,54.82065,33.250350000000005,35.3646,2.5863,59.818200000000004,73.74795,30.756149999999998,31.980600000000003,37.7481,37.762950000000004,48.51285000000001,0.0,32.0049,29.510850000000005,26.03055,29.534399999999998,52.8354,40.43745,53.93370000000001,48.7047,34.73460000000001,4.23255,65.59440000000001,33.556200000000004,48.22905,26.38065,34.9716,38.396550000000005,38.18295,52.944750000000006,91.3188,60.78165,60.74250000000001,55.28085000000001,59.70705,31.267350000000004,48.57255000000001,28.8567,40.7781,56.58855,32.518950000000004,52.2663,53.74365,18.51255,32.9553,44.12355,48.26565,36.172050000000006,35.0043,51.60105,37.342800000000004,41.785050000000005,33.79965,30.033600000000003,34.0668,55.83585000000001,64.02915,31.379850000000005,51.1353,28.307399999999998,32.68845,28.987800000000004,73.52850000000001,30.291300000000003,11.15685,54.0294,31.372350000000004,45.6606,43.092600000000004,36.51015,66.4014,27.8682,58.842000000000006,35.6424,8.5035,58.5765,35.1819,28.379250000000003
70043420,73.5738,4.1976,4.31655,7.08585,4.202100000000001,6.04035,10.9152,21.13245,10.733550000000001,16.93755,5.51895,21.445800000000002,21.565350000000002,24.3501,6.744750000000001,3.4716000000000005,7.8993,21.2316,22.23735,30.754649999999998,37.4034,25.7925,22.26705,46.29315,24.0732,6.938700000000001,71.3901,17.405250000000002,25.59975,6.21585,11.708250000000001,35.400600000000004,30.86595,44.5272,9.1248,13.4886,8.5272,14.202150000000001,20.09385,33.9453,0.0,16.698900000000002,11.541,3.8616,22.341150000000003,11.21655,30.7173,19.483800000000002,5.513700000000001,37.046850000000006,42.378,11.355,22.758300000000002,18.995250000000002,7.464450000000001,7.0416,12.72195,21.9912,62.36655,31.8294,31.790100000000002,26.060100000000002,30.754800000000003,1.7196000000000002,20.153550000000003,7.0863000000000005,11.557200000000002,27.36765,3.9366000000000003,23.0454,24.522900000000003,45.21405,10.75425,15.704550000000001,22.79475,5.47125,6.920400000000001,22.38015,8.1219,12.564300000000001,6.255000000000001,3.0954,7.8405000000000005,26.61495,40.81275,4.7581500000000005,21.9144,14.876550000000002,6.36,4.694100000000001,44.307750000000006,3.6696000000000004,42.0795,24.808500000000002,4.75065,17.21145,14.6736,7.192500000000001,37.1805,20.4828,29.889600000000005,6.4215,41.317800000000005,29.62425,4.46955,4.94505
70081032,62.401650000000004,13.62285,12.33075,15.194400000000002,12.424650000000002,19.6629,17.061300000000003,26.99595,13.08675,28.999200000000002,15.867,27.309450000000002,27.429000000000002,30.21375,14.401050000000001,18.1137,9.4803,27.09525,23.919900000000002,25.159200000000002,37.3134,22.2054,28.130550000000003,47.82885,29.936850000000003,23.62665,60.21795000000001,21.509400000000003,31.463250000000002,10.357050000000001,11.0196,35.3106,31.006500000000003,51.93615,10.98885,5.0568,17.29125,13.41795,24.16785,33.8553,15.288300000000001,0.0,8.56365,12.375150000000001,24.023550000000004,23.278200000000002,25.122,25.347450000000002,17.57535,36.95685,36.78255,9.211200000000002,23.884050000000002,7.71375,10.415400000000002,21.2373,13.83795,24.13305,62.50710000000001,31.969800000000003,31.93065,31.923600000000004,30.8952,14.55075,24.22755,11.69265,23.618850000000002,33.231300000000005,17.59305,28.909050000000004,30.3864,46.749750000000006,8.6103,19.778550000000003,23.920650000000002,19.012800000000002,10.08225,28.243800000000004,20.183550000000004,17.128800000000002,9.92445,12.87435,8.93745,32.47860000000001,35.21745,14.98065,27.778050000000004,1.5528000000000002,12.921300000000002,11.82855,51.71670000000001,15.365400000000001,43.6152,30.67215,14.973150000000002,21.3156,18.747600000000002,15.579900000000002,44.589600000000004,8.101650000000001,30.03015,18.483150000000002,41.2278,29.7648,18.022650000000002,13.190400000000002
70082414,63.716100000000004,9.2352,7.943250000000001,10.806750000000001,8.037,15.275250000000002,18.5892,28.042050000000003,4.788450000000001,24.61155,11.47935,28.355550000000004,28.475100000000005,31.259700000000002,14.418750000000001,13.726050000000003,8.897400000000001,28.141350000000003,27.35745,35.8287,30.640800000000002,32.87475,29.17665,39.530550000000005,30.982800000000005,19.239,61.5324,22.55535,32.509350000000005,8.758650000000001,13.8702,28.638,35.986050000000006,52.20120000000001,6.264450000000001,12.43425,16.2012,16.3641,25.213800000000003,27.1827,10.90065,8.10975,0.0,7.987500000000001,27.461100000000005,18.89055,35.79135,26.3934,13.1877,30.28425,47.4519,11.8236,24.930149999999998,9.0249,10.73595,16.84965,14.8839,27.111300000000004,67.48665,36.94935,36.9102,32.9697,35.87475,10.1631,25.27365,7.305000000000001,19.2312,34.2774,13.205550000000002,29.955000000000002,31.4325,38.45145,11.222700000000001,20.8245,24.966600000000003,14.625150000000001,10.5126,29.28975,15.795900000000001,18.1749,9.3081,8.4867,9.57525,33.524550000000005,45.8868,10.593,28.824,8.086200000000002,8.196900000000001,7.440900000000001,51.98160000000001,10.97775,35.31675,31.718100000000003,10.585500000000001,22.36155,19.7937,14.96325,44.8545,9.72585,35.0097,14.095500000000001,34.5552,34.744350000000004,13.635000000000002,8.80275
70083842,67.8075,3.8754,3.0441000000000003,7.8468,2.9298,8.80935,12.123450000000002,22.340550000000004,6.408900000000001,18.1458,5.013450000000001,22.65405,22.773600000000002,25.5582,7.95285,7.2603,5.622,22.43985,23.445600000000002,31.962750000000003,33.583800000000004,27.000600000000002,23.475150000000003,42.47355,25.2813,12.7731,65.6238,18.61335,26.807850000000002,5.6373,11.20275,31.581000000000003,32.07405,45.7353,6.2415,10.899450000000002,9.7353,13.696650000000002,21.30195,30.125700000000002,3.5817000000000005,12.3741,7.216200000000001,0.0,23.54925,12.424650000000002,31.92555,20.6919,6.7218,33.227250000000005,43.5861,10.8495,23.9664,13.244550000000002,6.958950000000001,10.383750000000001,12.216450000000002,23.1993,63.57465,33.0375,32.99835,27.2682,31.9629,2.8443,21.36165,2.76165,12.76545,28.5759,5.9481,24.253500000000003,25.731,41.39445,10.248750000000001,16.912650000000003,24.003,8.15925,7.27725,23.588250000000002,9.33,13.772400000000001,5.769,1.3014000000000001,6.29985,27.8232,42.021,4.809,23.122500000000002,12.350550000000002,4.9215,0.21300000000000002,45.51585000000001,3.7203,38.2599,26.016600000000004,4.8015,18.4197,15.8817,8.497349999999999,38.388600000000004,13.817250000000001,31.097850000000005,7.6297500000000005,37.49835,30.832350000000005,7.1691,5.8428
70084418,81.88095000000001,25.491899999999998,25.2072,28.38015,25.0929,16.5528,11.800650000000001,15.0432,28.90245,18.24135,20.3517,13.95465,14.4291,13.804800000000002,16.246199999999998,19.68915,19.36335,14.35875,0.3723,10.252500000000001,57.36615,3.9274500000000003,13.6077,64.96725,13.527750000000001,20.139000000000003,79.69725000000001,11.09235,15.054300000000001,20.2401,19.11945,55.363350000000004,9.000900000000001,33.469950000000004,21.142500000000002,20.8575,14.276550000000002,17.0856,2.4558000000000004,53.908049999999996,23.397900000000003,24.246750000000002,27.3015,23.4636,0.0,15.828750000000001,10.215150000000001,14.578199999999999,18.357300000000002,57.009600000000006,21.87585,19.227,8.043000000000001,27.193050000000003,18.7923,17.749650000000003,15.605550000000003,0.13515,40.5015,9.96435,9.92505,15.514650000000001,8.889750000000001,22.66035,2.5155000000000003,25.255200000000002,16.16955,16.82235,23.715,16.95615,13.97745,63.88815,18.6261,7.2708,8.079450000000001,17.9022,18.3051,16.2909,16.6959,12.658050000000001,18.6606,22.9347,18.820500000000003,16.069650000000003,20.3106,26.05245,11.368950000000002,25.2828,19.7283,22.863,32.98725,24.9639,60.753600000000006,17.793,26.04495,10.898700000000002,10.629750000000001,15.526800000000001,25.86015,27.58095,8.02455,17.07975,61.28055,7.759200000000001,18.3363,26.239350000000005
70084927,79.2735,14.4642,14.1795,17.35245,14.065199999999999,5.5251,4.7271,12.12315,17.874750000000002,7.861800000000001,8.73705,12.436650000000002,12.5562,15.34095,6.933450000000001,8.66145,13.910550000000002,12.22245,16.04925,24.566550000000003,45.049800000000005,19.604400000000002,13.257750000000001,53.93955,15.063900000000002,4.38015,77.08965,11.24985,16.59045,13.092150000000002,12.9702,43.047000000000004,24.677850000000003,35.5056,16.0818,18.83415,5.5509,13.233300000000002,13.9056,41.5917,12.370199999999999,23.8401,18.6822,12.435900000000002,16.152900000000002,0.0,24.5292,10.47465,7.3294500000000005,44.69325,36.1899,14.166300000000001,16.5702,24.71055,10.63695,4.805700000000001,11.7531,15.8031,56.178450000000005,25.6413,25.602,17.050800000000002,24.566550000000003,11.632650000000002,13.96545,14.227500000000001,1.00605,18.3585,12.687300000000002,14.036100000000001,15.5136,52.86045000000001,13.565550000000002,9.516300000000001,16.606650000000002,6.8745,10.955250000000001,13.37085,5.668200000000001,6.37605,11.799750000000001,11.907,13.3677,17.605800000000002,34.62465,15.024750000000001,12.905100000000001,20.222250000000003,12.575550000000002,11.8353,35.28615,13.9362,49.7259,15.79935,15.01725,11.02335,8.4855,7.273650000000001,28.159050000000004,25.283250000000002,23.701500000000003,6.05205,48.9642,23.43615,7.3086,15.21165
70084983,82.86705,33.94605,33.661350000000006,36.83415,33.5469,25.00695,20.25465,23.51865,40.65495,26.716800000000003,28.8057,22.4301,22.904550000000004,22.280250000000002,24.7002,28.14315,27.817350000000005,22.8342,9.9768,0.18000000000000002,58.352250000000005,8.2623,22.083150000000003,70.1634,22.00335,28.593149999999998,80.68335,19.5465,23.52975,28.694100000000002,20.1057,56.349450000000004,17.0634,41.9454,27.7104,21.843600000000002,22.7307,19.2072,12.5106,54.89415,31.8519,25.232850000000003,36.13185000000001,31.91775,10.0806,24.2829,0.0,23.05365,26.811300000000003,57.99570000000001,11.9625,21.59955,16.51845,28.17915,27.2463,26.2038,24.05955,10.189950000000001,37.9152,18.02685,17.9877,23.9901,16.95225,31.114500000000003,12.57045,33.70935,24.6237,25.297800000000002,32.169000000000004,25.431600000000003,22.452900000000003,69.0843,22.053,15.72495,16.5549,26.356350000000003,26.759100000000004,24.766350000000003,25.150050000000004,21.112050000000004,27.114600000000003,31.388850000000005,27.274649999999998,24.5451,10.397400000000001,34.506600000000006,19.84455,26.78565,28.1823,31.317,41.4627,33.4179,65.9496,26.26845,34.499100000000006,19.3527,19.0839,23.980800000000002,34.33560000000001,28.567050000000002,16.0872,25.53375,62.26665,15.8217,26.790300000000002,34.6935
70130674,87.8919,23.0826,22.797900000000002,25.9707,22.68345,14.143500000000001,10.548900000000001,4.791,26.49315,3.9952500000000004,17.35545,5.104500000000001,5.22405,9.8427,15.55185,17.2797,18.184050000000003,4.8903,16.3764,24.90855,53.668200000000006,19.93155,5.9256,62.557950000000005,9.5658,17.7297,85.70805,5.751600000000001,8.63475,19.0608,16.5894,51.6654,25.005000000000003,29.38515,19.9632,22.715400000000002,14.16495,15.90645,14.232750000000001,50.210100000000004,20.98845,25.30695,27.30045,21.0543,16.4802,10.50195,24.871350000000003,0.0,15.94785,53.31165,36.5319,18.0477,10.3419,33.3288,17.613,15.34035,14.426250000000001,16.13025,56.50560000000001,25.96845,25.92915,11.552700000000002,24.893850000000004,20.251050000000003,14.2926,22.8459,10.170900000000001,12.86025,21.305550000000004,6.703950000000001,10.015500000000001,61.47885000000001,17.446800000000003,11.7849,10.37835,15.4929,17.1258,6.0387,14.2866,11.406450000000001,17.4813,20.5254,17.6412,12.10755,34.96665,23.643150000000002,7.407,24.1035,18.549,20.453550000000003,29.1657,22.55445,58.34415,8.46705,23.635650000000002,5.9454,10.7541,15.892050000000001,22.03845,33.9015,24.028650000000003,14.670300000000003,57.582600000000006,24.7332,15.92685,23.830050000000004
70130675,74.763,9.953700000000001,9.669,12.841800000000001,9.55455,2.5701000000000005,5.88405,16.101300000000002,13.36425,11.906400000000001,4.22655,16.41465,16.5342,19.31895,2.2462500000000003,3.5529,7.435950000000001,16.20045,17.2062,25.7235,40.539300000000004,20.76135,17.2359,49.42905,19.042050000000003,6.53385,72.57915,12.3741,20.5686,7.08405,9.4059,38.536500000000004,25.8348,39.496050000000004,9.2772,15.26985,3.49605,9.669,15.0627,37.0812,7.8595500000000005,17.861250000000002,14.1717,7.925400000000001,17.310000000000002,6.1854000000000005,25.686149999999998,14.452650000000002,0.0,40.182750000000006,37.34685,10.602,17.72715,20.199900000000003,4.6287,4.1445,8.1888,16.960050000000003,57.3354,26.798250000000003,26.75895,21.028950000000002,25.72365,7.122150000000001,15.1224,9.717,6.52605,22.3365,8.17665,18.01425,19.49175,48.34995,10.00125,10.6734,17.7636,1.7661000000000002,5.007750000000001,17.349,3.0907500000000003,7.533150000000001,5.791650000000001,7.3965000000000005,7.3338,21.583800000000004,35.781600000000005,10.51425,16.88325,16.65795,6.5673,7.324650000000001,39.276450000000004,9.42555,45.215250000000005,19.777350000000002,10.50675,12.1803,9.64245,3.70935,32.149350000000005,20.7726,24.85845,1.39035,44.453700000000005,24.593100000000003,2.20005,10.701150000000002
70132664,48.9144,33.5688,33.559200000000004,30.7119,33.837300000000006,41.0178,44.33175,54.54885000000001,28.39065,50.3541,37.2219,54.862350000000006,54.9819,57.76665,40.161300000000004,39.4686,37.5846,54.64815,56.92725,58.166700000000006,1.6093500000000003,55.21275,55.68345000000001,21.015,57.48975,42.682500000000005,47.185050000000004,50.05005,59.01615,37.446000000000005,39.56025,2.1426000000000003,64.01385,77.9436,34.951800000000006,36.17625,41.94375,41.958600000000004,52.7085,4.5691500000000005,36.20055,33.706500000000005,30.226200000000002,33.730050000000006,57.03105,44.63295,58.12935,52.90035,38.93025,0.0,69.79005,37.751850000000005,52.42470000000001,30.576300000000003,39.16725,42.5922,42.378600000000006,57.1404,95.51445000000001,64.9773,64.93815000000001,59.4765,63.90270000000001,35.463,52.76820000000001,33.052350000000004,44.97375,60.784200000000006,36.714600000000004,56.46195000000001,57.939299999999996,22.0536,37.15095,48.3192,52.46115,40.3677,39.19995,55.79670000000001,41.538450000000005,45.9807,37.9953,34.22925,38.26245,60.0315,68.2248,35.575500000000005,55.33095000000001,32.50305,36.884100000000004,33.18345,77.72415000000001,34.48695,10.75425,58.225049999999996,35.568000000000005,49.85625,47.288250000000005,40.70565,70.59705,32.06385,63.03765,39.83805,4.389,62.77215,39.37755000000001,32.5749
70132665,94.53435,45.6132,45.328500000000005,48.50145,45.2142,36.6741,31.921950000000002,35.1858,52.322250000000004,38.384100000000004,40.473,34.0974,34.5717,33.9474,36.3675,39.81045,39.48465,34.50135,21.6441,11.7825,70.0194,19.9296,33.7503,81.83055,33.670500000000004,40.2603,92.35050000000001,31.21365,35.197050000000004,40.3614,31.772850000000005,68.01660000000001,20.61615,53.61270000000001,39.377700000000004,33.51075,34.397850000000005,30.874350000000003,24.1779,66.5613,43.5192,36.90015,47.79915,43.5849,21.74775,35.9502,11.9625,34.720800000000004,38.47860000000001,69.66285,0.0,33.2667,28.185600000000004,39.846450000000004,38.9136,37.87095,35.726850000000006,21.85725,25.952550000000002,19.3701,19.653750000000002,35.6574,20.505000000000003,42.78165,24.2376,45.37665,36.290850000000006,36.96495,43.8363,37.0989,34.120200000000004,80.75145,33.72015,27.392100000000003,28.2222,38.023500000000006,38.4264,36.43365,36.8172,32.77935,38.7819,43.056000000000004,38.9418,36.212250000000004,1.7748000000000002,46.173750000000005,31.5117,38.45295,39.8496,42.984300000000005,53.13,45.0852,77.6169,37.9356,46.166250000000005,31.020000000000003,30.751050000000003,35.64810000000001,46.002750000000006,40.234350000000006,27.754350000000002,37.20105,73.93395000000001,27.489,38.457600000000006,46.36065
70133553,69.9528,13.4841,13.1994,16.3722,13.08495,10.818750000000001,10.01085,19.94565,19.062,19.27485,8.1597,20.259,20.3787,23.163300000000003,8.08335,12.858150000000002,7.173450000000001,20.044800000000002,19.26105,23.2182,39.0957,20.26425,21.08025,53.804100000000005,22.886400000000002,14.452350000000001,67.76910000000001,14.45895,24.41295,8.0502,2.5824,37.0929,27.88965,44.885850000000005,8.38005,6.583950000000001,10.2408,4.5903,17.1174,35.637600000000006,11.38995,10.83285,14.538900000000002,11.45955,19.3647,14.420250000000001,23.18085,18.297,9.2559,38.73915,34.841550000000005,0.0,16.8336,15.2649,6.6003,12.063,4.863,19.0149,59.39025,28.85295,28.813800000000004,24.873300000000004,27.778350000000003,10.65255,17.1771,13.25115,14.761050000000003,26.180850000000003,15.183750000000002,21.8586,23.336100000000002,52.725,1.31145,12.7281,16.8702,10.69335,6.115200000000001,21.193350000000002,11.00925,10.0785,6.470700000000001,10.930650000000002,6.6306,25.42815,33.276300000000006,14.04465,20.7276,9.6294,7.538400000000001,10.85895,44.666250000000005,12.95595,49.590450000000004,23.6217,14.03715,14.265150000000002,11.69715,8.031450000000001,37.53915,15.652800000000003,26.913300000000003,8.8716,43.0101,26.647800000000004,11.127450000000001,14.231550000000002
70138438,87.1938,25.0104,24.7257,27.898500000000002,24.611250000000002,16.0713,11.319,7.975950000000001,28.42095,11.17425,19.8702,6.887400000000001,7.36185,6.73755,15.7647,19.2075,18.8817,7.2915,7.640400000000001,16.17255,54.26760000000001,11.19555,6.540450000000001,64.48575000000001,6.460650000000001,19.657500000000002,85.01010000000001,4.3086,7.9872000000000005,19.7586,17.28705,52.2648,16.269000000000002,26.402850000000004,20.661,23.4132,13.795050000000002,16.6041,5.4967500000000005,50.8095,22.91625,26.004600000000003,26.819850000000002,22.9821,7.7440500000000005,15.34725,16.1352,7.510950000000001,17.87565,53.911049999999996,27.7959,18.745350000000002,0.0,32.50605,18.310650000000003,17.268150000000002,15.124050000000002,7.39425,47.769600000000004,17.232300000000002,17.193150000000003,8.44755,16.1577,22.17885,5.5566,24.7737,15.29895,9.7551,23.233500000000003,9.888900000000001,6.910200000000001,63.40665,18.1446,6.7893,0.0369,17.4207,17.8236,9.223650000000001,16.2144,12.17655,18.17895,22.4532,18.339000000000002,9.002400000000002,26.23065,25.57095,4.30185,24.8013,19.246800000000004,22.381500000000003,25.92,24.48225,60.27210000000001,10.725750000000001,25.56345,4.1148,10.14825,15.045150000000001,18.792900000000003,32.893950000000004,15.292650000000002,16.59825,58.182,15.027300000000002,17.8548,25.757850000000005
70155196,55.474650000000004,14.382300000000003,13.09035,15.953850000000001,13.1841,20.42235,23.736300000000004,32.52975,13.567800000000002,29.75865,16.62645,32.84310000000001,32.96265,38.5095,19.56585,18.873150000000003,14.781900000000002,32.6289,26.351100000000002,27.5904,31.265100000000004,24.63645,38.3124,43.07625,38.232600000000005,24.386100000000003,53.2908,27.04305,39.75915,14.643150000000002,15.35265,29.262300000000003,33.43755,57.3483,12.148950000000001,9.6288,21.348300000000002,17.751150000000003,28.8849,27.807000000000002,16.04775,6.64395,9.04485,13.1346,26.45475,24.037650000000003,27.5532,30.881100000000004,18.3348,30.90855,39.213750000000005,14.74485,32.7477,0.0,16.620449999999998,21.996750000000002,19.3716,26.56425,64.93815000000001,34.401,34.361850000000004,40.219350000000006,33.3264,15.3102,28.944600000000005,12.4521,24.378300000000003,41.52705,18.352500000000003,34.4427,38.68215,41.99715,14.14395,25.3122,32.78415,19.77225,16.397100000000002,33.77745,20.943,22.66245,15.1926,13.633800000000003,14.4711,40.774350000000005,37.648500000000006,15.7401,36.073800000000006,6.620400000000001,14.08125,12.588000000000001,57.12870000000001,16.124850000000002,38.86260000000001,36.2058,15.7326,26.84925,24.28125,20.11035,50.0016,1.4875500000000001,32.46135,19.2426,35.179500000000004,32.19585000000001,18.7821,13.94985
70155987,71.4312,8.55885,8.2743,11.4471,8.15985,6.979650000000001,10.042650000000002,19.97745,12.53475,16.3161,3.7959,20.2908,20.410500000000003,23.1951,3.7183500000000005,8.4945,3.2578500000000004,20.0766,19.29285,27.81015,39.4239,22.84785,21.112050000000004,48.5994,22.9182,9.96435,69.24735000000001,14.49075,24.444750000000003,3.1183500000000004,5.8056,37.4211,27.92145,43.90560000000001,5.31135,8.3631,5.75295,8.2995,17.1492,35.9658,6.46485,10.954500000000001,10.6743,7.095750000000001,19.3965,10.59495,27.772800000000004,18.3288,4.892250000000001,39.067350000000005,39.433350000000004,5.0067,16.8654,16.740000000000002,0.0,7.575150000000001,6.8193,19.0467,59.42205,28.88475,28.845600000000005,24.905100000000004,27.81015,5.7273,17.2089,8.887500000000001,10.93575,26.21265,10.258650000000001,21.890400000000003,23.367900000000002,47.520300000000006,4.4058,12.759900000000002,16.902,6.329700000000001,0.38895,21.225150000000003,6.521400000000001,10.1103,1.6707,6.56685,2.7150000000000003,25.45995,37.86825,9.11955,20.759400000000003,9.751050000000001,3.6228,6.495150000000001,43.68615,8.03085,44.38575,23.6535,9.1119,14.296949999999999,11.728950000000001,3.6663,36.559050000000006,17.4252,26.945100000000004,4.506450000000001,43.338300000000004,26.679600000000004,6.763650000000001,9.3063
70238985,76.3104,11.50125,11.21655,14.38935,11.1021,2.56365,6.00555,16.22265,14.911800000000001,12.0279,5.774100000000001,16.536150000000003,16.6557,19.4403,3.5067000000000004,5.6983500000000005,10.875900000000001,16.32195,17.3277,25.844850000000005,42.0867,20.8827,17.35725,50.976600000000005,19.163400000000003,3.3379500000000006,74.12670000000001,12.49545,20.68995,10.1292,9.54345,40.0839,25.95615,39.6174,12.655050000000001,15.407250000000001,3.6336000000000004,9.80655,15.184050000000003,38.628750000000004,9.4071,17.998800000000003,15.719100000000001,9.47295,17.431350000000002,6.30675,25.80765,14.574000000000002,3.90465,41.73015,37.4682,10.73955,17.8485,21.74745,7.67385,0.0,8.32635,17.081400000000002,57.45675000000001,26.919600000000003,26.88045,21.1503,25.845000000000002,8.6697,15.24375,11.26455,6.64755,22.458000000000002,9.724200000000002,18.1356,19.6131,49.89735,10.138650000000002,10.79475,17.8851,3.91155,7.9923,17.47035,0.88275,7.6545000000000005,8.83665,8.94405,10.33305,21.7053,35.902950000000004,12.0618,17.0046,16.79535,9.61245,8.872200000000001,39.39795,10.9731,46.762800000000006,19.8987,12.0543,12.30165,9.7638,3.8469,32.2707,22.32015,24.97995,2.6271000000000004,46.001250000000006,24.71445,4.3455,12.248700000000001
70244565,75.1404,14.04495,13.760250000000001,16.9332,13.64595,8.32065,7.117650000000001,17.05245,17.459400000000002,16.381800000000002,8.72055,17.36595,17.485500000000002,20.27025,6.75075,11.455200000000001,7.732200000000001,17.15175,16.36785,19.00485,43.11795,19.923000000000002,18.187050000000003,53.524049999999995,19.9932,11.95425,72.95670000000001,11.565750000000001,21.519750000000002,8.60895,3.1579500000000005,41.11515,24.99645,41.99265,9.51135,11.0106,7.742700000000001,1.4979,14.2242,39.659850000000006,11.95095,14.8551,15.670350000000001,12.0204,16.47165,11.922150000000002,18.9675,15.403800000000002,9.8169,42.7614,30.6282,3.9589500000000006,13.940550000000002,21.01995,7.161150000000001,9.564900000000002,0.0,16.1217,56.49705,25.959899999999998,25.920600000000004,21.9801,24.8853,11.213400000000002,14.284050000000002,13.81215,12.262950000000002,23.2878,15.7446,18.965400000000002,20.4429,52.444950000000006,4.5129,9.83505,13.977,9.668400000000002,6.6739500000000005,18.300150000000002,8.51115,7.1853,7.029450000000001,11.4915,7.18935,22.5351,29.06295,14.605500000000001,17.834400000000002,13.651650000000002,8.097150000000001,11.4198,41.7732,13.51695,49.3104,20.728650000000002,14.598,11.3721,4.9725,6.031350000000001,34.64595,21.40785,24.0201,7.9431,47.03235000000001,23.75475,10.102500000000001,14.7924
70246377,81.6438,25.35675,25.0722,28.245,24.95775,16.417650000000002,11.665500000000002,14.908050000000001,28.76745,18.10635,20.21655,13.819500000000001,14.29395,13.66965,16.111050000000002,19.554000000000002,19.2282,14.223600000000001,1.2501,11.1303,57.129000000000005,4.80525,13.472550000000002,64.83225,13.392750000000001,20.00385,79.46010000000001,10.95735,14.919300000000002,20.10495,17.633550000000003,55.126200000000004,9.8787,33.33495,21.007350000000002,20.620350000000002,14.141550000000002,16.9506,2.32065,53.6709,23.26275,24.00975,27.166350000000005,23.3286,1.3539,15.693750000000001,11.09295,14.443050000000001,18.222150000000003,56.772450000000006,22.75365,19.09185,7.90785,26.95605,18.65715,17.61465,15.470400000000001,0.0,41.3793,10.842150000000002,10.80285,15.379650000000002,9.76755,22.52535,2.3803500000000004,25.1202,16.0344,16.6872,23.57985,16.821,13.842300000000002,63.753,18.49095,7.1358,7.944450000000001,17.7672,18.16995,16.15575,16.5609,12.522900000000002,18.52545,22.799550000000004,18.68535,15.934500000000002,21.1884,25.91745,11.23395,25.14765,19.59315,22.72785,32.85210000000001,24.828750000000003,60.61845000000001,17.65785,25.909950000000002,10.76355,10.4946,15.391650000000002,25.725,27.3438,8.90235,16.9446,61.0434,8.637,18.201150000000002,26.104350000000004
70248476,120.19800000000001,65.68320000000001,65.39865,68.57145000000001,65.28420000000001,56.7441,51.99195000000001,54.537150000000004,69.0939,59.550000000000004,60.543000000000006,54.057,54.62805,49.304700000000004,56.4375,59.88045000000001,59.55465,55.0278,40.1133,37.93695,95.68320000000001,42.2445,54.461850000000005,105.15870000000001,51.26370000000001,60.3303,118.01415000000001,55.613850000000006,49.827000000000005,60.431400000000004,57.4365,93.6804,33.0879,72.858,61.3338,59.174549999999996,54.468,57.277049999999996,42.6471,92.22510000000001,63.589200000000005,62.5638,67.4928,63.65505,40.216950000000004,56.02020000000001,38.11695,55.886700000000005,58.54860000000001,95.32665,26.15445,58.930350000000004,48.234300000000005,65.51010000000001,58.9836,57.941100000000006,55.796850000000006,40.32645,0.0,34.051350000000006,34.0122,47.204550000000005,32.97675,62.8518,42.7068,65.44665,56.360850000000006,51.59505,63.9063,56.450100000000006,48.75015,104.07945000000001,58.8174,47.462250000000004,48.2709,58.093500000000006,58.4964,55.784850000000006,56.887350000000005,52.84935000000001,58.8519,63.126000000000005,59.0118,46.27245,27.929250000000003,66.2439,52.677600000000005,64.1166,59.9196,63.0543,72.37515,65.15520000000001,100.94490000000002,57.1809,66.2364,51.09,50.82105,55.71810000000001,65.24805,65.89800000000001,33.01395,57.271049999999995,99.5976,32.84985,58.52760000000001,66.4308
70286419,89.92245000000001,35.4078,35.1231,38.2959,35.00865,26.468700000000002,21.7164,24.38745,38.81835,29.4003,30.26745,23.907300000000003,24.478350000000002,19.155,26.16195,29.6049,29.279100000000003,24.878100000000003,9.83775,18.294,65.40765,11.968950000000001,24.312150000000003,74.88315,21.114,30.0549,87.73875000000001,21.00825,19.677300000000002,30.155850000000004,27.161100000000005,63.40485,1.37115,42.7083,31.05825,28.899,24.19245,27.0015,12.371550000000001,61.94955,33.31365,32.2884,37.21725,33.3795,9.94155,25.74465,18.256800000000002,25.737000000000002,28.27305,65.0511,19.365750000000002,28.65495,17.958750000000002,35.234550000000006,28.708050000000004,27.665550000000003,25.521300000000004,10.0509,34.26525,0.0,0.40875,17.054850000000002,1.26,32.57625,12.431400000000002,35.1711,26.08545,21.44535,33.63075,26.3004,18.60045,73.80405,28.542,17.1867,17.995350000000002,27.818100000000005,28.220850000000002,25.63515,26.611800000000002,22.573800000000002,28.576350000000005,32.85060000000001,28.7364,16.12275,17.8005,35.96835,22.527900000000002,33.84105,29.644050000000004,32.77875,42.22545,34.87965,70.66935000000001,27.031200000000002,35.96085000000001,20.81445,20.545650000000002,25.442550000000004,35.09835,35.62245,2.7384,26.9955,69.32205,3.2119500000000003,28.252200000000002,36.15525
70288587,89.8224,35.30775,35.023050000000005,38.19585000000001,34.90860000000001,26.36865,21.61635,24.2874,38.718300000000006,29.300250000000002,30.167550000000002,23.80725,24.37845,19.05495,26.061899999999998,29.504850000000005,29.179050000000004,24.778050000000004,9.73785,18.19395,65.30760000000001,11.868900000000002,24.2121,74.7831,21.0141,29.954850000000004,87.63870000000001,20.9082,19.5774,30.05595,27.06105,63.3048,1.2711000000000001,42.608250000000005,30.958350000000003,28.79895,24.0924,26.90145,12.271650000000001,61.849500000000006,33.21360000000001,32.18835000000001,37.117200000000004,33.279450000000004,9.8415,25.644600000000004,18.156750000000002,25.63695,28.173000000000002,64.95105,19.653750000000002,28.5549,17.85885,35.1345,28.608,27.5655,25.4214,9.95085,34.1652,0.34785000000000005,0.0,16.954800000000002,1.15995,32.4762,12.33135,35.07105,25.9854,21.3453,33.53085,26.200350000000004,18.500400000000003,73.70400000000001,28.441950000000002,17.086650000000002,17.895300000000002,27.71805,28.12095,25.535100000000003,26.511750000000003,22.4739,28.476300000000002,32.750550000000004,28.636350000000004,16.0227,18.0885,35.868300000000005,22.42785,33.741,29.54415,32.678850000000004,42.125550000000004,34.7796,70.56945,26.93115,35.860800000000005,20.7144,20.4456,25.3425,34.9983,35.5224,2.6383500000000004,26.895600000000005,69.22200000000001,3.1119,28.15215,36.0552
70337217,94.28970000000001,29.4804,29.195850000000004,32.36865,29.0814,20.541300000000003,17.6382,7.431150000000001,32.8911,12.444,23.753400000000003,6.9510000000000005,7.522200000000001,2.1987,21.949800000000003,23.677650000000003,25.273350000000004,7.9218,17.265150000000002,27.548100000000005,60.066,21.222900000000003,7.810200000000001,68.9559,4.157850000000001,24.1275,92.10600000000001,8.50785,2.72115,26.150100000000002,23.6787,58.06320000000001,15.28275,25.752000000000002,27.052500000000002,29.8047,20.562900000000003,22.9956,15.12165,56.6079,27.3864,32.39625,33.6984,27.452100000000005,17.36895,16.899900000000002,27.51075,8.780700000000001,22.345800000000004,59.70945000000001,39.1713,25.137,11.23065,42.1308,24.7023,21.738300000000002,21.51555,17.019000000000002,47.187000000000005,16.246199999999998,16.207050000000002,0.0,15.1716,26.649,15.18135,29.243850000000005,16.56885,4.48905,27.703500000000002,9.3441,1.64415,67.87665,24.5361,16.414050000000003,11.2671,21.8907,24.2151,8.67885,20.68455,18.4956,24.570600000000002,26.9232,24.730500000000003,1.9269,37.6062,30.041100000000004,5.5716,31.192800000000002,25.6383,26.8515,25.2693,28.9524,64.74210000000001,10.074900000000001,30.033450000000002,8.70165,14.153400000000001,22.290000000000003,18.14205,42.5187,14.4381,21.068250000000003,63.98055,13.6317,22.324800000000003,30.228
70337705,88.78710000000001,34.2723,33.98760000000001,37.16055,33.8733,25.3332,20.58105,23.25195,37.68285,28.2648,29.132100000000005,22.771800000000002,23.343,18.0195,25.026600000000002,28.46955,28.14375,23.7426,8.7024,17.15865,64.27215,10.833450000000001,23.176650000000002,73.74765000000001,19.978650000000002,28.9194,86.60325,19.87275,18.54195,29.020500000000002,26.025600000000004,62.26935,0.11115,41.5728,29.9229,27.7635,23.05695,25.866000000000003,11.2362,60.81405,32.1783,31.1529,36.08175,32.244,8.80605,24.60915,17.1213,24.6015,27.13755,63.915600000000005,20.505000000000003,27.51945,16.823400000000003,34.0992,27.5727,26.530050000000003,24.38595,8.91555,33.12975,1.1991,1.15995,15.919500000000001,0.0,31.44075,11.295900000000001,34.0356,24.94995,20.30985,32.4954,25.1649,17.4651,72.66855,27.4065,16.0512,16.85985,26.682600000000004,27.085500000000003,24.499650000000003,25.476300000000002,21.43845,27.441000000000003,31.715100000000003,27.6009,14.987400000000001,18.93975,34.83285000000001,21.392400000000002,32.70555,28.5087,31.6434,41.09010000000001,33.7443,69.534,25.895850000000003,34.82535000000001,19.67895,19.41015,24.307050000000004,33.96285,34.487100000000005,1.6029,25.86015,68.18655,2.07645,27.1167,35.01975
70343296,72.66405,3.28785,3.4068,6.1761,3.2923500000000003,8.4051,11.7192,21.936300000000003,9.8238,17.741550000000004,4.6092,22.249800000000004,22.36935,25.154100000000003,7.54875,3.4588500000000004,6.98955,22.035600000000002,23.04135,31.55865,36.49365,26.596350000000005,23.0709,45.38355000000001,24.877050000000004,6.92595,70.48035,18.2091,26.403600000000004,5.306100000000001,10.79865,34.49085,31.66995,45.331050000000005,8.21505,12.578850000000001,9.33105,13.2924,20.8977,33.0357,0.7374,15.789150000000001,10.631250000000001,2.952,23.145,12.0204,31.521300000000004,20.2878,6.3177,36.137100000000004,43.181850000000004,10.445400000000001,23.562300000000004,18.0855,6.5547,7.02885,11.8122,22.7952,63.17055,32.633250000000004,32.594100000000005,26.86395,31.55865,0.0,20.957400000000003,6.1767,12.3612,28.17165,3.9238500000000003,23.84925,25.32675,44.304300000000005,9.8445,16.5084,23.598750000000003,5.4585,6.01065,23.184,8.9259,13.368150000000002,5.34525,2.18565,6.930750000000001,27.41895,41.61675,3.8484000000000003,22.71825,13.966949999999999,5.4502500000000005,3.7843500000000003,45.1116,2.75985,41.16975,25.6125,3.8409,18.01545,15.47745,8.0931,37.984500000000004,19.573050000000002,30.693600000000004,7.2255,40.4082,30.428100000000004,4.456950000000001,4.0353
70347238,83.41035000000001,23.1381,22.8534,26.0262,22.73895,14.199000000000002,9.446700000000002,12.689250000000001,26.54865,15.887550000000003,17.99775,11.600700000000002,12.07515,11.45085,13.89225,17.3352,17.009400000000003,12.004800000000001,3.0997500000000002,12.979949999999999,52.39515,6.65475,11.25375,62.61345000000001,11.173950000000001,17.7852,81.2265,8.73855,12.7005,17.88615,15.414750000000002,50.39235000000001,11.72835,31.11615,18.78855,21.5409,11.92275,14.731800000000002,0.059699999999999996,48.937050000000006,21.04395,24.1323,24.947550000000003,21.109800000000003,3.2034000000000002,13.47495,12.9426,12.224250000000001,16.00335,52.0386,24.60315,16.873050000000003,5.68905,28.722450000000002,16.43835,15.395850000000001,13.2516,2.8536,43.228950000000005,12.691650000000001,12.6525,13.16085,11.61705,20.30655,0.0,22.901400000000002,13.8156,14.4684,21.361050000000002,14.6022,11.6235,61.534200000000006,16.2723,4.917000000000001,5.72565,15.5484,15.951150000000002,13.93695,14.3421,10.3041,16.30665,20.580900000000003,16.4667,13.7157,23.038050000000002,23.69865,9.01515,22.929000000000002,17.37435,20.509050000000002,30.633300000000002,22.60995,58.39965,15.439050000000002,23.69115,8.54475,8.27595,13.17285,23.5062,29.110350000000004,10.752,14.725800000000001,56.30970000000001,10.486500000000001,15.98235,23.885550000000002
70351598,66.94395000000002,3.0759,1.7838000000000003,5.1858,1.8775500000000003,10.9107,14.224650000000002,24.4419,7.5463499999999994,20.247,7.1148,24.75525,24.874800000000004,27.659550000000003,10.054200000000002,9.361500000000001,7.7247,24.541050000000002,25.5468,34.0641,34.721250000000005,29.101950000000002,25.576350000000005,43.611000000000004,27.382649999999998,14.87445,64.76010000000001,20.7147,28.909200000000002,7.7385,13.3041,32.718450000000004,34.175399999999996,47.83665,8.344050000000001,13.002150000000002,11.83665,15.79785,23.40315,31.26315,5.41425,10.5861,6.18705,3.6229500000000003,25.65045,14.526000000000002,34.02675,22.79325,8.823150000000002,34.3647,45.68745,12.95085,26.06775,12.25275,9.060150000000002,12.485100000000001,14.317800000000002,25.30065,65.676,35.1387,35.09955,29.369550000000004,34.0641,4.6767,23.463,0.0,14.866650000000002,30.677100000000003,5.83305,26.354850000000003,27.8322,42.5319,12.34995,19.01385,26.1042,10.2606,9.3786,25.689600000000002,11.43135,15.8736,7.8702000000000005,4.12215,8.40255,29.9244,44.1222,4.433700000000001,25.223850000000002,10.56255,7.0242,3.07635,47.617050000000006,3.5415,39.39735,28.11795,4.42605,20.5209,17.983050000000002,10.598700000000001,40.48995,12.937949999999999,33.19905,9.73095,38.63565,32.9337,9.27045,3.1818
70361410,80.10825,15.29895,15.01425,18.187050000000003,14.899800000000003,6.35985,5.561850000000001,11.9946,18.709500000000002,7.78755,9.5718,12.3081,12.427650000000002,15.212250000000001,7.768200000000001,9.49605,14.74515,12.093900000000001,16.884,25.401300000000003,45.884550000000004,20.439,13.129199999999999,54.7743,14.93535,5.21475,77.9244,11.121150000000002,16.4619,13.926900000000002,13.80495,43.881750000000004,25.512600000000003,35.377050000000004,16.91655,19.6689,6.385650000000001,14.068050000000001,14.740350000000001,42.42645,13.204800000000002,24.674850000000003,19.51695,13.270650000000002,16.987650000000002,0.83475,25.36395,10.34595,8.164200000000001,45.528000000000006,37.0245,15.001050000000001,15.71145,25.54515,11.47155,5.64045,12.58785,16.63785,57.013200000000005,26.4759,26.43675,16.922250000000002,25.401300000000003,12.467400000000001,14.800050000000002,15.06225,0.0,18.22995,13.5219,13.907550000000002,15.385050000000001,53.69520000000001,14.400300000000001,10.35105,15.747900000000001,7.709250000000001,11.790000000000001,13.242300000000002,6.50295,7.2108,12.634500000000001,12.741750000000001,14.202449999999999,17.47725,35.4594,15.8595,12.776550000000002,21.057000000000002,13.410150000000002,12.670050000000002,35.1576,14.770800000000001,50.560500000000005,15.670650000000002,15.852,11.314950000000001,9.3201,8.108400000000001,28.0305,26.117850000000004,24.536250000000003,6.8868,49.798950000000005,24.270750000000003,8.14335,16.046400000000002
70362005,95.74875,30.93945,30.654750000000003,33.82755,30.540300000000002,22.00035,19.0971,7.1931,34.35,13.9029,25.212300000000003,6.712950000000001,7.284000000000001,3.6576000000000004,23.4087,25.136550000000003,26.73225,7.683750000000001,18.7242,27.256350000000005,61.52505,22.2792,7.1178,70.4148,5.616750000000001,25.586550000000003,93.56490000000001,9.9669,2.48295,27.609,25.137600000000003,59.52225000000001,22.3806,20.838150000000002,28.5114,31.26375,22.021800000000002,24.45465,16.580550000000002,58.066950000000006,28.8453,33.85515,35.157450000000004,28.91115,18.82785,18.35895,27.219,10.23975,23.8047,61.1685,38.87955,26.5959,12.689550000000002,43.5897,26.1612,23.1972,22.97445,18.4779,54.284850000000006,23.344050000000003,23.304900000000004,7.54905,22.26945,28.1079,16.64025,30.70275,18.02775,0.0,29.162399999999998,6.2598,6.011850000000001,69.3357,25.995,17.8731,12.72615,23.34975,25.674000000000003,5.92005,22.14345,19.95465,26.029500000000002,28.382250000000003,26.1894,8.10405,37.31445,31.500000000000004,7.0305,32.6517,27.0972,28.310399999999998,20.35545,30.411300000000004,66.20100000000001,5.161200000000001,31.492500000000003,10.1607,15.612300000000001,23.748900000000003,13.22835,43.9776,21.5361,22.527300000000004,65.43945000000001,20.729550000000003,23.78385,31.686899999999998
70373907,72.75735,3.2134500000000004,4.06665,6.26925,3.9988500000000005,11.996550000000001,15.31065,21.943800000000003,11.402400000000002,16.9047,8.200650000000001,22.2573,22.37685,28.7454,11.14005,6.3555,10.581000000000001,22.0431,26.632800000000003,35.149950000000004,36.58695,30.187800000000003,23.078400000000002,45.4767,28.468500000000002,5.59785,70.57350000000001,21.80055,29.995050000000003,8.89755,14.389949999999999,34.58415,35.261250000000004,46.48275,11.806500000000002,16.170150000000003,12.922500000000001,16.88385,24.489150000000002,33.12885000000001,3.30765,17.3259,12.168000000000001,5.8809000000000005,26.73645,9.846300000000001,35.112750000000005,23.8791,9.909,36.2304,46.773300000000006,14.0367,27.153600000000004,18.17865,10.14615,8.05125,15.40365,26.3865,66.76185000000001,36.2247,36.185550000000006,30.4554,35.1501,4.1664,24.54885,6.37035,10.85235,31.763100000000005,0.0,23.85675,28.9182,44.397600000000004,13.43595,20.09985,27.1902,8.355150000000002,9.6021,23.1915,8.89395,16.959600000000002,8.9367,5.11455,10.522200000000002,31.0104,45.2082,2.2113,26.3097,17.30235,9.0417,6.288900000000001,46.26315,2.60865,41.2629,25.619850000000003,2.2038,21.60675,19.068900000000003,11.68455,39.136050000000004,19.66635,34.285050000000005,10.81695,40.50135,34.01955,7.3534500000000005,4.1286000000000005
70374983,91.36035000000001,26.551050000000004,26.266350000000003,29.439300000000003,26.152050000000003,17.61195,14.6787,1.9129500000000002,29.961600000000004,7.46385,20.824050000000003,3.3055499999999998,3.4251000000000005,8.7705,19.020300000000002,20.748300000000004,22.313850000000002,3.0913500000000003,16.7892,25.321350000000002,57.13665,20.344350000000002,4.12665,66.0264,10.729650000000001,21.198150000000002,89.17665000000001,7.739400000000001,6.8808,23.1906,20.7192,55.13385,25.417800000000003,18.4452,24.093,26.845350000000003,17.633550000000003,20.036250000000003,14.645550000000002,53.67855,24.457050000000002,29.43675,30.769050000000004,24.522750000000002,16.89285,13.970550000000001,25.284000000000002,8.01225,19.41645,56.780100000000004,36.944700000000005,22.177500000000002,10.754700000000001,36.7974,21.742800000000003,18.8088,18.556050000000003,16.54305,59.39775,26.381100000000004,26.34195,12.66195,25.3065,23.7195,14.705400000000001,26.314500000000002,13.63935,6.2418000000000005,24.77415,0.0,11.12475,64.9473,21.5766,15.9381,10.791150000000002,18.96135,21.2556,1.3392,17.7552,15.53625,21.6111,23.993850000000002,21.771,13.216800000000001,35.37945,27.111600000000003,5.9014500000000005,28.233300000000003,22.678800000000003,23.922150000000002,17.96235,26.02305,61.81275,2.7681000000000004,27.104100000000003,7.933200000000001,14.8839,19.360500000000002,10.83525,37.3701,24.44145,18.138900000000003,61.05105,25.84245,19.39545,27.2985
70375866,93.1683,28.359,28.07445,31.24725,27.96,19.419900000000002,16.516800000000003,6.30975,31.7697,11.3226,22.632,5.8296,6.4008,1.0773000000000001,20.828400000000002,22.556250000000002,24.15195,6.800400000000001,16.143900000000002,24.6759,58.94460000000001,19.698900000000002,6.6888000000000005,67.8345,3.0364500000000003,23.0061,90.9846,7.386450000000001,1.59975,25.0287,22.5573,56.9418,19.800300000000004,24.630600000000005,25.931100000000004,28.683300000000003,19.4415,21.874200000000002,14.000250000000001,55.48650000000001,26.265,31.274850000000004,32.577000000000005,26.330850000000005,16.24755,15.778500000000001,24.6387,7.6593,21.224400000000003,58.588049999999996,36.29925,24.0156,10.109250000000001,41.0094,23.580900000000003,20.6169,20.394150000000003,15.8976,51.70455,20.76375,20.72445,4.96875,19.689,25.527600000000003,14.059949999999999,28.12245,15.44745,3.3676500000000003,26.582100000000004,8.222700000000001,0.0,66.75525,23.4147,15.292650000000002,10.145700000000001,20.7693,23.093700000000002,7.557450000000001,19.56315,17.3742,23.4492,25.801800000000004,23.6091,5.5236,34.73415,28.9197,4.450200000000001,30.0714,24.516900000000003,25.730100000000004,24.147900000000003,27.831000000000003,63.62070000000001,8.9535,28.912200000000002,7.58025,13.032,21.1686,17.02065,41.3973,18.955650000000002,19.94685,62.85915,18.149250000000002,21.203400000000002,29.106600000000004
70382544,83.53215,43.540800000000004,43.5312,40.684050000000006,43.80945,50.989799999999995,54.3039,64.521,38.36265,60.32625,47.1939,64.8345,64.95405,67.7388,50.13345000000001,49.44075,48.96945,64.6203,68.63865,69.87795000000001,20.037000000000003,66.924,65.6556,1.5777,67.46175000000001,52.654650000000004,60.24960000000001,60.7938,68.9883,48.8307,51.2715,19.168650000000003,75.72510000000001,87.91575,46.3365,47.8875,51.91575,55.877100000000006,63.4824,18.180300000000003,46.17255,48.1818,40.1982,43.702200000000005,68.7423,54.60510000000001,69.84075,62.872350000000004,48.9024,19.68045,81.5013,51.89565,66.14685,42.28755,49.1394,52.56420000000001,54.3969,65.37975,107.22570000000002,76.68855,76.6494,69.44865,75.61395,45.43515,63.542100000000005,43.024350000000005,54.9459,70.75635000000001,46.68675,66.43395000000001,67.91145,0.0,51.2949,59.09310000000001,66.18345000000001,50.339850000000006,49.45770000000001,65.76870000000001,51.510600000000004,55.952850000000005,49.38015,44.20125,49.6473,70.00365000000001,79.93605,45.54765,65.30295000000001,44.2143,48.268950000000004,43.15560000000001,87.6963,44.45895,12.49515,68.19720000000001,45.54015,60.60015,58.06215,50.6778,80.56920000000001,43.7751,74.7489,49.81020000000001,21.891000000000002,74.4834,49.34955,42.547050000000006
70382797,70.3773,12.172500000000001,11.887950000000002,15.06075,11.7735,9.5073,8.6994,18.6342,15.58695,17.9634,6.84825,18.947550000000003,19.0671,21.851850000000002,6.771900000000001,11.546700000000001,5.8618500000000004,18.73335,17.9496,23.642550000000004,39.520050000000005,21.5046,19.76865,51.65175,21.57495,13.140900000000002,68.19345000000001,13.1475,23.10135,6.7387500000000005,3.0067500000000003,37.517250000000004,26.57805,43.57425,7.641,7.0083,8.92935,5.4288,15.80595,36.06195,10.0785,11.257200000000001,13.8,10.1481,18.053250000000002,13.108800000000002,23.60535,16.985550000000003,7.944450000000001,39.1635,35.2659,0.6009000000000001,15.522150000000002,15.689400000000001,5.2887,10.75155,5.47605,17.703300000000002,58.07865,27.541500000000003,27.502350000000003,23.561700000000002,26.4669,9.3411,15.865650000000002,11.9397,13.449449999999999,24.8694,13.872300000000003,20.547150000000002,22.0245,50.57265,0.0,11.41665,15.558750000000002,9.381900000000002,4.80375,19.8819,9.6978,8.766900000000001,5.1591000000000005,9.619200000000001,5.3191500000000005,24.1167,33.7008,12.7332,19.416150000000002,10.05375,6.22695,9.54735,43.354800000000004,11.6445,47.43795,22.31025,12.7257,12.9537,10.385700000000002,6.71985,36.2277,16.0773,25.601850000000002,7.5600000000000005,43.43445,25.336350000000003,9.816,12.9201
70390788,79.67070000000001,18.391050000000003,18.10635,21.27915,17.9919,9.4518,4.69965,13.00725,21.8016,12.3366,13.2507,10.51755,13.440300000000002,10.367700000000001,9.1452,12.58815,12.26235,13.106550000000002,8.80425,17.321550000000002,47.64810000000001,12.3594,10.1706,57.8664,10.0908,13.038150000000002,77.48685,3.8547000000000007,11.61735,13.139100000000001,10.667700000000002,45.645300000000006,17.432850000000002,37.94745,14.041500000000001,16.79385,7.175700000000001,9.98475,6.6606,44.190000000000005,16.2969,19.385250000000003,20.2005,16.362750000000002,8.90805,8.727900000000002,17.2842,11.358600000000001,11.2563,47.29155,28.9449,12.126000000000001,6.229500000000001,25.550250000000002,11.6913,10.6488,8.50455,8.5581,48.93345,18.396300000000004,18.357,12.0777,17.321550000000002,15.559500000000002,6.7204500000000005,18.15435,9.06855,13.385250000000001,16.614,14.9202,10.54035,56.787150000000004,11.52525,0.0,6.265950000000001,10.80135,11.2041,14.25495,9.59505,5.55705,11.5596,15.83385,11.7195,12.632550000000002,27.379649999999998,18.9516,7.932,18.18195,12.627300000000002,15.762,37.728,17.862900000000003,53.65260000000001,16.68345,18.9441,3.66105,3.5289,8.4258,30.60075,25.93815,16.456500000000002,9.97875,51.56265,16.19115,11.2353,19.1385
70390791,87.15705,24.9735,24.688800000000004,27.86175,24.5745,16.0344,11.282250000000001,7.9392000000000005,28.3842,11.13735,19.8333,6.850650000000001,7.3251,6.700650000000001,15.727800000000002,19.17075,18.84495,7.2547500000000005,7.603650000000001,16.135650000000002,54.230700000000006,11.158650000000002,6.50355,64.44885000000001,6.42375,19.6206,84.9732,4.271700000000001,7.9503,19.7217,17.250300000000003,52.2279,16.2321,26.36595,20.624100000000002,23.376300000000004,13.758300000000002,16.56735,5.46,50.772600000000004,22.8795,25.967850000000002,26.783100000000005,22.9452,7.7073,15.310500000000001,16.09845,7.474200000000001,17.838900000000002,53.87415,27.759,18.7086,0.7291500000000001,32.46915,18.2739,17.23125,15.087150000000001,7.35735,47.7327,17.19555,17.1564,8.41065,16.12095,22.14195,5.5197,24.73695,15.2622,9.71835,23.1966,9.852150000000002,6.873450000000001,63.36975,18.1077,6.752400000000001,0.0,17.3838,17.7867,9.186900000000001,16.17765,12.139650000000001,18.1422,22.416300000000003,18.3021,8.965650000000002,26.1939,25.534050000000004,4.264950000000001,24.7644,19.2099,22.3446,25.88325,24.445500000000003,60.235200000000006,10.689,25.526550000000004,4.07805,10.11135,15.008400000000002,18.756,32.85705,15.25575,16.56135,58.145100000000006,14.990400000000001,17.8179,25.720950000000002
70390799,73.8276,9.0183,8.7336,11.906400000000001,8.619150000000001,0.6526500000000001,7.2547500000000005,17.472,12.42885,13.2771,3.29115,17.78535,17.9049,20.68965,3.1317000000000004,2.8761,8.464500000000001,17.571150000000003,18.576900000000002,27.0942,39.6039,22.132050000000003,18.6066,48.49365,20.412750000000003,5.3628,71.64375,13.744800000000001,21.939300000000003,7.64625,9.43485,37.6011,27.2055,40.86675,10.891950000000001,13.752150000000002,5.1663,10.437750000000001,16.43325,36.1458,6.924150000000001,18.3942,13.236150000000002,6.99,18.6807,7.5561,27.056850000000004,15.82335,4.03365,39.247350000000004,38.71755,9.0816,19.09785,19.2645,5.1909,3.43905,8.95755,18.330750000000002,58.706100000000006,28.16895,28.129649999999998,22.39965,27.094350000000002,6.18675,16.493100000000002,8.7816,7.896750000000001,23.7072,7.241250000000001,19.38495,20.86245,47.414550000000006,8.4807,12.0441,19.134300000000003,0.0,5.50935,18.7197,3.5382000000000007,8.90385,6.3538499999999996,6.4611,7.9218,22.954500000000003,37.152300000000004,9.57885,18.25395,15.14025,7.1295,6.3892500000000005,40.64715,8.490150000000002,44.27985,21.14805,9.57135,13.551,11.013150000000001,3.5794500000000005,33.520050000000005,19.8372,26.22915,3.59265,43.5183,25.963800000000003,1.5234,9.76575
70395155,71.37105,8.49885,8.214150000000002,11.38695,8.0997,7.26525,9.54405,19.4787,11.92155,16.6017,4.0815,19.7922,19.91175,22.6965,4.0038,7.8813,2.6994,19.578,18.79425,27.3114,39.36375,22.34925,20.613300000000002,47.98635,22.41945,10.24995,69.18735000000001,13.99215,23.946,3.0582000000000003,5.307,37.36095,27.4227,44.1912,5.25135,7.804650000000001,6.0384,7.800750000000001,16.6506,35.905800000000006,6.404700000000001,10.39605,10.61415,6.4827,18.8979,10.88055,27.274050000000003,17.8302,5.177700000000001,39.007200000000005,38.93475,4.508100000000001,16.3668,16.679850000000002,0.40859999999999996,7.8606,6.3207,18.54795,58.9233,28.38615,28.347,24.40635,27.311550000000004,5.6673,16.710300000000004,8.2743,11.22135,25.714050000000004,10.198500000000001,21.391650000000002,22.86915,46.907250000000005,3.9072000000000005,12.2613,16.40325,6.6153,0.0,20.7264,6.807,9.611550000000001,1.35735,5.9538,2.15655,24.961350000000003,37.3695,9.059400000000002,20.260650000000002,9.19275,2.54145,5.8821,43.97175,7.970700000000001,43.7727,23.1549,9.051900000000002,13.798350000000001,11.23035,3.9519,36.844500000000004,17.365050000000004,26.446350000000002,4.79205,43.2783,26.181,7.049250000000001,9.2463
70396492,90.69510000000001,25.885800000000003,25.601100000000002,28.774050000000003,25.486800000000002,16.9467,14.013449999999999,1.2477,29.296350000000004,6.7985999999999995,20.158800000000003,2.6403000000000003,2.75985,7.73805,18.355050000000002,20.083050000000004,21.648600000000002,2.4261000000000004,16.12395,24.656100000000002,56.4714,19.679100000000002,3.4614000000000003,65.36115,9.69705,20.5329,88.51125,7.074150000000001,5.848350000000001,22.52535,20.05395,54.4686,26.461050000000004,18.10545,23.42775,26.180100000000003,16.968300000000003,19.371000000000002,13.980300000000002,53.0133,23.791800000000002,28.771500000000003,30.103800000000003,23.8575,16.2276,13.305300000000003,24.618750000000002,7.347,18.7512,56.114850000000004,36.279450000000004,21.51225,10.089450000000001,36.13215,21.077550000000002,18.14355,17.890800000000002,15.877800000000002,58.3653,27.424350000000004,27.3852,11.6295,26.34975,23.05425,14.04015,25.649250000000002,12.9741,5.90205,24.108900000000002,1.3392,10.092150000000002,64.28205,20.911350000000002,15.27285,10.125900000000001,18.2961,20.59035,0.0,17.089949999999998,14.871,20.94585,23.3286,21.10575,12.18435,34.7142,26.446350000000002,4.869000000000001,27.568050000000003,22.013550000000002,23.2569,17.622600000000002,25.3578,61.1475,2.4283500000000005,26.438850000000002,7.267950000000001,14.218650000000002,18.69525,10.4955,36.70485000000001,23.7762,17.473650000000003,60.385799999999996,24.809850000000004,18.7302,26.63325
70398370,76.66815,11.85885,11.574150000000001,14.74695,11.459700000000002,2.9214,6.363150000000001,16.58025,15.269400000000001,12.3855,6.1317,16.89375,17.0133,19.798050000000003,3.8643,4.7775,11.233500000000001,16.679550000000003,17.6853,26.202600000000004,42.44445,21.2403,17.714850000000002,51.33420000000001,19.521,3.5042999999999997,74.4843,12.8532,21.04755,10.4868,9.90105,40.44165,26.313750000000002,39.975,13.01265,15.765,3.9912000000000005,10.164150000000001,15.54165,38.98635,9.764700000000001,18.3564,16.07685,9.83055,17.78895,4.6626,26.16525,14.931750000000001,4.26225,42.0879,37.8258,11.097150000000001,18.20625,22.105050000000002,8.031450000000001,1.1149499999999999,8.683950000000001,17.43915,57.8145,27.2772,27.23805,21.507900000000003,26.202600000000004,9.0273,15.60135,11.622150000000001,7.005150000000001,22.8156,10.0818,18.4932,19.9707,50.255100000000006,10.49625,11.15235,18.2427,4.26915,8.349900000000002,17.82795,0.0,8.0121,9.194400000000002,9.30165,10.690650000000002,22.062900000000003,36.2607,12.419400000000001,17.3622,17.15295,9.97005,9.22995,39.75555000000001,11.3307,47.120400000000004,20.25645,12.411900000000001,12.659400000000002,10.121400000000001,4.2045,32.62845,22.67775,25.337550000000004,2.9848500000000002,46.358850000000004,25.07205,4.703250000000001,12.606300000000001
70398392,77.769,16.0239,15.7392,18.91215,15.624900000000002,7.0848,2.33265,13.46775,19.4346,12.083250000000001,10.2969,13.7811,13.90065,16.6854,5.515350000000001,10.221150000000002,10.360800000000001,13.566900000000002,12.80625,21.32355,46.609500000000004,16.3614,14.6022,55.49925,16.4085,10.671000000000001,75.5853,7.974150000000001,17.93505,11.23755,8.766150000000001,44.606700000000004,21.43485,38.4078,12.13995,14.892300000000002,4.07985,8.083200000000001,10.66275,43.1514,13.929900000000002,17.4837,18.29895,13.9956,12.910050000000002,6.360900000000001,21.2862,11.8191,8.8893,46.25295,32.9469,10.224450000000001,13.3272,26.27025,9.78975,8.28165,6.603000000000001,12.5601,52.93545000000001,22.398300000000003,22.359,18.395400000000002,21.3237,13.19235,10.72245,15.78735,6.70155,19.70295,14.247000000000002,15.3807,16.858050000000002,54.42015,9.62355,6.27345,13.363650000000002,8.4342,9.30255,14.71545,7.2280500000000005,0.0,9.658050000000001,13.4667,9.817950000000002,18.95025,31.38165,16.584600000000002,14.249699999999999,16.280250000000002,10.725750000000001,13.395000000000001,38.18835000000001,15.4959,51.2856,17.143800000000002,16.57695,7.78035,5.242500000000001,4.7958,31.06125,24.03645,20.4585,7.611750000000001,50.5239,20.193150000000003,8.8683,16.77135
70400253,70.5561,7.683750000000001,7.3992,10.572000000000001,7.284750000000001,8.176950000000001,9.29325,19.228050000000003,11.1066,17.51325,4.38105,19.541400000000003,19.66095,22.4457,4.296,7.06635,2.4486000000000003,19.3272,18.54345,27.060750000000002,38.5488,22.09845,20.362650000000002,47.1714,22.1688,12.1407,68.37225000000001,13.74135,23.69535,2.24325,5.0562000000000005,36.546,27.1719,45.10275,4.43625,7.55385,6.3306,7.5501,16.399800000000003,35.0907,5.58975,10.1454,9.7992,5.667750000000001,18.647100000000002,11.792250000000001,27.0234,17.579400000000003,6.0894,38.19225,38.68395,4.2573,16.116,15.864900000000002,1.2091500000000002,9.75135,6.0699000000000005,18.297300000000003,58.672650000000004,28.135350000000003,28.0962,24.1557,27.060750000000002,4.85235,16.459500000000002,7.45935,12.132900000000001,25.463250000000002,9.38355,21.141000000000002,22.6185,46.0923,3.6564,12.0105,16.1526,7.52685,0.9858000000000001,20.47575,8.6976,9.3609,0.0,5.138850000000001,1.9059,24.71055,37.11885,8.24445,20.01,8.94195,1.7265000000000001,5.06715,44.883300000000006,7.15575,42.957600000000006,22.9041,8.23695,13.547550000000001,10.97955,4.2441,37.7562,16.5501,26.1957,6.9972,42.463350000000005,25.9302,6.975150000000001,8.43135
70401488,70.2513,2.70765,2.5224,6.585,2.4081,9.1395,12.45345,22.670550000000002,7.853400000000001,18.475800000000003,5.3436,22.984050000000003,23.1036,25.888350000000003,8.283000000000001,5.1354,7.7238,22.76985,23.7756,32.2929,35.02845,27.330750000000002,23.80515,43.9182,25.61145,8.602500000000001,68.06745000000001,18.9435,27.137850000000004,6.04035,11.532900000000001,33.02565,32.4042,46.0653,8.949300000000001,13.3131,10.06545,14.026650000000002,21.63195,31.570350000000005,2.4139500000000003,13.818750000000001,8.6607,2.1879,23.879250000000003,12.754800000000001,32.25555,21.022050000000004,7.051950000000001,34.6719,43.91610000000001,11.17965,24.296550000000003,15.672600000000001,7.288950000000001,10.7139,12.5466,23.52945,63.9048,33.3675,33.32835000000001,27.598200000000002,32.2929,1.6765500000000002,21.6918,4.20615,13.09545,28.9059,4.78035,24.58365,26.061,42.8391,10.578750000000001,17.24265,24.333000000000002,8.489400000000002,6.744900000000001,23.918400000000002,9.660150000000002,14.102400000000001,6.0795,0.0,7.665,28.153200000000002,42.351,3.6412500000000003,23.452650000000002,13.795050000000002,6.184500000000001,1.6162500000000002,45.845850000000006,2.5527,39.7044,26.34675,3.63375,18.7497,16.2117,8.82735,38.71875,15.261750000000001,31.427850000000003,7.9597500000000005,38.94285000000001,31.1625,7.499250000000001,4.4442
70408061,69.50565,9.22545,7.50825,12.113700000000001,7.3938,9.7185,10.0863,20.0211,13.27185,19.05495,5.9226,20.33445,20.454,23.23875,5.837700000000001,8.60805,1.48845,20.120250000000002,19.3365,27.85365,37.4985,22.8915,21.15555,48.01395,22.961850000000002,13.682250000000002,67.32195000000002,14.534400000000002,24.488400000000002,1.97415,5.8492500000000005,35.4957,27.96495,44.96115,3.3859500000000007,6.7627500000000005,7.872150000000001,8.343150000000001,17.19285,34.0404,7.131450000000001,9.3543,8.748750000000001,5.364450000000001,19.440150000000003,13.333800000000002,27.81645,18.37245,7.6311,37.14195,39.477000000000004,3.4305000000000003,16.90905,14.8146,2.7507,11.292900000000001,6.8629500000000005,19.0902,59.46555,28.9284,28.88925,24.94875,27.853800000000003,6.393900000000001,17.252550000000003,7.269450000000001,13.6746,26.256300000000003,10.92525,21.934050000000003,23.4114,46.934850000000004,2.8296,12.803550000000001,16.94565,9.06855,2.32695,21.268800000000002,10.2393,10.1538,1.5415500000000002,4.98585,0.0,25.503600000000002,37.9119,9.786000000000001,20.803050000000002,8.15085,1.43985,4.873200000000001,44.7417,8.69745,43.80030000000001,23.69715,9.778500000000001,14.3406,11.7726,5.78565,37.6146,15.499800000000002,26.988750000000003,8.538900000000002,41.4129,26.72325,8.51685,9.972900000000001
70408272,98.6328,30.313950000000002,30.02925,33.2022,29.91495,21.374850000000002,18.47175,8.26455,33.7245,13.277400000000002,24.586800000000004,7.78455,8.3556,3.0321000000000002,22.7832,24.5112,26.10675,8.7552,18.5481,27.004350000000002,60.89955,20.679150000000003,8.189400000000001,69.7893,4.99125,24.961050000000004,96.44895000000001,9.341400000000002,3.55455,26.983500000000003,24.5121,58.896750000000004,14.739,26.5854,27.8859,30.638250000000003,21.396300000000004,23.829150000000002,15.955050000000002,57.44145000000001,28.21995,33.22965,34.53195,28.28565,18.65175,17.73345,26.967000000000002,9.61425,23.1792,60.543000000000006,38.62755000000001,25.970399999999998,12.064200000000001,43.9449,25.535700000000002,22.5717,22.34895,18.76125,46.64325,15.70245,15.663300000000001,4.0149,14.62785,27.4824,16.0149,30.077250000000003,17.402250000000002,5.3226,28.537050000000004,10.177650000000002,2.4777,68.71020000000001,25.36965,17.247600000000002,12.100650000000002,22.72425,25.0485,9.51225,21.51795,19.329150000000002,25.404,27.75675,25.56405,0.0,37.06245,30.8745,6.405150000000001,32.02635,26.471700000000002,27.685050000000004,26.1027,29.78595,65.57565,10.90845,30.867,9.535200000000001,14.986800000000002,23.1234,18.9756,44.332800000000006,13.894350000000001,21.9018,64.81395,13.08795,23.158350000000002,31.0614
70408277,92.96910000000001,44.048100000000005,43.7634,46.9362,43.64895,35.109,30.3567,33.6207,50.757000000000005,36.818850000000005,38.90775,32.53215,33.006600000000006,32.3823,34.80225,38.245200000000004,37.9194,32.93625,20.07885,10.21725,68.4543,18.36435,32.1852,80.26545000000002,32.1054,38.6952,90.78540000000001,29.648550000000004,33.631800000000005,38.79615,30.207600000000003,66.45150000000001,19.050900000000002,52.047450000000005,37.81245,31.94565,32.832750000000004,29.309250000000002,22.612650000000002,64.9962,41.95395,35.3349,46.2339,42.019800000000004,20.182650000000002,34.38495,10.397400000000001,33.1557,36.91335,68.09775,1.7835,31.701600000000003,26.6205,38.2812,37.34835,36.30585000000001,34.16160000000001,20.292,27.736050000000002,17.804850000000002,18.0885,34.09215,18.93975,41.216550000000005,22.672500000000003,43.8114,34.725750000000005,35.39985,42.27105,35.53365,32.55495,79.18635,32.15505,25.827,26.656950000000002,36.4584,36.86115,34.8684,35.252100000000006,31.214100000000006,37.21665,41.4909,37.3767,34.647149999999996,0.0,44.60865,29.946600000000004,36.8877,38.28435,41.419050000000006,51.564750000000004,43.51995,76.05165,36.3705,44.60115,29.45475,29.185950000000002,34.08285000000001,44.43765,38.66910000000001,26.18925,35.6358,72.3687,25.923750000000002,36.89235000000001,44.795550000000006
70408280,71.66520000000001,2.0347500000000003,2.7405,4.9431,2.8203,13.05075,16.3647,24.1782,10.29855,19.1391,9.254700000000001,24.491550000000004,24.611250000000002,29.799600000000005,12.19425,6.6655500000000005,8.99355,24.277350000000002,27.686850000000003,36.20415,35.2608,31.241850000000003,25.312800000000003,44.15055,29.5227,6.87855,69.48135,22.854750000000003,31.049100000000003,9.951600000000001,15.444150000000002,33.258,36.31545,46.9629,9.612900000000002,14.271,13.9767,17.937900000000003,25.5432,31.8027,3.6178500000000002,16.222050000000003,11.064150000000001,4.70235,27.7905,16.6659,36.1668,24.933300000000003,10.9632,34.904250000000005,47.82735,15.090900000000001,28.207800000000002,17.086650000000002,11.2002,9.3318,16.45785,27.4407,67.81605,37.27875,37.2396,31.50945,36.20415,5.2204500000000005,25.602899999999998,5.044200000000001,17.0067,32.81715,2.3847,26.09115,29.972250000000003,43.07145,14.49,21.1539,28.24425,8.6652,10.656150000000002,25.4259,13.5714,18.013650000000002,9.99075,3.9360000000000004,11.57625,32.06445,46.26225,0.0,27.3639,16.1985,8.293050000000001,5.110200000000001,46.74345,1.4301000000000001,39.9369,27.85425,0.007500000000000001,22.66095,20.12295,12.7386,39.616350000000004,18.5742,35.3391,11.871,39.175200000000004,35.073600000000006,7.663650000000001,2.80245
70412170,89.41260000000001,24.60345,24.31875,27.491550000000004,24.204300000000003,15.66435,12.7611,3.7306500000000002,28.014000000000003,7.566900000000001,18.8763,2.6421,3.1165499999999997,5.854500000000001,17.0727,18.80055,20.396250000000002,3.0462000000000002,12.3882,20.92035,55.188900000000004,15.9432,2.29515,64.0788,5.577450000000001,19.25055,87.2289,3.6309,5.0724,21.273,18.8016,53.1861,21.016650000000002,22.157400000000003,22.175400000000003,24.927600000000005,15.685800000000002,18.118650000000002,10.24455,51.73095000000001,22.509300000000003,27.51915,28.821300000000004,22.57515,12.49185,12.0228,20.883000000000003,3.9036000000000004,17.4687,54.832350000000005,32.54355,20.259900000000002,6.35355,37.2537,19.8252,16.8612,16.63845,12.141900000000001,52.517250000000004,21.9801,21.94095,7.56435,20.9055,21.771900000000002,10.304250000000001,24.36675,11.69175,8.87205,22.826400000000003,5.6436,6.02715,62.99955,19.659000000000002,11.5371,6.390150000000001,17.01375,19.338,4.978350000000001,15.80745,13.61865,19.6935,22.04625,19.8534,8.11935,30.978450000000002,25.164,0.0,26.3157,20.7612,21.974400000000003,21.6747,24.075300000000002,59.865,6.48045,25.1565,3.82455,9.2763,17.4129,14.547600000000001,37.641600000000004,20.04045,16.19115,59.10345000000001,20.74485,17.4477,25.3509
70428043,61.84485000000001,13.066050000000002,11.773950000000001,14.6376,11.867700000000001,16.66575,15.857850000000001,25.79265,12.52995,25.121850000000002,13.102050000000002,26.106,26.225550000000002,29.010300000000004,13.1976,17.556900000000002,8.27685,25.891800000000003,25.108050000000002,26.712,33.0939,23.75805,26.92725,47.27205000000001,28.7334,20.29935,59.661,20.30595,30.25995,9.1536,9.81615,31.091100000000004,32.55915,50.732850000000006,7.5105,6.432150000000001,16.0878,12.21465,22.9644,29.635800000000003,14.73135,1.5528000000000002,8.00685,11.81835,25.2117,20.26725,26.67465,24.144000000000002,14.810550000000003,32.737350000000006,38.335350000000005,8.00775,22.680600000000002,7.156950000000001,9.211950000000002,17.91,12.634500000000001,24.8619,64.05975000000001,33.522600000000004,33.48345,30.7203,32.448,13.99395,23.0241,11.13585,20.608050000000002,32.02785,17.036250000000003,27.705600000000004,29.183100000000003,46.19295,7.407,18.5751,22.717200000000002,16.248,8.878950000000001,27.040350000000004,16.85625,15.925500000000001,8.721,12.317400000000001,7.734000000000001,31.27515,36.770100000000006,14.42385,26.574600000000004,0.0,8.6418,11.27175,50.513250000000006,14.80845,43.05825,29.468700000000002,14.41635,20.112150000000003,17.544150000000002,14.37645,43.38615,7.54485,31.58295,15.718350000000001,37.008300000000006,31.31745,17.4657,12.6336
70433908,69.25710000000001,8.685599999999999,8.40105,11.57385,8.2866,9.1788,10.5189,20.453550000000003,13.023300000000003,18.5151,5.3829,20.76705,20.8866,23.67135,5.61555,8.068200000000001,1.4817,20.55285,19.76895,28.286250000000003,37.2498,23.3241,21.588150000000002,47.7654,23.3943,13.142400000000002,67.0734,14.96685,24.920850000000005,1.7521499999999999,6.2818499999999995,35.24715,28.397550000000003,45.393750000000004,3.1374,6.759150000000001,7.650150000000001,8.7756,17.625300000000003,33.791850000000004,6.5916,9.350700000000002,8.500200000000001,5.11575,19.87275,12.7941,28.2489,18.8049,7.0912500000000005,36.8934,39.909600000000005,3.8631,17.34165,14.565900000000001,2.5287,10.753200000000001,7.29555,19.522800000000004,59.89815,29.361,29.3217,25.3812,28.2864,5.8542000000000005,17.68515,7.020900000000001,13.13475,26.6889,10.3854,22.366500000000002,23.844,46.6863,3.2622000000000004,13.236150000000002,17.3781,8.5287,2.3053500000000002,21.70125,9.69945,10.586400000000001,1.3195500000000002,4.7373,1.54725,25.9362,38.344350000000006,9.2463,21.235500000000002,8.14725,0.0,4.6245,45.1743,8.1576,43.55160000000001,24.12975,9.2388,14.7732,12.205200000000001,5.56365,38.047050000000006,15.25125,27.4212,7.99905,41.164350000000006,27.155850000000004,7.977,9.433200000000001
70435202,67.76145000000001,3.6843,2.853,7.800750000000001,2.73855,8.763300000000001,12.077250000000001,22.294500000000003,6.3627,18.0996,4.9674000000000005,22.60785,22.727400000000003,25.51215,7.9068000000000005,6.1119,5.4024,22.39365,23.399400000000004,31.916700000000002,33.53775,26.95455,23.42895,42.4275,25.23525,12.727050000000002,65.5776,18.567300000000003,26.7618,5.591100000000001,11.1567,31.534950000000002,32.028,45.68925,6.0219000000000005,10.67985,9.689250000000001,13.65045,21.255750000000003,30.07965,3.3904500000000004,12.328050000000001,7.170150000000001,0.6225,23.50305,12.3786,31.879350000000002,20.64585,6.675750000000001,33.181200000000004,43.54005,10.803450000000002,23.92035,13.19835,6.91275,10.337700000000002,12.1704,23.15325,63.528600000000004,32.99145,32.95215,27.22215,31.916700000000002,2.6530500000000004,21.3156,2.71545,12.71925,28.529700000000002,5.757000000000001,24.20745,25.684800000000003,41.3484,10.20255,16.86645,23.9568,8.1132,7.2312,23.5422,9.28395,13.7262,5.7228,1.1103,6.08025,27.777,41.9748,4.617900000000001,23.07645,12.3045,4.7019,0.0,45.46965,3.5292000000000003,38.21385000000001,25.970550000000003,4.610250000000001,18.3735,15.835650000000001,8.4513,38.34255,13.7712,31.05165,7.58355,37.45215,30.786300000000004,7.12305,5.79675
70450886,118.10175000000001,49.024350000000005,48.73965,51.84975,48.6252,40.08525,32.275800000000004,19.510050000000003,52.4349,25.060950000000002,43.297200000000004,20.9025,21.022050000000004,24.634800000000002,41.49360000000001,43.221450000000004,39.91095,20.6883,34.386300000000006,42.91845,79.60995000000001,37.941300000000005,21.723750000000003,88.4997,26.5938,43.67145,115.91790000000002,25.336350000000003,23.1171,40.7877,38.316300000000005,77.60715,43.357800000000005,1.8684,41.6901,44.4423,40.106700000000004,37.6332,32.24265,76.15185000000001,46.9302,47.03385000000001,53.242200000000004,46.996050000000004,34.48995,36.4455,42.8811,25.6092,41.8896,79.2534,54.541650000000004,39.77460000000001,28.35165,63.52320000000001,45.19695,41.28210000000001,36.15315,34.14,75.26205,44.3211,44.28195,28.52625,43.246500000000005,46.192800000000005,32.302350000000004,48.78765,36.11265,20.977050000000002,47.2473,18.6021,26.9889,87.42060000000001,39.173700000000004,33.5352,28.388250000000003,41.43465,38.8527,18.26235,40.228350000000006,33.1332,39.2082,46.467150000000004,39.368100000000005,29.081100000000003,52.976549999999996,49.5849,22.13775,45.8304,40.2759,46.395300000000006,0.0,48.4962,84.2859,16.696800000000003,49.5774,25.53015,32.480850000000004,41.833800000000004,8.3124,65.01075,42.51315,40.61205,83.52435000000001,41.7066,41.86860000000001,49.76010000000001
70464520,70.76865000000001,1.43025,1.86795,4.28055,2.2158,11.69955,15.0135,25.23075,9.4137,21.03585,7.903650000000001,25.544100000000004,25.66365,28.4484,10.84305,7.695450000000001,8.389050000000001,25.3299,26.335649999999998,34.85295,34.59825,29.890800000000002,26.3652,43.488,28.1715,8.08335,68.5848,21.50355,29.698050000000002,8.6004,14.09295,32.59545,34.96425,48.625350000000005,9.00855,13.666500000000001,12.6255,16.5867,24.192,31.14015,4.974,15.3372,10.1793,4.09785,26.439300000000003,15.31485,34.8156,23.5821,9.612,34.2417,46.4763,13.7397,26.856600000000004,16.18995,9.849,13.27395,15.106650000000002,26.0895,66.46485000000001,35.927550000000004,35.8884,30.1584,34.85295,4.2366,24.25185,4.1716500000000005,15.655500000000002,31.46595,3.5895,27.1437,28.621050000000004,42.4089,13.138800000000002,19.8027,26.893050000000002,11.04945,9.304950000000002,26.47845,12.2202,16.66245,8.63955,3.3315,10.22505,30.713250000000002,44.91105,2.19,26.0127,15.31365,7.68855,4.505850000000001,48.4059,0.0,39.274350000000005,28.906800000000004,2.1825,21.30975,18.771900000000002,11.387550000000001,41.278800000000004,17.67765,33.987899999999996,10.5198,38.51265,33.722550000000005,10.0593,2.1399
70465560,53.893049999999995,39.94545,39.93585,37.088550000000005,40.213950000000004,47.39445,50.7084,60.925650000000005,34.767300000000006,56.73075,43.59855,61.239000000000004,61.35855,64.1433,46.53795,45.84525,45.374100000000006,61.0248,65.04315,66.2826,10.1082,63.32865,62.060100000000006,11.763150000000001,63.8664,49.05915,52.163700000000006,57.19845000000001,65.39295000000001,45.235350000000004,47.676,9.23985,72.12975,84.3204,42.74115,44.292,48.3204,52.281600000000005,59.886900000000004,11.66655,42.577200000000005,44.58645,36.602850000000004,40.106700000000004,65.1468,51.009750000000004,66.24525,59.277,45.3069,9.751650000000001,77.9058,48.30030000000001,62.551500000000004,38.69205,45.5439,48.96885,50.80155,61.7844,103.63034999999999,73.09320000000001,73.0539,65.8533,72.0186,41.83965,59.94675,39.429,51.3504,67.16085000000001,43.0914,62.83860000000001,64.31595000000002,12.80175,47.6994,55.497600000000006,62.587950000000006,46.744350000000004,45.862350000000006,62.173350000000006,47.9151,52.3575,45.784800000000004,40.6059,46.05180000000001,66.40815,76.34070000000001,41.95215,61.707600000000006,40.61895,44.67345,39.560100000000006,84.1008,40.863600000000005,0.0,64.60170000000001,41.94465,57.00465,54.4668,47.08245,76.97370000000001,40.179750000000006,71.1534,46.2147,9.9138,70.88804999999999,45.754200000000004,38.9517
70484079,93.12345,28.314149999999998,28.029600000000002,31.2024,27.91515,19.37505,16.44195,3.67605,31.724850000000004,9.22695,22.58715,5.06865,5.1882,8.8008,20.78355,22.511400000000002,24.07695,4.854450000000001,18.552300000000002,27.08445,58.899750000000004,22.10745,5.88975,67.78965,10.759950000000002,22.96125,90.93975,9.502500000000001,7.283250000000001,24.9537,22.482300000000002,56.89695000000001,27.5238,16.5573,25.856100000000005,28.60845,19.39665,21.79935,16.40865,55.44165,26.22015,31.199850000000005,32.53215,26.286,18.656100000000002,15.73365,27.047250000000002,9.77535,21.179550000000003,58.543200000000006,38.707800000000006,23.9406,12.517800000000001,38.560500000000005,23.5059,20.57205,20.31915,18.306150000000002,59.42805,28.487250000000003,28.448100000000004,12.692250000000001,27.41265,25.482750000000003,16.468500000000002,28.077600000000004,15.4026,5.1432,26.53725,2.7681000000000004,11.155050000000001,66.7104,23.339850000000002,17.7012,12.554250000000001,20.72445,23.0187,2.4283500000000005,19.518300000000004,17.29935,23.374200000000002,25.75695,23.53425,13.247250000000001,37.14255,28.874850000000002,6.3039000000000005,29.996550000000003,24.4419,25.68525,16.0746,27.78615,63.57585,0.0,28.867350000000005,9.6963,16.647000000000002,21.12375,8.94735,39.1332,26.6793,19.902,62.814299999999996,25.87275,21.15855,29.06175
70490240,71.6577,2.02725,2.748,4.95075,2.8128,12.296400000000002,15.6105,24.1707,10.29105,19.1316,8.5005,24.484050000000003,24.603600000000004,29.0454,11.440050000000001,6.6732000000000005,8.98605,24.26985,26.93265,35.4498,35.2683,30.48765,25.305300000000003,44.15805,28.768350000000005,6.88605,69.47385000000001,22.1004,30.2949,9.197400000000002,14.689800000000002,33.2655,35.5611,46.9554,9.605400000000001,14.2635,13.22235,17.183699999999998,24.789,31.810200000000002,3.6253500000000005,16.214550000000003,11.0565,4.694850000000001,27.036300000000004,15.9117,35.412600000000005,24.17895,10.209000000000001,34.911750000000005,47.07315,14.336550000000003,27.45345,17.079,10.446,9.3393,15.7035,26.686350000000004,67.0617,36.524550000000005,36.4854,30.75525,35.44995,5.227950000000001,24.8487,5.0517,16.2525,32.06295,2.3922,26.08365,29.21805,43.07895,13.735800000000001,20.3997,27.490050000000004,8.6727,9.901950000000001,25.4184,12.8172,17.25945,9.23655,3.9285,10.82205,31.310250000000003,45.508050000000004,0.007500000000000001,26.609550000000002,16.19085,8.28555,5.1027000000000005,46.73595,1.4226,39.9444,27.84675,0.0,21.906750000000002,19.368750000000002,11.9844,39.608850000000004,18.5667,34.5849,11.1168,39.182700000000004,34.3194,7.671150000000001,2.80995
70494785,81.59355,20.313750000000002,20.0292,23.202,19.91475,11.37465,6.6225000000000005,7.945200000000001,23.72445,8.445900000000002,15.173550000000002,6.856650000000001,7.3309500000000005,6.706650000000001,11.06805,14.511000000000001,14.1852,7.2606,13.24035,21.7725,49.57095000000001,16.7955,6.50955,59.78925,6.42975,14.961,79.40970000000002,0.1938,7.956300000000001,15.06195,12.590550000000002,47.56815,21.86895,26.371950000000002,15.96435,18.7167,9.09855,11.9076,11.0967,46.11285,18.21975,21.3081,22.123350000000002,18.2856,13.34415,10.65075,21.735300000000002,4.7826,13.179150000000002,49.2144,33.39585,14.04885,7.20585,27.473100000000002,13.614150000000002,12.571650000000002,10.4274,12.9942,53.36955,22.832400000000003,22.7931,8.41665,21.757800000000003,17.48235,11.156550000000001,20.0772,10.9914,9.724200000000002,18.53685,9.858150000000002,6.87945,58.71,13.44795,3.6657000000000006,7.2423,12.7242,13.126949999999999,9.192900000000002,11.517900000000001,7.479900000000001,13.48245,17.7567,13.64235,8.9715,31.830600000000004,20.87445,4.270950000000001,20.104650000000003,14.550150000000002,17.68485,25.88925,19.78575,55.57545000000001,10.695,20.86695,0.0,5.451600000000001,10.348650000000001,18.762,27.861,20.8926,11.9016,53.4855,21.597150000000003,13.158150000000001,21.06135
70494786,78.18765,17.09205,16.8075,19.980300000000003,16.693050000000003,10.13835,5.3862000000000005,13.693800000000001,20.506500000000003,13.023000000000001,11.767800000000001,15.43845,14.1267,15.2886,9.79785,13.2747,10.779300000000001,13.79295,9.00585,17.52315,46.16505,12.561,15.091500000000002,56.5713,15.0117,13.724550000000002,76.0038,4.9332,16.53825,11.6562,8.256150000000002,44.1624,17.63445,38.63385,12.558449999999999,15.310800000000002,7.8621,6.5961,6.8622000000000005,42.707100000000004,14.998050000000003,17.9022,18.71745,15.067650000000002,9.10965,9.4143,17.4858,12.045150000000001,11.9427,45.80865,29.146500000000003,10.64295,9.5268,24.0672,10.208250000000001,11.3352,5.1159,8.7597,49.13505000000001,18.597900000000003,18.558600000000002,16.99845,17.523300000000003,14.260650000000002,6.9220500000000005,16.85925,9.7551,18.306150000000002,18.79185,15.606750000000002,15.461250000000001,55.492200000000004,10.042200000000001,2.47305,9.56325,11.48775,9.721200000000001,14.941500000000001,10.281450000000001,6.2436,10.076550000000001,14.53875,10.2366,17.55345,27.58125,17.65275,12.852900000000002,16.698900000000002,11.144400000000001,14.4669,38.4144,16.56405,52.3575,17.36985,17.64525,4.7394,0.0,9.07845,31.287300000000002,24.4551,16.6581,10.6653,50.079600000000006,16.39275,11.921850000000001,17.839650000000002
70494791,74.196,10.2879,10.00335,13.176150000000002,9.888900000000001,2.9955000000000003,4.23105,16.513050000000003,13.702350000000001,12.318150000000001,4.963500000000001,16.826400000000003,16.94595,19.7307,0.6879000000000001,6.1302,7.862550000000001,16.6122,14.967300000000002,23.4846,40.8774,18.52245,17.6475,49.76715,19.4538,6.6291,72.0123,10.1652,20.9802,5.8831500000000005,6.5301,38.8746,23.5959,39.90765,9.6417,12.393900000000002,2.4175500000000003,6.79305,12.82365,37.4193,8.193900000000001,14.98545,13.4391,8.2635,15.0711,6.597150000000001,23.44725,14.864400000000002,2.49555,40.52085,35.10795,7.7262,12.540000000000001,20.538,3.4278,4.23975,5.313000000000001,14.721150000000002,55.096500000000006,24.559350000000002,24.52005,21.44055,23.484750000000002,7.4565,12.883500000000002,10.0551,6.9378,22.748250000000002,11.9877,18.426000000000002,19.90335,48.688050000000004,7.1253,8.4345,12.57645,4.34325,3.8068500000000003,17.76075,3.18615,4.815600000000001,4.59075,7.7345999999999995,7.319700000000001,21.99555,33.5427,10.8486,17.295,13.782,5.3664000000000005,7.662750000000001,39.6882,9.759900000000002,45.55335,20.1891,10.840950000000001,9.97155,7.40355,0.0,32.5611,21.5382,22.619550000000004,1.5306,44.7918,22.3542,4.77735,11.0355
70521396,110.3886,41.31105,41.026500000000006,44.1366,40.91205,32.37195,24.56265,11.7969,44.72175,17.34765,35.584050000000005,13.189350000000001,13.308900000000001,16.9215,33.780300000000004,35.508300000000006,32.19765,12.975150000000001,26.67315,35.20515,71.89665000000001,30.22815,14.01045,80.7864,18.880650000000003,35.95815,108.20475,17.6232,15.40395,33.07455,30.603,69.89385,35.6445,7.944450000000001,33.976800000000004,36.72915,32.393550000000005,29.920050000000003,24.529500000000002,68.43855,39.21705,39.320550000000004,45.529050000000005,39.28275,26.7768,28.732350000000004,35.16795,17.896050000000002,34.17645,71.54010000000001,46.828500000000005,32.0613,20.6385,55.8099,37.4838,33.5688,28.439850000000003,26.426850000000005,67.54875,36.60795,36.5688,20.81295,35.533350000000006,38.4795,24.5892,41.0745,28.399350000000005,13.263900000000001,39.53415,10.8888,19.275750000000002,79.7073,31.46055,25.8219,20.67495,33.72135,31.139550000000003,10.549050000000001,32.5152,25.420050000000003,31.4949,38.75385000000001,31.65495,21.36795,45.2634,41.871750000000006,14.4246,38.117250000000006,32.56275,38.68215,7.46175,40.78305,76.57275,8.983500000000001,41.86410000000001,17.817,24.7677,34.12065,0.0,57.2976,34.800000000000004,32.8989,75.81120000000001,33.99345,34.15545,42.046800000000005
70521405,56.66055,15.262800000000002,13.97085,16.83435,14.0646,21.30285,24.6168,33.410250000000005,14.44845,30.63915,17.50695,33.723600000000005,33.84315,39.349050000000005,20.44635,19.753800000000002,15.662400000000002,33.5094,27.190649999999998,28.430100000000003,32.1456,25.47615,39.15195,43.95675,39.07215,25.266600000000004,54.47670000000001,27.923550000000002,40.5987,15.523650000000002,16.1922,30.1428,34.27725,58.2288,13.029449999999999,10.4685,22.228800000000003,18.5907,29.72445,28.6875,16.928250000000002,7.483650000000001,9.92535,14.0151,27.294300000000003,24.91815,28.392750000000003,31.761600000000005,19.215300000000003,31.789050000000003,40.0533,15.625350000000001,33.587250000000004,1.97265,17.50095,22.87725,20.252100000000002,27.403800000000004,65.77785,35.240700000000004,35.2014,41.059050000000006,34.16610000000001,16.1907,29.78415,13.3326,25.2588,42.366600000000005,19.233150000000002,35.3232,39.52185000000001,42.87765,15.02445,26.192700000000002,33.623850000000004,20.65275,17.2776,34.65795,21.823500000000003,23.54295,16.0731,14.514300000000002,15.3516,41.6139,38.4882,16.6206,36.91335,7.4601,14.961900000000002,13.4685,58.00920000000001,17.00535,39.743100000000005,37.0863,16.6131,27.729750000000003,25.16175,20.990850000000002,50.88210000000001,0.0,33.3009,20.1231,36.06015,33.03555,19.6626,14.830350000000001
70525152,87.58995000000002,33.07515,32.790600000000005,35.9634,32.67615,24.13605,19.3839,23.300400000000003,36.485850000000006,28.31325,27.93495,22.820400000000003,23.39145,18.06795,23.82945,27.2724,26.946600000000004,23.791050000000002,7.50525,15.961500000000001,63.075,9.63645,23.225250000000003,72.5505,20.0271,27.722250000000003,85.40610000000001,18.67575,18.590400000000002,27.823350000000005,24.82845,61.07235000000001,1.3137,41.62125,28.72575,26.5665,21.85995,24.669,10.03905,59.61705,30.98115,29.955750000000002,34.884750000000004,31.046850000000003,7.608900000000001,23.41215,15.924150000000001,24.650100000000002,25.94055,62.71860000000001,27.584850000000003,26.322300000000002,15.62625,32.90205,26.375550000000004,25.3329,23.188800000000004,7.718400000000001,32.81445,2.27715,2.238,15.96795,1.2025500000000002,30.243600000000004,10.09875,32.83860000000001,23.752800000000004,20.35845,31.298250000000003,25.213350000000002,17.513550000000002,71.4714,26.209350000000004,14.8542,15.6627,25.48545,25.888350000000003,24.5481,24.279300000000003,20.241300000000003,26.243850000000002,30.51795,26.403750000000002,15.03585,26.019600000000004,33.635850000000005,21.441000000000003,31.508550000000003,27.311550000000004,30.446250000000003,41.13855,32.54715,68.33685000000001,25.944300000000002,33.6282,18.48195,18.213,23.11005,34.01145,33.28995,0.0,24.663,66.98955,1.7373,25.91955,33.8226
70535019,75.53460000000001,10.7253,10.4406,13.613400000000002,10.326150000000002,1.7878500000000002,5.10735,15.3246,14.13585,11.129700000000001,4.99815,15.63795,15.7575,18.542250000000003,2.5869,4.9224000000000006,9.9561,15.42375,16.4295,24.946800000000003,41.3109,19.984650000000002,16.45905,50.20065,18.26535,5.75145,73.35075,11.5974,19.791900000000002,9.353250000000001,8.623650000000001,39.3081,25.058100000000003,38.7192,11.73525,14.487449999999999,2.7138000000000004,8.886750000000001,14.28585,37.8528,8.631150000000002,17.079,14.943150000000001,8.697000000000001,16.533150000000003,5.4087000000000005,24.90945,13.67595,2.2413000000000003,40.954350000000005,36.57,9.81975,16.95045,20.971500000000002,6.897900000000001,3.3622500000000004,7.40655,16.18335,56.55870000000001,26.0214,25.98225,20.252100000000002,24.946800000000003,7.893750000000001,14.345699999999999,10.4886,5.749350000000001,21.559800000000003,8.94825,17.237550000000002,18.7149,49.121550000000006,9.21885,9.89655,16.986900000000002,3.1356,7.21635,16.572300000000002,2.3085,6.7563,8.0607,8.1681,9.41325,20.807100000000002,35.0049,11.28585,16.106550000000002,15.875550000000002,10.32105,8.096250000000001,38.49975,10.19715,45.986850000000004,19.00065,11.27835,11.4036,8.8656,2.9271000000000003,31.37265,21.5442,24.081750000000003,0.0,45.225300000000004,23.8164,3.56955,11.472750000000001
70544149,45.862500000000004,37.9992,37.9896,35.142300000000006,38.2677,45.4482,48.76215,58.9794,32.82105,54.7845,41.652300000000004,59.292750000000005,59.4123,62.19705,44.5917,43.899,42.015,59.07855,61.3578,62.597100000000005,6.039750000000001,59.64315,60.113850000000006,18.5847,61.92015,47.1129,44.13315,54.480450000000005,63.44670000000001,41.8764,43.99065,6.573,68.44425000000001,82.37400000000001,39.382200000000005,40.60665,46.37415,46.38915,57.1389,8.9997,40.63095,38.1369,34.656600000000005,38.160450000000004,61.461450000000006,49.063500000000005,62.5599,57.33075,43.36065,5.1864,74.22045000000001,42.18225,56.85510000000001,35.0067,43.59765,47.022600000000004,46.809000000000005,61.5708,99.94485,69.4077,69.36855,63.9069,68.3331,39.8934,57.198600000000006,37.48275,49.40415,65.2146,41.145,60.89235000000001,62.36970000000001,19.623300000000004,41.58135000000001,52.74960000000001,56.89170000000001,44.798100000000005,43.63035000000001,60.22710000000001,45.96885,50.411100000000005,42.4257,38.65965,42.69285000000001,64.4619,72.65520000000001,40.0059,59.76135000000001,36.93345,41.3145,37.613850000000006,82.15455,38.917350000000006,10.772250000000001,62.65545000000001,39.9984,54.28665,51.718650000000004,45.1362,75.02745,36.49425,67.46805,44.26845,0.0,67.20255,43.80795,37.005300000000005
70548634,87.82860000000001,33.31395,33.029250000000005,36.20205,32.9148,24.374850000000002,19.622550000000004,21.908250000000002,36.7245,26.921100000000003,28.173600000000004,21.4281,21.9993,16.675800000000002,24.0681,27.51105,27.18525,22.3989,7.743900000000001,16.20015,63.3138,9.8751,21.83295,72.7893,18.63495,27.961050000000004,85.6449,22.98495,17.19825,28.062,25.06725,61.311,1.605,40.2291,28.964399999999998,26.805149999999998,22.0986,24.90765,10.277700000000001,59.855700000000006,31.219800000000003,30.194550000000003,35.1234,31.28565,7.847700000000001,23.650800000000004,16.1628,23.257800000000003,26.1792,62.95725,27.823500000000003,26.561100000000003,15.864900000000002,33.1407,26.6142,25.5717,23.42745,7.957050000000001,32.9508,2.5683000000000002,2.52915,14.575800000000003,1.4937,30.4824,10.33755,33.07725,23.991600000000002,18.966150000000003,31.5369,23.8212,16.12125,71.71020000000001,26.44815,15.09285,15.9015,25.72425,26.127000000000002,23.15595,24.51795,20.47995,26.4825,30.75675,26.642550000000004,13.643699999999999,26.25825,33.874500000000005,20.0487,31.7472,27.5502,30.6849,39.7464,32.7858,68.5755,24.55215,33.867000000000004,18.7206,18.451800000000002,23.3487,32.61915,33.528600000000004,1.5100500000000001,24.90165,67.22820000000002,0.0,26.1582,34.0614
70556250,74.39475,9.585450000000002,9.30075,12.4737,9.18645,2.1945,8.565150000000001,18.782400000000003,12.996,14.5875,3.8584500000000004,19.095750000000002,19.215300000000003,22.00005,3.4548,1.35285,9.0318,18.88155,19.887300000000003,28.404600000000002,40.17105,23.44245,19.917,49.0608,21.72315,5.06055,72.2109,15.0552,23.2497,8.213400000000002,10.00215,38.16825,28.5159,42.17715,11.45925,14.31945,5.4894,10.760700000000002,17.743650000000002,36.71295,4.11105,18.96135,13.80345,7.557150000000001,19.9911,8.8665,28.367250000000002,17.133750000000003,4.60095,39.8145,40.027950000000004,9.64875,20.408250000000002,19.8318,5.7582,3.3612000000000006,9.2805,19.641150000000003,60.0165,29.479350000000004,29.440050000000003,23.710050000000003,28.40475,6.753900000000001,17.8035,9.34875,9.20715,25.017600000000005,6.12705,20.69535,22.17285,47.981700000000004,9.048,13.354500000000002,20.4447,1.8303000000000003,6.0765,20.0301,3.4423500000000002,10.21425,6.921,7.028250000000001,8.48895,24.2649,38.4627,10.146,19.56435,15.707400000000002,7.6968000000000005,6.95655,41.957550000000005,9.057450000000001,44.84715,22.45845,10.1385,14.861400000000001,12.323550000000003,3.9025499999999997,34.83045,20.404500000000002,27.539550000000002,3.91575,44.08545,27.2742,0.0,10.3329
70584255,70.19985000000001,1.51875,1.5091500000000002,3.7117500000000003,1.78725,11.81925,15.13335,25.35045,8.8449,21.1557,8.02335,25.66395,25.7835,28.568250000000003,10.962900000000001,7.4479500000000005,10.4037,25.44975,26.4555,34.97280000000001,34.029450000000004,30.0105,26.48505,42.919200000000004,28.2912,8.07765,68.016,21.623250000000002,29.81775,8.72025,14.212800000000001,32.02665,35.08395,50.3556,11.6292,15.993,12.745199999999999,16.706550000000004,24.31185,30.571350000000002,4.726500000000001,14.768400000000002,9.6105,4.3695,26.55915,15.434550000000002,34.93545,23.701800000000002,9.73185,33.6729,46.596000000000004,13.8594,26.97645,15.621300000000002,9.96885,13.393650000000001,15.22635,26.2092,66.58470000000001,36.0474,36.008250000000004,30.278100000000006,34.97280000000001,3.9891000000000005,24.371550000000003,3.8128500000000005,15.77535,31.585800000000003,3.5838,27.2634,28.7409,41.84010000000001,13.258650000000001,19.92255,27.0129,11.1693,9.4248,26.59815,12.340050000000002,16.782300000000003,8.759400000000001,3.60315,10.3449,30.833100000000005,45.0309,2.1843000000000004,26.1324,14.74485,8.864400000000002,4.77735,50.13615,1.2922500000000001,38.70555,29.02665,2.1768,21.4296,18.8916,11.50725,43.00905,17.10885,34.10775,10.639650000000001,37.943850000000005,33.84225,10.179,0.0
