,Depot,70017458,70017459,70017496,70017505,70017526,70017539,70017600,70018354,70018486,70019315,70019322,70019375,70019381,70019384,70019391,70019392,70019410,70019425,70019426,70019459,70019475,70019476,70019480,70019482,70019513,70019527,70019549,70019554,70019564,70020103,70029285,70030492,70030499,70030842,70031292,70031293,70034004,70042197,70043250,70043420,70081032,70082414,70083842,70084418,70084927,70084983,70130674,70130675,70132664,70132665,70133553,70138438,70155196,70155987,70238985,70244565,70246377,70248476,70286419,70288587,70337217,70337705,70343296,70347238,70351598,70361410,70362005,70373907,70374983,70375866,70382544,70382797,70390788,70390791,70390799,70395155,70396492,70398370,70398392,70400253,70401488,70408061,70408272,70408277,70408280,70412170,70428043,70433908,70435202,70450886,70464520,70465560,70484079,70490240,70494785,70494786,70494791,70521396,70521405,70525152,70535019,70544149,70548634,70556250,70584255
Depot,0.0,93.7056,91.7788,95.5924,92.6028,101.5562,105.975,119.5978,92.4012,114.0048,96.495,120.0158,120.1752,125.65660000000001,100.4144,99.49080000000001,94.34,119.7302,109.44539999999999,111.0978,66.71419999999999,107.1592,125.3938,81.25619999999999,125.28739999999999,108.224,18.014,110.3412,127.3228,94.155,96.3548,67.4252,118.894,150.7908,90.82939999999999,87.149,102.7908,99.5528,112.8238,70.66080000000001,98.105,83.1692,86.37039999999999,91.8394,109.5836,106.37660000000001,111.0482,117.3996,98.7728,65.57639999999999,126.5956,93.9436,117.9742,75.7668,99.089,103.6554,100.1126,109.7296,160.895,120.1786,120.12639999999999,127.93660000000001,118.7458,97.12180000000001,112.90339999999999,90.928,106.831,129.68,98.79060000000001,122.1484,125.88680000000001,82.641,93.1426,108.0334,118.0228,100.68960000000001,95.1052,121.2614,102.2506,104.5006,94.8876,92.5048,93.57860000000001,128.6764,124.5086,97.2718,122.409,83.1378,93.406,91.1106,150.49820000000003,95.8202,70.81519999999999,124.4994,97.26180000000001,110.0828,106.6588,101.1402,140.9952,76.294,117.5924,99.98339999999999,61.5954,117.2384,99.36919999999999,92.9204
70017458,93.1844,0.0,1.7835999999999999,7.8608,1.631,14.155,18.5738,32.1966,12.6216,26.6036,9.0938,32.614599999999996,32.774,36.487,13.013200000000001,8.8164,9.741200000000001,32.329,33.67,45.0264,48.854800000000004,38.41,33.7094,60.708,36.1178,13.439200000000001,90.2728,27.2272,38.153,10.023,17.346400000000003,46.184400000000004,45.174800000000005,63.3896,10.567,16.7778,15.3898,20.671400000000002,30.811799999999998,44.2442,5.1878,18.950400000000002,12.0732,4.0196,33.8082,18.9754,44.9766,29.9986,11.371799999999999,48.379400000000004,60.524,16.875400000000003,34.364599999999996,20.413,11.6878,16.2542,18.698,33.341800000000006,87.1756,46.459199999999996,46.407,38.7668,45.0264,4.2046,30.8914,4.8552,19.4298,40.510400000000004,7.134,34.7474,36.7172,59.269,16.0742,24.959400000000002,34.413199999999996,13.2884,10.962399999999999,33.8602,14.8494,20.7724,10.0752,2.9978000000000002,12.189200000000001,39.506800000000005,58.4372,5.6152,33.2394,18.919,8.8072,4.5634,63.097,4.163600000000001,55.0896,37.0982,5.605,26.968799999999998,23.584799999999998,13.739,53.594199999999994,22.3966,43.873,12.5822,54.0742,43.519,11.968200000000001,5.1888000000000005
70017459,91.9458,1.7552,0.0,6.0458,1.0504,15.4892,19.908,33.530800000000006,9.2134,27.9378,10.428,33.948800000000006,34.1082,37.821,14.3472,9.6608,13.601799999999999,33.663199999999996,35.0042,46.3604,45.4466,39.7442,35.0436,57.2996,37.451800000000006,11.6036,89.0342,28.5612,39.487199999999994,11.3572,18.680400000000002,42.776199999999996,46.5088,64.7238,15.2356,21.054,16.7238,22.005599999999998,32.146,40.835800000000006,6.0322,17.1114,10.234,4.3256000000000006,35.1424,20.3096,46.3108,31.3326,12.7058,44.971199999999996,61.8582,18.209400000000002,35.6986,19.174400000000002,13.021799999999999,17.5884,20.032,34.6758,88.5096,47.7934,47.7412,40.101,46.3606,5.049,32.2256,3.0162,20.764,41.8444,5.611800000000001,36.0814,38.0514,55.860800000000005,17.4084,26.293599999999998,35.7474,14.622399999999999,12.2966,35.1944,16.1834,22.1066,11.4094,4.604,13.523399999999999,40.8408,59.7712,3.746,34.5734,17.0798,11.5492,3.8754,64.4312,2.5564,51.681400000000004,38.432199999999995,3.736,28.302799999999998,24.919,15.0732,54.9282,21.158,45.207,13.9164,50.666,44.853199999999994,13.302200000000001,3.3735999999999997
70017496,95.352,6.2178,6.205,0.0,6.576,19.183799999999998,23.6026,37.2254,9.6816,26.769599999999997,14.1226,37.6434,37.802800000000005,41.515800000000006,18.042,13.3554,17.296400000000002,37.357800000000005,38.698800000000006,50.055,41.3826,43.4388,38.7382,53.2356,41.1464,16.8644,92.4404,32.2558,43.1818,15.0518,22.3752,38.712199999999996,50.2034,66.41760000000001,18.930400000000002,24.7488,20.418400000000002,25.700200000000002,35.8406,36.771800000000006,9.726799999999999,21.4436,13.9786,9.9404,38.837,24.0042,50.0054,35.0272,16.400599999999997,40.907199999999996,65.5528,21.904,39.3932,22.580599999999997,16.7166,19.528200000000002,23.726599999999998,38.370400000000004,92.2042,51.488,51.4358,43.7956,50.0552,8.7436,35.920199999999994,10.9208,24.458599999999997,45.539199999999994,10.4124,39.776,41.746,51.796800000000005,21.103,29.9882,39.442,18.3172,15.991200000000001,38.889,19.8782,25.8012,15.104,8.9186,17.218,44.535599999999995,63.466,8.893600000000001,38.268,21.412,15.244,10.484200000000001,66.12480000000001,7.442,47.6174,42.127,8.8836,31.9976,28.613599999999998,18.767799999999998,56.622,24.564,48.9018,17.611,46.601800000000004,48.5478,16.9968,4.8928
70017505,91.5012,1.921,0.37860000000000005,6.4558,0.0,15.655,20.0738,33.6966,9.6474,28.1036,10.5938,34.114599999999996,34.274,37.9868,14.513,9.826600000000001,13.7676,33.829,35.17,46.526199999999996,45.8808,39.91,35.2094,57.7338,37.617599999999996,11.7694,88.5894,28.727,39.653,11.523,18.8462,43.2104,46.6746,64.8896,15.4016,21.2198,16.889599999999998,22.171400000000002,32.3118,41.27,6.198,17.5454,10.6682,3.8808000000000002,35.3082,20.4754,46.4766,31.4984,12.8716,45.4054,62.024,18.3752,35.8644,18.729599999999998,13.1876,17.7542,20.1978,34.8416,88.6754,47.959199999999996,47.907,40.2668,46.5264,5.2148,32.391400000000004,3.4504,20.9298,42.0102,5.7776000000000005,36.2472,38.2172,56.295,17.5742,26.459400000000002,35.913199999999996,14.788200000000002,12.462399999999999,35.3602,16.3492,22.2724,11.5752,3.951,13.689200000000001,41.0066,59.937,3.9118000000000004,34.7392,17.514,11.715200000000001,3.4306,64.597,2.7222,52.1156,38.598,3.9018,28.4686,25.084799999999998,15.239,55.094,20.7132,45.372800000000005,14.0822,51.1,45.019,13.468,3.7838000000000003
70017526,98.634,12.2216,11.842,16.0724,11.6894,0.0,8.991200000000001,22.614,16.769,17.021,4.5854,23.032,23.1914,26.9042,4.973,4.4844,11.4832,22.7464,24.087400000000002,35.443599999999996,53.0024,28.8274,24.1268,64.8554,26.535,6.8878,95.7222,17.6444,28.570400000000003,10.3922,12.777,50.332,35.592,53.807,14.72,18.5334,5.828600000000001,14.0592,21.229200000000002,48.3916,9.4294,24.7228,17.845599999999997,9.5172,24.2256,9.3928,35.394,20.4158,5.575399999999999,52.527,50.9414,12.306,24.7818,25.883200000000002,7.118399999999999,4.3228,12.085600000000001,23.759,77.5928,36.876599999999996,36.824400000000004,29.1842,35.4438,8.446200000000001,21.308799999999998,11.906,9.8472,30.927799999999998,9.8522,25.1646,27.1346,63.416599999999995,11.505,15.3768,24.830599999999997,1.5186,7.543,24.2776,4.0356,11.1898,8.669,8.812,10.7596,29.9242,48.8546,12.969,23.656599999999997,20.3842,9.7032,8.7164,53.5144,11.5174,59.237,27.5156,12.959,17.386200000000002,14.0022,5.57,44.0114,26.6468,34.2904,4.486800000000001,58.221599999999995,33.9364,2.6808,13.218200000000001
70017539,105.802,19.389599999999998,19.0102,23.240599999999997,18.857599999999998,7.4708000000000006,0.0,19.7284,23.9372,14.135399999999999,11.7536,20.1464,20.305799999999998,24.0188,9.348799999999999,11.6526,15.3568,19.860799999999998,17.6668,29.023,60.1704,22.4068,21.2412,72.0236,23.6494,12.2524,102.8904,11.223799999999999,25.6848,17.5604,13.580200000000001,57.5,29.171400000000002,50.9214,17.729,21.398799999999998,4.436,11.878,14.8086,55.559599999999996,16.5976,24.854,25.0136,16.6854,17.805,6.5056,28.9734,17.5302,9.8768,59.695,44.5208,15.175,18.3612,33.0514,14.2866,9.066799999999999,9.9046,17.3384,71.1722,30.456,30.4038,26.298599999999997,29.0232,15.6144,14.888200000000001,19.0742,6.9598,28.0422,17.020400000000002,22.279,24.249,70.58460000000001,14.3738,8.9562,18.41,9.27,14.711,21.392,7.6618,4.7692,15.837,15.98,14.633,27.0386,42.434,20.1372,20.771,23.2494,15.843399999999999,15.8844,50.628800000000005,18.685599999999997,66.4052,24.63,20.127200000000002,10.9656,7.581600000000001,6.01,41.126,33.815,27.869799999999998,8.173399999999999,65.38980000000001,27.5158,9.848799999999999,20.386400000000002
70017600,119.2632,32.8508,32.4712,36.701800000000006,32.318799999999996,20.932,17.021,0.0,37.398199999999996,7.4012,25.2148,1.8568,2.0162,9.1434,22.8098,25.113799999999998,27.2012,1.5712000000000002,19.835,31.2112,73.6316,24.575,2.9516,85.4846,11.7554,25.7136,116.3514,7.7686,6.6238,28.3702,25.075,70.96119999999999,31.3398,25.8042,29.573400000000003,33.243,20.9606,24.1644,16.9768,69.02080000000001,30.058799999999998,36.6984,38.4748,30.1464,19.973200000000002,16.0768,31.1614,8.1324,23.338,73.1562,46.709,27.0194,11.789,46.5126,26.439799999999998,22.5278,22.1908,19.5068,76.6464,32.6242,32.572,14.332,31.1914,29.075400000000002,17.0564,32.5352,15.635200000000001,9.9344,30.4816,2.5505999999999998,12.282200000000001,84.0458,26.2182,18.700200000000002,11.8376,22.7312,25.790200000000002,1.6636,21.122799999999998,18.1644,26.264200000000002,29.441200000000002,26.477400000000003,15.0718,44.622,33.5982,5.318,35.0938,27.6878,29.345599999999997,25.160400000000003,32.1468,79.8664,4.9014,33.5882,8.0268,17.2946,23.2634,15.6576,47.276199999999996,30.038,21.6346,78.8508,31.9058,23.31,33.8474
70018354,90.399,9.077,7.3542,11.1724,7.4794,17.124,21.5426,35.1656,0.0,29.572400000000002,12.0628,35.583400000000005,35.7428,39.4558,15.982,15.0586,12.876,35.2978,36.6388,53.2156,41.1724,41.379,36.6784,53.0256,39.0866,22.409,87.4872,30.196,41.122,12.8944,20.3152,38.502,48.1436,66.35860000000001,14.0274,22.2538,18.3586,23.640400000000003,33.780800000000006,36.561800000000005,11.2912,16.4878,9.6106,7.407,36.7772,21.9444,53.166,32.967400000000005,14.3406,40.697,68.7134,19.8442,37.333400000000005,17.6482,14.656600000000001,19.223200000000002,21.6668,36.3106,90.14439999999999,49.4282,49.375800000000005,41.735800000000005,47.995400000000004,10.308,33.8604,6.5034,22.3986,43.4792,14.3706,37.7162,39.6862,51.5866,19.043,27.9284,37.382,16.2572,15.0812,36.8292,17.8182,23.741400000000002,13.07,8.0726,13.7798,42.4756,66.62660000000001,10.8874,36.2082,16.456400000000002,11.942,6.6781999999999995,66.0658,11.4002,47.407199999999996,40.067,10.8774,29.9376,26.5538,16.708,56.563,18.412,46.841800000000006,15.551,46.3918,46.488,14.937,8.500399999999999
70018486,114.41980000000001,28.0074,27.6278,28.072599999999998,27.4752,16.0886,15.0678,6.8692,32.5548,0.0,20.3712,7.2871999999999995,7.4466,14.0656,17.9664,20.2702,25.248,7.001600000000001,22.7772,34.153400000000005,68.7882,27.517400000000002,8.382,80.6412,13.696399999999999,18.6144,111.508,8.6108,15.7318,26.417,23.1218,66.1178,34.282,32.6734,27.6202,31.2898,16.1172,22.2112,19.919,64.1774,25.2152,34.7452,33.6312,25.303,22.9154,11.2356,34.1036,7.5771999999999995,18.494400000000002,68.31280000000001,49.651199999999996,25.066200000000002,14.731200000000001,41.669,24.4866,17.6844,20.237599999999997,22.449,76.28280000000001,35.5664,35.514199999999995,16.3456,34.1336,24.232,19.9988,27.6918,10.791799999999999,18.089,25.638,9.419799999999999,14.2958,79.2024,24.265,16.715799999999998,14.7798,17.8878,23.837,8.5328,16.2794,16.2112,24.311,24.5978,24.5242,17.0854,47.5642,28.7548,10.818,33.1406,25.734599999999997,24.502,32.0296,27.3032,75.0228,11.7706,28.744799999999998,8.869200000000001,15.3414,18.42,22.526799999999998,42.4326,32.980199999999996,16.7912,74.00739999999999,33.919599999999996,18.4666,29.004
70019315,97.48039999999999,11.068,10.688600000000001,14.919,10.536,6.7046,11.1234,24.7462,15.6156,19.153200000000002,0.0,25.1642,25.3236,29.0364,5.562600000000001,8.3484,9.0912,24.8786,26.2196,37.5758,51.848800000000004,30.9596,26.259,63.702,28.6672,11.989600000000001,94.5688,19.7766,30.702599999999997,8.0002,10.385,49.1784,37.724199999999996,55.9392,10.9244,16.1414,7.9392,13.71,23.3614,47.2382,5.54,19.5966,16.692,8.3638,26.3578,11.525,37.526,22.548,3.9212,51.373400000000004,53.0736,9.914,26.914,24.7298,4.7264,8.803799999999999,11.736600000000001,25.8912,79.725,39.0088,38.9566,31.3164,37.576,7.292800000000001,23.441,10.752600000000001,11.9792,33.0598,8.228,27.296799999999998,29.2668,62.263,9.1128,17.509,26.962799999999998,5.8378000000000005,5.1508,26.4098,7.3988000000000005,13.322,6.276800000000001,7.658600000000001,8.3674,32.056200000000004,50.986599999999996,11.8156,25.7888,17.9922,7.3111999999999995,7.5628,55.6466,10.364,58.0836,29.647599999999997,11.8056,19.5182,16.1344,6.1596,46.1436,25.4934,36.4224,5.1318,57.0682,36.068599999999996,6.416600000000001,12.0648
70019322,120.6882,34.275800000000004,33.8962,38.1268,33.7438,22.357,18.4862,1.81,38.8234,8.2198,26.6398,0.0,0.7616,8.1594,24.2348,26.5388,28.6662,0.5388,18.379,29.755,75.0566,23.119,1.4954,86.90960000000001,9.298,27.1386,117.7766,6.312399999999999,5.6398,29.8354,26.54,72.3862,29.883599999999998,27.5626,31.0386,34.7082,22.3858,25.6294,15.5208,70.4458,31.4838,38.1634,39.899800000000006,31.5714,18.5172,17.5018,29.7054,6.6762,24.763,74.5812,45.2528,28.4844,10.332799999999999,47.937599999999996,27.904799999999998,23.9528,23.656,18.0506,71.8844,31.168200000000002,31.116,11.9472,29.735400000000002,30.500400000000003,15.6004,33.9604,17.060200000000002,8.9506,31.906599999999997,4.309,9.8976,85.4708,27.683400000000002,17.2442,10.3816,24.156200000000002,27.2554,3.422,22.548,19.6294,27.729200000000002,30.8662,27.9426,12.6872,43.166,35.023199999999996,3.5228,36.559,29.153,30.770599999999998,26.919,33.5718,81.2914,6.66,35.0132,6.5708,13.8396,24.6884,17.416,52.0502,28.581799999999998,23.0596,80.2758,29.5212,24.735,35.272400000000005
70019375,120.8514,34.439,34.059400000000004,38.2898,33.906800000000004,22.5202,18.6494,2.3774,38.9864,8.7872,26.802799999999998,0.668,0.0,9.205200000000001,24.398,26.7018,28.8294,0.38239999999999996,18.542,29.918200000000002,75.2198,23.2822,1.6585999999999999,87.0728,9.461200000000002,27.3018,117.93960000000001,6.4756,6.6856,29.9984,26.703200000000002,72.54939999999999,30.046799999999998,28.13,31.2016,34.8714,22.5488,25.7926,15.6838,70.609,31.6468,38.3266,40.063,31.734599999999997,18.6802,17.665,29.8684,6.8393999999999995,24.926,74.7444,45.416,28.647599999999997,10.496,48.1006,28.068,24.116,23.819,18.2138,72.0476,31.331400000000002,31.279,12.1104,29.898400000000002,30.6636,15.7636,34.123400000000004,17.2234,9.9962,32.0698,4.876399999999999,10.060799999999999,85.634,27.846400000000003,17.4072,10.5446,24.3194,27.418400000000002,3.9894000000000003,22.711,19.7926,27.892400000000002,31.029400000000003,28.1056,12.850200000000001,43.329,35.1864,3.739,36.722,29.316,30.933799999999998,27.4864,33.7348,81.4546,7.2272,35.1764,6.734,14.002799999999999,24.851599999999998,17.983400000000003,52.2134,28.745,23.2228,80.439,29.6844,24.8982,35.4356
70019381,122.9302,36.5178,36.138400000000004,40.3688,35.985800000000005,24.599,20.7282,9.538200000000002,41.065400000000004,13.8026,28.8818,8.087,8.7194,0.0,26.4768,28.7808,30.9084,8.6256,20.2308,31.607,77.29860000000001,24.971,7.6242,89.15180000000001,2.7544,29.380599999999998,120.0186,8.5544,4.717,32.077400000000004,28.7822,74.62819999999999,25.1062,35.424800000000005,33.2806,36.950199999999995,24.6278,27.8714,17.372799999999998,72.68780000000001,33.7258,40.4056,42.1418,33.8134,20.3692,19.7438,31.5574,8.9182,27.005,76.8232,47.104800000000004,30.726599999999998,12.1848,53.385,30.147,26.1948,25.898,19.9026,67.6452,26.3908,26.3384,5.3308,24.9578,32.742599999999996,17.4524,36.202400000000004,19.302400000000002,7.074199999999999,34.1486,12.089,3.281,87.7128,29.9254,19.096,12.2334,26.3982,29.497400000000003,11.201799999999999,24.79,21.8714,29.971400000000003,33.1082,30.1846,6.070600000000001,45.018,37.2654,4.639399999999999,38.801,31.395,33.0126,34.7812,35.8138,83.5334,14.522200000000002,37.255199999999995,8.8128,16.081799999999998,26.9306,25.278200000000002,53.9022,23.98,25.301599999999997,82.518,22.9046,26.977,37.5146
70019384,102.13260000000001,15.7202,15.3408,19.5712,15.1882,3.8036,8.204,21.827,20.267799999999998,16.2338,8.0842,22.244799999999998,22.4042,26.1172,0.0,7.9832,11.4874,21.9592,23.3002,34.6566,56.501,28.0404,23.339599999999997,68.354,25.748,8.648399999999999,99.221,16.857400000000002,27.7834,8.59,9.710799999999999,53.8306,34.805,53.02,13.8596,17.529400000000003,3.0332,10.0616,20.442,51.8902,12.9282,20.984599999999997,21.3442,13.015799999999999,23.4384,8.605799999999999,34.6068,19.6288,2.7304,56.0256,50.1544,11.3056,23.994799999999998,29.382,5.3162,5.4628000000000005,8.088,22.972,76.8058,36.0896,36.0372,28.3972,34.6566,11.945,20.5218,15.4048,9.06,30.1406,13.351,24.377599999999997,26.3474,66.9152,10.5046,14.5896,24.043400000000002,5.6006,5.8214,23.490599999999997,4.0578,10.4026,6.8666,12.3106,10.7638,29.137,48.0674,16.4678,22.8696,19.380200000000002,7.901,12.215,52.727199999999996,15.016200000000001,62.735800000000005,26.7284,16.4576,16.599,13.215200000000001,0.9172,43.2244,30.145599999999998,33.5032,1.7415999999999998,61.7204,33.1494,6.179399999999999,16.717
70019391,99.32260000000001,9.2554,9.413799999999998,13.106200000000001,9.2614,4.3438,12.7898,26.412599999999998,17.4576,20.819599999999998,7.6133999999999995,26.830599999999997,26.99,30.703,7.0752,0.0,14.1908,26.545,27.886,39.2424,53.691,32.626,27.9254,65.544,30.3338,5.019399999999999,96.411,21.4432,32.369,11.946200000000001,15.805,51.0206,39.390800000000006,57.605599999999995,15.8248,21.561400000000003,9.6272,16.816599999999998,25.0278,49.0802,5.0528,25.4114,18.534200000000002,10.2058,28.0242,8.356,39.1926,24.214599999999997,8.603399999999999,53.2156,54.74,15.334,28.580599999999997,26.572,10.1464,4.8356,14.843,27.5578,81.39160000000001,40.6752,40.623,32.982800000000005,39.2424,5.9512,25.107599999999998,12.5948,13.6458,34.7264,7.741,28.9634,30.9332,64.1052,14.5328,19.1754,28.6292,4.9092,10.571,28.076400000000003,5.9594,14.9884,11.9984,7.7856000000000005,14.1126,33.7228,52.6532,10.002799999999999,27.4554,23.412200000000002,12.138399999999999,9.405,57.313,8.551200000000001,59.9258,31.3142,9.992799999999999,21.1848,17.8008,7.6722,47.810199999999995,27.3356,38.089,8.2854,58.910199999999996,37.735,2.7976,10.252
70019392,93.578,12.426200000000001,12.0466,16.277,11.894,13.0836,12.776,26.0224,18.5996,25.5322,8.0224,26.4402,26.5996,30.3126,8.188600000000001,11.602799999999998,0.0,26.1546,25.109599999999997,36.4658,50.9018,29.8496,27.535,64.9224,29.9434,16.5168,90.6664,18.706799999999998,31.9788,2.7965999999999998,7.126600000000001,48.2314,36.6142,59.275800000000004,4.675,8.3446,10.901399999999999,10.451799999999999,22.2514,46.291,9.634,11.8,12.5688,8.0564,25.247799999999998,17.904,36.416199999999996,23.8242,10.3002,50.4264,51.9636,3.9015999999999997,21.873,20.6564,2.8744,13.331,8.478200000000001,24.781200000000002,78.615,37.8988,37.846599999999995,32.5926,36.466,8.650799999999998,22.331,10.5964,18.3582,34.336,14.6924,28.573,30.5428,63.483599999999996,3.1004,16.399,21.921799999999998,12.2168,2.4301999999999997,27.686,11.926,12.866,2.2198,7.5516000000000005,0.9037999999999999,33.3324,49.8768,13.1736,27.065,10.1954,2.1142,7.4014,58.9832,11.722,59.304,30.9238,13.1636,18.448400000000003,15.0244,8.1192,49.4804,20.537,35.312599999999996,9.2394,56.121,34.9586,11.481399999999999,13.422799999999999
70019410,120.5732,34.1608,33.7812,38.0118,33.628800000000005,22.242,18.3712,2.0956,38.7082,8.5054,26.5248,0.2856,0.6464,8.445,24.119799999999998,26.4238,28.5512,0.0,18.2638,29.64,74.94160000000001,23.004,1.3804,86.7946,9.183,27.0236,117.6614,6.1974,5.9254,29.7204,26.425,72.2712,29.7686,27.848200000000002,30.9234,34.593199999999996,22.270599999999998,25.514400000000002,15.4058,70.3308,31.3688,38.0484,39.784800000000004,31.456400000000002,18.4022,17.3868,29.590400000000002,6.5611999999999995,24.648,74.4662,45.137800000000006,28.369400000000002,10.217799999999999,47.8226,27.7898,23.837799999999998,23.5408,17.935599999999997,71.76939999999999,31.0532,31.000799999999998,11.8322,29.6204,30.3854,15.4854,33.8452,16.9452,9.2362,31.7916,4.594600000000001,9.7826,85.3558,27.5684,17.129,10.266399999999999,24.0412,27.140400000000003,3.7076,22.4328,19.514400000000002,27.6142,30.7512,27.827599999999997,12.572,43.0508,34.908199999999994,3.4608000000000003,36.444,29.038,30.6556,27.2046,33.4568,81.1764,6.945600000000001,34.898199999999996,6.4558,13.7246,24.573400000000003,17.7016,51.935199999999995,28.4668,22.944599999999998,80.16080000000001,29.406200000000002,24.62,35.1574
70019425,109.3158,34.1304,33.750800000000005,37.981199999999994,33.5982,22.211599999999997,15.875200000000001,20.1988,38.677800000000005,24.463,27.276799999999998,18.747400000000003,19.3798,18.547400000000003,21.802599999999998,26.3932,25.9588,19.286,0.0,13.811200000000001,76.6292,5.377800000000001,18.284599999999998,86.7642,18.1782,26.9932,106.404,14.931,20.2136,27.128,25.6338,73.9588,12.1424,44.7678,28.331,27.9512,19.176599999999997,22.922,3.4154,72.0186,31.3382,32.4702,36.543,31.426,0.1754,21.2462,13.7614,19.578599999999998,24.6174,76.1538,29.308799999999998,25.777,10.865,36.3986,25.197400000000002,23.8074,20.948400000000003,0.3212,54.1432,13.4268,13.374600000000001,20.8274,11.994,30.355,3.4951999999999996,33.814800000000005,21.700599999999998,22.5708,31.761,22.7494,18.7778,85.32539999999999,24.976,9.835600000000001,10.913799999999998,24.0108,24.548,21.8624,22.4024,17.0186,25.0218,30.7208,25.2352,21.5672,27.222,34.8778,15.2998,33.8516,26.4456,30.625,44.124199999999995,33.426199999999994,81.14580000000001,23.8652,34.8678,14.672600000000001,14.314200000000001,20.843400000000003,34.621199999999995,36.915800000000004,10.8406,22.9142,81.8486,10.486799999999999,24.589599999999997,35.127
70019426,110.5392,45.311,44.931599999999996,49.162,44.779,33.392199999999995,27.056,31.408,54.2564,35.6722,38.4574,29.956599999999998,30.589,29.7566,32.9834,37.574,37.1396,30.4952,13.3522,0.0,77.85260000000001,11.0662,29.4938,93.6008,29.387400000000003,38.1738,107.6274,26.1118,31.4228,38.3086,26.857200000000002,75.1822,22.801,55.977,36.997,29.174599999999998,30.357400000000002,25.659200000000002,16.7306,73.242,42.519,33.693599999999996,48.2256,42.6066,13.4904,32.427,0.24,30.7878,35.798199999999994,77.3772,15.71,28.849,22.0744,37.622,36.3782,34.988,32.1292,13.6364,50.3134,24.0856,24.0332,32.0366,22.6528,41.535599999999995,16.8104,44.995599999999996,32.8812,33.780199999999994,42.9418,33.9586,29.987,92.162,29.453799999999998,21.0164,22.123,35.1914,35.7286,33.0716,33.5832,28.1992,36.2026,41.9014,36.415800000000004,32.7766,13.623,46.0586,26.509,35.764,37.6262,41.805800000000005,55.333400000000005,44.607,87.9826,35.074400000000004,46.0484,25.8534,25.494799999999998,32.0242,45.830400000000004,38.139199999999995,21.499200000000002,34.094800000000006,83.072,21.145400000000002,35.770199999999996,46.3076
70019459,66.95819999999999,43.068400000000004,43.0556,39.2592,43.4264,53.0004,57.419,71.042,36.164199999999994,65.4488,47.9392,71.4598,71.61919999999999,75.3322,51.8584,50.9348,48.423,71.1742,74.2132,75.8656,0.0,71.927,72.5548,26.33,74.963,55.22,64.6524,65.0434,76.99839999999999,48.238,51.057,1.1668,83.662,102.235,44.9124,46.545,54.235,54.255,68.588,4.402399999999999,46.577400000000004,43.252,38.611599999999996,43.2834,74.3514,57.820800000000006,75.816,68.8438,50.217,1.8962,91.3634,48.6458,68.20960000000001,39.0784,50.533,55.099599999999995,54.814800000000005,74.4974,125.6628,84.9464,84.8942,77.6122,83.51360000000001,45.594,68.66760000000001,42.3798,58.275,79.35560000000001,47.263,73.5926,75.5624,27.715,47.8446,62.7356,68.2584,52.1336,50.5766,72.7056,53.6946,59.6178,48.9706,43.949,49.3266,78.352,89.2766,45.744,72.08460000000001,41.647400000000005,47.488800000000005,42.5546,101.9422,44.2926,12.6492,75.9434,45.734,64.785,61.361,52.5844,92.43939999999999,41.062,82.36019999999999,51.4274,7.5908,82.00619999999999,50.8134,41.7434
70019475,104.7748,38.784800000000004,38.405199999999994,42.6358,38.2528,26.866,20.529799999999998,24.8532,48.492,29.1174,31.9312,23.401799999999998,24.0344,23.202,26.4572,31.0478,30.613400000000002,23.9406,4.6916,9.2702,72.0882,0.0,22.9392,87.8366,22.8326,31.647599999999997,101.863,19.5854,24.868,31.782400000000003,21.0928,69.4178,14.1404,49.4222,31.232599999999998,23.4102,23.831,19.8948,8.07,67.47760000000001,35.9928,27.9292,42.4612,36.080400000000004,4.8298000000000005,25.900599999999997,9.2204,24.2332,29.272,71.61280000000001,24.767799999999998,23.0846,15.5196,31.857599999999998,29.852,28.4618,25.603,4.9758000000000004,56.1412,15.4248,15.3726,25.4818,13.992,35.0094,8.1496,38.4694,26.355,27.2254,36.4156,27.4038,23.4322,86.39760000000001,23.689400000000003,14.49,15.568200000000001,28.665200000000002,29.2024,26.5168,27.0568,21.673,29.6764,35.3752,29.889599999999998,28.2954,22.681,39.532199999999996,19.9542,29.999599999999997,31.1,35.2796,48.7786,38.0808,82.2182,28.519599999999997,39.5222,19.3272,18.9686,25.498,39.275800000000004,32.3748,12.8386,27.5686,77.30760000000001,12.4846,29.244,39.781400000000005
70019476,121.1138,34.7014,34.3218,38.5524,34.1694,22.7826,18.9118,2.0052,39.2488,8.4148,27.0652,0.42560000000000003,1.187,8.3546,24.660400000000003,26.9644,29.0918,0.9642000000000001,18.8044,30.1806,75.48219999999999,23.5446,0.0,87.3352,10.9666,27.5642,118.202,6.738,5.835,30.2608,26.9656,72.8118,30.3092,27.7578,31.464,35.1338,22.8112,26.055,15.946200000000001,70.8714,31.9094,38.589,40.3254,31.997,18.9428,17.927400000000002,30.131,7.1018,25.1884,75.0068,45.6784,28.91,10.7584,48.3632,28.3304,24.378400000000003,24.081400000000002,18.476200000000002,72.31,31.593799999999998,31.541400000000003,12.3728,30.161,30.926,16.026,34.3858,17.485799999999998,9.1456,32.3322,4.5042,10.3232,85.8964,28.109,17.6696,10.807,24.581799999999998,27.680799999999998,3.6172,22.9734,20.055,28.154799999999998,31.2918,28.3682,13.1126,43.5914,35.448800000000006,3.718,36.9846,29.578400000000002,31.1962,27.114,33.9974,81.717,6.855,35.4388,6.9963999999999995,14.2652,25.114,17.6112,52.4758,29.0074,23.4852,80.70139999999999,29.9468,25.1606,35.698
70019480,109.9526,56.631,56.618199999999995,52.8218,56.989,66.563,70.9816,84.6044,49.726800000000004,79.0114,61.501599999999996,85.02239999999999,85.18180000000001,88.8948,65.421,64.4974,63.869,84.7368,90.0946,91.747,25.2924,87.80860000000001,86.1172,0.0,88.52560000000001,68.7826,78.9092,79.635,90.5608,63.6842,66.93839999999999,24.1346,99.54339999999999,115.7974,60.358599999999996,62.4264,67.7976,73.0792,83.2196,22.8168,60.14,62.8188,52.1742,56.846,90.2328,71.3832,91.69739999999999,82.40639999999999,63.7796,24.817,107.2448,67.7706,86.77239999999999,54.9598,64.0956,68.6622,71.1058,85.7496,141.54420000000002,100.8278,100.77560000000001,91.17460000000001,99.395,59.1566,83.2992,55.9424,71.83760000000001,92.9182,60.8254,87.1552,89.125,2.0282,66.9696,77.3672,86.821,65.69619999999999,64.52,86.2682,67.2572,73.1802,64.4166,57.5116,64.7728,91.91460000000001,105.158,59.306599999999996,85.6472,57.528800000000004,62.935,56.1172,115.5048,57.855199999999996,15.236600000000001,89.506,59.2966,79.37660000000001,75.99260000000001,66.1468,106.002,56.943400000000004,98.2416,64.99,27.764400000000002,97.8876,64.376,55.305800000000005
70019482,121.7548,35.342400000000005,34.9628,39.1932,34.810199999999995,23.423599999999997,19.552599999999998,8.3628,39.8898,12.627,27.7062,6.9113999999999995,7.544,5.187399999999999,25.3014,27.6052,29.7328,7.4502,19.055400000000002,30.4316,76.1232,23.7954,6.448600000000001,87.97619999999999,0.0,28.2052,118.843,7.379,6.8536,30.901799999999998,27.6066,73.4528,27.2428,32.9318,32.105,35.774800000000006,23.4522,26.696,16.197200000000002,71.5124,32.550200000000004,39.23,40.9662,32.638,19.1936,18.5684,30.3818,7.7428,25.8294,75.6478,45.929199999999994,29.551,11.0092,52.2094,28.971400000000003,25.0194,24.7224,18.727,69.7818,28.5272,28.475,7.4672,27.0944,31.567,16.276799999999998,35.0268,18.1268,9.210799999999999,32.973,10.9134,5.4176,86.53739999999999,28.7498,17.9206,11.058,25.2228,28.3218,10.026399999999999,23.6144,20.696,28.7958,31.9328,29.009,8.2072,43.842400000000005,36.089800000000004,3.4638,37.6254,30.2194,31.837,32.2882,34.6382,82.3578,12.029200000000001,36.079800000000006,7.6373999999999995,14.9062,25.755,22.785400000000003,52.7266,26.1166,24.1262,81.3424,25.0412,25.801599999999997,36.339
70019513,103.43060000000001,11.9048,11.892,14.8288,12.262799999999999,7.6962,12.285200000000001,24.0366,24.1602,17.318,11.976799999999999,24.4546,24.614,25.3972,8.9534,6.4632,18.779,24.169,27.381400000000003,38.7378,60.3936,32.1216,25.549400000000002,72.2466,25.0278,0.0,100.5188,19.942400000000003,27.063200000000002,16.2272,17.002599999999997,57.7232,38.886199999999995,54.6818,21.1512,24.821,9.1226,17.3532,24.5232,55.7828,9.3338,28.2762,25.2368,16.9084,27.5198,5.3362,38.688,18.9086,9.484200000000001,59.9182,54.2356,18.5972,28.076,30.659,14.509799999999998,4.331,15.3796,27.0532,80.887,40.1708,40.1184,27.677,38.7378,15.837399999999999,24.603,19.297400000000003,6.7838,29.4206,9.1186,26.587400000000002,25.6274,70.8078,17.796200000000002,18.6708,28.124599999999997,9.4932,14.9342,25.700400000000002,5.4548000000000005,14.484,16.060200000000002,16.203200000000002,18.055400000000002,28.417,52.1486,9.4184,22.1494,26.671799999999998,17.0946,16.1076,54.389,10.5116,66.6284,28.938200000000002,9.4082,20.200599999999998,17.296400000000002,9.407,44.886199999999995,32.6426,37.5844,7.7808,65.61280000000001,37.230599999999995,7.3302,11.9746
70019527,19.6902,93.32419999999999,91.39739999999999,95.211,92.2212,101.1748,105.59360000000001,119.2164,92.01960000000001,113.62339999999999,96.1136,119.6344,119.7938,125.2752,100.03280000000001,99.1094,93.9586,119.3488,109.064,110.7164,66.08439999999999,106.7778,125.0124,80.62639999999999,124.906,107.8426,0.0,109.9598,126.9412,93.7736,95.9734,66.7954,118.5126,150.4094,90.448,86.7676,102.40939999999999,99.17139999999999,112.44239999999999,70.031,97.7236,82.7878,85.989,91.458,109.20219999999999,105.9952,110.66680000000001,117.0182,98.39139999999999,64.9466,126.21419999999999,93.56219999999999,117.5928,75.38539999999999,98.70739999999999,103.274,99.7312,109.348,160.5134,119.7972,119.745,127.555,118.36439999999999,96.7404,112.522,90.54660000000001,106.4496,129.2986,98.4092,121.767,125.5054,82.0112,92.761,107.652,117.64139999999999,100.308,94.7236,120.88,101.869,104.119,94.50619999999999,92.12339999999999,93.1972,128.295,124.1272,96.8904,122.0276,82.7564,93.0246,90.729,150.11679999999998,95.4388,70.18539999999999,124.1178,96.8804,109.70139999999999,106.2774,100.75880000000001,140.6138,75.91260000000001,117.211,99.602,60.9658,116.857,98.98780000000001,92.539
70019549,109.04960000000001,27.343400000000003,26.9638,31.1944,26.811400000000003,15.4246,9.0884,10.3352,31.891,11.002799999999999,20.4898,8.883799999999999,9.516399999999999,8.684,15.015799999999999,19.6064,19.172,9.422600000000001,17.395599999999998,28.7716,66.353,22.1356,8.421,79.9772,8.3146,20.2062,106.138,0.0,10.35,20.341,17.0458,63.6826,28.9002,34.904199999999996,21.5442,25.2138,12.3898,16.1352,14.5374,61.7422,24.5514,28.6692,29.7562,24.639,17.5338,14.4594,28.722,6.118600000000001,17.830599999999997,65.8776,44.269400000000005,18.9902,9.3494,36.889,18.4106,17.020400000000002,14.1616,17.0672,70.901,30.1848,30.1326,10.963799999999999,28.752,23.568,14.617,27.028,16.502599999999997,12.7074,24.9742,12.8858,8.914200000000001,78.5384,18.189,5.146,9.398200000000001,17.2238,17.761,11.9988,15.6156,10.2316,18.235,23.933799999999998,18.4482,11.7038,42.1826,28.091,5.4361999999999995,27.0646,19.6586,23.8382,34.2606,26.639400000000002,74.359,14.0016,28.0808,0.25839999999999996,7.5272,14.0566,24.7578,37.4062,27.5984,16.127200000000002,71.5722,28.5378,17.802599999999998,28.34
70019554,125.30760000000001,38.895199999999996,38.515800000000006,42.746199999999995,38.3632,26.9764,23.1056,6.28,43.442800000000005,16.18,31.2592,5.6398,6.4014,2.5196,28.854200000000002,31.1582,33.285599999999995,6.9342,22.6082,33.9844,79.676,27.3484,6.1798,91.529,5.131600000000001,31.758,122.396,10.931799999999999,0.0,34.454800000000006,31.159599999999998,77.0056,27.4836,30.7078,35.658,39.3276,27.005200000000002,30.2488,19.7502,75.06519999999999,36.103199999999994,42.783,44.5192,36.1908,22.746599999999997,22.1212,33.9348,11.2956,29.3824,79.20060000000001,49.4822,33.1038,14.5622,55.7624,32.5242,28.572200000000002,28.2754,22.28,70.02260000000001,28.768,28.715799999999998,7.7082,27.3352,35.119800000000005,19.8298,38.579800000000006,21.6798,3.3106,36.526,8.8306,5.658399999999999,90.0902,32.3028,21.4734,14.6108,28.775599999999997,31.8748,7.9436,27.1674,24.2488,32.3486,35.4856,32.562,8.448,47.395199999999996,39.6428,7.0168,41.1784,33.772400000000005,35.39,30.0642,38.191199999999995,85.91080000000001,9.805200000000001,39.6326,11.1902,18.4592,29.308,20.561400000000003,56.2796,26.357400000000002,27.679,84.8954,25.282,29.354400000000002,39.8918
70019564,93.01780000000001,10.0396,9.66,13.8904,9.5074,10.697,15.1156,28.738599999999998,18.0394,23.145400000000002,5.635800000000001,29.1564,29.3158,33.028800000000004,8.711799999999998,9.2162,3.2238,28.8708,26.9172,38.2734,50.3414,31.6572,30.2512,64.3622,32.6596,15.982,90.1062,20.514400000000002,34.695,0.0,8.9342,47.671,38.421800000000005,59.931400000000004,4.8582,10.260399999999999,11.9316,12.2594,24.059,45.7308,7.2474,13.7156,12.0086,7.3514,27.055400000000002,15.5174,38.223800000000004,26.5404,7.913600000000001,49.8662,53.7712,6.3988000000000005,23.6806,20.0962,3.8048,12.7962,10.2858,26.5888,80.4226,39.7064,39.654199999999996,35.308800000000005,38.2736,6.2642,24.1386,9.740200000000002,15.9716,37.0522,12.3058,31.2892,33.259,62.9234,5.5978,18.206599999999998,23.729400000000002,9.830200000000001,3.507,30.4022,11.391200000000001,14.6738,2.2432,6.646199999999999,3.3112,36.0486,51.684400000000004,10.787,29.781200000000002,12.111,1.2482,6.5506,59.6388,9.3354,58.7438,33.64,10.777,20.256,16.832,8.6424,50.136,21.0098,37.1202,9.124,55.5608,36.7662,9.0946,11.036200000000001
70020103,95.1154,17.464599999999997,17.0852,21.3156,16.932599999999997,13.9108,12.8338,26.08,22.0172,25.1858,10.3654,26.498,26.657400000000003,30.3704,10.2638,16.630200000000002,9.0504,26.212400000000002,25.1674,28.8424,53.9724,24.9038,27.5928,70.1036,30.001,18.7558,92.20360000000001,18.764400000000002,32.0364,10.2194,0.0,51.302,36.6386,59.3336,11.422600000000001,10.6236,13.1404,3.531,22.3092,49.361599999999996,14.672600000000001,16.2886,19.6346,14.7654,25.3056,18.713,28.7926,23.882,11.827200000000001,53.497,44.340199999999996,3.5345999999999997,21.930799999999998,22.1982,8.286200000000001,15.57,4.9354,24.839,78.6394,37.923199999999994,37.871,32.6502,36.4904,13.689200000000001,22.3888,17.1542,19.1672,34.393800000000006,19.731,28.630599999999998,30.6006,68.66460000000001,4.1384,16.456799999999998,21.979400000000002,13.743799999999998,7.639399999999999,27.743599999999997,14.165,12.9238,8.1134,14.0602,8.326799999999999,33.3902,42.2532,18.2122,27.1226,14.684,9.537,13.9644,59.041,16.7606,64.48519999999999,30.9816,18.202,18.5062,9.7406,10.1944,49.538199999999996,22.715400000000002,35.337,11.3146,59.1918,34.983,14.3226,18.4612
70029285,68.2288,41.9016,41.8888,38.092400000000005,42.2596,51.8336,56.252199999999995,69.87519999999999,34.9974,64.282,46.772400000000005,70.293,70.4524,74.16539999999999,50.6916,49.7682,47.2562,70.00739999999999,73.04639999999999,74.6988,3.6422,70.76039999999999,71.388,26.0802,73.7962,54.0534,65.923,63.876599999999996,75.83160000000001,47.0712,49.8902,0.0,82.4952,101.06819999999999,43.745599999999996,45.3782,53.0682,53.0882,67.4212,3.2356,45.410599999999995,42.0852,37.4448,42.1166,73.1846,56.654,74.6492,67.677,49.0502,3.1668000000000003,90.1966,47.479,67.0428,37.9116,49.3662,53.9328,53.648,73.3306,124.496,83.7796,83.72739999999999,76.44539999999999,82.3468,44.4274,67.5008,41.213,57.1082,78.1888,46.096199999999996,72.42580000000001,74.39580000000001,27.465,46.678,61.5688,67.0916,50.966800000000006,49.409800000000004,71.53880000000001,52.527800000000006,58.451,47.8038,42.782199999999996,48.16,77.1852,88.1098,44.577400000000004,70.9178,40.480599999999995,46.322199999999995,41.387800000000006,100.77560000000001,43.125800000000005,12.3992,74.7766,44.5672,63.618199999999995,60.194199999999995,51.4176,91.27260000000001,39.895199999999996,81.1934,50.2606,8.861600000000001,80.8396,49.6466,40.5766
70030492,118.531,45.8446,45.465199999999996,49.6956,45.312599999999996,33.9258,27.589599999999997,31.1508,50.392199999999995,37.8346,38.991,30.5108,31.2722,24.1742,33.517,38.1076,37.673199999999994,31.805,11.7514,23.026400000000002,85.8444,14.593,31.0506,98.4786,26.7864,38.7074,115.61919999999999,26.645400000000002,24.8708,38.8422,34.849,83.1742,0.0,55.5786,40.0454,37.1664,30.891,34.6364,15.1298,81.2338,43.0526,41.6854,48.257400000000004,43.1402,11.8896,32.9606,22.976599999999998,32.9504,36.3318,85.36919999999999,27.4882,36.8408,22.5794,45.613800000000005,36.9118,35.5216,32.6628,12.0356,44.3212,1.747,1.6947999999999999,21.374200000000002,0.1482,42.0694,15.2094,45.529199999999996,33.4148,27.2282,43.4754,33.7014,23.435,97.03960000000001,36.6902,21.55,22.628,35.725,36.2622,32.8144,34.116800000000005,28.7328,36.7362,42.435,36.949400000000004,20.131400000000003,25.4012,46.5922,28.671400000000002,43.7558,38.159800000000004,42.339400000000005,54.935,45.1406,92.86019999999999,34.676,46.582,26.387,26.0284,32.5578,45.432199999999995,46.131,2.2856,34.6284,91.0638,2.9168000000000003,36.3038,46.8414
70030499,157.106,65.00280000000001,64.6232,68.7702,64.4708,53.084,42.6716,25.6504,69.5502,33.0516,57.3666,27.5072,27.6666,32.4834,54.961800000000004,57.2656,52.8516,27.2216,45.4854,56.861599999999996,105.7836,50.2256,28.602,117.6366,35.0956,57.8656,154.1944,33.419,30.46,54.0206,50.7254,103.11319999999999,57.4474,0.0,55.223800000000004,58.8936,53.1126,49.814800000000005,42.627199999999995,101.17280000000001,62.2106,62.348800000000004,70.6268,62.2984,45.623599999999996,48.231,56.811800000000005,33.7828,55.4898,105.3082,72.3594,52.6698,37.4394,84.33460000000001,59.8996,54.6798,47.8412,45.157199999999996,99.98639999999999,58.732,58.6796,37.672,57.2992,61.2274,42.707,64.68719999999999,47.7872,27.6066,62.6336,24.439799999999998,35.6224,116.1978,51.8686,44.3506,37.488,54.883199999999995,51.440599999999996,23.9868,53.274800000000006,43.814800000000005,51.9146,61.593199999999996,52.1278,38.4118,70.27239999999999,65.75019999999999,29.1542,60.7442,53.3382,61.4976,2.3746,64.2988,112.0184,21.8994,65.7402,33.6774,42.945,55.4154,10.7202,86.318,56.3212,53.7866,111.00280000000001,55.246,55.462,65.9838
70030842,90.1438,14.884,14.471,18.7348,14.351799999999999,15.5414,16.0102,29.256400000000003,15.1652,27.9898,10.4802,29.674400000000002,29.8338,33.546800000000005,11.967799999999999,14.0606,5.400600000000001,29.3888,28.343799999999998,37.228199999999994,47.467400000000005,33.083800000000004,30.7692,61.488,33.1776,20.826400000000003,87.232,21.941,35.2128,5.2156,10.3608,44.797,39.8484,62.51,0.0,8.3184,16.3168,13.685799999999999,25.485599999999998,42.8566,12.0918,11.7736,9.1346,10.2012,28.482,20.3618,37.1784,27.058400000000002,12.758,46.992,52.726,7.1502,25.107200000000002,17.2222,7.852,17.6406,11.712399999999999,28.015400000000003,81.8492,41.133,41.0808,35.8266,39.700199999999995,11.108600000000001,25.5652,13.6202,20.816,37.5702,17.1502,31.8072,33.777,60.0492,6.3492,19.633200000000002,25.1558,14.6746,7.5542,30.92,16.2356,16.1002,5.948,9.696399999999999,5.1784,36.5666,50.639,15.6314,30.2992,10.169,4.466399999999999,9.5462,62.217400000000005,14.179799999999998,55.869800000000005,34.158,15.6214,21.682599999999997,18.258599999999998,11.8986,52.7146,18.1358,38.5466,13.968399999999999,52.6866,38.192800000000005,13.939200000000001,15.880600000000001
70031292,86.245,21.961,21.581400000000002,25.811799999999998,21.4288,22.3086,21.2316,34.4778,24.3444,33.5836,17.5572,34.8958,35.0552,38.7682,17.6846,21.1376,11.1234,34.6102,27.421799999999998,29.0744,51.055800000000005,25.1358,35.9906,70.6672,38.3988,27.153599999999997,83.33319999999999,27.162200000000002,40.4342,12.2926,9.3442,48.385400000000004,36.870599999999996,67.7314,10.101600000000001,0.0,21.5382,12.542200000000001,30.8002,46.4452,19.1688,6.9322,18.313599999999997,17.552400000000002,27.560200000000002,27.110799999999998,29.0246,32.2798,19.835,50.580400000000004,44.572199999999995,9.7214,30.328599999999998,13.3278,12.3704,23.9678,16.933799999999998,27.706,78.8714,38.155199999999994,38.103,41.048,36.7224,18.185599999999997,30.88,22.7992,27.565,42.791599999999995,24.2272,37.028400000000005,38.998400000000004,69.2284,10.085600000000001,24.854599999999998,30.377200000000002,21.7516,11.926200000000001,36.141400000000004,22.5628,21.3216,11.7158,17.0476,10.399799999999999,41.788,42.4852,22.7084,35.5204,7.9148000000000005,11.6102,16.8974,67.4388,21.2568,65.0488,39.379400000000004,22.698400000000003,26.904,23.48,19.2562,57.936,13.845,35.5688,21.0454,56.2752,35.215,21.0162,22.9576
70031293,102.783,16.3706,15.991,20.221400000000003,15.8384,4.454,3.1696,19.147599999999997,20.918,14.1706,8.734399999999999,19.5654,19.7248,23.4378,3.766,8.6334,13.2574,19.279799999999998,18.2658,29.622,57.1514,23.0058,20.6602,69.00439999999999,23.0686,9.2988,99.8712,11.822799999999999,25.104,14.4264,11.480799999999999,54.481,29.770400000000002,50.9566,15.6296,19.2992,0.0,9.7786,15.4076,52.5406,13.5784,22.7546,21.9946,13.6662,18.404,6.5408,29.572200000000002,16.9494,4.982399999999999,56.676,45.119800000000005,13.0756,18.9602,30.0322,8.2456,6.113,7.805,17.9374,71.7712,31.055,31.0028,25.7178,29.6222,12.5952,15.487200000000001,16.055,6.9952,27.4612,14.0014,21.6982,23.668,67.5656,12.2744,9.555200000000001,19.009,6.251,8.7508,20.8112,4.708,5.3682,12.3204,12.961,12.5336,26.4576,43.0328,17.118,20.1902,21.15,13.744,12.8654,50.664,15.6664,63.386199999999995,24.049,17.108,11.5644,8.1806,3.9104,41.161199999999994,30.7958,28.4686,3.9508,62.370599999999996,28.1148,6.8298000000000005,17.3672
70034004,97.6782,20.241400000000002,19.8618,24.0924,19.709400000000002,13.359200000000001,11.7554,25.0016,24.794,24.107400000000002,13.1422,25.4196,25.579,29.292,11.266,17.5386,12.5746,25.134,21.69,23.342599999999997,56.5354,19.404,26.514400000000002,72.8802,28.9226,18.204,94.76660000000001,17.686,30.958,13.7436,2.896,53.865,31.1388,58.255199999999995,15.5812,13.186399999999999,12.5886,0.0,21.2308,51.9246,17.4494,18.851599999999998,23.793200000000002,17.542,21.828200000000002,18.1612,23.2928,22.8034,14.604,56.06,38.8404,6.3114,20.852400000000003,24.761200000000002,11.063,15.0182,4.6053999999999995,21.9742,73.1396,32.4234,32.3712,31.5718,30.990599999999997,16.466,21.3104,19.931,18.615599999999997,33.315400000000004,22.5076,27.5522,29.5222,71.44139999999999,6.9152,15.3784,20.901,15.1562,11.1636,26.665200000000002,13.6132,11.8454,11.6376,16.8368,11.8508,32.3118,36.7534,20.988799999999998,26.0442,17.247,13.061200000000001,16.7412,57.9626,19.5374,67.262,29.903200000000002,20.9788,17.427799999999998,7.8458000000000006,10.306799999999999,48.4596,25.278200000000002,29.837,12.856,61.754599999999996,29.4832,15.735,21.238
70042197,111.134,30.771,30.3914,34.622,30.239,18.8522,12.516,16.8394,35.318599999999996,21.1036,23.9174,15.388,16.0206,15.1882,18.4434,23.034,22.5996,15.9268,4.0534,17.2268,69.7806,8.7934,14.9254,83.40480000000001,14.819,23.6338,108.2224,11.5716,16.854200000000002,23.7686,20.4734,67.11019999999999,15.558,41.4084,24.971799999999998,28.6414,15.8174,19.5628,0.0,65.16980000000001,27.979,32.0968,33.183800000000005,28.066599999999998,4.1916,17.887,17.1772,16.2194,21.258200000000002,69.3052,32.724599999999995,22.4178,7.5058,38.216800000000006,21.8382,20.448,17.5892,3.725,57.558800000000005,16.842599999999997,16.7904,17.468,15.409799999999999,26.9956,0.07959999999999999,30.455599999999997,18.3412,19.211599999999997,28.401799999999998,19.39,15.4184,81.966,21.6166,6.4761999999999995,7.554399999999999,20.651400000000002,21.188599999999997,18.503,19.043200000000002,13.6592,21.662599999999998,27.3614,21.875799999999998,18.208,30.6378,31.5184,11.9406,30.4922,23.0862,27.2658,40.7648,30.067,77.7866,20.5058,31.5084,11.3134,10.954799999999999,17.4842,31.262,38.734,14.2564,19.5548,74.99980000000001,13.9024,21.2302,31.767599999999998
70043250,70.7054,39.164199999999994,39.1514,35.355,39.5222,49.096199999999996,53.5148,67.1378,32.26,61.544599999999996,44.035,67.55560000000001,67.715,71.428,47.9542,47.0306,44.5186,67.27,70.309,71.9614,6.1188,68.0228,68.65039999999999,23.298599999999997,71.0588,51.3158,68.3996,61.139199999999995,73.0942,44.333800000000004,47.152800000000006,3.4484,79.75760000000001,98.3306,41.008199999999995,42.640800000000006,50.3308,50.3506,64.6838,0.0,42.673199999999994,39.3478,34.7074,39.3792,70.4472,53.916599999999995,71.9116,64.9396,46.3128,5.6434,87.4592,44.7416,64.3054,35.1742,46.628800000000005,51.1954,50.910599999999995,70.593,121.7584,81.0422,80.99,73.7078,79.6094,41.689800000000005,64.7634,38.4756,54.3708,75.45139999999999,43.358599999999996,69.68839999999999,71.6582,24.683400000000002,43.940400000000004,58.8314,64.35419999999999,48.2294,46.6724,68.8014,49.7904,55.7134,45.066199999999995,40.0448,45.4224,74.4478,85.37219999999999,41.839800000000004,68.18039999999999,37.743199999999995,43.5846,38.650400000000005,98.038,40.388400000000004,14.8758,72.0392,41.829800000000006,60.8808,57.4568,48.6802,88.5352,37.157599999999995,78.456,47.523199999999996,11.338,78.102,46.9092,37.839
70043420,98.0984,5.5968,5.7554,9.447799999999999,5.6028,8.0538,14.553600000000001,28.176599999999997,14.311399999999999,22.5834,7.3586,28.5944,28.7538,32.4668,8.993,4.6288,10.532399999999999,28.308799999999998,29.6498,41.0062,49.871199999999995,34.39,29.689400000000003,61.724199999999996,32.0976,9.2516,95.1868,23.207,34.133,8.287799999999999,15.611,47.2008,41.1546,59.3696,12.1664,17.9848,11.3696,18.9362,26.7918,45.260400000000004,0.0,22.2652,15.388,5.1488000000000005,29.7882,14.9554,40.9564,25.9784,7.3516,49.3958,56.504,15.14,30.3444,25.327,9.9526,9.3888,16.9626,29.3216,83.1554,42.4392,42.3868,34.7468,41.0064,2.2928,26.8714,9.4484,15.409600000000001,36.490199999999994,5.2488,30.7272,32.6972,60.2854,14.339,20.939400000000003,30.393,7.295,9.2272,29.8402,10.8292,16.7524,8.34,4.1272,10.454,35.486599999999996,54.417,6.3442,29.2192,19.8354,8.48,6.2588,59.077,4.8928,56.106,33.078,6.3342,22.9486,19.564799999999998,9.59,49.574,27.3104,39.8528,8.562,55.0904,39.499,5.9594,6.5934
70081032,83.20219999999999,18.1638,16.441,20.2592,16.566200000000002,26.217200000000002,22.7484,35.9946,17.449,38.6656,21.156,36.4126,36.572,40.285,19.201400000000003,24.1516,12.6404,36.127,31.8932,33.5456,49.7512,29.607200000000002,37.507400000000004,63.771800000000006,39.915800000000004,31.502200000000002,80.29060000000001,28.6792,41.951,13.8094,14.6928,47.0808,41.342,69.2482,14.6518,6.7424,23.055,17.8906,32.2238,45.1404,20.384400000000003,0.0,11.4182,16.5002,32.031400000000005,31.037599999999998,33.496,33.7966,23.433799999999998,49.275800000000004,49.0434,12.281600000000001,31.8454,10.285,13.8872,28.3164,18.450599999999998,32.1774,83.3428,42.626400000000004,42.5742,42.564800000000005,41.193599999999996,19.401,32.3034,15.590200000000001,31.491799999999998,44.3084,23.4574,38.5454,40.5152,62.333,11.4804,26.3714,31.8942,25.3504,13.443,37.6584,26.9114,22.8384,13.2326,17.1658,11.9166,43.3048,46.9566,19.9742,37.0374,2.0704000000000002,17.2284,15.7714,68.9556,20.4872,58.1536,40.8962,19.9642,28.4208,24.9968,20.7732,59.4528,10.802200000000001,40.0402,24.6442,54.9704,39.6864,24.0302,17.5872
70082414,84.9548,12.313600000000001,10.591,14.409,10.716,20.367,24.7856,37.3894,6.384600000000001,32.815400000000004,15.3058,37.8074,37.966800000000006,41.6796,19.225,18.3014,11.8632,37.521800000000006,36.4766,47.7716,40.8544,43.833,38.9022,52.7074,41.3104,25.652,82.0432,30.0738,43.345800000000004,11.6782,18.493599999999997,38.184,47.9814,69.6016,8.3526,16.579,21.601599999999998,21.8188,33.6184,36.2436,14.5342,10.813,0.0,10.65,36.6148,25.1874,47.7218,35.191199999999995,17.583599999999997,40.379,63.2692,15.7648,33.240199999999994,12.0332,14.3146,22.4662,19.845200000000002,36.1484,89.98219999999999,49.265800000000006,49.2136,43.9596,47.833,13.550799999999999,33.6982,9.74,25.641599999999997,45.703199999999995,17.607400000000002,39.94,41.91,51.2686,14.9636,27.766,33.2888,19.5002,14.0168,39.053,21.0612,24.2332,12.4108,11.3156,12.767,44.699400000000004,61.1824,14.124,38.432,10.781600000000001,10.929200000000002,9.9212,69.3088,14.637,47.089,42.290800000000004,14.114,29.8154,26.391599999999997,19.951,59.806,12.967799999999999,46.6796,18.794,46.0736,46.3258,18.18,11.737
70083842,90.41,5.1672,4.0588,10.462399999999999,3.9064,11.7458,16.1646,29.7874,8.545200000000001,24.1944,6.6846000000000005,30.2054,30.3648,34.0776,10.6038,9.680399999999999,7.496,29.9198,31.2608,42.617,44.778400000000005,36.000800000000005,31.3002,56.6314,33.708400000000005,17.0308,87.49839999999999,24.8178,35.7438,7.5164,14.937,42.108,42.7654,60.9804,8.322,14.5326,12.9804,18.2622,28.4026,40.1676,4.775600000000001,16.4988,9.6216,0.0,31.399,16.566200000000002,42.5674,27.5892,8.962399999999999,44.303,58.1148,14.466,31.9552,17.6594,9.2786,13.845,16.2886,30.9324,84.7662,44.05,43.997800000000005,36.3576,42.6172,3.7924,28.482200000000002,3.6822,17.020599999999998,38.1012,7.9308000000000005,32.338,34.308,55.1926,13.665,22.5502,32.004,10.879,9.703,31.451,12.44,18.3632,7.692,1.7352,8.399799999999999,37.0976,56.028,6.412,30.83,16.4674,6.562,0.284,60.6878,4.9604,51.0132,34.6888,6.402,24.5596,21.1756,11.329799999999999,51.1848,18.423,41.463800000000006,10.173,49.997800000000005,41.1098,9.5588,7.7904
70084418,109.17460000000001,33.9892,33.6096,37.840199999999996,33.4572,22.070400000000003,15.734200000000001,20.057599999999997,38.5366,24.3218,27.1356,18.6062,19.238799999999998,18.4064,21.6616,26.252200000000002,25.8178,19.145,0.49639999999999995,13.67,76.48819999999999,5.2366,18.1436,86.623,18.037,26.852,106.263,14.7898,20.072400000000002,26.9868,25.4926,73.8178,12.0012,44.626599999999996,28.19,27.81,19.035400000000003,22.7808,3.2744,71.8774,31.197200000000002,32.329,36.402,31.2848,0.0,21.105,13.6202,19.4376,24.4764,76.0128,29.1678,25.636,10.724,36.257400000000004,25.0564,23.6662,20.8074,0.1802,54.002,13.2858,13.2334,20.6862,11.853,30.2138,3.354,33.6736,21.5594,22.4298,31.62,22.6082,18.636599999999998,85.1842,24.834799999999998,9.6944,10.7726,23.8696,24.4068,21.7212,22.261200000000002,16.8774,24.8808,30.5796,25.094,21.4262,27.0808,34.736599999999996,15.1586,33.7104,26.3044,30.484,43.983,33.285199999999996,81.0048,23.724,34.7266,14.531600000000001,14.173,20.7024,34.480199999999996,36.7746,10.699399999999999,22.773,81.70739999999999,10.345600000000001,24.448400000000003,34.985800000000005
70084927,105.698,19.2856,18.906,23.136599999999998,18.7536,7.3668000000000005,6.3028,16.1642,23.833,10.4824,11.6494,16.5822,16.7416,20.4546,9.2446,11.5486,18.547400000000003,16.2966,21.399,32.7554,60.0664,26.139200000000002,17.677,71.9194,20.0852,5.840199999999999,102.7862,14.999799999999999,22.1206,17.4562,17.293599999999998,57.396,32.903800000000004,47.3408,21.442400000000003,25.1122,7.4012,17.6444,18.5408,55.4556,16.493599999999997,31.7868,24.909599999999998,16.5812,21.537200000000002,0.0,32.7056,13.9662,9.7726,59.591,48.2532,18.8884,22.0936,32.9474,14.1826,6.4076,15.6708,21.0708,74.9046,34.1884,34.136,22.7344,32.7554,15.510200000000001,18.6206,18.97,1.3414000000000001,24.478,16.916400000000003,18.7148,20.6848,70.48060000000001,18.087400000000002,12.6884,22.1422,9.166,14.607,17.8278,7.557600000000001,8.5014,15.733,15.876,17.8236,23.474400000000003,46.166199999999996,20.033,17.206799999999998,26.963,16.767400000000002,15.7804,47.048199999999994,18.581599999999998,66.3012,21.0658,20.023,14.697799999999999,11.314,9.6982,37.5454,33.711,31.602,8.0694,65.2856,31.2482,9.7448,20.2822
70084983,110.48939999999999,45.2614,44.881800000000005,49.112199999999994,44.7292,33.3426,27.0062,31.3582,54.2066,35.6224,38.407599999999995,29.9068,30.5394,29.707,32.9336,37.5242,37.089800000000004,30.4456,13.3024,0.24,77.803,11.016399999999999,29.444200000000002,93.5512,29.337799999999998,38.124199999999995,107.5778,26.062,31.373,38.2588,26.807599999999997,75.13260000000001,22.7512,55.9272,36.947199999999995,29.1248,30.307599999999997,25.609599999999997,16.680799999999998,73.1922,42.469199999999994,33.643800000000006,48.1758,42.557,13.4408,32.3772,0.0,30.7382,35.748400000000004,77.3276,15.95,28.799400000000002,22.0246,37.572199999999995,36.3284,34.9384,32.0794,13.5866,50.553599999999996,24.0358,23.9836,31.9868,22.603,41.486,16.7606,44.945800000000006,32.8316,33.7304,42.892,33.9088,29.9372,92.1124,29.404,20.9666,22.0732,35.1418,35.6788,33.021800000000006,33.5334,28.1494,36.152800000000006,41.851800000000004,36.3662,32.7268,13.8632,46.0088,26.459400000000002,35.7142,37.5764,41.756,55.2836,44.557199999999995,87.9328,35.0246,45.9988,25.8036,25.4452,31.974400000000003,45.780800000000006,38.089400000000005,21.4496,34.045,83.0222,21.095599999999997,35.7204,46.258
70130674,117.1892,30.776799999999998,30.3972,34.6276,30.2446,18.858,14.0652,6.388,35.3242,5.327,23.1406,6.806,6.9654,13.1236,20.735799999999998,23.0396,24.2454,6.5203999999999995,21.8352,33.211400000000005,71.55760000000001,26.575400000000002,7.9008,83.4106,12.7544,23.639599999999998,114.2774,7.6688,11.513,25.4144,22.1192,68.88719999999999,33.34,39.1802,26.6176,30.287200000000002,18.886599999999998,21.208599999999997,18.977,66.9468,27.984599999999997,33.742599999999996,36.4006,28.072400000000002,21.973599999999998,14.002600000000001,33.1618,0.0,21.2638,71.0822,48.709199999999996,24.063599999999997,13.789200000000001,44.4384,23.484,20.453799999999998,19.235,21.507,75.3408,34.6246,34.572199999999995,15.4036,33.1918,27.0014,19.0568,30.4612,13.561200000000001,17.147,28.407400000000003,8.938600000000001,13.354,81.9718,23.262400000000003,15.7132,13.8378,20.6572,22.834400000000002,8.0516,19.0488,15.2086,23.308400000000002,27.3672,23.5216,16.1434,46.6222,31.5242,9.876,32.138,24.732,27.2714,38.8876,30.072599999999998,77.7922,11.289399999999999,31.514200000000002,7.9272,14.338799999999999,21.189400000000003,29.3846,45.202,32.0382,19.5604,76.77680000000001,32.977599999999995,21.235799999999998,31.773400000000002
70130675,99.684,13.271600000000001,12.892,17.122400000000003,12.7394,3.4268,7.8454,21.468400000000003,17.819,15.875200000000001,5.6354,21.886200000000002,22.0456,25.758599999999998,2.995,4.7372,9.9146,21.6006,22.941599999999998,34.298,54.0524,27.6818,22.9812,65.9054,25.389400000000002,8.711799999999998,96.7722,16.4988,27.424799999999998,9.4454,12.5412,51.382,34.446400000000004,52.6614,12.3696,20.3598,4.6613999999999995,12.892,20.083599999999997,49.4416,10.4794,23.815,18.895599999999998,10.567200000000001,23.08,8.247200000000001,34.2482,19.2702,0.0,53.577,49.7958,14.136,23.636200000000002,26.9332,6.171600000000001,5.526,10.9184,22.613400000000002,76.4472,35.731,35.678599999999996,28.0386,34.298199999999994,9.4962,20.1632,12.956,8.7014,29.782,10.9022,24.019,25.989,64.4666,13.335,14.231200000000001,23.6848,2.3548,6.677,23.132,4.121,10.0442,7.7222,9.862,9.7784,28.7784,47.708800000000004,14.019,22.511,22.2106,8.7564,9.766200000000001,52.3686,12.5674,60.287,26.369799999999998,14.009,16.2404,12.8566,4.9458,42.8658,27.6968,33.1446,1.8538,59.2716,32.790800000000004,2.9334000000000002,14.2682
70132664,65.2192,44.7584,44.745599999999996,40.9492,45.1164,54.690400000000004,59.109,72.7318,37.8542,67.1388,49.6292,73.1498,73.3092,77.0222,53.5484,52.6248,50.1128,72.8642,75.903,77.55560000000001,2.1458000000000004,73.617,74.2446,28.02,76.653,56.91,62.9134,66.73339999999999,78.6882,49.928,52.747,2.8568000000000002,85.3518,103.9248,46.6024,48.235,55.925,55.9448,70.278,6.0922,48.2674,44.942,40.3016,44.9734,76.0414,59.5106,77.50580000000001,70.5338,51.907,0.0,93.0534,50.335800000000006,69.8996,40.7684,52.223,56.7896,56.5048,76.18719999999999,127.35260000000001,86.6364,86.5842,79.302,85.20360000000001,47.284,70.3576,44.0698,59.965,81.04560000000001,48.9528,75.2826,77.2524,29.404799999999998,49.5346,64.4256,69.9482,53.8236,52.2666,74.3956,55.3846,61.3076,50.6604,45.639,51.0166,80.042,90.9664,47.434,73.7746,43.3374,49.1788,44.2446,103.6322,45.9826,14.339,77.6334,47.424,66.475,63.051,54.2742,94.12939999999999,42.7518,84.0502,53.1174,5.852,83.69619999999999,52.5034,43.4332
70132665,126.0458,60.8176,60.438,64.6686,60.285599999999995,48.8988,42.562599999999996,46.9144,69.763,51.1788,53.964,45.4632,46.0956,45.2632,48.49,53.0806,52.6462,46.0018,28.8588,15.71,93.3592,26.5728,45.0004,109.1074,44.894,53.6804,123.134,41.618199999999995,46.9294,53.8152,42.363800000000005,90.6888,27.4882,71.48360000000001,52.5036,44.681,45.863800000000005,41.165800000000004,32.2372,88.74839999999999,58.0256,49.200199999999995,63.7322,58.1132,28.997,47.9336,15.95,46.2944,51.3048,92.88380000000001,0.0,44.355599999999995,37.5808,53.1286,51.884800000000006,50.4946,47.6358,29.143,34.6034,25.8268,26.205,47.5432,27.34,57.042199999999994,32.3168,60.502199999999995,48.387800000000006,49.2866,58.4484,49.465199999999996,45.4936,107.66860000000001,44.9602,36.522800000000004,37.629599999999996,50.698,51.2352,48.578199999999995,49.0896,43.7058,51.709199999999996,57.408,51.9224,48.283,2.3664,61.565,42.0156,51.2706,53.1328,57.312400000000004,70.84,60.1136,103.4892,50.5808,61.555,41.36,41.001400000000004,47.530800000000006,61.337,53.6458,37.0058,49.6014,98.57860000000001,36.652,51.2768,61.8142
70133553,93.2704,17.9788,17.5992,21.8296,17.4466,14.425,13.3478,26.5942,25.416,25.6998,10.8796,27.012,27.171599999999998,30.884400000000003,10.7778,17.1442,9.5646,26.7264,25.6814,30.9576,52.1276,27.019,28.107,71.7388,30.5152,19.2698,90.3588,19.278599999999997,32.550599999999996,10.733600000000001,3.4432,49.4572,37.1862,59.8478,11.173399999999999,8.7786,13.654399999999999,6.1204,22.8232,47.5168,15.1866,14.4438,19.3852,15.279399999999999,25.819599999999998,19.227,30.907799999999998,24.396,12.3412,51.6522,46.455400000000004,0.0,22.4448,20.3532,8.8004,16.084,6.484,25.3532,79.187,38.4706,38.4184,33.1644,37.037800000000004,14.2034,22.9028,17.668200000000002,19.6814,34.9078,20.245,29.1448,31.1148,70.3,1.7486,16.9708,22.493599999999997,14.2578,8.1536,28.2578,14.679,13.438,8.627600000000001,14.574200000000001,8.8408,33.904199999999996,44.3684,18.726200000000002,27.6368,12.8392,10.051200000000001,14.4786,59.555,17.2746,66.12060000000001,31.4956,18.7162,19.0202,15.596200000000001,10.7086,50.0522,20.8704,35.8844,11.8288,57.3468,35.5304,14.8366,18.9754
70138438,116.2584,33.347199999999994,32.9676,37.198,32.815,21.4284,15.092,10.6346,37.8946,14.899,26.493599999999997,9.183200000000001,9.8158,8.9834,21.019599999999997,25.61,25.1756,9.722,10.1872,21.5634,72.3568,14.9274,8.720600000000001,85.981,8.6142,26.21,113.3468,5.744800000000001,10.6496,26.3448,23.049400000000002,69.68639999999999,21.692,35.2038,27.548,31.217599999999997,18.3934,22.1388,7.329,67.746,30.555,34.6728,35.759800000000006,30.642799999999998,10.3254,20.463,21.5136,10.0146,23.8342,71.8814,37.0612,24.9938,0.0,43.3414,24.4142,23.0242,20.1654,9.859,63.692800000000005,22.9764,22.9242,11.263399999999999,21.543599999999998,29.5718,7.4088,33.0316,20.3986,13.0068,30.978,13.1852,9.2136,84.5422,24.1928,9.0524,0.0492,23.2276,23.7648,12.298200000000001,21.6192,16.2354,24.238599999999998,29.9376,24.452,12.003200000000001,34.974199999999996,34.0946,5.7358,33.068400000000004,25.6624,29.842,34.56,32.643,80.36280000000001,14.301,34.0846,5.4864,13.531,20.060200000000002,25.0572,43.858599999999996,20.3902,22.131,77.576,20.0364,23.8064,34.3438
70155196,73.9662,19.1764,17.453799999999998,21.2718,17.578799999999998,27.2298,31.648400000000002,43.373,18.090400000000002,39.6782,22.168599999999998,43.790800000000004,43.950199999999995,51.346,26.087799999999998,25.1642,19.7092,43.505199999999995,35.134800000000006,36.7872,41.686800000000005,32.8486,51.0832,57.435,50.976800000000004,32.5148,71.0544,36.0574,53.0122,19.5242,20.470200000000002,39.016400000000004,44.583400000000005,76.4644,16.1986,12.8384,28.4644,23.668200000000002,38.5132,37.076,21.397,8.858600000000001,12.0598,17.5128,35.273,32.050200000000004,36.7376,41.174800000000005,24.4464,41.211400000000005,52.285,19.6598,43.663599999999995,0.0,22.1606,29.329,25.828799999999998,35.419,86.5842,45.868,45.8158,53.625800000000005,44.435199999999995,20.4136,38.592800000000004,16.6028,32.504400000000004,55.3694,24.47,45.9236,51.5762,55.996199999999995,18.8586,33.7496,43.712199999999996,26.363,21.8628,45.0366,27.924,30.2166,20.2568,18.1784,19.2948,54.3658,50.198,20.9868,48.0984,8.827200000000001,18.775,16.784,76.17160000000001,21.4998,51.8168,48.2744,20.9768,35.799,32.375,26.8138,66.6688,1.9834,43.281800000000004,25.6568,46.906,42.927800000000005,25.0428,18.5998
70155987,95.2416,11.4118,11.032399999999999,15.262799999999999,10.8798,9.3062,13.3902,26.636599999999998,16.713,21.7548,5.0611999999999995,27.0544,27.214,30.9268,4.9578,11.326,4.3438,26.7688,25.7238,37.0802,52.5652,30.4638,28.1494,64.7992,30.557599999999997,13.2858,92.3298,19.321,32.593,4.1578,7.7408,49.894800000000004,37.2286,58.540800000000004,7.0818,11.150799999999998,7.6706,11.066,22.865599999999997,47.9544,8.6198,14.606,14.2324,9.461,25.862,14.1266,37.0304,24.4384,6.523,52.089800000000004,52.5778,6.6756,22.4872,22.32,0.0,10.100200000000001,9.0924,25.395599999999998,79.2294,38.513,38.460800000000006,33.2068,37.0802,7.6364,22.9452,11.85,14.581,34.950199999999995,13.6782,29.1872,31.1572,63.3604,5.8744,17.0132,22.536,8.4396,0.5186000000000001,28.3002,8.695200000000002,13.4804,2.2276,8.755799999999999,3.62,33.9466,50.491,12.1594,27.6792,13.0014,4.8304,8.660200000000001,58.2482,10.707799999999999,59.181,31.538,12.1492,19.0626,15.6386,4.8884,48.745400000000004,23.2336,35.9268,6.0086,57.7844,35.5728,9.0182,12.4084
70238985,101.74719999999999,15.335,14.9554,19.1858,14.8028,3.4181999999999997,8.0074,21.630200000000002,19.8824,16.037200000000002,7.6988,22.0482,22.2076,25.9204,4.6756,7.5978,14.5012,21.7626,23.1036,34.4598,56.1156,27.8436,23.143,67.9688,25.5512,4.4506000000000006,98.8356,16.6606,27.586599999999997,13.505600000000001,12.7246,53.4452,34.6082,52.8232,16.8734,20.543,4.8448,13.0754,20.2454,51.505,12.5428,23.9984,20.9588,12.630600000000001,23.241799999999998,8.409,34.410199999999996,19.432,5.2062,55.6402,49.9576,14.3194,23.798,28.996599999999997,10.2318,0.0,11.101799999999999,22.7752,76.609,35.8928,35.8406,28.200400000000002,34.46,11.5596,20.325,15.0194,8.8634,29.944,12.9656,24.180799999999998,26.1508,66.52980000000001,13.5182,14.393,23.846799999999998,5.2154,10.6564,23.2938,1.177,10.206,11.782200000000001,11.9254,13.7774,28.9404,47.870599999999996,16.0824,22.6728,22.3938,12.816600000000001,11.829600000000001,52.5306,14.630799999999999,62.3504,26.531599999999997,16.0724,16.4022,13.0184,5.1292,43.0276,29.7602,33.306599999999996,3.5028,61.335,32.9526,5.794,16.3316
70244565,100.18719999999999,18.726599999999998,18.347,22.577599999999997,18.194599999999998,11.0942,9.490200000000002,22.7366,23.2792,21.8424,11.6274,23.1546,23.314,27.027,9.001,15.2736,10.3096,22.869,21.8238,25.3398,57.4906,26.564,24.2494,71.3654,26.6576,15.939,97.27560000000001,15.421,28.693,11.4786,4.2106,54.8202,33.3286,55.990199999999994,12.681799999999999,14.6808,10.3236,1.9972,18.9656,52.8798,15.9346,19.8068,20.8938,16.0272,21.9622,15.8962,25.29,20.538400000000003,13.0892,57.0152,40.8376,5.2786,18.587400000000002,28.0266,9.548200000000001,12.753200000000001,0.0,21.4956,75.32939999999999,34.6132,34.5608,29.3068,33.1804,14.9512,19.0454,18.4162,16.3506,31.0504,20.9928,25.287200000000002,27.2572,69.92660000000001,6.0172,13.1134,18.636,12.891200000000001,8.8986,24.4002,11.3482,9.5804,9.3726,15.322,9.585799999999999,30.046799999999998,38.7506,19.474,23.7792,18.2022,10.7962,15.2264,55.6976,18.022599999999997,65.74719999999999,27.6382,19.464,15.162799999999999,6.63,8.0418,46.1946,28.5438,32.0268,10.5908,62.7098,31.673,13.47,19.723200000000002
70246377,108.85839999999999,33.809,33.4296,37.66,33.277,21.8902,15.554,19.8774,38.3566,24.1418,26.9554,18.426,19.0586,18.226200000000002,21.4814,26.072,25.6376,18.9648,1.6668,14.840399999999999,76.172,6.407,17.9634,86.443,17.857,26.671799999999998,105.9468,14.6098,19.892400000000002,26.8066,23.511400000000002,73.50160000000001,13.1716,44.4466,28.0098,27.4938,18.855400000000003,22.6008,3.0942,71.5612,31.017,32.013,36.2218,31.1048,1.8052000000000001,20.925,14.7906,19.2574,24.296200000000002,75.6966,30.3382,25.4558,10.5438,35.9414,24.8762,23.4862,20.627200000000002,0.0,55.1724,14.4562,14.403799999999999,20.5062,13.023399999999999,30.0338,3.1738000000000004,33.4936,21.3792,22.249599999999997,31.439799999999998,22.428,18.456400000000002,85.004,24.6546,9.5144,10.592600000000001,23.6896,24.226599999999998,21.541,22.0812,16.697200000000002,24.700599999999998,30.3994,24.9138,21.246,28.2512,34.556599999999996,14.9786,33.530199999999994,26.124200000000002,30.3038,43.802800000000005,33.105,80.8246,23.5438,34.5466,14.3514,13.992799999999999,20.5222,34.3,36.458400000000005,11.8698,22.5928,81.3912,11.516,24.2682,34.805800000000005
70248476,160.264,87.5776,87.1982,91.4286,87.04560000000001,75.6588,69.32260000000001,72.7162,92.12519999999999,79.4,80.724,72.076,72.83739999999999,65.73960000000001,75.25,79.84060000000001,79.4062,73.37039999999999,53.4844,50.5826,127.5776,56.326,72.61580000000001,140.2116,68.3516,80.4404,157.3522,74.15180000000001,66.436,80.5752,76.582,124.9072,44.1172,97.144,81.77839999999999,78.8994,72.624,76.3694,56.8628,122.9668,84.7856,83.41839999999999,89.9904,84.87339999999999,53.6226,74.6936,50.8226,74.5156,78.0648,127.1022,34.8726,78.5738,64.3124,87.3468,78.6448,77.2548,74.39580000000001,53.7686,0.0,45.4018,45.349599999999995,62.9394,43.969,83.80239999999999,56.9424,87.26219999999999,75.1478,68.79339999999999,85.2084,75.2668,65.00019999999999,138.7726,78.4232,63.283,64.3612,77.458,77.9952,74.3798,75.8498,70.4658,78.4692,84.168,78.6824,61.6966,37.239,88.3252,70.2368,85.4888,79.89280000000001,84.07239999999999,96.50019999999999,86.87360000000001,134.59320000000002,76.24119999999999,88.31519999999999,68.12,67.7614,74.2908,86.9974,87.864,44.0186,76.36139999999999,132.7968,43.799800000000005,78.0368,88.5744
70286419,119.8966,47.2104,46.8308,51.0612,46.6782,35.291599999999995,28.9552,32.5166,51.7578,39.2004,40.3566,31.8764,32.6378,25.54,34.8826,39.4732,39.0388,33.1708,13.117,24.392,87.2102,15.9586,32.4162,99.8442,28.152,40.0732,116.985,28.011,26.2364,40.207800000000006,36.214800000000004,84.5398,1.8282,56.9444,41.411,38.532,32.2566,36.002,16.4954,82.59939999999999,44.4182,43.051199999999994,49.623,44.506,13.2554,34.3262,24.3424,34.316,37.6974,86.7348,25.821,38.2066,23.945,46.9794,38.2774,36.8874,34.028400000000005,13.401200000000001,45.687,0.0,0.545,22.7398,1.68,43.435,16.575200000000002,46.894800000000004,34.7806,28.593799999999998,44.841,35.0672,24.8006,98.4054,38.056,22.915599999999998,23.9938,37.0908,37.6278,34.1802,35.4824,30.0984,38.101800000000004,43.8008,38.3152,21.497,23.734,47.957800000000006,30.037200000000002,45.1214,39.525400000000005,43.705,56.300599999999996,46.5062,94.2258,36.041599999999995,47.9478,27.752599999999997,27.3942,33.9234,46.7978,47.4966,3.6512,35.994,92.4294,4.2826,37.669599999999996,48.207
70288587,119.7632,47.077,46.6974,50.927800000000005,46.5448,35.158199999999994,28.8218,32.3832,51.6244,39.067,40.2234,31.743,32.504599999999996,25.406599999999997,34.749199999999995,39.339800000000004,38.9054,33.0374,12.983799999999999,24.258599999999998,87.0768,15.8252,32.2828,99.7108,28.0188,39.939800000000005,116.8516,27.877599999999997,26.1032,40.0746,36.0814,84.40639999999999,1.6947999999999999,56.811,41.277800000000006,38.3986,32.123200000000004,35.8686,16.3622,82.466,44.284800000000004,42.9178,49.489599999999996,44.3726,13.122,34.192800000000005,24.209,34.1826,37.564,86.6014,26.205,38.0732,23.811799999999998,46.846,38.144,36.754,33.895199999999996,13.2678,45.553599999999996,0.4638,0.0,22.6064,1.5466,43.3016,16.4418,46.7614,34.6472,28.4604,44.707800000000006,34.933800000000005,24.6672,98.272,37.922599999999996,22.7822,23.860400000000002,36.9574,37.4946,34.046800000000005,35.349,29.9652,37.9684,43.6674,38.1818,21.363599999999998,24.118,47.824400000000004,29.9038,44.988,39.392199999999995,43.5718,56.1674,46.372800000000005,94.0926,35.908199999999994,47.8144,27.6192,27.2608,33.79,46.6644,47.3632,3.5178000000000003,35.860800000000005,92.296,4.1491999999999996,37.536199999999994,48.0736
70337217,125.7196,39.307199999999995,38.927800000000005,43.158199999999994,38.7752,27.3884,23.517599999999998,9.9082,43.854800000000004,16.592,31.671200000000002,9.268,10.0296,2.9316,29.2664,31.5702,33.6978,10.5624,23.0202,36.7308,80.088,28.2972,10.4136,91.9412,5.5438,32.17,122.808,11.3438,3.6281999999999996,34.866800000000005,31.5716,77.41760000000001,20.377,34.336,36.07,39.739599999999996,27.4172,30.6608,20.162200000000002,75.4772,36.5152,43.195,44.9312,36.6028,23.1586,22.5332,36.681,11.707600000000001,29.794400000000003,79.6126,52.2284,33.516,14.974200000000002,56.1744,32.9364,28.9844,28.6874,22.692,62.916,21.6616,21.6094,0.0,20.2288,35.532,20.241799999999998,38.991800000000005,22.0918,5.985399999999999,36.938,12.4588,2.1921999999999997,90.5022,32.7148,21.8854,15.0228,29.1876,32.2868,11.5718,27.5794,24.6608,32.760799999999996,35.8976,32.974,2.5692,50.1416,40.0548,7.4288,41.5904,34.184400000000004,35.802,33.6924,38.603199999999994,86.3228,13.433200000000001,40.044599999999996,11.6022,18.8712,29.72,24.189400000000003,56.6916,19.250799999999998,28.091,85.3074,18.1756,29.7664,40.304
70337705,118.3828,45.696400000000004,45.3168,49.5474,45.1644,33.7776,27.4414,31.002599999999997,50.2438,37.6864,38.842800000000004,30.3624,31.124,24.026,33.3688,37.9594,37.525,31.6568,11.603200000000001,22.8782,85.69619999999999,14.444600000000001,30.9022,98.33019999999999,26.6382,38.5592,115.471,26.497,24.7226,38.694,34.7008,83.0258,0.1482,55.4304,39.8972,37.018,30.7426,34.488,14.9816,81.08539999999999,42.9044,41.5372,48.109,42.992,11.7414,32.8122,22.828400000000002,32.802,36.1834,85.2208,27.34,36.6926,22.4312,45.4656,36.7636,35.373400000000004,32.5146,11.8874,44.173,1.5988,1.5466,21.226,0.0,41.921,15.061200000000001,45.3808,33.2666,27.0798,43.3272,33.5532,23.2868,96.89139999999999,36.542,21.4016,22.4798,35.576800000000006,36.114,32.6662,33.9684,28.5846,36.588,42.2868,36.801199999999994,19.9832,25.253,46.4438,28.5232,43.6074,38.0116,42.191199999999995,54.7868,44.9924,92.712,34.527800000000006,46.433800000000005,26.238599999999998,25.880200000000002,32.4094,45.2838,45.982800000000005,2.1372,34.480199999999996,90.91539999999999,2.7685999999999997,36.1556,46.693
70343296,96.88539999999999,4.3838,4.5424,8.2348,4.3898,11.2068,15.6256,29.2484,13.0984,23.6554,6.1456,29.666400000000003,29.8258,33.5388,10.065,4.611800000000001,9.3194,29.3808,30.721799999999998,42.078199999999995,48.658199999999994,35.461800000000004,30.761200000000002,60.5114,33.1694,9.2346,93.9738,24.2788,35.204800000000006,7.0748,14.398200000000001,45.9878,42.2266,60.4414,10.9534,16.7718,12.4414,17.723200000000002,27.863599999999998,44.047599999999996,0.9832000000000001,21.0522,14.175,3.936,30.86,16.0272,42.028400000000005,27.0504,8.4236,48.1828,57.5758,13.927200000000001,31.416400000000003,24.114,8.739600000000001,9.371799999999999,15.749600000000001,30.3936,84.22739999999999,43.511,43.458800000000004,35.818599999999996,42.078199999999995,0.0,27.9432,8.2356,16.4816,37.5622,5.2318,31.799,33.769,59.0724,13.126,22.011200000000002,31.465,7.278,8.0142,30.912,11.901200000000001,17.8242,7.127,2.9141999999999997,9.241,36.5586,55.489,5.1312,30.291,18.6226,7.267,5.0458,60.1488,3.6798,54.893,34.15,5.1212,24.020599999999998,20.636599999999998,10.790799999999999,50.646,26.0974,40.924800000000005,9.634,53.8776,40.570800000000006,5.9426000000000005,5.3804
70347238,111.2138,30.8508,30.4712,34.7016,30.3186,18.932,12.595600000000001,16.919,35.398199999999996,21.183400000000002,23.997,15.467600000000001,16.1002,15.2678,18.523,23.113599999999998,22.6792,16.0064,4.133,17.3066,69.86019999999999,8.873,15.005,83.4846,14.8986,23.7136,108.302,11.651399999999999,16.934,23.848200000000002,20.553,67.1898,15.637799999999999,41.4882,25.0514,28.7212,15.897,19.642400000000002,0.07959999999999999,65.24940000000001,28.0586,32.1764,33.263400000000004,28.1464,4.271199999999999,17.9666,17.2568,16.299,21.337799999999998,69.3848,32.804199999999994,22.497400000000003,7.5854,38.2966,21.9178,20.5278,17.6688,3.8048,57.6386,16.9222,16.87,17.5478,15.4894,27.075400000000002,0.0,30.5352,18.4208,19.2912,28.4814,19.4696,15.498,82.04560000000001,21.6964,6.556,7.6342,20.7312,21.2682,18.5826,19.122799999999998,13.7388,21.7422,27.441200000000002,21.955599999999997,18.287599999999998,30.7174,31.598200000000002,12.0202,30.572,23.1658,27.3454,40.8444,30.1466,77.86619999999999,20.5854,31.5882,11.393,11.034600000000001,17.5638,31.3416,38.8138,14.336,19.634400000000003,75.0796,13.982,21.3098,31.8474
70351598,89.2586,4.1011999999999995,2.3784,6.9144,2.5034,14.547600000000001,18.9662,32.5892,10.0618,26.996,9.4864,33.007,33.1664,36.879400000000004,13.4056,12.482,10.2996,32.7214,34.062400000000004,45.418800000000005,46.295,38.8026,34.101800000000004,58.148,36.5102,19.8326,86.3468,27.6196,38.5456,10.318,17.738799999999998,43.6246,45.5672,63.782199999999996,11.125399999999999,17.3362,15.782200000000001,21.0638,31.2042,41.6842,7.219,14.114799999999999,8.2494,4.8306000000000004,34.2006,19.368,45.369,30.391,11.7642,45.8196,60.916599999999995,17.267799999999998,34.757,16.337,12.080200000000001,16.6468,19.090400000000002,33.734199999999994,87.568,46.8516,46.7994,39.1594,45.418800000000005,6.235600000000001,31.284,0.0,19.822200000000002,40.902800000000006,7.777399999999999,35.1398,37.1096,56.709199999999996,16.4666,25.3518,34.8056,13.6808,12.5048,34.2528,15.2418,21.1648,10.4936,5.4962,11.2034,39.8992,58.8296,5.9116,33.631800000000005,14.0834,9.3656,4.1018,63.4894,4.722,52.5298,37.4906,5.9014,27.3612,23.977400000000003,14.1316,53.986599999999996,17.2506,44.2654,12.9746,51.514199999999995,43.9116,12.3606,4.2424
70361410,106.811,20.3986,20.019,24.2494,19.866400000000002,8.4798,7.4158,15.992799999999999,24.946,10.3834,12.7624,16.4108,16.5702,20.283,10.3576,12.6614,19.6602,16.1252,22.512,33.8684,61.1794,27.252,17.505599999999998,73.0324,19.9138,6.953,103.8992,14.8282,21.9492,18.569200000000002,18.406599999999997,58.509,34.0168,47.1694,22.555400000000002,26.2252,8.5142,18.7574,19.6538,56.568599999999996,17.6064,32.899800000000006,26.022599999999997,17.694200000000002,22.6502,1.113,33.818599999999996,13.7946,10.8856,60.704,49.366,20.0014,20.9486,34.060199999999995,15.295399999999999,7.5206,16.7838,22.183799999999998,76.0176,35.301199999999994,35.249,22.563,33.8684,16.6232,19.733400000000003,20.083,0.0,24.3066,18.0292,18.543400000000002,20.5134,71.59360000000001,19.200400000000002,13.8014,20.9972,10.279,15.72,17.6564,8.6706,9.6144,16.846,16.989,18.9366,23.303,47.279199999999996,21.146,17.035400000000003,28.076,17.880200000000002,16.8934,46.8768,19.6944,67.414,20.8942,21.136,15.0866,12.4268,10.811200000000001,37.374,34.823800000000006,32.715,9.1824,66.3986,32.361,10.8578,21.3952
70362005,127.665,41.2526,40.873,45.1034,40.7204,29.3338,25.462799999999998,9.5908,45.8,18.537200000000002,33.6164,8.9506,9.712,4.8768,31.211599999999997,33.5154,35.643,10.245,24.9656,36.341800000000006,82.0334,29.705599999999997,9.4904,93.8864,7.489,34.1154,124.75319999999999,13.289200000000001,3.3106,36.812,33.5168,79.363,29.840799999999998,27.784200000000002,38.0152,41.685,29.3624,32.6062,22.107400000000002,77.4226,38.4604,45.1402,46.876599999999996,38.548199999999994,25.1038,24.4786,36.292,13.653,31.7396,81.558,51.839400000000005,35.4612,16.919400000000003,58.1196,34.8816,30.929599999999997,30.6326,24.6372,72.3798,31.125400000000003,31.0732,10.0654,29.6926,37.477199999999996,22.187,40.937,24.037,0.0,38.883199999999995,8.3464,8.0158,92.44760000000001,34.66,23.8308,16.9682,31.133,34.232,7.8934,29.5246,26.6062,34.706,37.843,34.9192,10.805399999999999,49.7526,42.0,9.374,43.535599999999995,36.129599999999996,37.7472,27.1406,40.5484,88.268,6.881600000000001,41.99,13.547600000000001,20.8164,31.665200000000002,17.6378,58.6368,28.7148,30.0364,87.2526,27.639400000000002,31.7118,42.249199999999995
70373907,97.0098,4.2846,5.4222,8.359,5.3318,15.9954,20.4142,29.2584,15.2032,22.5396,10.9342,29.6764,29.8358,38.3272,14.853399999999999,8.474,14.108,29.3908,35.510400000000004,46.8666,48.782599999999995,40.2504,30.7712,60.6356,37.958,7.4638,94.098,29.067400000000003,39.9934,11.8634,19.1866,46.112199999999994,47.015,61.977,15.742,21.560200000000002,17.23,22.5118,32.6522,44.171800000000005,4.4102,23.101200000000002,16.224,7.8412,35.6486,13.1284,46.817,31.8388,13.212,48.307199999999995,62.3644,18.7156,36.204800000000006,24.2382,13.5282,10.735,20.5382,35.182,89.0158,48.2996,48.2474,40.6072,46.866800000000005,5.5552,32.7318,8.493799999999998,14.4698,42.3508,0.0,31.809,38.5576,59.1968,17.9146,26.799799999999998,36.2536,11.1402,12.8028,30.922,11.858600000000001,22.6128,11.9156,6.8194,14.0296,41.347199999999994,60.2776,2.9484,35.0796,23.0698,12.0556,8.385200000000001,61.6842,3.4781999999999997,55.017199999999995,34.159800000000004,2.9384,28.809,25.4252,15.5794,52.181400000000004,26.221799999999998,45.7134,14.422600000000001,54.0018,45.3594,9.8046,5.5048
70374983,121.8138,35.4014,35.021800000000006,39.2524,34.8694,23.482599999999998,19.5716,2.5505999999999998,39.948800000000006,9.951799999999999,27.765400000000003,4.4074,4.5668,11.694,25.360400000000002,27.6644,29.7518,4.1218,22.3856,33.7618,76.1822,27.125799999999998,5.5022,88.0352,14.3062,28.264200000000002,118.9022,10.3192,9.1744,30.9208,27.6256,73.51180000000001,33.8904,24.5936,32.124,35.793800000000005,23.511400000000002,26.715,19.5274,71.5714,32.6094,39.249,41.025400000000005,32.697,22.523799999999998,18.6274,33.712,10.683,25.8886,75.7068,49.2596,29.57,14.3396,49.063199999999995,28.9904,25.078400000000002,24.741400000000002,22.0574,79.197,35.174800000000005,35.1226,16.8826,33.742,31.626,19.607200000000002,35.086,18.1858,8.3224,33.032199999999996,0.0,14.833,86.59639999999999,28.7688,21.250799999999998,14.388200000000001,25.2818,28.340799999999998,1.7855999999999999,23.673599999999997,20.715,28.814799999999998,31.991799999999998,29.028,17.622400000000003,47.172599999999996,36.1488,7.868600000000001,37.644400000000005,30.238400000000002,31.8962,23.9498,34.6974,82.417,3.6908000000000003,36.1388,10.5776,19.845200000000002,25.814,14.447,49.826800000000006,32.5886,24.185200000000002,81.4014,34.4566,25.860599999999998,36.398
70375866,124.22439999999999,37.812,37.4326,41.663,37.28,25.8932,22.0224,8.413,42.3596,15.0968,30.176,7.7728,8.5344,1.4364000000000001,27.7712,30.075,32.2026,9.067200000000001,21.5252,32.901199999999996,78.5928,26.2652,8.9184,90.446,4.0485999999999995,30.674799999999998,121.31280000000001,9.848600000000001,2.133,33.3716,30.076400000000003,75.9224,26.4004,32.8408,34.5748,38.2444,25.922,29.165599999999998,18.667,73.982,35.02,41.6998,43.436,35.107800000000005,21.663400000000003,21.038,32.8516,10.212399999999999,28.2992,78.11739999999999,48.399,32.0208,13.479,54.679199999999994,31.441200000000002,27.4892,27.1922,21.1968,68.93939999999999,27.685,27.6326,6.625,26.252,34.0368,18.746599999999997,37.4966,20.5966,4.4902,35.442800000000005,10.9636,0.0,89.007,31.2196,20.3902,13.5276,27.692400000000003,30.7916,10.076600000000001,26.0842,23.165599999999998,31.2656,34.4024,31.4788,7.3648,46.3122,38.559599999999996,5.9336,40.0952,32.6892,34.3068,32.1972,37.108,84.8276,11.938,38.5496,10.107,17.376,28.2248,22.694200000000002,55.196400000000004,25.2742,26.5958,83.81219999999999,24.199,28.2712,38.808800000000005
70382544,111.3762,58.0544,58.041599999999995,54.245400000000004,58.4126,67.98639999999999,72.4052,86.028,51.1502,80.435,62.9252,86.446,86.60539999999999,90.3184,66.8446,65.921,65.2926,86.1604,91.5182,93.17060000000001,26.716,89.232,87.5408,2.1035999999999997,89.949,70.2062,80.3328,81.05839999999999,91.9844,65.1076,68.362,25.5582,100.9668,117.221,61.782,63.85,69.221,74.50280000000001,84.6432,24.2404,61.5634,64.2424,53.5976,58.2696,91.65639999999999,72.80680000000001,93.121,83.8298,65.2032,26.240599999999997,108.66839999999999,69.1942,88.1958,56.3834,65.5192,70.0856,72.5292,87.173,142.9676,102.25139999999999,102.19919999999999,92.59819999999999,100.8186,60.5802,84.7228,57.3658,73.2612,94.3418,62.249,88.57860000000001,90.54860000000001,0.0,68.3932,78.7908,88.2446,67.1198,65.9436,87.69160000000001,68.6808,74.6038,65.8402,58.935,66.1964,93.3382,106.58139999999999,60.730199999999996,87.0706,58.952400000000004,64.3586,57.540800000000004,116.9284,59.2786,16.6602,90.92960000000001,60.7202,80.8002,77.4162,67.57039999999999,107.4256,58.366800000000005,99.6652,66.4136,29.188,99.3112,65.79939999999999,56.7294
70382797,93.8364,16.23,15.8506,20.081,15.698,12.6764,11.599200000000002,24.845599999999997,20.7826,23.9512,9.131,25.2634,25.4228,29.1358,9.029200000000001,15.3956,7.8158,24.9778,23.9328,31.523400000000002,52.693400000000004,28.6728,26.3582,68.869,28.766599999999997,17.5212,90.92460000000001,17.53,30.8018,8.985,4.009,50.023,35.437400000000004,58.099,10.188,9.3444,11.9058,7.2383999999999995,21.0746,48.0826,13.438,15.0096,18.4,13.5308,24.071,17.4784,31.4738,22.6474,10.592600000000001,52.218,47.0212,0.8012,20.6962,20.9192,7.0516000000000005,14.3354,7.301399999999999,23.604400000000002,77.4382,36.722,36.6698,31.415599999999998,35.289199999999994,12.454799999999999,21.1542,15.9196,17.932599999999997,33.1592,18.4964,27.3962,29.366,67.4302,0.0,15.2222,20.745,12.5092,6.405,26.5092,12.930399999999999,11.689200000000001,6.8788,12.8256,7.0922,32.1556,44.934400000000004,16.9776,25.8882,13.405,8.3026,12.7298,57.806400000000004,15.526,63.2506,29.747,16.967599999999997,17.2716,13.8476,8.9598,48.303599999999996,21.436400000000003,34.1358,10.08,57.9126,33.781800000000004,13.088,17.2268
70390788,106.22760000000001,24.5214,24.1418,28.3722,23.9892,12.6024,6.2661999999999995,17.343,29.0688,16.4488,17.6676,14.023399999999999,17.9204,13.8236,12.1936,16.784200000000002,16.3498,17.4754,11.739,23.0954,63.530800000000006,16.479200000000002,13.560799999999999,77.1552,13.4544,17.3842,103.3158,5.139600000000001,15.489799999999999,17.5188,14.223600000000001,60.8604,23.2438,50.596599999999995,18.722,22.3918,9.5676,13.313,8.880799999999999,58.92,21.729200000000002,25.847,26.934,21.817,11.8774,11.6372,23.0456,15.1448,15.0084,63.0554,38.593199999999996,16.168,8.306,34.067,15.5884,14.1984,11.3394,11.4108,65.2446,24.5284,24.476,16.1036,23.0954,20.746,8.960600000000001,24.2058,12.0914,17.847,22.152,19.8936,14.053799999999999,75.7162,15.367,0.0,8.3546,14.4018,14.938799999999999,19.0066,12.7934,7.4094,15.412799999999999,21.1118,15.626,16.843400000000003,36.5062,25.2688,10.576,24.2426,16.8364,21.016,50.304,23.8172,71.5368,22.2446,25.2588,4.881399999999999,4.7052,11.234399999999999,40.801,34.584199999999996,21.942,13.305,68.75019999999999,21.5882,14.9804,25.518
70390791,116.20939999999999,33.298,32.9184,37.149,32.766,21.3792,15.043,10.585600000000001,37.8456,14.8498,26.4444,9.1342,9.7668,8.9342,20.9704,25.561,25.1266,9.673,10.138200000000001,21.514200000000002,72.30760000000001,14.878200000000001,8.6714,85.93180000000001,8.565,26.1608,113.2976,5.695600000000001,10.6004,26.2956,23.000400000000003,69.63719999999999,21.642799999999998,35.1546,27.4988,31.168400000000002,18.3444,22.0898,7.28,67.6968,30.506,34.6238,35.710800000000006,30.5936,10.276399999999999,20.414,21.464599999999997,9.9656,23.7852,71.8322,37.012,24.9448,0.9722000000000001,43.292199999999994,24.3652,22.975,20.1162,9.8098,63.6436,22.927400000000002,22.8752,11.2142,21.4946,29.522599999999997,7.3596,32.9826,20.3496,12.957799999999999,30.9288,13.1362,9.1646,84.493,24.1436,9.003200000000001,0.0,23.1784,23.7156,12.2492,21.5702,16.1862,24.1896,29.8884,24.4028,11.9542,34.9252,34.0454,5.6866,33.0192,25.6132,29.7928,34.511,32.594,80.31360000000001,14.252,34.0354,5.437399999999999,13.4818,20.011200000000002,25.008,43.809400000000004,20.341,22.081799999999998,77.52680000000001,19.9872,23.7572,34.294599999999996
70390799,98.4368,12.0244,11.6448,15.875200000000001,11.4922,0.8702000000000001,9.673,23.296,16.5718,17.7028,4.388199999999999,23.7138,23.8732,27.5862,4.1756,3.8348,11.286,23.4282,24.7692,36.1256,52.8052,29.509400000000003,24.808799999999998,64.6582,27.217,7.150399999999999,95.525,18.326400000000003,29.2524,10.195,12.579799999999999,50.134800000000006,36.274,54.489,14.5226,18.3362,6.8884,13.917,21.911,48.1944,9.2322,24.525599999999997,17.6482,9.32,24.9076,10.0748,36.0758,21.0978,5.3782,52.329800000000006,51.623400000000004,12.108799999999999,25.4638,25.686,6.9212,4.5854,11.9434,24.441,78.2748,37.5586,37.5062,29.8662,36.125800000000005,8.249,21.9908,11.7088,10.529,31.609599999999997,9.655,25.8466,27.816599999999998,63.2194,11.3076,16.058799999999998,25.512400000000003,0.0,7.3458000000000006,24.9596,4.7176,11.871799999999999,8.4718,8.614799999999999,10.5624,30.606,49.5364,12.771799999999999,24.3386,20.187,9.506,8.519,54.1962,11.320200000000002,59.0398,28.197400000000002,12.7618,18.068,14.6842,4.772600000000001,44.693400000000004,26.4496,34.972199999999994,4.7902,58.0244,34.6184,2.0312,13.021
70395155,95.1614,11.3318,10.952200000000001,15.1826,10.7996,9.687,12.7254,25.9716,15.8954,22.1356,5.442,26.389599999999998,26.549,30.262,5.3384,10.5084,3.5991999999999997,26.104,25.059,36.4152,52.485,29.799,27.4844,63.9818,29.892599999999998,13.6666,92.24980000000001,18.656200000000002,31.928,4.0776,7.076,49.8146,36.5636,58.9216,7.0018,10.4062,8.0512,10.401,22.2008,47.8744,8.5396,13.8614,14.1522,8.643600000000001,25.197200000000002,14.5074,36.3654,23.7736,6.9036,52.0096,51.913,6.010800000000001,21.822400000000002,22.2398,0.5448,10.480799999999999,8.4276,24.7306,78.56439999999999,37.8482,37.796,32.5418,36.4154,7.5564,22.2804,11.032399999999999,14.961799999999998,34.2854,13.598,28.5222,30.4922,62.543,5.2096,16.348399999999998,21.871,8.8204,0.0,27.6352,9.076,12.8154,1.8097999999999999,7.9384,2.8754,33.281800000000004,49.826,12.0792,27.014200000000002,12.257,3.3886,7.8428,58.629,10.627600000000001,58.3636,30.8732,12.0692,18.3978,14.973799999999999,5.2692,49.126,23.1534,35.2618,6.389399999999999,57.7044,34.908,9.399,12.3284
70396492,120.9268,34.5144,34.134800000000006,38.3654,33.9824,22.595599999999997,18.6846,1.6636,39.061800000000005,9.0648,26.878400000000003,3.5204,3.6798,10.3174,24.4734,26.7774,28.8648,3.2348000000000003,21.4986,32.8748,75.2952,26.238799999999998,4.6152,87.1482,12.9294,27.377200000000002,118.015,9.4322,7.7978000000000005,30.0338,26.738599999999998,72.62480000000001,35.281400000000005,24.1406,31.237,34.906800000000004,22.6244,25.828,18.640400000000003,70.6844,31.7224,38.362,40.138400000000004,31.81,21.6368,17.7404,32.825,9.796,25.0016,74.8198,48.3726,28.683,13.4526,48.176199999999994,28.1034,24.1914,23.854400000000002,21.1704,77.82039999999999,36.5658,36.5136,15.506,35.133,30.739,18.720200000000002,34.199,17.2988,7.8694,32.1452,1.7855999999999999,13.4562,85.70939999999999,27.8818,20.363799999999998,13.5012,24.3948,27.453799999999998,0.0,22.7866,19.828,27.927799999999998,31.1048,28.141,16.2458,46.285599999999995,35.2618,6.492,36.757400000000004,29.3514,31.0092,23.4968,33.8104,81.53,3.2378,35.2518,9.6906,18.9582,24.927,13.994,48.939800000000005,31.7016,23.2982,80.5144,33.079800000000006,24.973599999999998,35.511
70398370,102.2242,15.8118,15.4322,19.662599999999998,15.2796,3.8952,8.484200000000001,22.107,20.3592,16.514,8.175600000000001,22.525,22.6844,26.3974,5.152399999999999,6.37,14.978,22.2394,23.5804,34.936800000000005,56.5926,28.320400000000003,23.619799999999998,68.4456,26.028,4.6724,99.3124,17.1376,28.0634,13.9824,13.2014,53.9222,35.085,53.3,17.3502,21.02,5.3216,13.552200000000001,20.7222,51.9818,13.0196,24.4752,21.4358,13.1074,23.7186,6.2168,34.887,19.909,5.683,56.1172,50.434400000000004,14.7962,24.275,29.4734,10.7086,1.4866,11.5786,23.252200000000002,77.086,36.3696,36.3174,28.6772,34.936800000000005,12.0364,20.8018,15.4962,9.340200000000001,30.4208,13.4424,24.6576,26.627599999999997,67.0068,13.995,14.8698,24.3236,5.6922,11.1332,23.770599999999998,0.0,10.682799999999999,12.2592,12.4022,14.2542,29.4172,48.3476,16.5592,23.1496,22.8706,13.2934,12.3066,53.007400000000004,15.1076,62.8272,27.008599999999998,16.5492,16.8792,13.4952,5.606,43.504599999999996,30.237,33.7834,3.9798,61.811800000000005,33.4294,6.271,16.808400000000002
70398392,103.692,21.3652,20.985599999999998,25.2162,20.8332,9.446399999999999,3.1102,17.957,25.9128,16.111,13.7292,18.3748,18.534200000000002,22.2472,7.353800000000001,13.628200000000001,13.8144,18.0892,17.075,28.4314,62.146,21.8152,19.4696,73.999,21.878,14.228,100.7804,10.632200000000001,23.913400000000003,14.9834,11.6882,59.4756,28.5798,51.2104,16.186600000000002,19.8564,5.4398,10.7776,14.217,57.535199999999996,18.5732,23.3116,24.3986,18.6608,17.2134,8.481200000000001,28.3816,15.758799999999999,11.8524,61.6706,43.929199999999994,13.6326,17.769599999999997,35.027,13.053,11.042200000000001,8.804,16.7468,70.5806,29.8644,29.812,24.5272,28.4316,17.5898,14.2966,21.049799999999998,8.9354,26.270599999999998,18.996,20.5076,22.477400000000003,72.5602,12.8314,8.364600000000001,17.8182,11.2456,12.4034,19.6206,9.6374,0.0,12.8774,17.955599999999997,13.0906,25.267,41.8422,22.1128,18.999599999999997,21.707,14.301,17.86,50.9178,20.6612,68.38080000000001,22.858400000000003,22.1026,10.3738,6.99,6.394399999999999,41.415,32.0486,27.278,10.149,67.3652,26.9242,11.824399999999999,22.3618
70400253,94.0748,10.245,9.8656,14.096,9.713,10.9026,12.391,25.637400000000003,14.8088,23.351,5.841399999999999,26.0552,26.214599999999997,29.927599999999998,5.728,9.4218,3.2648,25.769599999999997,24.7246,36.081,51.3984,29.464599999999997,27.1502,62.895199999999996,29.558400000000002,16.1876,91.163,18.3218,31.593799999999998,2.991,6.7416,48.728,36.2292,60.137,5.915,10.0718,8.4408,10.066799999999999,21.866400000000002,46.7876,7.453,13.5272,13.0656,7.557,24.8628,15.723,36.0312,23.4392,8.1192,50.923,51.5786,5.676399999999999,21.488,21.153200000000002,1.6122,13.0018,8.0932,24.3964,78.2302,37.5138,37.4616,32.2076,36.081,6.4698,21.946,9.945799999999998,16.1772,33.951,12.5114,28.188,30.158,61.4564,4.8751999999999995,16.014,21.5368,10.0358,1.3144,27.301,11.5968,12.481200000000001,0.0,6.8518,2.5412,32.9474,49.491800000000005,10.9926,26.68,11.922600000000001,2.302,6.7562,59.8444,9.541,57.2768,30.5388,10.9826,18.0634,14.6394,5.6588,50.3416,22.0668,34.9276,9.329600000000001,56.6178,34.5736,9.3002,11.2418
70401488,93.66839999999999,3.6102,3.3632,8.78,3.2108000000000003,12.186,16.604599999999998,30.227400000000003,10.471200000000001,24.634400000000003,7.1248000000000005,30.645400000000002,30.8048,34.5178,11.044,6.8472,10.298399999999999,30.3598,31.7008,43.057199999999995,46.7046,36.441,31.7402,58.5576,34.1486,11.47,90.7566,25.258,36.183800000000005,8.0538,15.3772,44.0342,43.2056,61.4204,11.9324,17.750799999999998,13.4206,18.7022,28.842599999999997,42.0938,3.2186,18.425,11.547600000000001,2.9172,31.839,17.006400000000003,43.007400000000004,28.029400000000003,9.4026,46.2292,58.5548,14.9062,32.3954,20.8968,9.7186,14.285200000000001,16.7288,31.3726,85.20639999999999,44.49,44.4378,36.797599999999996,43.057199999999995,2.2354000000000003,28.922400000000003,5.6082,17.4606,38.541199999999996,6.3738,32.7782,34.748,57.1188,14.105,22.9902,32.444,11.3192,8.9932,31.8912,12.8802,18.8032,8.106,0.0,10.22,37.5376,56.468,4.855,31.2702,18.3934,8.246,2.155,61.1278,3.4036,52.9392,35.129,4.845,24.999599999999997,21.615599999999997,11.7698,51.625,20.349,41.903800000000004,10.613,51.9238,41.55,9.999,5.9256
70408061,92.6742,12.300600000000001,10.011,16.151600000000002,9.8584,12.958,13.4484,26.6948,17.6958,25.406599999999997,7.8968,27.112599999999997,27.272,30.985,7.783600000000001,11.4774,1.9846,26.827,25.782,37.1382,49.998,30.522,28.2074,64.01859999999999,30.6158,18.243,89.7626,19.3792,32.6512,2.6321999999999997,7.799,47.3276,37.2866,59.9482,4.514600000000001,9.017,10.4962,11.1242,22.9238,45.3872,9.5086,12.4724,11.665,7.1526000000000005,25.9202,17.7784,37.0886,24.496599999999997,10.1748,49.5226,52.636,4.574,22.5454,19.7528,3.6675999999999997,15.0572,9.1506,25.453599999999998,79.28739999999999,38.5712,38.519,33.265,37.138400000000004,8.5252,23.003400000000003,9.6926,18.2328,35.0084,14.567,29.2454,31.2152,62.579800000000006,3.7728,17.0714,22.5942,12.0914,3.1026,28.358400000000003,13.6524,13.5384,2.0554,6.6478,0.0,34.0048,50.5492,13.048,27.7374,10.867799999999999,1.9198,6.4976,59.6556,11.5966,58.400400000000005,31.5962,13.038,19.1208,15.6968,7.7142,50.152800000000006,20.666400000000003,35.985,11.385200000000001,55.2172,35.631,11.355799999999999,13.2972
70408272,131.5104,40.4186,40.039,44.2696,39.8866,28.4998,24.629,11.0194,44.966,17.703200000000002,32.7824,10.3794,11.140799999999999,4.042800000000001,30.377599999999997,32.681599999999996,34.809,11.6736,24.7308,36.0058,81.1994,27.572200000000002,10.9192,93.05239999999999,6.655,33.281400000000005,128.5986,12.455200000000001,4.7394,35.978,32.6828,78.529,19.652,35.447199999999995,37.1812,40.851,28.5284,31.7722,21.273400000000002,76.5886,37.626599999999996,44.3062,46.0426,37.7142,24.869,23.644599999999997,35.956,12.819,30.9056,80.724,51.5034,34.627199999999995,16.0856,58.593199999999996,34.047599999999996,30.095599999999997,29.798599999999997,25.015,62.191,20.9366,20.884400000000003,5.3532,19.5038,36.6432,21.3532,40.103,23.203,7.0968,38.0494,13.570200000000002,3.3036,91.6136,33.8262,22.9968,16.1342,30.299,33.398,12.683,28.6906,25.7722,33.872,37.009,34.0854,0.0,49.416599999999995,41.166,8.5402,42.701800000000006,35.2956,36.9134,34.803599999999996,39.7146,87.4342,14.5446,41.156,12.7136,19.982400000000002,30.8312,25.3008,59.1104,18.5258,29.2024,86.41860000000001,17.450599999999998,30.8778,41.4152
70408277,123.9588,58.7308,58.3512,62.5816,58.1986,46.812,40.4756,44.8276,67.676,49.091800000000006,51.877,43.3762,44.0088,43.1764,46.403,50.9936,50.5592,43.915,26.7718,13.623,91.27239999999999,24.485799999999998,42.913599999999995,107.0206,42.807199999999995,51.593599999999995,121.0472,39.531400000000005,44.842400000000005,51.728199999999994,40.2768,88.602,25.4012,69.3966,50.416599999999995,42.594199999999994,43.777,39.079,30.1502,86.6616,55.9386,47.1132,61.645199999999996,56.0264,26.9102,45.846599999999995,13.8632,44.2076,49.217800000000004,90.797,2.378,42.268800000000006,35.494,51.041599999999995,49.7978,48.4078,45.5488,27.056,36.9814,23.7398,24.118,45.456199999999995,25.253,54.955400000000004,30.23,58.4152,46.301,47.1998,56.3614,47.3782,43.4066,105.5818,42.873400000000004,34.436,35.5426,48.6112,49.148199999999996,46.4912,47.0028,41.6188,49.6222,55.3212,49.8356,46.1962,0.0,59.478199999999994,39.9288,49.1836,51.0458,55.2254,68.753,58.0266,101.4022,48.494,59.468199999999996,39.273,38.9146,45.4438,59.2502,51.558800000000005,34.919,47.5144,96.4916,34.565,49.189800000000005,59.7274
70408280,95.5536,2.713,3.654,6.5908,3.7604,17.401,21.819599999999998,32.2376,13.731399999999999,25.5188,12.3396,32.6554,32.815,39.732800000000005,16.259,8.8874,11.9914,32.3698,36.915800000000004,48.2722,47.0144,41.655800000000006,33.7504,58.8674,39.3636,9.1714,92.6418,30.473,41.3988,13.268799999999999,20.592200000000002,44.344,48.4206,62.6172,12.817200000000001,19.028,18.6356,23.9172,34.0576,42.4036,4.8238,21.6294,14.7522,6.2698,37.054,22.2212,48.2224,33.2444,14.6176,46.539,63.769800000000004,20.1212,37.6104,22.7822,14.9336,12.4424,21.9438,36.5876,90.42139999999999,49.705,49.652800000000006,42.0126,48.2722,6.9606,34.1372,6.7256,22.6756,43.7562,3.1795999999999998,34.788199999999996,39.963,57.428599999999996,19.32,28.2052,37.659,11.553600000000001,14.208200000000001,33.901199999999996,18.095200000000002,24.0182,13.321,5.248,15.435,42.7526,61.683,0.0,36.4852,21.598,11.0574,6.8136,62.3246,1.9068,53.249199999999995,37.139,0.01,30.214599999999997,26.830599999999997,16.9848,52.8218,24.7656,47.1188,15.828,52.233599999999996,46.7648,10.218200000000001,3.7365999999999997
70412170,119.2168,32.8046,32.425,36.6554,32.272400000000005,20.8858,17.0148,4.9742,37.352,10.0892,25.168400000000002,3.5228,4.155399999999999,7.806,22.7636,25.067400000000003,27.195,4.0616,16.517599999999998,27.8938,73.5852,21.2576,3.0602,85.43839999999999,7.4366,25.6674,116.3052,4.8412,6.763199999999999,28.364,25.0688,70.9148,28.0222,29.543200000000002,29.5672,33.2368,20.9144,24.1582,13.6594,68.97460000000001,30.012400000000003,36.6922,38.4284,30.1002,16.6558,16.0304,27.844,5.2048000000000005,23.2916,73.1098,43.391400000000004,27.0132,8.4714,49.6716,26.4336,22.4816,22.1846,16.1892,70.023,29.3068,29.2546,10.085799999999999,27.874,29.0292,13.739,32.489,15.589,11.8294,30.435200000000002,7.5248,8.0362,83.9994,26.212,15.3828,8.5202,22.685,25.784,6.6378,21.0766,18.1582,26.258,29.395,26.4712,10.8258,41.3046,33.552,0.0,35.0876,27.6816,29.2992,28.8996,32.1004,79.82,8.640600000000001,33.542,5.099399999999999,12.3684,23.217200000000002,19.3968,50.1888,26.720599999999997,21.5882,78.80460000000001,27.6598,23.2636,33.801199999999994
70428043,82.4598,17.421400000000002,15.6986,19.5168,15.8236,22.221,21.1438,34.3902,16.706599999999998,33.4958,17.4694,34.808,34.967400000000005,38.6804,17.596799999999998,23.409200000000002,11.0358,34.522400000000005,33.4774,35.616,44.1252,31.677400000000002,35.903,63.0294,38.3112,27.0658,79.548,27.0746,40.346599999999995,12.204799999999999,13.0882,41.454800000000006,43.4122,67.6438,10.014,8.5762,21.450400000000002,16.2862,30.6192,39.5144,19.6418,2.0704000000000002,10.675799999999999,15.7578,33.6156,27.023,35.566199999999995,32.192,19.747400000000003,43.649800000000006,51.113800000000005,10.677,30.2408,9.5426,12.2826,23.88,16.846,33.1492,85.413,44.6968,44.6446,40.9604,43.264,18.6586,30.6988,14.8478,27.477400000000003,42.7038,22.715,36.9408,38.9108,61.5906,9.876,24.7668,30.2896,21.664,11.8386,36.0538,22.475,21.234,11.628,16.4232,10.312,41.700199999999995,49.0268,19.2318,35.4328,0.0,11.5224,15.029,67.351,19.7446,57.411,39.291599999999995,19.221799999999998,26.816200000000002,23.3922,19.168599999999998,57.8482,10.0598,42.1106,20.9578,49.3444,41.7566,23.287599999999998,16.8448
70433908,92.3428,11.5808,11.2014,15.431799999999999,11.0488,12.2384,14.0252,27.2714,17.3644,24.686799999999998,7.1772,27.689400000000003,27.8488,31.561799999999998,7.4874,10.7576,1.9755999999999998,27.4038,26.3586,37.715,49.6664,31.0988,28.784200000000002,63.6872,31.192400000000003,17.5232,89.4312,19.9558,33.2278,2.3362,8.3758,46.996199999999995,37.8634,60.525,4.1832,9.0122,10.2002,11.7008,23.500400000000003,45.055800000000005,8.788799999999998,12.467600000000001,11.3336,6.821,26.497,17.058799999999998,37.6652,25.0732,9.455,49.191199999999995,53.2128,5.1508,23.1222,19.421200000000002,3.3716,14.3376,9.7274,26.0304,79.8642,39.148,39.0956,33.8416,37.715199999999996,7.8056,23.5802,9.3612,17.513,35.5852,13.8472,29.822,31.792,62.248400000000004,4.349600000000001,17.6482,23.1708,11.3716,3.0738000000000003,28.935,12.9326,14.115200000000002,1.7594,6.3164,2.063,34.5816,51.125800000000005,12.3284,28.314,10.863,0.0,6.166,60.2324,10.8768,58.0688,32.173,12.3184,19.697599999999998,16.273600000000002,7.4182,50.7294,20.335,36.5616,10.6654,54.8858,36.207800000000006,10.636,12.5776
70435202,90.3486,4.9124,3.804,10.401,3.6514,11.6844,16.103,29.726,8.483600000000001,24.1328,6.6232,30.1438,30.3032,34.0162,10.542399999999999,8.1492,7.2032,29.8582,31.1992,42.5556,44.717,35.9394,31.238599999999998,56.57,33.647,16.9694,87.4368,24.756400000000003,35.6824,7.4548000000000005,14.8756,42.0466,42.704,60.919,8.0292,14.239799999999999,12.919,18.200599999999998,28.341,40.106199999999994,4.5206,16.4374,9.5602,0.83,31.337400000000002,16.5048,42.5058,27.5278,8.901,44.2416,58.0534,14.4046,31.8938,17.5978,9.217,13.7836,16.2272,30.871,84.7048,43.9886,43.9362,36.2962,42.5556,3.5374,28.4208,3.6206,16.959,38.0396,7.676,32.2766,34.2464,55.1312,13.603399999999999,22.488599999999998,31.942400000000003,10.8176,9.6416,31.389599999999998,12.3786,18.301599999999997,7.6304,1.4804000000000002,8.107,37.036,55.9664,6.1572,30.7686,16.406,6.2692,0.0,60.6262,4.7056000000000004,50.951800000000006,34.6274,6.147,24.498,21.1142,11.2684,51.123400000000004,18.3616,41.4022,10.1114,49.9362,41.0484,9.497399999999999,7.729
70450886,157.469,65.36580000000001,64.9862,69.133,64.8336,53.447,43.0344,26.0134,69.9132,33.4146,57.7296,27.87,28.029400000000003,32.8464,55.3248,57.6286,53.2146,27.584400000000002,45.8484,57.224599999999995,106.1466,50.5884,28.965,117.9996,35.458400000000005,58.2286,154.55720000000002,33.781800000000004,30.8228,54.3836,51.0884,103.47619999999999,57.8104,2.4911999999999996,55.586800000000004,59.2564,53.4756,50.1776,42.990199999999994,101.53580000000001,62.5736,62.711800000000004,70.98960000000001,62.6614,45.986599999999996,48.594,57.174800000000005,34.1456,55.8528,105.6712,72.7222,53.0328,37.8022,84.69760000000001,60.2626,55.0428,48.2042,45.52,100.34939999999999,59.094800000000006,59.0426,38.035,57.662,61.5904,43.0698,65.0502,48.1502,27.9694,62.9964,24.802799999999998,35.9852,116.5608,52.2316,44.7136,37.851,55.246199999999995,51.803599999999996,24.3498,53.637800000000006,44.1776,52.2776,61.956199999999995,52.4908,38.774800000000006,70.63539999999999,66.11319999999999,29.517,61.1072,53.7012,61.8604,0.0,64.66159999999999,112.38119999999999,22.262400000000003,66.1032,34.0402,43.3078,55.778400000000005,11.083200000000001,86.681,56.6842,54.1494,111.36580000000001,55.6088,55.8248,66.3468
70464520,94.3582,1.907,2.4905999999999997,5.7074,2.9544,15.5994,20.018,33.641,12.5516,28.0478,10.538200000000002,34.058800000000005,34.218199999999996,37.9312,14.4574,10.2606,11.1854,33.773199999999996,35.1142,46.4706,46.131,39.8544,35.1536,57.984,37.562,10.7778,91.4464,28.671400000000002,39.5974,11.4672,18.790599999999998,43.4606,46.619,64.8338,12.0114,18.222,16.834,22.115599999999997,32.256,41.520199999999996,6.632,20.4496,13.5724,5.4638,35.2524,20.4198,46.4208,31.4428,12.816,45.6556,61.9684,18.319599999999998,35.808800000000005,21.586599999999997,13.132,17.6986,20.1422,34.786,88.6198,47.903400000000005,47.8512,40.2112,46.4706,5.6488000000000005,32.3358,5.5622,20.874,41.9546,4.786,36.1916,38.1614,56.545199999999994,17.5184,26.403599999999997,35.8574,14.7326,12.406600000000001,35.3046,16.2936,22.2166,11.5194,4.442,13.6334,40.951,59.8814,2.92,34.6836,20.418200000000002,10.2514,6.0078000000000005,64.5412,0.0,52.3658,38.5424,2.91,28.413,25.0292,15.183399999999999,55.0384,23.5702,45.3172,14.026399999999999,51.350199999999994,44.9634,13.4124,2.8531999999999997
70465560,71.8574,53.2606,53.247800000000005,49.4514,53.6186,63.1926,67.6112,81.2342,46.3564,75.641,58.1314,81.652,81.81139999999999,85.5244,62.050599999999996,61.127,60.4988,81.3664,86.7242,88.3768,13.4776,84.4382,82.74680000000001,15.6842,85.1552,65.4122,69.55160000000001,76.2646,87.1906,60.3138,63.568,12.319799999999999,96.173,112.4272,56.9882,59.056,64.4272,69.7088,79.8492,15.555399999999999,56.7696,59.4486,48.8038,53.4756,86.8624,68.013,88.327,79.036,60.4092,13.0022,103.8744,64.4004,83.402,51.589400000000005,60.725199999999994,65.29180000000001,67.7354,82.3792,138.1738,97.4576,97.4052,87.8044,96.0248,55.786199999999994,79.929,52.572,68.46719999999999,89.54780000000001,57.4552,83.7848,85.75460000000001,17.069,63.599199999999996,73.99680000000001,83.45060000000001,62.3258,61.149800000000006,82.8978,63.8868,69.81,61.0464,54.1412,61.4024,88.5442,101.78760000000001,55.9362,82.27680000000001,54.1586,59.5646,52.7468,112.1344,54.4848,0.0,86.13560000000001,55.926199999999994,76.00619999999999,72.6224,62.7766,102.6316,53.573,94.8712,61.6196,13.218399999999999,94.5174,61.0056,51.9356
70484079,124.16460000000001,37.752199999999995,37.372800000000005,41.603199999999994,37.2202,25.8334,21.9226,4.9014,42.299800000000005,12.3026,30.1162,6.7581999999999995,6.9176,11.734399999999999,27.7114,30.0152,32.102599999999995,6.472600000000001,24.7364,36.1126,78.533,29.476599999999998,7.853,90.3862,14.3466,30.615,121.253,12.67,9.711,33.2716,29.9764,75.8626,36.6984,22.076400000000003,34.4748,38.1446,25.8622,29.0658,21.8782,73.9222,34.9602,41.5998,43.3762,35.048,24.8748,20.9782,36.063,13.0338,28.2394,78.05760000000001,51.6104,31.9208,16.6904,51.414,31.3412,27.4294,27.092200000000002,24.4082,79.2374,37.983,37.930800000000005,16.923,36.5502,33.977,21.958,37.436800000000005,20.5368,6.857600000000001,35.383,3.6908000000000003,14.8734,88.9472,31.119799999999998,23.601599999999998,16.739,27.6326,30.691599999999998,3.2378,26.0244,23.0658,31.165599999999998,34.3426,31.379,17.663,49.5234,38.4998,8.4052,39.995400000000004,32.5892,34.247,21.4328,37.048199999999994,84.76780000000001,0.0,38.4898,12.9284,22.196,28.165,11.929799999999998,52.1776,35.5724,26.536,83.7524,34.497,28.2114,38.749
70490240,95.54360000000001,2.703,3.664,6.601,3.7504,16.3952,20.814,32.227599999999995,13.7214,25.5088,11.334,32.6454,32.8048,38.727199999999996,15.2534,8.8976,11.981399999999999,32.3598,35.910199999999996,47.266400000000004,47.0244,40.6502,33.7404,58.8774,38.357800000000005,9.1814,92.6318,29.467200000000002,40.3932,12.263200000000001,19.5864,44.354,47.4148,62.6072,12.8072,19.018,17.6298,22.9116,33.052,42.413599999999995,4.8338,21.619400000000002,14.742,6.2598,36.0484,21.2156,47.216800000000006,32.2386,13.612,46.549,62.764199999999995,19.1154,36.6046,22.772,13.928,12.452399999999999,20.938,35.5818,89.41560000000001,48.699400000000004,48.6472,41.007,47.2666,6.9706,33.1316,6.735600000000001,21.67,42.7506,3.1896,34.7782,38.9574,57.4386,18.314400000000003,27.1996,36.653400000000005,11.563600000000001,13.2026,33.8912,17.089599999999997,23.0126,12.3154,5.238,14.4294,41.747,60.6774,0.01,35.4794,21.587799999999998,11.0474,6.8036,62.3146,1.8968,53.2592,37.129,0.0,29.209,25.825,15.9792,52.811800000000005,24.755599999999998,46.1132,14.8224,52.2436,45.7592,10.228200000000001,3.7466
70494785,108.7914,27.085,26.705599999999997,30.936,26.553,15.1662,8.83,10.5936,31.6326,11.2612,20.2314,9.1422,9.7746,8.942200000000001,14.7574,19.348,18.9136,9.6808,17.6538,29.03,66.0946,22.394,8.6794,79.719,8.573,19.948,105.87960000000001,0.25839999999999996,10.6084,20.0826,16.7874,63.4242,29.1586,35.1626,21.2858,24.955599999999997,12.1314,15.8768,14.7956,61.4838,24.293,28.4108,29.497799999999998,24.3808,17.7922,14.201,28.980400000000003,6.3768,17.572200000000002,65.61919999999999,44.527800000000006,18.7318,9.6078,36.6308,18.1522,16.7622,13.9032,17.325599999999998,71.15939999999999,30.4432,30.3908,11.2222,29.0104,23.3098,14.875399999999999,26.769599999999997,14.6552,12.9656,24.715799999999998,13.144200000000001,9.172600000000001,78.28,17.9306,4.8876,9.6564,16.9656,17.502599999999997,12.257200000000001,15.3572,9.9732,17.976599999999998,23.6756,18.189799999999998,11.962,42.4408,27.8326,5.6946,26.8062,19.4002,23.5798,34.519,26.381,74.1006,14.26,27.822599999999998,0.0,7.268800000000001,13.798200000000001,25.016,37.148,27.8568,15.868799999999998,71.314,28.796200000000002,17.5442,28.081799999999998
70494786,104.25019999999999,22.7894,22.41,26.640400000000003,22.2574,13.5178,7.1816,18.2584,27.342,17.364,15.6904,20.5846,18.8356,20.3848,13.063799999999999,17.6996,14.372399999999999,18.3906,12.0078,23.3642,61.5534,16.748,20.122,75.4284,20.0156,18.299400000000002,101.3384,6.5776,22.051,15.5416,11.0082,58.883199999999995,23.5126,51.5118,16.7446,20.4144,10.4828,8.794799999999999,9.1496,56.942800000000005,19.997400000000003,23.8696,24.956599999999998,20.0902,12.1462,12.5524,23.314400000000003,16.060200000000002,15.9236,61.078199999999995,38.862,14.1906,12.702399999999999,32.0896,13.611,15.1136,6.8212,11.6796,65.5134,24.7972,24.744799999999998,22.6646,23.3644,19.014200000000002,9.2294,22.479,13.0068,24.4082,25.055799999999998,20.809,20.615,73.98960000000001,13.3896,3.2974,12.751,15.317,12.9616,19.922,13.7086,8.3248,13.4354,19.385,13.6488,23.4046,36.775,23.537,17.1372,22.2652,14.859200000000001,19.2892,51.219199999999994,22.0854,69.81,23.1598,23.527,6.3191999999999995,0.0,12.1046,41.7164,32.6068,22.2108,14.2204,66.7728,21.857,15.8958,23.7862
70494791,98.928,13.7172,13.3378,17.5682,13.1852,3.994,5.6414,22.017400000000002,18.2698,16.4242,6.618,22.435200000000002,22.5946,26.307599999999997,0.9172,8.1736,10.4834,22.1496,19.956400000000002,31.3128,54.5032,24.6966,23.53,66.3562,25.9384,8.838799999999999,96.01639999999999,13.553600000000001,27.973599999999998,7.8442,8.7068,51.832800000000006,31.4612,53.2102,12.8556,16.5252,3.2234000000000003,9.0574,17.098200000000002,49.8924,10.9252,19.9806,17.9188,11.018,20.0948,8.7962,31.263,19.819200000000002,3.3274,54.027800000000006,46.8106,10.3016,16.72,27.384,4.570399999999999,5.653,7.084,19.6282,73.462,32.7458,32.693400000000004,28.587400000000002,31.313,9.942,17.178,13.406799999999999,9.250399999999999,30.331,15.983600000000001,24.568,26.5378,64.9174,9.500399999999999,11.246,16.7686,5.791,5.0758,23.681,4.2482,6.4208,6.121,10.3128,9.7596,29.3274,44.7236,14.464799999999999,23.06,18.376,7.1552,10.217,52.9176,13.013200000000001,60.7378,26.9188,14.454600000000001,13.295399999999999,9.8714,0.0,43.4148,28.717599999999997,30.1594,2.0408,59.7224,29.8056,6.369800000000001,14.714
70521396,147.1848,55.0814,54.702,58.848800000000004,54.5494,43.1626,32.7502,15.7292,59.629,23.130200000000002,47.4454,17.5858,17.7452,22.562,45.0404,47.3444,42.9302,17.3002,35.5642,46.9402,95.8622,40.304199999999994,18.6806,107.7152,25.1742,47.944199999999995,144.273,23.4976,20.5386,44.0994,40.804,93.1918,47.526,10.592600000000001,45.3024,48.972199999999994,43.1914,39.8934,32.706,91.25139999999999,52.2894,52.4274,60.705400000000004,52.377,35.702400000000004,38.3098,46.8906,23.8614,45.568599999999996,95.38680000000001,62.438,42.748400000000004,27.518,74.4132,49.9784,44.7584,37.9198,35.235800000000005,90.065,48.8106,48.7584,27.7506,47.3778,51.306,32.785599999999995,54.766,37.8658,17.685200000000002,52.712199999999996,14.5184,25.701,106.2764,41.9474,34.429199999999994,27.566599999999998,44.961800000000004,41.519400000000005,14.0654,43.3536,33.8934,41.993199999999995,51.671800000000005,42.2066,28.490599999999997,60.3512,55.829,19.2328,50.823,43.417,51.5762,9.949,54.3774,102.097,11.978,55.8188,23.756,33.0236,45.4942,0.0,76.3968,46.4,43.865199999999994,101.08160000000001,45.3246,45.5406,56.062400000000004
70521405,75.5474,20.3504,18.6278,22.4458,18.7528,28.4038,32.8224,44.547,19.264599999999998,40.852199999999996,23.342599999999997,44.964800000000004,45.124199999999995,52.4654,27.2618,26.3384,20.883200000000002,44.679199999999994,36.2542,37.906800000000004,42.860800000000005,33.968199999999996,52.2026,58.609,52.096199999999996,33.6888,72.63560000000001,37.2314,54.1316,20.6982,21.589599999999997,40.190400000000004,45.703,77.63839999999999,17.3726,13.958,29.6384,24.787599999999998,39.6326,38.25,22.571,9.978200000000001,13.233799999999999,18.686799999999998,36.3924,33.224199999999996,37.857,42.348800000000004,25.6204,42.385400000000004,53.4044,20.8338,44.783,2.6302,23.3346,30.503,27.0028,36.5384,87.7038,46.9876,46.935199999999995,54.745400000000004,45.5548,21.5876,39.712199999999996,17.776799999999998,33.6784,56.488800000000005,25.6442,47.0976,52.695800000000006,57.170199999999994,20.0326,34.9236,44.8318,27.537,23.0368,46.2106,29.098,31.3906,21.430799999999998,19.352400000000003,20.468799999999998,55.4852,51.3176,22.1608,49.217800000000004,9.9468,19.9492,17.958,77.3456,22.6738,52.9908,49.4484,22.1508,36.973,33.549,27.9878,67.8428,0.0,44.401199999999996,26.8308,48.0802,44.0474,26.2168,19.773799999999998
70525152,116.7866,44.100199999999994,43.720800000000004,47.9512,43.5682,32.181400000000004,25.845200000000002,31.0672,48.647800000000004,37.751,37.2466,30.4272,31.188599999999997,24.0906,31.772599999999997,36.3632,35.9288,31.721400000000003,10.007,21.282,84.1,12.848600000000001,30.967,96.734,26.7028,36.963,113.87480000000001,24.901,24.787200000000002,37.0978,33.1046,81.4298,1.7515999999999998,55.495,38.301,35.422,29.1466,32.892,13.385399999999999,79.48939999999999,41.3082,39.941,46.513,41.3958,10.1452,31.2162,21.232200000000002,32.866800000000005,34.5874,83.62480000000001,36.7798,35.0964,20.835,43.8694,35.1674,33.7772,30.918400000000002,10.2912,43.7526,3.0362,2.984,21.290599999999998,1.6034000000000002,40.3248,13.465,43.784800000000004,31.6704,27.144599999999997,41.731,33.6178,23.3514,95.2952,34.945800000000006,19.8056,20.883599999999998,33.980599999999995,34.5178,32.7308,32.3724,26.988400000000002,34.991800000000005,40.690599999999996,35.205,20.0478,34.692800000000005,44.8478,28.588,42.0114,36.4154,40.595,54.8514,43.3962,91.11580000000001,34.592400000000005,44.8376,24.642599999999998,24.284,30.8134,45.3486,44.3866,0.0,32.884,89.31939999999999,2.3164000000000002,34.559400000000004,45.0968
70535019,100.7128,14.3004,13.9208,18.1512,13.7682,2.3838000000000004,6.8098,20.4328,18.8478,14.8396,6.6642,20.8506,21.01,24.723,3.4492,6.5632,13.274799999999999,20.565,21.906,33.2624,55.081199999999995,26.6462,21.945400000000003,66.9342,24.3538,7.6686000000000005,97.801,15.4632,26.389200000000002,12.471,11.4982,52.4108,33.4108,51.6256,15.647,19.316599999999998,3.6184000000000003,11.849,19.0478,50.4704,11.5082,22.772,19.9242,11.596,22.0442,7.211600000000001,33.2126,18.234599999999997,2.9884,54.6058,48.76,13.093,22.6006,27.962,9.1972,4.483,9.875399999999999,21.5778,75.4116,34.6952,34.643,27.0028,33.2624,10.525,19.127599999999997,13.9848,7.6658,28.7464,11.931,22.983400000000003,24.953200000000002,65.4954,12.291799999999999,13.1954,22.6492,4.1808000000000005,9.621799999999999,22.096400000000003,3.078,9.0084,10.7476,10.890799999999999,12.551,27.7428,46.673199999999994,15.047799999999999,21.4754,21.1674,13.7614,10.795,51.333,13.596200000000001,61.3158,25.3342,15.037799999999999,15.204799999999999,11.820799999999998,3.9028,41.8302,28.7256,32.109,0.0,60.3004,31.755200000000002,4.759399999999999,15.297
70544149,61.15,50.6656,50.652800000000006,46.8564,51.0236,60.5976,65.0162,78.6392,43.7614,73.046,55.5364,79.057,79.2164,82.9294,59.4556,58.532,56.02,78.7714,81.81039999999999,83.4628,8.053,79.5242,80.15180000000001,24.7796,82.5602,62.8172,58.844199999999994,72.6406,84.5956,55.8352,58.654199999999996,8.764,91.259,109.832,52.5096,54.142199999999995,61.8322,61.852199999999996,76.1852,11.999600000000001,54.1746,50.849199999999996,46.208800000000004,50.8806,81.9486,65.418,83.4132,76.441,57.8142,6.9152,98.9606,56.243,75.80680000000001,46.675599999999996,58.130199999999995,62.6968,62.412,82.0944,133.25979999999998,92.54360000000001,92.4914,85.2092,91.1108,53.191199999999995,76.26480000000001,49.977,65.87219999999999,86.9528,54.86,81.1898,83.15960000000001,26.1644,55.4418,70.3328,75.85560000000001,59.7308,58.1738,80.3028,61.2918,67.2148,56.5676,51.5462,56.9238,85.94919999999999,96.87360000000001,53.3412,79.68180000000001,49.2446,55.086,50.1518,109.5394,51.8898,14.363,83.54060000000001,53.331199999999995,72.3822,68.95819999999999,60.181599999999996,100.0366,48.659,89.95739999999999,59.0246,0.0,89.6034,58.410599999999995,49.3404
70548634,117.1048,44.4186,44.039,48.269400000000005,43.8864,32.4998,26.163400000000003,29.211,48.966,35.894800000000004,37.564800000000005,28.5708,29.3324,22.2344,32.0908,36.681400000000004,36.247,29.8652,10.3252,21.6002,84.41839999999999,13.166799999999999,29.110599999999998,97.05239999999999,24.8466,37.281400000000005,114.19319999999999,30.6466,22.931,37.416,33.423,81.748,2.14,53.6388,38.6192,35.740199999999994,29.4648,33.2102,13.7036,79.80760000000001,41.626400000000004,40.2594,46.831199999999995,41.7142,10.4636,31.5344,21.5504,31.0104,34.9056,83.943,37.098,35.4148,21.153200000000002,44.187599999999996,35.4856,34.0956,31.2366,10.609399999999999,43.934400000000004,3.4244,3.3722,19.4344,1.9915999999999998,40.6432,13.7834,44.103,31.988799999999998,25.2882,42.0492,31.761599999999998,21.495,95.6136,35.264199999999995,20.1238,21.202,34.299,34.836,30.874599999999997,32.690599999999996,27.3066,35.31,41.009,35.5234,18.191599999999998,35.011,45.166,26.7316,42.3296,36.733599999999996,40.913199999999996,52.9952,43.714400000000005,91.434,32.736200000000004,45.156,24.9608,24.602400000000003,31.1316,43.4922,44.704800000000006,2.0134000000000003,33.2022,89.6376,0.0,34.8776,45.4152
70556250,99.193,12.7806,12.401,16.6316,12.2486,2.926,11.420200000000001,25.043200000000002,17.328,19.45,5.1446000000000005,25.461,25.6204,29.3334,4.6064,1.8037999999999998,12.042399999999999,25.1754,26.5164,37.872800000000005,53.5614,31.2566,26.556,65.4144,28.9642,6.7474,96.2812,20.0736,30.999599999999997,10.9512,13.336200000000002,50.891,38.0212,56.2362,15.279,19.092599999999997,7.3191999999999995,14.3476,23.6582,48.9506,5.4814,25.2818,18.4046,10.0762,26.654799999999998,11.822,37.823,22.845,6.134600000000001,53.086,53.370599999999996,12.865,27.211,26.442400000000003,7.6776,4.4816,12.374,26.188200000000002,80.022,39.305800000000005,39.2534,31.613400000000002,37.873,9.0052,23.738,12.465,12.276200000000001,33.3568,8.1694,27.593799999999998,29.5638,63.9756,12.064,17.806,27.2596,2.4404,8.102,26.706799999999998,4.5898,13.619,9.228,9.371,11.3186,32.3532,51.2836,13.528,26.0858,20.9432,10.2624,9.2754,55.943400000000004,12.076600000000001,59.7962,29.944599999999998,13.518,19.8152,16.4314,5.203399999999999,46.440599999999996,27.206,36.7194,5.221,58.7806,36.3656,0.0,13.7772
70584255,93.5998,2.025,2.0122,4.949,2.383,15.759,20.177799999999998,33.800599999999996,11.7932,28.2076,10.697799999999999,34.218599999999995,34.378,38.091,14.6172,9.9306,13.8716,33.933,35.274,46.6304,45.3726,40.014,35.3134,57.2256,37.721599999999995,10.7702,90.688,28.831,39.757,11.627,18.950400000000002,42.7022,46.7786,67.1408,15.505600000000001,21.324,16.993599999999997,22.2754,32.4158,40.7618,6.302,19.691200000000002,12.814,5.826,35.4122,20.5794,46.5806,31.602400000000003,12.9758,44.8972,62.128,18.479200000000002,35.968599999999995,20.828400000000002,13.291799999999999,17.8582,20.3018,34.9456,88.7796,48.063199999999995,48.011,40.3708,46.6304,5.3188,32.495400000000004,5.0838,21.0338,42.1144,4.7783999999999995,36.3512,38.3212,55.7868,17.6782,26.5634,36.017199999999995,14.8924,12.5664,35.4642,16.453400000000002,22.3764,11.679200000000002,4.8042,13.7932,41.110800000000005,60.041199999999996,2.9124,34.843199999999996,19.6598,11.8192,6.369800000000001,66.84819999999999,1.723,51.6074,38.7022,2.9024,28.5728,25.1888,15.343,57.3454,22.811799999999998,45.477,14.186200000000001,50.591800000000006,45.123,13.572,0.0
